archive_member,isic_id,extension,file_size_bytes,image_format,width,height,mode,readable,error
ISIC_0024306.jpg,ISIC_0024306,.jpg,25247,JPEG,600,450,RGB,True,
ISIC_0024307.jpg,ISIC_0024307,.jpg,25066,JPEG,600,450,RGB,True,
ISIC_0024308.jpg,ISIC_0024308,.jpg,31404,JPEG,600,450,RGB,True,
ISIC_0024309.jpg,ISIC_0024309,.jpg,23751,JPEG,600,450,RGB,True,
ISIC_0024310.jpg,ISIC_0024310,.jpg,41120,JPEG,600,450,RGB,True,
ISIC_0024311.jpg,ISIC_0024311,.jpg,24590,JPEG,600,450,RGB,True,
ISIC_0024312.jpg,ISIC_0024312,.jpg,25730,JPEG,600,450,RGB,True,
ISIC_0024313.jpg,ISIC_0024313,.jpg,24395,JPEG,600,450,RGB,True,
ISIC_0024314.jpg,ISIC_0024314,.jpg,25026,JPEG,600,450,RGB,True,
ISIC_0024315.jpg,ISIC_0024315,.jpg,30003,JPEG,600,450,RGB,True,
ISIC_0024316.jpg,ISIC_0024316,.jpg,28203,JPEG,600,450,RGB,True,
ISIC_0024317.jpg,ISIC_0024317,.jpg,28270,JPEG,600,450,RGB,True,
ISIC_0024318.jpg,ISIC_0024318,.jpg,29105,JPEG,600,450,RGB,True,
ISIC_0024319.jpg,ISIC_0024319,.jpg,31474,JPEG,600,450,RGB,True,
ISIC_0024320.jpg,ISIC_0024320,.jpg,37798,JPEG,600,450,RGB,True,
ISIC_0024321.jpg,ISIC_0024321,.jpg,22927,JPEG,600,450,RGB,True,
ISIC_0024322.jpg,ISIC_0024322,.jpg,27705,JPEG,600,450,RGB,True,
ISIC_0024323.jpg,ISIC_0024323,.jpg,31609,JPEG,600,450,RGB,True,
ISIC_0024324.jpg,ISIC_0024324,.jpg,21231,JPEG,600,450,RGB,True,
ISIC_0024325.jpg,ISIC_0024325,.jpg,26997,JPEG,600,450,RGB,True,
ISIC_0024326.jpg,ISIC_0024326,.jpg,25954,JPEG,600,450,RGB,True,
ISIC_0024327.jpg,ISIC_0024327,.jpg,33862,JPEG,600,450,RGB,True,
ISIC_0024328.jpg,ISIC_0024328,.jpg,35840,JPEG,600,450,RGB,True,
ISIC_0024329.jpg,ISIC_0024329,.jpg,22066,JPEG,600,450,RGB,True,
ISIC_0024330.jpg,ISIC_0024330,.jpg,20457,JPEG,600,450,RGB,True,
ISIC_0024331.jpg,ISIC_0024331,.jpg,24804,JPEG,600,450,RGB,True,
ISIC_0024332.jpg,ISIC_0024332,.jpg,27149,JPEG,600,450,RGB,True,
ISIC_0024333.jpg,ISIC_0024333,.jpg,33935,JPEG,600,450,RGB,True,
ISIC_0024334.jpg,ISIC_0024334,.jpg,23174,JPEG,600,450,RGB,True,
ISIC_0024335.jpg,ISIC_0024335,.jpg,21068,JPEG,600,450,RGB,True,
ISIC_0024336.jpg,ISIC_0024336,.jpg,27618,JPEG,600,450,RGB,True,
ISIC_0024337.jpg,ISIC_0024337,.jpg,22077,JPEG,600,450,RGB,True,
ISIC_0024338.jpg,ISIC_0024338,.jpg,23104,JPEG,600,450,RGB,True,
ISIC_0024339.jpg,ISIC_0024339,.jpg,20850,JPEG,600,450,RGB,True,
ISIC_0024340.jpg,ISIC_0024340,.jpg,21290,JPEG,600,450,RGB,True,
ISIC_0024341.jpg,ISIC_0024341,.jpg,24707,JPEG,600,450,RGB,True,
ISIC_0024342.jpg,ISIC_0024342,.jpg,28434,JPEG,600,450,RGB,True,
ISIC_0024343.jpg,ISIC_0024343,.jpg,28736,JPEG,600,450,RGB,True,
ISIC_0024344.jpg,ISIC_0024344,.jpg,31172,JPEG,600,450,RGB,True,
ISIC_0024345.jpg,ISIC_0024345,.jpg,25350,JPEG,600,450,RGB,True,
ISIC_0024346.jpg,ISIC_0024346,.jpg,22142,JPEG,600,450,RGB,True,
ISIC_0024347.jpg,ISIC_0024347,.jpg,18755,JPEG,600,450,RGB,True,
ISIC_0024348.jpg,ISIC_0024348,.jpg,31222,JPEG,600,450,RGB,True,
ISIC_0024349.jpg,ISIC_0024349,.jpg,31590,JPEG,600,450,RGB,True,
ISIC_0024350.jpg,ISIC_0024350,.jpg,22444,JPEG,600,450,RGB,True,
ISIC_0024351.jpg,ISIC_0024351,.jpg,23841,JPEG,600,450,RGB,True,
ISIC_0024352.jpg,ISIC_0024352,.jpg,16772,JPEG,600,450,RGB,True,
ISIC_0024353.jpg,ISIC_0024353,.jpg,19771,JPEG,600,450,RGB,True,
ISIC_0024354.jpg,ISIC_0024354,.jpg,19024,JPEG,600,450,RGB,True,
ISIC_0024355.jpg,ISIC_0024355,.jpg,25791,JPEG,600,450,RGB,True,
ISIC_0024356.jpg,ISIC_0024356,.jpg,18089,JPEG,600,450,RGB,True,
ISIC_0024357.jpg,ISIC_0024357,.jpg,30147,JPEG,600,450,RGB,True,
ISIC_0024358.jpg,ISIC_0024358,.jpg,27403,JPEG,600,450,RGB,True,
ISIC_0024359.jpg,ISIC_0024359,.jpg,31691,JPEG,600,450,RGB,True,
ISIC_0024360.jpg,ISIC_0024360,.jpg,29619,JPEG,600,450,RGB,True,
ISIC_0024361.jpg,ISIC_0024361,.jpg,33105,JPEG,600,450,RGB,True,
ISIC_0024362.jpg,ISIC_0024362,.jpg,27396,JPEG,600,450,RGB,True,
ISIC_0024363.jpg,ISIC_0024363,.jpg,22621,JPEG,600,450,RGB,True,
ISIC_0024364.jpg,ISIC_0024364,.jpg,32486,JPEG,600,450,RGB,True,
ISIC_0024365.jpg,ISIC_0024365,.jpg,32545,JPEG,600,450,RGB,True,
ISIC_0024366.jpg,ISIC_0024366,.jpg,25591,JPEG,600,450,RGB,True,
ISIC_0024367.jpg,ISIC_0024367,.jpg,30904,JPEG,600,450,RGB,True,
ISIC_0024368.jpg,ISIC_0024368,.jpg,33119,JPEG,600,450,RGB,True,
ISIC_0024369.jpg,ISIC_0024369,.jpg,33480,JPEG,600,450,RGB,True,
ISIC_0024370.jpg,ISIC_0024370,.jpg,25371,JPEG,600,450,RGB,True,
ISIC_0024371.jpg,ISIC_0024371,.jpg,27994,JPEG,600,450,RGB,True,
ISIC_0024372.jpg,ISIC_0024372,.jpg,29678,JPEG,600,450,RGB,True,
ISIC_0024373.jpg,ISIC_0024373,.jpg,23431,JPEG,600,450,RGB,True,
ISIC_0024374.jpg,ISIC_0024374,.jpg,35285,JPEG,600,450,RGB,True,
ISIC_0024375.jpg,ISIC_0024375,.jpg,23468,JPEG,600,450,RGB,True,
ISIC_0024376.jpg,ISIC_0024376,.jpg,31970,JPEG,600,450,RGB,True,
ISIC_0024377.jpg,ISIC_0024377,.jpg,22212,JPEG,600,450,RGB,True,
ISIC_0024378.jpg,ISIC_0024378,.jpg,16263,JPEG,600,450,RGB,True,
ISIC_0024379.jpg,ISIC_0024379,.jpg,24454,JPEG,600,450,RGB,True,
ISIC_0024380.jpg,ISIC_0024380,.jpg,19809,JPEG,600,450,RGB,True,
ISIC_0024381.jpg,ISIC_0024381,.jpg,27525,JPEG,600,450,RGB,True,
ISIC_0024382.jpg,ISIC_0024382,.jpg,34058,JPEG,600,450,RGB,True,
ISIC_0024383.jpg,ISIC_0024383,.jpg,27032,JPEG,600,450,RGB,True,
ISIC_0024384.jpg,ISIC_0024384,.jpg,32710,JPEG,600,450,RGB,True,
ISIC_0024385.jpg,ISIC_0024385,.jpg,22484,JPEG,600,450,RGB,True,
ISIC_0024386.jpg,ISIC_0024386,.jpg,34613,JPEG,600,450,RGB,True,
ISIC_0024387.jpg,ISIC_0024387,.jpg,31893,JPEG,600,450,RGB,True,
ISIC_0024388.jpg,ISIC_0024388,.jpg,24533,JPEG,600,450,RGB,True,
ISIC_0024389.jpg,ISIC_0024389,.jpg,26286,JPEG,600,450,RGB,True,
ISIC_0024390.jpg,ISIC_0024390,.jpg,29357,JPEG,600,450,RGB,True,
ISIC_0024391.jpg,ISIC_0024391,.jpg,25594,JPEG,600,450,RGB,True,
ISIC_0024392.jpg,ISIC_0024392,.jpg,23394,JPEG,600,450,RGB,True,
ISIC_0024393.jpg,ISIC_0024393,.jpg,21397,JPEG,600,450,RGB,True,
ISIC_0024394.jpg,ISIC_0024394,.jpg,29270,JPEG,600,450,RGB,True,
ISIC_0024395.jpg,ISIC_0024395,.jpg,20729,JPEG,600,450,RGB,True,
ISIC_0024396.jpg,ISIC_0024396,.jpg,33073,JPEG,600,450,RGB,True,
ISIC_0024397.jpg,ISIC_0024397,.jpg,35289,JPEG,600,450,RGB,True,
ISIC_0024398.jpg,ISIC_0024398,.jpg,23828,JPEG,600,450,RGB,True,
ISIC_0024399.jpg,ISIC_0024399,.jpg,25400,JPEG,600,450,RGB,True,
ISIC_0024400.jpg,ISIC_0024400,.jpg,35488,JPEG,600,450,RGB,True,
ISIC_0024401.jpg,ISIC_0024401,.jpg,23708,JPEG,600,450,RGB,True,
ISIC_0024402.jpg,ISIC_0024402,.jpg,21988,JPEG,600,450,RGB,True,
ISIC_0024403.jpg,ISIC_0024403,.jpg,34803,JPEG,600,450,RGB,True,
ISIC_0024404.jpg,ISIC_0024404,.jpg,23078,JPEG,600,450,RGB,True,
ISIC_0024405.jpg,ISIC_0024405,.jpg,19570,JPEG,600,450,RGB,True,
ISIC_0024406.jpg,ISIC_0024406,.jpg,25087,JPEG,600,450,RGB,True,
ISIC_0024407.jpg,ISIC_0024407,.jpg,28691,JPEG,600,450,RGB,True,
ISIC_0024408.jpg,ISIC_0024408,.jpg,29209,JPEG,600,450,RGB,True,
ISIC_0024409.jpg,ISIC_0024409,.jpg,28672,JPEG,600,450,RGB,True,
ISIC_0024410.jpg,ISIC_0024410,.jpg,30753,JPEG,600,450,RGB,True,
ISIC_0024411.jpg,ISIC_0024411,.jpg,36724,JPEG,600,450,RGB,True,
ISIC_0024412.jpg,ISIC_0024412,.jpg,25763,JPEG,600,450,RGB,True,
ISIC_0024413.jpg,ISIC_0024413,.jpg,24512,JPEG,600,450,RGB,True,
ISIC_0024414.jpg,ISIC_0024414,.jpg,24630,JPEG,600,450,RGB,True,
ISIC_0024415.jpg,ISIC_0024415,.jpg,29971,JPEG,600,450,RGB,True,
ISIC_0024416.jpg,ISIC_0024416,.jpg,27754,JPEG,600,450,RGB,True,
ISIC_0024417.jpg,ISIC_0024417,.jpg,28395,JPEG,600,450,RGB,True,
ISIC_0024418.jpg,ISIC_0024418,.jpg,20710,JPEG,600,450,RGB,True,
ISIC_0024419.jpg,ISIC_0024419,.jpg,23039,JPEG,600,450,RGB,True,
ISIC_0024420.jpg,ISIC_0024420,.jpg,38265,JPEG,600,450,RGB,True,
ISIC_0024421.jpg,ISIC_0024421,.jpg,48863,JPEG,600,450,RGB,True,
ISIC_0024422.jpg,ISIC_0024422,.jpg,21404,JPEG,600,450,RGB,True,
ISIC_0024423.jpg,ISIC_0024423,.jpg,23360,JPEG,600,450,RGB,True,
ISIC_0024424.jpg,ISIC_0024424,.jpg,35208,JPEG,600,450,RGB,True,
ISIC_0024425.jpg,ISIC_0024425,.jpg,26102,JPEG,600,450,RGB,True,
ISIC_0024426.jpg,ISIC_0024426,.jpg,32475,JPEG,600,450,RGB,True,
ISIC_0024427.jpg,ISIC_0024427,.jpg,24748,JPEG,600,450,RGB,True,
ISIC_0024428.jpg,ISIC_0024428,.jpg,30104,JPEG,600,450,RGB,True,
ISIC_0024429.jpg,ISIC_0024429,.jpg,33827,JPEG,600,450,RGB,True,
ISIC_0024430.jpg,ISIC_0024430,.jpg,27155,JPEG,600,450,RGB,True,
ISIC_0024431.jpg,ISIC_0024431,.jpg,32227,JPEG,600,450,RGB,True,
ISIC_0024432.jpg,ISIC_0024432,.jpg,26293,JPEG,600,450,RGB,True,
ISIC_0024433.jpg,ISIC_0024433,.jpg,27073,JPEG,600,450,RGB,True,
ISIC_0024434.jpg,ISIC_0024434,.jpg,19382,JPEG,600,450,RGB,True,
ISIC_0024435.jpg,ISIC_0024435,.jpg,30300,JPEG,600,450,RGB,True,
ISIC_0024436.jpg,ISIC_0024436,.jpg,18222,JPEG,600,450,RGB,True,
ISIC_0024437.jpg,ISIC_0024437,.jpg,22534,JPEG,600,450,RGB,True,
ISIC_0024438.jpg,ISIC_0024438,.jpg,24913,JPEG,600,450,RGB,True,
ISIC_0024439.jpg,ISIC_0024439,.jpg,32224,JPEG,600,450,RGB,True,
ISIC_0024440.jpg,ISIC_0024440,.jpg,26135,JPEG,600,450,RGB,True,
ISIC_0024441.jpg,ISIC_0024441,.jpg,22008,JPEG,600,450,RGB,True,
ISIC_0024442.jpg,ISIC_0024442,.jpg,22929,JPEG,600,450,RGB,True,
ISIC_0024443.jpg,ISIC_0024443,.jpg,26083,JPEG,600,450,RGB,True,
ISIC_0024444.jpg,ISIC_0024444,.jpg,29853,JPEG,600,450,RGB,True,
ISIC_0024445.jpg,ISIC_0024445,.jpg,26045,JPEG,600,450,RGB,True,
ISIC_0024446.jpg,ISIC_0024446,.jpg,29630,JPEG,600,450,RGB,True,
ISIC_0024447.jpg,ISIC_0024447,.jpg,26545,JPEG,600,450,RGB,True,
ISIC_0024448.jpg,ISIC_0024448,.jpg,24309,JPEG,600,450,RGB,True,
ISIC_0024449.jpg,ISIC_0024449,.jpg,39735,JPEG,600,450,RGB,True,
ISIC_0024450.jpg,ISIC_0024450,.jpg,30974,JPEG,600,450,RGB,True,
ISIC_0024451.jpg,ISIC_0024451,.jpg,27578,JPEG,600,450,RGB,True,
ISIC_0024452.jpg,ISIC_0024452,.jpg,21703,JPEG,600,450,RGB,True,
ISIC_0024453.jpg,ISIC_0024453,.jpg,33605,JPEG,600,450,RGB,True,
ISIC_0024454.jpg,ISIC_0024454,.jpg,23664,JPEG,600,450,RGB,True,
ISIC_0024455.jpg,ISIC_0024455,.jpg,21224,JPEG,600,450,RGB,True,
ISIC_0024456.jpg,ISIC_0024456,.jpg,24886,JPEG,600,450,RGB,True,
ISIC_0024457.jpg,ISIC_0024457,.jpg,40294,JPEG,600,450,RGB,True,
ISIC_0024458.jpg,ISIC_0024458,.jpg,38532,JPEG,600,450,RGB,True,
ISIC_0024459.jpg,ISIC_0024459,.jpg,34264,JPEG,600,450,RGB,True,
ISIC_0024460.jpg,ISIC_0024460,.jpg,28648,JPEG,600,450,RGB,True,
ISIC_0024461.jpg,ISIC_0024461,.jpg,23719,JPEG,600,450,RGB,True,
ISIC_0024462.jpg,ISIC_0024462,.jpg,34942,JPEG,600,450,RGB,True,
ISIC_0024463.jpg,ISIC_0024463,.jpg,25947,JPEG,600,450,RGB,True,
ISIC_0024464.jpg,ISIC_0024464,.jpg,24495,JPEG,600,450,RGB,True,
ISIC_0024465.jpg,ISIC_0024465,.jpg,32765,JPEG,600,450,RGB,True,
ISIC_0024466.jpg,ISIC_0024466,.jpg,28461,JPEG,600,450,RGB,True,
ISIC_0024467.jpg,ISIC_0024467,.jpg,33089,JPEG,600,450,RGB,True,
ISIC_0024468.jpg,ISIC_0024468,.jpg,31907,JPEG,600,450,RGB,True,
ISIC_0024469.jpg,ISIC_0024469,.jpg,21700,JPEG,600,450,RGB,True,
ISIC_0024470.jpg,ISIC_0024470,.jpg,30723,JPEG,600,450,RGB,True,
ISIC_0024471.jpg,ISIC_0024471,.jpg,24307,JPEG,600,450,RGB,True,
ISIC_0024472.jpg,ISIC_0024472,.jpg,28929,JPEG,600,450,RGB,True,
ISIC_0024473.jpg,ISIC_0024473,.jpg,46942,JPEG,600,450,RGB,True,
ISIC_0024474.jpg,ISIC_0024474,.jpg,26638,JPEG,600,450,RGB,True,
ISIC_0024475.jpg,ISIC_0024475,.jpg,33579,JPEG,600,450,RGB,True,
ISIC_0024476.jpg,ISIC_0024476,.jpg,30030,JPEG,600,450,RGB,True,
ISIC_0024477.jpg,ISIC_0024477,.jpg,28383,JPEG,600,450,RGB,True,
ISIC_0024478.jpg,ISIC_0024478,.jpg,20238,JPEG,600,450,RGB,True,
ISIC_0024479.jpg,ISIC_0024479,.jpg,22994,JPEG,600,450,RGB,True,
ISIC_0024480.jpg,ISIC_0024480,.jpg,26225,JPEG,600,450,RGB,True,
ISIC_0024481.jpg,ISIC_0024481,.jpg,20732,JPEG,600,450,RGB,True,
ISIC_0024482.jpg,ISIC_0024482,.jpg,32727,JPEG,600,450,RGB,True,
ISIC_0024483.jpg,ISIC_0024483,.jpg,26252,JPEG,600,450,RGB,True,
ISIC_0024484.jpg,ISIC_0024484,.jpg,27420,JPEG,600,450,RGB,True,
ISIC_0024485.jpg,ISIC_0024485,.jpg,26515,JPEG,600,450,RGB,True,
ISIC_0024486.jpg,ISIC_0024486,.jpg,21602,JPEG,600,450,RGB,True,
ISIC_0024487.jpg,ISIC_0024487,.jpg,23392,JPEG,600,450,RGB,True,
ISIC_0024488.jpg,ISIC_0024488,.jpg,24159,JPEG,600,450,RGB,True,
ISIC_0024489.jpg,ISIC_0024489,.jpg,26178,JPEG,600,450,RGB,True,
ISIC_0024490.jpg,ISIC_0024490,.jpg,32697,JPEG,600,450,RGB,True,
ISIC_0024491.jpg,ISIC_0024491,.jpg,36669,JPEG,600,450,RGB,True,
ISIC_0024492.jpg,ISIC_0024492,.jpg,32365,JPEG,600,450,RGB,True,
ISIC_0024493.jpg,ISIC_0024493,.jpg,32154,JPEG,600,450,RGB,True,
ISIC_0024494.jpg,ISIC_0024494,.jpg,23094,JPEG,600,450,RGB,True,
ISIC_0024495.jpg,ISIC_0024495,.jpg,18322,JPEG,600,450,RGB,True,
ISIC_0024496.jpg,ISIC_0024496,.jpg,28972,JPEG,600,450,RGB,True,
ISIC_0024497.jpg,ISIC_0024497,.jpg,19853,JPEG,600,450,RGB,True,
ISIC_0024498.jpg,ISIC_0024498,.jpg,33249,JPEG,600,450,RGB,True,
ISIC_0024499.jpg,ISIC_0024499,.jpg,27585,JPEG,600,450,RGB,True,
ISIC_0024500.jpg,ISIC_0024500,.jpg,23205,JPEG,600,450,RGB,True,
ISIC_0024501.jpg,ISIC_0024501,.jpg,34530,JPEG,600,450,RGB,True,
ISIC_0024502.jpg,ISIC_0024502,.jpg,23997,JPEG,600,450,RGB,True,
ISIC_0024503.jpg,ISIC_0024503,.jpg,24387,JPEG,600,450,RGB,True,
ISIC_0024504.jpg,ISIC_0024504,.jpg,35718,JPEG,600,450,RGB,True,
ISIC_0024505.jpg,ISIC_0024505,.jpg,25310,JPEG,600,450,RGB,True,
ISIC_0024506.jpg,ISIC_0024506,.jpg,23091,JPEG,600,450,RGB,True,
ISIC_0024507.jpg,ISIC_0024507,.jpg,23190,JPEG,600,450,RGB,True,
ISIC_0024508.jpg,ISIC_0024508,.jpg,34776,JPEG,600,450,RGB,True,
ISIC_0024509.jpg,ISIC_0024509,.jpg,22124,JPEG,600,450,RGB,True,
ISIC_0024510.jpg,ISIC_0024510,.jpg,23972,JPEG,600,450,RGB,True,
ISIC_0024511.jpg,ISIC_0024511,.jpg,23980,JPEG,600,450,RGB,True,
ISIC_0024512.jpg,ISIC_0024512,.jpg,23439,JPEG,600,450,RGB,True,
ISIC_0024513.jpg,ISIC_0024513,.jpg,24754,JPEG,600,450,RGB,True,
ISIC_0024514.jpg,ISIC_0024514,.jpg,22619,JPEG,600,450,RGB,True,
ISIC_0024515.jpg,ISIC_0024515,.jpg,32721,JPEG,600,450,RGB,True,
ISIC_0024516.jpg,ISIC_0024516,.jpg,29520,JPEG,600,450,RGB,True,
ISIC_0024517.jpg,ISIC_0024517,.jpg,32029,JPEG,600,450,RGB,True,
ISIC_0024518.jpg,ISIC_0024518,.jpg,32799,JPEG,600,450,RGB,True,
ISIC_0024519.jpg,ISIC_0024519,.jpg,27904,JPEG,600,450,RGB,True,
ISIC_0024520.jpg,ISIC_0024520,.jpg,32205,JPEG,600,450,RGB,True,
ISIC_0024521.jpg,ISIC_0024521,.jpg,24258,JPEG,600,450,RGB,True,
ISIC_0024522.jpg,ISIC_0024522,.jpg,22301,JPEG,600,450,RGB,True,
ISIC_0024523.jpg,ISIC_0024523,.jpg,33005,JPEG,600,450,RGB,True,
ISIC_0024524.jpg,ISIC_0024524,.jpg,30240,JPEG,600,450,RGB,True,
ISIC_0024525.jpg,ISIC_0024525,.jpg,36260,JPEG,600,450,RGB,True,
ISIC_0024526.jpg,ISIC_0024526,.jpg,30121,JPEG,600,450,RGB,True,
ISIC_0024527.jpg,ISIC_0024527,.jpg,33544,JPEG,600,450,RGB,True,
ISIC_0024528.jpg,ISIC_0024528,.jpg,23132,JPEG,600,450,RGB,True,
ISIC_0024529.jpg,ISIC_0024529,.jpg,37306,JPEG,600,450,RGB,True,
ISIC_0024530.jpg,ISIC_0024530,.jpg,32763,JPEG,600,450,RGB,True,
ISIC_0024531.jpg,ISIC_0024531,.jpg,36045,JPEG,600,450,RGB,True,
ISIC_0024532.jpg,ISIC_0024532,.jpg,27534,JPEG,600,450,RGB,True,
ISIC_0024533.jpg,ISIC_0024533,.jpg,23190,JPEG,600,450,RGB,True,
ISIC_0024534.jpg,ISIC_0024534,.jpg,36411,JPEG,600,450,RGB,True,
ISIC_0024535.jpg,ISIC_0024535,.jpg,34629,JPEG,600,450,RGB,True,
ISIC_0024536.jpg,ISIC_0024536,.jpg,28036,JPEG,600,450,RGB,True,
ISIC_0024537.jpg,ISIC_0024537,.jpg,27416,JPEG,600,450,RGB,True,
ISIC_0024538.jpg,ISIC_0024538,.jpg,40194,JPEG,600,450,RGB,True,
ISIC_0024539.jpg,ISIC_0024539,.jpg,27474,JPEG,600,450,RGB,True,
ISIC_0024540.jpg,ISIC_0024540,.jpg,19000,JPEG,600,450,RGB,True,
ISIC_0024541.jpg,ISIC_0024541,.jpg,28117,JPEG,600,450,RGB,True,
ISIC_0024542.jpg,ISIC_0024542,.jpg,25875,JPEG,600,450,RGB,True,
ISIC_0024543.jpg,ISIC_0024543,.jpg,33488,JPEG,600,450,RGB,True,
ISIC_0024544.jpg,ISIC_0024544,.jpg,29313,JPEG,600,450,RGB,True,
ISIC_0024545.jpg,ISIC_0024545,.jpg,41971,JPEG,600,450,RGB,True,
ISIC_0024546.jpg,ISIC_0024546,.jpg,24884,JPEG,600,450,RGB,True,
ISIC_0024547.jpg,ISIC_0024547,.jpg,29656,JPEG,600,450,RGB,True,
ISIC_0024548.jpg,ISIC_0024548,.jpg,29542,JPEG,600,450,RGB,True,
ISIC_0024549.jpg,ISIC_0024549,.jpg,23575,JPEG,600,450,RGB,True,
ISIC_0024550.jpg,ISIC_0024550,.jpg,30125,JPEG,600,450,RGB,True,
ISIC_0024551.jpg,ISIC_0024551,.jpg,25669,JPEG,600,450,RGB,True,
ISIC_0024552.jpg,ISIC_0024552,.jpg,32672,JPEG,600,450,RGB,True,
ISIC_0024553.jpg,ISIC_0024553,.jpg,36184,JPEG,600,450,RGB,True,
ISIC_0024554.jpg,ISIC_0024554,.jpg,28814,JPEG,600,450,RGB,True,
ISIC_0024555.jpg,ISIC_0024555,.jpg,17042,JPEG,600,450,RGB,True,
ISIC_0024556.jpg,ISIC_0024556,.jpg,25716,JPEG,600,450,RGB,True,
ISIC_0024557.jpg,ISIC_0024557,.jpg,24674,JPEG,600,450,RGB,True,
ISIC_0024558.jpg,ISIC_0024558,.jpg,27503,JPEG,600,450,RGB,True,
ISIC_0024559.jpg,ISIC_0024559,.jpg,26125,JPEG,600,450,RGB,True,
ISIC_0024560.jpg,ISIC_0024560,.jpg,24565,JPEG,600,450,RGB,True,
ISIC_0024561.jpg,ISIC_0024561,.jpg,15744,JPEG,600,450,RGB,True,
ISIC_0024562.jpg,ISIC_0024562,.jpg,38020,JPEG,600,450,RGB,True,
ISIC_0024563.jpg,ISIC_0024563,.jpg,24148,JPEG,600,450,RGB,True,
ISIC_0024564.jpg,ISIC_0024564,.jpg,21772,JPEG,600,450,RGB,True,
ISIC_0024565.jpg,ISIC_0024565,.jpg,31581,JPEG,600,450,RGB,True,
ISIC_0024566.jpg,ISIC_0024566,.jpg,26627,JPEG,600,450,RGB,True,
ISIC_0024567.jpg,ISIC_0024567,.jpg,24261,JPEG,600,450,RGB,True,
ISIC_0024568.jpg,ISIC_0024568,.jpg,20842,JPEG,600,450,RGB,True,
ISIC_0024569.jpg,ISIC_0024569,.jpg,27778,JPEG,600,450,RGB,True,
ISIC_0024570.jpg,ISIC_0024570,.jpg,22885,JPEG,600,450,RGB,True,
ISIC_0024571.jpg,ISIC_0024571,.jpg,28971,JPEG,600,450,RGB,True,
ISIC_0024572.jpg,ISIC_0024572,.jpg,25280,JPEG,600,450,RGB,True,
ISIC_0024573.jpg,ISIC_0024573,.jpg,17998,JPEG,600,450,RGB,True,
ISIC_0024574.jpg,ISIC_0024574,.jpg,22084,JPEG,600,450,RGB,True,
ISIC_0024575.jpg,ISIC_0024575,.jpg,38030,JPEG,600,450,RGB,True,
ISIC_0024576.jpg,ISIC_0024576,.jpg,22777,JPEG,600,450,RGB,True,
ISIC_0024577.jpg,ISIC_0024577,.jpg,29195,JPEG,600,450,RGB,True,
ISIC_0024578.jpg,ISIC_0024578,.jpg,19226,JPEG,600,450,RGB,True,
ISIC_0024579.jpg,ISIC_0024579,.jpg,24923,JPEG,600,450,RGB,True,
ISIC_0024580.jpg,ISIC_0024580,.jpg,31092,JPEG,600,450,RGB,True,
ISIC_0024581.jpg,ISIC_0024581,.jpg,32509,JPEG,600,450,RGB,True,
ISIC_0024582.jpg,ISIC_0024582,.jpg,28228,JPEG,600,450,RGB,True,
ISIC_0024583.jpg,ISIC_0024583,.jpg,25586,JPEG,600,450,RGB,True,
ISIC_0024584.jpg,ISIC_0024584,.jpg,31731,JPEG,600,450,RGB,True,
ISIC_0024585.jpg,ISIC_0024585,.jpg,24846,JPEG,600,450,RGB,True,
ISIC_0024586.jpg,ISIC_0024586,.jpg,27362,JPEG,600,450,RGB,True,
ISIC_0024587.jpg,ISIC_0024587,.jpg,34626,JPEG,600,450,RGB,True,
ISIC_0024588.jpg,ISIC_0024588,.jpg,26781,JPEG,600,450,RGB,True,
ISIC_0024589.jpg,ISIC_0024589,.jpg,28577,JPEG,600,450,RGB,True,
ISIC_0024590.jpg,ISIC_0024590,.jpg,24504,JPEG,600,450,RGB,True,
ISIC_0024591.jpg,ISIC_0024591,.jpg,24645,JPEG,600,450,RGB,True,
ISIC_0024592.jpg,ISIC_0024592,.jpg,30862,JPEG,600,450,RGB,True,
ISIC_0024593.jpg,ISIC_0024593,.jpg,31521,JPEG,600,450,RGB,True,
ISIC_0024594.jpg,ISIC_0024594,.jpg,22479,JPEG,600,450,RGB,True,
ISIC_0024595.jpg,ISIC_0024595,.jpg,25486,JPEG,600,450,RGB,True,
ISIC_0024596.jpg,ISIC_0024596,.jpg,25441,JPEG,600,450,RGB,True,
ISIC_0024597.jpg,ISIC_0024597,.jpg,18399,JPEG,600,450,RGB,True,
ISIC_0024598.jpg,ISIC_0024598,.jpg,34266,JPEG,600,450,RGB,True,
ISIC_0024599.jpg,ISIC_0024599,.jpg,19329,JPEG,600,450,RGB,True,
ISIC_0024600.jpg,ISIC_0024600,.jpg,23132,JPEG,600,450,RGB,True,
ISIC_0024601.jpg,ISIC_0024601,.jpg,26832,JPEG,600,450,RGB,True,
ISIC_0024602.jpg,ISIC_0024602,.jpg,23291,JPEG,600,450,RGB,True,
ISIC_0024603.jpg,ISIC_0024603,.jpg,23426,JPEG,600,450,RGB,True,
ISIC_0024604.jpg,ISIC_0024604,.jpg,31632,JPEG,600,450,RGB,True,
ISIC_0024605.jpg,ISIC_0024605,.jpg,26886,JPEG,600,450,RGB,True,
ISIC_0024606.jpg,ISIC_0024606,.jpg,28506,JPEG,600,450,RGB,True,
ISIC_0024607.jpg,ISIC_0024607,.jpg,22244,JPEG,600,450,RGB,True,
ISIC_0024608.jpg,ISIC_0024608,.jpg,35337,JPEG,600,450,RGB,True,
ISIC_0024609.jpg,ISIC_0024609,.jpg,25424,JPEG,600,450,RGB,True,
ISIC_0024610.jpg,ISIC_0024610,.jpg,24629,JPEG,600,450,RGB,True,
ISIC_0024611.jpg,ISIC_0024611,.jpg,27472,JPEG,600,450,RGB,True,
ISIC_0024612.jpg,ISIC_0024612,.jpg,21093,JPEG,600,450,RGB,True,
ISIC_0024613.jpg,ISIC_0024613,.jpg,27865,JPEG,600,450,RGB,True,
ISIC_0024614.jpg,ISIC_0024614,.jpg,21939,JPEG,600,450,RGB,True,
ISIC_0024615.jpg,ISIC_0024615,.jpg,22533,JPEG,600,450,RGB,True,
ISIC_0024616.jpg,ISIC_0024616,.jpg,33417,JPEG,600,450,RGB,True,
ISIC_0024617.jpg,ISIC_0024617,.jpg,38060,JPEG,600,450,RGB,True,
ISIC_0024618.jpg,ISIC_0024618,.jpg,25382,JPEG,600,450,RGB,True,
ISIC_0024619.jpg,ISIC_0024619,.jpg,24520,JPEG,600,450,RGB,True,
ISIC_0024620.jpg,ISIC_0024620,.jpg,18477,JPEG,600,450,RGB,True,
ISIC_0024621.jpg,ISIC_0024621,.jpg,30740,JPEG,600,450,RGB,True,
ISIC_0024622.jpg,ISIC_0024622,.jpg,25003,JPEG,600,450,RGB,True,
ISIC_0024623.jpg,ISIC_0024623,.jpg,42037,JPEG,600,450,RGB,True,
ISIC_0024624.jpg,ISIC_0024624,.jpg,29759,JPEG,600,450,RGB,True,
ISIC_0024625.jpg,ISIC_0024625,.jpg,21850,JPEG,600,450,RGB,True,
ISIC_0024626.jpg,ISIC_0024626,.jpg,38128,JPEG,600,450,RGB,True,
ISIC_0024627.jpg,ISIC_0024627,.jpg,25107,JPEG,600,450,RGB,True,
ISIC_0024628.jpg,ISIC_0024628,.jpg,17812,JPEG,600,450,RGB,True,
ISIC_0024629.jpg,ISIC_0024629,.jpg,23752,JPEG,600,450,RGB,True,
ISIC_0024630.jpg,ISIC_0024630,.jpg,45435,JPEG,600,450,RGB,True,
ISIC_0024631.jpg,ISIC_0024631,.jpg,26512,JPEG,600,450,RGB,True,
ISIC_0024632.jpg,ISIC_0024632,.jpg,25052,JPEG,600,450,RGB,True,
ISIC_0024633.jpg,ISIC_0024633,.jpg,30309,JPEG,600,450,RGB,True,
ISIC_0024634.jpg,ISIC_0024634,.jpg,31285,JPEG,600,450,RGB,True,
ISIC_0024635.jpg,ISIC_0024635,.jpg,24245,JPEG,600,450,RGB,True,
ISIC_0024636.jpg,ISIC_0024636,.jpg,34290,JPEG,600,450,RGB,True,
ISIC_0024637.jpg,ISIC_0024637,.jpg,24912,JPEG,600,450,RGB,True,
ISIC_0024638.jpg,ISIC_0024638,.jpg,27023,JPEG,600,450,RGB,True,
ISIC_0024639.jpg,ISIC_0024639,.jpg,26646,JPEG,600,450,RGB,True,
ISIC_0024640.jpg,ISIC_0024640,.jpg,33008,JPEG,600,450,RGB,True,
ISIC_0024641.jpg,ISIC_0024641,.jpg,25740,JPEG,600,450,RGB,True,
ISIC_0024642.jpg,ISIC_0024642,.jpg,19301,JPEG,600,450,RGB,True,
ISIC_0024643.jpg,ISIC_0024643,.jpg,21470,JPEG,600,450,RGB,True,
ISIC_0024644.jpg,ISIC_0024644,.jpg,26244,JPEG,600,450,RGB,True,
ISIC_0024645.jpg,ISIC_0024645,.jpg,25430,JPEG,600,450,RGB,True,
ISIC_0024646.jpg,ISIC_0024646,.jpg,23093,JPEG,600,450,RGB,True,
ISIC_0024647.jpg,ISIC_0024647,.jpg,26284,JPEG,600,450,RGB,True,
ISIC_0024648.jpg,ISIC_0024648,.jpg,23954,JPEG,600,450,RGB,True,
ISIC_0024649.jpg,ISIC_0024649,.jpg,24551,JPEG,600,450,RGB,True,
ISIC_0024650.jpg,ISIC_0024650,.jpg,26226,JPEG,600,450,RGB,True,
ISIC_0024651.jpg,ISIC_0024651,.jpg,29436,JPEG,600,450,RGB,True,
ISIC_0024652.jpg,ISIC_0024652,.jpg,35051,JPEG,600,450,RGB,True,
ISIC_0024653.jpg,ISIC_0024653,.jpg,37333,JPEG,600,450,RGB,True,
ISIC_0024654.jpg,ISIC_0024654,.jpg,30160,JPEG,600,450,RGB,True,
ISIC_0024655.jpg,ISIC_0024655,.jpg,27415,JPEG,600,450,RGB,True,
ISIC_0024656.jpg,ISIC_0024656,.jpg,27958,JPEG,600,450,RGB,True,
ISIC_0024657.jpg,ISIC_0024657,.jpg,20305,JPEG,600,450,RGB,True,
ISIC_0024658.jpg,ISIC_0024658,.jpg,27737,JPEG,600,450,RGB,True,
ISIC_0024659.jpg,ISIC_0024659,.jpg,34315,JPEG,600,450,RGB,True,
ISIC_0024660.jpg,ISIC_0024660,.jpg,23599,JPEG,600,450,RGB,True,
ISIC_0024661.jpg,ISIC_0024661,.jpg,30555,JPEG,600,450,RGB,True,
ISIC_0024662.jpg,ISIC_0024662,.jpg,28640,JPEG,600,450,RGB,True,
ISIC_0024663.jpg,ISIC_0024663,.jpg,19075,JPEG,600,450,RGB,True,
ISIC_0024664.jpg,ISIC_0024664,.jpg,23478,JPEG,600,450,RGB,True,
ISIC_0024665.jpg,ISIC_0024665,.jpg,23832,JPEG,600,450,RGB,True,
ISIC_0024666.jpg,ISIC_0024666,.jpg,32030,JPEG,600,450,RGB,True,
ISIC_0024667.jpg,ISIC_0024667,.jpg,25946,JPEG,600,450,RGB,True,
ISIC_0024668.jpg,ISIC_0024668,.jpg,42863,JPEG,600,450,RGB,True,
ISIC_0024669.jpg,ISIC_0024669,.jpg,24611,JPEG,600,450,RGB,True,
ISIC_0024670.jpg,ISIC_0024670,.jpg,20640,JPEG,600,450,RGB,True,
ISIC_0024671.jpg,ISIC_0024671,.jpg,22188,JPEG,600,450,RGB,True,
ISIC_0024672.jpg,ISIC_0024672,.jpg,32199,JPEG,600,450,RGB,True,
ISIC_0024673.jpg,ISIC_0024673,.jpg,26585,JPEG,600,450,RGB,True,
ISIC_0024674.jpg,ISIC_0024674,.jpg,33037,JPEG,600,450,RGB,True,
ISIC_0024675.jpg,ISIC_0024675,.jpg,29404,JPEG,600,450,RGB,True,
ISIC_0024676.jpg,ISIC_0024676,.jpg,27528,JPEG,600,450,RGB,True,
ISIC_0024677.jpg,ISIC_0024677,.jpg,29878,JPEG,600,450,RGB,True,
ISIC_0024678.jpg,ISIC_0024678,.jpg,21823,JPEG,600,450,RGB,True,
ISIC_0024679.jpg,ISIC_0024679,.jpg,42202,JPEG,600,450,RGB,True,
ISIC_0024680.jpg,ISIC_0024680,.jpg,17811,JPEG,600,450,RGB,True,
ISIC_0024681.jpg,ISIC_0024681,.jpg,25338,JPEG,600,450,RGB,True,
ISIC_0024682.jpg,ISIC_0024682,.jpg,34931,JPEG,600,450,RGB,True,
ISIC_0024683.jpg,ISIC_0024683,.jpg,25780,JPEG,600,450,RGB,True,
ISIC_0024684.jpg,ISIC_0024684,.jpg,35547,JPEG,600,450,RGB,True,
ISIC_0024685.jpg,ISIC_0024685,.jpg,27197,JPEG,600,450,RGB,True,
ISIC_0024686.jpg,ISIC_0024686,.jpg,21445,JPEG,600,450,RGB,True,
ISIC_0024687.jpg,ISIC_0024687,.jpg,24322,JPEG,600,450,RGB,True,
ISIC_0024688.jpg,ISIC_0024688,.jpg,26913,JPEG,600,450,RGB,True,
ISIC_0024689.jpg,ISIC_0024689,.jpg,27147,JPEG,600,450,RGB,True,
ISIC_0024690.jpg,ISIC_0024690,.jpg,31300,JPEG,600,450,RGB,True,
ISIC_0024691.jpg,ISIC_0024691,.jpg,24209,JPEG,600,450,RGB,True,
ISIC_0024692.jpg,ISIC_0024692,.jpg,34135,JPEG,600,450,RGB,True,
ISIC_0024693.jpg,ISIC_0024693,.jpg,23299,JPEG,600,450,RGB,True,
ISIC_0024694.jpg,ISIC_0024694,.jpg,34727,JPEG,600,450,RGB,True,
ISIC_0024695.jpg,ISIC_0024695,.jpg,31446,JPEG,600,450,RGB,True,
ISIC_0024696.jpg,ISIC_0024696,.jpg,35027,JPEG,600,450,RGB,True,
ISIC_0024697.jpg,ISIC_0024697,.jpg,31342,JPEG,600,450,RGB,True,
ISIC_0024698.jpg,ISIC_0024698,.jpg,21498,JPEG,600,450,RGB,True,
ISIC_0024699.jpg,ISIC_0024699,.jpg,24864,JPEG,600,450,RGB,True,
ISIC_0024700.jpg,ISIC_0024700,.jpg,34182,JPEG,600,450,RGB,True,
ISIC_0024701.jpg,ISIC_0024701,.jpg,35648,JPEG,600,450,RGB,True,
ISIC_0024702.jpg,ISIC_0024702,.jpg,39167,JPEG,600,450,RGB,True,
ISIC_0024703.jpg,ISIC_0024703,.jpg,25529,JPEG,600,450,RGB,True,
ISIC_0024704.jpg,ISIC_0024704,.jpg,16186,JPEG,600,450,RGB,True,
ISIC_0024705.jpg,ISIC_0024705,.jpg,21431,JPEG,600,450,RGB,True,
ISIC_0024706.jpg,ISIC_0024706,.jpg,20473,JPEG,600,450,RGB,True,
ISIC_0024707.jpg,ISIC_0024707,.jpg,32471,JPEG,600,450,RGB,True,
ISIC_0024708.jpg,ISIC_0024708,.jpg,25909,JPEG,600,450,RGB,True,
ISIC_0024709.jpg,ISIC_0024709,.jpg,28020,JPEG,600,450,RGB,True,
ISIC_0024710.jpg,ISIC_0024710,.jpg,28576,JPEG,600,450,RGB,True,
ISIC_0024711.jpg,ISIC_0024711,.jpg,28040,JPEG,600,450,RGB,True,
ISIC_0024712.jpg,ISIC_0024712,.jpg,24129,JPEG,600,450,RGB,True,
ISIC_0024713.jpg,ISIC_0024713,.jpg,28924,JPEG,600,450,RGB,True,
ISIC_0024714.jpg,ISIC_0024714,.jpg,32035,JPEG,600,450,RGB,True,
ISIC_0024715.jpg,ISIC_0024715,.jpg,17930,JPEG,600,450,RGB,True,
ISIC_0024716.jpg,ISIC_0024716,.jpg,30611,JPEG,600,450,RGB,True,
ISIC_0024717.jpg,ISIC_0024717,.jpg,21204,JPEG,600,450,RGB,True,
ISIC_0024718.jpg,ISIC_0024718,.jpg,30779,JPEG,600,450,RGB,True,
ISIC_0024719.jpg,ISIC_0024719,.jpg,21072,JPEG,600,450,RGB,True,
ISIC_0024720.jpg,ISIC_0024720,.jpg,24755,JPEG,600,450,RGB,True,
ISIC_0024721.jpg,ISIC_0024721,.jpg,26939,JPEG,600,450,RGB,True,
ISIC_0024722.jpg,ISIC_0024722,.jpg,27087,JPEG,600,450,RGB,True,
ISIC_0024723.jpg,ISIC_0024723,.jpg,29489,JPEG,600,450,RGB,True,
ISIC_0024724.jpg,ISIC_0024724,.jpg,25832,JPEG,600,450,RGB,True,
ISIC_0024725.jpg,ISIC_0024725,.jpg,29726,JPEG,600,450,RGB,True,
ISIC_0024726.jpg,ISIC_0024726,.jpg,28120,JPEG,600,450,RGB,True,
ISIC_0024727.jpg,ISIC_0024727,.jpg,23344,JPEG,600,450,RGB,True,
ISIC_0024728.jpg,ISIC_0024728,.jpg,20854,JPEG,600,450,RGB,True,
ISIC_0024729.jpg,ISIC_0024729,.jpg,38319,JPEG,600,450,RGB,True,
ISIC_0024730.jpg,ISIC_0024730,.jpg,27133,JPEG,600,450,RGB,True,
ISIC_0024731.jpg,ISIC_0024731,.jpg,26871,JPEG,600,450,RGB,True,
ISIC_0024732.jpg,ISIC_0024732,.jpg,29310,JPEG,600,450,RGB,True,
ISIC_0024733.jpg,ISIC_0024733,.jpg,29729,JPEG,600,450,RGB,True,
ISIC_0024734.jpg,ISIC_0024734,.jpg,15577,JPEG,600,450,RGB,True,
ISIC_0024735.jpg,ISIC_0024735,.jpg,25490,JPEG,600,450,RGB,True,
ISIC_0024736.jpg,ISIC_0024736,.jpg,26310,JPEG,600,450,RGB,True,
ISIC_0024737.jpg,ISIC_0024737,.jpg,26137,JPEG,600,450,RGB,True,
ISIC_0024738.jpg,ISIC_0024738,.jpg,30044,JPEG,600,450,RGB,True,
ISIC_0024739.jpg,ISIC_0024739,.jpg,31977,JPEG,600,450,RGB,True,
ISIC_0024740.jpg,ISIC_0024740,.jpg,22062,JPEG,600,450,RGB,True,
ISIC_0024741.jpg,ISIC_0024741,.jpg,28632,JPEG,600,450,RGB,True,
ISIC_0024742.jpg,ISIC_0024742,.jpg,23392,JPEG,600,450,RGB,True,
ISIC_0024743.jpg,ISIC_0024743,.jpg,19498,JPEG,600,450,RGB,True,
ISIC_0024744.jpg,ISIC_0024744,.jpg,20756,JPEG,600,450,RGB,True,
ISIC_0024745.jpg,ISIC_0024745,.jpg,27759,JPEG,600,450,RGB,True,
ISIC_0024746.jpg,ISIC_0024746,.jpg,27997,JPEG,600,450,RGB,True,
ISIC_0024747.jpg,ISIC_0024747,.jpg,23692,JPEG,600,450,RGB,True,
ISIC_0024748.jpg,ISIC_0024748,.jpg,25368,JPEG,600,450,RGB,True,
ISIC_0024749.jpg,ISIC_0024749,.jpg,22050,JPEG,600,450,RGB,True,
ISIC_0024750.jpg,ISIC_0024750,.jpg,28971,JPEG,600,450,RGB,True,
ISIC_0024751.jpg,ISIC_0024751,.jpg,30155,JPEG,600,450,RGB,True,
ISIC_0024752.jpg,ISIC_0024752,.jpg,34829,JPEG,600,450,RGB,True,
ISIC_0024753.jpg,ISIC_0024753,.jpg,18344,JPEG,600,450,RGB,True,
ISIC_0024754.jpg,ISIC_0024754,.jpg,24448,JPEG,600,450,RGB,True,
ISIC_0024755.jpg,ISIC_0024755,.jpg,31556,JPEG,600,450,RGB,True,
ISIC_0024756.jpg,ISIC_0024756,.jpg,28702,JPEG,600,450,RGB,True,
ISIC_0024757.jpg,ISIC_0024757,.jpg,26307,JPEG,600,450,RGB,True,
ISIC_0024758.jpg,ISIC_0024758,.jpg,23125,JPEG,600,450,RGB,True,
ISIC_0024759.jpg,ISIC_0024759,.jpg,21949,JPEG,600,450,RGB,True,
ISIC_0024760.jpg,ISIC_0024760,.jpg,26940,JPEG,600,450,RGB,True,
ISIC_0024761.jpg,ISIC_0024761,.jpg,24219,JPEG,600,450,RGB,True,
ISIC_0024762.jpg,ISIC_0024762,.jpg,27082,JPEG,600,450,RGB,True,
ISIC_0024763.jpg,ISIC_0024763,.jpg,26632,JPEG,600,450,RGB,True,
ISIC_0024764.jpg,ISIC_0024764,.jpg,15829,JPEG,600,450,RGB,True,
ISIC_0024765.jpg,ISIC_0024765,.jpg,18770,JPEG,600,450,RGB,True,
ISIC_0024766.jpg,ISIC_0024766,.jpg,23280,JPEG,600,450,RGB,True,
ISIC_0024767.jpg,ISIC_0024767,.jpg,32093,JPEG,600,450,RGB,True,
ISIC_0024768.jpg,ISIC_0024768,.jpg,24740,JPEG,600,450,RGB,True,
ISIC_0024769.jpg,ISIC_0024769,.jpg,37764,JPEG,600,450,RGB,True,
ISIC_0024770.jpg,ISIC_0024770,.jpg,27881,JPEG,600,450,RGB,True,
ISIC_0024771.jpg,ISIC_0024771,.jpg,27592,JPEG,600,450,RGB,True,
ISIC_0024772.jpg,ISIC_0024772,.jpg,22384,JPEG,600,450,RGB,True,
ISIC_0024773.jpg,ISIC_0024773,.jpg,34450,JPEG,600,450,RGB,True,
ISIC_0024774.jpg,ISIC_0024774,.jpg,25169,JPEG,600,450,RGB,True,
ISIC_0024775.jpg,ISIC_0024775,.jpg,26109,JPEG,600,450,RGB,True,
ISIC_0024776.jpg,ISIC_0024776,.jpg,26193,JPEG,600,450,RGB,True,
ISIC_0024777.jpg,ISIC_0024777,.jpg,25222,JPEG,600,450,RGB,True,
ISIC_0024778.jpg,ISIC_0024778,.jpg,21670,JPEG,600,450,RGB,True,
ISIC_0024779.jpg,ISIC_0024779,.jpg,38881,JPEG,600,450,RGB,True,
ISIC_0024780.jpg,ISIC_0024780,.jpg,27892,JPEG,600,450,RGB,True,
ISIC_0024781.jpg,ISIC_0024781,.jpg,16893,JPEG,600,450,RGB,True,
ISIC_0024782.jpg,ISIC_0024782,.jpg,24557,JPEG,600,450,RGB,True,
ISIC_0024783.jpg,ISIC_0024783,.jpg,23411,JPEG,600,450,RGB,True,
ISIC_0024784.jpg,ISIC_0024784,.jpg,20564,JPEG,600,450,RGB,True,
ISIC_0024785.jpg,ISIC_0024785,.jpg,20804,JPEG,600,450,RGB,True,
ISIC_0024786.jpg,ISIC_0024786,.jpg,25783,JPEG,600,450,RGB,True,
ISIC_0024787.jpg,ISIC_0024787,.jpg,21204,JPEG,600,450,RGB,True,
ISIC_0024788.jpg,ISIC_0024788,.jpg,36936,JPEG,600,450,RGB,True,
ISIC_0024789.jpg,ISIC_0024789,.jpg,16042,JPEG,600,450,RGB,True,
ISIC_0024790.jpg,ISIC_0024790,.jpg,21350,JPEG,600,450,RGB,True,
ISIC_0024791.jpg,ISIC_0024791,.jpg,30158,JPEG,600,450,RGB,True,
ISIC_0024792.jpg,ISIC_0024792,.jpg,27760,JPEG,600,450,RGB,True,
ISIC_0024793.jpg,ISIC_0024793,.jpg,29363,JPEG,600,450,RGB,True,
ISIC_0024794.jpg,ISIC_0024794,.jpg,28353,JPEG,600,450,RGB,True,
ISIC_0024795.jpg,ISIC_0024795,.jpg,36954,JPEG,600,450,RGB,True,
ISIC_0024796.jpg,ISIC_0024796,.jpg,25696,JPEG,600,450,RGB,True,
ISIC_0024797.jpg,ISIC_0024797,.jpg,24926,JPEG,600,450,RGB,True,
ISIC_0024798.jpg,ISIC_0024798,.jpg,28998,JPEG,600,450,RGB,True,
ISIC_0024799.jpg,ISIC_0024799,.jpg,25342,JPEG,600,450,RGB,True,
ISIC_0024800.jpg,ISIC_0024800,.jpg,28580,JPEG,600,450,RGB,True,
ISIC_0024801.jpg,ISIC_0024801,.jpg,27522,JPEG,600,450,RGB,True,
ISIC_0024802.jpg,ISIC_0024802,.jpg,23797,JPEG,600,450,RGB,True,
ISIC_0024803.jpg,ISIC_0024803,.jpg,30822,JPEG,600,450,RGB,True,
ISIC_0024804.jpg,ISIC_0024804,.jpg,34493,JPEG,600,450,RGB,True,
ISIC_0024805.jpg,ISIC_0024805,.jpg,31885,JPEG,600,450,RGB,True,
ISIC_0024806.jpg,ISIC_0024806,.jpg,26150,JPEG,600,450,RGB,True,
ISIC_0024807.jpg,ISIC_0024807,.jpg,31726,JPEG,600,450,RGB,True,
ISIC_0024808.jpg,ISIC_0024808,.jpg,20016,JPEG,600,450,RGB,True,
ISIC_0024809.jpg,ISIC_0024809,.jpg,59774,JPEG,600,450,RGB,True,
ISIC_0024810.jpg,ISIC_0024810,.jpg,26359,JPEG,600,450,RGB,True,
ISIC_0024811.jpg,ISIC_0024811,.jpg,22522,JPEG,600,450,RGB,True,
ISIC_0024812.jpg,ISIC_0024812,.jpg,22591,JPEG,600,450,RGB,True,
ISIC_0024813.jpg,ISIC_0024813,.jpg,34965,JPEG,600,450,RGB,True,
ISIC_0024814.jpg,ISIC_0024814,.jpg,29836,JPEG,600,450,RGB,True,
ISIC_0024815.jpg,ISIC_0024815,.jpg,23330,JPEG,600,450,RGB,True,
ISIC_0024816.jpg,ISIC_0024816,.jpg,31243,JPEG,600,450,RGB,True,
ISIC_0024817.jpg,ISIC_0024817,.jpg,23959,JPEG,600,450,RGB,True,
ISIC_0024818.jpg,ISIC_0024818,.jpg,23194,JPEG,600,450,RGB,True,
ISIC_0024819.jpg,ISIC_0024819,.jpg,22223,JPEG,600,450,RGB,True,
ISIC_0024820.jpg,ISIC_0024820,.jpg,23763,JPEG,600,450,RGB,True,
ISIC_0024821.jpg,ISIC_0024821,.jpg,28864,JPEG,600,450,RGB,True,
ISIC_0024822.jpg,ISIC_0024822,.jpg,21377,JPEG,600,450,RGB,True,
ISIC_0024823.jpg,ISIC_0024823,.jpg,40372,JPEG,600,450,RGB,True,
ISIC_0024824.jpg,ISIC_0024824,.jpg,21626,JPEG,600,450,RGB,True,
ISIC_0024825.jpg,ISIC_0024825,.jpg,37142,JPEG,600,450,RGB,True,
ISIC_0024826.jpg,ISIC_0024826,.jpg,23935,JPEG,600,450,RGB,True,
ISIC_0024827.jpg,ISIC_0024827,.jpg,31445,JPEG,600,450,RGB,True,
ISIC_0024828.jpg,ISIC_0024828,.jpg,35879,JPEG,600,450,RGB,True,
ISIC_0024829.jpg,ISIC_0024829,.jpg,30935,JPEG,600,450,RGB,True,
ISIC_0024830.jpg,ISIC_0024830,.jpg,22152,JPEG,600,450,RGB,True,
ISIC_0024831.jpg,ISIC_0024831,.jpg,25964,JPEG,600,450,RGB,True,
ISIC_0024832.jpg,ISIC_0024832,.jpg,64940,JPEG,600,450,RGB,True,
ISIC_0024833.jpg,ISIC_0024833,.jpg,24246,JPEG,600,450,RGB,True,
ISIC_0024834.jpg,ISIC_0024834,.jpg,32069,JPEG,600,450,RGB,True,
ISIC_0024835.jpg,ISIC_0024835,.jpg,19355,JPEG,600,450,RGB,True,
ISIC_0024836.jpg,ISIC_0024836,.jpg,22549,JPEG,600,450,RGB,True,
ISIC_0024837.jpg,ISIC_0024837,.jpg,26353,JPEG,600,450,RGB,True,
ISIC_0024838.jpg,ISIC_0024838,.jpg,23253,JPEG,600,450,RGB,True,
ISIC_0024839.jpg,ISIC_0024839,.jpg,39517,JPEG,600,450,RGB,True,
ISIC_0024840.jpg,ISIC_0024840,.jpg,22603,JPEG,600,450,RGB,True,
ISIC_0024841.jpg,ISIC_0024841,.jpg,36733,JPEG,600,450,RGB,True,
ISIC_0024842.jpg,ISIC_0024842,.jpg,24014,JPEG,600,450,RGB,True,
ISIC_0024843.jpg,ISIC_0024843,.jpg,28597,JPEG,600,450,RGB,True,
ISIC_0024844.jpg,ISIC_0024844,.jpg,22512,JPEG,600,450,RGB,True,
ISIC_0024845.jpg,ISIC_0024845,.jpg,23553,JPEG,600,450,RGB,True,
ISIC_0024846.jpg,ISIC_0024846,.jpg,28966,JPEG,600,450,RGB,True,
ISIC_0024847.jpg,ISIC_0024847,.jpg,28277,JPEG,600,450,RGB,True,
ISIC_0024848.jpg,ISIC_0024848,.jpg,27115,JPEG,600,450,RGB,True,
ISIC_0024849.jpg,ISIC_0024849,.jpg,28272,JPEG,600,450,RGB,True,
ISIC_0024850.jpg,ISIC_0024850,.jpg,30315,JPEG,600,450,RGB,True,
ISIC_0024851.jpg,ISIC_0024851,.jpg,33402,JPEG,600,450,RGB,True,
ISIC_0024852.jpg,ISIC_0024852,.jpg,24251,JPEG,600,450,RGB,True,
ISIC_0024853.jpg,ISIC_0024853,.jpg,30103,JPEG,600,450,RGB,True,
ISIC_0024854.jpg,ISIC_0024854,.jpg,35304,JPEG,600,450,RGB,True,
ISIC_0024855.jpg,ISIC_0024855,.jpg,23642,JPEG,600,450,RGB,True,
ISIC_0024856.jpg,ISIC_0024856,.jpg,38021,JPEG,600,450,RGB,True,
ISIC_0024857.jpg,ISIC_0024857,.jpg,34492,JPEG,600,450,RGB,True,
ISIC_0024858.jpg,ISIC_0024858,.jpg,21561,JPEG,600,450,RGB,True,
ISIC_0024859.jpg,ISIC_0024859,.jpg,21633,JPEG,600,450,RGB,True,
ISIC_0024860.jpg,ISIC_0024860,.jpg,28679,JPEG,600,450,RGB,True,
ISIC_0024861.jpg,ISIC_0024861,.jpg,26387,JPEG,600,450,RGB,True,
ISIC_0024862.jpg,ISIC_0024862,.jpg,29369,JPEG,600,450,RGB,True,
ISIC_0024863.jpg,ISIC_0024863,.jpg,36311,JPEG,600,450,RGB,True,
ISIC_0024864.jpg,ISIC_0024864,.jpg,31157,JPEG,600,450,RGB,True,
ISIC_0024865.jpg,ISIC_0024865,.jpg,29667,JPEG,600,450,RGB,True,
ISIC_0024866.jpg,ISIC_0024866,.jpg,20649,JPEG,600,450,RGB,True,
ISIC_0024867.jpg,ISIC_0024867,.jpg,22423,JPEG,600,450,RGB,True,
ISIC_0024868.jpg,ISIC_0024868,.jpg,38080,JPEG,600,450,RGB,True,
ISIC_0024869.jpg,ISIC_0024869,.jpg,26312,JPEG,600,450,RGB,True,
ISIC_0024870.jpg,ISIC_0024870,.jpg,34178,JPEG,600,450,RGB,True,
ISIC_0024871.jpg,ISIC_0024871,.jpg,27271,JPEG,600,450,RGB,True,
ISIC_0024872.jpg,ISIC_0024872,.jpg,34272,JPEG,600,450,RGB,True,
ISIC_0024873.jpg,ISIC_0024873,.jpg,20845,JPEG,600,450,RGB,True,
ISIC_0024874.jpg,ISIC_0024874,.jpg,20530,JPEG,600,450,RGB,True,
ISIC_0024875.jpg,ISIC_0024875,.jpg,30630,JPEG,600,450,RGB,True,
ISIC_0024876.jpg,ISIC_0024876,.jpg,16506,JPEG,600,450,RGB,True,
ISIC_0024877.jpg,ISIC_0024877,.jpg,22330,JPEG,600,450,RGB,True,
ISIC_0024878.jpg,ISIC_0024878,.jpg,21601,JPEG,600,450,RGB,True,
ISIC_0024879.jpg,ISIC_0024879,.jpg,29689,JPEG,600,450,RGB,True,
ISIC_0024880.jpg,ISIC_0024880,.jpg,25529,JPEG,600,450,RGB,True,
ISIC_0024881.jpg,ISIC_0024881,.jpg,31257,JPEG,600,450,RGB,True,
ISIC_0024882.jpg,ISIC_0024882,.jpg,24683,JPEG,600,450,RGB,True,
ISIC_0024883.jpg,ISIC_0024883,.jpg,24326,JPEG,600,450,RGB,True,
ISIC_0024884.jpg,ISIC_0024884,.jpg,25018,JPEG,600,450,RGB,True,
ISIC_0024885.jpg,ISIC_0024885,.jpg,19870,JPEG,600,450,RGB,True,
ISIC_0024886.jpg,ISIC_0024886,.jpg,24349,JPEG,600,450,RGB,True,
ISIC_0024887.jpg,ISIC_0024887,.jpg,36702,JPEG,600,450,RGB,True,
ISIC_0024888.jpg,ISIC_0024888,.jpg,18991,JPEG,600,450,RGB,True,
ISIC_0024889.jpg,ISIC_0024889,.jpg,24353,JPEG,600,450,RGB,True,
ISIC_0024890.jpg,ISIC_0024890,.jpg,36116,JPEG,600,450,RGB,True,
ISIC_0024891.jpg,ISIC_0024891,.jpg,49592,JPEG,600,450,RGB,True,
ISIC_0024892.jpg,ISIC_0024892,.jpg,20220,JPEG,600,450,RGB,True,
ISIC_0024893.jpg,ISIC_0024893,.jpg,28905,JPEG,600,450,RGB,True,
ISIC_0024894.jpg,ISIC_0024894,.jpg,23694,JPEG,600,450,RGB,True,
ISIC_0024895.jpg,ISIC_0024895,.jpg,21605,JPEG,600,450,RGB,True,
ISIC_0024896.jpg,ISIC_0024896,.jpg,26176,JPEG,600,450,RGB,True,
ISIC_0024897.jpg,ISIC_0024897,.jpg,23297,JPEG,600,450,RGB,True,
ISIC_0024898.jpg,ISIC_0024898,.jpg,27044,JPEG,600,450,RGB,True,
ISIC_0024899.jpg,ISIC_0024899,.jpg,25486,JPEG,600,450,RGB,True,
ISIC_0024900.jpg,ISIC_0024900,.jpg,26835,JPEG,600,450,RGB,True,
ISIC_0024901.jpg,ISIC_0024901,.jpg,31795,JPEG,600,450,RGB,True,
ISIC_0024902.jpg,ISIC_0024902,.jpg,27902,JPEG,600,450,RGB,True,
ISIC_0024903.jpg,ISIC_0024903,.jpg,24177,JPEG,600,450,RGB,True,
ISIC_0024904.jpg,ISIC_0024904,.jpg,24877,JPEG,600,450,RGB,True,
ISIC_0024905.jpg,ISIC_0024905,.jpg,24494,JPEG,600,450,RGB,True,
ISIC_0024906.jpg,ISIC_0024906,.jpg,21982,JPEG,600,450,RGB,True,
ISIC_0024907.jpg,ISIC_0024907,.jpg,29022,JPEG,600,450,RGB,True,
ISIC_0024908.jpg,ISIC_0024908,.jpg,29933,JPEG,600,450,RGB,True,
ISIC_0024909.jpg,ISIC_0024909,.jpg,26152,JPEG,600,450,RGB,True,
ISIC_0024910.jpg,ISIC_0024910,.jpg,32323,JPEG,600,450,RGB,True,
ISIC_0024911.jpg,ISIC_0024911,.jpg,26040,JPEG,600,450,RGB,True,
ISIC_0024912.jpg,ISIC_0024912,.jpg,21735,JPEG,600,450,RGB,True,
ISIC_0024913.jpg,ISIC_0024913,.jpg,33747,JPEG,600,450,RGB,True,
ISIC_0024914.jpg,ISIC_0024914,.jpg,23082,JPEG,600,450,RGB,True,
ISIC_0024915.jpg,ISIC_0024915,.jpg,22184,JPEG,600,450,RGB,True,
ISIC_0024916.jpg,ISIC_0024916,.jpg,16264,JPEG,600,450,RGB,True,
ISIC_0024917.jpg,ISIC_0024917,.jpg,25609,JPEG,600,450,RGB,True,
ISIC_0024918.jpg,ISIC_0024918,.jpg,25446,JPEG,600,450,RGB,True,
ISIC_0024919.jpg,ISIC_0024919,.jpg,26148,JPEG,600,450,RGB,True,
ISIC_0024920.jpg,ISIC_0024920,.jpg,24807,JPEG,600,450,RGB,True,
ISIC_0024921.jpg,ISIC_0024921,.jpg,25964,JPEG,600,450,RGB,True,
ISIC_0024922.jpg,ISIC_0024922,.jpg,23346,JPEG,600,450,RGB,True,
ISIC_0024923.jpg,ISIC_0024923,.jpg,22809,JPEG,600,450,RGB,True,
ISIC_0024924.jpg,ISIC_0024924,.jpg,24638,JPEG,600,450,RGB,True,
ISIC_0024925.jpg,ISIC_0024925,.jpg,24455,JPEG,600,450,RGB,True,
ISIC_0024926.jpg,ISIC_0024926,.jpg,21555,JPEG,600,450,RGB,True,
ISIC_0024927.jpg,ISIC_0024927,.jpg,29010,JPEG,600,450,RGB,True,
ISIC_0024928.jpg,ISIC_0024928,.jpg,29798,JPEG,600,450,RGB,True,
ISIC_0024929.jpg,ISIC_0024929,.jpg,33544,JPEG,600,450,RGB,True,
ISIC_0024930.jpg,ISIC_0024930,.jpg,30678,JPEG,600,450,RGB,True,
ISIC_0024931.jpg,ISIC_0024931,.jpg,15986,JPEG,600,450,RGB,True,
ISIC_0024932.jpg,ISIC_0024932,.jpg,22222,JPEG,600,450,RGB,True,
ISIC_0024933.jpg,ISIC_0024933,.jpg,21384,JPEG,600,450,RGB,True,
ISIC_0024934.jpg,ISIC_0024934,.jpg,29765,JPEG,600,450,RGB,True,
ISIC_0024935.jpg,ISIC_0024935,.jpg,33570,JPEG,600,450,RGB,True,
ISIC_0024936.jpg,ISIC_0024936,.jpg,32978,JPEG,600,450,RGB,True,
ISIC_0024937.jpg,ISIC_0024937,.jpg,28959,JPEG,600,450,RGB,True,
ISIC_0024938.jpg,ISIC_0024938,.jpg,29817,JPEG,600,450,RGB,True,
ISIC_0024939.jpg,ISIC_0024939,.jpg,24187,JPEG,600,450,RGB,True,
ISIC_0024940.jpg,ISIC_0024940,.jpg,42652,JPEG,600,450,RGB,True,
ISIC_0024941.jpg,ISIC_0024941,.jpg,25791,JPEG,600,450,RGB,True,
ISIC_0024942.jpg,ISIC_0024942,.jpg,20257,JPEG,600,450,RGB,True,
ISIC_0024943.jpg,ISIC_0024943,.jpg,26397,JPEG,600,450,RGB,True,
ISIC_0024944.jpg,ISIC_0024944,.jpg,35756,JPEG,600,450,RGB,True,
ISIC_0024945.jpg,ISIC_0024945,.jpg,34101,JPEG,600,450,RGB,True,
ISIC_0024946.jpg,ISIC_0024946,.jpg,19478,JPEG,600,450,RGB,True,
ISIC_0024947.jpg,ISIC_0024947,.jpg,20251,JPEG,600,450,RGB,True,
ISIC_0024948.jpg,ISIC_0024948,.jpg,31281,JPEG,600,450,RGB,True,
ISIC_0024949.jpg,ISIC_0024949,.jpg,20089,JPEG,600,450,RGB,True,
ISIC_0024950.jpg,ISIC_0024950,.jpg,22699,JPEG,600,450,RGB,True,
ISIC_0024951.jpg,ISIC_0024951,.jpg,30268,JPEG,600,450,RGB,True,
ISIC_0024952.jpg,ISIC_0024952,.jpg,30207,JPEG,600,450,RGB,True,
ISIC_0024953.jpg,ISIC_0024953,.jpg,27016,JPEG,600,450,RGB,True,
ISIC_0024954.jpg,ISIC_0024954,.jpg,30460,JPEG,600,450,RGB,True,
ISIC_0024955.jpg,ISIC_0024955,.jpg,22996,JPEG,600,450,RGB,True,
ISIC_0024956.jpg,ISIC_0024956,.jpg,21461,JPEG,600,450,RGB,True,
ISIC_0024957.jpg,ISIC_0024957,.jpg,19870,JPEG,600,450,RGB,True,
ISIC_0024958.jpg,ISIC_0024958,.jpg,30006,JPEG,600,450,RGB,True,
ISIC_0024959.jpg,ISIC_0024959,.jpg,21690,JPEG,600,450,RGB,True,
ISIC_0024960.jpg,ISIC_0024960,.jpg,22141,JPEG,600,450,RGB,True,
ISIC_0024961.jpg,ISIC_0024961,.jpg,29150,JPEG,600,450,RGB,True,
ISIC_0024962.jpg,ISIC_0024962,.jpg,39703,JPEG,600,450,RGB,True,
ISIC_0024963.jpg,ISIC_0024963,.jpg,32450,JPEG,600,450,RGB,True,
ISIC_0024964.jpg,ISIC_0024964,.jpg,31014,JPEG,600,450,RGB,True,
ISIC_0024965.jpg,ISIC_0024965,.jpg,34675,JPEG,600,450,RGB,True,
ISIC_0024966.jpg,ISIC_0024966,.jpg,25727,JPEG,600,450,RGB,True,
ISIC_0024967.jpg,ISIC_0024967,.jpg,33986,JPEG,600,450,RGB,True,
ISIC_0024968.jpg,ISIC_0024968,.jpg,33789,JPEG,600,450,RGB,True,
ISIC_0024969.jpg,ISIC_0024969,.jpg,25043,JPEG,600,450,RGB,True,
ISIC_0024970.jpg,ISIC_0024970,.jpg,31667,JPEG,600,450,RGB,True,
ISIC_0024971.jpg,ISIC_0024971,.jpg,30984,JPEG,600,450,RGB,True,
ISIC_0024972.jpg,ISIC_0024972,.jpg,26892,JPEG,600,450,RGB,True,
ISIC_0024973.jpg,ISIC_0024973,.jpg,32022,JPEG,600,450,RGB,True,
ISIC_0024974.jpg,ISIC_0024974,.jpg,20879,JPEG,600,450,RGB,True,
ISIC_0024975.jpg,ISIC_0024975,.jpg,39350,JPEG,600,450,RGB,True,
ISIC_0024976.jpg,ISIC_0024976,.jpg,26885,JPEG,600,450,RGB,True,
ISIC_0024977.jpg,ISIC_0024977,.jpg,26418,JPEG,600,450,RGB,True,
ISIC_0024978.jpg,ISIC_0024978,.jpg,24985,JPEG,600,450,RGB,True,
ISIC_0024979.jpg,ISIC_0024979,.jpg,33456,JPEG,600,450,RGB,True,
ISIC_0024980.jpg,ISIC_0024980,.jpg,29443,JPEG,600,450,RGB,True,
ISIC_0024981.jpg,ISIC_0024981,.jpg,45107,JPEG,600,450,RGB,True,
ISIC_0024982.jpg,ISIC_0024982,.jpg,21795,JPEG,600,450,RGB,True,
ISIC_0024983.jpg,ISIC_0024983,.jpg,27400,JPEG,600,450,RGB,True,
ISIC_0024984.jpg,ISIC_0024984,.jpg,27723,JPEG,600,450,RGB,True,
ISIC_0024985.jpg,ISIC_0024985,.jpg,28811,JPEG,600,450,RGB,True,
ISIC_0024986.jpg,ISIC_0024986,.jpg,23106,JPEG,600,450,RGB,True,
ISIC_0024987.jpg,ISIC_0024987,.jpg,33935,JPEG,600,450,RGB,True,
ISIC_0024988.jpg,ISIC_0024988,.jpg,18298,JPEG,600,450,RGB,True,
ISIC_0024989.jpg,ISIC_0024989,.jpg,24030,JPEG,600,450,RGB,True,
ISIC_0024990.jpg,ISIC_0024990,.jpg,23150,JPEG,600,450,RGB,True,
ISIC_0024991.jpg,ISIC_0024991,.jpg,22393,JPEG,600,450,RGB,True,
ISIC_0024992.jpg,ISIC_0024992,.jpg,23108,JPEG,600,450,RGB,True,
ISIC_0024993.jpg,ISIC_0024993,.jpg,20545,JPEG,600,450,RGB,True,
ISIC_0024994.jpg,ISIC_0024994,.jpg,28524,JPEG,600,450,RGB,True,
ISIC_0024995.jpg,ISIC_0024995,.jpg,21396,JPEG,600,450,RGB,True,
ISIC_0024996.jpg,ISIC_0024996,.jpg,23106,JPEG,600,450,RGB,True,
ISIC_0024997.jpg,ISIC_0024997,.jpg,25641,JPEG,600,450,RGB,True,
ISIC_0024998.jpg,ISIC_0024998,.jpg,20482,JPEG,600,450,RGB,True,
ISIC_0024999.jpg,ISIC_0024999,.jpg,32509,JPEG,600,450,RGB,True,
ISIC_0025000.jpg,ISIC_0025000,.jpg,23516,JPEG,600,450,RGB,True,
ISIC_0025001.jpg,ISIC_0025001,.jpg,35881,JPEG,600,450,RGB,True,
ISIC_0025002.jpg,ISIC_0025002,.jpg,25992,JPEG,600,450,RGB,True,
ISIC_0025003.jpg,ISIC_0025003,.jpg,26504,JPEG,600,450,RGB,True,
ISIC_0025004.jpg,ISIC_0025004,.jpg,23477,JPEG,600,450,RGB,True,
ISIC_0025005.jpg,ISIC_0025005,.jpg,33266,JPEG,600,450,RGB,True,
ISIC_0025006.jpg,ISIC_0025006,.jpg,23846,JPEG,600,450,RGB,True,
ISIC_0025007.jpg,ISIC_0025007,.jpg,23797,JPEG,600,450,RGB,True,
ISIC_0025008.jpg,ISIC_0025008,.jpg,27239,JPEG,600,450,RGB,True,
ISIC_0025009.jpg,ISIC_0025009,.jpg,20374,JPEG,600,450,RGB,True,
ISIC_0025010.jpg,ISIC_0025010,.jpg,31113,JPEG,600,450,RGB,True,
ISIC_0025011.jpg,ISIC_0025011,.jpg,25142,JPEG,600,450,RGB,True,
ISIC_0025012.jpg,ISIC_0025012,.jpg,20984,JPEG,600,450,RGB,True,
ISIC_0025013.jpg,ISIC_0025013,.jpg,31424,JPEG,600,450,RGB,True,
ISIC_0025014.jpg,ISIC_0025014,.jpg,28422,JPEG,600,450,RGB,True,
ISIC_0025015.jpg,ISIC_0025015,.jpg,22478,JPEG,600,450,RGB,True,
ISIC_0025016.jpg,ISIC_0025016,.jpg,21410,JPEG,600,450,RGB,True,
ISIC_0025017.jpg,ISIC_0025017,.jpg,27002,JPEG,600,450,RGB,True,
ISIC_0025018.jpg,ISIC_0025018,.jpg,18962,JPEG,600,450,RGB,True,
ISIC_0025019.jpg,ISIC_0025019,.jpg,19601,JPEG,600,450,RGB,True,
ISIC_0025020.jpg,ISIC_0025020,.jpg,33796,JPEG,600,450,RGB,True,
ISIC_0025021.jpg,ISIC_0025021,.jpg,25506,JPEG,600,450,RGB,True,
ISIC_0025022.jpg,ISIC_0025022,.jpg,30833,JPEG,600,450,RGB,True,
ISIC_0025023.jpg,ISIC_0025023,.jpg,25771,JPEG,600,450,RGB,True,
ISIC_0025024.jpg,ISIC_0025024,.jpg,27088,JPEG,600,450,RGB,True,
ISIC_0025025.jpg,ISIC_0025025,.jpg,29582,JPEG,600,450,RGB,True,
ISIC_0025026.jpg,ISIC_0025026,.jpg,22481,JPEG,600,450,RGB,True,
ISIC_0025027.jpg,ISIC_0025027,.jpg,19349,JPEG,600,450,RGB,True,
ISIC_0025028.jpg,ISIC_0025028,.jpg,33444,JPEG,600,450,RGB,True,
ISIC_0025029.jpg,ISIC_0025029,.jpg,26652,JPEG,600,450,RGB,True,
ISIC_0025030.jpg,ISIC_0025030,.jpg,31701,JPEG,600,450,RGB,True,
ISIC_0025031.jpg,ISIC_0025031,.jpg,28123,JPEG,600,450,RGB,True,
ISIC_0025032.jpg,ISIC_0025032,.jpg,32381,JPEG,600,450,RGB,True,
ISIC_0025033.jpg,ISIC_0025033,.jpg,25864,JPEG,600,450,RGB,True,
ISIC_0025034.jpg,ISIC_0025034,.jpg,24957,JPEG,600,450,RGB,True,
ISIC_0025035.jpg,ISIC_0025035,.jpg,25878,JPEG,600,450,RGB,True,
ISIC_0025036.jpg,ISIC_0025036,.jpg,23586,JPEG,600,450,RGB,True,
ISIC_0025037.jpg,ISIC_0025037,.jpg,27647,JPEG,600,450,RGB,True,
ISIC_0025038.jpg,ISIC_0025038,.jpg,29288,JPEG,600,450,RGB,True,
ISIC_0025039.jpg,ISIC_0025039,.jpg,30899,JPEG,600,450,RGB,True,
ISIC_0025040.jpg,ISIC_0025040,.jpg,25697,JPEG,600,450,RGB,True,
ISIC_0025041.jpg,ISIC_0025041,.jpg,32918,JPEG,600,450,RGB,True,
ISIC_0025042.jpg,ISIC_0025042,.jpg,24653,JPEG,600,450,RGB,True,
ISIC_0025043.jpg,ISIC_0025043,.jpg,29762,JPEG,600,450,RGB,True,
ISIC_0025044.jpg,ISIC_0025044,.jpg,35526,JPEG,600,450,RGB,True,
ISIC_0025045.jpg,ISIC_0025045,.jpg,40459,JPEG,600,450,RGB,True,
ISIC_0025046.jpg,ISIC_0025046,.jpg,19854,JPEG,600,450,RGB,True,
ISIC_0025047.jpg,ISIC_0025047,.jpg,35033,JPEG,600,450,RGB,True,
ISIC_0025048.jpg,ISIC_0025048,.jpg,24140,JPEG,600,450,RGB,True,
ISIC_0025049.jpg,ISIC_0025049,.jpg,35948,JPEG,600,450,RGB,True,
ISIC_0025050.jpg,ISIC_0025050,.jpg,24536,JPEG,600,450,RGB,True,
ISIC_0025051.jpg,ISIC_0025051,.jpg,19050,JPEG,600,450,RGB,True,
ISIC_0025052.jpg,ISIC_0025052,.jpg,35005,JPEG,600,450,RGB,True,
ISIC_0025053.jpg,ISIC_0025053,.jpg,35417,JPEG,600,450,RGB,True,
ISIC_0025054.jpg,ISIC_0025054,.jpg,39890,JPEG,600,450,RGB,True,
ISIC_0025055.jpg,ISIC_0025055,.jpg,23020,JPEG,600,450,RGB,True,
ISIC_0025056.jpg,ISIC_0025056,.jpg,32562,JPEG,600,450,RGB,True,
ISIC_0025057.jpg,ISIC_0025057,.jpg,31731,JPEG,600,450,RGB,True,
ISIC_0025058.jpg,ISIC_0025058,.jpg,20994,JPEG,600,450,RGB,True,
ISIC_0025059.jpg,ISIC_0025059,.jpg,30190,JPEG,600,450,RGB,True,
ISIC_0025060.jpg,ISIC_0025060,.jpg,24885,JPEG,600,450,RGB,True,
ISIC_0025061.jpg,ISIC_0025061,.jpg,24130,JPEG,600,450,RGB,True,
ISIC_0025062.jpg,ISIC_0025062,.jpg,23565,JPEG,600,450,RGB,True,
ISIC_0025063.jpg,ISIC_0025063,.jpg,28268,JPEG,600,450,RGB,True,
ISIC_0025064.jpg,ISIC_0025064,.jpg,24279,JPEG,600,450,RGB,True,
ISIC_0025065.jpg,ISIC_0025065,.jpg,20752,JPEG,600,450,RGB,True,
ISIC_0025066.jpg,ISIC_0025066,.jpg,27484,JPEG,600,450,RGB,True,
ISIC_0025067.jpg,ISIC_0025067,.jpg,33953,JPEG,600,450,RGB,True,
ISIC_0025068.jpg,ISIC_0025068,.jpg,30949,JPEG,600,450,RGB,True,
ISIC_0025069.jpg,ISIC_0025069,.jpg,29380,JPEG,600,450,RGB,True,
ISIC_0025070.jpg,ISIC_0025070,.jpg,31947,JPEG,600,450,RGB,True,
ISIC_0025071.jpg,ISIC_0025071,.jpg,31339,JPEG,600,450,RGB,True,
ISIC_0025072.jpg,ISIC_0025072,.jpg,26755,JPEG,600,450,RGB,True,
ISIC_0025073.jpg,ISIC_0025073,.jpg,24532,JPEG,600,450,RGB,True,
ISIC_0025074.jpg,ISIC_0025074,.jpg,20778,JPEG,600,450,RGB,True,
ISIC_0025075.jpg,ISIC_0025075,.jpg,43752,JPEG,600,450,RGB,True,
ISIC_0025076.jpg,ISIC_0025076,.jpg,29611,JPEG,600,450,RGB,True,
ISIC_0025077.jpg,ISIC_0025077,.jpg,22796,JPEG,600,450,RGB,True,
ISIC_0025078.jpg,ISIC_0025078,.jpg,30067,JPEG,600,450,RGB,True,
ISIC_0025079.jpg,ISIC_0025079,.jpg,25507,JPEG,600,450,RGB,True,
ISIC_0025080.jpg,ISIC_0025080,.jpg,28946,JPEG,600,450,RGB,True,
ISIC_0025081.jpg,ISIC_0025081,.jpg,23184,JPEG,600,450,RGB,True,
ISIC_0025082.jpg,ISIC_0025082,.jpg,24594,JPEG,600,450,RGB,True,
ISIC_0025083.jpg,ISIC_0025083,.jpg,30584,JPEG,600,450,RGB,True,
ISIC_0025084.jpg,ISIC_0025084,.jpg,28949,JPEG,600,450,RGB,True,
ISIC_0025085.jpg,ISIC_0025085,.jpg,24041,JPEG,600,450,RGB,True,
ISIC_0025086.jpg,ISIC_0025086,.jpg,28755,JPEG,600,450,RGB,True,
ISIC_0025087.jpg,ISIC_0025087,.jpg,26868,JPEG,600,450,RGB,True,
ISIC_0025088.jpg,ISIC_0025088,.jpg,18876,JPEG,600,450,RGB,True,
ISIC_0025089.jpg,ISIC_0025089,.jpg,27138,JPEG,600,450,RGB,True,
ISIC_0025090.jpg,ISIC_0025090,.jpg,30051,JPEG,600,450,RGB,True,
ISIC_0025091.jpg,ISIC_0025091,.jpg,26445,JPEG,600,450,RGB,True,
ISIC_0025092.jpg,ISIC_0025092,.jpg,25296,JPEG,600,450,RGB,True,
ISIC_0025093.jpg,ISIC_0025093,.jpg,21177,JPEG,600,450,RGB,True,
ISIC_0025094.jpg,ISIC_0025094,.jpg,25124,JPEG,600,450,RGB,True,
ISIC_0025095.jpg,ISIC_0025095,.jpg,34135,JPEG,600,450,RGB,True,
ISIC_0025096.jpg,ISIC_0025096,.jpg,34117,JPEG,600,450,RGB,True,
ISIC_0025097.jpg,ISIC_0025097,.jpg,34729,JPEG,600,450,RGB,True,
ISIC_0025098.jpg,ISIC_0025098,.jpg,31221,JPEG,600,450,RGB,True,
ISIC_0025099.jpg,ISIC_0025099,.jpg,22837,JPEG,600,450,RGB,True,
ISIC_0025100.jpg,ISIC_0025100,.jpg,48040,JPEG,600,450,RGB,True,
ISIC_0025101.jpg,ISIC_0025101,.jpg,23698,JPEG,600,450,RGB,True,
ISIC_0025102.jpg,ISIC_0025102,.jpg,24304,JPEG,600,450,RGB,True,
ISIC_0025103.jpg,ISIC_0025103,.jpg,33736,JPEG,600,450,RGB,True,
ISIC_0025104.jpg,ISIC_0025104,.jpg,30480,JPEG,600,450,RGB,True,
ISIC_0025105.jpg,ISIC_0025105,.jpg,29616,JPEG,600,450,RGB,True,
ISIC_0025106.jpg,ISIC_0025106,.jpg,24893,JPEG,600,450,RGB,True,
ISIC_0025107.jpg,ISIC_0025107,.jpg,22531,JPEG,600,450,RGB,True,
ISIC_0025108.jpg,ISIC_0025108,.jpg,23138,JPEG,600,450,RGB,True,
ISIC_0025109.jpg,ISIC_0025109,.jpg,37596,JPEG,600,450,RGB,True,
ISIC_0025110.jpg,ISIC_0025110,.jpg,24768,JPEG,600,450,RGB,True,
ISIC_0025111.jpg,ISIC_0025111,.jpg,23921,JPEG,600,450,RGB,True,
ISIC_0025112.jpg,ISIC_0025112,.jpg,25967,JPEG,600,450,RGB,True,
ISIC_0025113.jpg,ISIC_0025113,.jpg,26240,JPEG,600,450,RGB,True,
ISIC_0025114.jpg,ISIC_0025114,.jpg,22242,JPEG,600,450,RGB,True,
ISIC_0025115.jpg,ISIC_0025115,.jpg,19383,JPEG,600,450,RGB,True,
ISIC_0025116.jpg,ISIC_0025116,.jpg,48946,JPEG,600,450,RGB,True,
ISIC_0025117.jpg,ISIC_0025117,.jpg,24096,JPEG,600,450,RGB,True,
ISIC_0025118.jpg,ISIC_0025118,.jpg,22804,JPEG,600,450,RGB,True,
ISIC_0025119.jpg,ISIC_0025119,.jpg,22617,JPEG,600,450,RGB,True,
ISIC_0025120.jpg,ISIC_0025120,.jpg,36236,JPEG,600,450,RGB,True,
ISIC_0025121.jpg,ISIC_0025121,.jpg,30839,JPEG,600,450,RGB,True,
ISIC_0025122.jpg,ISIC_0025122,.jpg,26789,JPEG,600,450,RGB,True,
ISIC_0025123.jpg,ISIC_0025123,.jpg,19187,JPEG,600,450,RGB,True,
ISIC_0025124.jpg,ISIC_0025124,.jpg,20936,JPEG,600,450,RGB,True,
ISIC_0025125.jpg,ISIC_0025125,.jpg,24914,JPEG,600,450,RGB,True,
ISIC_0025126.jpg,ISIC_0025126,.jpg,25396,JPEG,600,450,RGB,True,
ISIC_0025127.jpg,ISIC_0025127,.jpg,25524,JPEG,600,450,RGB,True,
ISIC_0025128.jpg,ISIC_0025128,.jpg,17819,JPEG,600,450,RGB,True,
ISIC_0025129.jpg,ISIC_0025129,.jpg,20467,JPEG,600,450,RGB,True,
ISIC_0025130.jpg,ISIC_0025130,.jpg,33127,JPEG,600,450,RGB,True,
ISIC_0025131.jpg,ISIC_0025131,.jpg,30840,JPEG,600,450,RGB,True,
ISIC_0025132.jpg,ISIC_0025132,.jpg,28254,JPEG,600,450,RGB,True,
ISIC_0025133.jpg,ISIC_0025133,.jpg,38131,JPEG,600,450,RGB,True,
ISIC_0025134.jpg,ISIC_0025134,.jpg,21891,JPEG,600,450,RGB,True,
ISIC_0025135.jpg,ISIC_0025135,.jpg,25802,JPEG,600,450,RGB,True,
ISIC_0025136.jpg,ISIC_0025136,.jpg,30768,JPEG,600,450,RGB,True,
ISIC_0025137.jpg,ISIC_0025137,.jpg,26711,JPEG,600,450,RGB,True,
ISIC_0025138.jpg,ISIC_0025138,.jpg,18646,JPEG,600,450,RGB,True,
ISIC_0025139.jpg,ISIC_0025139,.jpg,28518,JPEG,600,450,RGB,True,
ISIC_0025140.jpg,ISIC_0025140,.jpg,30992,JPEG,600,450,RGB,True,
ISIC_0025141.jpg,ISIC_0025141,.jpg,24508,JPEG,600,450,RGB,True,
ISIC_0025142.jpg,ISIC_0025142,.jpg,32416,JPEG,600,450,RGB,True,
ISIC_0025143.jpg,ISIC_0025143,.jpg,41827,JPEG,600,450,RGB,True,
ISIC_0025144.jpg,ISIC_0025144,.jpg,42340,JPEG,600,450,RGB,True,
ISIC_0025145.jpg,ISIC_0025145,.jpg,34746,JPEG,600,450,RGB,True,
ISIC_0025146.jpg,ISIC_0025146,.jpg,23796,JPEG,600,450,RGB,True,
ISIC_0025147.jpg,ISIC_0025147,.jpg,21950,JPEG,600,450,RGB,True,
ISIC_0025148.jpg,ISIC_0025148,.jpg,16148,JPEG,600,450,RGB,True,
ISIC_0025149.jpg,ISIC_0025149,.jpg,17769,JPEG,600,450,RGB,True,
ISIC_0025150.jpg,ISIC_0025150,.jpg,29764,JPEG,600,450,RGB,True,
ISIC_0025151.jpg,ISIC_0025151,.jpg,24483,JPEG,600,450,RGB,True,
ISIC_0025152.jpg,ISIC_0025152,.jpg,24597,JPEG,600,450,RGB,True,
ISIC_0025153.jpg,ISIC_0025153,.jpg,29462,JPEG,600,450,RGB,True,
ISIC_0025154.jpg,ISIC_0025154,.jpg,23254,JPEG,600,450,RGB,True,
ISIC_0025155.jpg,ISIC_0025155,.jpg,26243,JPEG,600,450,RGB,True,
ISIC_0025156.jpg,ISIC_0025156,.jpg,24559,JPEG,600,450,RGB,True,
ISIC_0025157.jpg,ISIC_0025157,.jpg,22300,JPEG,600,450,RGB,True,
ISIC_0025158.jpg,ISIC_0025158,.jpg,26130,JPEG,600,450,RGB,True,
ISIC_0025159.jpg,ISIC_0025159,.jpg,25413,JPEG,600,450,RGB,True,
ISIC_0025160.jpg,ISIC_0025160,.jpg,28761,JPEG,600,450,RGB,True,
ISIC_0025161.jpg,ISIC_0025161,.jpg,31233,JPEG,600,450,RGB,True,
ISIC_0025162.jpg,ISIC_0025162,.jpg,30043,JPEG,600,450,RGB,True,
ISIC_0025163.jpg,ISIC_0025163,.jpg,34572,JPEG,600,450,RGB,True,
ISIC_0025164.jpg,ISIC_0025164,.jpg,23330,JPEG,600,450,RGB,True,
ISIC_0025165.jpg,ISIC_0025165,.jpg,22730,JPEG,600,450,RGB,True,
ISIC_0025166.jpg,ISIC_0025166,.jpg,34279,JPEG,600,450,RGB,True,
ISIC_0025167.jpg,ISIC_0025167,.jpg,25117,JPEG,600,450,RGB,True,
ISIC_0025168.jpg,ISIC_0025168,.jpg,31396,JPEG,600,450,RGB,True,
ISIC_0025169.jpg,ISIC_0025169,.jpg,30205,JPEG,600,450,RGB,True,
ISIC_0025170.jpg,ISIC_0025170,.jpg,30515,JPEG,600,450,RGB,True,
ISIC_0025171.jpg,ISIC_0025171,.jpg,21884,JPEG,600,450,RGB,True,
ISIC_0025172.jpg,ISIC_0025172,.jpg,16848,JPEG,600,450,RGB,True,
ISIC_0025173.jpg,ISIC_0025173,.jpg,22306,JPEG,600,450,RGB,True,
ISIC_0025174.jpg,ISIC_0025174,.jpg,29193,JPEG,600,450,RGB,True,
ISIC_0025175.jpg,ISIC_0025175,.jpg,35906,JPEG,600,450,RGB,True,
ISIC_0025176.jpg,ISIC_0025176,.jpg,28728,JPEG,600,450,RGB,True,
ISIC_0025177.jpg,ISIC_0025177,.jpg,25412,JPEG,600,450,RGB,True,
ISIC_0025178.jpg,ISIC_0025178,.jpg,28367,JPEG,600,450,RGB,True,
ISIC_0025179.jpg,ISIC_0025179,.jpg,20510,JPEG,600,450,RGB,True,
ISIC_0025180.jpg,ISIC_0025180,.jpg,35470,JPEG,600,450,RGB,True,
ISIC_0025181.jpg,ISIC_0025181,.jpg,20101,JPEG,600,450,RGB,True,
ISIC_0025182.jpg,ISIC_0025182,.jpg,26338,JPEG,600,450,RGB,True,
ISIC_0025183.jpg,ISIC_0025183,.jpg,25188,JPEG,600,450,RGB,True,
ISIC_0025184.jpg,ISIC_0025184,.jpg,19535,JPEG,600,450,RGB,True,
ISIC_0025185.jpg,ISIC_0025185,.jpg,36159,JPEG,600,450,RGB,True,
ISIC_0025186.jpg,ISIC_0025186,.jpg,24580,JPEG,600,450,RGB,True,
ISIC_0025187.jpg,ISIC_0025187,.jpg,25219,JPEG,600,450,RGB,True,
ISIC_0025188.jpg,ISIC_0025188,.jpg,27160,JPEG,600,450,RGB,True,
ISIC_0025189.jpg,ISIC_0025189,.jpg,27233,JPEG,600,450,RGB,True,
ISIC_0025190.jpg,ISIC_0025190,.jpg,30261,JPEG,600,450,RGB,True,
ISIC_0025191.jpg,ISIC_0025191,.jpg,25851,JPEG,600,450,RGB,True,
ISIC_0025192.jpg,ISIC_0025192,.jpg,32484,JPEG,600,450,RGB,True,
ISIC_0025193.jpg,ISIC_0025193,.jpg,22040,JPEG,600,450,RGB,True,
ISIC_0025194.jpg,ISIC_0025194,.jpg,26725,JPEG,600,450,RGB,True,
ISIC_0025195.jpg,ISIC_0025195,.jpg,38014,JPEG,600,450,RGB,True,
ISIC_0025196.jpg,ISIC_0025196,.jpg,25904,JPEG,600,450,RGB,True,
ISIC_0025197.jpg,ISIC_0025197,.jpg,24425,JPEG,600,450,RGB,True,
ISIC_0025198.jpg,ISIC_0025198,.jpg,17766,JPEG,600,450,RGB,True,
ISIC_0025199.jpg,ISIC_0025199,.jpg,19862,JPEG,600,450,RGB,True,
ISIC_0025200.jpg,ISIC_0025200,.jpg,21080,JPEG,600,450,RGB,True,
ISIC_0025201.jpg,ISIC_0025201,.jpg,28669,JPEG,600,450,RGB,True,
ISIC_0025202.jpg,ISIC_0025202,.jpg,26698,JPEG,600,450,RGB,True,
ISIC_0025203.jpg,ISIC_0025203,.jpg,22193,JPEG,600,450,RGB,True,
ISIC_0025204.jpg,ISIC_0025204,.jpg,24941,JPEG,600,450,RGB,True,
ISIC_0025205.jpg,ISIC_0025205,.jpg,33470,JPEG,600,450,RGB,True,
ISIC_0025206.jpg,ISIC_0025206,.jpg,31659,JPEG,600,450,RGB,True,
ISIC_0025207.jpg,ISIC_0025207,.jpg,21440,JPEG,600,450,RGB,True,
ISIC_0025208.jpg,ISIC_0025208,.jpg,39896,JPEG,600,450,RGB,True,
ISIC_0025209.jpg,ISIC_0025209,.jpg,40353,JPEG,600,450,RGB,True,
ISIC_0025210.jpg,ISIC_0025210,.jpg,31189,JPEG,600,450,RGB,True,
ISIC_0025211.jpg,ISIC_0025211,.jpg,28309,JPEG,600,450,RGB,True,
ISIC_0025212.jpg,ISIC_0025212,.jpg,37847,JPEG,600,450,RGB,True,
ISIC_0025213.jpg,ISIC_0025213,.jpg,24886,JPEG,600,450,RGB,True,
ISIC_0025214.jpg,ISIC_0025214,.jpg,29595,JPEG,600,450,RGB,True,
ISIC_0025215.jpg,ISIC_0025215,.jpg,27724,JPEG,600,450,RGB,True,
ISIC_0025216.jpg,ISIC_0025216,.jpg,25077,JPEG,600,450,RGB,True,
ISIC_0025217.jpg,ISIC_0025217,.jpg,20178,JPEG,600,450,RGB,True,
ISIC_0025218.jpg,ISIC_0025218,.jpg,33400,JPEG,600,450,RGB,True,
ISIC_0025219.jpg,ISIC_0025219,.jpg,26521,JPEG,600,450,RGB,True,
ISIC_0025220.jpg,ISIC_0025220,.jpg,20183,JPEG,600,450,RGB,True,
ISIC_0025221.jpg,ISIC_0025221,.jpg,33414,JPEG,600,450,RGB,True,
ISIC_0025222.jpg,ISIC_0025222,.jpg,28022,JPEG,600,450,RGB,True,
ISIC_0025223.jpg,ISIC_0025223,.jpg,32406,JPEG,600,450,RGB,True,
ISIC_0025224.jpg,ISIC_0025224,.jpg,33906,JPEG,600,450,RGB,True,
ISIC_0025225.jpg,ISIC_0025225,.jpg,24257,JPEG,600,450,RGB,True,
ISIC_0025226.jpg,ISIC_0025226,.jpg,26754,JPEG,600,450,RGB,True,
ISIC_0025227.jpg,ISIC_0025227,.jpg,33899,JPEG,600,450,RGB,True,
ISIC_0025228.jpg,ISIC_0025228,.jpg,26106,JPEG,600,450,RGB,True,
ISIC_0025229.jpg,ISIC_0025229,.jpg,17749,JPEG,600,450,RGB,True,
ISIC_0025230.jpg,ISIC_0025230,.jpg,23368,JPEG,600,450,RGB,True,
ISIC_0025231.jpg,ISIC_0025231,.jpg,30158,JPEG,600,450,RGB,True,
ISIC_0025232.jpg,ISIC_0025232,.jpg,24381,JPEG,600,450,RGB,True,
ISIC_0025233.jpg,ISIC_0025233,.jpg,27146,JPEG,600,450,RGB,True,
ISIC_0025234.jpg,ISIC_0025234,.jpg,42567,JPEG,600,450,RGB,True,
ISIC_0025235.jpg,ISIC_0025235,.jpg,25888,JPEG,600,450,RGB,True,
ISIC_0025236.jpg,ISIC_0025236,.jpg,36462,JPEG,600,450,RGB,True,
ISIC_0025237.jpg,ISIC_0025237,.jpg,23797,JPEG,600,450,RGB,True,
ISIC_0025238.jpg,ISIC_0025238,.jpg,24603,JPEG,600,450,RGB,True,
ISIC_0025239.jpg,ISIC_0025239,.jpg,22040,JPEG,600,450,RGB,True,
ISIC_0025240.jpg,ISIC_0025240,.jpg,32731,JPEG,600,450,RGB,True,
ISIC_0025241.jpg,ISIC_0025241,.jpg,26130,JPEG,600,450,RGB,True,
ISIC_0025242.jpg,ISIC_0025242,.jpg,25810,JPEG,600,450,RGB,True,
ISIC_0025243.jpg,ISIC_0025243,.jpg,19661,JPEG,600,450,RGB,True,
ISIC_0025244.jpg,ISIC_0025244,.jpg,23185,JPEG,600,450,RGB,True,
ISIC_0025245.jpg,ISIC_0025245,.jpg,33287,JPEG,600,450,RGB,True,
ISIC_0025246.jpg,ISIC_0025246,.jpg,33448,JPEG,600,450,RGB,True,
ISIC_0025247.jpg,ISIC_0025247,.jpg,24813,JPEG,600,450,RGB,True,
ISIC_0025248.jpg,ISIC_0025248,.jpg,39397,JPEG,600,450,RGB,True,
ISIC_0025249.jpg,ISIC_0025249,.jpg,24223,JPEG,600,450,RGB,True,
ISIC_0025250.jpg,ISIC_0025250,.jpg,26427,JPEG,600,450,RGB,True,
ISIC_0025251.jpg,ISIC_0025251,.jpg,27570,JPEG,600,450,RGB,True,
ISIC_0025252.jpg,ISIC_0025252,.jpg,44331,JPEG,600,450,RGB,True,
ISIC_0025253.jpg,ISIC_0025253,.jpg,31953,JPEG,600,450,RGB,True,
ISIC_0025254.jpg,ISIC_0025254,.jpg,28170,JPEG,600,450,RGB,True,
ISIC_0025255.jpg,ISIC_0025255,.jpg,34385,JPEG,600,450,RGB,True,
ISIC_0025256.jpg,ISIC_0025256,.jpg,29528,JPEG,600,450,RGB,True,
ISIC_0025257.jpg,ISIC_0025257,.jpg,28439,JPEG,600,450,RGB,True,
ISIC_0025258.jpg,ISIC_0025258,.jpg,24296,JPEG,600,450,RGB,True,
ISIC_0025259.jpg,ISIC_0025259,.jpg,24574,JPEG,600,450,RGB,True,
ISIC_0025260.jpg,ISIC_0025260,.jpg,34698,JPEG,600,450,RGB,True,
ISIC_0025261.jpg,ISIC_0025261,.jpg,26018,JPEG,600,450,RGB,True,
ISIC_0025262.jpg,ISIC_0025262,.jpg,32058,JPEG,600,450,RGB,True,
ISIC_0025263.jpg,ISIC_0025263,.jpg,39240,JPEG,600,450,RGB,True,
ISIC_0025264.jpg,ISIC_0025264,.jpg,24843,JPEG,600,450,RGB,True,
ISIC_0025265.jpg,ISIC_0025265,.jpg,22051,JPEG,600,450,RGB,True,
ISIC_0025266.jpg,ISIC_0025266,.jpg,32205,JPEG,600,450,RGB,True,
ISIC_0025267.jpg,ISIC_0025267,.jpg,35637,JPEG,600,450,RGB,True,
ISIC_0025268.jpg,ISIC_0025268,.jpg,34602,JPEG,600,450,RGB,True,
ISIC_0025269.jpg,ISIC_0025269,.jpg,29403,JPEG,600,450,RGB,True,
ISIC_0025270.jpg,ISIC_0025270,.jpg,23514,JPEG,600,450,RGB,True,
ISIC_0025271.jpg,ISIC_0025271,.jpg,30174,JPEG,600,450,RGB,True,
ISIC_0025272.jpg,ISIC_0025272,.jpg,25093,JPEG,600,450,RGB,True,
ISIC_0025273.jpg,ISIC_0025273,.jpg,30252,JPEG,600,450,RGB,True,
ISIC_0025274.jpg,ISIC_0025274,.jpg,24922,JPEG,600,450,RGB,True,
ISIC_0025275.jpg,ISIC_0025275,.jpg,18514,JPEG,600,450,RGB,True,
ISIC_0025276.jpg,ISIC_0025276,.jpg,21693,JPEG,600,450,RGB,True,
ISIC_0025277.jpg,ISIC_0025277,.jpg,28436,JPEG,600,450,RGB,True,
ISIC_0025278.jpg,ISIC_0025278,.jpg,31507,JPEG,600,450,RGB,True,
ISIC_0025279.jpg,ISIC_0025279,.jpg,19231,JPEG,600,450,RGB,True,
ISIC_0025280.jpg,ISIC_0025280,.jpg,22500,JPEG,600,450,RGB,True,
ISIC_0025281.jpg,ISIC_0025281,.jpg,20540,JPEG,600,450,RGB,True,
ISIC_0025282.jpg,ISIC_0025282,.jpg,24228,JPEG,600,450,RGB,True,
ISIC_0025283.jpg,ISIC_0025283,.jpg,17608,JPEG,600,450,RGB,True,
ISIC_0025284.jpg,ISIC_0025284,.jpg,28928,JPEG,600,450,RGB,True,
ISIC_0025285.jpg,ISIC_0025285,.jpg,19260,JPEG,600,450,RGB,True,
ISIC_0025286.jpg,ISIC_0025286,.jpg,25215,JPEG,600,450,RGB,True,
ISIC_0025287.jpg,ISIC_0025287,.jpg,24660,JPEG,600,450,RGB,True,
ISIC_0025288.jpg,ISIC_0025288,.jpg,25605,JPEG,600,450,RGB,True,
ISIC_0025289.jpg,ISIC_0025289,.jpg,27735,JPEG,600,450,RGB,True,
ISIC_0025290.jpg,ISIC_0025290,.jpg,23824,JPEG,600,450,RGB,True,
ISIC_0025291.jpg,ISIC_0025291,.jpg,22641,JPEG,600,450,RGB,True,
ISIC_0025292.jpg,ISIC_0025292,.jpg,28061,JPEG,600,450,RGB,True,
ISIC_0025293.jpg,ISIC_0025293,.jpg,27325,JPEG,600,450,RGB,True,
ISIC_0025294.jpg,ISIC_0025294,.jpg,28487,JPEG,600,450,RGB,True,
ISIC_0025295.jpg,ISIC_0025295,.jpg,26328,JPEG,600,450,RGB,True,
ISIC_0025296.jpg,ISIC_0025296,.jpg,22040,JPEG,600,450,RGB,True,
ISIC_0025297.jpg,ISIC_0025297,.jpg,29200,JPEG,600,450,RGB,True,
ISIC_0025298.jpg,ISIC_0025298,.jpg,37357,JPEG,600,450,RGB,True,
ISIC_0025299.jpg,ISIC_0025299,.jpg,20046,JPEG,600,450,RGB,True,
ISIC_0025300.jpg,ISIC_0025300,.jpg,21613,JPEG,600,450,RGB,True,
ISIC_0025301.jpg,ISIC_0025301,.jpg,26140,JPEG,600,450,RGB,True,
ISIC_0025302.jpg,ISIC_0025302,.jpg,25288,JPEG,600,450,RGB,True,
ISIC_0025303.jpg,ISIC_0025303,.jpg,31529,JPEG,600,450,RGB,True,
ISIC_0025304.jpg,ISIC_0025304,.jpg,28116,JPEG,600,450,RGB,True,
ISIC_0025305.jpg,ISIC_0025305,.jpg,26369,JPEG,600,450,RGB,True,
ISIC_0025306.jpg,ISIC_0025306,.jpg,21551,JPEG,600,450,RGB,True,
ISIC_0025307.jpg,ISIC_0025307,.jpg,22875,JPEG,600,450,RGB,True,
ISIC_0025308.jpg,ISIC_0025308,.jpg,23836,JPEG,600,450,RGB,True,
ISIC_0025309.jpg,ISIC_0025309,.jpg,22834,JPEG,600,450,RGB,True,
ISIC_0025310.jpg,ISIC_0025310,.jpg,22095,JPEG,600,450,RGB,True,
ISIC_0025311.jpg,ISIC_0025311,.jpg,30270,JPEG,600,450,RGB,True,
ISIC_0025312.jpg,ISIC_0025312,.jpg,23262,JPEG,600,450,RGB,True,
ISIC_0025313.jpg,ISIC_0025313,.jpg,29120,JPEG,600,450,RGB,True,
ISIC_0025314.jpg,ISIC_0025314,.jpg,30114,JPEG,600,450,RGB,True,
ISIC_0025315.jpg,ISIC_0025315,.jpg,25357,JPEG,600,450,RGB,True,
ISIC_0025316.jpg,ISIC_0025316,.jpg,22573,JPEG,600,450,RGB,True,
ISIC_0025317.jpg,ISIC_0025317,.jpg,37522,JPEG,600,450,RGB,True,
ISIC_0025318.jpg,ISIC_0025318,.jpg,25442,JPEG,600,450,RGB,True,
ISIC_0025319.jpg,ISIC_0025319,.jpg,25097,JPEG,600,450,RGB,True,
ISIC_0025320.jpg,ISIC_0025320,.jpg,21550,JPEG,600,450,RGB,True,
ISIC_0025321.jpg,ISIC_0025321,.jpg,26261,JPEG,600,450,RGB,True,
ISIC_0025322.jpg,ISIC_0025322,.jpg,19971,JPEG,600,450,RGB,True,
ISIC_0025323.jpg,ISIC_0025323,.jpg,24224,JPEG,600,450,RGB,True,
ISIC_0025324.jpg,ISIC_0025324,.jpg,32147,JPEG,600,450,RGB,True,
ISIC_0025325.jpg,ISIC_0025325,.jpg,37792,JPEG,600,450,RGB,True,
ISIC_0025326.jpg,ISIC_0025326,.jpg,29903,JPEG,600,450,RGB,True,
ISIC_0025327.jpg,ISIC_0025327,.jpg,26774,JPEG,600,450,RGB,True,
ISIC_0025328.jpg,ISIC_0025328,.jpg,31794,JPEG,600,450,RGB,True,
ISIC_0025329.jpg,ISIC_0025329,.jpg,20761,JPEG,600,450,RGB,True,
ISIC_0025330.jpg,ISIC_0025330,.jpg,23857,JPEG,600,450,RGB,True,
ISIC_0025331.jpg,ISIC_0025331,.jpg,26333,JPEG,600,450,RGB,True,
ISIC_0025332.jpg,ISIC_0025332,.jpg,18414,JPEG,600,450,RGB,True,
ISIC_0025333.jpg,ISIC_0025333,.jpg,25805,JPEG,600,450,RGB,True,
ISIC_0025334.jpg,ISIC_0025334,.jpg,22641,JPEG,600,450,RGB,True,
ISIC_0025335.jpg,ISIC_0025335,.jpg,28166,JPEG,600,450,RGB,True,
ISIC_0025336.jpg,ISIC_0025336,.jpg,24685,JPEG,600,450,RGB,True,
ISIC_0025337.jpg,ISIC_0025337,.jpg,31845,JPEG,600,450,RGB,True,
ISIC_0025338.jpg,ISIC_0025338,.jpg,29383,JPEG,600,450,RGB,True,
ISIC_0025339.jpg,ISIC_0025339,.jpg,41868,JPEG,600,450,RGB,True,
ISIC_0025340.jpg,ISIC_0025340,.jpg,28670,JPEG,600,450,RGB,True,
ISIC_0025341.jpg,ISIC_0025341,.jpg,19803,JPEG,600,450,RGB,True,
ISIC_0025342.jpg,ISIC_0025342,.jpg,18680,JPEG,600,450,RGB,True,
ISIC_0025343.jpg,ISIC_0025343,.jpg,34250,JPEG,600,450,RGB,True,
ISIC_0025344.jpg,ISIC_0025344,.jpg,25872,JPEG,600,450,RGB,True,
ISIC_0025345.jpg,ISIC_0025345,.jpg,34756,JPEG,600,450,RGB,True,
ISIC_0025346.jpg,ISIC_0025346,.jpg,21321,JPEG,600,450,RGB,True,
ISIC_0025347.jpg,ISIC_0025347,.jpg,23858,JPEG,600,450,RGB,True,
ISIC_0025348.jpg,ISIC_0025348,.jpg,23496,JPEG,600,450,RGB,True,
ISIC_0025349.jpg,ISIC_0025349,.jpg,21903,JPEG,600,450,RGB,True,
ISIC_0025350.jpg,ISIC_0025350,.jpg,28922,JPEG,600,450,RGB,True,
ISIC_0025351.jpg,ISIC_0025351,.jpg,38024,JPEG,600,450,RGB,True,
ISIC_0025352.jpg,ISIC_0025352,.jpg,33511,JPEG,600,450,RGB,True,
ISIC_0025353.jpg,ISIC_0025353,.jpg,32188,JPEG,600,450,RGB,True,
ISIC_0025354.jpg,ISIC_0025354,.jpg,25953,JPEG,600,450,RGB,True,
ISIC_0025355.jpg,ISIC_0025355,.jpg,26461,JPEG,600,450,RGB,True,
ISIC_0025356.jpg,ISIC_0025356,.jpg,21316,JPEG,600,450,RGB,True,
ISIC_0025357.jpg,ISIC_0025357,.jpg,23646,JPEG,600,450,RGB,True,
ISIC_0025358.jpg,ISIC_0025358,.jpg,25968,JPEG,600,450,RGB,True,
ISIC_0025359.jpg,ISIC_0025359,.jpg,39670,JPEG,600,450,RGB,True,
ISIC_0025360.jpg,ISIC_0025360,.jpg,25006,JPEG,600,450,RGB,True,
ISIC_0025361.jpg,ISIC_0025361,.jpg,25495,JPEG,600,450,RGB,True,
ISIC_0025362.jpg,ISIC_0025362,.jpg,24025,JPEG,600,450,RGB,True,
ISIC_0025363.jpg,ISIC_0025363,.jpg,40729,JPEG,600,450,RGB,True,
ISIC_0025364.jpg,ISIC_0025364,.jpg,28513,JPEG,600,450,RGB,True,
ISIC_0025365.jpg,ISIC_0025365,.jpg,32837,JPEG,600,450,RGB,True,
ISIC_0025366.jpg,ISIC_0025366,.jpg,20512,JPEG,600,450,RGB,True,
ISIC_0025367.jpg,ISIC_0025367,.jpg,21633,JPEG,600,450,RGB,True,
ISIC_0025368.jpg,ISIC_0025368,.jpg,25334,JPEG,600,450,RGB,True,
ISIC_0025369.jpg,ISIC_0025369,.jpg,25173,JPEG,600,450,RGB,True,
ISIC_0025370.jpg,ISIC_0025370,.jpg,37874,JPEG,600,450,RGB,True,
ISIC_0025371.jpg,ISIC_0025371,.jpg,28703,JPEG,600,450,RGB,True,
ISIC_0025372.jpg,ISIC_0025372,.jpg,24213,JPEG,600,450,RGB,True,
ISIC_0025373.jpg,ISIC_0025373,.jpg,29479,JPEG,600,450,RGB,True,
ISIC_0025374.jpg,ISIC_0025374,.jpg,30339,JPEG,600,450,RGB,True,
ISIC_0025375.jpg,ISIC_0025375,.jpg,28641,JPEG,600,450,RGB,True,
ISIC_0025376.jpg,ISIC_0025376,.jpg,29528,JPEG,600,450,RGB,True,
ISIC_0025377.jpg,ISIC_0025377,.jpg,26763,JPEG,600,450,RGB,True,
ISIC_0025378.jpg,ISIC_0025378,.jpg,27643,JPEG,600,450,RGB,True,
ISIC_0025379.jpg,ISIC_0025379,.jpg,27371,JPEG,600,450,RGB,True,
ISIC_0025380.jpg,ISIC_0025380,.jpg,19042,JPEG,600,450,RGB,True,
ISIC_0025381.jpg,ISIC_0025381,.jpg,19079,JPEG,600,450,RGB,True,
ISIC_0025382.jpg,ISIC_0025382,.jpg,21373,JPEG,600,450,RGB,True,
ISIC_0025383.jpg,ISIC_0025383,.jpg,26337,JPEG,600,450,RGB,True,
ISIC_0025384.jpg,ISIC_0025384,.jpg,29547,JPEG,600,450,RGB,True,
ISIC_0025385.jpg,ISIC_0025385,.jpg,31101,JPEG,600,450,RGB,True,
ISIC_0025386.jpg,ISIC_0025386,.jpg,32609,JPEG,600,450,RGB,True,
ISIC_0025387.jpg,ISIC_0025387,.jpg,35394,JPEG,600,450,RGB,True,
ISIC_0025388.jpg,ISIC_0025388,.jpg,24927,JPEG,600,450,RGB,True,
ISIC_0025389.jpg,ISIC_0025389,.jpg,32421,JPEG,600,450,RGB,True,
ISIC_0025390.jpg,ISIC_0025390,.jpg,24780,JPEG,600,450,RGB,True,
ISIC_0025391.jpg,ISIC_0025391,.jpg,36313,JPEG,600,450,RGB,True,
ISIC_0025392.jpg,ISIC_0025392,.jpg,32492,JPEG,600,450,RGB,True,
ISIC_0025393.jpg,ISIC_0025393,.jpg,24629,JPEG,600,450,RGB,True,
ISIC_0025394.jpg,ISIC_0025394,.jpg,52040,JPEG,600,450,RGB,True,
ISIC_0025395.jpg,ISIC_0025395,.jpg,22099,JPEG,600,450,RGB,True,
ISIC_0025396.jpg,ISIC_0025396,.jpg,20371,JPEG,600,450,RGB,True,
ISIC_0025397.jpg,ISIC_0025397,.jpg,25519,JPEG,600,450,RGB,True,
ISIC_0025398.jpg,ISIC_0025398,.jpg,34265,JPEG,600,450,RGB,True,
ISIC_0025399.jpg,ISIC_0025399,.jpg,19384,JPEG,600,450,RGB,True,
ISIC_0025400.jpg,ISIC_0025400,.jpg,24645,JPEG,600,450,RGB,True,
ISIC_0025401.jpg,ISIC_0025401,.jpg,29932,JPEG,600,450,RGB,True,
ISIC_0025402.jpg,ISIC_0025402,.jpg,36524,JPEG,600,450,RGB,True,
ISIC_0025403.jpg,ISIC_0025403,.jpg,21579,JPEG,600,450,RGB,True,
ISIC_0025404.jpg,ISIC_0025404,.jpg,19410,JPEG,600,450,RGB,True,
ISIC_0025405.jpg,ISIC_0025405,.jpg,27141,JPEG,600,450,RGB,True,
ISIC_0025406.jpg,ISIC_0025406,.jpg,30861,JPEG,600,450,RGB,True,
ISIC_0025407.jpg,ISIC_0025407,.jpg,32835,JPEG,600,450,RGB,True,
ISIC_0025408.jpg,ISIC_0025408,.jpg,20423,JPEG,600,450,RGB,True,
ISIC_0025409.jpg,ISIC_0025409,.jpg,22884,JPEG,600,450,RGB,True,
ISIC_0025410.jpg,ISIC_0025410,.jpg,20716,JPEG,600,450,RGB,True,
ISIC_0025411.jpg,ISIC_0025411,.jpg,31748,JPEG,600,450,RGB,True,
ISIC_0025412.jpg,ISIC_0025412,.jpg,31129,JPEG,600,450,RGB,True,
ISIC_0025413.jpg,ISIC_0025413,.jpg,31064,JPEG,600,450,RGB,True,
ISIC_0025414.jpg,ISIC_0025414,.jpg,30078,JPEG,600,450,RGB,True,
ISIC_0025415.jpg,ISIC_0025415,.jpg,41469,JPEG,600,450,RGB,True,
ISIC_0025416.jpg,ISIC_0025416,.jpg,31556,JPEG,600,450,RGB,True,
ISIC_0025417.jpg,ISIC_0025417,.jpg,40873,JPEG,600,450,RGB,True,
ISIC_0025418.jpg,ISIC_0025418,.jpg,25220,JPEG,600,450,RGB,True,
ISIC_0025419.jpg,ISIC_0025419,.jpg,30159,JPEG,600,450,RGB,True,
ISIC_0025420.jpg,ISIC_0025420,.jpg,19152,JPEG,600,450,RGB,True,
ISIC_0025421.jpg,ISIC_0025421,.jpg,29773,JPEG,600,450,RGB,True,
ISIC_0025422.jpg,ISIC_0025422,.jpg,31493,JPEG,600,450,RGB,True,
ISIC_0025423.jpg,ISIC_0025423,.jpg,25195,JPEG,600,450,RGB,True,
ISIC_0025424.jpg,ISIC_0025424,.jpg,22477,JPEG,600,450,RGB,True,
ISIC_0025425.jpg,ISIC_0025425,.jpg,25581,JPEG,600,450,RGB,True,
ISIC_0025426.jpg,ISIC_0025426,.jpg,36936,JPEG,600,450,RGB,True,
ISIC_0025427.jpg,ISIC_0025427,.jpg,35414,JPEG,600,450,RGB,True,
ISIC_0025428.jpg,ISIC_0025428,.jpg,26670,JPEG,600,450,RGB,True,
ISIC_0025429.jpg,ISIC_0025429,.jpg,28541,JPEG,600,450,RGB,True,
ISIC_0025430.jpg,ISIC_0025430,.jpg,25726,JPEG,600,450,RGB,True,
ISIC_0025431.jpg,ISIC_0025431,.jpg,28515,JPEG,600,450,RGB,True,
ISIC_0025432.jpg,ISIC_0025432,.jpg,31214,JPEG,600,450,RGB,True,
ISIC_0025433.jpg,ISIC_0025433,.jpg,21961,JPEG,600,450,RGB,True,
ISIC_0025434.jpg,ISIC_0025434,.jpg,28219,JPEG,600,450,RGB,True,
ISIC_0025435.jpg,ISIC_0025435,.jpg,24365,JPEG,600,450,RGB,True,
ISIC_0025436.jpg,ISIC_0025436,.jpg,24083,JPEG,600,450,RGB,True,
ISIC_0025437.jpg,ISIC_0025437,.jpg,21373,JPEG,600,450,RGB,True,
ISIC_0025438.jpg,ISIC_0025438,.jpg,20560,JPEG,600,450,RGB,True,
ISIC_0025439.jpg,ISIC_0025439,.jpg,34368,JPEG,600,450,RGB,True,
ISIC_0025440.jpg,ISIC_0025440,.jpg,27758,JPEG,600,450,RGB,True,
ISIC_0025441.jpg,ISIC_0025441,.jpg,21473,JPEG,600,450,RGB,True,
ISIC_0025442.jpg,ISIC_0025442,.jpg,41855,JPEG,600,450,RGB,True,
ISIC_0025443.jpg,ISIC_0025443,.jpg,31386,JPEG,600,450,RGB,True,
ISIC_0025444.jpg,ISIC_0025444,.jpg,31520,JPEG,600,450,RGB,True,
ISIC_0025445.jpg,ISIC_0025445,.jpg,20814,JPEG,600,450,RGB,True,
ISIC_0025446.jpg,ISIC_0025446,.jpg,22628,JPEG,600,450,RGB,True,
ISIC_0025447.jpg,ISIC_0025447,.jpg,20266,JPEG,600,450,RGB,True,
ISIC_0025448.jpg,ISIC_0025448,.jpg,22152,JPEG,600,450,RGB,True,
ISIC_0025449.jpg,ISIC_0025449,.jpg,34448,JPEG,600,450,RGB,True,
ISIC_0025450.jpg,ISIC_0025450,.jpg,29535,JPEG,600,450,RGB,True,
ISIC_0025451.jpg,ISIC_0025451,.jpg,26225,JPEG,600,450,RGB,True,
ISIC_0025452.jpg,ISIC_0025452,.jpg,22857,JPEG,600,450,RGB,True,
ISIC_0025453.jpg,ISIC_0025453,.jpg,43954,JPEG,600,450,RGB,True,
ISIC_0025454.jpg,ISIC_0025454,.jpg,34267,JPEG,600,450,RGB,True,
ISIC_0025455.jpg,ISIC_0025455,.jpg,26420,JPEG,600,450,RGB,True,
ISIC_0025456.jpg,ISIC_0025456,.jpg,16003,JPEG,600,450,RGB,True,
ISIC_0025457.jpg,ISIC_0025457,.jpg,28552,JPEG,600,450,RGB,True,
ISIC_0025458.jpg,ISIC_0025458,.jpg,21013,JPEG,600,450,RGB,True,
ISIC_0025459.jpg,ISIC_0025459,.jpg,28009,JPEG,600,450,RGB,True,
ISIC_0025460.jpg,ISIC_0025460,.jpg,25038,JPEG,600,450,RGB,True,
ISIC_0025461.jpg,ISIC_0025461,.jpg,36886,JPEG,600,450,RGB,True,
ISIC_0025462.jpg,ISIC_0025462,.jpg,23436,JPEG,600,450,RGB,True,
ISIC_0025463.jpg,ISIC_0025463,.jpg,19874,JPEG,600,450,RGB,True,
ISIC_0025464.jpg,ISIC_0025464,.jpg,35305,JPEG,600,450,RGB,True,
ISIC_0025465.jpg,ISIC_0025465,.jpg,27070,JPEG,600,450,RGB,True,
ISIC_0025466.jpg,ISIC_0025466,.jpg,26609,JPEG,600,450,RGB,True,
ISIC_0025467.jpg,ISIC_0025467,.jpg,36389,JPEG,600,450,RGB,True,
ISIC_0025468.jpg,ISIC_0025468,.jpg,28565,JPEG,600,450,RGB,True,
ISIC_0025469.jpg,ISIC_0025469,.jpg,38431,JPEG,600,450,RGB,True,
ISIC_0025470.jpg,ISIC_0025470,.jpg,25433,JPEG,600,450,RGB,True,
ISIC_0025471.jpg,ISIC_0025471,.jpg,22580,JPEG,600,450,RGB,True,
ISIC_0025472.jpg,ISIC_0025472,.jpg,42673,JPEG,600,450,RGB,True,
ISIC_0025473.jpg,ISIC_0025473,.jpg,20248,JPEG,600,450,RGB,True,
ISIC_0025474.jpg,ISIC_0025474,.jpg,25530,JPEG,600,450,RGB,True,
ISIC_0025475.jpg,ISIC_0025475,.jpg,25910,JPEG,600,450,RGB,True,
ISIC_0025476.jpg,ISIC_0025476,.jpg,31359,JPEG,600,450,RGB,True,
ISIC_0025477.jpg,ISIC_0025477,.jpg,24405,JPEG,600,450,RGB,True,
ISIC_0025478.jpg,ISIC_0025478,.jpg,23997,JPEG,600,450,RGB,True,
ISIC_0025479.jpg,ISIC_0025479,.jpg,21085,JPEG,600,450,RGB,True,
ISIC_0025480.jpg,ISIC_0025480,.jpg,24740,JPEG,600,450,RGB,True,
ISIC_0025481.jpg,ISIC_0025481,.jpg,23980,JPEG,600,450,RGB,True,
ISIC_0025482.jpg,ISIC_0025482,.jpg,30638,JPEG,600,450,RGB,True,
ISIC_0025483.jpg,ISIC_0025483,.jpg,23702,JPEG,600,450,RGB,True,
ISIC_0025484.jpg,ISIC_0025484,.jpg,26706,JPEG,600,450,RGB,True,
ISIC_0025485.jpg,ISIC_0025485,.jpg,33357,JPEG,600,450,RGB,True,
ISIC_0025486.jpg,ISIC_0025486,.jpg,21333,JPEG,600,450,RGB,True,
ISIC_0025487.jpg,ISIC_0025487,.jpg,34708,JPEG,600,450,RGB,True,
ISIC_0025488.jpg,ISIC_0025488,.jpg,26623,JPEG,600,450,RGB,True,
ISIC_0025489.jpg,ISIC_0025489,.jpg,20527,JPEG,600,450,RGB,True,
ISIC_0025490.jpg,ISIC_0025490,.jpg,33343,JPEG,600,450,RGB,True,
ISIC_0025491.jpg,ISIC_0025491,.jpg,39221,JPEG,600,450,RGB,True,
ISIC_0025492.jpg,ISIC_0025492,.jpg,26526,JPEG,600,450,RGB,True,
ISIC_0025493.jpg,ISIC_0025493,.jpg,16509,JPEG,600,450,RGB,True,
ISIC_0025494.jpg,ISIC_0025494,.jpg,34569,JPEG,600,450,RGB,True,
ISIC_0025495.jpg,ISIC_0025495,.jpg,37213,JPEG,600,450,RGB,True,
ISIC_0025496.jpg,ISIC_0025496,.jpg,23719,JPEG,600,450,RGB,True,
ISIC_0025497.jpg,ISIC_0025497,.jpg,26516,JPEG,600,450,RGB,True,
ISIC_0025498.jpg,ISIC_0025498,.jpg,20550,JPEG,600,450,RGB,True,
ISIC_0025499.jpg,ISIC_0025499,.jpg,24877,JPEG,600,450,RGB,True,
ISIC_0025500.jpg,ISIC_0025500,.jpg,36720,JPEG,600,450,RGB,True,
ISIC_0025501.jpg,ISIC_0025501,.jpg,36766,JPEG,600,450,RGB,True,
ISIC_0025502.jpg,ISIC_0025502,.jpg,22659,JPEG,600,450,RGB,True,
ISIC_0025503.jpg,ISIC_0025503,.jpg,26145,JPEG,600,450,RGB,True,
ISIC_0025504.jpg,ISIC_0025504,.jpg,19406,JPEG,600,450,RGB,True,
ISIC_0025505.jpg,ISIC_0025505,.jpg,26506,JPEG,600,450,RGB,True,
ISIC_0025506.jpg,ISIC_0025506,.jpg,23931,JPEG,600,450,RGB,True,
ISIC_0025507.jpg,ISIC_0025507,.jpg,28025,JPEG,600,450,RGB,True,
ISIC_0025508.jpg,ISIC_0025508,.jpg,34870,JPEG,600,450,RGB,True,
ISIC_0025509.jpg,ISIC_0025509,.jpg,21200,JPEG,600,450,RGB,True,
ISIC_0025510.jpg,ISIC_0025510,.jpg,26571,JPEG,600,450,RGB,True,
ISIC_0025511.jpg,ISIC_0025511,.jpg,33429,JPEG,600,450,RGB,True,
ISIC_0025512.jpg,ISIC_0025512,.jpg,30198,JPEG,600,450,RGB,True,
ISIC_0025513.jpg,ISIC_0025513,.jpg,23555,JPEG,600,450,RGB,True,
ISIC_0025514.jpg,ISIC_0025514,.jpg,29787,JPEG,600,450,RGB,True,
ISIC_0025515.jpg,ISIC_0025515,.jpg,26100,JPEG,600,450,RGB,True,
ISIC_0025516.jpg,ISIC_0025516,.jpg,30051,JPEG,600,450,RGB,True,
ISIC_0025517.jpg,ISIC_0025517,.jpg,17532,JPEG,600,450,RGB,True,
ISIC_0025518.jpg,ISIC_0025518,.jpg,22764,JPEG,600,450,RGB,True,
ISIC_0025519.jpg,ISIC_0025519,.jpg,43733,JPEG,600,450,RGB,True,
ISIC_0025520.jpg,ISIC_0025520,.jpg,36775,JPEG,600,450,RGB,True,
ISIC_0025521.jpg,ISIC_0025521,.jpg,21779,JPEG,600,450,RGB,True,
ISIC_0025522.jpg,ISIC_0025522,.jpg,29388,JPEG,600,450,RGB,True,
ISIC_0025523.jpg,ISIC_0025523,.jpg,19353,JPEG,600,450,RGB,True,
ISIC_0025524.jpg,ISIC_0025524,.jpg,33327,JPEG,600,450,RGB,True,
ISIC_0025525.jpg,ISIC_0025525,.jpg,28328,JPEG,600,450,RGB,True,
ISIC_0025526.jpg,ISIC_0025526,.jpg,40869,JPEG,600,450,RGB,True,
ISIC_0025527.jpg,ISIC_0025527,.jpg,24010,JPEG,600,450,RGB,True,
ISIC_0025528.jpg,ISIC_0025528,.jpg,33912,JPEG,600,450,RGB,True,
ISIC_0025529.jpg,ISIC_0025529,.jpg,28913,JPEG,600,450,RGB,True,
ISIC_0025530.jpg,ISIC_0025530,.jpg,28586,JPEG,600,450,RGB,True,
ISIC_0025531.jpg,ISIC_0025531,.jpg,28022,JPEG,600,450,RGB,True,
ISIC_0025532.jpg,ISIC_0025532,.jpg,26356,JPEG,600,450,RGB,True,
ISIC_0025533.jpg,ISIC_0025533,.jpg,18562,JPEG,600,450,RGB,True,
ISIC_0025534.jpg,ISIC_0025534,.jpg,29675,JPEG,600,450,RGB,True,
ISIC_0025535.jpg,ISIC_0025535,.jpg,21665,JPEG,600,450,RGB,True,
ISIC_0025536.jpg,ISIC_0025536,.jpg,27825,JPEG,600,450,RGB,True,
ISIC_0025537.jpg,ISIC_0025537,.jpg,34782,JPEG,600,450,RGB,True,
ISIC_0025538.jpg,ISIC_0025538,.jpg,30194,JPEG,600,450,RGB,True,
ISIC_0025539.jpg,ISIC_0025539,.jpg,35743,JPEG,600,450,RGB,True,
ISIC_0025540.jpg,ISIC_0025540,.jpg,21753,JPEG,600,450,RGB,True,
ISIC_0025541.jpg,ISIC_0025541,.jpg,21384,JPEG,600,450,RGB,True,
ISIC_0025542.jpg,ISIC_0025542,.jpg,29079,JPEG,600,450,RGB,True,
ISIC_0025543.jpg,ISIC_0025543,.jpg,33219,JPEG,600,450,RGB,True,
ISIC_0025544.jpg,ISIC_0025544,.jpg,34751,JPEG,600,450,RGB,True,
ISIC_0025545.jpg,ISIC_0025545,.jpg,27456,JPEG,600,450,RGB,True,
ISIC_0025546.jpg,ISIC_0025546,.jpg,28812,JPEG,600,450,RGB,True,
ISIC_0025547.jpg,ISIC_0025547,.jpg,19325,JPEG,600,450,RGB,True,
ISIC_0025548.jpg,ISIC_0025548,.jpg,26403,JPEG,600,450,RGB,True,
ISIC_0025549.jpg,ISIC_0025549,.jpg,23667,JPEG,600,450,RGB,True,
ISIC_0025550.jpg,ISIC_0025550,.jpg,21174,JPEG,600,450,RGB,True,
ISIC_0025551.jpg,ISIC_0025551,.jpg,23691,JPEG,600,450,RGB,True,
ISIC_0025552.jpg,ISIC_0025552,.jpg,21366,JPEG,600,450,RGB,True,
ISIC_0025553.jpg,ISIC_0025553,.jpg,22569,JPEG,600,450,RGB,True,
ISIC_0025554.jpg,ISIC_0025554,.jpg,28421,JPEG,600,450,RGB,True,
ISIC_0025555.jpg,ISIC_0025555,.jpg,23053,JPEG,600,450,RGB,True,
ISIC_0025556.jpg,ISIC_0025556,.jpg,22725,JPEG,600,450,RGB,True,
ISIC_0025557.jpg,ISIC_0025557,.jpg,31002,JPEG,600,450,RGB,True,
ISIC_0025558.jpg,ISIC_0025558,.jpg,29945,JPEG,600,450,RGB,True,
ISIC_0025559.jpg,ISIC_0025559,.jpg,40974,JPEG,600,450,RGB,True,
ISIC_0025560.jpg,ISIC_0025560,.jpg,22687,JPEG,600,450,RGB,True,
ISIC_0025561.jpg,ISIC_0025561,.jpg,24785,JPEG,600,450,RGB,True,
ISIC_0025562.jpg,ISIC_0025562,.jpg,28550,JPEG,600,450,RGB,True,
ISIC_0025563.jpg,ISIC_0025563,.jpg,23714,JPEG,600,450,RGB,True,
ISIC_0025564.jpg,ISIC_0025564,.jpg,35357,JPEG,600,450,RGB,True,
ISIC_0025565.jpg,ISIC_0025565,.jpg,21886,JPEG,600,450,RGB,True,
ISIC_0025566.jpg,ISIC_0025566,.jpg,22824,JPEG,600,450,RGB,True,
ISIC_0025567.jpg,ISIC_0025567,.jpg,26428,JPEG,600,450,RGB,True,
ISIC_0025568.jpg,ISIC_0025568,.jpg,25475,JPEG,600,450,RGB,True,
ISIC_0025569.jpg,ISIC_0025569,.jpg,26253,JPEG,600,450,RGB,True,
ISIC_0025570.jpg,ISIC_0025570,.jpg,38249,JPEG,600,450,RGB,True,
ISIC_0025571.jpg,ISIC_0025571,.jpg,19149,JPEG,600,450,RGB,True,
ISIC_0025572.jpg,ISIC_0025572,.jpg,26459,JPEG,600,450,RGB,True,
ISIC_0025573.jpg,ISIC_0025573,.jpg,26314,JPEG,600,450,RGB,True,
ISIC_0025574.jpg,ISIC_0025574,.jpg,29272,JPEG,600,450,RGB,True,
ISIC_0025575.jpg,ISIC_0025575,.jpg,24025,JPEG,600,450,RGB,True,
ISIC_0025576.jpg,ISIC_0025576,.jpg,26557,JPEG,600,450,RGB,True,
ISIC_0025577.jpg,ISIC_0025577,.jpg,25771,JPEG,600,450,RGB,True,
ISIC_0025578.jpg,ISIC_0025578,.jpg,24248,JPEG,600,450,RGB,True,
ISIC_0025579.jpg,ISIC_0025579,.jpg,20366,JPEG,600,450,RGB,True,
ISIC_0025580.jpg,ISIC_0025580,.jpg,26287,JPEG,600,450,RGB,True,
ISIC_0025581.jpg,ISIC_0025581,.jpg,19029,JPEG,600,450,RGB,True,
ISIC_0025582.jpg,ISIC_0025582,.jpg,25600,JPEG,600,450,RGB,True,
ISIC_0025583.jpg,ISIC_0025583,.jpg,31645,JPEG,600,450,RGB,True,
ISIC_0025584.jpg,ISIC_0025584,.jpg,66224,JPEG,600,450,RGB,True,
ISIC_0025585.jpg,ISIC_0025585,.jpg,24720,JPEG,600,450,RGB,True,
ISIC_0025586.jpg,ISIC_0025586,.jpg,25136,JPEG,600,450,RGB,True,
ISIC_0025587.jpg,ISIC_0025587,.jpg,20958,JPEG,600,450,RGB,True,
ISIC_0025588.jpg,ISIC_0025588,.jpg,21937,JPEG,600,450,RGB,True,
ISIC_0025589.jpg,ISIC_0025589,.jpg,26239,JPEG,600,450,RGB,True,
ISIC_0025590.jpg,ISIC_0025590,.jpg,25423,JPEG,600,450,RGB,True,
ISIC_0025591.jpg,ISIC_0025591,.jpg,22829,JPEG,600,450,RGB,True,
ISIC_0025592.jpg,ISIC_0025592,.jpg,26764,JPEG,600,450,RGB,True,
ISIC_0025593.jpg,ISIC_0025593,.jpg,32420,JPEG,600,450,RGB,True,
ISIC_0025594.jpg,ISIC_0025594,.jpg,32076,JPEG,600,450,RGB,True,
ISIC_0025595.jpg,ISIC_0025595,.jpg,27276,JPEG,600,450,RGB,True,
ISIC_0025596.jpg,ISIC_0025596,.jpg,26201,JPEG,600,450,RGB,True,
ISIC_0025597.jpg,ISIC_0025597,.jpg,25334,JPEG,600,450,RGB,True,
ISIC_0025598.jpg,ISIC_0025598,.jpg,24123,JPEG,600,450,RGB,True,
ISIC_0025599.jpg,ISIC_0025599,.jpg,18469,JPEG,600,450,RGB,True,
ISIC_0025600.jpg,ISIC_0025600,.jpg,52074,JPEG,600,450,RGB,True,
ISIC_0025601.jpg,ISIC_0025601,.jpg,20602,JPEG,600,450,RGB,True,
ISIC_0025602.jpg,ISIC_0025602,.jpg,20755,JPEG,600,450,RGB,True,
ISIC_0025603.jpg,ISIC_0025603,.jpg,27044,JPEG,600,450,RGB,True,
ISIC_0025604.jpg,ISIC_0025604,.jpg,25837,JPEG,600,450,RGB,True,
ISIC_0025605.jpg,ISIC_0025605,.jpg,27573,JPEG,600,450,RGB,True,
ISIC_0025606.jpg,ISIC_0025606,.jpg,28151,JPEG,600,450,RGB,True,
ISIC_0025607.jpg,ISIC_0025607,.jpg,35443,JPEG,600,450,RGB,True,
ISIC_0025608.jpg,ISIC_0025608,.jpg,23149,JPEG,600,450,RGB,True,
ISIC_0025609.jpg,ISIC_0025609,.jpg,22581,JPEG,600,450,RGB,True,
ISIC_0025610.jpg,ISIC_0025610,.jpg,21668,JPEG,600,450,RGB,True,
ISIC_0025611.jpg,ISIC_0025611,.jpg,22700,JPEG,600,450,RGB,True,
ISIC_0025612.jpg,ISIC_0025612,.jpg,26109,JPEG,600,450,RGB,True,
ISIC_0025613.jpg,ISIC_0025613,.jpg,48552,JPEG,600,450,RGB,True,
ISIC_0025614.jpg,ISIC_0025614,.jpg,25671,JPEG,600,450,RGB,True,
ISIC_0025615.jpg,ISIC_0025615,.jpg,37768,JPEG,600,450,RGB,True,
ISIC_0025616.jpg,ISIC_0025616,.jpg,31433,JPEG,600,450,RGB,True,
ISIC_0025617.jpg,ISIC_0025617,.jpg,35331,JPEG,600,450,RGB,True,
ISIC_0025618.jpg,ISIC_0025618,.jpg,38276,JPEG,600,450,RGB,True,
ISIC_0025619.jpg,ISIC_0025619,.jpg,25304,JPEG,600,450,RGB,True,
ISIC_0025620.jpg,ISIC_0025620,.jpg,40529,JPEG,600,450,RGB,True,
ISIC_0025621.jpg,ISIC_0025621,.jpg,24724,JPEG,600,450,RGB,True,
ISIC_0025622.jpg,ISIC_0025622,.jpg,37845,JPEG,600,450,RGB,True,
ISIC_0025623.jpg,ISIC_0025623,.jpg,32816,JPEG,600,450,RGB,True,
ISIC_0025624.jpg,ISIC_0025624,.jpg,24075,JPEG,600,450,RGB,True,
ISIC_0025625.jpg,ISIC_0025625,.jpg,23890,JPEG,600,450,RGB,True,
ISIC_0025626.jpg,ISIC_0025626,.jpg,22482,JPEG,600,450,RGB,True,
ISIC_0025627.jpg,ISIC_0025627,.jpg,23388,JPEG,600,450,RGB,True,
ISIC_0025628.jpg,ISIC_0025628,.jpg,24070,JPEG,600,450,RGB,True,
ISIC_0025629.jpg,ISIC_0025629,.jpg,24504,JPEG,600,450,RGB,True,
ISIC_0025630.jpg,ISIC_0025630,.jpg,19281,JPEG,600,450,RGB,True,
ISIC_0025631.jpg,ISIC_0025631,.jpg,20641,JPEG,600,450,RGB,True,
ISIC_0025632.jpg,ISIC_0025632,.jpg,20371,JPEG,600,450,RGB,True,
ISIC_0025633.jpg,ISIC_0025633,.jpg,37398,JPEG,600,450,RGB,True,
ISIC_0025634.jpg,ISIC_0025634,.jpg,27607,JPEG,600,450,RGB,True,
ISIC_0025635.jpg,ISIC_0025635,.jpg,34513,JPEG,600,450,RGB,True,
ISIC_0025636.jpg,ISIC_0025636,.jpg,30561,JPEG,600,450,RGB,True,
ISIC_0025637.jpg,ISIC_0025637,.jpg,28353,JPEG,600,450,RGB,True,
ISIC_0025638.jpg,ISIC_0025638,.jpg,26633,JPEG,600,450,RGB,True,
ISIC_0025639.jpg,ISIC_0025639,.jpg,23660,JPEG,600,450,RGB,True,
ISIC_0025640.jpg,ISIC_0025640,.jpg,19248,JPEG,600,450,RGB,True,
ISIC_0025641.jpg,ISIC_0025641,.jpg,26285,JPEG,600,450,RGB,True,
ISIC_0025642.jpg,ISIC_0025642,.jpg,24496,JPEG,600,450,RGB,True,
ISIC_0025643.jpg,ISIC_0025643,.jpg,27260,JPEG,600,450,RGB,True,
ISIC_0025644.jpg,ISIC_0025644,.jpg,26380,JPEG,600,450,RGB,True,
ISIC_0025645.jpg,ISIC_0025645,.jpg,25592,JPEG,600,450,RGB,True,
ISIC_0025646.jpg,ISIC_0025646,.jpg,23423,JPEG,600,450,RGB,True,
ISIC_0025647.jpg,ISIC_0025647,.jpg,25451,JPEG,600,450,RGB,True,
ISIC_0025648.jpg,ISIC_0025648,.jpg,31241,JPEG,600,450,RGB,True,
ISIC_0025649.jpg,ISIC_0025649,.jpg,28583,JPEG,600,450,RGB,True,
ISIC_0025650.jpg,ISIC_0025650,.jpg,23420,JPEG,600,450,RGB,True,
ISIC_0025651.jpg,ISIC_0025651,.jpg,41872,JPEG,600,450,RGB,True,
ISIC_0025652.jpg,ISIC_0025652,.jpg,23836,JPEG,600,450,RGB,True,
ISIC_0025653.jpg,ISIC_0025653,.jpg,27024,JPEG,600,450,RGB,True,
ISIC_0025654.jpg,ISIC_0025654,.jpg,28445,JPEG,600,450,RGB,True,
ISIC_0025655.jpg,ISIC_0025655,.jpg,24634,JPEG,600,450,RGB,True,
ISIC_0025656.jpg,ISIC_0025656,.jpg,35951,JPEG,600,450,RGB,True,
ISIC_0025657.jpg,ISIC_0025657,.jpg,24054,JPEG,600,450,RGB,True,
ISIC_0025658.jpg,ISIC_0025658,.jpg,25532,JPEG,600,450,RGB,True,
ISIC_0025659.jpg,ISIC_0025659,.jpg,31631,JPEG,600,450,RGB,True,
ISIC_0025660.jpg,ISIC_0025660,.jpg,20503,JPEG,600,450,RGB,True,
ISIC_0025661.jpg,ISIC_0025661,.jpg,39037,JPEG,600,450,RGB,True,
ISIC_0025662.jpg,ISIC_0025662,.jpg,24731,JPEG,600,450,RGB,True,
ISIC_0025663.jpg,ISIC_0025663,.jpg,26395,JPEG,600,450,RGB,True,
ISIC_0025664.jpg,ISIC_0025664,.jpg,28386,JPEG,600,450,RGB,True,
ISIC_0025665.jpg,ISIC_0025665,.jpg,24584,JPEG,600,450,RGB,True,
ISIC_0025666.jpg,ISIC_0025666,.jpg,26780,JPEG,600,450,RGB,True,
ISIC_0025667.jpg,ISIC_0025667,.jpg,23789,JPEG,600,450,RGB,True,
ISIC_0025668.jpg,ISIC_0025668,.jpg,27897,JPEG,600,450,RGB,True,
ISIC_0025669.jpg,ISIC_0025669,.jpg,24980,JPEG,600,450,RGB,True,
ISIC_0025670.jpg,ISIC_0025670,.jpg,23013,JPEG,600,450,RGB,True,
ISIC_0025671.jpg,ISIC_0025671,.jpg,19800,JPEG,600,450,RGB,True,
ISIC_0025672.jpg,ISIC_0025672,.jpg,31181,JPEG,600,450,RGB,True,
ISIC_0025673.jpg,ISIC_0025673,.jpg,24807,JPEG,600,450,RGB,True,
ISIC_0025674.jpg,ISIC_0025674,.jpg,25236,JPEG,600,450,RGB,True,
ISIC_0025675.jpg,ISIC_0025675,.jpg,29913,JPEG,600,450,RGB,True,
ISIC_0025676.jpg,ISIC_0025676,.jpg,32881,JPEG,600,450,RGB,True,
ISIC_0025677.jpg,ISIC_0025677,.jpg,25223,JPEG,600,450,RGB,True,
ISIC_0025678.jpg,ISIC_0025678,.jpg,34719,JPEG,600,450,RGB,True,
ISIC_0025679.jpg,ISIC_0025679,.jpg,29107,JPEG,600,450,RGB,True,
ISIC_0025680.jpg,ISIC_0025680,.jpg,21624,JPEG,600,450,RGB,True,
ISIC_0025681.jpg,ISIC_0025681,.jpg,31661,JPEG,600,450,RGB,True,
ISIC_0025682.jpg,ISIC_0025682,.jpg,20461,JPEG,600,450,RGB,True,
ISIC_0025683.jpg,ISIC_0025683,.jpg,25943,JPEG,600,450,RGB,True,
ISIC_0025684.jpg,ISIC_0025684,.jpg,37727,JPEG,600,450,RGB,True,
ISIC_0025685.jpg,ISIC_0025685,.jpg,26949,JPEG,600,450,RGB,True,
ISIC_0025686.jpg,ISIC_0025686,.jpg,25607,JPEG,600,450,RGB,True,
ISIC_0025687.jpg,ISIC_0025687,.jpg,28273,JPEG,600,450,RGB,True,
ISIC_0025688.jpg,ISIC_0025688,.jpg,19382,JPEG,600,450,RGB,True,
ISIC_0025689.jpg,ISIC_0025689,.jpg,21498,JPEG,600,450,RGB,True,
ISIC_0025690.jpg,ISIC_0025690,.jpg,26466,JPEG,600,450,RGB,True,
ISIC_0025691.jpg,ISIC_0025691,.jpg,20045,JPEG,600,450,RGB,True,
ISIC_0025692.jpg,ISIC_0025692,.jpg,28867,JPEG,600,450,RGB,True,
ISIC_0025693.jpg,ISIC_0025693,.jpg,23330,JPEG,600,450,RGB,True,
ISIC_0025694.jpg,ISIC_0025694,.jpg,21010,JPEG,600,450,RGB,True,
ISIC_0025695.jpg,ISIC_0025695,.jpg,31286,JPEG,600,450,RGB,True,
ISIC_0025696.jpg,ISIC_0025696,.jpg,32556,JPEG,600,450,RGB,True,
ISIC_0025697.jpg,ISIC_0025697,.jpg,25206,JPEG,600,450,RGB,True,
ISIC_0025698.jpg,ISIC_0025698,.jpg,30680,JPEG,600,450,RGB,True,
ISIC_0025699.jpg,ISIC_0025699,.jpg,18476,JPEG,600,450,RGB,True,
ISIC_0025700.jpg,ISIC_0025700,.jpg,29827,JPEG,600,450,RGB,True,
ISIC_0025701.jpg,ISIC_0025701,.jpg,25737,JPEG,600,450,RGB,True,
ISIC_0025702.jpg,ISIC_0025702,.jpg,26178,JPEG,600,450,RGB,True,
ISIC_0025703.jpg,ISIC_0025703,.jpg,33399,JPEG,600,450,RGB,True,
ISIC_0025704.jpg,ISIC_0025704,.jpg,21975,JPEG,600,450,RGB,True,
ISIC_0025705.jpg,ISIC_0025705,.jpg,27797,JPEG,600,450,RGB,True,
ISIC_0025706.jpg,ISIC_0025706,.jpg,25322,JPEG,600,450,RGB,True,
ISIC_0025707.jpg,ISIC_0025707,.jpg,23793,JPEG,600,450,RGB,True,
ISIC_0025708.jpg,ISIC_0025708,.jpg,26119,JPEG,600,450,RGB,True,
ISIC_0025709.jpg,ISIC_0025709,.jpg,28907,JPEG,600,450,RGB,True,
ISIC_0025710.jpg,ISIC_0025710,.jpg,30877,JPEG,600,450,RGB,True,
ISIC_0025711.jpg,ISIC_0025711,.jpg,20315,JPEG,600,450,RGB,True,
ISIC_0025712.jpg,ISIC_0025712,.jpg,29622,JPEG,600,450,RGB,True,
ISIC_0025713.jpg,ISIC_0025713,.jpg,22218,JPEG,600,450,RGB,True,
ISIC_0025714.jpg,ISIC_0025714,.jpg,22329,JPEG,600,450,RGB,True,
ISIC_0025715.jpg,ISIC_0025715,.jpg,25396,JPEG,600,450,RGB,True,
ISIC_0025716.jpg,ISIC_0025716,.jpg,28993,JPEG,600,450,RGB,True,
ISIC_0025717.jpg,ISIC_0025717,.jpg,23688,JPEG,600,450,RGB,True,
ISIC_0025718.jpg,ISIC_0025718,.jpg,33630,JPEG,600,450,RGB,True,
ISIC_0025719.jpg,ISIC_0025719,.jpg,36508,JPEG,600,450,RGB,True,
ISIC_0025720.jpg,ISIC_0025720,.jpg,27252,JPEG,600,450,RGB,True,
ISIC_0025721.jpg,ISIC_0025721,.jpg,29550,JPEG,600,450,RGB,True,
ISIC_0025722.jpg,ISIC_0025722,.jpg,33261,JPEG,600,450,RGB,True,
ISIC_0025723.jpg,ISIC_0025723,.jpg,22319,JPEG,600,450,RGB,True,
ISIC_0025724.jpg,ISIC_0025724,.jpg,17402,JPEG,600,450,RGB,True,
ISIC_0025725.jpg,ISIC_0025725,.jpg,26529,JPEG,600,450,RGB,True,
ISIC_0025726.jpg,ISIC_0025726,.jpg,33796,JPEG,600,450,RGB,True,
ISIC_0025727.jpg,ISIC_0025727,.jpg,25110,JPEG,600,450,RGB,True,
ISIC_0025728.jpg,ISIC_0025728,.jpg,31112,JPEG,600,450,RGB,True,
ISIC_0025729.jpg,ISIC_0025729,.jpg,21204,JPEG,600,450,RGB,True,
ISIC_0025730.jpg,ISIC_0025730,.jpg,21487,JPEG,600,450,RGB,True,
ISIC_0025731.jpg,ISIC_0025731,.jpg,24826,JPEG,600,450,RGB,True,
ISIC_0025732.jpg,ISIC_0025732,.jpg,36366,JPEG,600,450,RGB,True,
ISIC_0025733.jpg,ISIC_0025733,.jpg,22354,JPEG,600,450,RGB,True,
ISIC_0025734.jpg,ISIC_0025734,.jpg,37180,JPEG,600,450,RGB,True,
ISIC_0025735.jpg,ISIC_0025735,.jpg,27429,JPEG,600,450,RGB,True,
ISIC_0025736.jpg,ISIC_0025736,.jpg,25494,JPEG,600,450,RGB,True,
ISIC_0025737.jpg,ISIC_0025737,.jpg,30621,JPEG,600,450,RGB,True,
ISIC_0025738.jpg,ISIC_0025738,.jpg,40677,JPEG,600,450,RGB,True,
ISIC_0025739.jpg,ISIC_0025739,.jpg,23489,JPEG,600,450,RGB,True,
ISIC_0025740.jpg,ISIC_0025740,.jpg,25019,JPEG,600,450,RGB,True,
ISIC_0025741.jpg,ISIC_0025741,.jpg,27325,JPEG,600,450,RGB,True,
ISIC_0025742.jpg,ISIC_0025742,.jpg,25996,JPEG,600,450,RGB,True,
ISIC_0025743.jpg,ISIC_0025743,.jpg,33364,JPEG,600,450,RGB,True,
ISIC_0025744.jpg,ISIC_0025744,.jpg,29900,JPEG,600,450,RGB,True,
ISIC_0025745.jpg,ISIC_0025745,.jpg,26504,JPEG,600,450,RGB,True,
ISIC_0025746.jpg,ISIC_0025746,.jpg,25645,JPEG,600,450,RGB,True,
ISIC_0025747.jpg,ISIC_0025747,.jpg,26171,JPEG,600,450,RGB,True,
ISIC_0025748.jpg,ISIC_0025748,.jpg,24241,JPEG,600,450,RGB,True,
ISIC_0025749.jpg,ISIC_0025749,.jpg,26018,JPEG,600,450,RGB,True,
ISIC_0025750.jpg,ISIC_0025750,.jpg,22723,JPEG,600,450,RGB,True,
ISIC_0025751.jpg,ISIC_0025751,.jpg,26105,JPEG,600,450,RGB,True,
ISIC_0025752.jpg,ISIC_0025752,.jpg,29299,JPEG,600,450,RGB,True,
ISIC_0025753.jpg,ISIC_0025753,.jpg,45333,JPEG,600,450,RGB,True,
ISIC_0025754.jpg,ISIC_0025754,.jpg,22633,JPEG,600,450,RGB,True,
ISIC_0025755.jpg,ISIC_0025755,.jpg,32273,JPEG,600,450,RGB,True,
ISIC_0025756.jpg,ISIC_0025756,.jpg,18841,JPEG,600,450,RGB,True,
ISIC_0025757.jpg,ISIC_0025757,.jpg,22235,JPEG,600,450,RGB,True,
ISIC_0025758.jpg,ISIC_0025758,.jpg,30131,JPEG,600,450,RGB,True,
ISIC_0025759.jpg,ISIC_0025759,.jpg,20525,JPEG,600,450,RGB,True,
ISIC_0025760.jpg,ISIC_0025760,.jpg,21857,JPEG,600,450,RGB,True,
ISIC_0025761.jpg,ISIC_0025761,.jpg,25312,JPEG,600,450,RGB,True,
ISIC_0025762.jpg,ISIC_0025762,.jpg,34158,JPEG,600,450,RGB,True,
ISIC_0025763.jpg,ISIC_0025763,.jpg,17100,JPEG,600,450,RGB,True,
ISIC_0025764.jpg,ISIC_0025764,.jpg,21608,JPEG,600,450,RGB,True,
ISIC_0025765.jpg,ISIC_0025765,.jpg,24444,JPEG,600,450,RGB,True,
ISIC_0025766.jpg,ISIC_0025766,.jpg,27397,JPEG,600,450,RGB,True,
ISIC_0025767.jpg,ISIC_0025767,.jpg,25055,JPEG,600,450,RGB,True,
ISIC_0025768.jpg,ISIC_0025768,.jpg,25629,JPEG,600,450,RGB,True,
ISIC_0025769.jpg,ISIC_0025769,.jpg,28954,JPEG,600,450,RGB,True,
ISIC_0025770.jpg,ISIC_0025770,.jpg,25259,JPEG,600,450,RGB,True,
ISIC_0025771.jpg,ISIC_0025771,.jpg,34094,JPEG,600,450,RGB,True,
ISIC_0025772.jpg,ISIC_0025772,.jpg,31540,JPEG,600,450,RGB,True,
ISIC_0025773.jpg,ISIC_0025773,.jpg,26733,JPEG,600,450,RGB,True,
ISIC_0025774.jpg,ISIC_0025774,.jpg,26487,JPEG,600,450,RGB,True,
ISIC_0025775.jpg,ISIC_0025775,.jpg,28145,JPEG,600,450,RGB,True,
ISIC_0025776.jpg,ISIC_0025776,.jpg,31682,JPEG,600,450,RGB,True,
ISIC_0025777.jpg,ISIC_0025777,.jpg,27378,JPEG,600,450,RGB,True,
ISIC_0025778.jpg,ISIC_0025778,.jpg,34101,JPEG,600,450,RGB,True,
ISIC_0025779.jpg,ISIC_0025779,.jpg,35068,JPEG,600,450,RGB,True,
ISIC_0025780.jpg,ISIC_0025780,.jpg,31381,JPEG,600,450,RGB,True,
ISIC_0025781.jpg,ISIC_0025781,.jpg,27848,JPEG,600,450,RGB,True,
ISIC_0025782.jpg,ISIC_0025782,.jpg,39674,JPEG,600,450,RGB,True,
ISIC_0025783.jpg,ISIC_0025783,.jpg,21539,JPEG,600,450,RGB,True,
ISIC_0025784.jpg,ISIC_0025784,.jpg,22560,JPEG,600,450,RGB,True,
ISIC_0025785.jpg,ISIC_0025785,.jpg,32102,JPEG,600,450,RGB,True,
ISIC_0025786.jpg,ISIC_0025786,.jpg,30404,JPEG,600,450,RGB,True,
ISIC_0025787.jpg,ISIC_0025787,.jpg,23117,JPEG,600,450,RGB,True,
ISIC_0025788.jpg,ISIC_0025788,.jpg,24866,JPEG,600,450,RGB,True,
ISIC_0025789.jpg,ISIC_0025789,.jpg,20913,JPEG,600,450,RGB,True,
ISIC_0025790.jpg,ISIC_0025790,.jpg,25732,JPEG,600,450,RGB,True,
ISIC_0025791.jpg,ISIC_0025791,.jpg,19163,JPEG,600,450,RGB,True,
ISIC_0025792.jpg,ISIC_0025792,.jpg,27656,JPEG,600,450,RGB,True,
ISIC_0025793.jpg,ISIC_0025793,.jpg,28383,JPEG,600,450,RGB,True,
ISIC_0025794.jpg,ISIC_0025794,.jpg,32816,JPEG,600,450,RGB,True,
ISIC_0025795.jpg,ISIC_0025795,.jpg,35712,JPEG,600,450,RGB,True,
ISIC_0025796.jpg,ISIC_0025796,.jpg,23285,JPEG,600,450,RGB,True,
ISIC_0025797.jpg,ISIC_0025797,.jpg,23868,JPEG,600,450,RGB,True,
ISIC_0025798.jpg,ISIC_0025798,.jpg,21550,JPEG,600,450,RGB,True,
ISIC_0025799.jpg,ISIC_0025799,.jpg,19291,JPEG,600,450,RGB,True,
ISIC_0025800.jpg,ISIC_0025800,.jpg,30580,JPEG,600,450,RGB,True,
ISIC_0025801.jpg,ISIC_0025801,.jpg,20934,JPEG,600,450,RGB,True,
ISIC_0025802.jpg,ISIC_0025802,.jpg,20212,JPEG,600,450,RGB,True,
ISIC_0025803.jpg,ISIC_0025803,.jpg,38008,JPEG,600,450,RGB,True,
ISIC_0025804.jpg,ISIC_0025804,.jpg,37484,JPEG,600,450,RGB,True,
ISIC_0025805.jpg,ISIC_0025805,.jpg,26314,JPEG,600,450,RGB,True,
ISIC_0025806.jpg,ISIC_0025806,.jpg,26013,JPEG,600,450,RGB,True,
ISIC_0025807.jpg,ISIC_0025807,.jpg,17214,JPEG,600,450,RGB,True,
ISIC_0025808.jpg,ISIC_0025808,.jpg,26872,JPEG,600,450,RGB,True,
ISIC_0025809.jpg,ISIC_0025809,.jpg,27159,JPEG,600,450,RGB,True,
ISIC_0025810.jpg,ISIC_0025810,.jpg,22989,JPEG,600,450,RGB,True,
ISIC_0025811.jpg,ISIC_0025811,.jpg,26950,JPEG,600,450,RGB,True,
ISIC_0025812.jpg,ISIC_0025812,.jpg,24266,JPEG,600,450,RGB,True,
ISIC_0025813.jpg,ISIC_0025813,.jpg,34978,JPEG,600,450,RGB,True,
ISIC_0025814.jpg,ISIC_0025814,.jpg,35579,JPEG,600,450,RGB,True,
ISIC_0025815.jpg,ISIC_0025815,.jpg,30109,JPEG,600,450,RGB,True,
ISIC_0025816.jpg,ISIC_0025816,.jpg,21859,JPEG,600,450,RGB,True,
ISIC_0025817.jpg,ISIC_0025817,.jpg,24777,JPEG,600,450,RGB,True,
ISIC_0025818.jpg,ISIC_0025818,.jpg,22620,JPEG,600,450,RGB,True,
ISIC_0025819.jpg,ISIC_0025819,.jpg,31724,JPEG,600,450,RGB,True,
ISIC_0025820.jpg,ISIC_0025820,.jpg,25526,JPEG,600,450,RGB,True,
ISIC_0025821.jpg,ISIC_0025821,.jpg,28245,JPEG,600,450,RGB,True,
ISIC_0025822.jpg,ISIC_0025822,.jpg,28405,JPEG,600,450,RGB,True,
ISIC_0025823.jpg,ISIC_0025823,.jpg,26050,JPEG,600,450,RGB,True,
ISIC_0025824.jpg,ISIC_0025824,.jpg,22713,JPEG,600,450,RGB,True,
ISIC_0025825.jpg,ISIC_0025825,.jpg,34461,JPEG,600,450,RGB,True,
ISIC_0025826.jpg,ISIC_0025826,.jpg,16721,JPEG,600,450,RGB,True,
ISIC_0025827.jpg,ISIC_0025827,.jpg,23528,JPEG,600,450,RGB,True,
ISIC_0025828.jpg,ISIC_0025828,.jpg,25934,JPEG,600,450,RGB,True,
ISIC_0025829.jpg,ISIC_0025829,.jpg,22831,JPEG,600,450,RGB,True,
ISIC_0025830.jpg,ISIC_0025830,.jpg,31010,JPEG,600,450,RGB,True,
ISIC_0025831.jpg,ISIC_0025831,.jpg,20781,JPEG,600,450,RGB,True,
ISIC_0025832.jpg,ISIC_0025832,.jpg,24827,JPEG,600,450,RGB,True,
ISIC_0025833.jpg,ISIC_0025833,.jpg,27223,JPEG,600,450,RGB,True,
ISIC_0025834.jpg,ISIC_0025834,.jpg,42896,JPEG,600,450,RGB,True,
ISIC_0025835.jpg,ISIC_0025835,.jpg,19565,JPEG,600,450,RGB,True,
ISIC_0025836.jpg,ISIC_0025836,.jpg,28521,JPEG,600,450,RGB,True,
ISIC_0025837.jpg,ISIC_0025837,.jpg,36785,JPEG,600,450,RGB,True,
ISIC_0025838.jpg,ISIC_0025838,.jpg,37232,JPEG,600,450,RGB,True,
ISIC_0025839.jpg,ISIC_0025839,.jpg,25433,JPEG,600,450,RGB,True,
ISIC_0025840.jpg,ISIC_0025840,.jpg,25168,JPEG,600,450,RGB,True,
ISIC_0025841.jpg,ISIC_0025841,.jpg,30803,JPEG,600,450,RGB,True,
ISIC_0025842.jpg,ISIC_0025842,.jpg,25602,JPEG,600,450,RGB,True,
ISIC_0025843.jpg,ISIC_0025843,.jpg,30076,JPEG,600,450,RGB,True,
ISIC_0025844.jpg,ISIC_0025844,.jpg,25179,JPEG,600,450,RGB,True,
ISIC_0025845.jpg,ISIC_0025845,.jpg,26600,JPEG,600,450,RGB,True,
ISIC_0025846.jpg,ISIC_0025846,.jpg,21362,JPEG,600,450,RGB,True,
ISIC_0025847.jpg,ISIC_0025847,.jpg,24896,JPEG,600,450,RGB,True,
ISIC_0025848.jpg,ISIC_0025848,.jpg,30977,JPEG,600,450,RGB,True,
ISIC_0025849.jpg,ISIC_0025849,.jpg,34371,JPEG,600,450,RGB,True,
ISIC_0025850.jpg,ISIC_0025850,.jpg,16401,JPEG,600,450,RGB,True,
ISIC_0025851.jpg,ISIC_0025851,.jpg,37261,JPEG,600,450,RGB,True,
ISIC_0025852.jpg,ISIC_0025852,.jpg,24968,JPEG,600,450,RGB,True,
ISIC_0025853.jpg,ISIC_0025853,.jpg,25598,JPEG,600,450,RGB,True,
ISIC_0025854.jpg,ISIC_0025854,.jpg,32246,JPEG,600,450,RGB,True,
ISIC_0025855.jpg,ISIC_0025855,.jpg,26174,JPEG,600,450,RGB,True,
ISIC_0025856.jpg,ISIC_0025856,.jpg,27214,JPEG,600,450,RGB,True,
ISIC_0025857.jpg,ISIC_0025857,.jpg,21441,JPEG,600,450,RGB,True,
ISIC_0025858.jpg,ISIC_0025858,.jpg,21144,JPEG,600,450,RGB,True,
ISIC_0025859.jpg,ISIC_0025859,.jpg,25945,JPEG,600,450,RGB,True,
ISIC_0025860.jpg,ISIC_0025860,.jpg,18646,JPEG,600,450,RGB,True,
ISIC_0025861.jpg,ISIC_0025861,.jpg,34371,JPEG,600,450,RGB,True,
ISIC_0025862.jpg,ISIC_0025862,.jpg,24771,JPEG,600,450,RGB,True,
ISIC_0025863.jpg,ISIC_0025863,.jpg,29483,JPEG,600,450,RGB,True,
ISIC_0025864.jpg,ISIC_0025864,.jpg,22409,JPEG,600,450,RGB,True,
ISIC_0025865.jpg,ISIC_0025865,.jpg,29216,JPEG,600,450,RGB,True,
ISIC_0025866.jpg,ISIC_0025866,.jpg,21045,JPEG,600,450,RGB,True,
ISIC_0025867.jpg,ISIC_0025867,.jpg,37483,JPEG,600,450,RGB,True,
ISIC_0025868.jpg,ISIC_0025868,.jpg,35184,JPEG,600,450,RGB,True,
ISIC_0025869.jpg,ISIC_0025869,.jpg,27314,JPEG,600,450,RGB,True,
ISIC_0025870.jpg,ISIC_0025870,.jpg,19772,JPEG,600,450,RGB,True,
ISIC_0025871.jpg,ISIC_0025871,.jpg,21165,JPEG,600,450,RGB,True,
ISIC_0025872.jpg,ISIC_0025872,.jpg,23266,JPEG,600,450,RGB,True,
ISIC_0025873.jpg,ISIC_0025873,.jpg,21623,JPEG,600,450,RGB,True,
ISIC_0025874.jpg,ISIC_0025874,.jpg,35846,JPEG,600,450,RGB,True,
ISIC_0025875.jpg,ISIC_0025875,.jpg,27428,JPEG,600,450,RGB,True,
ISIC_0025876.jpg,ISIC_0025876,.jpg,24226,JPEG,600,450,RGB,True,
ISIC_0025877.jpg,ISIC_0025877,.jpg,25915,JPEG,600,450,RGB,True,
ISIC_0025878.jpg,ISIC_0025878,.jpg,51037,JPEG,600,450,RGB,True,
ISIC_0025879.jpg,ISIC_0025879,.jpg,33182,JPEG,600,450,RGB,True,
ISIC_0025880.jpg,ISIC_0025880,.jpg,29682,JPEG,600,450,RGB,True,
ISIC_0025881.jpg,ISIC_0025881,.jpg,41180,JPEG,600,450,RGB,True,
ISIC_0025882.jpg,ISIC_0025882,.jpg,21240,JPEG,600,450,RGB,True,
ISIC_0025883.jpg,ISIC_0025883,.jpg,31598,JPEG,600,450,RGB,True,
ISIC_0025884.jpg,ISIC_0025884,.jpg,24331,JPEG,600,450,RGB,True,
ISIC_0025885.jpg,ISIC_0025885,.jpg,53538,JPEG,600,450,RGB,True,
ISIC_0025886.jpg,ISIC_0025886,.jpg,29107,JPEG,600,450,RGB,True,
ISIC_0025887.jpg,ISIC_0025887,.jpg,35253,JPEG,600,450,RGB,True,
ISIC_0025888.jpg,ISIC_0025888,.jpg,23828,JPEG,600,450,RGB,True,
ISIC_0025889.jpg,ISIC_0025889,.jpg,27414,JPEG,600,450,RGB,True,
ISIC_0025890.jpg,ISIC_0025890,.jpg,27671,JPEG,600,450,RGB,True,
ISIC_0025891.jpg,ISIC_0025891,.jpg,24561,JPEG,600,450,RGB,True,
ISIC_0025892.jpg,ISIC_0025892,.jpg,18476,JPEG,600,450,RGB,True,
ISIC_0025893.jpg,ISIC_0025893,.jpg,29512,JPEG,600,450,RGB,True,
ISIC_0025894.jpg,ISIC_0025894,.jpg,24555,JPEG,600,450,RGB,True,
ISIC_0025895.jpg,ISIC_0025895,.jpg,25111,JPEG,600,450,RGB,True,
ISIC_0025896.jpg,ISIC_0025896,.jpg,23228,JPEG,600,450,RGB,True,
ISIC_0025897.jpg,ISIC_0025897,.jpg,23226,JPEG,600,450,RGB,True,
ISIC_0025898.jpg,ISIC_0025898,.jpg,21113,JPEG,600,450,RGB,True,
ISIC_0025899.jpg,ISIC_0025899,.jpg,24069,JPEG,600,450,RGB,True,
ISIC_0025900.jpg,ISIC_0025900,.jpg,34647,JPEG,600,450,RGB,True,
ISIC_0025901.jpg,ISIC_0025901,.jpg,20406,JPEG,600,450,RGB,True,
ISIC_0025902.jpg,ISIC_0025902,.jpg,26126,JPEG,600,450,RGB,True,
ISIC_0025903.jpg,ISIC_0025903,.jpg,32220,JPEG,600,450,RGB,True,
ISIC_0025904.jpg,ISIC_0025904,.jpg,27672,JPEG,600,450,RGB,True,
ISIC_0025905.jpg,ISIC_0025905,.jpg,25847,JPEG,600,450,RGB,True,
ISIC_0025906.jpg,ISIC_0025906,.jpg,21539,JPEG,600,450,RGB,True,
ISIC_0025907.jpg,ISIC_0025907,.jpg,21257,JPEG,600,450,RGB,True,
ISIC_0025908.jpg,ISIC_0025908,.jpg,31394,JPEG,600,450,RGB,True,
ISIC_0025909.jpg,ISIC_0025909,.jpg,22717,JPEG,600,450,RGB,True,
ISIC_0025910.jpg,ISIC_0025910,.jpg,31371,JPEG,600,450,RGB,True,
ISIC_0025911.jpg,ISIC_0025911,.jpg,28825,JPEG,600,450,RGB,True,
ISIC_0025912.jpg,ISIC_0025912,.jpg,25766,JPEG,600,450,RGB,True,
ISIC_0025913.jpg,ISIC_0025913,.jpg,26921,JPEG,600,450,RGB,True,
ISIC_0025914.jpg,ISIC_0025914,.jpg,36596,JPEG,600,450,RGB,True,
ISIC_0025915.jpg,ISIC_0025915,.jpg,26869,JPEG,600,450,RGB,True,
ISIC_0025916.jpg,ISIC_0025916,.jpg,23364,JPEG,600,450,RGB,True,
ISIC_0025917.jpg,ISIC_0025917,.jpg,25207,JPEG,600,450,RGB,True,
ISIC_0025918.jpg,ISIC_0025918,.jpg,28424,JPEG,600,450,RGB,True,
ISIC_0025919.jpg,ISIC_0025919,.jpg,29512,JPEG,600,450,RGB,True,
ISIC_0025920.jpg,ISIC_0025920,.jpg,24762,JPEG,600,450,RGB,True,
ISIC_0025921.jpg,ISIC_0025921,.jpg,24717,JPEG,600,450,RGB,True,
ISIC_0025922.jpg,ISIC_0025922,.jpg,34174,JPEG,600,450,RGB,True,
ISIC_0025923.jpg,ISIC_0025923,.jpg,26527,JPEG,600,450,RGB,True,
ISIC_0025924.jpg,ISIC_0025924,.jpg,20997,JPEG,600,450,RGB,True,
ISIC_0025925.jpg,ISIC_0025925,.jpg,25282,JPEG,600,450,RGB,True,
ISIC_0025926.jpg,ISIC_0025926,.jpg,21974,JPEG,600,450,RGB,True,
ISIC_0025927.jpg,ISIC_0025927,.jpg,41471,JPEG,600,450,RGB,True,
ISIC_0025928.jpg,ISIC_0025928,.jpg,25617,JPEG,600,450,RGB,True,
ISIC_0025929.jpg,ISIC_0025929,.jpg,24956,JPEG,600,450,RGB,True,
ISIC_0025930.jpg,ISIC_0025930,.jpg,32145,JPEG,600,450,RGB,True,
ISIC_0025931.jpg,ISIC_0025931,.jpg,19171,JPEG,600,450,RGB,True,
ISIC_0025932.jpg,ISIC_0025932,.jpg,36042,JPEG,600,450,RGB,True,
ISIC_0025933.jpg,ISIC_0025933,.jpg,25921,JPEG,600,450,RGB,True,
ISIC_0025934.jpg,ISIC_0025934,.jpg,28758,JPEG,600,450,RGB,True,
ISIC_0025935.jpg,ISIC_0025935,.jpg,25264,JPEG,600,450,RGB,True,
ISIC_0025936.jpg,ISIC_0025936,.jpg,23149,JPEG,600,450,RGB,True,
ISIC_0025937.jpg,ISIC_0025937,.jpg,26042,JPEG,600,450,RGB,True,
ISIC_0025938.jpg,ISIC_0025938,.jpg,20564,JPEG,600,450,RGB,True,
ISIC_0025939.jpg,ISIC_0025939,.jpg,22244,JPEG,600,450,RGB,True,
ISIC_0025940.jpg,ISIC_0025940,.jpg,31453,JPEG,600,450,RGB,True,
ISIC_0025941.jpg,ISIC_0025941,.jpg,23004,JPEG,600,450,RGB,True,
ISIC_0025942.jpg,ISIC_0025942,.jpg,24486,JPEG,600,450,RGB,True,
ISIC_0025943.jpg,ISIC_0025943,.jpg,27155,JPEG,600,450,RGB,True,
ISIC_0025944.jpg,ISIC_0025944,.jpg,23985,JPEG,600,450,RGB,True,
ISIC_0025945.jpg,ISIC_0025945,.jpg,33073,JPEG,600,450,RGB,True,
ISIC_0025946.jpg,ISIC_0025946,.jpg,22573,JPEG,600,450,RGB,True,
ISIC_0025947.jpg,ISIC_0025947,.jpg,31745,JPEG,600,450,RGB,True,
ISIC_0025948.jpg,ISIC_0025948,.jpg,36479,JPEG,600,450,RGB,True,
ISIC_0025949.jpg,ISIC_0025949,.jpg,21985,JPEG,600,450,RGB,True,
ISIC_0025950.jpg,ISIC_0025950,.jpg,16330,JPEG,600,450,RGB,True,
ISIC_0025951.jpg,ISIC_0025951,.jpg,21552,JPEG,600,450,RGB,True,
ISIC_0025952.jpg,ISIC_0025952,.jpg,32337,JPEG,600,450,RGB,True,
ISIC_0025953.jpg,ISIC_0025953,.jpg,32951,JPEG,600,450,RGB,True,
ISIC_0025954.jpg,ISIC_0025954,.jpg,26570,JPEG,600,450,RGB,True,
ISIC_0025955.jpg,ISIC_0025955,.jpg,35034,JPEG,600,450,RGB,True,
ISIC_0025956.jpg,ISIC_0025956,.jpg,31708,JPEG,600,450,RGB,True,
ISIC_0025957.jpg,ISIC_0025957,.jpg,28330,JPEG,600,450,RGB,True,
ISIC_0025958.jpg,ISIC_0025958,.jpg,22904,JPEG,600,450,RGB,True,
ISIC_0025959.jpg,ISIC_0025959,.jpg,23903,JPEG,600,450,RGB,True,
ISIC_0025960.jpg,ISIC_0025960,.jpg,28241,JPEG,600,450,RGB,True,
ISIC_0025961.jpg,ISIC_0025961,.jpg,31965,JPEG,600,450,RGB,True,
ISIC_0025962.jpg,ISIC_0025962,.jpg,20837,JPEG,600,450,RGB,True,
ISIC_0025963.jpg,ISIC_0025963,.jpg,28891,JPEG,600,450,RGB,True,
ISIC_0025964.jpg,ISIC_0025964,.jpg,23729,JPEG,600,450,RGB,True,
ISIC_0025965.jpg,ISIC_0025965,.jpg,21033,JPEG,600,450,RGB,True,
ISIC_0025966.jpg,ISIC_0025966,.jpg,32557,JPEG,600,450,RGB,True,
ISIC_0025967.jpg,ISIC_0025967,.jpg,26080,JPEG,600,450,RGB,True,
ISIC_0025968.jpg,ISIC_0025968,.jpg,29686,JPEG,600,450,RGB,True,
ISIC_0025969.jpg,ISIC_0025969,.jpg,24509,JPEG,600,450,RGB,True,
ISIC_0025970.jpg,ISIC_0025970,.jpg,24169,JPEG,600,450,RGB,True,
ISIC_0025971.jpg,ISIC_0025971,.jpg,20503,JPEG,600,450,RGB,True,
ISIC_0025972.jpg,ISIC_0025972,.jpg,34904,JPEG,600,450,RGB,True,
ISIC_0025973.jpg,ISIC_0025973,.jpg,22287,JPEG,600,450,RGB,True,
ISIC_0025974.jpg,ISIC_0025974,.jpg,21717,JPEG,600,450,RGB,True,
ISIC_0025975.jpg,ISIC_0025975,.jpg,31280,JPEG,600,450,RGB,True,
ISIC_0025976.jpg,ISIC_0025976,.jpg,20416,JPEG,600,450,RGB,True,
ISIC_0025977.jpg,ISIC_0025977,.jpg,30682,JPEG,600,450,RGB,True,
ISIC_0025978.jpg,ISIC_0025978,.jpg,26450,JPEG,600,450,RGB,True,
ISIC_0025979.jpg,ISIC_0025979,.jpg,28506,JPEG,600,450,RGB,True,
ISIC_0025980.jpg,ISIC_0025980,.jpg,35541,JPEG,600,450,RGB,True,
ISIC_0025981.jpg,ISIC_0025981,.jpg,24728,JPEG,600,450,RGB,True,
ISIC_0025982.jpg,ISIC_0025982,.jpg,30783,JPEG,600,450,RGB,True,
ISIC_0025983.jpg,ISIC_0025983,.jpg,20592,JPEG,600,450,RGB,True,
ISIC_0025984.jpg,ISIC_0025984,.jpg,25962,JPEG,600,450,RGB,True,
ISIC_0025985.jpg,ISIC_0025985,.jpg,28885,JPEG,600,450,RGB,True,
ISIC_0025986.jpg,ISIC_0025986,.jpg,20477,JPEG,600,450,RGB,True,
ISIC_0025987.jpg,ISIC_0025987,.jpg,37772,JPEG,600,450,RGB,True,
ISIC_0025988.jpg,ISIC_0025988,.jpg,32689,JPEG,600,450,RGB,True,
ISIC_0025989.jpg,ISIC_0025989,.jpg,21619,JPEG,600,450,RGB,True,
ISIC_0025990.jpg,ISIC_0025990,.jpg,31207,JPEG,600,450,RGB,True,
ISIC_0025991.jpg,ISIC_0025991,.jpg,22377,JPEG,600,450,RGB,True,
ISIC_0025992.jpg,ISIC_0025992,.jpg,29009,JPEG,600,450,RGB,True,
ISIC_0025993.jpg,ISIC_0025993,.jpg,38257,JPEG,600,450,RGB,True,
ISIC_0025994.jpg,ISIC_0025994,.jpg,22381,JPEG,600,450,RGB,True,
ISIC_0025995.jpg,ISIC_0025995,.jpg,22292,JPEG,600,450,RGB,True,
ISIC_0025996.jpg,ISIC_0025996,.jpg,34352,JPEG,600,450,RGB,True,
ISIC_0025997.jpg,ISIC_0025997,.jpg,24564,JPEG,600,450,RGB,True,
ISIC_0025998.jpg,ISIC_0025998,.jpg,22316,JPEG,600,450,RGB,True,
ISIC_0025999.jpg,ISIC_0025999,.jpg,21326,JPEG,600,450,RGB,True,
ISIC_0026000.jpg,ISIC_0026000,.jpg,24115,JPEG,600,450,RGB,True,
ISIC_0026001.jpg,ISIC_0026001,.jpg,22224,JPEG,600,450,RGB,True,
ISIC_0026002.jpg,ISIC_0026002,.jpg,20004,JPEG,600,450,RGB,True,
ISIC_0026003.jpg,ISIC_0026003,.jpg,24373,JPEG,600,450,RGB,True,
ISIC_0026004.jpg,ISIC_0026004,.jpg,21664,JPEG,600,450,RGB,True,
ISIC_0026005.jpg,ISIC_0026005,.jpg,23782,JPEG,600,450,RGB,True,
ISIC_0026006.jpg,ISIC_0026006,.jpg,24880,JPEG,600,450,RGB,True,
ISIC_0026007.jpg,ISIC_0026007,.jpg,24580,JPEG,600,450,RGB,True,
ISIC_0026008.jpg,ISIC_0026008,.jpg,23356,JPEG,600,450,RGB,True,
ISIC_0026009.jpg,ISIC_0026009,.jpg,25498,JPEG,600,450,RGB,True,
ISIC_0026010.jpg,ISIC_0026010,.jpg,20211,JPEG,600,450,RGB,True,
ISIC_0026011.jpg,ISIC_0026011,.jpg,29967,JPEG,600,450,RGB,True,
ISIC_0026012.jpg,ISIC_0026012,.jpg,27286,JPEG,600,450,RGB,True,
ISIC_0026013.jpg,ISIC_0026013,.jpg,25522,JPEG,600,450,RGB,True,
ISIC_0026014.jpg,ISIC_0026014,.jpg,28579,JPEG,600,450,RGB,True,
ISIC_0026015.jpg,ISIC_0026015,.jpg,30439,JPEG,600,450,RGB,True,
ISIC_0026016.jpg,ISIC_0026016,.jpg,21965,JPEG,600,450,RGB,True,
ISIC_0026017.jpg,ISIC_0026017,.jpg,24689,JPEG,600,450,RGB,True,
ISIC_0026018.jpg,ISIC_0026018,.jpg,26160,JPEG,600,450,RGB,True,
ISIC_0026019.jpg,ISIC_0026019,.jpg,27922,JPEG,600,450,RGB,True,
ISIC_0026020.jpg,ISIC_0026020,.jpg,27964,JPEG,600,450,RGB,True,
ISIC_0026021.jpg,ISIC_0026021,.jpg,27939,JPEG,600,450,RGB,True,
ISIC_0026022.jpg,ISIC_0026022,.jpg,14719,JPEG,600,450,RGB,True,
ISIC_0026023.jpg,ISIC_0026023,.jpg,18293,JPEG,600,450,RGB,True,
ISIC_0026024.jpg,ISIC_0026024,.jpg,18085,JPEG,600,450,RGB,True,
ISIC_0026025.jpg,ISIC_0026025,.jpg,26041,JPEG,600,450,RGB,True,
ISIC_0026026.jpg,ISIC_0026026,.jpg,22127,JPEG,600,450,RGB,True,
ISIC_0026027.jpg,ISIC_0026027,.jpg,25784,JPEG,600,450,RGB,True,
ISIC_0026028.jpg,ISIC_0026028,.jpg,24891,JPEG,600,450,RGB,True,
ISIC_0026029.jpg,ISIC_0026029,.jpg,26689,JPEG,600,450,RGB,True,
ISIC_0026030.jpg,ISIC_0026030,.jpg,25782,JPEG,600,450,RGB,True,
ISIC_0026031.jpg,ISIC_0026031,.jpg,18414,JPEG,600,450,RGB,True,
ISIC_0026032.jpg,ISIC_0026032,.jpg,27310,JPEG,600,450,RGB,True,
ISIC_0026033.jpg,ISIC_0026033,.jpg,22193,JPEG,600,450,RGB,True,
ISIC_0026034.jpg,ISIC_0026034,.jpg,30446,JPEG,600,450,RGB,True,
ISIC_0026035.jpg,ISIC_0026035,.jpg,24599,JPEG,600,450,RGB,True,
ISIC_0026036.jpg,ISIC_0026036,.jpg,33727,JPEG,600,450,RGB,True,
ISIC_0026037.jpg,ISIC_0026037,.jpg,26091,JPEG,600,450,RGB,True,
ISIC_0026038.jpg,ISIC_0026038,.jpg,33199,JPEG,600,450,RGB,True,
ISIC_0026039.jpg,ISIC_0026039,.jpg,31519,JPEG,600,450,RGB,True,
ISIC_0026040.jpg,ISIC_0026040,.jpg,25730,JPEG,600,450,RGB,True,
ISIC_0026041.jpg,ISIC_0026041,.jpg,24755,JPEG,600,450,RGB,True,
ISIC_0026042.jpg,ISIC_0026042,.jpg,40618,JPEG,600,450,RGB,True,
ISIC_0026043.jpg,ISIC_0026043,.jpg,22772,JPEG,600,450,RGB,True,
ISIC_0026044.jpg,ISIC_0026044,.jpg,19959,JPEG,600,450,RGB,True,
ISIC_0026045.jpg,ISIC_0026045,.jpg,32374,JPEG,600,450,RGB,True,
ISIC_0026046.jpg,ISIC_0026046,.jpg,27209,JPEG,600,450,RGB,True,
ISIC_0026047.jpg,ISIC_0026047,.jpg,21084,JPEG,600,450,RGB,True,
ISIC_0026048.jpg,ISIC_0026048,.jpg,26007,JPEG,600,450,RGB,True,
ISIC_0026049.jpg,ISIC_0026049,.jpg,36920,JPEG,600,450,RGB,True,
ISIC_0026050.jpg,ISIC_0026050,.jpg,22336,JPEG,600,450,RGB,True,
ISIC_0026051.jpg,ISIC_0026051,.jpg,26605,JPEG,600,450,RGB,True,
ISIC_0026052.jpg,ISIC_0026052,.jpg,33466,JPEG,600,450,RGB,True,
ISIC_0026053.jpg,ISIC_0026053,.jpg,26585,JPEG,600,450,RGB,True,
ISIC_0026054.jpg,ISIC_0026054,.jpg,28884,JPEG,600,450,RGB,True,
ISIC_0026055.jpg,ISIC_0026055,.jpg,23949,JPEG,600,450,RGB,True,
ISIC_0026056.jpg,ISIC_0026056,.jpg,35288,JPEG,600,450,RGB,True,
ISIC_0026057.jpg,ISIC_0026057,.jpg,63195,JPEG,600,450,RGB,True,
ISIC_0026058.jpg,ISIC_0026058,.jpg,22292,JPEG,600,450,RGB,True,
ISIC_0026059.jpg,ISIC_0026059,.jpg,24955,JPEG,600,450,RGB,True,
ISIC_0026060.jpg,ISIC_0026060,.jpg,34020,JPEG,600,450,RGB,True,
ISIC_0026061.jpg,ISIC_0026061,.jpg,28945,JPEG,600,450,RGB,True,
ISIC_0026062.jpg,ISIC_0026062,.jpg,20594,JPEG,600,450,RGB,True,
ISIC_0026063.jpg,ISIC_0026063,.jpg,27948,JPEG,600,450,RGB,True,
ISIC_0026064.jpg,ISIC_0026064,.jpg,28739,JPEG,600,450,RGB,True,
ISIC_0026065.jpg,ISIC_0026065,.jpg,24625,JPEG,600,450,RGB,True,
ISIC_0026066.jpg,ISIC_0026066,.jpg,32767,JPEG,600,450,RGB,True,
ISIC_0026067.jpg,ISIC_0026067,.jpg,33415,JPEG,600,450,RGB,True,
ISIC_0026068.jpg,ISIC_0026068,.jpg,21838,JPEG,600,450,RGB,True,
ISIC_0026069.jpg,ISIC_0026069,.jpg,23109,JPEG,600,450,RGB,True,
ISIC_0026070.jpg,ISIC_0026070,.jpg,35062,JPEG,600,450,RGB,True,
ISIC_0026071.jpg,ISIC_0026071,.jpg,28864,JPEG,600,450,RGB,True,
ISIC_0026072.jpg,ISIC_0026072,.jpg,20679,JPEG,600,450,RGB,True,
ISIC_0026073.jpg,ISIC_0026073,.jpg,25386,JPEG,600,450,RGB,True,
ISIC_0026074.jpg,ISIC_0026074,.jpg,22276,JPEG,600,450,RGB,True,
ISIC_0026075.jpg,ISIC_0026075,.jpg,31512,JPEG,600,450,RGB,True,
ISIC_0026076.jpg,ISIC_0026076,.jpg,22987,JPEG,600,450,RGB,True,
ISIC_0026077.jpg,ISIC_0026077,.jpg,23217,JPEG,600,450,RGB,True,
ISIC_0026078.jpg,ISIC_0026078,.jpg,25749,JPEG,600,450,RGB,True,
ISIC_0026079.jpg,ISIC_0026079,.jpg,30865,JPEG,600,450,RGB,True,
ISIC_0026080.jpg,ISIC_0026080,.jpg,26293,JPEG,600,450,RGB,True,
ISIC_0026081.jpg,ISIC_0026081,.jpg,25896,JPEG,600,450,RGB,True,
ISIC_0026082.jpg,ISIC_0026082,.jpg,22572,JPEG,600,450,RGB,True,
ISIC_0026083.jpg,ISIC_0026083,.jpg,27403,JPEG,600,450,RGB,True,
ISIC_0026084.jpg,ISIC_0026084,.jpg,27819,JPEG,600,450,RGB,True,
ISIC_0026085.jpg,ISIC_0026085,.jpg,43318,JPEG,600,450,RGB,True,
ISIC_0026086.jpg,ISIC_0026086,.jpg,34321,JPEG,600,450,RGB,True,
ISIC_0026087.jpg,ISIC_0026087,.jpg,28229,JPEG,600,450,RGB,True,
ISIC_0026088.jpg,ISIC_0026088,.jpg,23705,JPEG,600,450,RGB,True,
ISIC_0026089.jpg,ISIC_0026089,.jpg,33644,JPEG,600,450,RGB,True,
ISIC_0026090.jpg,ISIC_0026090,.jpg,17758,JPEG,600,450,RGB,True,
ISIC_0026091.jpg,ISIC_0026091,.jpg,30713,JPEG,600,450,RGB,True,
ISIC_0026092.jpg,ISIC_0026092,.jpg,32134,JPEG,600,450,RGB,True,
ISIC_0026093.jpg,ISIC_0026093,.jpg,24576,JPEG,600,450,RGB,True,
ISIC_0026094.jpg,ISIC_0026094,.jpg,32216,JPEG,600,450,RGB,True,
ISIC_0026095.jpg,ISIC_0026095,.jpg,29719,JPEG,600,450,RGB,True,
ISIC_0026096.jpg,ISIC_0026096,.jpg,21117,JPEG,600,450,RGB,True,
ISIC_0026097.jpg,ISIC_0026097,.jpg,31379,JPEG,600,450,RGB,True,
ISIC_0026098.jpg,ISIC_0026098,.jpg,33230,JPEG,600,450,RGB,True,
ISIC_0026099.jpg,ISIC_0026099,.jpg,30293,JPEG,600,450,RGB,True,
ISIC_0026100.jpg,ISIC_0026100,.jpg,24708,JPEG,600,450,RGB,True,
ISIC_0026101.jpg,ISIC_0026101,.jpg,20246,JPEG,600,450,RGB,True,
ISIC_0026102.jpg,ISIC_0026102,.jpg,21708,JPEG,600,450,RGB,True,
ISIC_0026103.jpg,ISIC_0026103,.jpg,29275,JPEG,600,450,RGB,True,
ISIC_0026104.jpg,ISIC_0026104,.jpg,36846,JPEG,600,450,RGB,True,
ISIC_0026105.jpg,ISIC_0026105,.jpg,27002,JPEG,600,450,RGB,True,
ISIC_0026106.jpg,ISIC_0026106,.jpg,32824,JPEG,600,450,RGB,True,
ISIC_0026107.jpg,ISIC_0026107,.jpg,30014,JPEG,600,450,RGB,True,
ISIC_0026108.jpg,ISIC_0026108,.jpg,22253,JPEG,600,450,RGB,True,
ISIC_0026109.jpg,ISIC_0026109,.jpg,25182,JPEG,600,450,RGB,True,
ISIC_0026110.jpg,ISIC_0026110,.jpg,25862,JPEG,600,450,RGB,True,
ISIC_0026111.jpg,ISIC_0026111,.jpg,23787,JPEG,600,450,RGB,True,
ISIC_0026112.jpg,ISIC_0026112,.jpg,26899,JPEG,600,450,RGB,True,
ISIC_0026113.jpg,ISIC_0026113,.jpg,27884,JPEG,600,450,RGB,True,
ISIC_0026114.jpg,ISIC_0026114,.jpg,28482,JPEG,600,450,RGB,True,
ISIC_0026115.jpg,ISIC_0026115,.jpg,27093,JPEG,600,450,RGB,True,
ISIC_0026116.jpg,ISIC_0026116,.jpg,21180,JPEG,600,450,RGB,True,
ISIC_0026117.jpg,ISIC_0026117,.jpg,26029,JPEG,600,450,RGB,True,
ISIC_0026118.jpg,ISIC_0026118,.jpg,28296,JPEG,600,450,RGB,True,
ISIC_0026119.jpg,ISIC_0026119,.jpg,21504,JPEG,600,450,RGB,True,
ISIC_0026120.jpg,ISIC_0026120,.jpg,30689,JPEG,600,450,RGB,True,
ISIC_0026121.jpg,ISIC_0026121,.jpg,19168,JPEG,600,450,RGB,True,
ISIC_0026122.jpg,ISIC_0026122,.jpg,17675,JPEG,600,450,RGB,True,
ISIC_0026123.jpg,ISIC_0026123,.jpg,30737,JPEG,600,450,RGB,True,
ISIC_0026124.jpg,ISIC_0026124,.jpg,27769,JPEG,600,450,RGB,True,
ISIC_0026125.jpg,ISIC_0026125,.jpg,36794,JPEG,600,450,RGB,True,
ISIC_0026126.jpg,ISIC_0026126,.jpg,31474,JPEG,600,450,RGB,True,
ISIC_0026127.jpg,ISIC_0026127,.jpg,33814,JPEG,600,450,RGB,True,
ISIC_0026128.jpg,ISIC_0026128,.jpg,30764,JPEG,600,450,RGB,True,
ISIC_0026129.jpg,ISIC_0026129,.jpg,23867,JPEG,600,450,RGB,True,
ISIC_0026130.jpg,ISIC_0026130,.jpg,21290,JPEG,600,450,RGB,True,
ISIC_0026131.jpg,ISIC_0026131,.jpg,28193,JPEG,600,450,RGB,True,
ISIC_0026132.jpg,ISIC_0026132,.jpg,27856,JPEG,600,450,RGB,True,
ISIC_0026133.jpg,ISIC_0026133,.jpg,26439,JPEG,600,450,RGB,True,
ISIC_0026134.jpg,ISIC_0026134,.jpg,22098,JPEG,600,450,RGB,True,
ISIC_0026135.jpg,ISIC_0026135,.jpg,28003,JPEG,600,450,RGB,True,
ISIC_0026136.jpg,ISIC_0026136,.jpg,33042,JPEG,600,450,RGB,True,
ISIC_0026137.jpg,ISIC_0026137,.jpg,27082,JPEG,600,450,RGB,True,
ISIC_0026138.jpg,ISIC_0026138,.jpg,29555,JPEG,600,450,RGB,True,
ISIC_0026139.jpg,ISIC_0026139,.jpg,26534,JPEG,600,450,RGB,True,
ISIC_0026140.jpg,ISIC_0026140,.jpg,21277,JPEG,600,450,RGB,True,
ISIC_0026141.jpg,ISIC_0026141,.jpg,33567,JPEG,600,450,RGB,True,
ISIC_0026142.jpg,ISIC_0026142,.jpg,22361,JPEG,600,450,RGB,True,
ISIC_0026143.jpg,ISIC_0026143,.jpg,25680,JPEG,600,450,RGB,True,
ISIC_0026144.jpg,ISIC_0026144,.jpg,25791,JPEG,600,450,RGB,True,
ISIC_0026145.jpg,ISIC_0026145,.jpg,24411,JPEG,600,450,RGB,True,
ISIC_0026146.jpg,ISIC_0026146,.jpg,21535,JPEG,600,450,RGB,True,
ISIC_0026147.jpg,ISIC_0026147,.jpg,29098,JPEG,600,450,RGB,True,
ISIC_0026148.jpg,ISIC_0026148,.jpg,28437,JPEG,600,450,RGB,True,
ISIC_0026149.jpg,ISIC_0026149,.jpg,25979,JPEG,600,450,RGB,True,
ISIC_0026150.jpg,ISIC_0026150,.jpg,26071,JPEG,600,450,RGB,True,
ISIC_0026151.jpg,ISIC_0026151,.jpg,28280,JPEG,600,450,RGB,True,
ISIC_0026152.jpg,ISIC_0026152,.jpg,31035,JPEG,600,450,RGB,True,
ISIC_0026153.jpg,ISIC_0026153,.jpg,25375,JPEG,600,450,RGB,True,
ISIC_0026154.jpg,ISIC_0026154,.jpg,38809,JPEG,600,450,RGB,True,
ISIC_0026155.jpg,ISIC_0026155,.jpg,28222,JPEG,600,450,RGB,True,
ISIC_0026156.jpg,ISIC_0026156,.jpg,37143,JPEG,600,450,RGB,True,
ISIC_0026157.jpg,ISIC_0026157,.jpg,21090,JPEG,600,450,RGB,True,
ISIC_0026158.jpg,ISIC_0026158,.jpg,33725,JPEG,600,450,RGB,True,
ISIC_0026159.jpg,ISIC_0026159,.jpg,22823,JPEG,600,450,RGB,True,
ISIC_0026160.jpg,ISIC_0026160,.jpg,24491,JPEG,600,450,RGB,True,
ISIC_0026161.jpg,ISIC_0026161,.jpg,26248,JPEG,600,450,RGB,True,
ISIC_0026162.jpg,ISIC_0026162,.jpg,26425,JPEG,600,450,RGB,True,
ISIC_0026163.jpg,ISIC_0026163,.jpg,15216,JPEG,600,450,RGB,True,
ISIC_0026164.jpg,ISIC_0026164,.jpg,23932,JPEG,600,450,RGB,True,
ISIC_0026165.jpg,ISIC_0026165,.jpg,24113,JPEG,600,450,RGB,True,
ISIC_0026166.jpg,ISIC_0026166,.jpg,27549,JPEG,600,450,RGB,True,
ISIC_0026167.jpg,ISIC_0026167,.jpg,28877,JPEG,600,450,RGB,True,
ISIC_0026168.jpg,ISIC_0026168,.jpg,30370,JPEG,600,450,RGB,True,
ISIC_0026169.jpg,ISIC_0026169,.jpg,22559,JPEG,600,450,RGB,True,
ISIC_0026170.jpg,ISIC_0026170,.jpg,23341,JPEG,600,450,RGB,True,
ISIC_0026171.jpg,ISIC_0026171,.jpg,38175,JPEG,600,450,RGB,True,
ISIC_0026172.jpg,ISIC_0026172,.jpg,30415,JPEG,600,450,RGB,True,
ISIC_0026173.jpg,ISIC_0026173,.jpg,29982,JPEG,600,450,RGB,True,
ISIC_0026174.jpg,ISIC_0026174,.jpg,28602,JPEG,600,450,RGB,True,
ISIC_0026175.jpg,ISIC_0026175,.jpg,24671,JPEG,600,450,RGB,True,
ISIC_0026176.jpg,ISIC_0026176,.jpg,23335,JPEG,600,450,RGB,True,
ISIC_0026177.jpg,ISIC_0026177,.jpg,25178,JPEG,600,450,RGB,True,
ISIC_0026178.jpg,ISIC_0026178,.jpg,34219,JPEG,600,450,RGB,True,
ISIC_0026179.jpg,ISIC_0026179,.jpg,18857,JPEG,600,450,RGB,True,
ISIC_0026180.jpg,ISIC_0026180,.jpg,20932,JPEG,600,450,RGB,True,
ISIC_0026181.jpg,ISIC_0026181,.jpg,23520,JPEG,600,450,RGB,True,
ISIC_0026182.jpg,ISIC_0026182,.jpg,26473,JPEG,600,450,RGB,True,
ISIC_0026183.jpg,ISIC_0026183,.jpg,40321,JPEG,600,450,RGB,True,
ISIC_0026184.jpg,ISIC_0026184,.jpg,29788,JPEG,600,450,RGB,True,
ISIC_0026185.jpg,ISIC_0026185,.jpg,30924,JPEG,600,450,RGB,True,
ISIC_0026186.jpg,ISIC_0026186,.jpg,26081,JPEG,600,450,RGB,True,
ISIC_0026187.jpg,ISIC_0026187,.jpg,23074,JPEG,600,450,RGB,True,
ISIC_0026188.jpg,ISIC_0026188,.jpg,33842,JPEG,600,450,RGB,True,
ISIC_0026189.jpg,ISIC_0026189,.jpg,28530,JPEG,600,450,RGB,True,
ISIC_0026190.jpg,ISIC_0026190,.jpg,35469,JPEG,600,450,RGB,True,
ISIC_0026191.jpg,ISIC_0026191,.jpg,26037,JPEG,600,450,RGB,True,
ISIC_0026192.jpg,ISIC_0026192,.jpg,22543,JPEG,600,450,RGB,True,
ISIC_0026193.jpg,ISIC_0026193,.jpg,28592,JPEG,600,450,RGB,True,
ISIC_0026194.jpg,ISIC_0026194,.jpg,28191,JPEG,600,450,RGB,True,
ISIC_0026195.jpg,ISIC_0026195,.jpg,29565,JPEG,600,450,RGB,True,
ISIC_0026196.jpg,ISIC_0026196,.jpg,24165,JPEG,600,450,RGB,True,
ISIC_0026197.jpg,ISIC_0026197,.jpg,21797,JPEG,600,450,RGB,True,
ISIC_0026198.jpg,ISIC_0026198,.jpg,22919,JPEG,600,450,RGB,True,
ISIC_0026199.jpg,ISIC_0026199,.jpg,31268,JPEG,600,450,RGB,True,
ISIC_0026200.jpg,ISIC_0026200,.jpg,23761,JPEG,600,450,RGB,True,
ISIC_0026201.jpg,ISIC_0026201,.jpg,27353,JPEG,600,450,RGB,True,
ISIC_0026202.jpg,ISIC_0026202,.jpg,28184,JPEG,600,450,RGB,True,
ISIC_0026203.jpg,ISIC_0026203,.jpg,22485,JPEG,600,450,RGB,True,
ISIC_0026204.jpg,ISIC_0026204,.jpg,23629,JPEG,600,450,RGB,True,
ISIC_0026205.jpg,ISIC_0026205,.jpg,32744,JPEG,600,450,RGB,True,
ISIC_0026206.jpg,ISIC_0026206,.jpg,23758,JPEG,600,450,RGB,True,
ISIC_0026207.jpg,ISIC_0026207,.jpg,25350,JPEG,600,450,RGB,True,
ISIC_0026208.jpg,ISIC_0026208,.jpg,24832,JPEG,600,450,RGB,True,
ISIC_0026209.jpg,ISIC_0026209,.jpg,28916,JPEG,600,450,RGB,True,
ISIC_0026210.jpg,ISIC_0026210,.jpg,49652,JPEG,600,450,RGB,True,
ISIC_0026211.jpg,ISIC_0026211,.jpg,30809,JPEG,600,450,RGB,True,
ISIC_0026212.jpg,ISIC_0026212,.jpg,36111,JPEG,600,450,RGB,True,
ISIC_0026213.jpg,ISIC_0026213,.jpg,20043,JPEG,600,450,RGB,True,
ISIC_0026214.jpg,ISIC_0026214,.jpg,33545,JPEG,600,450,RGB,True,
ISIC_0026215.jpg,ISIC_0026215,.jpg,32123,JPEG,600,450,RGB,True,
ISIC_0026216.jpg,ISIC_0026216,.jpg,21575,JPEG,600,450,RGB,True,
ISIC_0026217.jpg,ISIC_0026217,.jpg,23391,JPEG,600,450,RGB,True,
ISIC_0026218.jpg,ISIC_0026218,.jpg,32350,JPEG,600,450,RGB,True,
ISIC_0026219.jpg,ISIC_0026219,.jpg,28882,JPEG,600,450,RGB,True,
ISIC_0026220.jpg,ISIC_0026220,.jpg,22590,JPEG,600,450,RGB,True,
ISIC_0026221.jpg,ISIC_0026221,.jpg,34591,JPEG,600,450,RGB,True,
ISIC_0026222.jpg,ISIC_0026222,.jpg,20872,JPEG,600,450,RGB,True,
ISIC_0026223.jpg,ISIC_0026223,.jpg,24780,JPEG,600,450,RGB,True,
ISIC_0026224.jpg,ISIC_0026224,.jpg,22724,JPEG,600,450,RGB,True,
ISIC_0026225.jpg,ISIC_0026225,.jpg,30879,JPEG,600,450,RGB,True,
ISIC_0026226.jpg,ISIC_0026226,.jpg,24215,JPEG,600,450,RGB,True,
ISIC_0026227.jpg,ISIC_0026227,.jpg,23589,JPEG,600,450,RGB,True,
ISIC_0026228.jpg,ISIC_0026228,.jpg,25213,JPEG,600,450,RGB,True,
ISIC_0026229.jpg,ISIC_0026229,.jpg,27005,JPEG,600,450,RGB,True,
ISIC_0026230.jpg,ISIC_0026230,.jpg,24756,JPEG,600,450,RGB,True,
ISIC_0026231.jpg,ISIC_0026231,.jpg,19608,JPEG,600,450,RGB,True,
ISIC_0026232.jpg,ISIC_0026232,.jpg,37616,JPEG,600,450,RGB,True,
ISIC_0026233.jpg,ISIC_0026233,.jpg,23584,JPEG,600,450,RGB,True,
ISIC_0026234.jpg,ISIC_0026234,.jpg,27745,JPEG,600,450,RGB,True,
ISIC_0026235.jpg,ISIC_0026235,.jpg,26328,JPEG,600,450,RGB,True,
ISIC_0026236.jpg,ISIC_0026236,.jpg,20098,JPEG,600,450,RGB,True,
ISIC_0026237.jpg,ISIC_0026237,.jpg,21262,JPEG,600,450,RGB,True,
ISIC_0026238.jpg,ISIC_0026238,.jpg,21486,JPEG,600,450,RGB,True,
ISIC_0026239.jpg,ISIC_0026239,.jpg,24657,JPEG,600,450,RGB,True,
ISIC_0026240.jpg,ISIC_0026240,.jpg,25505,JPEG,600,450,RGB,True,
ISIC_0026241.jpg,ISIC_0026241,.jpg,28808,JPEG,600,450,RGB,True,
ISIC_0026242.jpg,ISIC_0026242,.jpg,44363,JPEG,600,450,RGB,True,
ISIC_0026243.jpg,ISIC_0026243,.jpg,39238,JPEG,600,450,RGB,True,
ISIC_0026244.jpg,ISIC_0026244,.jpg,26243,JPEG,600,450,RGB,True,
ISIC_0026245.jpg,ISIC_0026245,.jpg,28986,JPEG,600,450,RGB,True,
ISIC_0026246.jpg,ISIC_0026246,.jpg,26508,JPEG,600,450,RGB,True,
ISIC_0026247.jpg,ISIC_0026247,.jpg,25728,JPEG,600,450,RGB,True,
ISIC_0026248.jpg,ISIC_0026248,.jpg,28991,JPEG,600,450,RGB,True,
ISIC_0026249.jpg,ISIC_0026249,.jpg,19056,JPEG,600,450,RGB,True,
ISIC_0026250.jpg,ISIC_0026250,.jpg,25291,JPEG,600,450,RGB,True,
ISIC_0026251.jpg,ISIC_0026251,.jpg,26377,JPEG,600,450,RGB,True,
ISIC_0026252.jpg,ISIC_0026252,.jpg,24060,JPEG,600,450,RGB,True,
ISIC_0026253.jpg,ISIC_0026253,.jpg,23602,JPEG,600,450,RGB,True,
ISIC_0026254.jpg,ISIC_0026254,.jpg,36919,JPEG,600,450,RGB,True,
ISIC_0026255.jpg,ISIC_0026255,.jpg,38676,JPEG,600,450,RGB,True,
ISIC_0026256.jpg,ISIC_0026256,.jpg,27680,JPEG,600,450,RGB,True,
ISIC_0026257.jpg,ISIC_0026257,.jpg,21999,JPEG,600,450,RGB,True,
ISIC_0026258.jpg,ISIC_0026258,.jpg,23460,JPEG,600,450,RGB,True,
ISIC_0026259.jpg,ISIC_0026259,.jpg,22612,JPEG,600,450,RGB,True,
ISIC_0026260.jpg,ISIC_0026260,.jpg,26730,JPEG,600,450,RGB,True,
ISIC_0026261.jpg,ISIC_0026261,.jpg,24530,JPEG,600,450,RGB,True,
ISIC_0026262.jpg,ISIC_0026262,.jpg,23591,JPEG,600,450,RGB,True,
ISIC_0026263.jpg,ISIC_0026263,.jpg,29763,JPEG,600,450,RGB,True,
ISIC_0026264.jpg,ISIC_0026264,.jpg,31742,JPEG,600,450,RGB,True,
ISIC_0026265.jpg,ISIC_0026265,.jpg,33489,JPEG,600,450,RGB,True,
ISIC_0026266.jpg,ISIC_0026266,.jpg,28138,JPEG,600,450,RGB,True,
ISIC_0026267.jpg,ISIC_0026267,.jpg,34741,JPEG,600,450,RGB,True,
ISIC_0026268.jpg,ISIC_0026268,.jpg,36137,JPEG,600,450,RGB,True,
ISIC_0026269.jpg,ISIC_0026269,.jpg,32374,JPEG,600,450,RGB,True,
ISIC_0026270.jpg,ISIC_0026270,.jpg,33591,JPEG,600,450,RGB,True,
ISIC_0026271.jpg,ISIC_0026271,.jpg,23016,JPEG,600,450,RGB,True,
ISIC_0026272.jpg,ISIC_0026272,.jpg,27772,JPEG,600,450,RGB,True,
ISIC_0026273.jpg,ISIC_0026273,.jpg,31823,JPEG,600,450,RGB,True,
ISIC_0026274.jpg,ISIC_0026274,.jpg,24154,JPEG,600,450,RGB,True,
ISIC_0026275.jpg,ISIC_0026275,.jpg,20734,JPEG,600,450,RGB,True,
ISIC_0026276.jpg,ISIC_0026276,.jpg,26996,JPEG,600,450,RGB,True,
ISIC_0026277.jpg,ISIC_0026277,.jpg,26935,JPEG,600,450,RGB,True,
ISIC_0026278.jpg,ISIC_0026278,.jpg,24495,JPEG,600,450,RGB,True,
ISIC_0026279.jpg,ISIC_0026279,.jpg,36382,JPEG,600,450,RGB,True,
ISIC_0026280.jpg,ISIC_0026280,.jpg,26034,JPEG,600,450,RGB,True,
ISIC_0026281.jpg,ISIC_0026281,.jpg,30392,JPEG,600,450,RGB,True,
ISIC_0026282.jpg,ISIC_0026282,.jpg,34371,JPEG,600,450,RGB,True,
ISIC_0026283.jpg,ISIC_0026283,.jpg,28549,JPEG,600,450,RGB,True,
ISIC_0026284.jpg,ISIC_0026284,.jpg,16072,JPEG,600,450,RGB,True,
ISIC_0026285.jpg,ISIC_0026285,.jpg,35029,JPEG,600,450,RGB,True,
ISIC_0026286.jpg,ISIC_0026286,.jpg,24574,JPEG,600,450,RGB,True,
ISIC_0026287.jpg,ISIC_0026287,.jpg,40714,JPEG,600,450,RGB,True,
ISIC_0026288.jpg,ISIC_0026288,.jpg,18992,JPEG,600,450,RGB,True,
ISIC_0026289.jpg,ISIC_0026289,.jpg,26141,JPEG,600,450,RGB,True,
ISIC_0026290.jpg,ISIC_0026290,.jpg,24242,JPEG,600,450,RGB,True,
ISIC_0026291.jpg,ISIC_0026291,.jpg,28053,JPEG,600,450,RGB,True,
ISIC_0026292.jpg,ISIC_0026292,.jpg,24110,JPEG,600,450,RGB,True,
ISIC_0026293.jpg,ISIC_0026293,.jpg,16739,JPEG,600,450,RGB,True,
ISIC_0026294.jpg,ISIC_0026294,.jpg,27776,JPEG,600,450,RGB,True,
ISIC_0026295.jpg,ISIC_0026295,.jpg,34343,JPEG,600,450,RGB,True,
ISIC_0026296.jpg,ISIC_0026296,.jpg,22344,JPEG,600,450,RGB,True,
ISIC_0026297.jpg,ISIC_0026297,.jpg,20083,JPEG,600,450,RGB,True,
ISIC_0026298.jpg,ISIC_0026298,.jpg,28713,JPEG,600,450,RGB,True,
ISIC_0026299.jpg,ISIC_0026299,.jpg,27197,JPEG,600,450,RGB,True,
ISIC_0026300.jpg,ISIC_0026300,.jpg,24721,JPEG,600,450,RGB,True,
ISIC_0026301.jpg,ISIC_0026301,.jpg,32300,JPEG,600,450,RGB,True,
ISIC_0026302.jpg,ISIC_0026302,.jpg,31076,JPEG,600,450,RGB,True,
ISIC_0026303.jpg,ISIC_0026303,.jpg,37329,JPEG,600,450,RGB,True,
ISIC_0026304.jpg,ISIC_0026304,.jpg,30291,JPEG,600,450,RGB,True,
ISIC_0026305.jpg,ISIC_0026305,.jpg,31924,JPEG,600,450,RGB,True,
ISIC_0026306.jpg,ISIC_0026306,.jpg,26046,JPEG,600,450,RGB,True,
ISIC_0026307.jpg,ISIC_0026307,.jpg,30483,JPEG,600,450,RGB,True,
ISIC_0026308.jpg,ISIC_0026308,.jpg,25982,JPEG,600,450,RGB,True,
ISIC_0026309.jpg,ISIC_0026309,.jpg,21395,JPEG,600,450,RGB,True,
ISIC_0026310.jpg,ISIC_0026310,.jpg,23832,JPEG,600,450,RGB,True,
ISIC_0026311.jpg,ISIC_0026311,.jpg,24658,JPEG,600,450,RGB,True,
ISIC_0026312.jpg,ISIC_0026312,.jpg,18572,JPEG,600,450,RGB,True,
ISIC_0026313.jpg,ISIC_0026313,.jpg,33300,JPEG,600,450,RGB,True,
ISIC_0026314.jpg,ISIC_0026314,.jpg,24196,JPEG,600,450,RGB,True,
ISIC_0026315.jpg,ISIC_0026315,.jpg,30802,JPEG,600,450,RGB,True,
ISIC_0026316.jpg,ISIC_0026316,.jpg,22429,JPEG,600,450,RGB,True,
ISIC_0026317.jpg,ISIC_0026317,.jpg,22428,JPEG,600,450,RGB,True,
ISIC_0026318.jpg,ISIC_0026318,.jpg,21274,JPEG,600,450,RGB,True,
ISIC_0026319.jpg,ISIC_0026319,.jpg,29043,JPEG,600,450,RGB,True,
ISIC_0026320.jpg,ISIC_0026320,.jpg,33106,JPEG,600,450,RGB,True,
ISIC_0026321.jpg,ISIC_0026321,.jpg,33520,JPEG,600,450,RGB,True,
ISIC_0026322.jpg,ISIC_0026322,.jpg,28831,JPEG,600,450,RGB,True,
ISIC_0026323.jpg,ISIC_0026323,.jpg,20304,JPEG,600,450,RGB,True,
ISIC_0026324.jpg,ISIC_0026324,.jpg,25091,JPEG,600,450,RGB,True,
ISIC_0026325.jpg,ISIC_0026325,.jpg,23559,JPEG,600,450,RGB,True,
ISIC_0026326.jpg,ISIC_0026326,.jpg,21169,JPEG,600,450,RGB,True,
ISIC_0026327.jpg,ISIC_0026327,.jpg,32487,JPEG,600,450,RGB,True,
ISIC_0026328.jpg,ISIC_0026328,.jpg,28689,JPEG,600,450,RGB,True,
ISIC_0026329.jpg,ISIC_0026329,.jpg,18143,JPEG,600,450,RGB,True,
ISIC_0026330.jpg,ISIC_0026330,.jpg,22698,JPEG,600,450,RGB,True,
ISIC_0026331.jpg,ISIC_0026331,.jpg,24840,JPEG,600,450,RGB,True,
ISIC_0026332.jpg,ISIC_0026332,.jpg,25082,JPEG,600,450,RGB,True,
ISIC_0026333.jpg,ISIC_0026333,.jpg,20277,JPEG,600,450,RGB,True,
ISIC_0026334.jpg,ISIC_0026334,.jpg,26680,JPEG,600,450,RGB,True,
ISIC_0026335.jpg,ISIC_0026335,.jpg,27769,JPEG,600,450,RGB,True,
ISIC_0026336.jpg,ISIC_0026336,.jpg,21105,JPEG,600,450,RGB,True,
ISIC_0026337.jpg,ISIC_0026337,.jpg,29080,JPEG,600,450,RGB,True,
ISIC_0026338.jpg,ISIC_0026338,.jpg,29053,JPEG,600,450,RGB,True,
ISIC_0026339.jpg,ISIC_0026339,.jpg,32892,JPEG,600,450,RGB,True,
ISIC_0026340.jpg,ISIC_0026340,.jpg,29161,JPEG,600,450,RGB,True,
ISIC_0026341.jpg,ISIC_0026341,.jpg,22282,JPEG,600,450,RGB,True,
ISIC_0026342.jpg,ISIC_0026342,.jpg,25559,JPEG,600,450,RGB,True,
ISIC_0026343.jpg,ISIC_0026343,.jpg,74312,JPEG,600,450,RGB,True,
ISIC_0026344.jpg,ISIC_0026344,.jpg,24107,JPEG,600,450,RGB,True,
ISIC_0026345.jpg,ISIC_0026345,.jpg,24885,JPEG,600,450,RGB,True,
ISIC_0026346.jpg,ISIC_0026346,.jpg,27295,JPEG,600,450,RGB,True,
ISIC_0026347.jpg,ISIC_0026347,.jpg,25765,JPEG,600,450,RGB,True,
ISIC_0026348.jpg,ISIC_0026348,.jpg,28644,JPEG,600,450,RGB,True,
ISIC_0026349.jpg,ISIC_0026349,.jpg,20022,JPEG,600,450,RGB,True,
ISIC_0026350.jpg,ISIC_0026350,.jpg,28053,JPEG,600,450,RGB,True,
ISIC_0026351.jpg,ISIC_0026351,.jpg,32800,JPEG,600,450,RGB,True,
ISIC_0026352.jpg,ISIC_0026352,.jpg,27608,JPEG,600,450,RGB,True,
ISIC_0026353.jpg,ISIC_0026353,.jpg,26634,JPEG,600,450,RGB,True,
ISIC_0026354.jpg,ISIC_0026354,.jpg,29746,JPEG,600,450,RGB,True,
ISIC_0026355.jpg,ISIC_0026355,.jpg,25259,JPEG,600,450,RGB,True,
ISIC_0026356.jpg,ISIC_0026356,.jpg,20103,JPEG,600,450,RGB,True,
ISIC_0026357.jpg,ISIC_0026357,.jpg,28019,JPEG,600,450,RGB,True,
ISIC_0026358.jpg,ISIC_0026358,.jpg,22598,JPEG,600,450,RGB,True,
ISIC_0026359.jpg,ISIC_0026359,.jpg,28906,JPEG,600,450,RGB,True,
ISIC_0026360.jpg,ISIC_0026360,.jpg,29986,JPEG,600,450,RGB,True,
ISIC_0026361.jpg,ISIC_0026361,.jpg,33145,JPEG,600,450,RGB,True,
ISIC_0026362.jpg,ISIC_0026362,.jpg,30527,JPEG,600,450,RGB,True,
ISIC_0026363.jpg,ISIC_0026363,.jpg,27804,JPEG,600,450,RGB,True,
ISIC_0026364.jpg,ISIC_0026364,.jpg,29025,JPEG,600,450,RGB,True,
ISIC_0026365.jpg,ISIC_0026365,.jpg,21887,JPEG,600,450,RGB,True,
ISIC_0026366.jpg,ISIC_0026366,.jpg,38504,JPEG,600,450,RGB,True,
ISIC_0026367.jpg,ISIC_0026367,.jpg,28038,JPEG,600,450,RGB,True,
ISIC_0026368.jpg,ISIC_0026368,.jpg,24924,JPEG,600,450,RGB,True,
ISIC_0026369.jpg,ISIC_0026369,.jpg,32715,JPEG,600,450,RGB,True,
ISIC_0026370.jpg,ISIC_0026370,.jpg,31979,JPEG,600,450,RGB,True,
ISIC_0026371.jpg,ISIC_0026371,.jpg,39197,JPEG,600,450,RGB,True,
ISIC_0026372.jpg,ISIC_0026372,.jpg,33380,JPEG,600,450,RGB,True,
ISIC_0026373.jpg,ISIC_0026373,.jpg,28476,JPEG,600,450,RGB,True,
ISIC_0026374.jpg,ISIC_0026374,.jpg,30627,JPEG,600,450,RGB,True,
ISIC_0026375.jpg,ISIC_0026375,.jpg,20036,JPEG,600,450,RGB,True,
ISIC_0026376.jpg,ISIC_0026376,.jpg,24717,JPEG,600,450,RGB,True,
ISIC_0026377.jpg,ISIC_0026377,.jpg,24971,JPEG,600,450,RGB,True,
ISIC_0026378.jpg,ISIC_0026378,.jpg,34728,JPEG,600,450,RGB,True,
ISIC_0026379.jpg,ISIC_0026379,.jpg,26186,JPEG,600,450,RGB,True,
ISIC_0026380.jpg,ISIC_0026380,.jpg,20567,JPEG,600,450,RGB,True,
ISIC_0026381.jpg,ISIC_0026381,.jpg,19954,JPEG,600,450,RGB,True,
ISIC_0026382.jpg,ISIC_0026382,.jpg,26660,JPEG,600,450,RGB,True,
ISIC_0026383.jpg,ISIC_0026383,.jpg,27353,JPEG,600,450,RGB,True,
ISIC_0026384.jpg,ISIC_0026384,.jpg,25262,JPEG,600,450,RGB,True,
ISIC_0026385.jpg,ISIC_0026385,.jpg,28141,JPEG,600,450,RGB,True,
ISIC_0026386.jpg,ISIC_0026386,.jpg,23989,JPEG,600,450,RGB,True,
ISIC_0026387.jpg,ISIC_0026387,.jpg,26541,JPEG,600,450,RGB,True,
ISIC_0026388.jpg,ISIC_0026388,.jpg,25579,JPEG,600,450,RGB,True,
ISIC_0026389.jpg,ISIC_0026389,.jpg,23419,JPEG,600,450,RGB,True,
ISIC_0026390.jpg,ISIC_0026390,.jpg,25097,JPEG,600,450,RGB,True,
ISIC_0026391.jpg,ISIC_0026391,.jpg,27080,JPEG,600,450,RGB,True,
ISIC_0026392.jpg,ISIC_0026392,.jpg,29753,JPEG,600,450,RGB,True,
ISIC_0026393.jpg,ISIC_0026393,.jpg,21965,JPEG,600,450,RGB,True,
ISIC_0026394.jpg,ISIC_0026394,.jpg,19669,JPEG,600,450,RGB,True,
ISIC_0026395.jpg,ISIC_0026395,.jpg,24808,JPEG,600,450,RGB,True,
ISIC_0026396.jpg,ISIC_0026396,.jpg,27934,JPEG,600,450,RGB,True,
ISIC_0026397.jpg,ISIC_0026397,.jpg,22927,JPEG,600,450,RGB,True,
ISIC_0026398.jpg,ISIC_0026398,.jpg,19660,JPEG,600,450,RGB,True,
ISIC_0026399.jpg,ISIC_0026399,.jpg,28161,JPEG,600,450,RGB,True,
ISIC_0026400.jpg,ISIC_0026400,.jpg,36957,JPEG,600,450,RGB,True,
ISIC_0026401.jpg,ISIC_0026401,.jpg,23067,JPEG,600,450,RGB,True,
ISIC_0026402.jpg,ISIC_0026402,.jpg,34232,JPEG,600,450,RGB,True,
ISIC_0026403.jpg,ISIC_0026403,.jpg,35065,JPEG,600,450,RGB,True,
ISIC_0026404.jpg,ISIC_0026404,.jpg,22283,JPEG,600,450,RGB,True,
ISIC_0026405.jpg,ISIC_0026405,.jpg,24627,JPEG,600,450,RGB,True,
ISIC_0026406.jpg,ISIC_0026406,.jpg,19126,JPEG,600,450,RGB,True,
ISIC_0026407.jpg,ISIC_0026407,.jpg,25226,JPEG,600,450,RGB,True,
ISIC_0026408.jpg,ISIC_0026408,.jpg,21425,JPEG,600,450,RGB,True,
ISIC_0026409.jpg,ISIC_0026409,.jpg,38760,JPEG,600,450,RGB,True,
ISIC_0026410.jpg,ISIC_0026410,.jpg,26792,JPEG,600,450,RGB,True,
ISIC_0026411.jpg,ISIC_0026411,.jpg,39651,JPEG,600,450,RGB,True,
ISIC_0026412.jpg,ISIC_0026412,.jpg,24681,JPEG,600,450,RGB,True,
ISIC_0026413.jpg,ISIC_0026413,.jpg,23256,JPEG,600,450,RGB,True,
ISIC_0026414.jpg,ISIC_0026414,.jpg,33380,JPEG,600,450,RGB,True,
ISIC_0026415.jpg,ISIC_0026415,.jpg,31981,JPEG,600,450,RGB,True,
ISIC_0026416.jpg,ISIC_0026416,.jpg,25355,JPEG,600,450,RGB,True,
ISIC_0026417.jpg,ISIC_0026417,.jpg,31264,JPEG,600,450,RGB,True,
ISIC_0026418.jpg,ISIC_0026418,.jpg,25884,JPEG,600,450,RGB,True,
ISIC_0026419.jpg,ISIC_0026419,.jpg,31124,JPEG,600,450,RGB,True,
ISIC_0026420.jpg,ISIC_0026420,.jpg,36868,JPEG,600,450,RGB,True,
ISIC_0026421.jpg,ISIC_0026421,.jpg,20521,JPEG,600,450,RGB,True,
ISIC_0026422.jpg,ISIC_0026422,.jpg,22541,JPEG,600,450,RGB,True,
ISIC_0026423.jpg,ISIC_0026423,.jpg,29473,JPEG,600,450,RGB,True,
ISIC_0026424.jpg,ISIC_0026424,.jpg,33814,JPEG,600,450,RGB,True,
ISIC_0026425.jpg,ISIC_0026425,.jpg,28919,JPEG,600,450,RGB,True,
ISIC_0026426.jpg,ISIC_0026426,.jpg,26191,JPEG,600,450,RGB,True,
ISIC_0026427.jpg,ISIC_0026427,.jpg,31176,JPEG,600,450,RGB,True,
ISIC_0026428.jpg,ISIC_0026428,.jpg,28280,JPEG,600,450,RGB,True,
ISIC_0026429.jpg,ISIC_0026429,.jpg,24775,JPEG,600,450,RGB,True,
ISIC_0026430.jpg,ISIC_0026430,.jpg,35235,JPEG,600,450,RGB,True,
ISIC_0026431.jpg,ISIC_0026431,.jpg,37749,JPEG,600,450,RGB,True,
ISIC_0026432.jpg,ISIC_0026432,.jpg,30409,JPEG,600,450,RGB,True,
ISIC_0026433.jpg,ISIC_0026433,.jpg,23997,JPEG,600,450,RGB,True,
ISIC_0026434.jpg,ISIC_0026434,.jpg,28308,JPEG,600,450,RGB,True,
ISIC_0026435.jpg,ISIC_0026435,.jpg,28549,JPEG,600,450,RGB,True,
ISIC_0026436.jpg,ISIC_0026436,.jpg,32225,JPEG,600,450,RGB,True,
ISIC_0026437.jpg,ISIC_0026437,.jpg,32180,JPEG,600,450,RGB,True,
ISIC_0026438.jpg,ISIC_0026438,.jpg,29957,JPEG,600,450,RGB,True,
ISIC_0026439.jpg,ISIC_0026439,.jpg,36687,JPEG,600,450,RGB,True,
ISIC_0026440.jpg,ISIC_0026440,.jpg,22786,JPEG,600,450,RGB,True,
ISIC_0026441.jpg,ISIC_0026441,.jpg,30541,JPEG,600,450,RGB,True,
ISIC_0026442.jpg,ISIC_0026442,.jpg,28494,JPEG,600,450,RGB,True,
ISIC_0026443.jpg,ISIC_0026443,.jpg,17953,JPEG,600,450,RGB,True,
ISIC_0026444.jpg,ISIC_0026444,.jpg,27068,JPEG,600,450,RGB,True,
ISIC_0026445.jpg,ISIC_0026445,.jpg,24844,JPEG,600,450,RGB,True,
ISIC_0026446.jpg,ISIC_0026446,.jpg,31062,JPEG,600,450,RGB,True,
ISIC_0026447.jpg,ISIC_0026447,.jpg,28674,JPEG,600,450,RGB,True,
ISIC_0026448.jpg,ISIC_0026448,.jpg,24464,JPEG,600,450,RGB,True,
ISIC_0026449.jpg,ISIC_0026449,.jpg,23888,JPEG,600,450,RGB,True,
ISIC_0026450.jpg,ISIC_0026450,.jpg,26535,JPEG,600,450,RGB,True,
ISIC_0026451.jpg,ISIC_0026451,.jpg,21881,JPEG,600,450,RGB,True,
ISIC_0026452.jpg,ISIC_0026452,.jpg,22941,JPEG,600,450,RGB,True,
ISIC_0026453.jpg,ISIC_0026453,.jpg,22526,JPEG,600,450,RGB,True,
ISIC_0026454.jpg,ISIC_0026454,.jpg,27654,JPEG,600,450,RGB,True,
ISIC_0026455.jpg,ISIC_0026455,.jpg,34295,JPEG,600,450,RGB,True,
ISIC_0026456.jpg,ISIC_0026456,.jpg,23993,JPEG,600,450,RGB,True,
ISIC_0026457.jpg,ISIC_0026457,.jpg,30998,JPEG,600,450,RGB,True,
ISIC_0026458.jpg,ISIC_0026458,.jpg,29673,JPEG,600,450,RGB,True,
ISIC_0026459.jpg,ISIC_0026459,.jpg,36738,JPEG,600,450,RGB,True,
ISIC_0026460.jpg,ISIC_0026460,.jpg,31400,JPEG,600,450,RGB,True,
ISIC_0026461.jpg,ISIC_0026461,.jpg,23651,JPEG,600,450,RGB,True,
ISIC_0026462.jpg,ISIC_0026462,.jpg,27125,JPEG,600,450,RGB,True,
ISIC_0026463.jpg,ISIC_0026463,.jpg,23714,JPEG,600,450,RGB,True,
ISIC_0026464.jpg,ISIC_0026464,.jpg,16686,JPEG,600,450,RGB,True,
ISIC_0026465.jpg,ISIC_0026465,.jpg,24321,JPEG,600,450,RGB,True,
ISIC_0026466.jpg,ISIC_0026466,.jpg,24952,JPEG,600,450,RGB,True,
ISIC_0026467.jpg,ISIC_0026467,.jpg,28057,JPEG,600,450,RGB,True,
ISIC_0026468.jpg,ISIC_0026468,.jpg,27767,JPEG,600,450,RGB,True,
ISIC_0026469.jpg,ISIC_0026469,.jpg,29211,JPEG,600,450,RGB,True,
ISIC_0026470.jpg,ISIC_0026470,.jpg,37234,JPEG,600,450,RGB,True,
ISIC_0026471.jpg,ISIC_0026471,.jpg,39883,JPEG,600,450,RGB,True,
ISIC_0026472.jpg,ISIC_0026472,.jpg,25460,JPEG,600,450,RGB,True,
ISIC_0026473.jpg,ISIC_0026473,.jpg,31143,JPEG,600,450,RGB,True,
ISIC_0026474.jpg,ISIC_0026474,.jpg,29174,JPEG,600,450,RGB,True,
ISIC_0026475.jpg,ISIC_0026475,.jpg,21163,JPEG,600,450,RGB,True,
ISIC_0026476.jpg,ISIC_0026476,.jpg,28668,JPEG,600,450,RGB,True,
ISIC_0026477.jpg,ISIC_0026477,.jpg,16753,JPEG,600,450,RGB,True,
ISIC_0026478.jpg,ISIC_0026478,.jpg,23416,JPEG,600,450,RGB,True,
ISIC_0026479.jpg,ISIC_0026479,.jpg,32094,JPEG,600,450,RGB,True,
ISIC_0026480.jpg,ISIC_0026480,.jpg,38195,JPEG,600,450,RGB,True,
ISIC_0026481.jpg,ISIC_0026481,.jpg,25677,JPEG,600,450,RGB,True,
ISIC_0026482.jpg,ISIC_0026482,.jpg,22206,JPEG,600,450,RGB,True,
ISIC_0026483.jpg,ISIC_0026483,.jpg,27721,JPEG,600,450,RGB,True,
ISIC_0026484.jpg,ISIC_0026484,.jpg,18748,JPEG,600,450,RGB,True,
ISIC_0026485.jpg,ISIC_0026485,.jpg,22888,JPEG,600,450,RGB,True,
ISIC_0026486.jpg,ISIC_0026486,.jpg,22302,JPEG,600,450,RGB,True,
ISIC_0026487.jpg,ISIC_0026487,.jpg,29452,JPEG,600,450,RGB,True,
ISIC_0026488.jpg,ISIC_0026488,.jpg,28180,JPEG,600,450,RGB,True,
ISIC_0026489.jpg,ISIC_0026489,.jpg,29067,JPEG,600,450,RGB,True,
ISIC_0026490.jpg,ISIC_0026490,.jpg,26018,JPEG,600,450,RGB,True,
ISIC_0026491.jpg,ISIC_0026491,.jpg,36411,JPEG,600,450,RGB,True,
ISIC_0026492.jpg,ISIC_0026492,.jpg,30891,JPEG,600,450,RGB,True,
ISIC_0026493.jpg,ISIC_0026493,.jpg,35979,JPEG,600,450,RGB,True,
ISIC_0026494.jpg,ISIC_0026494,.jpg,20652,JPEG,600,450,RGB,True,
ISIC_0026495.jpg,ISIC_0026495,.jpg,21824,JPEG,600,450,RGB,True,
ISIC_0026496.jpg,ISIC_0026496,.jpg,30439,JPEG,600,450,RGB,True,
ISIC_0026497.jpg,ISIC_0026497,.jpg,21159,JPEG,600,450,RGB,True,
ISIC_0026498.jpg,ISIC_0026498,.jpg,33852,JPEG,600,450,RGB,True,
ISIC_0026499.jpg,ISIC_0026499,.jpg,23345,JPEG,600,450,RGB,True,
ISIC_0026500.jpg,ISIC_0026500,.jpg,38540,JPEG,600,450,RGB,True,
ISIC_0026501.jpg,ISIC_0026501,.jpg,21388,JPEG,600,450,RGB,True,
ISIC_0026502.jpg,ISIC_0026502,.jpg,23630,JPEG,600,450,RGB,True,
ISIC_0026503.jpg,ISIC_0026503,.jpg,23777,JPEG,600,450,RGB,True,
ISIC_0026504.jpg,ISIC_0026504,.jpg,33845,JPEG,600,450,RGB,True,
ISIC_0026505.jpg,ISIC_0026505,.jpg,22439,JPEG,600,450,RGB,True,
ISIC_0026506.jpg,ISIC_0026506,.jpg,20833,JPEG,600,450,RGB,True,
ISIC_0026507.jpg,ISIC_0026507,.jpg,25959,JPEG,600,450,RGB,True,
ISIC_0026508.jpg,ISIC_0026508,.jpg,37253,JPEG,600,450,RGB,True,
ISIC_0026509.jpg,ISIC_0026509,.jpg,36697,JPEG,600,450,RGB,True,
ISIC_0026510.jpg,ISIC_0026510,.jpg,19791,JPEG,600,450,RGB,True,
ISIC_0026511.jpg,ISIC_0026511,.jpg,23890,JPEG,600,450,RGB,True,
ISIC_0026512.jpg,ISIC_0026512,.jpg,25959,JPEG,600,450,RGB,True,
ISIC_0026513.jpg,ISIC_0026513,.jpg,28028,JPEG,600,450,RGB,True,
ISIC_0026514.jpg,ISIC_0026514,.jpg,39219,JPEG,600,450,RGB,True,
ISIC_0026515.jpg,ISIC_0026515,.jpg,25623,JPEG,600,450,RGB,True,
ISIC_0026516.jpg,ISIC_0026516,.jpg,17630,JPEG,600,450,RGB,True,
ISIC_0026517.jpg,ISIC_0026517,.jpg,31428,JPEG,600,450,RGB,True,
ISIC_0026518.jpg,ISIC_0026518,.jpg,30087,JPEG,600,450,RGB,True,
ISIC_0026519.jpg,ISIC_0026519,.jpg,23953,JPEG,600,450,RGB,True,
ISIC_0026520.jpg,ISIC_0026520,.jpg,29875,JPEG,600,450,RGB,True,
ISIC_0026521.jpg,ISIC_0026521,.jpg,30114,JPEG,600,450,RGB,True,
ISIC_0026522.jpg,ISIC_0026522,.jpg,34590,JPEG,600,450,RGB,True,
ISIC_0026523.jpg,ISIC_0026523,.jpg,30794,JPEG,600,450,RGB,True,
ISIC_0026524.jpg,ISIC_0026524,.jpg,23950,JPEG,600,450,RGB,True,
ISIC_0026525.jpg,ISIC_0026525,.jpg,28626,JPEG,600,450,RGB,True,
ISIC_0026526.jpg,ISIC_0026526,.jpg,22292,JPEG,600,450,RGB,True,
ISIC_0026527.jpg,ISIC_0026527,.jpg,22956,JPEG,600,450,RGB,True,
ISIC_0026528.jpg,ISIC_0026528,.jpg,27754,JPEG,600,450,RGB,True,
ISIC_0026529.jpg,ISIC_0026529,.jpg,23808,JPEG,600,450,RGB,True,
ISIC_0026530.jpg,ISIC_0026530,.jpg,29289,JPEG,600,450,RGB,True,
ISIC_0026531.jpg,ISIC_0026531,.jpg,39220,JPEG,600,450,RGB,True,
ISIC_0026532.jpg,ISIC_0026532,.jpg,26461,JPEG,600,450,RGB,True,
ISIC_0026533.jpg,ISIC_0026533,.jpg,22700,JPEG,600,450,RGB,True,
ISIC_0026534.jpg,ISIC_0026534,.jpg,24190,JPEG,600,450,RGB,True,
ISIC_0026535.jpg,ISIC_0026535,.jpg,26034,JPEG,600,450,RGB,True,
ISIC_0026536.jpg,ISIC_0026536,.jpg,25198,JPEG,600,450,RGB,True,
ISIC_0026537.jpg,ISIC_0026537,.jpg,27511,JPEG,600,450,RGB,True,
ISIC_0026538.jpg,ISIC_0026538,.jpg,28487,JPEG,600,450,RGB,True,
ISIC_0026539.jpg,ISIC_0026539,.jpg,33124,JPEG,600,450,RGB,True,
ISIC_0026540.jpg,ISIC_0026540,.jpg,31667,JPEG,600,450,RGB,True,
ISIC_0026541.jpg,ISIC_0026541,.jpg,20556,JPEG,600,450,RGB,True,
ISIC_0026542.jpg,ISIC_0026542,.jpg,32531,JPEG,600,450,RGB,True,
ISIC_0026543.jpg,ISIC_0026543,.jpg,29140,JPEG,600,450,RGB,True,
ISIC_0026544.jpg,ISIC_0026544,.jpg,38869,JPEG,600,450,RGB,True,
ISIC_0026545.jpg,ISIC_0026545,.jpg,36619,JPEG,600,450,RGB,True,
ISIC_0026546.jpg,ISIC_0026546,.jpg,24371,JPEG,600,450,RGB,True,
ISIC_0026547.jpg,ISIC_0026547,.jpg,27093,JPEG,600,450,RGB,True,
ISIC_0026548.jpg,ISIC_0026548,.jpg,25744,JPEG,600,450,RGB,True,
ISIC_0026549.jpg,ISIC_0026549,.jpg,25474,JPEG,600,450,RGB,True,
ISIC_0026550.jpg,ISIC_0026550,.jpg,19909,JPEG,600,450,RGB,True,
ISIC_0026551.jpg,ISIC_0026551,.jpg,27705,JPEG,600,450,RGB,True,
ISIC_0026552.jpg,ISIC_0026552,.jpg,23700,JPEG,600,450,RGB,True,
ISIC_0026553.jpg,ISIC_0026553,.jpg,25836,JPEG,600,450,RGB,True,
ISIC_0026554.jpg,ISIC_0026554,.jpg,23974,JPEG,600,450,RGB,True,
ISIC_0026555.jpg,ISIC_0026555,.jpg,46699,JPEG,600,450,RGB,True,
ISIC_0026556.jpg,ISIC_0026556,.jpg,38589,JPEG,600,450,RGB,True,
ISIC_0026557.jpg,ISIC_0026557,.jpg,31175,JPEG,600,450,RGB,True,
ISIC_0026558.jpg,ISIC_0026558,.jpg,31421,JPEG,600,450,RGB,True,
ISIC_0026559.jpg,ISIC_0026559,.jpg,22732,JPEG,600,450,RGB,True,
ISIC_0026560.jpg,ISIC_0026560,.jpg,18844,JPEG,600,450,RGB,True,
ISIC_0026561.jpg,ISIC_0026561,.jpg,26246,JPEG,600,450,RGB,True,
ISIC_0026562.jpg,ISIC_0026562,.jpg,32318,JPEG,600,450,RGB,True,
ISIC_0026563.jpg,ISIC_0026563,.jpg,25483,JPEG,600,450,RGB,True,
ISIC_0026564.jpg,ISIC_0026564,.jpg,33016,JPEG,600,450,RGB,True,
ISIC_0026565.jpg,ISIC_0026565,.jpg,27113,JPEG,600,450,RGB,True,
ISIC_0026566.jpg,ISIC_0026566,.jpg,27889,JPEG,600,450,RGB,True,
ISIC_0026567.jpg,ISIC_0026567,.jpg,26290,JPEG,600,450,RGB,True,
ISIC_0026568.jpg,ISIC_0026568,.jpg,26174,JPEG,600,450,RGB,True,
ISIC_0026569.jpg,ISIC_0026569,.jpg,25342,JPEG,600,450,RGB,True,
ISIC_0026570.jpg,ISIC_0026570,.jpg,19484,JPEG,600,450,RGB,True,
ISIC_0026571.jpg,ISIC_0026571,.jpg,40749,JPEG,600,450,RGB,True,
ISIC_0026572.jpg,ISIC_0026572,.jpg,22967,JPEG,600,450,RGB,True,
ISIC_0026573.jpg,ISIC_0026573,.jpg,21034,JPEG,600,450,RGB,True,
ISIC_0026574.jpg,ISIC_0026574,.jpg,31455,JPEG,600,450,RGB,True,
ISIC_0026575.jpg,ISIC_0026575,.jpg,26928,JPEG,600,450,RGB,True,
ISIC_0026576.jpg,ISIC_0026576,.jpg,33459,JPEG,600,450,RGB,True,
ISIC_0026577.jpg,ISIC_0026577,.jpg,23809,JPEG,600,450,RGB,True,
ISIC_0026578.jpg,ISIC_0026578,.jpg,21120,JPEG,600,450,RGB,True,
ISIC_0026579.jpg,ISIC_0026579,.jpg,27703,JPEG,600,450,RGB,True,
ISIC_0026580.jpg,ISIC_0026580,.jpg,18314,JPEG,600,450,RGB,True,
ISIC_0026581.jpg,ISIC_0026581,.jpg,19054,JPEG,600,450,RGB,True,
ISIC_0026582.jpg,ISIC_0026582,.jpg,24981,JPEG,600,450,RGB,True,
ISIC_0026583.jpg,ISIC_0026583,.jpg,42682,JPEG,600,450,RGB,True,
ISIC_0026584.jpg,ISIC_0026584,.jpg,28014,JPEG,600,450,RGB,True,
ISIC_0026585.jpg,ISIC_0026585,.jpg,31685,JPEG,600,450,RGB,True,
ISIC_0026586.jpg,ISIC_0026586,.jpg,33296,JPEG,600,450,RGB,True,
ISIC_0026587.jpg,ISIC_0026587,.jpg,22573,JPEG,600,450,RGB,True,
ISIC_0026588.jpg,ISIC_0026588,.jpg,28471,JPEG,600,450,RGB,True,
ISIC_0026589.jpg,ISIC_0026589,.jpg,27487,JPEG,600,450,RGB,True,
ISIC_0026590.jpg,ISIC_0026590,.jpg,27266,JPEG,600,450,RGB,True,
ISIC_0026591.jpg,ISIC_0026591,.jpg,25808,JPEG,600,450,RGB,True,
ISIC_0026592.jpg,ISIC_0026592,.jpg,21377,JPEG,600,450,RGB,True,
ISIC_0026593.jpg,ISIC_0026593,.jpg,29599,JPEG,600,450,RGB,True,
ISIC_0026594.jpg,ISIC_0026594,.jpg,25416,JPEG,600,450,RGB,True,
ISIC_0026595.jpg,ISIC_0026595,.jpg,31476,JPEG,600,450,RGB,True,
ISIC_0026596.jpg,ISIC_0026596,.jpg,26711,JPEG,600,450,RGB,True,
ISIC_0026597.jpg,ISIC_0026597,.jpg,23503,JPEG,600,450,RGB,True,
ISIC_0026598.jpg,ISIC_0026598,.jpg,25148,JPEG,600,450,RGB,True,
ISIC_0026599.jpg,ISIC_0026599,.jpg,27867,JPEG,600,450,RGB,True,
ISIC_0026600.jpg,ISIC_0026600,.jpg,23319,JPEG,600,450,RGB,True,
ISIC_0026601.jpg,ISIC_0026601,.jpg,35455,JPEG,600,450,RGB,True,
ISIC_0026602.jpg,ISIC_0026602,.jpg,24883,JPEG,600,450,RGB,True,
ISIC_0026603.jpg,ISIC_0026603,.jpg,24086,JPEG,600,450,RGB,True,
ISIC_0026604.jpg,ISIC_0026604,.jpg,24276,JPEG,600,450,RGB,True,
ISIC_0026605.jpg,ISIC_0026605,.jpg,28195,JPEG,600,450,RGB,True,
ISIC_0026606.jpg,ISIC_0026606,.jpg,17408,JPEG,600,450,RGB,True,
ISIC_0026607.jpg,ISIC_0026607,.jpg,24006,JPEG,600,450,RGB,True,
ISIC_0026608.jpg,ISIC_0026608,.jpg,23670,JPEG,600,450,RGB,True,
ISIC_0026609.jpg,ISIC_0026609,.jpg,26315,JPEG,600,450,RGB,True,
ISIC_0026610.jpg,ISIC_0026610,.jpg,33632,JPEG,600,450,RGB,True,
ISIC_0026611.jpg,ISIC_0026611,.jpg,29487,JPEG,600,450,RGB,True,
ISIC_0026612.jpg,ISIC_0026612,.jpg,19704,JPEG,600,450,RGB,True,
ISIC_0026613.jpg,ISIC_0026613,.jpg,31258,JPEG,600,450,RGB,True,
ISIC_0026614.jpg,ISIC_0026614,.jpg,27833,JPEG,600,450,RGB,True,
ISIC_0026615.jpg,ISIC_0026615,.jpg,28202,JPEG,600,450,RGB,True,
ISIC_0026616.jpg,ISIC_0026616,.jpg,40619,JPEG,600,450,RGB,True,
ISIC_0026617.jpg,ISIC_0026617,.jpg,24024,JPEG,600,450,RGB,True,
ISIC_0026618.jpg,ISIC_0026618,.jpg,23088,JPEG,600,450,RGB,True,
ISIC_0026619.jpg,ISIC_0026619,.jpg,25383,JPEG,600,450,RGB,True,
ISIC_0026620.jpg,ISIC_0026620,.jpg,34165,JPEG,600,450,RGB,True,
ISIC_0026621.jpg,ISIC_0026621,.jpg,36118,JPEG,600,450,RGB,True,
ISIC_0026622.jpg,ISIC_0026622,.jpg,28183,JPEG,600,450,RGB,True,
ISIC_0026623.jpg,ISIC_0026623,.jpg,34856,JPEG,600,450,RGB,True,
ISIC_0026624.jpg,ISIC_0026624,.jpg,28753,JPEG,600,450,RGB,True,
ISIC_0026625.jpg,ISIC_0026625,.jpg,35220,JPEG,600,450,RGB,True,
ISIC_0026626.jpg,ISIC_0026626,.jpg,33350,JPEG,600,450,RGB,True,
ISIC_0026627.jpg,ISIC_0026627,.jpg,25708,JPEG,600,450,RGB,True,
ISIC_0026628.jpg,ISIC_0026628,.jpg,27227,JPEG,600,450,RGB,True,
ISIC_0026629.jpg,ISIC_0026629,.jpg,26776,JPEG,600,450,RGB,True,
ISIC_0026630.jpg,ISIC_0026630,.jpg,24078,JPEG,600,450,RGB,True,
ISIC_0026631.jpg,ISIC_0026631,.jpg,30747,JPEG,600,450,RGB,True,
ISIC_0026632.jpg,ISIC_0026632,.jpg,32199,JPEG,600,450,RGB,True,
ISIC_0026633.jpg,ISIC_0026633,.jpg,16699,JPEG,600,450,RGB,True,
ISIC_0026634.jpg,ISIC_0026634,.jpg,31214,JPEG,600,450,RGB,True,
ISIC_0026635.jpg,ISIC_0026635,.jpg,22964,JPEG,600,450,RGB,True,
ISIC_0026636.jpg,ISIC_0026636,.jpg,26408,JPEG,600,450,RGB,True,
ISIC_0026637.jpg,ISIC_0026637,.jpg,27993,JPEG,600,450,RGB,True,
ISIC_0026638.jpg,ISIC_0026638,.jpg,25489,JPEG,600,450,RGB,True,
ISIC_0026639.jpg,ISIC_0026639,.jpg,28812,JPEG,600,450,RGB,True,
ISIC_0026640.jpg,ISIC_0026640,.jpg,21666,JPEG,600,450,RGB,True,
ISIC_0026641.jpg,ISIC_0026641,.jpg,39325,JPEG,600,450,RGB,True,
ISIC_0026642.jpg,ISIC_0026642,.jpg,31782,JPEG,600,450,RGB,True,
ISIC_0026643.jpg,ISIC_0026643,.jpg,36029,JPEG,600,450,RGB,True,
ISIC_0026644.jpg,ISIC_0026644,.jpg,21294,JPEG,600,450,RGB,True,
ISIC_0026645.jpg,ISIC_0026645,.jpg,36841,JPEG,600,450,RGB,True,
ISIC_0026646.jpg,ISIC_0026646,.jpg,27771,JPEG,600,450,RGB,True,
ISIC_0026647.jpg,ISIC_0026647,.jpg,31027,JPEG,600,450,RGB,True,
ISIC_0026648.jpg,ISIC_0026648,.jpg,25176,JPEG,600,450,RGB,True,
ISIC_0026649.jpg,ISIC_0026649,.jpg,31450,JPEG,600,450,RGB,True,
ISIC_0026650.jpg,ISIC_0026650,.jpg,26454,JPEG,600,450,RGB,True,
ISIC_0026651.jpg,ISIC_0026651,.jpg,33089,JPEG,600,450,RGB,True,
ISIC_0026652.jpg,ISIC_0026652,.jpg,34206,JPEG,600,450,RGB,True,
ISIC_0026653.jpg,ISIC_0026653,.jpg,24518,JPEG,600,450,RGB,True,
ISIC_0026654.jpg,ISIC_0026654,.jpg,30036,JPEG,600,450,RGB,True,
ISIC_0026655.jpg,ISIC_0026655,.jpg,29610,JPEG,600,450,RGB,True,
ISIC_0026656.jpg,ISIC_0026656,.jpg,30077,JPEG,600,450,RGB,True,
ISIC_0026657.jpg,ISIC_0026657,.jpg,23833,JPEG,600,450,RGB,True,
ISIC_0026658.jpg,ISIC_0026658,.jpg,19872,JPEG,600,450,RGB,True,
ISIC_0026659.jpg,ISIC_0026659,.jpg,37218,JPEG,600,450,RGB,True,
ISIC_0026660.jpg,ISIC_0026660,.jpg,23497,JPEG,600,450,RGB,True,
ISIC_0026661.jpg,ISIC_0026661,.jpg,42039,JPEG,600,450,RGB,True,
ISIC_0026662.jpg,ISIC_0026662,.jpg,25305,JPEG,600,450,RGB,True,
ISIC_0026663.jpg,ISIC_0026663,.jpg,31730,JPEG,600,450,RGB,True,
ISIC_0026664.jpg,ISIC_0026664,.jpg,31142,JPEG,600,450,RGB,True,
ISIC_0026665.jpg,ISIC_0026665,.jpg,19342,JPEG,600,450,RGB,True,
ISIC_0026666.jpg,ISIC_0026666,.jpg,21524,JPEG,600,450,RGB,True,
ISIC_0026667.jpg,ISIC_0026667,.jpg,22083,JPEG,600,450,RGB,True,
ISIC_0026668.jpg,ISIC_0026668,.jpg,40087,JPEG,600,450,RGB,True,
ISIC_0026669.jpg,ISIC_0026669,.jpg,23272,JPEG,600,450,RGB,True,
ISIC_0026670.jpg,ISIC_0026670,.jpg,23992,JPEG,600,450,RGB,True,
ISIC_0026671.jpg,ISIC_0026671,.jpg,22455,JPEG,600,450,RGB,True,
ISIC_0026672.jpg,ISIC_0026672,.jpg,26256,JPEG,600,450,RGB,True,
ISIC_0026673.jpg,ISIC_0026673,.jpg,30738,JPEG,600,450,RGB,True,
ISIC_0026674.jpg,ISIC_0026674,.jpg,15109,JPEG,600,450,RGB,True,
ISIC_0026675.jpg,ISIC_0026675,.jpg,33888,JPEG,600,450,RGB,True,
ISIC_0026676.jpg,ISIC_0026676,.jpg,25220,JPEG,600,450,RGB,True,
ISIC_0026677.jpg,ISIC_0026677,.jpg,25214,JPEG,600,450,RGB,True,
ISIC_0026678.jpg,ISIC_0026678,.jpg,23743,JPEG,600,450,RGB,True,
ISIC_0026679.jpg,ISIC_0026679,.jpg,33245,JPEG,600,450,RGB,True,
ISIC_0026680.jpg,ISIC_0026680,.jpg,27211,JPEG,600,450,RGB,True,
ISIC_0026681.jpg,ISIC_0026681,.jpg,28991,JPEG,600,450,RGB,True,
ISIC_0026682.jpg,ISIC_0026682,.jpg,31596,JPEG,600,450,RGB,True,
ISIC_0026683.jpg,ISIC_0026683,.jpg,24975,JPEG,600,450,RGB,True,
ISIC_0026684.jpg,ISIC_0026684,.jpg,21537,JPEG,600,450,RGB,True,
ISIC_0026685.jpg,ISIC_0026685,.jpg,19812,JPEG,600,450,RGB,True,
ISIC_0026686.jpg,ISIC_0026686,.jpg,29493,JPEG,600,450,RGB,True,
ISIC_0026687.jpg,ISIC_0026687,.jpg,30501,JPEG,600,450,RGB,True,
ISIC_0026688.jpg,ISIC_0026688,.jpg,27193,JPEG,600,450,RGB,True,
ISIC_0026689.jpg,ISIC_0026689,.jpg,23418,JPEG,600,450,RGB,True,
ISIC_0026690.jpg,ISIC_0026690,.jpg,30636,JPEG,600,450,RGB,True,
ISIC_0026691.jpg,ISIC_0026691,.jpg,22752,JPEG,600,450,RGB,True,
ISIC_0026692.jpg,ISIC_0026692,.jpg,25260,JPEG,600,450,RGB,True,
ISIC_0026693.jpg,ISIC_0026693,.jpg,25605,JPEG,600,450,RGB,True,
ISIC_0026694.jpg,ISIC_0026694,.jpg,23758,JPEG,600,450,RGB,True,
ISIC_0026695.jpg,ISIC_0026695,.jpg,26550,JPEG,600,450,RGB,True,
ISIC_0026696.jpg,ISIC_0026696,.jpg,20470,JPEG,600,450,RGB,True,
ISIC_0026697.jpg,ISIC_0026697,.jpg,35211,JPEG,600,450,RGB,True,
ISIC_0026698.jpg,ISIC_0026698,.jpg,22428,JPEG,600,450,RGB,True,
ISIC_0026699.jpg,ISIC_0026699,.jpg,24169,JPEG,600,450,RGB,True,
ISIC_0026700.jpg,ISIC_0026700,.jpg,33942,JPEG,600,450,RGB,True,
ISIC_0026701.jpg,ISIC_0026701,.jpg,24099,JPEG,600,450,RGB,True,
ISIC_0026702.jpg,ISIC_0026702,.jpg,32619,JPEG,600,450,RGB,True,
ISIC_0026703.jpg,ISIC_0026703,.jpg,22573,JPEG,600,450,RGB,True,
ISIC_0026704.jpg,ISIC_0026704,.jpg,31842,JPEG,600,450,RGB,True,
ISIC_0026705.jpg,ISIC_0026705,.jpg,28888,JPEG,600,450,RGB,True,
ISIC_0026706.jpg,ISIC_0026706,.jpg,30105,JPEG,600,450,RGB,True,
ISIC_0026707.jpg,ISIC_0026707,.jpg,25334,JPEG,600,450,RGB,True,
ISIC_0026708.jpg,ISIC_0026708,.jpg,22801,JPEG,600,450,RGB,True,
ISIC_0026709.jpg,ISIC_0026709,.jpg,31530,JPEG,600,450,RGB,True,
ISIC_0026710.jpg,ISIC_0026710,.jpg,27989,JPEG,600,450,RGB,True,
ISIC_0026711.jpg,ISIC_0026711,.jpg,17952,JPEG,600,450,RGB,True,
ISIC_0026712.jpg,ISIC_0026712,.jpg,24027,JPEG,600,450,RGB,True,
ISIC_0026713.jpg,ISIC_0026713,.jpg,20834,JPEG,600,450,RGB,True,
ISIC_0026714.jpg,ISIC_0026714,.jpg,22765,JPEG,600,450,RGB,True,
ISIC_0026715.jpg,ISIC_0026715,.jpg,19806,JPEG,600,450,RGB,True,
ISIC_0026716.jpg,ISIC_0026716,.jpg,26153,JPEG,600,450,RGB,True,
ISIC_0026717.jpg,ISIC_0026717,.jpg,32908,JPEG,600,450,RGB,True,
ISIC_0026718.jpg,ISIC_0026718,.jpg,23186,JPEG,600,450,RGB,True,
ISIC_0026719.jpg,ISIC_0026719,.jpg,31528,JPEG,600,450,RGB,True,
ISIC_0026720.jpg,ISIC_0026720,.jpg,29312,JPEG,600,450,RGB,True,
ISIC_0026721.jpg,ISIC_0026721,.jpg,25794,JPEG,600,450,RGB,True,
ISIC_0026722.jpg,ISIC_0026722,.jpg,34829,JPEG,600,450,RGB,True,
ISIC_0026723.jpg,ISIC_0026723,.jpg,25334,JPEG,600,450,RGB,True,
ISIC_0026724.jpg,ISIC_0026724,.jpg,22733,JPEG,600,450,RGB,True,
ISIC_0026725.jpg,ISIC_0026725,.jpg,21297,JPEG,600,450,RGB,True,
ISIC_0026726.jpg,ISIC_0026726,.jpg,27509,JPEG,600,450,RGB,True,
ISIC_0026727.jpg,ISIC_0026727,.jpg,24869,JPEG,600,450,RGB,True,
ISIC_0026728.jpg,ISIC_0026728,.jpg,20278,JPEG,600,450,RGB,True,
ISIC_0026729.jpg,ISIC_0026729,.jpg,27998,JPEG,600,450,RGB,True,
ISIC_0026730.jpg,ISIC_0026730,.jpg,28206,JPEG,600,450,RGB,True,
ISIC_0026731.jpg,ISIC_0026731,.jpg,26916,JPEG,600,450,RGB,True,
ISIC_0026732.jpg,ISIC_0026732,.jpg,22586,JPEG,600,450,RGB,True,
ISIC_0026733.jpg,ISIC_0026733,.jpg,29739,JPEG,600,450,RGB,True,
ISIC_0026734.jpg,ISIC_0026734,.jpg,23206,JPEG,600,450,RGB,True,
ISIC_0026735.jpg,ISIC_0026735,.jpg,43171,JPEG,600,450,RGB,True,
ISIC_0026736.jpg,ISIC_0026736,.jpg,28122,JPEG,600,450,RGB,True,
ISIC_0026737.jpg,ISIC_0026737,.jpg,22583,JPEG,600,450,RGB,True,
ISIC_0026738.jpg,ISIC_0026738,.jpg,32216,JPEG,600,450,RGB,True,
ISIC_0026739.jpg,ISIC_0026739,.jpg,27996,JPEG,600,450,RGB,True,
ISIC_0026740.jpg,ISIC_0026740,.jpg,26425,JPEG,600,450,RGB,True,
ISIC_0026741.jpg,ISIC_0026741,.jpg,22746,JPEG,600,450,RGB,True,
ISIC_0026742.jpg,ISIC_0026742,.jpg,21736,JPEG,600,450,RGB,True,
ISIC_0026743.jpg,ISIC_0026743,.jpg,26173,JPEG,600,450,RGB,True,
ISIC_0026744.jpg,ISIC_0026744,.jpg,27498,JPEG,600,450,RGB,True,
ISIC_0026745.jpg,ISIC_0026745,.jpg,40784,JPEG,600,450,RGB,True,
ISIC_0026746.jpg,ISIC_0026746,.jpg,26853,JPEG,600,450,RGB,True,
ISIC_0026747.jpg,ISIC_0026747,.jpg,24853,JPEG,600,450,RGB,True,
ISIC_0026748.jpg,ISIC_0026748,.jpg,27107,JPEG,600,450,RGB,True,
ISIC_0026749.jpg,ISIC_0026749,.jpg,21491,JPEG,600,450,RGB,True,
ISIC_0026750.jpg,ISIC_0026750,.jpg,29415,JPEG,600,450,RGB,True,
ISIC_0026751.jpg,ISIC_0026751,.jpg,16516,JPEG,600,450,RGB,True,
ISIC_0026752.jpg,ISIC_0026752,.jpg,23335,JPEG,600,450,RGB,True,
ISIC_0026753.jpg,ISIC_0026753,.jpg,22591,JPEG,600,450,RGB,True,
ISIC_0026754.jpg,ISIC_0026754,.jpg,38825,JPEG,600,450,RGB,True,
ISIC_0026755.jpg,ISIC_0026755,.jpg,28205,JPEG,600,450,RGB,True,
ISIC_0026756.jpg,ISIC_0026756,.jpg,21023,JPEG,600,450,RGB,True,
ISIC_0026757.jpg,ISIC_0026757,.jpg,23130,JPEG,600,450,RGB,True,
ISIC_0026758.jpg,ISIC_0026758,.jpg,27920,JPEG,600,450,RGB,True,
ISIC_0026759.jpg,ISIC_0026759,.jpg,21110,JPEG,600,450,RGB,True,
ISIC_0026760.jpg,ISIC_0026760,.jpg,30305,JPEG,600,450,RGB,True,
ISIC_0026761.jpg,ISIC_0026761,.jpg,30088,JPEG,600,450,RGB,True,
ISIC_0026762.jpg,ISIC_0026762,.jpg,21435,JPEG,600,450,RGB,True,
ISIC_0026763.jpg,ISIC_0026763,.jpg,24120,JPEG,600,450,RGB,True,
ISIC_0026764.jpg,ISIC_0026764,.jpg,31767,JPEG,600,450,RGB,True,
ISIC_0026765.jpg,ISIC_0026765,.jpg,29045,JPEG,600,450,RGB,True,
ISIC_0026766.jpg,ISIC_0026766,.jpg,26194,JPEG,600,450,RGB,True,
ISIC_0026767.jpg,ISIC_0026767,.jpg,41368,JPEG,600,450,RGB,True,
ISIC_0026768.jpg,ISIC_0026768,.jpg,33282,JPEG,600,450,RGB,True,
ISIC_0026769.jpg,ISIC_0026769,.jpg,30067,JPEG,600,450,RGB,True,
ISIC_0026770.jpg,ISIC_0026770,.jpg,30386,JPEG,600,450,RGB,True,
ISIC_0026771.jpg,ISIC_0026771,.jpg,21884,JPEG,600,450,RGB,True,
ISIC_0026772.jpg,ISIC_0026772,.jpg,26877,JPEG,600,450,RGB,True,
ISIC_0026773.jpg,ISIC_0026773,.jpg,25841,JPEG,600,450,RGB,True,
ISIC_0026774.jpg,ISIC_0026774,.jpg,24526,JPEG,600,450,RGB,True,
ISIC_0026775.jpg,ISIC_0026775,.jpg,27884,JPEG,600,450,RGB,True,
ISIC_0026776.jpg,ISIC_0026776,.jpg,24111,JPEG,600,450,RGB,True,
ISIC_0026777.jpg,ISIC_0026777,.jpg,20236,JPEG,600,450,RGB,True,
ISIC_0026778.jpg,ISIC_0026778,.jpg,29874,JPEG,600,450,RGB,True,
ISIC_0026779.jpg,ISIC_0026779,.jpg,26685,JPEG,600,450,RGB,True,
ISIC_0026780.jpg,ISIC_0026780,.jpg,31063,JPEG,600,450,RGB,True,
ISIC_0026781.jpg,ISIC_0026781,.jpg,21087,JPEG,600,450,RGB,True,
ISIC_0026782.jpg,ISIC_0026782,.jpg,21252,JPEG,600,450,RGB,True,
ISIC_0026783.jpg,ISIC_0026783,.jpg,33494,JPEG,600,450,RGB,True,
ISIC_0026784.jpg,ISIC_0026784,.jpg,28727,JPEG,600,450,RGB,True,
ISIC_0026785.jpg,ISIC_0026785,.jpg,22037,JPEG,600,450,RGB,True,
ISIC_0026786.jpg,ISIC_0026786,.jpg,47909,JPEG,600,450,RGB,True,
ISIC_0026787.jpg,ISIC_0026787,.jpg,31285,JPEG,600,450,RGB,True,
ISIC_0026788.jpg,ISIC_0026788,.jpg,26557,JPEG,600,450,RGB,True,
ISIC_0026789.jpg,ISIC_0026789,.jpg,28441,JPEG,600,450,RGB,True,
ISIC_0026790.jpg,ISIC_0026790,.jpg,27667,JPEG,600,450,RGB,True,
ISIC_0026791.jpg,ISIC_0026791,.jpg,25043,JPEG,600,450,RGB,True,
ISIC_0026792.jpg,ISIC_0026792,.jpg,30070,JPEG,600,450,RGB,True,
ISIC_0026793.jpg,ISIC_0026793,.jpg,23060,JPEG,600,450,RGB,True,
ISIC_0026794.jpg,ISIC_0026794,.jpg,24304,JPEG,600,450,RGB,True,
ISIC_0026795.jpg,ISIC_0026795,.jpg,27164,JPEG,600,450,RGB,True,
ISIC_0026796.jpg,ISIC_0026796,.jpg,34685,JPEG,600,450,RGB,True,
ISIC_0026797.jpg,ISIC_0026797,.jpg,34075,JPEG,600,450,RGB,True,
ISIC_0026798.jpg,ISIC_0026798,.jpg,36055,JPEG,600,450,RGB,True,
ISIC_0026799.jpg,ISIC_0026799,.jpg,25416,JPEG,600,450,RGB,True,
ISIC_0026800.jpg,ISIC_0026800,.jpg,24015,JPEG,600,450,RGB,True,
ISIC_0026801.jpg,ISIC_0026801,.jpg,24402,JPEG,600,450,RGB,True,
ISIC_0026802.jpg,ISIC_0026802,.jpg,23346,JPEG,600,450,RGB,True,
ISIC_0026803.jpg,ISIC_0026803,.jpg,23904,JPEG,600,450,RGB,True,
ISIC_0026804.jpg,ISIC_0026804,.jpg,25333,JPEG,600,450,RGB,True,
ISIC_0026805.jpg,ISIC_0026805,.jpg,20720,JPEG,600,450,RGB,True,
ISIC_0026806.jpg,ISIC_0026806,.jpg,47309,JPEG,600,450,RGB,True,
ISIC_0026807.jpg,ISIC_0026807,.jpg,24736,JPEG,600,450,RGB,True,
ISIC_0026808.jpg,ISIC_0026808,.jpg,24305,JPEG,600,450,RGB,True,
ISIC_0026809.jpg,ISIC_0026809,.jpg,26387,JPEG,600,450,RGB,True,
ISIC_0026810.jpg,ISIC_0026810,.jpg,23332,JPEG,600,450,RGB,True,
ISIC_0026811.jpg,ISIC_0026811,.jpg,30356,JPEG,600,450,RGB,True,
ISIC_0026812.jpg,ISIC_0026812,.jpg,26714,JPEG,600,450,RGB,True,
ISIC_0026813.jpg,ISIC_0026813,.jpg,28863,JPEG,600,450,RGB,True,
ISIC_0026814.jpg,ISIC_0026814,.jpg,24773,JPEG,600,450,RGB,True,
ISIC_0026815.jpg,ISIC_0026815,.jpg,18447,JPEG,600,450,RGB,True,
ISIC_0026816.jpg,ISIC_0026816,.jpg,21759,JPEG,600,450,RGB,True,
ISIC_0026817.jpg,ISIC_0026817,.jpg,32867,JPEG,600,450,RGB,True,
ISIC_0026818.jpg,ISIC_0026818,.jpg,19538,JPEG,600,450,RGB,True,
ISIC_0026819.jpg,ISIC_0026819,.jpg,23423,JPEG,600,450,RGB,True,
ISIC_0026820.jpg,ISIC_0026820,.jpg,31861,JPEG,600,450,RGB,True,
ISIC_0026821.jpg,ISIC_0026821,.jpg,22996,JPEG,600,450,RGB,True,
ISIC_0026822.jpg,ISIC_0026822,.jpg,41578,JPEG,600,450,RGB,True,
ISIC_0026823.jpg,ISIC_0026823,.jpg,32220,JPEG,600,450,RGB,True,
ISIC_0026824.jpg,ISIC_0026824,.jpg,25734,JPEG,600,450,RGB,True,
ISIC_0026825.jpg,ISIC_0026825,.jpg,22955,JPEG,600,450,RGB,True,
ISIC_0026826.jpg,ISIC_0026826,.jpg,20824,JPEG,600,450,RGB,True,
ISIC_0026827.jpg,ISIC_0026827,.jpg,24908,JPEG,600,450,RGB,True,
ISIC_0026828.jpg,ISIC_0026828,.jpg,20477,JPEG,600,450,RGB,True,
ISIC_0026829.jpg,ISIC_0026829,.jpg,19836,JPEG,600,450,RGB,True,
ISIC_0026830.jpg,ISIC_0026830,.jpg,30743,JPEG,600,450,RGB,True,
ISIC_0026831.jpg,ISIC_0026831,.jpg,27794,JPEG,600,450,RGB,True,
ISIC_0026832.jpg,ISIC_0026832,.jpg,23154,JPEG,600,450,RGB,True,
ISIC_0026833.jpg,ISIC_0026833,.jpg,18522,JPEG,600,450,RGB,True,
ISIC_0026834.jpg,ISIC_0026834,.jpg,24370,JPEG,600,450,RGB,True,
ISIC_0026835.jpg,ISIC_0026835,.jpg,32543,JPEG,600,450,RGB,True,
ISIC_0026836.jpg,ISIC_0026836,.jpg,37033,JPEG,600,450,RGB,True,
ISIC_0026837.jpg,ISIC_0026837,.jpg,30279,JPEG,600,450,RGB,True,
ISIC_0026838.jpg,ISIC_0026838,.jpg,20769,JPEG,600,450,RGB,True,
ISIC_0026839.jpg,ISIC_0026839,.jpg,26845,JPEG,600,450,RGB,True,
ISIC_0026840.jpg,ISIC_0026840,.jpg,25456,JPEG,600,450,RGB,True,
ISIC_0026841.jpg,ISIC_0026841,.jpg,33508,JPEG,600,450,RGB,True,
ISIC_0026842.jpg,ISIC_0026842,.jpg,30224,JPEG,600,450,RGB,True,
ISIC_0026843.jpg,ISIC_0026843,.jpg,17046,JPEG,600,450,RGB,True,
ISIC_0026844.jpg,ISIC_0026844,.jpg,20873,JPEG,600,450,RGB,True,
ISIC_0026845.jpg,ISIC_0026845,.jpg,33991,JPEG,600,450,RGB,True,
ISIC_0026846.jpg,ISIC_0026846,.jpg,27590,JPEG,600,450,RGB,True,
ISIC_0026847.jpg,ISIC_0026847,.jpg,31222,JPEG,600,450,RGB,True,
ISIC_0026848.jpg,ISIC_0026848,.jpg,27386,JPEG,600,450,RGB,True,
ISIC_0026849.jpg,ISIC_0026849,.jpg,31133,JPEG,600,450,RGB,True,
ISIC_0026850.jpg,ISIC_0026850,.jpg,20356,JPEG,600,450,RGB,True,
ISIC_0026851.jpg,ISIC_0026851,.jpg,24319,JPEG,600,450,RGB,True,
ISIC_0026852.jpg,ISIC_0026852,.jpg,25329,JPEG,600,450,RGB,True,
ISIC_0026853.jpg,ISIC_0026853,.jpg,35546,JPEG,600,450,RGB,True,
ISIC_0026854.jpg,ISIC_0026854,.jpg,29686,JPEG,600,450,RGB,True,
ISIC_0026855.jpg,ISIC_0026855,.jpg,23650,JPEG,600,450,RGB,True,
ISIC_0026856.jpg,ISIC_0026856,.jpg,24341,JPEG,600,450,RGB,True,
ISIC_0026857.jpg,ISIC_0026857,.jpg,33325,JPEG,600,450,RGB,True,
ISIC_0026858.jpg,ISIC_0026858,.jpg,39554,JPEG,600,450,RGB,True,
ISIC_0026859.jpg,ISIC_0026859,.jpg,20838,JPEG,600,450,RGB,True,
ISIC_0026860.jpg,ISIC_0026860,.jpg,22457,JPEG,600,450,RGB,True,
ISIC_0026861.jpg,ISIC_0026861,.jpg,29405,JPEG,600,450,RGB,True,
ISIC_0026862.jpg,ISIC_0026862,.jpg,37101,JPEG,600,450,RGB,True,
ISIC_0026863.jpg,ISIC_0026863,.jpg,19456,JPEG,600,450,RGB,True,
ISIC_0026864.jpg,ISIC_0026864,.jpg,20130,JPEG,600,450,RGB,True,
ISIC_0026865.jpg,ISIC_0026865,.jpg,29951,JPEG,600,450,RGB,True,
ISIC_0026866.jpg,ISIC_0026866,.jpg,17546,JPEG,600,450,RGB,True,
ISIC_0026867.jpg,ISIC_0026867,.jpg,29008,JPEG,600,450,RGB,True,
ISIC_0026868.jpg,ISIC_0026868,.jpg,42956,JPEG,600,450,RGB,True,
ISIC_0026869.jpg,ISIC_0026869,.jpg,24140,JPEG,600,450,RGB,True,
ISIC_0026870.jpg,ISIC_0026870,.jpg,36783,JPEG,600,450,RGB,True,
ISIC_0026871.jpg,ISIC_0026871,.jpg,21986,JPEG,600,450,RGB,True,
ISIC_0026872.jpg,ISIC_0026872,.jpg,30299,JPEG,600,450,RGB,True,
ISIC_0026873.jpg,ISIC_0026873,.jpg,24331,JPEG,600,450,RGB,True,
ISIC_0026874.jpg,ISIC_0026874,.jpg,24326,JPEG,600,450,RGB,True,
ISIC_0026875.jpg,ISIC_0026875,.jpg,26734,JPEG,600,450,RGB,True,
ISIC_0026876.jpg,ISIC_0026876,.jpg,22802,JPEG,600,450,RGB,True,
ISIC_0026877.jpg,ISIC_0026877,.jpg,32640,JPEG,600,450,RGB,True,
ISIC_0026878.jpg,ISIC_0026878,.jpg,24903,JPEG,600,450,RGB,True,
ISIC_0026879.jpg,ISIC_0026879,.jpg,26748,JPEG,600,450,RGB,True,
ISIC_0026880.jpg,ISIC_0026880,.jpg,28379,JPEG,600,450,RGB,True,
ISIC_0026881.jpg,ISIC_0026881,.jpg,26002,JPEG,600,450,RGB,True,
ISIC_0026882.jpg,ISIC_0026882,.jpg,31296,JPEG,600,450,RGB,True,
ISIC_0026883.jpg,ISIC_0026883,.jpg,15632,JPEG,600,450,RGB,True,
ISIC_0026884.jpg,ISIC_0026884,.jpg,22906,JPEG,600,450,RGB,True,
ISIC_0026885.jpg,ISIC_0026885,.jpg,25420,JPEG,600,450,RGB,True,
ISIC_0026886.jpg,ISIC_0026886,.jpg,30383,JPEG,600,450,RGB,True,
ISIC_0026887.jpg,ISIC_0026887,.jpg,25143,JPEG,600,450,RGB,True,
ISIC_0026888.jpg,ISIC_0026888,.jpg,26394,JPEG,600,450,RGB,True,
ISIC_0026889.jpg,ISIC_0026889,.jpg,37708,JPEG,600,450,RGB,True,
ISIC_0026890.jpg,ISIC_0026890,.jpg,31936,JPEG,600,450,RGB,True,
ISIC_0026891.jpg,ISIC_0026891,.jpg,34636,JPEG,600,450,RGB,True,
ISIC_0026892.jpg,ISIC_0026892,.jpg,36160,JPEG,600,450,RGB,True,
ISIC_0026893.jpg,ISIC_0026893,.jpg,36904,JPEG,600,450,RGB,True,
ISIC_0026894.jpg,ISIC_0026894,.jpg,19727,JPEG,600,450,RGB,True,
ISIC_0026895.jpg,ISIC_0026895,.jpg,26543,JPEG,600,450,RGB,True,
ISIC_0026896.jpg,ISIC_0026896,.jpg,21798,JPEG,600,450,RGB,True,
ISIC_0026897.jpg,ISIC_0026897,.jpg,24250,JPEG,600,450,RGB,True,
ISIC_0026898.jpg,ISIC_0026898,.jpg,22654,JPEG,600,450,RGB,True,
ISIC_0026899.jpg,ISIC_0026899,.jpg,33126,JPEG,600,450,RGB,True,
ISIC_0026900.jpg,ISIC_0026900,.jpg,25175,JPEG,600,450,RGB,True,
ISIC_0026901.jpg,ISIC_0026901,.jpg,24705,JPEG,600,450,RGB,True,
ISIC_0026902.jpg,ISIC_0026902,.jpg,21719,JPEG,600,450,RGB,True,
ISIC_0026903.jpg,ISIC_0026903,.jpg,24336,JPEG,600,450,RGB,True,
ISIC_0026904.jpg,ISIC_0026904,.jpg,22715,JPEG,600,450,RGB,True,
ISIC_0026905.jpg,ISIC_0026905,.jpg,32988,JPEG,600,450,RGB,True,
ISIC_0026906.jpg,ISIC_0026906,.jpg,23603,JPEG,600,450,RGB,True,
ISIC_0026907.jpg,ISIC_0026907,.jpg,25184,JPEG,600,450,RGB,True,
ISIC_0026908.jpg,ISIC_0026908,.jpg,21123,JPEG,600,450,RGB,True,
ISIC_0026909.jpg,ISIC_0026909,.jpg,31018,JPEG,600,450,RGB,True,
ISIC_0026910.jpg,ISIC_0026910,.jpg,30228,JPEG,600,450,RGB,True,
ISIC_0026911.jpg,ISIC_0026911,.jpg,20166,JPEG,600,450,RGB,True,
ISIC_0026912.jpg,ISIC_0026912,.jpg,30483,JPEG,600,450,RGB,True,
ISIC_0026913.jpg,ISIC_0026913,.jpg,29527,JPEG,600,450,RGB,True,
ISIC_0026914.jpg,ISIC_0026914,.jpg,33541,JPEG,600,450,RGB,True,
ISIC_0026915.jpg,ISIC_0026915,.jpg,25752,JPEG,600,450,RGB,True,
ISIC_0026916.jpg,ISIC_0026916,.jpg,34287,JPEG,600,450,RGB,True,
ISIC_0026917.jpg,ISIC_0026917,.jpg,22646,JPEG,600,450,RGB,True,
ISIC_0026918.jpg,ISIC_0026918,.jpg,38354,JPEG,600,450,RGB,True,
ISIC_0026919.jpg,ISIC_0026919,.jpg,22882,JPEG,600,450,RGB,True,
ISIC_0026920.jpg,ISIC_0026920,.jpg,21895,JPEG,600,450,RGB,True,
ISIC_0026921.jpg,ISIC_0026921,.jpg,33965,JPEG,600,450,RGB,True,
ISIC_0026922.jpg,ISIC_0026922,.jpg,25496,JPEG,600,450,RGB,True,
ISIC_0026923.jpg,ISIC_0026923,.jpg,21187,JPEG,600,450,RGB,True,
ISIC_0026924.jpg,ISIC_0026924,.jpg,22655,JPEG,600,450,RGB,True,
ISIC_0026925.jpg,ISIC_0026925,.jpg,21889,JPEG,600,450,RGB,True,
ISIC_0026926.jpg,ISIC_0026926,.jpg,24754,JPEG,600,450,RGB,True,
ISIC_0026927.jpg,ISIC_0026927,.jpg,27321,JPEG,600,450,RGB,True,
ISIC_0026928.jpg,ISIC_0026928,.jpg,19925,JPEG,600,450,RGB,True,
ISIC_0026929.jpg,ISIC_0026929,.jpg,29889,JPEG,600,450,RGB,True,
ISIC_0026930.jpg,ISIC_0026930,.jpg,27403,JPEG,600,450,RGB,True,
ISIC_0026931.jpg,ISIC_0026931,.jpg,23241,JPEG,600,450,RGB,True,
ISIC_0026932.jpg,ISIC_0026932,.jpg,19954,JPEG,600,450,RGB,True,
ISIC_0026933.jpg,ISIC_0026933,.jpg,33108,JPEG,600,450,RGB,True,
ISIC_0026934.jpg,ISIC_0026934,.jpg,22872,JPEG,600,450,RGB,True,
ISIC_0026935.jpg,ISIC_0026935,.jpg,25497,JPEG,600,450,RGB,True,
ISIC_0026936.jpg,ISIC_0026936,.jpg,33840,JPEG,600,450,RGB,True,
ISIC_0026937.jpg,ISIC_0026937,.jpg,23875,JPEG,600,450,RGB,True,
ISIC_0026938.jpg,ISIC_0026938,.jpg,25446,JPEG,600,450,RGB,True,
ISIC_0026939.jpg,ISIC_0026939,.jpg,27823,JPEG,600,450,RGB,True,
ISIC_0026940.jpg,ISIC_0026940,.jpg,27374,JPEG,600,450,RGB,True,
ISIC_0026941.jpg,ISIC_0026941,.jpg,26610,JPEG,600,450,RGB,True,
ISIC_0026942.jpg,ISIC_0026942,.jpg,25978,JPEG,600,450,RGB,True,
ISIC_0026943.jpg,ISIC_0026943,.jpg,22209,JPEG,600,450,RGB,True,
ISIC_0026944.jpg,ISIC_0026944,.jpg,26309,JPEG,600,450,RGB,True,
ISIC_0026945.jpg,ISIC_0026945,.jpg,20008,JPEG,600,450,RGB,True,
ISIC_0026946.jpg,ISIC_0026946,.jpg,24828,JPEG,600,450,RGB,True,
ISIC_0026947.jpg,ISIC_0026947,.jpg,30995,JPEG,600,450,RGB,True,
ISIC_0026948.jpg,ISIC_0026948,.jpg,29073,JPEG,600,450,RGB,True,
ISIC_0026949.jpg,ISIC_0026949,.jpg,36710,JPEG,600,450,RGB,True,
ISIC_0026950.jpg,ISIC_0026950,.jpg,29864,JPEG,600,450,RGB,True,
ISIC_0026951.jpg,ISIC_0026951,.jpg,24860,JPEG,600,450,RGB,True,
ISIC_0026952.jpg,ISIC_0026952,.jpg,32385,JPEG,600,450,RGB,True,
ISIC_0026953.jpg,ISIC_0026953,.jpg,27163,JPEG,600,450,RGB,True,
ISIC_0026954.jpg,ISIC_0026954,.jpg,24569,JPEG,600,450,RGB,True,
ISIC_0026955.jpg,ISIC_0026955,.jpg,31140,JPEG,600,450,RGB,True,
ISIC_0026956.jpg,ISIC_0026956,.jpg,21525,JPEG,600,450,RGB,True,
ISIC_0026957.jpg,ISIC_0026957,.jpg,22335,JPEG,600,450,RGB,True,
ISIC_0026958.jpg,ISIC_0026958,.jpg,45636,JPEG,600,450,RGB,True,
ISIC_0026959.jpg,ISIC_0026959,.jpg,35888,JPEG,600,450,RGB,True,
ISIC_0026960.jpg,ISIC_0026960,.jpg,33636,JPEG,600,450,RGB,True,
ISIC_0026961.jpg,ISIC_0026961,.jpg,32142,JPEG,600,450,RGB,True,
ISIC_0026962.jpg,ISIC_0026962,.jpg,21274,JPEG,600,450,RGB,True,
ISIC_0026963.jpg,ISIC_0026963,.jpg,28940,JPEG,600,450,RGB,True,
ISIC_0026964.jpg,ISIC_0026964,.jpg,49983,JPEG,600,450,RGB,True,
ISIC_0026965.jpg,ISIC_0026965,.jpg,19900,JPEG,600,450,RGB,True,
ISIC_0026966.jpg,ISIC_0026966,.jpg,22613,JPEG,600,450,RGB,True,
ISIC_0026967.jpg,ISIC_0026967,.jpg,28990,JPEG,600,450,RGB,True,
ISIC_0026968.jpg,ISIC_0026968,.jpg,23778,JPEG,600,450,RGB,True,
ISIC_0026969.jpg,ISIC_0026969,.jpg,29019,JPEG,600,450,RGB,True,
ISIC_0026970.jpg,ISIC_0026970,.jpg,23474,JPEG,600,450,RGB,True,
ISIC_0026971.jpg,ISIC_0026971,.jpg,24234,JPEG,600,450,RGB,True,
ISIC_0026972.jpg,ISIC_0026972,.jpg,24291,JPEG,600,450,RGB,True,
ISIC_0026973.jpg,ISIC_0026973,.jpg,25885,JPEG,600,450,RGB,True,
ISIC_0026974.jpg,ISIC_0026974,.jpg,26503,JPEG,600,450,RGB,True,
ISIC_0026975.jpg,ISIC_0026975,.jpg,21387,JPEG,600,450,RGB,True,
ISIC_0026976.jpg,ISIC_0026976,.jpg,31704,JPEG,600,450,RGB,True,
ISIC_0026977.jpg,ISIC_0026977,.jpg,20888,JPEG,600,450,RGB,True,
ISIC_0026978.jpg,ISIC_0026978,.jpg,30883,JPEG,600,450,RGB,True,
ISIC_0026979.jpg,ISIC_0026979,.jpg,24401,JPEG,600,450,RGB,True,
ISIC_0026980.jpg,ISIC_0026980,.jpg,29847,JPEG,600,450,RGB,True,
ISIC_0026981.jpg,ISIC_0026981,.jpg,28284,JPEG,600,450,RGB,True,
ISIC_0026982.jpg,ISIC_0026982,.jpg,20420,JPEG,600,450,RGB,True,
ISIC_0026983.jpg,ISIC_0026983,.jpg,23379,JPEG,600,450,RGB,True,
ISIC_0026984.jpg,ISIC_0026984,.jpg,30539,JPEG,600,450,RGB,True,
ISIC_0026985.jpg,ISIC_0026985,.jpg,23007,JPEG,600,450,RGB,True,
ISIC_0026986.jpg,ISIC_0026986,.jpg,40344,JPEG,600,450,RGB,True,
ISIC_0026987.jpg,ISIC_0026987,.jpg,19213,JPEG,600,450,RGB,True,
ISIC_0026988.jpg,ISIC_0026988,.jpg,37243,JPEG,600,450,RGB,True,
ISIC_0026989.jpg,ISIC_0026989,.jpg,37508,JPEG,600,450,RGB,True,
ISIC_0026990.jpg,ISIC_0026990,.jpg,28666,JPEG,600,450,RGB,True,
ISIC_0026991.jpg,ISIC_0026991,.jpg,16286,JPEG,600,450,RGB,True,
ISIC_0026992.jpg,ISIC_0026992,.jpg,34431,JPEG,600,450,RGB,True,
ISIC_0026993.jpg,ISIC_0026993,.jpg,24999,JPEG,600,450,RGB,True,
ISIC_0026994.jpg,ISIC_0026994,.jpg,28257,JPEG,600,450,RGB,True,
ISIC_0026995.jpg,ISIC_0026995,.jpg,32506,JPEG,600,450,RGB,True,
ISIC_0026996.jpg,ISIC_0026996,.jpg,23625,JPEG,600,450,RGB,True,
ISIC_0026997.jpg,ISIC_0026997,.jpg,22771,JPEG,600,450,RGB,True,
ISIC_0026998.jpg,ISIC_0026998,.jpg,33145,JPEG,600,450,RGB,True,
ISIC_0026999.jpg,ISIC_0026999,.jpg,23728,JPEG,600,450,RGB,True,
ISIC_0027000.jpg,ISIC_0027000,.jpg,32180,JPEG,600,450,RGB,True,
ISIC_0027001.jpg,ISIC_0027001,.jpg,23600,JPEG,600,450,RGB,True,
ISIC_0027002.jpg,ISIC_0027002,.jpg,25407,JPEG,600,450,RGB,True,
ISIC_0027003.jpg,ISIC_0027003,.jpg,32984,JPEG,600,450,RGB,True,
ISIC_0027004.jpg,ISIC_0027004,.jpg,24649,JPEG,600,450,RGB,True,
ISIC_0027005.jpg,ISIC_0027005,.jpg,30610,JPEG,600,450,RGB,True,
ISIC_0027006.jpg,ISIC_0027006,.jpg,31512,JPEG,600,450,RGB,True,
ISIC_0027007.jpg,ISIC_0027007,.jpg,20104,JPEG,600,450,RGB,True,
ISIC_0027008.jpg,ISIC_0027008,.jpg,32052,JPEG,600,450,RGB,True,
ISIC_0027009.jpg,ISIC_0027009,.jpg,21802,JPEG,600,450,RGB,True,
ISIC_0027010.jpg,ISIC_0027010,.jpg,35055,JPEG,600,450,RGB,True,
ISIC_0027011.jpg,ISIC_0027011,.jpg,25016,JPEG,600,450,RGB,True,
ISIC_0027012.jpg,ISIC_0027012,.jpg,18494,JPEG,600,450,RGB,True,
ISIC_0027013.jpg,ISIC_0027013,.jpg,24309,JPEG,600,450,RGB,True,
ISIC_0027014.jpg,ISIC_0027014,.jpg,19200,JPEG,600,450,RGB,True,
ISIC_0027015.jpg,ISIC_0027015,.jpg,19139,JPEG,600,450,RGB,True,
ISIC_0027016.jpg,ISIC_0027016,.jpg,22968,JPEG,600,450,RGB,True,
ISIC_0027017.jpg,ISIC_0027017,.jpg,42441,JPEG,600,450,RGB,True,
ISIC_0027018.jpg,ISIC_0027018,.jpg,24642,JPEG,600,450,RGB,True,
ISIC_0027019.jpg,ISIC_0027019,.jpg,28703,JPEG,600,450,RGB,True,
ISIC_0027020.jpg,ISIC_0027020,.jpg,30162,JPEG,600,450,RGB,True,
ISIC_0027021.jpg,ISIC_0027021,.jpg,35556,JPEG,600,450,RGB,True,
ISIC_0027022.jpg,ISIC_0027022,.jpg,32471,JPEG,600,450,RGB,True,
ISIC_0027023.jpg,ISIC_0027023,.jpg,24097,JPEG,600,450,RGB,True,
ISIC_0027024.jpg,ISIC_0027024,.jpg,27024,JPEG,600,450,RGB,True,
ISIC_0027025.jpg,ISIC_0027025,.jpg,26708,JPEG,600,450,RGB,True,
ISIC_0027026.jpg,ISIC_0027026,.jpg,32387,JPEG,600,450,RGB,True,
ISIC_0027027.jpg,ISIC_0027027,.jpg,33311,JPEG,600,450,RGB,True,
ISIC_0027028.jpg,ISIC_0027028,.jpg,20852,JPEG,600,450,RGB,True,
ISIC_0027029.jpg,ISIC_0027029,.jpg,30999,JPEG,600,450,RGB,True,
ISIC_0027030.jpg,ISIC_0027030,.jpg,32744,JPEG,600,450,RGB,True,
ISIC_0027031.jpg,ISIC_0027031,.jpg,39458,JPEG,600,450,RGB,True,
ISIC_0027032.jpg,ISIC_0027032,.jpg,24568,JPEG,600,450,RGB,True,
ISIC_0027033.jpg,ISIC_0027033,.jpg,27791,JPEG,600,450,RGB,True,
ISIC_0027034.jpg,ISIC_0027034,.jpg,22683,JPEG,600,450,RGB,True,
ISIC_0027035.jpg,ISIC_0027035,.jpg,25892,JPEG,600,450,RGB,True,
ISIC_0027036.jpg,ISIC_0027036,.jpg,20644,JPEG,600,450,RGB,True,
ISIC_0027037.jpg,ISIC_0027037,.jpg,24916,JPEG,600,450,RGB,True,
ISIC_0027038.jpg,ISIC_0027038,.jpg,27679,JPEG,600,450,RGB,True,
ISIC_0027039.jpg,ISIC_0027039,.jpg,23229,JPEG,600,450,RGB,True,
ISIC_0027040.jpg,ISIC_0027040,.jpg,30803,JPEG,600,450,RGB,True,
ISIC_0027041.jpg,ISIC_0027041,.jpg,29991,JPEG,600,450,RGB,True,
ISIC_0027042.jpg,ISIC_0027042,.jpg,38773,JPEG,600,450,RGB,True,
ISIC_0027043.jpg,ISIC_0027043,.jpg,30740,JPEG,600,450,RGB,True,
ISIC_0027044.jpg,ISIC_0027044,.jpg,30763,JPEG,600,450,RGB,True,
ISIC_0027045.jpg,ISIC_0027045,.jpg,29599,JPEG,600,450,RGB,True,
ISIC_0027046.jpg,ISIC_0027046,.jpg,30075,JPEG,600,450,RGB,True,
ISIC_0027047.jpg,ISIC_0027047,.jpg,18755,JPEG,600,450,RGB,True,
ISIC_0027048.jpg,ISIC_0027048,.jpg,24621,JPEG,600,450,RGB,True,
ISIC_0027049.jpg,ISIC_0027049,.jpg,18039,JPEG,600,450,RGB,True,
ISIC_0027050.jpg,ISIC_0027050,.jpg,21707,JPEG,600,450,RGB,True,
ISIC_0027051.jpg,ISIC_0027051,.jpg,22945,JPEG,600,450,RGB,True,
ISIC_0027052.jpg,ISIC_0027052,.jpg,30702,JPEG,600,450,RGB,True,
ISIC_0027053.jpg,ISIC_0027053,.jpg,23596,JPEG,600,450,RGB,True,
ISIC_0027054.jpg,ISIC_0027054,.jpg,20693,JPEG,600,450,RGB,True,
ISIC_0027055.jpg,ISIC_0027055,.jpg,30364,JPEG,600,450,RGB,True,
ISIC_0027056.jpg,ISIC_0027056,.jpg,22265,JPEG,600,450,RGB,True,
ISIC_0027057.jpg,ISIC_0027057,.jpg,39095,JPEG,600,450,RGB,True,
ISIC_0027058.jpg,ISIC_0027058,.jpg,23373,JPEG,600,450,RGB,True,
ISIC_0027059.jpg,ISIC_0027059,.jpg,22332,JPEG,600,450,RGB,True,
ISIC_0027060.jpg,ISIC_0027060,.jpg,35350,JPEG,600,450,RGB,True,
ISIC_0027061.jpg,ISIC_0027061,.jpg,32511,JPEG,600,450,RGB,True,
ISIC_0027062.jpg,ISIC_0027062,.jpg,25865,JPEG,600,450,RGB,True,
ISIC_0027063.jpg,ISIC_0027063,.jpg,32423,JPEG,600,450,RGB,True,
ISIC_0027064.jpg,ISIC_0027064,.jpg,32021,JPEG,600,450,RGB,True,
ISIC_0027065.jpg,ISIC_0027065,.jpg,32780,JPEG,600,450,RGB,True,
ISIC_0027066.jpg,ISIC_0027066,.jpg,27440,JPEG,600,450,RGB,True,
ISIC_0027067.jpg,ISIC_0027067,.jpg,29212,JPEG,600,450,RGB,True,
ISIC_0027068.jpg,ISIC_0027068,.jpg,28059,JPEG,600,450,RGB,True,
ISIC_0027069.jpg,ISIC_0027069,.jpg,43456,JPEG,600,450,RGB,True,
ISIC_0027070.jpg,ISIC_0027070,.jpg,21558,JPEG,600,450,RGB,True,
ISIC_0027071.jpg,ISIC_0027071,.jpg,38451,JPEG,600,450,RGB,True,
ISIC_0027072.jpg,ISIC_0027072,.jpg,35648,JPEG,600,450,RGB,True,
ISIC_0027073.jpg,ISIC_0027073,.jpg,27195,JPEG,600,450,RGB,True,
ISIC_0027074.jpg,ISIC_0027074,.jpg,29541,JPEG,600,450,RGB,True,
ISIC_0027075.jpg,ISIC_0027075,.jpg,23552,JPEG,600,450,RGB,True,
ISIC_0027076.jpg,ISIC_0027076,.jpg,33601,JPEG,600,450,RGB,True,
ISIC_0027077.jpg,ISIC_0027077,.jpg,39530,JPEG,600,450,RGB,True,
ISIC_0027078.jpg,ISIC_0027078,.jpg,25579,JPEG,600,450,RGB,True,
ISIC_0027079.jpg,ISIC_0027079,.jpg,30382,JPEG,600,450,RGB,True,
ISIC_0027080.jpg,ISIC_0027080,.jpg,26152,JPEG,600,450,RGB,True,
ISIC_0027081.jpg,ISIC_0027081,.jpg,27122,JPEG,600,450,RGB,True,
ISIC_0027082.jpg,ISIC_0027082,.jpg,27501,JPEG,600,450,RGB,True,
ISIC_0027083.jpg,ISIC_0027083,.jpg,27346,JPEG,600,450,RGB,True,
ISIC_0027084.jpg,ISIC_0027084,.jpg,28195,JPEG,600,450,RGB,True,
ISIC_0027085.jpg,ISIC_0027085,.jpg,28812,JPEG,600,450,RGB,True,
ISIC_0027086.jpg,ISIC_0027086,.jpg,20609,JPEG,600,450,RGB,True,
ISIC_0027087.jpg,ISIC_0027087,.jpg,22053,JPEG,600,450,RGB,True,
ISIC_0027088.jpg,ISIC_0027088,.jpg,19986,JPEG,600,450,RGB,True,
ISIC_0027089.jpg,ISIC_0027089,.jpg,22707,JPEG,600,450,RGB,True,
ISIC_0027090.jpg,ISIC_0027090,.jpg,32545,JPEG,600,450,RGB,True,
ISIC_0027091.jpg,ISIC_0027091,.jpg,24234,JPEG,600,450,RGB,True,
ISIC_0027092.jpg,ISIC_0027092,.jpg,17524,JPEG,600,450,RGB,True,
ISIC_0027093.jpg,ISIC_0027093,.jpg,21365,JPEG,600,450,RGB,True,
ISIC_0027094.jpg,ISIC_0027094,.jpg,25036,JPEG,600,450,RGB,True,
ISIC_0027095.jpg,ISIC_0027095,.jpg,26068,JPEG,600,450,RGB,True,
ISIC_0027096.jpg,ISIC_0027096,.jpg,23973,JPEG,600,450,RGB,True,
ISIC_0027097.jpg,ISIC_0027097,.jpg,30439,JPEG,600,450,RGB,True,
ISIC_0027098.jpg,ISIC_0027098,.jpg,25801,JPEG,600,450,RGB,True,
ISIC_0027099.jpg,ISIC_0027099,.jpg,25988,JPEG,600,450,RGB,True,
ISIC_0027100.jpg,ISIC_0027100,.jpg,31050,JPEG,600,450,RGB,True,
ISIC_0027101.jpg,ISIC_0027101,.jpg,34562,JPEG,600,450,RGB,True,
ISIC_0027102.jpg,ISIC_0027102,.jpg,35886,JPEG,600,450,RGB,True,
ISIC_0027103.jpg,ISIC_0027103,.jpg,30712,JPEG,600,450,RGB,True,
ISIC_0027104.jpg,ISIC_0027104,.jpg,23762,JPEG,600,450,RGB,True,
ISIC_0027105.jpg,ISIC_0027105,.jpg,22286,JPEG,600,450,RGB,True,
ISIC_0027106.jpg,ISIC_0027106,.jpg,43961,JPEG,600,450,RGB,True,
ISIC_0027107.jpg,ISIC_0027107,.jpg,35162,JPEG,600,450,RGB,True,
ISIC_0027108.jpg,ISIC_0027108,.jpg,27821,JPEG,600,450,RGB,True,
ISIC_0027109.jpg,ISIC_0027109,.jpg,26477,JPEG,600,450,RGB,True,
ISIC_0027110.jpg,ISIC_0027110,.jpg,25603,JPEG,600,450,RGB,True,
ISIC_0027111.jpg,ISIC_0027111,.jpg,27613,JPEG,600,450,RGB,True,
ISIC_0027112.jpg,ISIC_0027112,.jpg,21785,JPEG,600,450,RGB,True,
ISIC_0027113.jpg,ISIC_0027113,.jpg,22044,JPEG,600,450,RGB,True,
ISIC_0027114.jpg,ISIC_0027114,.jpg,25156,JPEG,600,450,RGB,True,
ISIC_0027115.jpg,ISIC_0027115,.jpg,25116,JPEG,600,450,RGB,True,
ISIC_0027116.jpg,ISIC_0027116,.jpg,26169,JPEG,600,450,RGB,True,
ISIC_0027117.jpg,ISIC_0027117,.jpg,34396,JPEG,600,450,RGB,True,
ISIC_0027118.jpg,ISIC_0027118,.jpg,26928,JPEG,600,450,RGB,True,
ISIC_0027119.jpg,ISIC_0027119,.jpg,34145,JPEG,600,450,RGB,True,
ISIC_0027120.jpg,ISIC_0027120,.jpg,24936,JPEG,600,450,RGB,True,
ISIC_0027121.jpg,ISIC_0027121,.jpg,43794,JPEG,600,450,RGB,True,
ISIC_0027122.jpg,ISIC_0027122,.jpg,29588,JPEG,600,450,RGB,True,
ISIC_0027123.jpg,ISIC_0027123,.jpg,23335,JPEG,600,450,RGB,True,
ISIC_0027124.jpg,ISIC_0027124,.jpg,27312,JPEG,600,450,RGB,True,
ISIC_0027125.jpg,ISIC_0027125,.jpg,30924,JPEG,600,450,RGB,True,
ISIC_0027126.jpg,ISIC_0027126,.jpg,31168,JPEG,600,450,RGB,True,
ISIC_0027127.jpg,ISIC_0027127,.jpg,16949,JPEG,600,450,RGB,True,
ISIC_0027128.jpg,ISIC_0027128,.jpg,25853,JPEG,600,450,RGB,True,
ISIC_0027129.jpg,ISIC_0027129,.jpg,26146,JPEG,600,450,RGB,True,
ISIC_0027130.jpg,ISIC_0027130,.jpg,45997,JPEG,600,450,RGB,True,
ISIC_0027131.jpg,ISIC_0027131,.jpg,25219,JPEG,600,450,RGB,True,
ISIC_0027132.jpg,ISIC_0027132,.jpg,23975,JPEG,600,450,RGB,True,
ISIC_0027133.jpg,ISIC_0027133,.jpg,26952,JPEG,600,450,RGB,True,
ISIC_0027134.jpg,ISIC_0027134,.jpg,21900,JPEG,600,450,RGB,True,
ISIC_0027135.jpg,ISIC_0027135,.jpg,23918,JPEG,600,450,RGB,True,
ISIC_0027136.jpg,ISIC_0027136,.jpg,33096,JPEG,600,450,RGB,True,
ISIC_0027137.jpg,ISIC_0027137,.jpg,24319,JPEG,600,450,RGB,True,
ISIC_0027138.jpg,ISIC_0027138,.jpg,21298,JPEG,600,450,RGB,True,
ISIC_0027139.jpg,ISIC_0027139,.jpg,30535,JPEG,600,450,RGB,True,
ISIC_0027140.jpg,ISIC_0027140,.jpg,29870,JPEG,600,450,RGB,True,
ISIC_0027141.jpg,ISIC_0027141,.jpg,25343,JPEG,600,450,RGB,True,
ISIC_0027142.jpg,ISIC_0027142,.jpg,31466,JPEG,600,450,RGB,True,
ISIC_0027143.jpg,ISIC_0027143,.jpg,45987,JPEG,600,450,RGB,True,
ISIC_0027144.jpg,ISIC_0027144,.jpg,34275,JPEG,600,450,RGB,True,
ISIC_0027145.jpg,ISIC_0027145,.jpg,26048,JPEG,600,450,RGB,True,
ISIC_0027146.jpg,ISIC_0027146,.jpg,23390,JPEG,600,450,RGB,True,
ISIC_0027147.jpg,ISIC_0027147,.jpg,26466,JPEG,600,450,RGB,True,
ISIC_0027148.jpg,ISIC_0027148,.jpg,23359,JPEG,600,450,RGB,True,
ISIC_0027149.jpg,ISIC_0027149,.jpg,41888,JPEG,600,450,RGB,True,
ISIC_0027150.jpg,ISIC_0027150,.jpg,28416,JPEG,600,450,RGB,True,
ISIC_0027151.jpg,ISIC_0027151,.jpg,19778,JPEG,600,450,RGB,True,
ISIC_0027152.jpg,ISIC_0027152,.jpg,26869,JPEG,600,450,RGB,True,
ISIC_0027153.jpg,ISIC_0027153,.jpg,22708,JPEG,600,450,RGB,True,
ISIC_0027154.jpg,ISIC_0027154,.jpg,34729,JPEG,600,450,RGB,True,
ISIC_0027155.jpg,ISIC_0027155,.jpg,38486,JPEG,600,450,RGB,True,
ISIC_0027156.jpg,ISIC_0027156,.jpg,26447,JPEG,600,450,RGB,True,
ISIC_0027157.jpg,ISIC_0027157,.jpg,32444,JPEG,600,450,RGB,True,
ISIC_0027158.jpg,ISIC_0027158,.jpg,20024,JPEG,600,450,RGB,True,
ISIC_0027159.jpg,ISIC_0027159,.jpg,24362,JPEG,600,450,RGB,True,
ISIC_0027160.jpg,ISIC_0027160,.jpg,31502,JPEG,600,450,RGB,True,
ISIC_0027161.jpg,ISIC_0027161,.jpg,21432,JPEG,600,450,RGB,True,
ISIC_0027162.jpg,ISIC_0027162,.jpg,33026,JPEG,600,450,RGB,True,
ISIC_0027163.jpg,ISIC_0027163,.jpg,34131,JPEG,600,450,RGB,True,
ISIC_0027164.jpg,ISIC_0027164,.jpg,31481,JPEG,600,450,RGB,True,
ISIC_0027165.jpg,ISIC_0027165,.jpg,31922,JPEG,600,450,RGB,True,
ISIC_0027166.jpg,ISIC_0027166,.jpg,26776,JPEG,600,450,RGB,True,
ISIC_0027167.jpg,ISIC_0027167,.jpg,27942,JPEG,600,450,RGB,True,
ISIC_0027168.jpg,ISIC_0027168,.jpg,20982,JPEG,600,450,RGB,True,
ISIC_0027169.jpg,ISIC_0027169,.jpg,24177,JPEG,600,450,RGB,True,
ISIC_0027170.jpg,ISIC_0027170,.jpg,24583,JPEG,600,450,RGB,True,
ISIC_0027171.jpg,ISIC_0027171,.jpg,23656,JPEG,600,450,RGB,True,
ISIC_0027172.jpg,ISIC_0027172,.jpg,28945,JPEG,600,450,RGB,True,
ISIC_0027173.jpg,ISIC_0027173,.jpg,21870,JPEG,600,450,RGB,True,
ISIC_0027174.jpg,ISIC_0027174,.jpg,30916,JPEG,600,450,RGB,True,
ISIC_0027175.jpg,ISIC_0027175,.jpg,24915,JPEG,600,450,RGB,True,
ISIC_0027176.jpg,ISIC_0027176,.jpg,24474,JPEG,600,450,RGB,True,
ISIC_0027177.jpg,ISIC_0027177,.jpg,21283,JPEG,600,450,RGB,True,
ISIC_0027178.jpg,ISIC_0027178,.jpg,28378,JPEG,600,450,RGB,True,
ISIC_0027179.jpg,ISIC_0027179,.jpg,35235,JPEG,600,450,RGB,True,
ISIC_0027180.jpg,ISIC_0027180,.jpg,26130,JPEG,600,450,RGB,True,
ISIC_0027181.jpg,ISIC_0027181,.jpg,15716,JPEG,600,450,RGB,True,
ISIC_0027182.jpg,ISIC_0027182,.jpg,22318,JPEG,600,450,RGB,True,
ISIC_0027183.jpg,ISIC_0027183,.jpg,28644,JPEG,600,450,RGB,True,
ISIC_0027184.jpg,ISIC_0027184,.jpg,28672,JPEG,600,450,RGB,True,
ISIC_0027185.jpg,ISIC_0027185,.jpg,24764,JPEG,600,450,RGB,True,
ISIC_0027186.jpg,ISIC_0027186,.jpg,27769,JPEG,600,450,RGB,True,
ISIC_0027187.jpg,ISIC_0027187,.jpg,35946,JPEG,600,450,RGB,True,
ISIC_0027188.jpg,ISIC_0027188,.jpg,26039,JPEG,600,450,RGB,True,
ISIC_0027189.jpg,ISIC_0027189,.jpg,28625,JPEG,600,450,RGB,True,
ISIC_0027190.jpg,ISIC_0027190,.jpg,29269,JPEG,600,450,RGB,True,
ISIC_0027191.jpg,ISIC_0027191,.jpg,25369,JPEG,600,450,RGB,True,
ISIC_0027192.jpg,ISIC_0027192,.jpg,24872,JPEG,600,450,RGB,True,
ISIC_0027193.jpg,ISIC_0027193,.jpg,26600,JPEG,600,450,RGB,True,
ISIC_0027194.jpg,ISIC_0027194,.jpg,27214,JPEG,600,450,RGB,True,
ISIC_0027195.jpg,ISIC_0027195,.jpg,30955,JPEG,600,450,RGB,True,
ISIC_0027196.jpg,ISIC_0027196,.jpg,23811,JPEG,600,450,RGB,True,
ISIC_0027197.jpg,ISIC_0027197,.jpg,19912,JPEG,600,450,RGB,True,
ISIC_0027198.jpg,ISIC_0027198,.jpg,34006,JPEG,600,450,RGB,True,
ISIC_0027199.jpg,ISIC_0027199,.jpg,28842,JPEG,600,450,RGB,True,
ISIC_0027200.jpg,ISIC_0027200,.jpg,22038,JPEG,600,450,RGB,True,
ISIC_0027201.jpg,ISIC_0027201,.jpg,18263,JPEG,600,450,RGB,True,
ISIC_0027202.jpg,ISIC_0027202,.jpg,23925,JPEG,600,450,RGB,True,
ISIC_0027203.jpg,ISIC_0027203,.jpg,25318,JPEG,600,450,RGB,True,
ISIC_0027204.jpg,ISIC_0027204,.jpg,37729,JPEG,600,450,RGB,True,
ISIC_0027205.jpg,ISIC_0027205,.jpg,23129,JPEG,600,450,RGB,True,
ISIC_0027206.jpg,ISIC_0027206,.jpg,20705,JPEG,600,450,RGB,True,
ISIC_0027207.jpg,ISIC_0027207,.jpg,24009,JPEG,600,450,RGB,True,
ISIC_0027208.jpg,ISIC_0027208,.jpg,26257,JPEG,600,450,RGB,True,
ISIC_0027209.jpg,ISIC_0027209,.jpg,28072,JPEG,600,450,RGB,True,
ISIC_0027210.jpg,ISIC_0027210,.jpg,19387,JPEG,600,450,RGB,True,
ISIC_0027211.jpg,ISIC_0027211,.jpg,33699,JPEG,600,450,RGB,True,
ISIC_0027212.jpg,ISIC_0027212,.jpg,45175,JPEG,600,450,RGB,True,
ISIC_0027213.jpg,ISIC_0027213,.jpg,24061,JPEG,600,450,RGB,True,
ISIC_0027214.jpg,ISIC_0027214,.jpg,25330,JPEG,600,450,RGB,True,
ISIC_0027215.jpg,ISIC_0027215,.jpg,26028,JPEG,600,450,RGB,True,
ISIC_0027216.jpg,ISIC_0027216,.jpg,27503,JPEG,600,450,RGB,True,
ISIC_0027217.jpg,ISIC_0027217,.jpg,25346,JPEG,600,450,RGB,True,
ISIC_0027218.jpg,ISIC_0027218,.jpg,27662,JPEG,600,450,RGB,True,
ISIC_0027219.jpg,ISIC_0027219,.jpg,31688,JPEG,600,450,RGB,True,
ISIC_0027220.jpg,ISIC_0027220,.jpg,39211,JPEG,600,450,RGB,True,
ISIC_0027221.jpg,ISIC_0027221,.jpg,22511,JPEG,600,450,RGB,True,
ISIC_0027222.jpg,ISIC_0027222,.jpg,21625,JPEG,600,450,RGB,True,
ISIC_0027223.jpg,ISIC_0027223,.jpg,24512,JPEG,600,450,RGB,True,
ISIC_0027224.jpg,ISIC_0027224,.jpg,27606,JPEG,600,450,RGB,True,
ISIC_0027225.jpg,ISIC_0027225,.jpg,21821,JPEG,600,450,RGB,True,
ISIC_0027226.jpg,ISIC_0027226,.jpg,31409,JPEG,600,450,RGB,True,
ISIC_0027227.jpg,ISIC_0027227,.jpg,34846,JPEG,600,450,RGB,True,
ISIC_0027228.jpg,ISIC_0027228,.jpg,27277,JPEG,600,450,RGB,True,
ISIC_0027229.jpg,ISIC_0027229,.jpg,27896,JPEG,600,450,RGB,True,
ISIC_0027230.jpg,ISIC_0027230,.jpg,33105,JPEG,600,450,RGB,True,
ISIC_0027231.jpg,ISIC_0027231,.jpg,28624,JPEG,600,450,RGB,True,
ISIC_0027232.jpg,ISIC_0027232,.jpg,28559,JPEG,600,450,RGB,True,
ISIC_0027233.jpg,ISIC_0027233,.jpg,23106,JPEG,600,450,RGB,True,
ISIC_0027234.jpg,ISIC_0027234,.jpg,34454,JPEG,600,450,RGB,True,
ISIC_0027235.jpg,ISIC_0027235,.jpg,25650,JPEG,600,450,RGB,True,
ISIC_0027236.jpg,ISIC_0027236,.jpg,20297,JPEG,600,450,RGB,True,
ISIC_0027237.jpg,ISIC_0027237,.jpg,28751,JPEG,600,450,RGB,True,
ISIC_0027238.jpg,ISIC_0027238,.jpg,31149,JPEG,600,450,RGB,True,
ISIC_0027239.jpg,ISIC_0027239,.jpg,31393,JPEG,600,450,RGB,True,
ISIC_0027240.jpg,ISIC_0027240,.jpg,29633,JPEG,600,450,RGB,True,
ISIC_0027241.jpg,ISIC_0027241,.jpg,24736,JPEG,600,450,RGB,True,
ISIC_0027242.jpg,ISIC_0027242,.jpg,26770,JPEG,600,450,RGB,True,
ISIC_0027243.jpg,ISIC_0027243,.jpg,23079,JPEG,600,450,RGB,True,
ISIC_0027244.jpg,ISIC_0027244,.jpg,25531,JPEG,600,450,RGB,True,
ISIC_0027245.jpg,ISIC_0027245,.jpg,23605,JPEG,600,450,RGB,True,
ISIC_0027246.jpg,ISIC_0027246,.jpg,31537,JPEG,600,450,RGB,True,
ISIC_0027247.jpg,ISIC_0027247,.jpg,22452,JPEG,600,450,RGB,True,
ISIC_0027248.jpg,ISIC_0027248,.jpg,31150,JPEG,600,450,RGB,True,
ISIC_0027249.jpg,ISIC_0027249,.jpg,28730,JPEG,600,450,RGB,True,
ISIC_0027250.jpg,ISIC_0027250,.jpg,27377,JPEG,600,450,RGB,True,
ISIC_0027251.jpg,ISIC_0027251,.jpg,31993,JPEG,600,450,RGB,True,
ISIC_0027252.jpg,ISIC_0027252,.jpg,28186,JPEG,600,450,RGB,True,
ISIC_0027253.jpg,ISIC_0027253,.jpg,31828,JPEG,600,450,RGB,True,
ISIC_0027254.jpg,ISIC_0027254,.jpg,38275,JPEG,600,450,RGB,True,
ISIC_0027255.jpg,ISIC_0027255,.jpg,21754,JPEG,600,450,RGB,True,
ISIC_0027256.jpg,ISIC_0027256,.jpg,20554,JPEG,600,450,RGB,True,
ISIC_0027257.jpg,ISIC_0027257,.jpg,23652,JPEG,600,450,RGB,True,
ISIC_0027258.jpg,ISIC_0027258,.jpg,34877,JPEG,600,450,RGB,True,
ISIC_0027259.jpg,ISIC_0027259,.jpg,21730,JPEG,600,450,RGB,True,
ISIC_0027260.jpg,ISIC_0027260,.jpg,26880,JPEG,600,450,RGB,True,
ISIC_0027261.jpg,ISIC_0027261,.jpg,24791,JPEG,600,450,RGB,True,
ISIC_0027262.jpg,ISIC_0027262,.jpg,17672,JPEG,600,450,RGB,True,
ISIC_0027263.jpg,ISIC_0027263,.jpg,25483,JPEG,600,450,RGB,True,
ISIC_0027264.jpg,ISIC_0027264,.jpg,29203,JPEG,600,450,RGB,True,
ISIC_0027265.jpg,ISIC_0027265,.jpg,25995,JPEG,600,450,RGB,True,
ISIC_0027266.jpg,ISIC_0027266,.jpg,26004,JPEG,600,450,RGB,True,
ISIC_0027267.jpg,ISIC_0027267,.jpg,24730,JPEG,600,450,RGB,True,
ISIC_0027268.jpg,ISIC_0027268,.jpg,29484,JPEG,600,450,RGB,True,
ISIC_0027269.jpg,ISIC_0027269,.jpg,23172,JPEG,600,450,RGB,True,
ISIC_0027270.jpg,ISIC_0027270,.jpg,33829,JPEG,600,450,RGB,True,
ISIC_0027271.jpg,ISIC_0027271,.jpg,18432,JPEG,600,450,RGB,True,
ISIC_0027272.jpg,ISIC_0027272,.jpg,22376,JPEG,600,450,RGB,True,
ISIC_0027273.jpg,ISIC_0027273,.jpg,24275,JPEG,600,450,RGB,True,
ISIC_0027274.jpg,ISIC_0027274,.jpg,27626,JPEG,600,450,RGB,True,
ISIC_0027275.jpg,ISIC_0027275,.jpg,30209,JPEG,600,450,RGB,True,
ISIC_0027276.jpg,ISIC_0027276,.jpg,25531,JPEG,600,450,RGB,True,
ISIC_0027277.jpg,ISIC_0027277,.jpg,39891,JPEG,600,450,RGB,True,
ISIC_0027278.jpg,ISIC_0027278,.jpg,48673,JPEG,600,450,RGB,True,
ISIC_0027279.jpg,ISIC_0027279,.jpg,28768,JPEG,600,450,RGB,True,
ISIC_0027280.jpg,ISIC_0027280,.jpg,17664,JPEG,600,450,RGB,True,
ISIC_0027281.jpg,ISIC_0027281,.jpg,27509,JPEG,600,450,RGB,True,
ISIC_0027282.jpg,ISIC_0027282,.jpg,29311,JPEG,600,450,RGB,True,
ISIC_0027283.jpg,ISIC_0027283,.jpg,26349,JPEG,600,450,RGB,True,
ISIC_0027284.jpg,ISIC_0027284,.jpg,23161,JPEG,600,450,RGB,True,
ISIC_0027285.jpg,ISIC_0027285,.jpg,24386,JPEG,600,450,RGB,True,
ISIC_0027286.jpg,ISIC_0027286,.jpg,23964,JPEG,600,450,RGB,True,
ISIC_0027287.jpg,ISIC_0027287,.jpg,24606,JPEG,600,450,RGB,True,
ISIC_0027288.jpg,ISIC_0027288,.jpg,19778,JPEG,600,450,RGB,True,
ISIC_0027289.jpg,ISIC_0027289,.jpg,23660,JPEG,600,450,RGB,True,
ISIC_0027290.jpg,ISIC_0027290,.jpg,43168,JPEG,600,450,RGB,True,
ISIC_0027291.jpg,ISIC_0027291,.jpg,27545,JPEG,600,450,RGB,True,
ISIC_0027292.jpg,ISIC_0027292,.jpg,24576,JPEG,600,450,RGB,True,
ISIC_0027293.jpg,ISIC_0027293,.jpg,23256,JPEG,600,450,RGB,True,
ISIC_0027294.jpg,ISIC_0027294,.jpg,23386,JPEG,600,450,RGB,True,
ISIC_0027295.jpg,ISIC_0027295,.jpg,42850,JPEG,600,450,RGB,True,
ISIC_0027296.jpg,ISIC_0027296,.jpg,24543,JPEG,600,450,RGB,True,
ISIC_0027297.jpg,ISIC_0027297,.jpg,34273,JPEG,600,450,RGB,True,
ISIC_0027298.jpg,ISIC_0027298,.jpg,26932,JPEG,600,450,RGB,True,
ISIC_0027299.jpg,ISIC_0027299,.jpg,29702,JPEG,600,450,RGB,True,
ISIC_0027300.jpg,ISIC_0027300,.jpg,41838,JPEG,600,450,RGB,True,
ISIC_0027301.jpg,ISIC_0027301,.jpg,33411,JPEG,600,450,RGB,True,
ISIC_0027302.jpg,ISIC_0027302,.jpg,32528,JPEG,600,450,RGB,True,
ISIC_0027303.jpg,ISIC_0027303,.jpg,28517,JPEG,600,450,RGB,True,
ISIC_0027304.jpg,ISIC_0027304,.jpg,23055,JPEG,600,450,RGB,True,
ISIC_0027305.jpg,ISIC_0027305,.jpg,21684,JPEG,600,450,RGB,True,
ISIC_0027306.jpg,ISIC_0027306,.jpg,41938,JPEG,600,450,RGB,True,
ISIC_0027307.jpg,ISIC_0027307,.jpg,30983,JPEG,600,450,RGB,True,
ISIC_0027308.jpg,ISIC_0027308,.jpg,28825,JPEG,600,450,RGB,True,
ISIC_0027309.jpg,ISIC_0027309,.jpg,24485,JPEG,600,450,RGB,True,
ISIC_0027310.jpg,ISIC_0027310,.jpg,28307,JPEG,600,450,RGB,True,
ISIC_0027311.jpg,ISIC_0027311,.jpg,34748,JPEG,600,450,RGB,True,
ISIC_0027312.jpg,ISIC_0027312,.jpg,21841,JPEG,600,450,RGB,True,
ISIC_0027313.jpg,ISIC_0027313,.jpg,22989,JPEG,600,450,RGB,True,
ISIC_0027314.jpg,ISIC_0027314,.jpg,25254,JPEG,600,450,RGB,True,
ISIC_0027315.jpg,ISIC_0027315,.jpg,32907,JPEG,600,450,RGB,True,
ISIC_0027316.jpg,ISIC_0027316,.jpg,37476,JPEG,600,450,RGB,True,
ISIC_0027317.jpg,ISIC_0027317,.jpg,30297,JPEG,600,450,RGB,True,
ISIC_0027318.jpg,ISIC_0027318,.jpg,27169,JPEG,600,450,RGB,True,
ISIC_0027319.jpg,ISIC_0027319,.jpg,20628,JPEG,600,450,RGB,True,
ISIC_0027320.jpg,ISIC_0027320,.jpg,30857,JPEG,600,450,RGB,True,
ISIC_0027321.jpg,ISIC_0027321,.jpg,26055,JPEG,600,450,RGB,True,
ISIC_0027322.jpg,ISIC_0027322,.jpg,26987,JPEG,600,450,RGB,True,
ISIC_0027323.jpg,ISIC_0027323,.jpg,23255,JPEG,600,450,RGB,True,
ISIC_0027324.jpg,ISIC_0027324,.jpg,33365,JPEG,600,450,RGB,True,
ISIC_0027325.jpg,ISIC_0027325,.jpg,24424,JPEG,600,450,RGB,True,
ISIC_0027326.jpg,ISIC_0027326,.jpg,30367,JPEG,600,450,RGB,True,
ISIC_0027327.jpg,ISIC_0027327,.jpg,26168,JPEG,600,450,RGB,True,
ISIC_0027328.jpg,ISIC_0027328,.jpg,32840,JPEG,600,450,RGB,True,
ISIC_0027329.jpg,ISIC_0027329,.jpg,27043,JPEG,600,450,RGB,True,
ISIC_0027330.jpg,ISIC_0027330,.jpg,25706,JPEG,600,450,RGB,True,
ISIC_0027331.jpg,ISIC_0027331,.jpg,32816,JPEG,600,450,RGB,True,
ISIC_0027332.jpg,ISIC_0027332,.jpg,26141,JPEG,600,450,RGB,True,
ISIC_0027333.jpg,ISIC_0027333,.jpg,38059,JPEG,600,450,RGB,True,
ISIC_0027334.jpg,ISIC_0027334,.jpg,21061,JPEG,600,450,RGB,True,
ISIC_0027335.jpg,ISIC_0027335,.jpg,36563,JPEG,600,450,RGB,True,
ISIC_0027336.jpg,ISIC_0027336,.jpg,27849,JPEG,600,450,RGB,True,
ISIC_0027337.jpg,ISIC_0027337,.jpg,34884,JPEG,600,450,RGB,True,
ISIC_0027338.jpg,ISIC_0027338,.jpg,30282,JPEG,600,450,RGB,True,
ISIC_0027339.jpg,ISIC_0027339,.jpg,28230,JPEG,600,450,RGB,True,
ISIC_0027340.jpg,ISIC_0027340,.jpg,23211,JPEG,600,450,RGB,True,
ISIC_0027341.jpg,ISIC_0027341,.jpg,23956,JPEG,600,450,RGB,True,
ISIC_0027342.jpg,ISIC_0027342,.jpg,28840,JPEG,600,450,RGB,True,
ISIC_0027343.jpg,ISIC_0027343,.jpg,21107,JPEG,600,450,RGB,True,
ISIC_0027344.jpg,ISIC_0027344,.jpg,27564,JPEG,600,450,RGB,True,
ISIC_0027345.jpg,ISIC_0027345,.jpg,26110,JPEG,600,450,RGB,True,
ISIC_0027346.jpg,ISIC_0027346,.jpg,29290,JPEG,600,450,RGB,True,
ISIC_0027347.jpg,ISIC_0027347,.jpg,31299,JPEG,600,450,RGB,True,
ISIC_0027348.jpg,ISIC_0027348,.jpg,34468,JPEG,600,450,RGB,True,
ISIC_0027349.jpg,ISIC_0027349,.jpg,24024,JPEG,600,450,RGB,True,
ISIC_0027350.jpg,ISIC_0027350,.jpg,32127,JPEG,600,450,RGB,True,
ISIC_0027351.jpg,ISIC_0027351,.jpg,26195,JPEG,600,450,RGB,True,
ISIC_0027352.jpg,ISIC_0027352,.jpg,35364,JPEG,600,450,RGB,True,
ISIC_0027353.jpg,ISIC_0027353,.jpg,25277,JPEG,600,450,RGB,True,
ISIC_0027354.jpg,ISIC_0027354,.jpg,34705,JPEG,600,450,RGB,True,
ISIC_0027355.jpg,ISIC_0027355,.jpg,24523,JPEG,600,450,RGB,True,
ISIC_0027356.jpg,ISIC_0027356,.jpg,34342,JPEG,600,450,RGB,True,
ISIC_0027357.jpg,ISIC_0027357,.jpg,26934,JPEG,600,450,RGB,True,
ISIC_0027358.jpg,ISIC_0027358,.jpg,30180,JPEG,600,450,RGB,True,
ISIC_0027359.jpg,ISIC_0027359,.jpg,18883,JPEG,600,450,RGB,True,
ISIC_0027360.jpg,ISIC_0027360,.jpg,29056,JPEG,600,450,RGB,True,
ISIC_0027361.jpg,ISIC_0027361,.jpg,19951,JPEG,600,450,RGB,True,
ISIC_0027362.jpg,ISIC_0027362,.jpg,24067,JPEG,600,450,RGB,True,
ISIC_0027363.jpg,ISIC_0027363,.jpg,25774,JPEG,600,450,RGB,True,
ISIC_0027364.jpg,ISIC_0027364,.jpg,35155,JPEG,600,450,RGB,True,
ISIC_0027365.jpg,ISIC_0027365,.jpg,50701,JPEG,600,450,RGB,True,
ISIC_0027366.jpg,ISIC_0027366,.jpg,26038,JPEG,600,450,RGB,True,
ISIC_0027367.jpg,ISIC_0027367,.jpg,32254,JPEG,600,450,RGB,True,
ISIC_0027368.jpg,ISIC_0027368,.jpg,32733,JPEG,600,450,RGB,True,
ISIC_0027369.jpg,ISIC_0027369,.jpg,23239,JPEG,600,450,RGB,True,
ISIC_0027370.jpg,ISIC_0027370,.jpg,28021,JPEG,600,450,RGB,True,
ISIC_0027371.jpg,ISIC_0027371,.jpg,25522,JPEG,600,450,RGB,True,
ISIC_0027372.jpg,ISIC_0027372,.jpg,35743,JPEG,600,450,RGB,True,
ISIC_0027373.jpg,ISIC_0027373,.jpg,35790,JPEG,600,450,RGB,True,
ISIC_0027374.jpg,ISIC_0027374,.jpg,26733,JPEG,600,450,RGB,True,
ISIC_0027375.jpg,ISIC_0027375,.jpg,31990,JPEG,600,450,RGB,True,
ISIC_0027376.jpg,ISIC_0027376,.jpg,34364,JPEG,600,450,RGB,True,
ISIC_0027377.jpg,ISIC_0027377,.jpg,25324,JPEG,600,450,RGB,True,
ISIC_0027378.jpg,ISIC_0027378,.jpg,25142,JPEG,600,450,RGB,True,
ISIC_0027379.jpg,ISIC_0027379,.jpg,23074,JPEG,600,450,RGB,True,
ISIC_0027380.jpg,ISIC_0027380,.jpg,18767,JPEG,600,450,RGB,True,
ISIC_0027381.jpg,ISIC_0027381,.jpg,25202,JPEG,600,450,RGB,True,
ISIC_0027382.jpg,ISIC_0027382,.jpg,21116,JPEG,600,450,RGB,True,
ISIC_0027383.jpg,ISIC_0027383,.jpg,27740,JPEG,600,450,RGB,True,
ISIC_0027384.jpg,ISIC_0027384,.jpg,26041,JPEG,600,450,RGB,True,
ISIC_0027385.jpg,ISIC_0027385,.jpg,29412,JPEG,600,450,RGB,True,
ISIC_0027386.jpg,ISIC_0027386,.jpg,23521,JPEG,600,450,RGB,True,
ISIC_0027387.jpg,ISIC_0027387,.jpg,22191,JPEG,600,450,RGB,True,
ISIC_0027388.jpg,ISIC_0027388,.jpg,33581,JPEG,600,450,RGB,True,
ISIC_0027389.jpg,ISIC_0027389,.jpg,32340,JPEG,600,450,RGB,True,
ISIC_0027390.jpg,ISIC_0027390,.jpg,30544,JPEG,600,450,RGB,True,
ISIC_0027391.jpg,ISIC_0027391,.jpg,25784,JPEG,600,450,RGB,True,
ISIC_0027392.jpg,ISIC_0027392,.jpg,24474,JPEG,600,450,RGB,True,
ISIC_0027393.jpg,ISIC_0027393,.jpg,23124,JPEG,600,450,RGB,True,
ISIC_0027394.jpg,ISIC_0027394,.jpg,25571,JPEG,600,450,RGB,True,
ISIC_0027395.jpg,ISIC_0027395,.jpg,26423,JPEG,600,450,RGB,True,
ISIC_0027396.jpg,ISIC_0027396,.jpg,25635,JPEG,600,450,RGB,True,
ISIC_0027397.jpg,ISIC_0027397,.jpg,27615,JPEG,600,450,RGB,True,
ISIC_0027398.jpg,ISIC_0027398,.jpg,20752,JPEG,600,450,RGB,True,
ISIC_0027399.jpg,ISIC_0027399,.jpg,24409,JPEG,600,450,RGB,True,
ISIC_0027400.jpg,ISIC_0027400,.jpg,22841,JPEG,600,450,RGB,True,
ISIC_0027401.jpg,ISIC_0027401,.jpg,32826,JPEG,600,450,RGB,True,
ISIC_0027402.jpg,ISIC_0027402,.jpg,30462,JPEG,600,450,RGB,True,
ISIC_0027403.jpg,ISIC_0027403,.jpg,25137,JPEG,600,450,RGB,True,
ISIC_0027404.jpg,ISIC_0027404,.jpg,26926,JPEG,600,450,RGB,True,
ISIC_0027405.jpg,ISIC_0027405,.jpg,21891,JPEG,600,450,RGB,True,
ISIC_0027406.jpg,ISIC_0027406,.jpg,37355,JPEG,600,450,RGB,True,
ISIC_0027407.jpg,ISIC_0027407,.jpg,25940,JPEG,600,450,RGB,True,
ISIC_0027408.jpg,ISIC_0027408,.jpg,29508,JPEG,600,450,RGB,True,
ISIC_0027409.jpg,ISIC_0027409,.jpg,27681,JPEG,600,450,RGB,True,
ISIC_0027410.jpg,ISIC_0027410,.jpg,39896,JPEG,600,450,RGB,True,
ISIC_0027411.jpg,ISIC_0027411,.jpg,35936,JPEG,600,450,RGB,True,
ISIC_0027412.jpg,ISIC_0027412,.jpg,24346,JPEG,600,450,RGB,True,
ISIC_0027413.jpg,ISIC_0027413,.jpg,29825,JPEG,600,450,RGB,True,
ISIC_0027414.jpg,ISIC_0027414,.jpg,23394,JPEG,600,450,RGB,True,
ISIC_0027415.jpg,ISIC_0027415,.jpg,33511,JPEG,600,450,RGB,True,
ISIC_0027416.jpg,ISIC_0027416,.jpg,36388,JPEG,600,450,RGB,True,
ISIC_0027417.jpg,ISIC_0027417,.jpg,24617,JPEG,600,450,RGB,True,
ISIC_0027418.jpg,ISIC_0027418,.jpg,27746,JPEG,600,450,RGB,True,
ISIC_0027419.jpg,ISIC_0027419,.jpg,30576,JPEG,600,450,RGB,True,
ISIC_0027420.jpg,ISIC_0027420,.jpg,32713,JPEG,600,450,RGB,True,
ISIC_0027421.jpg,ISIC_0027421,.jpg,60092,JPEG,600,450,RGB,True,
ISIC_0027422.jpg,ISIC_0027422,.jpg,28125,JPEG,600,450,RGB,True,
ISIC_0027423.jpg,ISIC_0027423,.jpg,28626,JPEG,600,450,RGB,True,
ISIC_0027424.jpg,ISIC_0027424,.jpg,25616,JPEG,600,450,RGB,True,
ISIC_0027425.jpg,ISIC_0027425,.jpg,26070,JPEG,600,450,RGB,True,
ISIC_0027426.jpg,ISIC_0027426,.jpg,37261,JPEG,600,450,RGB,True,
ISIC_0027427.jpg,ISIC_0027427,.jpg,20187,JPEG,600,450,RGB,True,
ISIC_0027428.jpg,ISIC_0027428,.jpg,26330,JPEG,600,450,RGB,True,
ISIC_0027429.jpg,ISIC_0027429,.jpg,26223,JPEG,600,450,RGB,True,
ISIC_0027430.jpg,ISIC_0027430,.jpg,23816,JPEG,600,450,RGB,True,
ISIC_0027431.jpg,ISIC_0027431,.jpg,22502,JPEG,600,450,RGB,True,
ISIC_0027432.jpg,ISIC_0027432,.jpg,28723,JPEG,600,450,RGB,True,
ISIC_0027433.jpg,ISIC_0027433,.jpg,34414,JPEG,600,450,RGB,True,
ISIC_0027434.jpg,ISIC_0027434,.jpg,23637,JPEG,600,450,RGB,True,
ISIC_0027435.jpg,ISIC_0027435,.jpg,25771,JPEG,600,450,RGB,True,
ISIC_0027436.jpg,ISIC_0027436,.jpg,29495,JPEG,600,450,RGB,True,
ISIC_0027437.jpg,ISIC_0027437,.jpg,27542,JPEG,600,450,RGB,True,
ISIC_0027438.jpg,ISIC_0027438,.jpg,34594,JPEG,600,450,RGB,True,
ISIC_0027439.jpg,ISIC_0027439,.jpg,36090,JPEG,600,450,RGB,True,
ISIC_0027440.jpg,ISIC_0027440,.jpg,29069,JPEG,600,450,RGB,True,
ISIC_0027441.jpg,ISIC_0027441,.jpg,29226,JPEG,600,450,RGB,True,
ISIC_0027442.jpg,ISIC_0027442,.jpg,33447,JPEG,600,450,RGB,True,
ISIC_0027443.jpg,ISIC_0027443,.jpg,19216,JPEG,600,450,RGB,True,
ISIC_0027444.jpg,ISIC_0027444,.jpg,23750,JPEG,600,450,RGB,True,
ISIC_0027445.jpg,ISIC_0027445,.jpg,31708,JPEG,600,450,RGB,True,
ISIC_0027446.jpg,ISIC_0027446,.jpg,24907,JPEG,600,450,RGB,True,
ISIC_0027447.jpg,ISIC_0027447,.jpg,30622,JPEG,600,450,RGB,True,
ISIC_0027448.jpg,ISIC_0027448,.jpg,25378,JPEG,600,450,RGB,True,
ISIC_0027449.jpg,ISIC_0027449,.jpg,27034,JPEG,600,450,RGB,True,
ISIC_0027450.jpg,ISIC_0027450,.jpg,23142,JPEG,600,450,RGB,True,
ISIC_0027451.jpg,ISIC_0027451,.jpg,25651,JPEG,600,450,RGB,True,
ISIC_0027452.jpg,ISIC_0027452,.jpg,31596,JPEG,600,450,RGB,True,
ISIC_0027453.jpg,ISIC_0027453,.jpg,23258,JPEG,600,450,RGB,True,
ISIC_0027454.jpg,ISIC_0027454,.jpg,27783,JPEG,600,450,RGB,True,
ISIC_0027455.jpg,ISIC_0027455,.jpg,27090,JPEG,600,450,RGB,True,
ISIC_0027456.jpg,ISIC_0027456,.jpg,31816,JPEG,600,450,RGB,True,
ISIC_0027457.jpg,ISIC_0027457,.jpg,21084,JPEG,600,450,RGB,True,
ISIC_0027458.jpg,ISIC_0027458,.jpg,22278,JPEG,600,450,RGB,True,
ISIC_0027459.jpg,ISIC_0027459,.jpg,25134,JPEG,600,450,RGB,True,
ISIC_0027460.jpg,ISIC_0027460,.jpg,21663,JPEG,600,450,RGB,True,
ISIC_0027461.jpg,ISIC_0027461,.jpg,24143,JPEG,600,450,RGB,True,
ISIC_0027462.jpg,ISIC_0027462,.jpg,30769,JPEG,600,450,RGB,True,
ISIC_0027463.jpg,ISIC_0027463,.jpg,25545,JPEG,600,450,RGB,True,
ISIC_0027464.jpg,ISIC_0027464,.jpg,20993,JPEG,600,450,RGB,True,
ISIC_0027465.jpg,ISIC_0027465,.jpg,24918,JPEG,600,450,RGB,True,
ISIC_0027466.jpg,ISIC_0027466,.jpg,20281,JPEG,600,450,RGB,True,
ISIC_0027467.jpg,ISIC_0027467,.jpg,28826,JPEG,600,450,RGB,True,
ISIC_0027468.jpg,ISIC_0027468,.jpg,22873,JPEG,600,450,RGB,True,
ISIC_0027469.jpg,ISIC_0027469,.jpg,24469,JPEG,600,450,RGB,True,
ISIC_0027470.jpg,ISIC_0027470,.jpg,18077,JPEG,600,450,RGB,True,
ISIC_0027471.jpg,ISIC_0027471,.jpg,17233,JPEG,600,450,RGB,True,
ISIC_0027472.jpg,ISIC_0027472,.jpg,36968,JPEG,600,450,RGB,True,
ISIC_0027473.jpg,ISIC_0027473,.jpg,21747,JPEG,600,450,RGB,True,
ISIC_0027474.jpg,ISIC_0027474,.jpg,27695,JPEG,600,450,RGB,True,
ISIC_0027475.jpg,ISIC_0027475,.jpg,21660,JPEG,600,450,RGB,True,
ISIC_0027476.jpg,ISIC_0027476,.jpg,23859,JPEG,600,450,RGB,True,
ISIC_0027477.jpg,ISIC_0027477,.jpg,25302,JPEG,600,450,RGB,True,
ISIC_0027478.jpg,ISIC_0027478,.jpg,29116,JPEG,600,450,RGB,True,
ISIC_0027479.jpg,ISIC_0027479,.jpg,30070,JPEG,600,450,RGB,True,
ISIC_0027480.jpg,ISIC_0027480,.jpg,22484,JPEG,600,450,RGB,True,
ISIC_0027481.jpg,ISIC_0027481,.jpg,22690,JPEG,600,450,RGB,True,
ISIC_0027482.jpg,ISIC_0027482,.jpg,32188,JPEG,600,450,RGB,True,
ISIC_0027483.jpg,ISIC_0027483,.jpg,19955,JPEG,600,450,RGB,True,
ISIC_0027484.jpg,ISIC_0027484,.jpg,23405,JPEG,600,450,RGB,True,
ISIC_0027485.jpg,ISIC_0027485,.jpg,39338,JPEG,600,450,RGB,True,
ISIC_0027486.jpg,ISIC_0027486,.jpg,28773,JPEG,600,450,RGB,True,
ISIC_0027487.jpg,ISIC_0027487,.jpg,28471,JPEG,600,450,RGB,True,
ISIC_0027488.jpg,ISIC_0027488,.jpg,36568,JPEG,600,450,RGB,True,
ISIC_0027489.jpg,ISIC_0027489,.jpg,21522,JPEG,600,450,RGB,True,
ISIC_0027490.jpg,ISIC_0027490,.jpg,27868,JPEG,600,450,RGB,True,
ISIC_0027491.jpg,ISIC_0027491,.jpg,21827,JPEG,600,450,RGB,True,
ISIC_0027492.jpg,ISIC_0027492,.jpg,30631,JPEG,600,450,RGB,True,
ISIC_0027493.jpg,ISIC_0027493,.jpg,22910,JPEG,600,450,RGB,True,
ISIC_0027494.jpg,ISIC_0027494,.jpg,20835,JPEG,600,450,RGB,True,
ISIC_0027495.jpg,ISIC_0027495,.jpg,32125,JPEG,600,450,RGB,True,
ISIC_0027496.jpg,ISIC_0027496,.jpg,20679,JPEG,600,450,RGB,True,
ISIC_0027497.jpg,ISIC_0027497,.jpg,24465,JPEG,600,450,RGB,True,
ISIC_0027498.jpg,ISIC_0027498,.jpg,21644,JPEG,600,450,RGB,True,
ISIC_0027499.jpg,ISIC_0027499,.jpg,29053,JPEG,600,450,RGB,True,
ISIC_0027500.jpg,ISIC_0027500,.jpg,28606,JPEG,600,450,RGB,True,
ISIC_0027501.jpg,ISIC_0027501,.jpg,25137,JPEG,600,450,RGB,True,
ISIC_0027502.jpg,ISIC_0027502,.jpg,27080,JPEG,600,450,RGB,True,
ISIC_0027503.jpg,ISIC_0027503,.jpg,19879,JPEG,600,450,RGB,True,
ISIC_0027504.jpg,ISIC_0027504,.jpg,31061,JPEG,600,450,RGB,True,
ISIC_0027505.jpg,ISIC_0027505,.jpg,36224,JPEG,600,450,RGB,True,
ISIC_0027506.jpg,ISIC_0027506,.jpg,28950,JPEG,600,450,RGB,True,
ISIC_0027507.jpg,ISIC_0027507,.jpg,25817,JPEG,600,450,RGB,True,
ISIC_0027508.jpg,ISIC_0027508,.jpg,26248,JPEG,600,450,RGB,True,
ISIC_0027509.jpg,ISIC_0027509,.jpg,39570,JPEG,600,450,RGB,True,
ISIC_0027510.jpg,ISIC_0027510,.jpg,25857,JPEG,600,450,RGB,True,
ISIC_0027511.jpg,ISIC_0027511,.jpg,31569,JPEG,600,450,RGB,True,
ISIC_0027512.jpg,ISIC_0027512,.jpg,22998,JPEG,600,450,RGB,True,
ISIC_0027513.jpg,ISIC_0027513,.jpg,27192,JPEG,600,450,RGB,True,
ISIC_0027514.jpg,ISIC_0027514,.jpg,29882,JPEG,600,450,RGB,True,
ISIC_0027515.jpg,ISIC_0027515,.jpg,25193,JPEG,600,450,RGB,True,
ISIC_0027516.jpg,ISIC_0027516,.jpg,25809,JPEG,600,450,RGB,True,
ISIC_0027517.jpg,ISIC_0027517,.jpg,25425,JPEG,600,450,RGB,True,
ISIC_0027518.jpg,ISIC_0027518,.jpg,28580,JPEG,600,450,RGB,True,
ISIC_0027519.jpg,ISIC_0027519,.jpg,17753,JPEG,600,450,RGB,True,
ISIC_0027520.jpg,ISIC_0027520,.jpg,25984,JPEG,600,450,RGB,True,
ISIC_0027521.jpg,ISIC_0027521,.jpg,26287,JPEG,600,450,RGB,True,
ISIC_0027522.jpg,ISIC_0027522,.jpg,27379,JPEG,600,450,RGB,True,
ISIC_0027523.jpg,ISIC_0027523,.jpg,18890,JPEG,600,450,RGB,True,
ISIC_0027524.jpg,ISIC_0027524,.jpg,23886,JPEG,600,450,RGB,True,
ISIC_0027525.jpg,ISIC_0027525,.jpg,26484,JPEG,600,450,RGB,True,
ISIC_0027526.jpg,ISIC_0027526,.jpg,33793,JPEG,600,450,RGB,True,
ISIC_0027527.jpg,ISIC_0027527,.jpg,28492,JPEG,600,450,RGB,True,
ISIC_0027528.jpg,ISIC_0027528,.jpg,25767,JPEG,600,450,RGB,True,
ISIC_0027529.jpg,ISIC_0027529,.jpg,25829,JPEG,600,450,RGB,True,
ISIC_0027530.jpg,ISIC_0027530,.jpg,25697,JPEG,600,450,RGB,True,
ISIC_0027531.jpg,ISIC_0027531,.jpg,28337,JPEG,600,450,RGB,True,
ISIC_0027532.jpg,ISIC_0027532,.jpg,21756,JPEG,600,450,RGB,True,
ISIC_0027533.jpg,ISIC_0027533,.jpg,25070,JPEG,600,450,RGB,True,
ISIC_0027534.jpg,ISIC_0027534,.jpg,25644,JPEG,600,450,RGB,True,
ISIC_0027535.jpg,ISIC_0027535,.jpg,20499,JPEG,600,450,RGB,True,
ISIC_0027536.jpg,ISIC_0027536,.jpg,33223,JPEG,600,450,RGB,True,
ISIC_0027537.jpg,ISIC_0027537,.jpg,26421,JPEG,600,450,RGB,True,
ISIC_0027538.jpg,ISIC_0027538,.jpg,18506,JPEG,600,450,RGB,True,
ISIC_0027539.jpg,ISIC_0027539,.jpg,26823,JPEG,600,450,RGB,True,
ISIC_0027540.jpg,ISIC_0027540,.jpg,24168,JPEG,600,450,RGB,True,
ISIC_0027541.jpg,ISIC_0027541,.jpg,23721,JPEG,600,450,RGB,True,
ISIC_0027542.jpg,ISIC_0027542,.jpg,22210,JPEG,600,450,RGB,True,
ISIC_0027543.jpg,ISIC_0027543,.jpg,26096,JPEG,600,450,RGB,True,
ISIC_0027544.jpg,ISIC_0027544,.jpg,28036,JPEG,600,450,RGB,True,
ISIC_0027545.jpg,ISIC_0027545,.jpg,74509,JPEG,600,450,RGB,True,
ISIC_0027546.jpg,ISIC_0027546,.jpg,24959,JPEG,600,450,RGB,True,
ISIC_0027547.jpg,ISIC_0027547,.jpg,21284,JPEG,600,450,RGB,True,
ISIC_0027548.jpg,ISIC_0027548,.jpg,21317,JPEG,600,450,RGB,True,
ISIC_0027549.jpg,ISIC_0027549,.jpg,18573,JPEG,600,450,RGB,True,
ISIC_0027550.jpg,ISIC_0027550,.jpg,38072,JPEG,600,450,RGB,True,
ISIC_0027551.jpg,ISIC_0027551,.jpg,26393,JPEG,600,450,RGB,True,
ISIC_0027552.jpg,ISIC_0027552,.jpg,28088,JPEG,600,450,RGB,True,
ISIC_0027553.jpg,ISIC_0027553,.jpg,23760,JPEG,600,450,RGB,True,
ISIC_0027554.jpg,ISIC_0027554,.jpg,32393,JPEG,600,450,RGB,True,
ISIC_0027555.jpg,ISIC_0027555,.jpg,20366,JPEG,600,450,RGB,True,
ISIC_0027556.jpg,ISIC_0027556,.jpg,22158,JPEG,600,450,RGB,True,
ISIC_0027557.jpg,ISIC_0027557,.jpg,22339,JPEG,600,450,RGB,True,
ISIC_0027558.jpg,ISIC_0027558,.jpg,31211,JPEG,600,450,RGB,True,
ISIC_0027559.jpg,ISIC_0027559,.jpg,29721,JPEG,600,450,RGB,True,
ISIC_0027560.jpg,ISIC_0027560,.jpg,27761,JPEG,600,450,RGB,True,
ISIC_0027561.jpg,ISIC_0027561,.jpg,26718,JPEG,600,450,RGB,True,
ISIC_0027562.jpg,ISIC_0027562,.jpg,26939,JPEG,600,450,RGB,True,
ISIC_0027563.jpg,ISIC_0027563,.jpg,29568,JPEG,600,450,RGB,True,
ISIC_0027564.jpg,ISIC_0027564,.jpg,47080,JPEG,600,450,RGB,True,
ISIC_0027565.jpg,ISIC_0027565,.jpg,24851,JPEG,600,450,RGB,True,
ISIC_0027566.jpg,ISIC_0027566,.jpg,28878,JPEG,600,450,RGB,True,
ISIC_0027567.jpg,ISIC_0027567,.jpg,30989,JPEG,600,450,RGB,True,
ISIC_0027568.jpg,ISIC_0027568,.jpg,24286,JPEG,600,450,RGB,True,
ISIC_0027569.jpg,ISIC_0027569,.jpg,23074,JPEG,600,450,RGB,True,
ISIC_0027570.jpg,ISIC_0027570,.jpg,24185,JPEG,600,450,RGB,True,
ISIC_0027571.jpg,ISIC_0027571,.jpg,21551,JPEG,600,450,RGB,True,
ISIC_0027572.jpg,ISIC_0027572,.jpg,32461,JPEG,600,450,RGB,True,
ISIC_0027573.jpg,ISIC_0027573,.jpg,30702,JPEG,600,450,RGB,True,
ISIC_0027574.jpg,ISIC_0027574,.jpg,24158,JPEG,600,450,RGB,True,
ISIC_0027575.jpg,ISIC_0027575,.jpg,31691,JPEG,600,450,RGB,True,
ISIC_0027576.jpg,ISIC_0027576,.jpg,32242,JPEG,600,450,RGB,True,
ISIC_0027577.jpg,ISIC_0027577,.jpg,33473,JPEG,600,450,RGB,True,
ISIC_0027578.jpg,ISIC_0027578,.jpg,33605,JPEG,600,450,RGB,True,
ISIC_0027579.jpg,ISIC_0027579,.jpg,25870,JPEG,600,450,RGB,True,
ISIC_0027580.jpg,ISIC_0027580,.jpg,26799,JPEG,600,450,RGB,True,
ISIC_0027581.jpg,ISIC_0027581,.jpg,21717,JPEG,600,450,RGB,True,
ISIC_0027582.jpg,ISIC_0027582,.jpg,35759,JPEG,600,450,RGB,True,
ISIC_0027583.jpg,ISIC_0027583,.jpg,21059,JPEG,600,450,RGB,True,
ISIC_0027584.jpg,ISIC_0027584,.jpg,31419,JPEG,600,450,RGB,True,
ISIC_0027585.jpg,ISIC_0027585,.jpg,24478,JPEG,600,450,RGB,True,
ISIC_0027586.jpg,ISIC_0027586,.jpg,27410,JPEG,600,450,RGB,True,
ISIC_0027587.jpg,ISIC_0027587,.jpg,26857,JPEG,600,450,RGB,True,
ISIC_0027588.jpg,ISIC_0027588,.jpg,31911,JPEG,600,450,RGB,True,
ISIC_0027589.jpg,ISIC_0027589,.jpg,22069,JPEG,600,450,RGB,True,
ISIC_0027590.jpg,ISIC_0027590,.jpg,31970,JPEG,600,450,RGB,True,
ISIC_0027591.jpg,ISIC_0027591,.jpg,36299,JPEG,600,450,RGB,True,
ISIC_0027592.jpg,ISIC_0027592,.jpg,19529,JPEG,600,450,RGB,True,
ISIC_0027593.jpg,ISIC_0027593,.jpg,21665,JPEG,600,450,RGB,True,
ISIC_0027594.jpg,ISIC_0027594,.jpg,22874,JPEG,600,450,RGB,True,
ISIC_0027595.jpg,ISIC_0027595,.jpg,18527,JPEG,600,450,RGB,True,
ISIC_0027596.jpg,ISIC_0027596,.jpg,26711,JPEG,600,450,RGB,True,
ISIC_0027597.jpg,ISIC_0027597,.jpg,25837,JPEG,600,450,RGB,True,
ISIC_0027598.jpg,ISIC_0027598,.jpg,25106,JPEG,600,450,RGB,True,
ISIC_0027599.jpg,ISIC_0027599,.jpg,28367,JPEG,600,450,RGB,True,
ISIC_0027600.jpg,ISIC_0027600,.jpg,23572,JPEG,600,450,RGB,True,
ISIC_0027601.jpg,ISIC_0027601,.jpg,23357,JPEG,600,450,RGB,True,
ISIC_0027602.jpg,ISIC_0027602,.jpg,23487,JPEG,600,450,RGB,True,
ISIC_0027603.jpg,ISIC_0027603,.jpg,21974,JPEG,600,450,RGB,True,
ISIC_0027604.jpg,ISIC_0027604,.jpg,24240,JPEG,600,450,RGB,True,
ISIC_0027605.jpg,ISIC_0027605,.jpg,24330,JPEG,600,450,RGB,True,
ISIC_0027606.jpg,ISIC_0027606,.jpg,47398,JPEG,600,450,RGB,True,
ISIC_0027607.jpg,ISIC_0027607,.jpg,28131,JPEG,600,450,RGB,True,
ISIC_0027608.jpg,ISIC_0027608,.jpg,26828,JPEG,600,450,RGB,True,
ISIC_0027609.jpg,ISIC_0027609,.jpg,63627,JPEG,600,450,RGB,True,
ISIC_0027610.jpg,ISIC_0027610,.jpg,25993,JPEG,600,450,RGB,True,
ISIC_0027611.jpg,ISIC_0027611,.jpg,25756,JPEG,600,450,RGB,True,
ISIC_0027612.jpg,ISIC_0027612,.jpg,23843,JPEG,600,450,RGB,True,
ISIC_0027613.jpg,ISIC_0027613,.jpg,30064,JPEG,600,450,RGB,True,
ISIC_0027614.jpg,ISIC_0027614,.jpg,23886,JPEG,600,450,RGB,True,
ISIC_0027615.jpg,ISIC_0027615,.jpg,29666,JPEG,600,450,RGB,True,
ISIC_0027616.jpg,ISIC_0027616,.jpg,24841,JPEG,600,450,RGB,True,
ISIC_0027617.jpg,ISIC_0027617,.jpg,22756,JPEG,600,450,RGB,True,
ISIC_0027618.jpg,ISIC_0027618,.jpg,24601,JPEG,600,450,RGB,True,
ISIC_0027619.jpg,ISIC_0027619,.jpg,23719,JPEG,600,450,RGB,True,
ISIC_0027620.jpg,ISIC_0027620,.jpg,22424,JPEG,600,450,RGB,True,
ISIC_0027621.jpg,ISIC_0027621,.jpg,27365,JPEG,600,450,RGB,True,
ISIC_0027622.jpg,ISIC_0027622,.jpg,26399,JPEG,600,450,RGB,True,
ISIC_0027623.jpg,ISIC_0027623,.jpg,33953,JPEG,600,450,RGB,True,
ISIC_0027624.jpg,ISIC_0027624,.jpg,26000,JPEG,600,450,RGB,True,
ISIC_0027625.jpg,ISIC_0027625,.jpg,26896,JPEG,600,450,RGB,True,
ISIC_0027626.jpg,ISIC_0027626,.jpg,36408,JPEG,600,450,RGB,True,
ISIC_0027627.jpg,ISIC_0027627,.jpg,19438,JPEG,600,450,RGB,True,
ISIC_0027628.jpg,ISIC_0027628,.jpg,19277,JPEG,600,450,RGB,True,
ISIC_0027629.jpg,ISIC_0027629,.jpg,28824,JPEG,600,450,RGB,True,
ISIC_0027630.jpg,ISIC_0027630,.jpg,25063,JPEG,600,450,RGB,True,
ISIC_0027631.jpg,ISIC_0027631,.jpg,29577,JPEG,600,450,RGB,True,
ISIC_0027632.jpg,ISIC_0027632,.jpg,29573,JPEG,600,450,RGB,True,
ISIC_0027633.jpg,ISIC_0027633,.jpg,31448,JPEG,600,450,RGB,True,
ISIC_0027634.jpg,ISIC_0027634,.jpg,22828,JPEG,600,450,RGB,True,
ISIC_0027635.jpg,ISIC_0027635,.jpg,18424,JPEG,600,450,RGB,True,
ISIC_0027636.jpg,ISIC_0027636,.jpg,26993,JPEG,600,450,RGB,True,
ISIC_0027637.jpg,ISIC_0027637,.jpg,28432,JPEG,600,450,RGB,True,
ISIC_0027638.jpg,ISIC_0027638,.jpg,24051,JPEG,600,450,RGB,True,
ISIC_0027639.jpg,ISIC_0027639,.jpg,22306,JPEG,600,450,RGB,True,
ISIC_0027640.jpg,ISIC_0027640,.jpg,34012,JPEG,600,450,RGB,True,
ISIC_0027641.jpg,ISIC_0027641,.jpg,18806,JPEG,600,450,RGB,True,
ISIC_0027642.jpg,ISIC_0027642,.jpg,21369,JPEG,600,450,RGB,True,
ISIC_0027643.jpg,ISIC_0027643,.jpg,22568,JPEG,600,450,RGB,True,
ISIC_0027644.jpg,ISIC_0027644,.jpg,26632,JPEG,600,450,RGB,True,
ISIC_0027645.jpg,ISIC_0027645,.jpg,25662,JPEG,600,450,RGB,True,
ISIC_0027646.jpg,ISIC_0027646,.jpg,26562,JPEG,600,450,RGB,True,
ISIC_0027647.jpg,ISIC_0027647,.jpg,25435,JPEG,600,450,RGB,True,
ISIC_0027648.jpg,ISIC_0027648,.jpg,27987,JPEG,600,450,RGB,True,
ISIC_0027649.jpg,ISIC_0027649,.jpg,33371,JPEG,600,450,RGB,True,
ISIC_0027650.jpg,ISIC_0027650,.jpg,26707,JPEG,600,450,RGB,True,
ISIC_0027651.jpg,ISIC_0027651,.jpg,23049,JPEG,600,450,RGB,True,
ISIC_0027652.jpg,ISIC_0027652,.jpg,29461,JPEG,600,450,RGB,True,
ISIC_0027653.jpg,ISIC_0027653,.jpg,36130,JPEG,600,450,RGB,True,
ISIC_0027654.jpg,ISIC_0027654,.jpg,19774,JPEG,600,450,RGB,True,
ISIC_0027655.jpg,ISIC_0027655,.jpg,27534,JPEG,600,450,RGB,True,
ISIC_0027656.jpg,ISIC_0027656,.jpg,25165,JPEG,600,450,RGB,True,
ISIC_0027657.jpg,ISIC_0027657,.jpg,29448,JPEG,600,450,RGB,True,
ISIC_0027658.jpg,ISIC_0027658,.jpg,27711,JPEG,600,450,RGB,True,
ISIC_0027659.jpg,ISIC_0027659,.jpg,25098,JPEG,600,450,RGB,True,
ISIC_0027660.jpg,ISIC_0027660,.jpg,24028,JPEG,600,450,RGB,True,
ISIC_0027661.jpg,ISIC_0027661,.jpg,34126,JPEG,600,450,RGB,True,
ISIC_0027662.jpg,ISIC_0027662,.jpg,35017,JPEG,600,450,RGB,True,
ISIC_0027663.jpg,ISIC_0027663,.jpg,39584,JPEG,600,450,RGB,True,
ISIC_0027664.jpg,ISIC_0027664,.jpg,26252,JPEG,600,450,RGB,True,
ISIC_0027665.jpg,ISIC_0027665,.jpg,25661,JPEG,600,450,RGB,True,
ISIC_0027666.jpg,ISIC_0027666,.jpg,24201,JPEG,600,450,RGB,True,
ISIC_0027667.jpg,ISIC_0027667,.jpg,29939,JPEG,600,450,RGB,True,
ISIC_0027668.jpg,ISIC_0027668,.jpg,42149,JPEG,600,450,RGB,True,
ISIC_0027669.jpg,ISIC_0027669,.jpg,30040,JPEG,600,450,RGB,True,
ISIC_0027670.jpg,ISIC_0027670,.jpg,30728,JPEG,600,450,RGB,True,
ISIC_0027671.jpg,ISIC_0027671,.jpg,22807,JPEG,600,450,RGB,True,
ISIC_0027672.jpg,ISIC_0027672,.jpg,19152,JPEG,600,450,RGB,True,
ISIC_0027673.jpg,ISIC_0027673,.jpg,34521,JPEG,600,450,RGB,True,
ISIC_0027674.jpg,ISIC_0027674,.jpg,25290,JPEG,600,450,RGB,True,
ISIC_0027675.jpg,ISIC_0027675,.jpg,22982,JPEG,600,450,RGB,True,
ISIC_0027676.jpg,ISIC_0027676,.jpg,23188,JPEG,600,450,RGB,True,
ISIC_0027677.jpg,ISIC_0027677,.jpg,26559,JPEG,600,450,RGB,True,
ISIC_0027678.jpg,ISIC_0027678,.jpg,32448,JPEG,600,450,RGB,True,
ISIC_0027679.jpg,ISIC_0027679,.jpg,18440,JPEG,600,450,RGB,True,
ISIC_0027680.jpg,ISIC_0027680,.jpg,31462,JPEG,600,450,RGB,True,
ISIC_0027681.jpg,ISIC_0027681,.jpg,37509,JPEG,600,450,RGB,True,
ISIC_0027682.jpg,ISIC_0027682,.jpg,23535,JPEG,600,450,RGB,True,
ISIC_0027683.jpg,ISIC_0027683,.jpg,24011,JPEG,600,450,RGB,True,
ISIC_0027684.jpg,ISIC_0027684,.jpg,22953,JPEG,600,450,RGB,True,
ISIC_0027685.jpg,ISIC_0027685,.jpg,19074,JPEG,600,450,RGB,True,
ISIC_0027686.jpg,ISIC_0027686,.jpg,22688,JPEG,600,450,RGB,True,
ISIC_0027687.jpg,ISIC_0027687,.jpg,23545,JPEG,600,450,RGB,True,
ISIC_0027688.jpg,ISIC_0027688,.jpg,16324,JPEG,600,450,RGB,True,
ISIC_0027689.jpg,ISIC_0027689,.jpg,19393,JPEG,600,450,RGB,True,
ISIC_0027690.jpg,ISIC_0027690,.jpg,25371,JPEG,600,450,RGB,True,
ISIC_0027691.jpg,ISIC_0027691,.jpg,21943,JPEG,600,450,RGB,True,
ISIC_0027692.jpg,ISIC_0027692,.jpg,35573,JPEG,600,450,RGB,True,
ISIC_0027693.jpg,ISIC_0027693,.jpg,31538,JPEG,600,450,RGB,True,
ISIC_0027694.jpg,ISIC_0027694,.jpg,23126,JPEG,600,450,RGB,True,
ISIC_0027695.jpg,ISIC_0027695,.jpg,23730,JPEG,600,450,RGB,True,
ISIC_0027696.jpg,ISIC_0027696,.jpg,28142,JPEG,600,450,RGB,True,
ISIC_0027697.jpg,ISIC_0027697,.jpg,23745,JPEG,600,450,RGB,True,
ISIC_0027698.jpg,ISIC_0027698,.jpg,33817,JPEG,600,450,RGB,True,
ISIC_0027699.jpg,ISIC_0027699,.jpg,22235,JPEG,600,450,RGB,True,
ISIC_0027700.jpg,ISIC_0027700,.jpg,32447,JPEG,600,450,RGB,True,
ISIC_0027701.jpg,ISIC_0027701,.jpg,28093,JPEG,600,450,RGB,True,
ISIC_0027702.jpg,ISIC_0027702,.jpg,41169,JPEG,600,450,RGB,True,
ISIC_0027703.jpg,ISIC_0027703,.jpg,29329,JPEG,600,450,RGB,True,
ISIC_0027704.jpg,ISIC_0027704,.jpg,34921,JPEG,600,450,RGB,True,
ISIC_0027705.jpg,ISIC_0027705,.jpg,19912,JPEG,600,450,RGB,True,
ISIC_0027706.jpg,ISIC_0027706,.jpg,20708,JPEG,600,450,RGB,True,
ISIC_0027707.jpg,ISIC_0027707,.jpg,32280,JPEG,600,450,RGB,True,
ISIC_0027708.jpg,ISIC_0027708,.jpg,29195,JPEG,600,450,RGB,True,
ISIC_0027709.jpg,ISIC_0027709,.jpg,24620,JPEG,600,450,RGB,True,
ISIC_0027710.jpg,ISIC_0027710,.jpg,33755,JPEG,600,450,RGB,True,
ISIC_0027711.jpg,ISIC_0027711,.jpg,28717,JPEG,600,450,RGB,True,
ISIC_0027712.jpg,ISIC_0027712,.jpg,24304,JPEG,600,450,RGB,True,
ISIC_0027713.jpg,ISIC_0027713,.jpg,34586,JPEG,600,450,RGB,True,
ISIC_0027714.jpg,ISIC_0027714,.jpg,22309,JPEG,600,450,RGB,True,
ISIC_0027715.jpg,ISIC_0027715,.jpg,30677,JPEG,600,450,RGB,True,
ISIC_0027716.jpg,ISIC_0027716,.jpg,25510,JPEG,600,450,RGB,True,
ISIC_0027717.jpg,ISIC_0027717,.jpg,40815,JPEG,600,450,RGB,True,
ISIC_0027718.jpg,ISIC_0027718,.jpg,24723,JPEG,600,450,RGB,True,
ISIC_0027719.jpg,ISIC_0027719,.jpg,21108,JPEG,600,450,RGB,True,
ISIC_0027720.jpg,ISIC_0027720,.jpg,22897,JPEG,600,450,RGB,True,
ISIC_0027721.jpg,ISIC_0027721,.jpg,37192,JPEG,600,450,RGB,True,
ISIC_0027722.jpg,ISIC_0027722,.jpg,28446,JPEG,600,450,RGB,True,
ISIC_0027723.jpg,ISIC_0027723,.jpg,23931,JPEG,600,450,RGB,True,
ISIC_0027724.jpg,ISIC_0027724,.jpg,29676,JPEG,600,450,RGB,True,
ISIC_0027725.jpg,ISIC_0027725,.jpg,27947,JPEG,600,450,RGB,True,
ISIC_0027726.jpg,ISIC_0027726,.jpg,23864,JPEG,600,450,RGB,True,
ISIC_0027727.jpg,ISIC_0027727,.jpg,30407,JPEG,600,450,RGB,True,
ISIC_0027728.jpg,ISIC_0027728,.jpg,24069,JPEG,600,450,RGB,True,
ISIC_0027729.jpg,ISIC_0027729,.jpg,25312,JPEG,600,450,RGB,True,
ISIC_0027730.jpg,ISIC_0027730,.jpg,24532,JPEG,600,450,RGB,True,
ISIC_0027731.jpg,ISIC_0027731,.jpg,23815,JPEG,600,450,RGB,True,
ISIC_0027732.jpg,ISIC_0027732,.jpg,26059,JPEG,600,450,RGB,True,
ISIC_0027733.jpg,ISIC_0027733,.jpg,21190,JPEG,600,450,RGB,True,
ISIC_0027734.jpg,ISIC_0027734,.jpg,28144,JPEG,600,450,RGB,True,
ISIC_0027735.jpg,ISIC_0027735,.jpg,35253,JPEG,600,450,RGB,True,
ISIC_0027736.jpg,ISIC_0027736,.jpg,35081,JPEG,600,450,RGB,True,
ISIC_0027737.jpg,ISIC_0027737,.jpg,24194,JPEG,600,450,RGB,True,
ISIC_0027738.jpg,ISIC_0027738,.jpg,29589,JPEG,600,450,RGB,True,
ISIC_0027739.jpg,ISIC_0027739,.jpg,26376,JPEG,600,450,RGB,True,
ISIC_0027740.jpg,ISIC_0027740,.jpg,35538,JPEG,600,450,RGB,True,
ISIC_0027741.jpg,ISIC_0027741,.jpg,30656,JPEG,600,450,RGB,True,
ISIC_0027742.jpg,ISIC_0027742,.jpg,27441,JPEG,600,450,RGB,True,
ISIC_0027743.jpg,ISIC_0027743,.jpg,26521,JPEG,600,450,RGB,True,
ISIC_0027744.jpg,ISIC_0027744,.jpg,25644,JPEG,600,450,RGB,True,
ISIC_0027745.jpg,ISIC_0027745,.jpg,28785,JPEG,600,450,RGB,True,
ISIC_0027746.jpg,ISIC_0027746,.jpg,39507,JPEG,600,450,RGB,True,
ISIC_0027747.jpg,ISIC_0027747,.jpg,25894,JPEG,600,450,RGB,True,
ISIC_0027748.jpg,ISIC_0027748,.jpg,28679,JPEG,600,450,RGB,True,
ISIC_0027749.jpg,ISIC_0027749,.jpg,26993,JPEG,600,450,RGB,True,
ISIC_0027750.jpg,ISIC_0027750,.jpg,22522,JPEG,600,450,RGB,True,
ISIC_0027751.jpg,ISIC_0027751,.jpg,29023,JPEG,600,450,RGB,True,
ISIC_0027752.jpg,ISIC_0027752,.jpg,30031,JPEG,600,450,RGB,True,
ISIC_0027753.jpg,ISIC_0027753,.jpg,28686,JPEG,600,450,RGB,True,
ISIC_0027754.jpg,ISIC_0027754,.jpg,29978,JPEG,600,450,RGB,True,
ISIC_0027755.jpg,ISIC_0027755,.jpg,28833,JPEG,600,450,RGB,True,
ISIC_0027756.jpg,ISIC_0027756,.jpg,17897,JPEG,600,450,RGB,True,
ISIC_0027757.jpg,ISIC_0027757,.jpg,21463,JPEG,600,450,RGB,True,
ISIC_0027758.jpg,ISIC_0027758,.jpg,32235,JPEG,600,450,RGB,True,
ISIC_0027759.jpg,ISIC_0027759,.jpg,24586,JPEG,600,450,RGB,True,
ISIC_0027760.jpg,ISIC_0027760,.jpg,32010,JPEG,600,450,RGB,True,
ISIC_0027761.jpg,ISIC_0027761,.jpg,23295,JPEG,600,450,RGB,True,
ISIC_0027762.jpg,ISIC_0027762,.jpg,21992,JPEG,600,450,RGB,True,
ISIC_0027763.jpg,ISIC_0027763,.jpg,37262,JPEG,600,450,RGB,True,
ISIC_0027764.jpg,ISIC_0027764,.jpg,38432,JPEG,600,450,RGB,True,
ISIC_0027765.jpg,ISIC_0027765,.jpg,23162,JPEG,600,450,RGB,True,
ISIC_0027766.jpg,ISIC_0027766,.jpg,26254,JPEG,600,450,RGB,True,
ISIC_0027767.jpg,ISIC_0027767,.jpg,33905,JPEG,600,450,RGB,True,
ISIC_0027768.jpg,ISIC_0027768,.jpg,35487,JPEG,600,450,RGB,True,
ISIC_0027769.jpg,ISIC_0027769,.jpg,30067,JPEG,600,450,RGB,True,
ISIC_0027770.jpg,ISIC_0027770,.jpg,30684,JPEG,600,450,RGB,True,
ISIC_0027771.jpg,ISIC_0027771,.jpg,23521,JPEG,600,450,RGB,True,
ISIC_0027772.jpg,ISIC_0027772,.jpg,22168,JPEG,600,450,RGB,True,
ISIC_0027773.jpg,ISIC_0027773,.jpg,25163,JPEG,600,450,RGB,True,
ISIC_0027774.jpg,ISIC_0027774,.jpg,33250,JPEG,600,450,RGB,True,
ISIC_0027775.jpg,ISIC_0027775,.jpg,28939,JPEG,600,450,RGB,True,
ISIC_0027776.jpg,ISIC_0027776,.jpg,31506,JPEG,600,450,RGB,True,
ISIC_0027777.jpg,ISIC_0027777,.jpg,28565,JPEG,600,450,RGB,True,
ISIC_0027778.jpg,ISIC_0027778,.jpg,23063,JPEG,600,450,RGB,True,
ISIC_0027779.jpg,ISIC_0027779,.jpg,30887,JPEG,600,450,RGB,True,
ISIC_0027780.jpg,ISIC_0027780,.jpg,28883,JPEG,600,450,RGB,True,
ISIC_0027781.jpg,ISIC_0027781,.jpg,37470,JPEG,600,450,RGB,True,
ISIC_0027782.jpg,ISIC_0027782,.jpg,33014,JPEG,600,450,RGB,True,
ISIC_0027783.jpg,ISIC_0027783,.jpg,22185,JPEG,600,450,RGB,True,
ISIC_0027784.jpg,ISIC_0027784,.jpg,29439,JPEG,600,450,RGB,True,
ISIC_0027785.jpg,ISIC_0027785,.jpg,19874,JPEG,600,450,RGB,True,
ISIC_0027786.jpg,ISIC_0027786,.jpg,45860,JPEG,600,450,RGB,True,
ISIC_0027787.jpg,ISIC_0027787,.jpg,24616,JPEG,600,450,RGB,True,
ISIC_0027788.jpg,ISIC_0027788,.jpg,22353,JPEG,600,450,RGB,True,
ISIC_0027789.jpg,ISIC_0027789,.jpg,18532,JPEG,600,450,RGB,True,
ISIC_0027790.jpg,ISIC_0027790,.jpg,53847,JPEG,600,450,RGB,True,
ISIC_0027791.jpg,ISIC_0027791,.jpg,34194,JPEG,600,450,RGB,True,
ISIC_0027792.jpg,ISIC_0027792,.jpg,26771,JPEG,600,450,RGB,True,
ISIC_0027793.jpg,ISIC_0027793,.jpg,23191,JPEG,600,450,RGB,True,
ISIC_0027794.jpg,ISIC_0027794,.jpg,24861,JPEG,600,450,RGB,True,
ISIC_0027795.jpg,ISIC_0027795,.jpg,32157,JPEG,600,450,RGB,True,
ISIC_0027796.jpg,ISIC_0027796,.jpg,21086,JPEG,600,450,RGB,True,
ISIC_0027797.jpg,ISIC_0027797,.jpg,19698,JPEG,600,450,RGB,True,
ISIC_0027798.jpg,ISIC_0027798,.jpg,20847,JPEG,600,450,RGB,True,
ISIC_0027799.jpg,ISIC_0027799,.jpg,24594,JPEG,600,450,RGB,True,
ISIC_0027800.jpg,ISIC_0027800,.jpg,21879,JPEG,600,450,RGB,True,
ISIC_0027801.jpg,ISIC_0027801,.jpg,24313,JPEG,600,450,RGB,True,
ISIC_0027802.jpg,ISIC_0027802,.jpg,24243,JPEG,600,450,RGB,True,
ISIC_0027803.jpg,ISIC_0027803,.jpg,33239,JPEG,600,450,RGB,True,
ISIC_0027804.jpg,ISIC_0027804,.jpg,20206,JPEG,600,450,RGB,True,
ISIC_0027805.jpg,ISIC_0027805,.jpg,26595,JPEG,600,450,RGB,True,
ISIC_0027806.jpg,ISIC_0027806,.jpg,31505,JPEG,600,450,RGB,True,
ISIC_0027807.jpg,ISIC_0027807,.jpg,25340,JPEG,600,450,RGB,True,
ISIC_0027808.jpg,ISIC_0027808,.jpg,33045,JPEG,600,450,RGB,True,
ISIC_0027809.jpg,ISIC_0027809,.jpg,22118,JPEG,600,450,RGB,True,
ISIC_0027810.jpg,ISIC_0027810,.jpg,36305,JPEG,600,450,RGB,True,
ISIC_0027811.jpg,ISIC_0027811,.jpg,25131,JPEG,600,450,RGB,True,
ISIC_0027812.jpg,ISIC_0027812,.jpg,23200,JPEG,600,450,RGB,True,
ISIC_0027813.jpg,ISIC_0027813,.jpg,21316,JPEG,600,450,RGB,True,
ISIC_0027814.jpg,ISIC_0027814,.jpg,17225,JPEG,600,450,RGB,True,
ISIC_0027815.jpg,ISIC_0027815,.jpg,48425,JPEG,600,450,RGB,True,
ISIC_0027816.jpg,ISIC_0027816,.jpg,30472,JPEG,600,450,RGB,True,
ISIC_0027817.jpg,ISIC_0027817,.jpg,26243,JPEG,600,450,RGB,True,
ISIC_0027818.jpg,ISIC_0027818,.jpg,28790,JPEG,600,450,RGB,True,
ISIC_0027819.jpg,ISIC_0027819,.jpg,17763,JPEG,600,450,RGB,True,
ISIC_0027820.jpg,ISIC_0027820,.jpg,21848,JPEG,600,450,RGB,True,
ISIC_0027821.jpg,ISIC_0027821,.jpg,30866,JPEG,600,450,RGB,True,
ISIC_0027822.jpg,ISIC_0027822,.jpg,32107,JPEG,600,450,RGB,True,
ISIC_0027823.jpg,ISIC_0027823,.jpg,21600,JPEG,600,450,RGB,True,
ISIC_0027824.jpg,ISIC_0027824,.jpg,34830,JPEG,600,450,RGB,True,
ISIC_0027825.jpg,ISIC_0027825,.jpg,20528,JPEG,600,450,RGB,True,
ISIC_0027826.jpg,ISIC_0027826,.jpg,34742,JPEG,600,450,RGB,True,
ISIC_0027827.jpg,ISIC_0027827,.jpg,36431,JPEG,600,450,RGB,True,
ISIC_0027828.jpg,ISIC_0027828,.jpg,19982,JPEG,600,450,RGB,True,
ISIC_0027829.jpg,ISIC_0027829,.jpg,23604,JPEG,600,450,RGB,True,
ISIC_0027830.jpg,ISIC_0027830,.jpg,23122,JPEG,600,450,RGB,True,
ISIC_0027831.jpg,ISIC_0027831,.jpg,31788,JPEG,600,450,RGB,True,
ISIC_0027832.jpg,ISIC_0027832,.jpg,21741,JPEG,600,450,RGB,True,
ISIC_0027833.jpg,ISIC_0027833,.jpg,21885,JPEG,600,450,RGB,True,
ISIC_0027834.jpg,ISIC_0027834,.jpg,29637,JPEG,600,450,RGB,True,
ISIC_0027835.jpg,ISIC_0027835,.jpg,30826,JPEG,600,450,RGB,True,
ISIC_0027836.jpg,ISIC_0027836,.jpg,28317,JPEG,600,450,RGB,True,
ISIC_0027837.jpg,ISIC_0027837,.jpg,32627,JPEG,600,450,RGB,True,
ISIC_0027838.jpg,ISIC_0027838,.jpg,36928,JPEG,600,450,RGB,True,
ISIC_0027839.jpg,ISIC_0027839,.jpg,27166,JPEG,600,450,RGB,True,
ISIC_0027840.jpg,ISIC_0027840,.jpg,26918,JPEG,600,450,RGB,True,
ISIC_0027841.jpg,ISIC_0027841,.jpg,22894,JPEG,600,450,RGB,True,
ISIC_0027842.jpg,ISIC_0027842,.jpg,30428,JPEG,600,450,RGB,True,
ISIC_0027843.jpg,ISIC_0027843,.jpg,25610,JPEG,600,450,RGB,True,
ISIC_0027844.jpg,ISIC_0027844,.jpg,32922,JPEG,600,450,RGB,True,
ISIC_0027845.jpg,ISIC_0027845,.jpg,17864,JPEG,600,450,RGB,True,
ISIC_0027846.jpg,ISIC_0027846,.jpg,22841,JPEG,600,450,RGB,True,
ISIC_0027847.jpg,ISIC_0027847,.jpg,26114,JPEG,600,450,RGB,True,
ISIC_0027848.jpg,ISIC_0027848,.jpg,22634,JPEG,600,450,RGB,True,
ISIC_0027849.jpg,ISIC_0027849,.jpg,27780,JPEG,600,450,RGB,True,
ISIC_0027850.jpg,ISIC_0027850,.jpg,31759,JPEG,600,450,RGB,True,
ISIC_0027851.jpg,ISIC_0027851,.jpg,31805,JPEG,600,450,RGB,True,
ISIC_0027852.jpg,ISIC_0027852,.jpg,22573,JPEG,600,450,RGB,True,
ISIC_0027853.jpg,ISIC_0027853,.jpg,29656,JPEG,600,450,RGB,True,
ISIC_0027854.jpg,ISIC_0027854,.jpg,30858,JPEG,600,450,RGB,True,
ISIC_0027855.jpg,ISIC_0027855,.jpg,30849,JPEG,600,450,RGB,True,
ISIC_0027856.jpg,ISIC_0027856,.jpg,21598,JPEG,600,450,RGB,True,
ISIC_0027857.jpg,ISIC_0027857,.jpg,23991,JPEG,600,450,RGB,True,
ISIC_0027858.jpg,ISIC_0027858,.jpg,48322,JPEG,600,450,RGB,True,
ISIC_0027859.jpg,ISIC_0027859,.jpg,22473,JPEG,600,450,RGB,True,
ISIC_0027860.jpg,ISIC_0027860,.jpg,22888,JPEG,600,450,RGB,True,
ISIC_0027861.jpg,ISIC_0027861,.jpg,28028,JPEG,600,450,RGB,True,
ISIC_0027862.jpg,ISIC_0027862,.jpg,21411,JPEG,600,450,RGB,True,
ISIC_0027863.jpg,ISIC_0027863,.jpg,25400,JPEG,600,450,RGB,True,
ISIC_0027864.jpg,ISIC_0027864,.jpg,23364,JPEG,600,450,RGB,True,
ISIC_0027865.jpg,ISIC_0027865,.jpg,31998,JPEG,600,450,RGB,True,
ISIC_0027866.jpg,ISIC_0027866,.jpg,28212,JPEG,600,450,RGB,True,
ISIC_0027867.jpg,ISIC_0027867,.jpg,24779,JPEG,600,450,RGB,True,
ISIC_0027868.jpg,ISIC_0027868,.jpg,43587,JPEG,600,450,RGB,True,
ISIC_0027869.jpg,ISIC_0027869,.jpg,29120,JPEG,600,450,RGB,True,
ISIC_0027870.jpg,ISIC_0027870,.jpg,27439,JPEG,600,450,RGB,True,
ISIC_0027871.jpg,ISIC_0027871,.jpg,24170,JPEG,600,450,RGB,True,
ISIC_0027872.jpg,ISIC_0027872,.jpg,30688,JPEG,600,450,RGB,True,
ISIC_0027873.jpg,ISIC_0027873,.jpg,21698,JPEG,600,450,RGB,True,
ISIC_0027874.jpg,ISIC_0027874,.jpg,28692,JPEG,600,450,RGB,True,
ISIC_0027875.jpg,ISIC_0027875,.jpg,31604,JPEG,600,450,RGB,True,
ISIC_0027876.jpg,ISIC_0027876,.jpg,26734,JPEG,600,450,RGB,True,
ISIC_0027877.jpg,ISIC_0027877,.jpg,27752,JPEG,600,450,RGB,True,
ISIC_0027878.jpg,ISIC_0027878,.jpg,26355,JPEG,600,450,RGB,True,
ISIC_0027879.jpg,ISIC_0027879,.jpg,24933,JPEG,600,450,RGB,True,
ISIC_0027880.jpg,ISIC_0027880,.jpg,22680,JPEG,600,450,RGB,True,
ISIC_0027881.jpg,ISIC_0027881,.jpg,39982,JPEG,600,450,RGB,True,
ISIC_0027882.jpg,ISIC_0027882,.jpg,22814,JPEG,600,450,RGB,True,
ISIC_0027883.jpg,ISIC_0027883,.jpg,21055,JPEG,600,450,RGB,True,
ISIC_0027884.jpg,ISIC_0027884,.jpg,23874,JPEG,600,450,RGB,True,
ISIC_0027885.jpg,ISIC_0027885,.jpg,24755,JPEG,600,450,RGB,True,
ISIC_0027886.jpg,ISIC_0027886,.jpg,32628,JPEG,600,450,RGB,True,
ISIC_0027887.jpg,ISIC_0027887,.jpg,29811,JPEG,600,450,RGB,True,
ISIC_0027888.jpg,ISIC_0027888,.jpg,24648,JPEG,600,450,RGB,True,
ISIC_0027889.jpg,ISIC_0027889,.jpg,19692,JPEG,600,450,RGB,True,
ISIC_0027890.jpg,ISIC_0027890,.jpg,32674,JPEG,600,450,RGB,True,
ISIC_0027891.jpg,ISIC_0027891,.jpg,31919,JPEG,600,450,RGB,True,
ISIC_0027892.jpg,ISIC_0027892,.jpg,26521,JPEG,600,450,RGB,True,
ISIC_0027893.jpg,ISIC_0027893,.jpg,34443,JPEG,600,450,RGB,True,
ISIC_0027894.jpg,ISIC_0027894,.jpg,25013,JPEG,600,450,RGB,True,
ISIC_0027895.jpg,ISIC_0027895,.jpg,20452,JPEG,600,450,RGB,True,
ISIC_0027896.jpg,ISIC_0027896,.jpg,34113,JPEG,600,450,RGB,True,
ISIC_0027897.jpg,ISIC_0027897,.jpg,28510,JPEG,600,450,RGB,True,
ISIC_0027898.jpg,ISIC_0027898,.jpg,33333,JPEG,600,450,RGB,True,
ISIC_0027899.jpg,ISIC_0027899,.jpg,38896,JPEG,600,450,RGB,True,
ISIC_0027900.jpg,ISIC_0027900,.jpg,24720,JPEG,600,450,RGB,True,
ISIC_0027901.jpg,ISIC_0027901,.jpg,22963,JPEG,600,450,RGB,True,
ISIC_0027902.jpg,ISIC_0027902,.jpg,32343,JPEG,600,450,RGB,True,
ISIC_0027903.jpg,ISIC_0027903,.jpg,19954,JPEG,600,450,RGB,True,
ISIC_0027904.jpg,ISIC_0027904,.jpg,29972,JPEG,600,450,RGB,True,
ISIC_0027905.jpg,ISIC_0027905,.jpg,29874,JPEG,600,450,RGB,True,
ISIC_0027906.jpg,ISIC_0027906,.jpg,22237,JPEG,600,450,RGB,True,
ISIC_0027907.jpg,ISIC_0027907,.jpg,21208,JPEG,600,450,RGB,True,
ISIC_0027908.jpg,ISIC_0027908,.jpg,29557,JPEG,600,450,RGB,True,
ISIC_0027909.jpg,ISIC_0027909,.jpg,39511,JPEG,600,450,RGB,True,
ISIC_0027910.jpg,ISIC_0027910,.jpg,30419,JPEG,600,450,RGB,True,
ISIC_0027911.jpg,ISIC_0027911,.jpg,27241,JPEG,600,450,RGB,True,
ISIC_0027912.jpg,ISIC_0027912,.jpg,29399,JPEG,600,450,RGB,True,
ISIC_0027913.jpg,ISIC_0027913,.jpg,20194,JPEG,600,450,RGB,True,
ISIC_0027914.jpg,ISIC_0027914,.jpg,21318,JPEG,600,450,RGB,True,
ISIC_0027915.jpg,ISIC_0027915,.jpg,25486,JPEG,600,450,RGB,True,
ISIC_0027916.jpg,ISIC_0027916,.jpg,34205,JPEG,600,450,RGB,True,
ISIC_0027917.jpg,ISIC_0027917,.jpg,32439,JPEG,600,450,RGB,True,
ISIC_0027918.jpg,ISIC_0027918,.jpg,19257,JPEG,600,450,RGB,True,
ISIC_0027919.jpg,ISIC_0027919,.jpg,31151,JPEG,600,450,RGB,True,
ISIC_0027920.jpg,ISIC_0027920,.jpg,33553,JPEG,600,450,RGB,True,
ISIC_0027921.jpg,ISIC_0027921,.jpg,21248,JPEG,600,450,RGB,True,
ISIC_0027922.jpg,ISIC_0027922,.jpg,21804,JPEG,600,450,RGB,True,
ISIC_0027923.jpg,ISIC_0027923,.jpg,25222,JPEG,600,450,RGB,True,
ISIC_0027924.jpg,ISIC_0027924,.jpg,33174,JPEG,600,450,RGB,True,
ISIC_0027925.jpg,ISIC_0027925,.jpg,27716,JPEG,600,450,RGB,True,
ISIC_0027926.jpg,ISIC_0027926,.jpg,21671,JPEG,600,450,RGB,True,
ISIC_0027927.jpg,ISIC_0027927,.jpg,24506,JPEG,600,450,RGB,True,
ISIC_0027928.jpg,ISIC_0027928,.jpg,24376,JPEG,600,450,RGB,True,
ISIC_0027929.jpg,ISIC_0027929,.jpg,26108,JPEG,600,450,RGB,True,
ISIC_0027930.jpg,ISIC_0027930,.jpg,49296,JPEG,600,450,RGB,True,
ISIC_0027931.jpg,ISIC_0027931,.jpg,29742,JPEG,600,450,RGB,True,
ISIC_0027932.jpg,ISIC_0027932,.jpg,30165,JPEG,600,450,RGB,True,
ISIC_0027933.jpg,ISIC_0027933,.jpg,31590,JPEG,600,450,RGB,True,
ISIC_0027934.jpg,ISIC_0027934,.jpg,21299,JPEG,600,450,RGB,True,
ISIC_0027935.jpg,ISIC_0027935,.jpg,22581,JPEG,600,450,RGB,True,
ISIC_0027936.jpg,ISIC_0027936,.jpg,26209,JPEG,600,450,RGB,True,
ISIC_0027937.jpg,ISIC_0027937,.jpg,25742,JPEG,600,450,RGB,True,
ISIC_0027938.jpg,ISIC_0027938,.jpg,30208,JPEG,600,450,RGB,True,
ISIC_0027939.jpg,ISIC_0027939,.jpg,34265,JPEG,600,450,RGB,True,
ISIC_0027940.jpg,ISIC_0027940,.jpg,25261,JPEG,600,450,RGB,True,
ISIC_0027941.jpg,ISIC_0027941,.jpg,23421,JPEG,600,450,RGB,True,
ISIC_0027942.jpg,ISIC_0027942,.jpg,28632,JPEG,600,450,RGB,True,
ISIC_0027943.jpg,ISIC_0027943,.jpg,22355,JPEG,600,450,RGB,True,
ISIC_0027944.jpg,ISIC_0027944,.jpg,34150,JPEG,600,450,RGB,True,
ISIC_0027945.jpg,ISIC_0027945,.jpg,26673,JPEG,600,450,RGB,True,
ISIC_0027946.jpg,ISIC_0027946,.jpg,21076,JPEG,600,450,RGB,True,
ISIC_0027947.jpg,ISIC_0027947,.jpg,23025,JPEG,600,450,RGB,True,
ISIC_0027948.jpg,ISIC_0027948,.jpg,21044,JPEG,600,450,RGB,True,
ISIC_0027949.jpg,ISIC_0027949,.jpg,33899,JPEG,600,450,RGB,True,
ISIC_0027950.jpg,ISIC_0027950,.jpg,30838,JPEG,600,450,RGB,True,
ISIC_0027951.jpg,ISIC_0027951,.jpg,23646,JPEG,600,450,RGB,True,
ISIC_0027952.jpg,ISIC_0027952,.jpg,24412,JPEG,600,450,RGB,True,
ISIC_0027953.jpg,ISIC_0027953,.jpg,25039,JPEG,600,450,RGB,True,
ISIC_0027954.jpg,ISIC_0027954,.jpg,28698,JPEG,600,450,RGB,True,
ISIC_0027955.jpg,ISIC_0027955,.jpg,24408,JPEG,600,450,RGB,True,
ISIC_0027956.jpg,ISIC_0027956,.jpg,30557,JPEG,600,450,RGB,True,
ISIC_0027957.jpg,ISIC_0027957,.jpg,28882,JPEG,600,450,RGB,True,
ISIC_0027958.jpg,ISIC_0027958,.jpg,36628,JPEG,600,450,RGB,True,
ISIC_0027959.jpg,ISIC_0027959,.jpg,21219,JPEG,600,450,RGB,True,
ISIC_0027960.jpg,ISIC_0027960,.jpg,26941,JPEG,600,450,RGB,True,
ISIC_0027961.jpg,ISIC_0027961,.jpg,39496,JPEG,600,450,RGB,True,
ISIC_0027962.jpg,ISIC_0027962,.jpg,28985,JPEG,600,450,RGB,True,
ISIC_0027963.jpg,ISIC_0027963,.jpg,21416,JPEG,600,450,RGB,True,
ISIC_0027964.jpg,ISIC_0027964,.jpg,35859,JPEG,600,450,RGB,True,
ISIC_0027965.jpg,ISIC_0027965,.jpg,29248,JPEG,600,450,RGB,True,
ISIC_0027966.jpg,ISIC_0027966,.jpg,22465,JPEG,600,450,RGB,True,
ISIC_0027967.jpg,ISIC_0027967,.jpg,24061,JPEG,600,450,RGB,True,
ISIC_0027968.jpg,ISIC_0027968,.jpg,27271,JPEG,600,450,RGB,True,
ISIC_0027969.jpg,ISIC_0027969,.jpg,17536,JPEG,600,450,RGB,True,
ISIC_0027970.jpg,ISIC_0027970,.jpg,40569,JPEG,600,450,RGB,True,
ISIC_0027971.jpg,ISIC_0027971,.jpg,26648,JPEG,600,450,RGB,True,
ISIC_0027972.jpg,ISIC_0027972,.jpg,23800,JPEG,600,450,RGB,True,
ISIC_0027973.jpg,ISIC_0027973,.jpg,32198,JPEG,600,450,RGB,True,
ISIC_0027974.jpg,ISIC_0027974,.jpg,33709,JPEG,600,450,RGB,True,
ISIC_0027975.jpg,ISIC_0027975,.jpg,24445,JPEG,600,450,RGB,True,
ISIC_0027976.jpg,ISIC_0027976,.jpg,26413,JPEG,600,450,RGB,True,
ISIC_0027977.jpg,ISIC_0027977,.jpg,37346,JPEG,600,450,RGB,True,
ISIC_0027978.jpg,ISIC_0027978,.jpg,28072,JPEG,600,450,RGB,True,
ISIC_0027979.jpg,ISIC_0027979,.jpg,21358,JPEG,600,450,RGB,True,
ISIC_0027980.jpg,ISIC_0027980,.jpg,22368,JPEG,600,450,RGB,True,
ISIC_0027981.jpg,ISIC_0027981,.jpg,22950,JPEG,600,450,RGB,True,
ISIC_0027982.jpg,ISIC_0027982,.jpg,24708,JPEG,600,450,RGB,True,
ISIC_0027983.jpg,ISIC_0027983,.jpg,22906,JPEG,600,450,RGB,True,
ISIC_0027984.jpg,ISIC_0027984,.jpg,35007,JPEG,600,450,RGB,True,
ISIC_0027985.jpg,ISIC_0027985,.jpg,20186,JPEG,600,450,RGB,True,
ISIC_0027986.jpg,ISIC_0027986,.jpg,23997,JPEG,600,450,RGB,True,
ISIC_0027987.jpg,ISIC_0027987,.jpg,50094,JPEG,600,450,RGB,True,
ISIC_0027988.jpg,ISIC_0027988,.jpg,22570,JPEG,600,450,RGB,True,
ISIC_0027989.jpg,ISIC_0027989,.jpg,30592,JPEG,600,450,RGB,True,
ISIC_0027990.jpg,ISIC_0027990,.jpg,37438,JPEG,600,450,RGB,True,
ISIC_0027991.jpg,ISIC_0027991,.jpg,25196,JPEG,600,450,RGB,True,
ISIC_0027992.jpg,ISIC_0027992,.jpg,27561,JPEG,600,450,RGB,True,
ISIC_0027993.jpg,ISIC_0027993,.jpg,23206,JPEG,600,450,RGB,True,
ISIC_0027994.jpg,ISIC_0027994,.jpg,26046,JPEG,600,450,RGB,True,
ISIC_0027995.jpg,ISIC_0027995,.jpg,24256,JPEG,600,450,RGB,True,
ISIC_0027996.jpg,ISIC_0027996,.jpg,31894,JPEG,600,450,RGB,True,
ISIC_0027997.jpg,ISIC_0027997,.jpg,27661,JPEG,600,450,RGB,True,
ISIC_0027998.jpg,ISIC_0027998,.jpg,30177,JPEG,600,450,RGB,True,
ISIC_0027999.jpg,ISIC_0027999,.jpg,26327,JPEG,600,450,RGB,True,
ISIC_0028000.jpg,ISIC_0028000,.jpg,20104,JPEG,600,450,RGB,True,
ISIC_0028001.jpg,ISIC_0028001,.jpg,24143,JPEG,600,450,RGB,True,
ISIC_0028002.jpg,ISIC_0028002,.jpg,25427,JPEG,600,450,RGB,True,
ISIC_0028003.jpg,ISIC_0028003,.jpg,27146,JPEG,600,450,RGB,True,
ISIC_0028004.jpg,ISIC_0028004,.jpg,28631,JPEG,600,450,RGB,True,
ISIC_0028005.jpg,ISIC_0028005,.jpg,21694,JPEG,600,450,RGB,True,
ISIC_0028006.jpg,ISIC_0028006,.jpg,22105,JPEG,600,450,RGB,True,
ISIC_0028007.jpg,ISIC_0028007,.jpg,29681,JPEG,600,450,RGB,True,
ISIC_0028008.jpg,ISIC_0028008,.jpg,26378,JPEG,600,450,RGB,True,
ISIC_0028009.jpg,ISIC_0028009,.jpg,23338,JPEG,600,450,RGB,True,
ISIC_0028010.jpg,ISIC_0028010,.jpg,30220,JPEG,600,450,RGB,True,
ISIC_0028011.jpg,ISIC_0028011,.jpg,30884,JPEG,600,450,RGB,True,
ISIC_0028012.jpg,ISIC_0028012,.jpg,25087,JPEG,600,450,RGB,True,
ISIC_0028013.jpg,ISIC_0028013,.jpg,22003,JPEG,600,450,RGB,True,
ISIC_0028014.jpg,ISIC_0028014,.jpg,24020,JPEG,600,450,RGB,True,
ISIC_0028015.jpg,ISIC_0028015,.jpg,22712,JPEG,600,450,RGB,True,
ISIC_0028016.jpg,ISIC_0028016,.jpg,23346,JPEG,600,450,RGB,True,
ISIC_0028017.jpg,ISIC_0028017,.jpg,21260,JPEG,600,450,RGB,True,
ISIC_0028018.jpg,ISIC_0028018,.jpg,24041,JPEG,600,450,RGB,True,
ISIC_0028019.jpg,ISIC_0028019,.jpg,29528,JPEG,600,450,RGB,True,
ISIC_0028020.jpg,ISIC_0028020,.jpg,26833,JPEG,600,450,RGB,True,
ISIC_0028021.jpg,ISIC_0028021,.jpg,26054,JPEG,600,450,RGB,True,
ISIC_0028022.jpg,ISIC_0028022,.jpg,27873,JPEG,600,450,RGB,True,
ISIC_0028023.jpg,ISIC_0028023,.jpg,38827,JPEG,600,450,RGB,True,
ISIC_0028024.jpg,ISIC_0028024,.jpg,27656,JPEG,600,450,RGB,True,
ISIC_0028025.jpg,ISIC_0028025,.jpg,29409,JPEG,600,450,RGB,True,
ISIC_0028026.jpg,ISIC_0028026,.jpg,33400,JPEG,600,450,RGB,True,
ISIC_0028027.jpg,ISIC_0028027,.jpg,28395,JPEG,600,450,RGB,True,
ISIC_0028028.jpg,ISIC_0028028,.jpg,28148,JPEG,600,450,RGB,True,
ISIC_0028029.jpg,ISIC_0028029,.jpg,22788,JPEG,600,450,RGB,True,
ISIC_0028030.jpg,ISIC_0028030,.jpg,41480,JPEG,600,450,RGB,True,
ISIC_0028031.jpg,ISIC_0028031,.jpg,32534,JPEG,600,450,RGB,True,
ISIC_0028032.jpg,ISIC_0028032,.jpg,28985,JPEG,600,450,RGB,True,
ISIC_0028033.jpg,ISIC_0028033,.jpg,26051,JPEG,600,450,RGB,True,
ISIC_0028034.jpg,ISIC_0028034,.jpg,35954,JPEG,600,450,RGB,True,
ISIC_0028035.jpg,ISIC_0028035,.jpg,33158,JPEG,600,450,RGB,True,
ISIC_0028036.jpg,ISIC_0028036,.jpg,30548,JPEG,600,450,RGB,True,
ISIC_0028037.jpg,ISIC_0028037,.jpg,24555,JPEG,600,450,RGB,True,
ISIC_0028038.jpg,ISIC_0028038,.jpg,23439,JPEG,600,450,RGB,True,
ISIC_0028039.jpg,ISIC_0028039,.jpg,24595,JPEG,600,450,RGB,True,
ISIC_0028040.jpg,ISIC_0028040,.jpg,26739,JPEG,600,450,RGB,True,
ISIC_0028041.jpg,ISIC_0028041,.jpg,26536,JPEG,600,450,RGB,True,
ISIC_0028042.jpg,ISIC_0028042,.jpg,31530,JPEG,600,450,RGB,True,
ISIC_0028043.jpg,ISIC_0028043,.jpg,31386,JPEG,600,450,RGB,True,
ISIC_0028044.jpg,ISIC_0028044,.jpg,34890,JPEG,600,450,RGB,True,
ISIC_0028045.jpg,ISIC_0028045,.jpg,21340,JPEG,600,450,RGB,True,
ISIC_0028046.jpg,ISIC_0028046,.jpg,23201,JPEG,600,450,RGB,True,
ISIC_0028047.jpg,ISIC_0028047,.jpg,21611,JPEG,600,450,RGB,True,
ISIC_0028048.jpg,ISIC_0028048,.jpg,41215,JPEG,600,450,RGB,True,
ISIC_0028049.jpg,ISIC_0028049,.jpg,23251,JPEG,600,450,RGB,True,
ISIC_0028050.jpg,ISIC_0028050,.jpg,23927,JPEG,600,450,RGB,True,
ISIC_0028051.jpg,ISIC_0028051,.jpg,31182,JPEG,600,450,RGB,True,
ISIC_0028052.jpg,ISIC_0028052,.jpg,34516,JPEG,600,450,RGB,True,
ISIC_0028053.jpg,ISIC_0028053,.jpg,28087,JPEG,600,450,RGB,True,
ISIC_0028054.jpg,ISIC_0028054,.jpg,29272,JPEG,600,450,RGB,True,
ISIC_0028055.jpg,ISIC_0028055,.jpg,24803,JPEG,600,450,RGB,True,
ISIC_0028056.jpg,ISIC_0028056,.jpg,25572,JPEG,600,450,RGB,True,
ISIC_0028057.jpg,ISIC_0028057,.jpg,27885,JPEG,600,450,RGB,True,
ISIC_0028058.jpg,ISIC_0028058,.jpg,22741,JPEG,600,450,RGB,True,
ISIC_0028059.jpg,ISIC_0028059,.jpg,20449,JPEG,600,450,RGB,True,
ISIC_0028060.jpg,ISIC_0028060,.jpg,34314,JPEG,600,450,RGB,True,
ISIC_0028061.jpg,ISIC_0028061,.jpg,23503,JPEG,600,450,RGB,True,
ISIC_0028062.jpg,ISIC_0028062,.jpg,51418,JPEG,600,450,RGB,True,
ISIC_0028063.jpg,ISIC_0028063,.jpg,28577,JPEG,600,450,RGB,True,
ISIC_0028064.jpg,ISIC_0028064,.jpg,24625,JPEG,600,450,RGB,True,
ISIC_0028065.jpg,ISIC_0028065,.jpg,25399,JPEG,600,450,RGB,True,
ISIC_0028066.jpg,ISIC_0028066,.jpg,39724,JPEG,600,450,RGB,True,
ISIC_0028067.jpg,ISIC_0028067,.jpg,24492,JPEG,600,450,RGB,True,
ISIC_0028068.jpg,ISIC_0028068,.jpg,20961,JPEG,600,450,RGB,True,
ISIC_0028069.jpg,ISIC_0028069,.jpg,24999,JPEG,600,450,RGB,True,
ISIC_0028070.jpg,ISIC_0028070,.jpg,24454,JPEG,600,450,RGB,True,
ISIC_0028071.jpg,ISIC_0028071,.jpg,29323,JPEG,600,450,RGB,True,
ISIC_0028072.jpg,ISIC_0028072,.jpg,25912,JPEG,600,450,RGB,True,
ISIC_0028073.jpg,ISIC_0028073,.jpg,19154,JPEG,600,450,RGB,True,
ISIC_0028074.jpg,ISIC_0028074,.jpg,22037,JPEG,600,450,RGB,True,
ISIC_0028075.jpg,ISIC_0028075,.jpg,39911,JPEG,600,450,RGB,True,
ISIC_0028076.jpg,ISIC_0028076,.jpg,29755,JPEG,600,450,RGB,True,
ISIC_0028077.jpg,ISIC_0028077,.jpg,37421,JPEG,600,450,RGB,True,
ISIC_0028078.jpg,ISIC_0028078,.jpg,26026,JPEG,600,450,RGB,True,
ISIC_0028079.jpg,ISIC_0028079,.jpg,34653,JPEG,600,450,RGB,True,
ISIC_0028080.jpg,ISIC_0028080,.jpg,26787,JPEG,600,450,RGB,True,
ISIC_0028081.jpg,ISIC_0028081,.jpg,24150,JPEG,600,450,RGB,True,
ISIC_0028082.jpg,ISIC_0028082,.jpg,38705,JPEG,600,450,RGB,True,
ISIC_0028083.jpg,ISIC_0028083,.jpg,32789,JPEG,600,450,RGB,True,
ISIC_0028084.jpg,ISIC_0028084,.jpg,24996,JPEG,600,450,RGB,True,
ISIC_0028085.jpg,ISIC_0028085,.jpg,20289,JPEG,600,450,RGB,True,
ISIC_0028086.jpg,ISIC_0028086,.jpg,59502,JPEG,600,450,RGB,True,
ISIC_0028087.jpg,ISIC_0028087,.jpg,30559,JPEG,600,450,RGB,True,
ISIC_0028088.jpg,ISIC_0028088,.jpg,24279,JPEG,600,450,RGB,True,
ISIC_0028089.jpg,ISIC_0028089,.jpg,25625,JPEG,600,450,RGB,True,
ISIC_0028090.jpg,ISIC_0028090,.jpg,27230,JPEG,600,450,RGB,True,
ISIC_0028091.jpg,ISIC_0028091,.jpg,34678,JPEG,600,450,RGB,True,
ISIC_0028092.jpg,ISIC_0028092,.jpg,31939,JPEG,600,450,RGB,True,
ISIC_0028093.jpg,ISIC_0028093,.jpg,36625,JPEG,600,450,RGB,True,
ISIC_0028094.jpg,ISIC_0028094,.jpg,26930,JPEG,600,450,RGB,True,
ISIC_0028095.jpg,ISIC_0028095,.jpg,22904,JPEG,600,450,RGB,True,
ISIC_0028096.jpg,ISIC_0028096,.jpg,27850,JPEG,600,450,RGB,True,
ISIC_0028097.jpg,ISIC_0028097,.jpg,31296,JPEG,600,450,RGB,True,
ISIC_0028098.jpg,ISIC_0028098,.jpg,25597,JPEG,600,450,RGB,True,
ISIC_0028099.jpg,ISIC_0028099,.jpg,24507,JPEG,600,450,RGB,True,
ISIC_0028100.jpg,ISIC_0028100,.jpg,21782,JPEG,600,450,RGB,True,
ISIC_0028101.jpg,ISIC_0028101,.jpg,29043,JPEG,600,450,RGB,True,
ISIC_0028102.jpg,ISIC_0028102,.jpg,31682,JPEG,600,450,RGB,True,
ISIC_0028103.jpg,ISIC_0028103,.jpg,22559,JPEG,600,450,RGB,True,
ISIC_0028104.jpg,ISIC_0028104,.jpg,30514,JPEG,600,450,RGB,True,
ISIC_0028105.jpg,ISIC_0028105,.jpg,23231,JPEG,600,450,RGB,True,
ISIC_0028106.jpg,ISIC_0028106,.jpg,19158,JPEG,600,450,RGB,True,
ISIC_0028107.jpg,ISIC_0028107,.jpg,30940,JPEG,600,450,RGB,True,
ISIC_0028108.jpg,ISIC_0028108,.jpg,27050,JPEG,600,450,RGB,True,
ISIC_0028109.jpg,ISIC_0028109,.jpg,26177,JPEG,600,450,RGB,True,
ISIC_0028110.jpg,ISIC_0028110,.jpg,26130,JPEG,600,450,RGB,True,
ISIC_0028111.jpg,ISIC_0028111,.jpg,29593,JPEG,600,450,RGB,True,
ISIC_0028112.jpg,ISIC_0028112,.jpg,27974,JPEG,600,450,RGB,True,
ISIC_0028113.jpg,ISIC_0028113,.jpg,31847,JPEG,600,450,RGB,True,
ISIC_0028114.jpg,ISIC_0028114,.jpg,34580,JPEG,600,450,RGB,True,
ISIC_0028115.jpg,ISIC_0028115,.jpg,36058,JPEG,600,450,RGB,True,
ISIC_0028116.jpg,ISIC_0028116,.jpg,27263,JPEG,600,450,RGB,True,
ISIC_0028117.jpg,ISIC_0028117,.jpg,23914,JPEG,600,450,RGB,True,
ISIC_0028118.jpg,ISIC_0028118,.jpg,25492,JPEG,600,450,RGB,True,
ISIC_0028119.jpg,ISIC_0028119,.jpg,26837,JPEG,600,450,RGB,True,
ISIC_0028120.jpg,ISIC_0028120,.jpg,26038,JPEG,600,450,RGB,True,
ISIC_0028121.jpg,ISIC_0028121,.jpg,40239,JPEG,600,450,RGB,True,
ISIC_0028122.jpg,ISIC_0028122,.jpg,22651,JPEG,600,450,RGB,True,
ISIC_0028123.jpg,ISIC_0028123,.jpg,19897,JPEG,600,450,RGB,True,
ISIC_0028124.jpg,ISIC_0028124,.jpg,36814,JPEG,600,450,RGB,True,
ISIC_0028125.jpg,ISIC_0028125,.jpg,28919,JPEG,600,450,RGB,True,
ISIC_0028126.jpg,ISIC_0028126,.jpg,30108,JPEG,600,450,RGB,True,
ISIC_0028127.jpg,ISIC_0028127,.jpg,34969,JPEG,600,450,RGB,True,
ISIC_0028128.jpg,ISIC_0028128,.jpg,36547,JPEG,600,450,RGB,True,
ISIC_0028129.jpg,ISIC_0028129,.jpg,24422,JPEG,600,450,RGB,True,
ISIC_0028130.jpg,ISIC_0028130,.jpg,25463,JPEG,600,450,RGB,True,
ISIC_0028131.jpg,ISIC_0028131,.jpg,17788,JPEG,600,450,RGB,True,
ISIC_0028132.jpg,ISIC_0028132,.jpg,26359,JPEG,600,450,RGB,True,
ISIC_0028133.jpg,ISIC_0028133,.jpg,28119,JPEG,600,450,RGB,True,
ISIC_0028134.jpg,ISIC_0028134,.jpg,25782,JPEG,600,450,RGB,True,
ISIC_0028135.jpg,ISIC_0028135,.jpg,19570,JPEG,600,450,RGB,True,
ISIC_0028136.jpg,ISIC_0028136,.jpg,34338,JPEG,600,450,RGB,True,
ISIC_0028137.jpg,ISIC_0028137,.jpg,22004,JPEG,600,450,RGB,True,
ISIC_0028138.jpg,ISIC_0028138,.jpg,35232,JPEG,600,450,RGB,True,
ISIC_0028139.jpg,ISIC_0028139,.jpg,23344,JPEG,600,450,RGB,True,
ISIC_0028140.jpg,ISIC_0028140,.jpg,25108,JPEG,600,450,RGB,True,
ISIC_0028141.jpg,ISIC_0028141,.jpg,25318,JPEG,600,450,RGB,True,
ISIC_0028142.jpg,ISIC_0028142,.jpg,41416,JPEG,600,450,RGB,True,
ISIC_0028143.jpg,ISIC_0028143,.jpg,25631,JPEG,600,450,RGB,True,
ISIC_0028144.jpg,ISIC_0028144,.jpg,24341,JPEG,600,450,RGB,True,
ISIC_0028145.jpg,ISIC_0028145,.jpg,21744,JPEG,600,450,RGB,True,
ISIC_0028146.jpg,ISIC_0028146,.jpg,20263,JPEG,600,450,RGB,True,
ISIC_0028147.jpg,ISIC_0028147,.jpg,36799,JPEG,600,450,RGB,True,
ISIC_0028148.jpg,ISIC_0028148,.jpg,36162,JPEG,600,450,RGB,True,
ISIC_0028149.jpg,ISIC_0028149,.jpg,24562,JPEG,600,450,RGB,True,
ISIC_0028150.jpg,ISIC_0028150,.jpg,27541,JPEG,600,450,RGB,True,
ISIC_0028151.jpg,ISIC_0028151,.jpg,24936,JPEG,600,450,RGB,True,
ISIC_0028152.jpg,ISIC_0028152,.jpg,26628,JPEG,600,450,RGB,True,
ISIC_0028153.jpg,ISIC_0028153,.jpg,22299,JPEG,600,450,RGB,True,
ISIC_0028154.jpg,ISIC_0028154,.jpg,29167,JPEG,600,450,RGB,True,
ISIC_0028155.jpg,ISIC_0028155,.jpg,36291,JPEG,600,450,RGB,True,
ISIC_0028156.jpg,ISIC_0028156,.jpg,30480,JPEG,600,450,RGB,True,
ISIC_0028157.jpg,ISIC_0028157,.jpg,23115,JPEG,600,450,RGB,True,
ISIC_0028158.jpg,ISIC_0028158,.jpg,20768,JPEG,600,450,RGB,True,
ISIC_0028159.jpg,ISIC_0028159,.jpg,23614,JPEG,600,450,RGB,True,
ISIC_0028160.jpg,ISIC_0028160,.jpg,30236,JPEG,600,450,RGB,True,
ISIC_0028161.jpg,ISIC_0028161,.jpg,29596,JPEG,600,450,RGB,True,
ISIC_0028162.jpg,ISIC_0028162,.jpg,24248,JPEG,600,450,RGB,True,
ISIC_0028163.jpg,ISIC_0028163,.jpg,25160,JPEG,600,450,RGB,True,
ISIC_0028164.jpg,ISIC_0028164,.jpg,33963,JPEG,600,450,RGB,True,
ISIC_0028165.jpg,ISIC_0028165,.jpg,27221,JPEG,600,450,RGB,True,
ISIC_0028166.jpg,ISIC_0028166,.jpg,20351,JPEG,600,450,RGB,True,
ISIC_0028167.jpg,ISIC_0028167,.jpg,19705,JPEG,600,450,RGB,True,
ISIC_0028168.jpg,ISIC_0028168,.jpg,24199,JPEG,600,450,RGB,True,
ISIC_0028169.jpg,ISIC_0028169,.jpg,24315,JPEG,600,450,RGB,True,
ISIC_0028170.jpg,ISIC_0028170,.jpg,25459,JPEG,600,450,RGB,True,
ISIC_0028171.jpg,ISIC_0028171,.jpg,23154,JPEG,600,450,RGB,True,
ISIC_0028172.jpg,ISIC_0028172,.jpg,25454,JPEG,600,450,RGB,True,
ISIC_0028173.jpg,ISIC_0028173,.jpg,32031,JPEG,600,450,RGB,True,
ISIC_0028174.jpg,ISIC_0028174,.jpg,28452,JPEG,600,450,RGB,True,
ISIC_0028175.jpg,ISIC_0028175,.jpg,31310,JPEG,600,450,RGB,True,
ISIC_0028176.jpg,ISIC_0028176,.jpg,23514,JPEG,600,450,RGB,True,
ISIC_0028177.jpg,ISIC_0028177,.jpg,20711,JPEG,600,450,RGB,True,
ISIC_0028178.jpg,ISIC_0028178,.jpg,26224,JPEG,600,450,RGB,True,
ISIC_0028179.jpg,ISIC_0028179,.jpg,21678,JPEG,600,450,RGB,True,
ISIC_0028180.jpg,ISIC_0028180,.jpg,23228,JPEG,600,450,RGB,True,
ISIC_0028181.jpg,ISIC_0028181,.jpg,28371,JPEG,600,450,RGB,True,
ISIC_0028182.jpg,ISIC_0028182,.jpg,35067,JPEG,600,450,RGB,True,
ISIC_0028183.jpg,ISIC_0028183,.jpg,22292,JPEG,600,450,RGB,True,
ISIC_0028184.jpg,ISIC_0028184,.jpg,28804,JPEG,600,450,RGB,True,
ISIC_0028185.jpg,ISIC_0028185,.jpg,42662,JPEG,600,450,RGB,True,
ISIC_0028186.jpg,ISIC_0028186,.jpg,27599,JPEG,600,450,RGB,True,
ISIC_0028187.jpg,ISIC_0028187,.jpg,24887,JPEG,600,450,RGB,True,
ISIC_0028188.jpg,ISIC_0028188,.jpg,19788,JPEG,600,450,RGB,True,
ISIC_0028189.jpg,ISIC_0028189,.jpg,25503,JPEG,600,450,RGB,True,
ISIC_0028190.jpg,ISIC_0028190,.jpg,25833,JPEG,600,450,RGB,True,
ISIC_0028191.jpg,ISIC_0028191,.jpg,22264,JPEG,600,450,RGB,True,
ISIC_0028192.jpg,ISIC_0028192,.jpg,23829,JPEG,600,450,RGB,True,
ISIC_0028193.jpg,ISIC_0028193,.jpg,25099,JPEG,600,450,RGB,True,
ISIC_0028194.jpg,ISIC_0028194,.jpg,46492,JPEG,600,450,RGB,True,
ISIC_0028195.jpg,ISIC_0028195,.jpg,22537,JPEG,600,450,RGB,True,
ISIC_0028196.jpg,ISIC_0028196,.jpg,31901,JPEG,600,450,RGB,True,
ISIC_0028197.jpg,ISIC_0028197,.jpg,22311,JPEG,600,450,RGB,True,
ISIC_0028198.jpg,ISIC_0028198,.jpg,32330,JPEG,600,450,RGB,True,
ISIC_0028199.jpg,ISIC_0028199,.jpg,25721,JPEG,600,450,RGB,True,
ISIC_0028200.jpg,ISIC_0028200,.jpg,37230,JPEG,600,450,RGB,True,
ISIC_0028201.jpg,ISIC_0028201,.jpg,33843,JPEG,600,450,RGB,True,
ISIC_0028202.jpg,ISIC_0028202,.jpg,31374,JPEG,600,450,RGB,True,
ISIC_0028203.jpg,ISIC_0028203,.jpg,23656,JPEG,600,450,RGB,True,
ISIC_0028204.jpg,ISIC_0028204,.jpg,28020,JPEG,600,450,RGB,True,
ISIC_0028205.jpg,ISIC_0028205,.jpg,23684,JPEG,600,450,RGB,True,
ISIC_0028206.jpg,ISIC_0028206,.jpg,19809,JPEG,600,450,RGB,True,
ISIC_0028207.jpg,ISIC_0028207,.jpg,22883,JPEG,600,450,RGB,True,
ISIC_0028208.jpg,ISIC_0028208,.jpg,21027,JPEG,600,450,RGB,True,
ISIC_0028209.jpg,ISIC_0028209,.jpg,22251,JPEG,600,450,RGB,True,
ISIC_0028210.jpg,ISIC_0028210,.jpg,31700,JPEG,600,450,RGB,True,
ISIC_0028211.jpg,ISIC_0028211,.jpg,28286,JPEG,600,450,RGB,True,
ISIC_0028212.jpg,ISIC_0028212,.jpg,20421,JPEG,600,450,RGB,True,
ISIC_0028213.jpg,ISIC_0028213,.jpg,25942,JPEG,600,450,RGB,True,
ISIC_0028214.jpg,ISIC_0028214,.jpg,56939,JPEG,600,450,RGB,True,
ISIC_0028215.jpg,ISIC_0028215,.jpg,30097,JPEG,600,450,RGB,True,
ISIC_0028216.jpg,ISIC_0028216,.jpg,21902,JPEG,600,450,RGB,True,
ISIC_0028217.jpg,ISIC_0028217,.jpg,27312,JPEG,600,450,RGB,True,
ISIC_0028218.jpg,ISIC_0028218,.jpg,29329,JPEG,600,450,RGB,True,
ISIC_0028219.jpg,ISIC_0028219,.jpg,22000,JPEG,600,450,RGB,True,
ISIC_0028220.jpg,ISIC_0028220,.jpg,31342,JPEG,600,450,RGB,True,
ISIC_0028221.jpg,ISIC_0028221,.jpg,27774,JPEG,600,450,RGB,True,
ISIC_0028222.jpg,ISIC_0028222,.jpg,75766,JPEG,600,450,RGB,True,
ISIC_0028223.jpg,ISIC_0028223,.jpg,25549,JPEG,600,450,RGB,True,
ISIC_0028224.jpg,ISIC_0028224,.jpg,27087,JPEG,600,450,RGB,True,
ISIC_0028225.jpg,ISIC_0028225,.jpg,22900,JPEG,600,450,RGB,True,
ISIC_0028226.jpg,ISIC_0028226,.jpg,17711,JPEG,600,450,RGB,True,
ISIC_0028227.jpg,ISIC_0028227,.jpg,31294,JPEG,600,450,RGB,True,
ISIC_0028228.jpg,ISIC_0028228,.jpg,54242,JPEG,600,450,RGB,True,
ISIC_0028229.jpg,ISIC_0028229,.jpg,31156,JPEG,600,450,RGB,True,
ISIC_0028230.jpg,ISIC_0028230,.jpg,28215,JPEG,600,450,RGB,True,
ISIC_0028231.jpg,ISIC_0028231,.jpg,34512,JPEG,600,450,RGB,True,
ISIC_0028232.jpg,ISIC_0028232,.jpg,23068,JPEG,600,450,RGB,True,
ISIC_0028233.jpg,ISIC_0028233,.jpg,61325,JPEG,600,450,RGB,True,
ISIC_0028234.jpg,ISIC_0028234,.jpg,22314,JPEG,600,450,RGB,True,
ISIC_0028235.jpg,ISIC_0028235,.jpg,34749,JPEG,600,450,RGB,True,
ISIC_0028236.jpg,ISIC_0028236,.jpg,23813,JPEG,600,450,RGB,True,
ISIC_0028237.jpg,ISIC_0028237,.jpg,29484,JPEG,600,450,RGB,True,
ISIC_0028238.jpg,ISIC_0028238,.jpg,25186,JPEG,600,450,RGB,True,
ISIC_0028239.jpg,ISIC_0028239,.jpg,37990,JPEG,600,450,RGB,True,
ISIC_0028240.jpg,ISIC_0028240,.jpg,30443,JPEG,600,450,RGB,True,
ISIC_0028241.jpg,ISIC_0028241,.jpg,26155,JPEG,600,450,RGB,True,
ISIC_0028242.jpg,ISIC_0028242,.jpg,32033,JPEG,600,450,RGB,True,
ISIC_0028243.jpg,ISIC_0028243,.jpg,26269,JPEG,600,450,RGB,True,
ISIC_0028244.jpg,ISIC_0028244,.jpg,26698,JPEG,600,450,RGB,True,
ISIC_0028245.jpg,ISIC_0028245,.jpg,23024,JPEG,600,450,RGB,True,
ISIC_0028246.jpg,ISIC_0028246,.jpg,24247,JPEG,600,450,RGB,True,
ISIC_0028247.jpg,ISIC_0028247,.jpg,36668,JPEG,600,450,RGB,True,
ISIC_0028248.jpg,ISIC_0028248,.jpg,26045,JPEG,600,450,RGB,True,
ISIC_0028249.jpg,ISIC_0028249,.jpg,22543,JPEG,600,450,RGB,True,
ISIC_0028250.jpg,ISIC_0028250,.jpg,25216,JPEG,600,450,RGB,True,
ISIC_0028251.jpg,ISIC_0028251,.jpg,27832,JPEG,600,450,RGB,True,
ISIC_0028252.jpg,ISIC_0028252,.jpg,32921,JPEG,600,450,RGB,True,
ISIC_0028253.jpg,ISIC_0028253,.jpg,21342,JPEG,600,450,RGB,True,
ISIC_0028254.jpg,ISIC_0028254,.jpg,30980,JPEG,600,450,RGB,True,
ISIC_0028255.jpg,ISIC_0028255,.jpg,26574,JPEG,600,450,RGB,True,
ISIC_0028256.jpg,ISIC_0028256,.jpg,32235,JPEG,600,450,RGB,True,
ISIC_0028257.jpg,ISIC_0028257,.jpg,24315,JPEG,600,450,RGB,True,
ISIC_0028258.jpg,ISIC_0028258,.jpg,24835,JPEG,600,450,RGB,True,
ISIC_0028259.jpg,ISIC_0028259,.jpg,23972,JPEG,600,450,RGB,True,
ISIC_0028260.jpg,ISIC_0028260,.jpg,48834,JPEG,600,450,RGB,True,
ISIC_0028261.jpg,ISIC_0028261,.jpg,35343,JPEG,600,450,RGB,True,
ISIC_0028262.jpg,ISIC_0028262,.jpg,19444,JPEG,600,450,RGB,True,
ISIC_0028263.jpg,ISIC_0028263,.jpg,32040,JPEG,600,450,RGB,True,
ISIC_0028264.jpg,ISIC_0028264,.jpg,24468,JPEG,600,450,RGB,True,
ISIC_0028265.jpg,ISIC_0028265,.jpg,32901,JPEG,600,450,RGB,True,
ISIC_0028266.jpg,ISIC_0028266,.jpg,40245,JPEG,600,450,RGB,True,
ISIC_0028267.jpg,ISIC_0028267,.jpg,25215,JPEG,600,450,RGB,True,
ISIC_0028268.jpg,ISIC_0028268,.jpg,24792,JPEG,600,450,RGB,True,
ISIC_0028269.jpg,ISIC_0028269,.jpg,29853,JPEG,600,450,RGB,True,
ISIC_0028270.jpg,ISIC_0028270,.jpg,30133,JPEG,600,450,RGB,True,
ISIC_0028271.jpg,ISIC_0028271,.jpg,31566,JPEG,600,450,RGB,True,
ISIC_0028272.jpg,ISIC_0028272,.jpg,26911,JPEG,600,450,RGB,True,
ISIC_0028273.jpg,ISIC_0028273,.jpg,28373,JPEG,600,450,RGB,True,
ISIC_0028274.jpg,ISIC_0028274,.jpg,22120,JPEG,600,450,RGB,True,
ISIC_0028275.jpg,ISIC_0028275,.jpg,32885,JPEG,600,450,RGB,True,
ISIC_0028276.jpg,ISIC_0028276,.jpg,18565,JPEG,600,450,RGB,True,
ISIC_0028277.jpg,ISIC_0028277,.jpg,21762,JPEG,600,450,RGB,True,
ISIC_0028278.jpg,ISIC_0028278,.jpg,25181,JPEG,600,450,RGB,True,
ISIC_0028279.jpg,ISIC_0028279,.jpg,31334,JPEG,600,450,RGB,True,
ISIC_0028280.jpg,ISIC_0028280,.jpg,25916,JPEG,600,450,RGB,True,
ISIC_0028281.jpg,ISIC_0028281,.jpg,23869,JPEG,600,450,RGB,True,
ISIC_0028282.jpg,ISIC_0028282,.jpg,26385,JPEG,600,450,RGB,True,
ISIC_0028283.jpg,ISIC_0028283,.jpg,21160,JPEG,600,450,RGB,True,
ISIC_0028284.jpg,ISIC_0028284,.jpg,24550,JPEG,600,450,RGB,True,
ISIC_0028285.jpg,ISIC_0028285,.jpg,27167,JPEG,600,450,RGB,True,
ISIC_0028286.jpg,ISIC_0028286,.jpg,22247,JPEG,600,450,RGB,True,
ISIC_0028287.jpg,ISIC_0028287,.jpg,23042,JPEG,600,450,RGB,True,
ISIC_0028288.jpg,ISIC_0028288,.jpg,31211,JPEG,600,450,RGB,True,
ISIC_0028289.jpg,ISIC_0028289,.jpg,33008,JPEG,600,450,RGB,True,
ISIC_0028290.jpg,ISIC_0028290,.jpg,27284,JPEG,600,450,RGB,True,
ISIC_0028291.jpg,ISIC_0028291,.jpg,32968,JPEG,600,450,RGB,True,
ISIC_0028292.jpg,ISIC_0028292,.jpg,26750,JPEG,600,450,RGB,True,
ISIC_0028293.jpg,ISIC_0028293,.jpg,36840,JPEG,600,450,RGB,True,
ISIC_0028294.jpg,ISIC_0028294,.jpg,30840,JPEG,600,450,RGB,True,
ISIC_0028295.jpg,ISIC_0028295,.jpg,24448,JPEG,600,450,RGB,True,
ISIC_0028296.jpg,ISIC_0028296,.jpg,26181,JPEG,600,450,RGB,True,
ISIC_0028297.jpg,ISIC_0028297,.jpg,28888,JPEG,600,450,RGB,True,
ISIC_0028298.jpg,ISIC_0028298,.jpg,29810,JPEG,600,450,RGB,True,
ISIC_0028299.jpg,ISIC_0028299,.jpg,34601,JPEG,600,450,RGB,True,
ISIC_0028300.jpg,ISIC_0028300,.jpg,24582,JPEG,600,450,RGB,True,
ISIC_0028301.jpg,ISIC_0028301,.jpg,23477,JPEG,600,450,RGB,True,
ISIC_0028302.jpg,ISIC_0028302,.jpg,27093,JPEG,600,450,RGB,True,
ISIC_0028303.jpg,ISIC_0028303,.jpg,20942,JPEG,600,450,RGB,True,
ISIC_0028304.jpg,ISIC_0028304,.jpg,30973,JPEG,600,450,RGB,True,
ISIC_0028305.jpg,ISIC_0028305,.jpg,17132,JPEG,600,450,RGB,True,
ISIC_0028306.jpg,ISIC_0028306,.jpg,28880,JPEG,600,450,RGB,True,
ISIC_0028307.jpg,ISIC_0028307,.jpg,21001,JPEG,600,450,RGB,True,
ISIC_0028308.jpg,ISIC_0028308,.jpg,22130,JPEG,600,450,RGB,True,
ISIC_0028309.jpg,ISIC_0028309,.jpg,29545,JPEG,600,450,RGB,True,
ISIC_0028310.jpg,ISIC_0028310,.jpg,31765,JPEG,600,450,RGB,True,
ISIC_0028311.jpg,ISIC_0028311,.jpg,23194,JPEG,600,450,RGB,True,
ISIC_0028312.jpg,ISIC_0028312,.jpg,24117,JPEG,600,450,RGB,True,
ISIC_0028313.jpg,ISIC_0028313,.jpg,27036,JPEG,600,450,RGB,True,
ISIC_0028314.jpg,ISIC_0028314,.jpg,30902,JPEG,600,450,RGB,True,
ISIC_0028315.jpg,ISIC_0028315,.jpg,22524,JPEG,600,450,RGB,True,
ISIC_0028316.jpg,ISIC_0028316,.jpg,26738,JPEG,600,450,RGB,True,
ISIC_0028317.jpg,ISIC_0028317,.jpg,31371,JPEG,600,450,RGB,True,
ISIC_0028318.jpg,ISIC_0028318,.jpg,23260,JPEG,600,450,RGB,True,
ISIC_0028319.jpg,ISIC_0028319,.jpg,21818,JPEG,600,450,RGB,True,
ISIC_0028320.jpg,ISIC_0028320,.jpg,21544,JPEG,600,450,RGB,True,
ISIC_0028321.jpg,ISIC_0028321,.jpg,24887,JPEG,600,450,RGB,True,
ISIC_0028322.jpg,ISIC_0028322,.jpg,29517,JPEG,600,450,RGB,True,
ISIC_0028323.jpg,ISIC_0028323,.jpg,25261,JPEG,600,450,RGB,True,
ISIC_0028324.jpg,ISIC_0028324,.jpg,24523,JPEG,600,450,RGB,True,
ISIC_0028325.jpg,ISIC_0028325,.jpg,29045,JPEG,600,450,RGB,True,
ISIC_0028326.jpg,ISIC_0028326,.jpg,28070,JPEG,600,450,RGB,True,
ISIC_0028327.jpg,ISIC_0028327,.jpg,24416,JPEG,600,450,RGB,True,
ISIC_0028328.jpg,ISIC_0028328,.jpg,25382,JPEG,600,450,RGB,True,
ISIC_0028329.jpg,ISIC_0028329,.jpg,21167,JPEG,600,450,RGB,True,
ISIC_0028330.jpg,ISIC_0028330,.jpg,33301,JPEG,600,450,RGB,True,
ISIC_0028331.jpg,ISIC_0028331,.jpg,33495,JPEG,600,450,RGB,True,
ISIC_0028332.jpg,ISIC_0028332,.jpg,25065,JPEG,600,450,RGB,True,
ISIC_0028333.jpg,ISIC_0028333,.jpg,24617,JPEG,600,450,RGB,True,
ISIC_0028334.jpg,ISIC_0028334,.jpg,26856,JPEG,600,450,RGB,True,
ISIC_0028335.jpg,ISIC_0028335,.jpg,26734,JPEG,600,450,RGB,True,
ISIC_0028336.jpg,ISIC_0028336,.jpg,28212,JPEG,600,450,RGB,True,
ISIC_0028337.jpg,ISIC_0028337,.jpg,29605,JPEG,600,450,RGB,True,
ISIC_0028338.jpg,ISIC_0028338,.jpg,19865,JPEG,600,450,RGB,True,
ISIC_0028339.jpg,ISIC_0028339,.jpg,30674,JPEG,600,450,RGB,True,
ISIC_0028340.jpg,ISIC_0028340,.jpg,27086,JPEG,600,450,RGB,True,
ISIC_0028341.jpg,ISIC_0028341,.jpg,24643,JPEG,600,450,RGB,True,
ISIC_0028342.jpg,ISIC_0028342,.jpg,24419,JPEG,600,450,RGB,True,
ISIC_0028343.jpg,ISIC_0028343,.jpg,40306,JPEG,600,450,RGB,True,
ISIC_0028344.jpg,ISIC_0028344,.jpg,19328,JPEG,600,450,RGB,True,
ISIC_0028345.jpg,ISIC_0028345,.jpg,21726,JPEG,600,450,RGB,True,
ISIC_0028346.jpg,ISIC_0028346,.jpg,22711,JPEG,600,450,RGB,True,
ISIC_0028347.jpg,ISIC_0028347,.jpg,37248,JPEG,600,450,RGB,True,
ISIC_0028348.jpg,ISIC_0028348,.jpg,25957,JPEG,600,450,RGB,True,
ISIC_0028349.jpg,ISIC_0028349,.jpg,32129,JPEG,600,450,RGB,True,
ISIC_0028350.jpg,ISIC_0028350,.jpg,27538,JPEG,600,450,RGB,True,
ISIC_0028351.jpg,ISIC_0028351,.jpg,39528,JPEG,600,450,RGB,True,
ISIC_0028352.jpg,ISIC_0028352,.jpg,27954,JPEG,600,450,RGB,True,
ISIC_0028353.jpg,ISIC_0028353,.jpg,35138,JPEG,600,450,RGB,True,
ISIC_0028354.jpg,ISIC_0028354,.jpg,34816,JPEG,600,450,RGB,True,
ISIC_0028355.jpg,ISIC_0028355,.jpg,24849,JPEG,600,450,RGB,True,
ISIC_0028356.jpg,ISIC_0028356,.jpg,26827,JPEG,600,450,RGB,True,
ISIC_0028357.jpg,ISIC_0028357,.jpg,28063,JPEG,600,450,RGB,True,
ISIC_0028358.jpg,ISIC_0028358,.jpg,18725,JPEG,600,450,RGB,True,
ISIC_0028359.jpg,ISIC_0028359,.jpg,28524,JPEG,600,450,RGB,True,
ISIC_0028360.jpg,ISIC_0028360,.jpg,25986,JPEG,600,450,RGB,True,
ISIC_0028361.jpg,ISIC_0028361,.jpg,34313,JPEG,600,450,RGB,True,
ISIC_0028362.jpg,ISIC_0028362,.jpg,33068,JPEG,600,450,RGB,True,
ISIC_0028363.jpg,ISIC_0028363,.jpg,26928,JPEG,600,450,RGB,True,
ISIC_0028364.jpg,ISIC_0028364,.jpg,23884,JPEG,600,450,RGB,True,
ISIC_0028365.jpg,ISIC_0028365,.jpg,31253,JPEG,600,450,RGB,True,
ISIC_0028366.jpg,ISIC_0028366,.jpg,23489,JPEG,600,450,RGB,True,
ISIC_0028367.jpg,ISIC_0028367,.jpg,20104,JPEG,600,450,RGB,True,
ISIC_0028368.jpg,ISIC_0028368,.jpg,26242,JPEG,600,450,RGB,True,
ISIC_0028369.jpg,ISIC_0028369,.jpg,24174,JPEG,600,450,RGB,True,
ISIC_0028370.jpg,ISIC_0028370,.jpg,34447,JPEG,600,450,RGB,True,
ISIC_0028371.jpg,ISIC_0028371,.jpg,23516,JPEG,600,450,RGB,True,
ISIC_0028372.jpg,ISIC_0028372,.jpg,31352,JPEG,600,450,RGB,True,
ISIC_0028373.jpg,ISIC_0028373,.jpg,29399,JPEG,600,450,RGB,True,
ISIC_0028374.jpg,ISIC_0028374,.jpg,20689,JPEG,600,450,RGB,True,
ISIC_0028375.jpg,ISIC_0028375,.jpg,26910,JPEG,600,450,RGB,True,
ISIC_0028376.jpg,ISIC_0028376,.jpg,29321,JPEG,600,450,RGB,True,
ISIC_0028377.jpg,ISIC_0028377,.jpg,27068,JPEG,600,450,RGB,True,
ISIC_0028378.jpg,ISIC_0028378,.jpg,22909,JPEG,600,450,RGB,True,
ISIC_0028379.jpg,ISIC_0028379,.jpg,26071,JPEG,600,450,RGB,True,
ISIC_0028380.jpg,ISIC_0028380,.jpg,23108,JPEG,600,450,RGB,True,
ISIC_0028381.jpg,ISIC_0028381,.jpg,35487,JPEG,600,450,RGB,True,
ISIC_0028382.jpg,ISIC_0028382,.jpg,24339,JPEG,600,450,RGB,True,
ISIC_0028383.jpg,ISIC_0028383,.jpg,24139,JPEG,600,450,RGB,True,
ISIC_0028384.jpg,ISIC_0028384,.jpg,22815,JPEG,600,450,RGB,True,
ISIC_0028385.jpg,ISIC_0028385,.jpg,26920,JPEG,600,450,RGB,True,
ISIC_0028386.jpg,ISIC_0028386,.jpg,26072,JPEG,600,450,RGB,True,
ISIC_0028387.jpg,ISIC_0028387,.jpg,23247,JPEG,600,450,RGB,True,
ISIC_0028388.jpg,ISIC_0028388,.jpg,26077,JPEG,600,450,RGB,True,
ISIC_0028389.jpg,ISIC_0028389,.jpg,24217,JPEG,600,450,RGB,True,
ISIC_0028390.jpg,ISIC_0028390,.jpg,32377,JPEG,600,450,RGB,True,
ISIC_0028391.jpg,ISIC_0028391,.jpg,31752,JPEG,600,450,RGB,True,
ISIC_0028392.jpg,ISIC_0028392,.jpg,23944,JPEG,600,450,RGB,True,
ISIC_0028393.jpg,ISIC_0028393,.jpg,24273,JPEG,600,450,RGB,True,
ISIC_0028394.jpg,ISIC_0028394,.jpg,23895,JPEG,600,450,RGB,True,
ISIC_0028395.jpg,ISIC_0028395,.jpg,34938,JPEG,600,450,RGB,True,
ISIC_0028396.jpg,ISIC_0028396,.jpg,27628,JPEG,600,450,RGB,True,
ISIC_0028397.jpg,ISIC_0028397,.jpg,24128,JPEG,600,450,RGB,True,
ISIC_0028398.jpg,ISIC_0028398,.jpg,23857,JPEG,600,450,RGB,True,
ISIC_0028399.jpg,ISIC_0028399,.jpg,20486,JPEG,600,450,RGB,True,
ISIC_0028400.jpg,ISIC_0028400,.jpg,31628,JPEG,600,450,RGB,True,
ISIC_0028401.jpg,ISIC_0028401,.jpg,21544,JPEG,600,450,RGB,True,
ISIC_0028402.jpg,ISIC_0028402,.jpg,26076,JPEG,600,450,RGB,True,
ISIC_0028403.jpg,ISIC_0028403,.jpg,22913,JPEG,600,450,RGB,True,
ISIC_0028404.jpg,ISIC_0028404,.jpg,28685,JPEG,600,450,RGB,True,
ISIC_0028405.jpg,ISIC_0028405,.jpg,23432,JPEG,600,450,RGB,True,
ISIC_0028406.jpg,ISIC_0028406,.jpg,23545,JPEG,600,450,RGB,True,
ISIC_0028407.jpg,ISIC_0028407,.jpg,26163,JPEG,600,450,RGB,True,
ISIC_0028408.jpg,ISIC_0028408,.jpg,24127,JPEG,600,450,RGB,True,
ISIC_0028409.jpg,ISIC_0028409,.jpg,25444,JPEG,600,450,RGB,True,
ISIC_0028410.jpg,ISIC_0028410,.jpg,35190,JPEG,600,450,RGB,True,
ISIC_0028411.jpg,ISIC_0028411,.jpg,28076,JPEG,600,450,RGB,True,
ISIC_0028412.jpg,ISIC_0028412,.jpg,29375,JPEG,600,450,RGB,True,
ISIC_0028413.jpg,ISIC_0028413,.jpg,31706,JPEG,600,450,RGB,True,
ISIC_0028414.jpg,ISIC_0028414,.jpg,30502,JPEG,600,450,RGB,True,
ISIC_0028415.jpg,ISIC_0028415,.jpg,31312,JPEG,600,450,RGB,True,
ISIC_0028416.jpg,ISIC_0028416,.jpg,23390,JPEG,600,450,RGB,True,
ISIC_0028417.jpg,ISIC_0028417,.jpg,29958,JPEG,600,450,RGB,True,
ISIC_0028418.jpg,ISIC_0028418,.jpg,36013,JPEG,600,450,RGB,True,
ISIC_0028419.jpg,ISIC_0028419,.jpg,26004,JPEG,600,450,RGB,True,
ISIC_0028420.jpg,ISIC_0028420,.jpg,22288,JPEG,600,450,RGB,True,
ISIC_0028421.jpg,ISIC_0028421,.jpg,26973,JPEG,600,450,RGB,True,
ISIC_0028422.jpg,ISIC_0028422,.jpg,26325,JPEG,600,450,RGB,True,
ISIC_0028423.jpg,ISIC_0028423,.jpg,27095,JPEG,600,450,RGB,True,
ISIC_0028424.jpg,ISIC_0028424,.jpg,34217,JPEG,600,450,RGB,True,
ISIC_0028425.jpg,ISIC_0028425,.jpg,34292,JPEG,600,450,RGB,True,
ISIC_0028426.jpg,ISIC_0028426,.jpg,41415,JPEG,600,450,RGB,True,
ISIC_0028427.jpg,ISIC_0028427,.jpg,37005,JPEG,600,450,RGB,True,
ISIC_0028428.jpg,ISIC_0028428,.jpg,35917,JPEG,600,450,RGB,True,
ISIC_0028429.jpg,ISIC_0028429,.jpg,28126,JPEG,600,450,RGB,True,
ISIC_0028430.jpg,ISIC_0028430,.jpg,29144,JPEG,600,450,RGB,True,
ISIC_0028431.jpg,ISIC_0028431,.jpg,37927,JPEG,600,450,RGB,True,
ISIC_0028432.jpg,ISIC_0028432,.jpg,23589,JPEG,600,450,RGB,True,
ISIC_0028433.jpg,ISIC_0028433,.jpg,21516,JPEG,600,450,RGB,True,
ISIC_0028434.jpg,ISIC_0028434,.jpg,35661,JPEG,600,450,RGB,True,
ISIC_0028435.jpg,ISIC_0028435,.jpg,25649,JPEG,600,450,RGB,True,
ISIC_0028436.jpg,ISIC_0028436,.jpg,25088,JPEG,600,450,RGB,True,
ISIC_0028437.jpg,ISIC_0028437,.jpg,33226,JPEG,600,450,RGB,True,
ISIC_0028438.jpg,ISIC_0028438,.jpg,26201,JPEG,600,450,RGB,True,
ISIC_0028439.jpg,ISIC_0028439,.jpg,22888,JPEG,600,450,RGB,True,
ISIC_0028440.jpg,ISIC_0028440,.jpg,28904,JPEG,600,450,RGB,True,
ISIC_0028441.jpg,ISIC_0028441,.jpg,26039,JPEG,600,450,RGB,True,
ISIC_0028442.jpg,ISIC_0028442,.jpg,30287,JPEG,600,450,RGB,True,
ISIC_0028443.jpg,ISIC_0028443,.jpg,34765,JPEG,600,450,RGB,True,
ISIC_0028444.jpg,ISIC_0028444,.jpg,27951,JPEG,600,450,RGB,True,
ISIC_0028445.jpg,ISIC_0028445,.jpg,30741,JPEG,600,450,RGB,True,
ISIC_0028446.jpg,ISIC_0028446,.jpg,31324,JPEG,600,450,RGB,True,
ISIC_0028447.jpg,ISIC_0028447,.jpg,26925,JPEG,600,450,RGB,True,
ISIC_0028448.jpg,ISIC_0028448,.jpg,23927,JPEG,600,450,RGB,True,
ISIC_0028449.jpg,ISIC_0028449,.jpg,20277,JPEG,600,450,RGB,True,
ISIC_0028450.jpg,ISIC_0028450,.jpg,19027,JPEG,600,450,RGB,True,
ISIC_0028451.jpg,ISIC_0028451,.jpg,30382,JPEG,600,450,RGB,True,
ISIC_0028452.jpg,ISIC_0028452,.jpg,30881,JPEG,600,450,RGB,True,
ISIC_0028453.jpg,ISIC_0028453,.jpg,23407,JPEG,600,450,RGB,True,
ISIC_0028454.jpg,ISIC_0028454,.jpg,33234,JPEG,600,450,RGB,True,
ISIC_0028455.jpg,ISIC_0028455,.jpg,31680,JPEG,600,450,RGB,True,
ISIC_0028456.jpg,ISIC_0028456,.jpg,26863,JPEG,600,450,RGB,True,
ISIC_0028457.jpg,ISIC_0028457,.jpg,25406,JPEG,600,450,RGB,True,
ISIC_0028458.jpg,ISIC_0028458,.jpg,26095,JPEG,600,450,RGB,True,
ISIC_0028459.jpg,ISIC_0028459,.jpg,24720,JPEG,600,450,RGB,True,
ISIC_0028460.jpg,ISIC_0028460,.jpg,28164,JPEG,600,450,RGB,True,
ISIC_0028461.jpg,ISIC_0028461,.jpg,28245,JPEG,600,450,RGB,True,
ISIC_0028462.jpg,ISIC_0028462,.jpg,29451,JPEG,600,450,RGB,True,
ISIC_0028463.jpg,ISIC_0028463,.jpg,33417,JPEG,600,450,RGB,True,
ISIC_0028464.jpg,ISIC_0028464,.jpg,24125,JPEG,600,450,RGB,True,
ISIC_0028465.jpg,ISIC_0028465,.jpg,31949,JPEG,600,450,RGB,True,
ISIC_0028466.jpg,ISIC_0028466,.jpg,37003,JPEG,600,450,RGB,True,
ISIC_0028467.jpg,ISIC_0028467,.jpg,22960,JPEG,600,450,RGB,True,
ISIC_0028468.jpg,ISIC_0028468,.jpg,25373,JPEG,600,450,RGB,True,
ISIC_0028469.jpg,ISIC_0028469,.jpg,28004,JPEG,600,450,RGB,True,
ISIC_0028470.jpg,ISIC_0028470,.jpg,27114,JPEG,600,450,RGB,True,
ISIC_0028471.jpg,ISIC_0028471,.jpg,27933,JPEG,600,450,RGB,True,
ISIC_0028472.jpg,ISIC_0028472,.jpg,24560,JPEG,600,450,RGB,True,
ISIC_0028473.jpg,ISIC_0028473,.jpg,23070,JPEG,600,450,RGB,True,
ISIC_0028474.jpg,ISIC_0028474,.jpg,20168,JPEG,600,450,RGB,True,
ISIC_0028475.jpg,ISIC_0028475,.jpg,28562,JPEG,600,450,RGB,True,
ISIC_0028476.jpg,ISIC_0028476,.jpg,28353,JPEG,600,450,RGB,True,
ISIC_0028477.jpg,ISIC_0028477,.jpg,32842,JPEG,600,450,RGB,True,
ISIC_0028478.jpg,ISIC_0028478,.jpg,24141,JPEG,600,450,RGB,True,
ISIC_0028479.jpg,ISIC_0028479,.jpg,29606,JPEG,600,450,RGB,True,
ISIC_0028480.jpg,ISIC_0028480,.jpg,30401,JPEG,600,450,RGB,True,
ISIC_0028481.jpg,ISIC_0028481,.jpg,30543,JPEG,600,450,RGB,True,
ISIC_0028482.jpg,ISIC_0028482,.jpg,32509,JPEG,600,450,RGB,True,
ISIC_0028483.jpg,ISIC_0028483,.jpg,29955,JPEG,600,450,RGB,True,
ISIC_0028484.jpg,ISIC_0028484,.jpg,28402,JPEG,600,450,RGB,True,
ISIC_0028485.jpg,ISIC_0028485,.jpg,29110,JPEG,600,450,RGB,True,
ISIC_0028486.jpg,ISIC_0028486,.jpg,20629,JPEG,600,450,RGB,True,
ISIC_0028487.jpg,ISIC_0028487,.jpg,32926,JPEG,600,450,RGB,True,
ISIC_0028488.jpg,ISIC_0028488,.jpg,22263,JPEG,600,450,RGB,True,
ISIC_0028489.jpg,ISIC_0028489,.jpg,18350,JPEG,600,450,RGB,True,
ISIC_0028490.jpg,ISIC_0028490,.jpg,39661,JPEG,600,450,RGB,True,
ISIC_0028491.jpg,ISIC_0028491,.jpg,20728,JPEG,600,450,RGB,True,
ISIC_0028492.jpg,ISIC_0028492,.jpg,16687,JPEG,600,450,RGB,True,
ISIC_0028493.jpg,ISIC_0028493,.jpg,23016,JPEG,600,450,RGB,True,
ISIC_0028494.jpg,ISIC_0028494,.jpg,32025,JPEG,600,450,RGB,True,
ISIC_0028495.jpg,ISIC_0028495,.jpg,33050,JPEG,600,450,RGB,True,
ISIC_0028496.jpg,ISIC_0028496,.jpg,28160,JPEG,600,450,RGB,True,
ISIC_0028497.jpg,ISIC_0028497,.jpg,27829,JPEG,600,450,RGB,True,
ISIC_0028498.jpg,ISIC_0028498,.jpg,27422,JPEG,600,450,RGB,True,
ISIC_0028499.jpg,ISIC_0028499,.jpg,24095,JPEG,600,450,RGB,True,
ISIC_0028500.jpg,ISIC_0028500,.jpg,28992,JPEG,600,450,RGB,True,
ISIC_0028501.jpg,ISIC_0028501,.jpg,21805,JPEG,600,450,RGB,True,
ISIC_0028502.jpg,ISIC_0028502,.jpg,32896,JPEG,600,450,RGB,True,
ISIC_0028503.jpg,ISIC_0028503,.jpg,27447,JPEG,600,450,RGB,True,
ISIC_0028504.jpg,ISIC_0028504,.jpg,16722,JPEG,600,450,RGB,True,
ISIC_0028505.jpg,ISIC_0028505,.jpg,28706,JPEG,600,450,RGB,True,
ISIC_0028506.jpg,ISIC_0028506,.jpg,37096,JPEG,600,450,RGB,True,
ISIC_0028507.jpg,ISIC_0028507,.jpg,34411,JPEG,600,450,RGB,True,
ISIC_0028508.jpg,ISIC_0028508,.jpg,31346,JPEG,600,450,RGB,True,
ISIC_0028509.jpg,ISIC_0028509,.jpg,22775,JPEG,600,450,RGB,True,
ISIC_0028510.jpg,ISIC_0028510,.jpg,27182,JPEG,600,450,RGB,True,
ISIC_0028511.jpg,ISIC_0028511,.jpg,23325,JPEG,600,450,RGB,True,
ISIC_0028512.jpg,ISIC_0028512,.jpg,40855,JPEG,600,450,RGB,True,
ISIC_0028513.jpg,ISIC_0028513,.jpg,31822,JPEG,600,450,RGB,True,
ISIC_0028514.jpg,ISIC_0028514,.jpg,21876,JPEG,600,450,RGB,True,
ISIC_0028515.jpg,ISIC_0028515,.jpg,35790,JPEG,600,450,RGB,True,
ISIC_0028516.jpg,ISIC_0028516,.jpg,26063,JPEG,600,450,RGB,True,
ISIC_0028517.jpg,ISIC_0028517,.jpg,32716,JPEG,600,450,RGB,True,
ISIC_0028518.jpg,ISIC_0028518,.jpg,31611,JPEG,600,450,RGB,True,
ISIC_0028519.jpg,ISIC_0028519,.jpg,31430,JPEG,600,450,RGB,True,
ISIC_0028520.jpg,ISIC_0028520,.jpg,41457,JPEG,600,450,RGB,True,
ISIC_0028521.jpg,ISIC_0028521,.jpg,19856,JPEG,600,450,RGB,True,
ISIC_0028522.jpg,ISIC_0028522,.jpg,31261,JPEG,600,450,RGB,True,
ISIC_0028523.jpg,ISIC_0028523,.jpg,36236,JPEG,600,450,RGB,True,
ISIC_0028524.jpg,ISIC_0028524,.jpg,27048,JPEG,600,450,RGB,True,
ISIC_0028525.jpg,ISIC_0028525,.jpg,27472,JPEG,600,450,RGB,True,
ISIC_0028526.jpg,ISIC_0028526,.jpg,24516,JPEG,600,450,RGB,True,
ISIC_0028527.jpg,ISIC_0028527,.jpg,23803,JPEG,600,450,RGB,True,
ISIC_0028528.jpg,ISIC_0028528,.jpg,27709,JPEG,600,450,RGB,True,
ISIC_0028529.jpg,ISIC_0028529,.jpg,23734,JPEG,600,450,RGB,True,
ISIC_0028530.jpg,ISIC_0028530,.jpg,21073,JPEG,600,450,RGB,True,
ISIC_0028531.jpg,ISIC_0028531,.jpg,21438,JPEG,600,450,RGB,True,
ISIC_0028532.jpg,ISIC_0028532,.jpg,24727,JPEG,600,450,RGB,True,
ISIC_0028533.jpg,ISIC_0028533,.jpg,32591,JPEG,600,450,RGB,True,
ISIC_0028534.jpg,ISIC_0028534,.jpg,27742,JPEG,600,450,RGB,True,
ISIC_0028535.jpg,ISIC_0028535,.jpg,23485,JPEG,600,450,RGB,True,
ISIC_0028536.jpg,ISIC_0028536,.jpg,24970,JPEG,600,450,RGB,True,
ISIC_0028537.jpg,ISIC_0028537,.jpg,27695,JPEG,600,450,RGB,True,
ISIC_0028538.jpg,ISIC_0028538,.jpg,41141,JPEG,600,450,RGB,True,
ISIC_0028539.jpg,ISIC_0028539,.jpg,29785,JPEG,600,450,RGB,True,
ISIC_0028540.jpg,ISIC_0028540,.jpg,31836,JPEG,600,450,RGB,True,
ISIC_0028541.jpg,ISIC_0028541,.jpg,23094,JPEG,600,450,RGB,True,
ISIC_0028542.jpg,ISIC_0028542,.jpg,27825,JPEG,600,450,RGB,True,
ISIC_0028543.jpg,ISIC_0028543,.jpg,34945,JPEG,600,450,RGB,True,
ISIC_0028544.jpg,ISIC_0028544,.jpg,34853,JPEG,600,450,RGB,True,
ISIC_0028545.jpg,ISIC_0028545,.jpg,28609,JPEG,600,450,RGB,True,
ISIC_0028546.jpg,ISIC_0028546,.jpg,30472,JPEG,600,450,RGB,True,
ISIC_0028547.jpg,ISIC_0028547,.jpg,27577,JPEG,600,450,RGB,True,
ISIC_0028548.jpg,ISIC_0028548,.jpg,29164,JPEG,600,450,RGB,True,
ISIC_0028549.jpg,ISIC_0028549,.jpg,22132,JPEG,600,450,RGB,True,
ISIC_0028550.jpg,ISIC_0028550,.jpg,27760,JPEG,600,450,RGB,True,
ISIC_0028551.jpg,ISIC_0028551,.jpg,18643,JPEG,600,450,RGB,True,
ISIC_0028552.jpg,ISIC_0028552,.jpg,27064,JPEG,600,450,RGB,True,
ISIC_0028553.jpg,ISIC_0028553,.jpg,23778,JPEG,600,450,RGB,True,
ISIC_0028554.jpg,ISIC_0028554,.jpg,24596,JPEG,600,450,RGB,True,
ISIC_0028555.jpg,ISIC_0028555,.jpg,28962,JPEG,600,450,RGB,True,
ISIC_0028556.jpg,ISIC_0028556,.jpg,20925,JPEG,600,450,RGB,True,
ISIC_0028557.jpg,ISIC_0028557,.jpg,21057,JPEG,600,450,RGB,True,
ISIC_0028558.jpg,ISIC_0028558,.jpg,20816,JPEG,600,450,RGB,True,
ISIC_0028559.jpg,ISIC_0028559,.jpg,22846,JPEG,600,450,RGB,True,
ISIC_0028560.jpg,ISIC_0028560,.jpg,30655,JPEG,600,450,RGB,True,
ISIC_0028561.jpg,ISIC_0028561,.jpg,29838,JPEG,600,450,RGB,True,
ISIC_0028562.jpg,ISIC_0028562,.jpg,19255,JPEG,600,450,RGB,True,
ISIC_0028563.jpg,ISIC_0028563,.jpg,33256,JPEG,600,450,RGB,True,
ISIC_0028564.jpg,ISIC_0028564,.jpg,24995,JPEG,600,450,RGB,True,
ISIC_0028565.jpg,ISIC_0028565,.jpg,31243,JPEG,600,450,RGB,True,
ISIC_0028566.jpg,ISIC_0028566,.jpg,23344,JPEG,600,450,RGB,True,
ISIC_0028567.jpg,ISIC_0028567,.jpg,22119,JPEG,600,450,RGB,True,
ISIC_0028568.jpg,ISIC_0028568,.jpg,25020,JPEG,600,450,RGB,True,
ISIC_0028569.jpg,ISIC_0028569,.jpg,26808,JPEG,600,450,RGB,True,
ISIC_0028570.jpg,ISIC_0028570,.jpg,30565,JPEG,600,450,RGB,True,
ISIC_0028571.jpg,ISIC_0028571,.jpg,33795,JPEG,600,450,RGB,True,
ISIC_0028572.jpg,ISIC_0028572,.jpg,31057,JPEG,600,450,RGB,True,
ISIC_0028573.jpg,ISIC_0028573,.jpg,43647,JPEG,600,450,RGB,True,
ISIC_0028574.jpg,ISIC_0028574,.jpg,24630,JPEG,600,450,RGB,True,
ISIC_0028575.jpg,ISIC_0028575,.jpg,22141,JPEG,600,450,RGB,True,
ISIC_0028576.jpg,ISIC_0028576,.jpg,24473,JPEG,600,450,RGB,True,
ISIC_0028577.jpg,ISIC_0028577,.jpg,19524,JPEG,600,450,RGB,True,
ISIC_0028578.jpg,ISIC_0028578,.jpg,51104,JPEG,600,450,RGB,True,
ISIC_0028579.jpg,ISIC_0028579,.jpg,23889,JPEG,600,450,RGB,True,
ISIC_0028580.jpg,ISIC_0028580,.jpg,24403,JPEG,600,450,RGB,True,
ISIC_0028581.jpg,ISIC_0028581,.jpg,34301,JPEG,600,450,RGB,True,
ISIC_0028582.jpg,ISIC_0028582,.jpg,33887,JPEG,600,450,RGB,True,
ISIC_0028583.jpg,ISIC_0028583,.jpg,41667,JPEG,600,450,RGB,True,
ISIC_0028584.jpg,ISIC_0028584,.jpg,33711,JPEG,600,450,RGB,True,
ISIC_0028585.jpg,ISIC_0028585,.jpg,25375,JPEG,600,450,RGB,True,
ISIC_0028586.jpg,ISIC_0028586,.jpg,38357,JPEG,600,450,RGB,True,
ISIC_0028587.jpg,ISIC_0028587,.jpg,27496,JPEG,600,450,RGB,True,
ISIC_0028588.jpg,ISIC_0028588,.jpg,44008,JPEG,600,450,RGB,True,
ISIC_0028589.jpg,ISIC_0028589,.jpg,21784,JPEG,600,450,RGB,True,
ISIC_0028590.jpg,ISIC_0028590,.jpg,30572,JPEG,600,450,RGB,True,
ISIC_0028591.jpg,ISIC_0028591,.jpg,30272,JPEG,600,450,RGB,True,
ISIC_0028592.jpg,ISIC_0028592,.jpg,26846,JPEG,600,450,RGB,True,
ISIC_0028593.jpg,ISIC_0028593,.jpg,30572,JPEG,600,450,RGB,True,
ISIC_0028594.jpg,ISIC_0028594,.jpg,43771,JPEG,600,450,RGB,True,
ISIC_0028595.jpg,ISIC_0028595,.jpg,27292,JPEG,600,450,RGB,True,
ISIC_0028596.jpg,ISIC_0028596,.jpg,24201,JPEG,600,450,RGB,True,
ISIC_0028597.jpg,ISIC_0028597,.jpg,30493,JPEG,600,450,RGB,True,
ISIC_0028598.jpg,ISIC_0028598,.jpg,18456,JPEG,600,450,RGB,True,
ISIC_0028599.jpg,ISIC_0028599,.jpg,24406,JPEG,600,450,RGB,True,
ISIC_0028600.jpg,ISIC_0028600,.jpg,28318,JPEG,600,450,RGB,True,
ISIC_0028601.jpg,ISIC_0028601,.jpg,27738,JPEG,600,450,RGB,True,
ISIC_0028602.jpg,ISIC_0028602,.jpg,18533,JPEG,600,450,RGB,True,
ISIC_0028603.jpg,ISIC_0028603,.jpg,23113,JPEG,600,450,RGB,True,
ISIC_0028604.jpg,ISIC_0028604,.jpg,18541,JPEG,600,450,RGB,True,
ISIC_0028605.jpg,ISIC_0028605,.jpg,22966,JPEG,600,450,RGB,True,
ISIC_0028606.jpg,ISIC_0028606,.jpg,22837,JPEG,600,450,RGB,True,
ISIC_0028607.jpg,ISIC_0028607,.jpg,25190,JPEG,600,450,RGB,True,
ISIC_0028608.jpg,ISIC_0028608,.jpg,24398,JPEG,600,450,RGB,True,
ISIC_0028609.jpg,ISIC_0028609,.jpg,22582,JPEG,600,450,RGB,True,
ISIC_0028610.jpg,ISIC_0028610,.jpg,32538,JPEG,600,450,RGB,True,
ISIC_0028611.jpg,ISIC_0028611,.jpg,24054,JPEG,600,450,RGB,True,
ISIC_0028612.jpg,ISIC_0028612,.jpg,23798,JPEG,600,450,RGB,True,
ISIC_0028613.jpg,ISIC_0028613,.jpg,45059,JPEG,600,450,RGB,True,
ISIC_0028614.jpg,ISIC_0028614,.jpg,22026,JPEG,600,450,RGB,True,
ISIC_0028615.jpg,ISIC_0028615,.jpg,28331,JPEG,600,450,RGB,True,
ISIC_0028616.jpg,ISIC_0028616,.jpg,27045,JPEG,600,450,RGB,True,
ISIC_0028617.jpg,ISIC_0028617,.jpg,20789,JPEG,600,450,RGB,True,
ISIC_0028618.jpg,ISIC_0028618,.jpg,37056,JPEG,600,450,RGB,True,
ISIC_0028619.jpg,ISIC_0028619,.jpg,27366,JPEG,600,450,RGB,True,
ISIC_0028620.jpg,ISIC_0028620,.jpg,18155,JPEG,600,450,RGB,True,
ISIC_0028621.jpg,ISIC_0028621,.jpg,24719,JPEG,600,450,RGB,True,
ISIC_0028622.jpg,ISIC_0028622,.jpg,26306,JPEG,600,450,RGB,True,
ISIC_0028623.jpg,ISIC_0028623,.jpg,24912,JPEG,600,450,RGB,True,
ISIC_0028624.jpg,ISIC_0028624,.jpg,23423,JPEG,600,450,RGB,True,
ISIC_0028625.jpg,ISIC_0028625,.jpg,35409,JPEG,600,450,RGB,True,
ISIC_0028626.jpg,ISIC_0028626,.jpg,23460,JPEG,600,450,RGB,True,
ISIC_0028627.jpg,ISIC_0028627,.jpg,28724,JPEG,600,450,RGB,True,
ISIC_0028628.jpg,ISIC_0028628,.jpg,28510,JPEG,600,450,RGB,True,
ISIC_0028629.jpg,ISIC_0028629,.jpg,22473,JPEG,600,450,RGB,True,
ISIC_0028630.jpg,ISIC_0028630,.jpg,29888,JPEG,600,450,RGB,True,
ISIC_0028631.jpg,ISIC_0028631,.jpg,28083,JPEG,600,450,RGB,True,
ISIC_0028632.jpg,ISIC_0028632,.jpg,24813,JPEG,600,450,RGB,True,
ISIC_0028633.jpg,ISIC_0028633,.jpg,14760,JPEG,600,450,RGB,True,
ISIC_0028634.jpg,ISIC_0028634,.jpg,23250,JPEG,600,450,RGB,True,
ISIC_0028635.jpg,ISIC_0028635,.jpg,22059,JPEG,600,450,RGB,True,
ISIC_0028636.jpg,ISIC_0028636,.jpg,29574,JPEG,600,450,RGB,True,
ISIC_0028637.jpg,ISIC_0028637,.jpg,37215,JPEG,600,450,RGB,True,
ISIC_0028638.jpg,ISIC_0028638,.jpg,27124,JPEG,600,450,RGB,True,
ISIC_0028639.jpg,ISIC_0028639,.jpg,32713,JPEG,600,450,RGB,True,
ISIC_0028640.jpg,ISIC_0028640,.jpg,30924,JPEG,600,450,RGB,True,
ISIC_0028641.jpg,ISIC_0028641,.jpg,20734,JPEG,600,450,RGB,True,
ISIC_0028642.jpg,ISIC_0028642,.jpg,38012,JPEG,600,450,RGB,True,
ISIC_0028643.jpg,ISIC_0028643,.jpg,26849,JPEG,600,450,RGB,True,
ISIC_0028644.jpg,ISIC_0028644,.jpg,28781,JPEG,600,450,RGB,True,
ISIC_0028645.jpg,ISIC_0028645,.jpg,31242,JPEG,600,450,RGB,True,
ISIC_0028646.jpg,ISIC_0028646,.jpg,22557,JPEG,600,450,RGB,True,
ISIC_0028647.jpg,ISIC_0028647,.jpg,23024,JPEG,600,450,RGB,True,
ISIC_0028648.jpg,ISIC_0028648,.jpg,27745,JPEG,600,450,RGB,True,
ISIC_0028649.jpg,ISIC_0028649,.jpg,24384,JPEG,600,450,RGB,True,
ISIC_0028650.jpg,ISIC_0028650,.jpg,31184,JPEG,600,450,RGB,True,
ISIC_0028651.jpg,ISIC_0028651,.jpg,29423,JPEG,600,450,RGB,True,
ISIC_0028652.jpg,ISIC_0028652,.jpg,25532,JPEG,600,450,RGB,True,
ISIC_0028653.jpg,ISIC_0028653,.jpg,19981,JPEG,600,450,RGB,True,
ISIC_0028654.jpg,ISIC_0028654,.jpg,27474,JPEG,600,450,RGB,True,
ISIC_0028655.jpg,ISIC_0028655,.jpg,30781,JPEG,600,450,RGB,True,
ISIC_0028656.jpg,ISIC_0028656,.jpg,19897,JPEG,600,450,RGB,True,
ISIC_0028657.jpg,ISIC_0028657,.jpg,25573,JPEG,600,450,RGB,True,
ISIC_0028658.jpg,ISIC_0028658,.jpg,34066,JPEG,600,450,RGB,True,
ISIC_0028659.jpg,ISIC_0028659,.jpg,33428,JPEG,600,450,RGB,True,
ISIC_0028660.jpg,ISIC_0028660,.jpg,32937,JPEG,600,450,RGB,True,
ISIC_0028661.jpg,ISIC_0028661,.jpg,31982,JPEG,600,450,RGB,True,
ISIC_0028662.jpg,ISIC_0028662,.jpg,27042,JPEG,600,450,RGB,True,
ISIC_0028663.jpg,ISIC_0028663,.jpg,24156,JPEG,600,450,RGB,True,
ISIC_0028664.jpg,ISIC_0028664,.jpg,23576,JPEG,600,450,RGB,True,
ISIC_0028665.jpg,ISIC_0028665,.jpg,17564,JPEG,600,450,RGB,True,
ISIC_0028666.jpg,ISIC_0028666,.jpg,32263,JPEG,600,450,RGB,True,
ISIC_0028667.jpg,ISIC_0028667,.jpg,25725,JPEG,600,450,RGB,True,
ISIC_0028668.jpg,ISIC_0028668,.jpg,33865,JPEG,600,450,RGB,True,
ISIC_0028669.jpg,ISIC_0028669,.jpg,23231,JPEG,600,450,RGB,True,
ISIC_0028670.jpg,ISIC_0028670,.jpg,18976,JPEG,600,450,RGB,True,
ISIC_0028671.jpg,ISIC_0028671,.jpg,29160,JPEG,600,450,RGB,True,
ISIC_0028672.jpg,ISIC_0028672,.jpg,27714,JPEG,600,450,RGB,True,
ISIC_0028673.jpg,ISIC_0028673,.jpg,26765,JPEG,600,450,RGB,True,
ISIC_0028674.jpg,ISIC_0028674,.jpg,25182,JPEG,600,450,RGB,True,
ISIC_0028675.jpg,ISIC_0028675,.jpg,15454,JPEG,600,450,RGB,True,
ISIC_0028676.jpg,ISIC_0028676,.jpg,33800,JPEG,600,450,RGB,True,
ISIC_0028677.jpg,ISIC_0028677,.jpg,45726,JPEG,600,450,RGB,True,
ISIC_0028678.jpg,ISIC_0028678,.jpg,27516,JPEG,600,450,RGB,True,
ISIC_0028679.jpg,ISIC_0028679,.jpg,31775,JPEG,600,450,RGB,True,
ISIC_0028680.jpg,ISIC_0028680,.jpg,25645,JPEG,600,450,RGB,True,
ISIC_0028681.jpg,ISIC_0028681,.jpg,28451,JPEG,600,450,RGB,True,
ISIC_0028682.jpg,ISIC_0028682,.jpg,26201,JPEG,600,450,RGB,True,
ISIC_0028683.jpg,ISIC_0028683,.jpg,25005,JPEG,600,450,RGB,True,
ISIC_0028684.jpg,ISIC_0028684,.jpg,20825,JPEG,600,450,RGB,True,
ISIC_0028685.jpg,ISIC_0028685,.jpg,25692,JPEG,600,450,RGB,True,
ISIC_0028686.jpg,ISIC_0028686,.jpg,21271,JPEG,600,450,RGB,True,
ISIC_0028687.jpg,ISIC_0028687,.jpg,20663,JPEG,600,450,RGB,True,
ISIC_0028688.jpg,ISIC_0028688,.jpg,35272,JPEG,600,450,RGB,True,
ISIC_0028689.jpg,ISIC_0028689,.jpg,29552,JPEG,600,450,RGB,True,
ISIC_0028690.jpg,ISIC_0028690,.jpg,32244,JPEG,600,450,RGB,True,
ISIC_0028691.jpg,ISIC_0028691,.jpg,25314,JPEG,600,450,RGB,True,
ISIC_0028692.jpg,ISIC_0028692,.jpg,27400,JPEG,600,450,RGB,True,
ISIC_0028693.jpg,ISIC_0028693,.jpg,22556,JPEG,600,450,RGB,True,
ISIC_0028694.jpg,ISIC_0028694,.jpg,37216,JPEG,600,450,RGB,True,
ISIC_0028695.jpg,ISIC_0028695,.jpg,25262,JPEG,600,450,RGB,True,
ISIC_0028696.jpg,ISIC_0028696,.jpg,24695,JPEG,600,450,RGB,True,
ISIC_0028697.jpg,ISIC_0028697,.jpg,27875,JPEG,600,450,RGB,True,
ISIC_0028698.jpg,ISIC_0028698,.jpg,24201,JPEG,600,450,RGB,True,
ISIC_0028699.jpg,ISIC_0028699,.jpg,35900,JPEG,600,450,RGB,True,
ISIC_0028700.jpg,ISIC_0028700,.jpg,34067,JPEG,600,450,RGB,True,
ISIC_0028701.jpg,ISIC_0028701,.jpg,19152,JPEG,600,450,RGB,True,
ISIC_0028702.jpg,ISIC_0028702,.jpg,29401,JPEG,600,450,RGB,True,
ISIC_0028703.jpg,ISIC_0028703,.jpg,23311,JPEG,600,450,RGB,True,
ISIC_0028704.jpg,ISIC_0028704,.jpg,33018,JPEG,600,450,RGB,True,
ISIC_0028705.jpg,ISIC_0028705,.jpg,24159,JPEG,600,450,RGB,True,
ISIC_0028706.jpg,ISIC_0028706,.jpg,37517,JPEG,600,450,RGB,True,
ISIC_0028707.jpg,ISIC_0028707,.jpg,35058,JPEG,600,450,RGB,True,
ISIC_0028708.jpg,ISIC_0028708,.jpg,32400,JPEG,600,450,RGB,True,
ISIC_0028709.jpg,ISIC_0028709,.jpg,33391,JPEG,600,450,RGB,True,
ISIC_0028710.jpg,ISIC_0028710,.jpg,28371,JPEG,600,450,RGB,True,
ISIC_0028711.jpg,ISIC_0028711,.jpg,27017,JPEG,600,450,RGB,True,
ISIC_0028712.jpg,ISIC_0028712,.jpg,26352,JPEG,600,450,RGB,True,
ISIC_0028713.jpg,ISIC_0028713,.jpg,31662,JPEG,600,450,RGB,True,
ISIC_0028714.jpg,ISIC_0028714,.jpg,24354,JPEG,600,450,RGB,True,
ISIC_0028715.jpg,ISIC_0028715,.jpg,24318,JPEG,600,450,RGB,True,
ISIC_0028716.jpg,ISIC_0028716,.jpg,28101,JPEG,600,450,RGB,True,
ISIC_0028717.jpg,ISIC_0028717,.jpg,27077,JPEG,600,450,RGB,True,
ISIC_0028718.jpg,ISIC_0028718,.jpg,25612,JPEG,600,450,RGB,True,
ISIC_0028719.jpg,ISIC_0028719,.jpg,34671,JPEG,600,450,RGB,True,
ISIC_0028720.jpg,ISIC_0028720,.jpg,27678,JPEG,600,450,RGB,True,
ISIC_0028721.jpg,ISIC_0028721,.jpg,29341,JPEG,600,450,RGB,True,
ISIC_0028722.jpg,ISIC_0028722,.jpg,22848,JPEG,600,450,RGB,True,
ISIC_0028723.jpg,ISIC_0028723,.jpg,29577,JPEG,600,450,RGB,True,
ISIC_0028724.jpg,ISIC_0028724,.jpg,25756,JPEG,600,450,RGB,True,
ISIC_0028725.jpg,ISIC_0028725,.jpg,21075,JPEG,600,450,RGB,True,
ISIC_0028726.jpg,ISIC_0028726,.jpg,26702,JPEG,600,450,RGB,True,
ISIC_0028727.jpg,ISIC_0028727,.jpg,36763,JPEG,600,450,RGB,True,
ISIC_0028728.jpg,ISIC_0028728,.jpg,23975,JPEG,600,450,RGB,True,
ISIC_0028729.jpg,ISIC_0028729,.jpg,19373,JPEG,600,450,RGB,True,
ISIC_0028730.jpg,ISIC_0028730,.jpg,30605,JPEG,600,450,RGB,True,
ISIC_0028731.jpg,ISIC_0028731,.jpg,24242,JPEG,600,450,RGB,True,
ISIC_0028732.jpg,ISIC_0028732,.jpg,28084,JPEG,600,450,RGB,True,
ISIC_0028733.jpg,ISIC_0028733,.jpg,22248,JPEG,600,450,RGB,True,
ISIC_0028734.jpg,ISIC_0028734,.jpg,34306,JPEG,600,450,RGB,True,
ISIC_0028735.jpg,ISIC_0028735,.jpg,32659,JPEG,600,450,RGB,True,
ISIC_0028736.jpg,ISIC_0028736,.jpg,23108,JPEG,600,450,RGB,True,
ISIC_0028737.jpg,ISIC_0028737,.jpg,30122,JPEG,600,450,RGB,True,
ISIC_0028738.jpg,ISIC_0028738,.jpg,20645,JPEG,600,450,RGB,True,
ISIC_0028739.jpg,ISIC_0028739,.jpg,26193,JPEG,600,450,RGB,True,
ISIC_0028740.jpg,ISIC_0028740,.jpg,25359,JPEG,600,450,RGB,True,
ISIC_0028741.jpg,ISIC_0028741,.jpg,26844,JPEG,600,450,RGB,True,
ISIC_0028742.jpg,ISIC_0028742,.jpg,29608,JPEG,600,450,RGB,True,
ISIC_0028743.jpg,ISIC_0028743,.jpg,22190,JPEG,600,450,RGB,True,
ISIC_0028744.jpg,ISIC_0028744,.jpg,25938,JPEG,600,450,RGB,True,
ISIC_0028745.jpg,ISIC_0028745,.jpg,22006,JPEG,600,450,RGB,True,
ISIC_0028746.jpg,ISIC_0028746,.jpg,33794,JPEG,600,450,RGB,True,
ISIC_0028747.jpg,ISIC_0028747,.jpg,34659,JPEG,600,450,RGB,True,
ISIC_0028748.jpg,ISIC_0028748,.jpg,23598,JPEG,600,450,RGB,True,
ISIC_0028749.jpg,ISIC_0028749,.jpg,23071,JPEG,600,450,RGB,True,
ISIC_0028750.jpg,ISIC_0028750,.jpg,37575,JPEG,600,450,RGB,True,
ISIC_0028751.jpg,ISIC_0028751,.jpg,30224,JPEG,600,450,RGB,True,
ISIC_0028752.jpg,ISIC_0028752,.jpg,24151,JPEG,600,450,RGB,True,
ISIC_0028753.jpg,ISIC_0028753,.jpg,19715,JPEG,600,450,RGB,True,
ISIC_0028754.jpg,ISIC_0028754,.jpg,21312,JPEG,600,450,RGB,True,
ISIC_0028755.jpg,ISIC_0028755,.jpg,24653,JPEG,600,450,RGB,True,
ISIC_0028756.jpg,ISIC_0028756,.jpg,27817,JPEG,600,450,RGB,True,
ISIC_0028757.jpg,ISIC_0028757,.jpg,21429,JPEG,600,450,RGB,True,
ISIC_0028758.jpg,ISIC_0028758,.jpg,25547,JPEG,600,450,RGB,True,
ISIC_0028759.jpg,ISIC_0028759,.jpg,26182,JPEG,600,450,RGB,True,
ISIC_0028760.jpg,ISIC_0028760,.jpg,19242,JPEG,600,450,RGB,True,
ISIC_0028761.jpg,ISIC_0028761,.jpg,18068,JPEG,600,450,RGB,True,
ISIC_0028762.jpg,ISIC_0028762,.jpg,28589,JPEG,600,450,RGB,True,
ISIC_0028763.jpg,ISIC_0028763,.jpg,24279,JPEG,600,450,RGB,True,
ISIC_0028764.jpg,ISIC_0028764,.jpg,33984,JPEG,600,450,RGB,True,
ISIC_0028765.jpg,ISIC_0028765,.jpg,25988,JPEG,600,450,RGB,True,
ISIC_0028766.jpg,ISIC_0028766,.jpg,31166,JPEG,600,450,RGB,True,
ISIC_0028767.jpg,ISIC_0028767,.jpg,27280,JPEG,600,450,RGB,True,
ISIC_0028768.jpg,ISIC_0028768,.jpg,27486,JPEG,600,450,RGB,True,
ISIC_0028769.jpg,ISIC_0028769,.jpg,26249,JPEG,600,450,RGB,True,
ISIC_0028770.jpg,ISIC_0028770,.jpg,25930,JPEG,600,450,RGB,True,
ISIC_0028771.jpg,ISIC_0028771,.jpg,23570,JPEG,600,450,RGB,True,
ISIC_0028772.jpg,ISIC_0028772,.jpg,24034,JPEG,600,450,RGB,True,
ISIC_0028773.jpg,ISIC_0028773,.jpg,29292,JPEG,600,450,RGB,True,
ISIC_0028774.jpg,ISIC_0028774,.jpg,27732,JPEG,600,450,RGB,True,
ISIC_0028775.jpg,ISIC_0028775,.jpg,31372,JPEG,600,450,RGB,True,
ISIC_0028776.jpg,ISIC_0028776,.jpg,23543,JPEG,600,450,RGB,True,
ISIC_0028777.jpg,ISIC_0028777,.jpg,37171,JPEG,600,450,RGB,True,
ISIC_0028778.jpg,ISIC_0028778,.jpg,21105,JPEG,600,450,RGB,True,
ISIC_0028779.jpg,ISIC_0028779,.jpg,30687,JPEG,600,450,RGB,True,
ISIC_0028780.jpg,ISIC_0028780,.jpg,19094,JPEG,600,450,RGB,True,
ISIC_0028781.jpg,ISIC_0028781,.jpg,30212,JPEG,600,450,RGB,True,
ISIC_0028782.jpg,ISIC_0028782,.jpg,28082,JPEG,600,450,RGB,True,
ISIC_0028783.jpg,ISIC_0028783,.jpg,23043,JPEG,600,450,RGB,True,
ISIC_0028784.jpg,ISIC_0028784,.jpg,22717,JPEG,600,450,RGB,True,
ISIC_0028785.jpg,ISIC_0028785,.jpg,30128,JPEG,600,450,RGB,True,
ISIC_0028786.jpg,ISIC_0028786,.jpg,26779,JPEG,600,450,RGB,True,
ISIC_0028787.jpg,ISIC_0028787,.jpg,22739,JPEG,600,450,RGB,True,
ISIC_0028788.jpg,ISIC_0028788,.jpg,23356,JPEG,600,450,RGB,True,
ISIC_0028789.jpg,ISIC_0028789,.jpg,30130,JPEG,600,450,RGB,True,
ISIC_0028790.jpg,ISIC_0028790,.jpg,31823,JPEG,600,450,RGB,True,
ISIC_0028791.jpg,ISIC_0028791,.jpg,27096,JPEG,600,450,RGB,True,
ISIC_0028792.jpg,ISIC_0028792,.jpg,25384,JPEG,600,450,RGB,True,
ISIC_0028793.jpg,ISIC_0028793,.jpg,21157,JPEG,600,450,RGB,True,
ISIC_0028794.jpg,ISIC_0028794,.jpg,20720,JPEG,600,450,RGB,True,
ISIC_0028795.jpg,ISIC_0028795,.jpg,24480,JPEG,600,450,RGB,True,
ISIC_0028796.jpg,ISIC_0028796,.jpg,21413,JPEG,600,450,RGB,True,
ISIC_0028797.jpg,ISIC_0028797,.jpg,27576,JPEG,600,450,RGB,True,
ISIC_0028798.jpg,ISIC_0028798,.jpg,25007,JPEG,600,450,RGB,True,
ISIC_0028799.jpg,ISIC_0028799,.jpg,29281,JPEG,600,450,RGB,True,
ISIC_0028800.jpg,ISIC_0028800,.jpg,29672,JPEG,600,450,RGB,True,
ISIC_0028801.jpg,ISIC_0028801,.jpg,25518,JPEG,600,450,RGB,True,
ISIC_0028802.jpg,ISIC_0028802,.jpg,26714,JPEG,600,450,RGB,True,
ISIC_0028803.jpg,ISIC_0028803,.jpg,30415,JPEG,600,450,RGB,True,
ISIC_0028804.jpg,ISIC_0028804,.jpg,28677,JPEG,600,450,RGB,True,
ISIC_0028805.jpg,ISIC_0028805,.jpg,33364,JPEG,600,450,RGB,True,
ISIC_0028806.jpg,ISIC_0028806,.jpg,21549,JPEG,600,450,RGB,True,
ISIC_0028807.jpg,ISIC_0028807,.jpg,28365,JPEG,600,450,RGB,True,
ISIC_0028808.jpg,ISIC_0028808,.jpg,23525,JPEG,600,450,RGB,True,
ISIC_0028809.jpg,ISIC_0028809,.jpg,19810,JPEG,600,450,RGB,True,
ISIC_0028810.jpg,ISIC_0028810,.jpg,30147,JPEG,600,450,RGB,True,
ISIC_0028811.jpg,ISIC_0028811,.jpg,23585,JPEG,600,450,RGB,True,
ISIC_0028812.jpg,ISIC_0028812,.jpg,25818,JPEG,600,450,RGB,True,
ISIC_0028813.jpg,ISIC_0028813,.jpg,34171,JPEG,600,450,RGB,True,
ISIC_0028814.jpg,ISIC_0028814,.jpg,24322,JPEG,600,450,RGB,True,
ISIC_0028815.jpg,ISIC_0028815,.jpg,20386,JPEG,600,450,RGB,True,
ISIC_0028816.jpg,ISIC_0028816,.jpg,26869,JPEG,600,450,RGB,True,
ISIC_0028817.jpg,ISIC_0028817,.jpg,23141,JPEG,600,450,RGB,True,
ISIC_0028818.jpg,ISIC_0028818,.jpg,23387,JPEG,600,450,RGB,True,
ISIC_0028819.jpg,ISIC_0028819,.jpg,34153,JPEG,600,450,RGB,True,
ISIC_0028820.jpg,ISIC_0028820,.jpg,29530,JPEG,600,450,RGB,True,
ISIC_0028821.jpg,ISIC_0028821,.jpg,47397,JPEG,600,450,RGB,True,
ISIC_0028822.jpg,ISIC_0028822,.jpg,41643,JPEG,600,450,RGB,True,
ISIC_0028823.jpg,ISIC_0028823,.jpg,23284,JPEG,600,450,RGB,True,
ISIC_0028824.jpg,ISIC_0028824,.jpg,25601,JPEG,600,450,RGB,True,
ISIC_0028825.jpg,ISIC_0028825,.jpg,29538,JPEG,600,450,RGB,True,
ISIC_0028826.jpg,ISIC_0028826,.jpg,28686,JPEG,600,450,RGB,True,
ISIC_0028827.jpg,ISIC_0028827,.jpg,30105,JPEG,600,450,RGB,True,
ISIC_0028828.jpg,ISIC_0028828,.jpg,26558,JPEG,600,450,RGB,True,
ISIC_0028829.jpg,ISIC_0028829,.jpg,34098,JPEG,600,450,RGB,True,
ISIC_0028830.jpg,ISIC_0028830,.jpg,24970,JPEG,600,450,RGB,True,
ISIC_0028831.jpg,ISIC_0028831,.jpg,23183,JPEG,600,450,RGB,True,
ISIC_0028832.jpg,ISIC_0028832,.jpg,42436,JPEG,600,450,RGB,True,
ISIC_0028833.jpg,ISIC_0028833,.jpg,28021,JPEG,600,450,RGB,True,
ISIC_0028834.jpg,ISIC_0028834,.jpg,28371,JPEG,600,450,RGB,True,
ISIC_0028835.jpg,ISIC_0028835,.jpg,22005,JPEG,600,450,RGB,True,
ISIC_0028836.jpg,ISIC_0028836,.jpg,34300,JPEG,600,450,RGB,True,
ISIC_0028837.jpg,ISIC_0028837,.jpg,30851,JPEG,600,450,RGB,True,
ISIC_0028838.jpg,ISIC_0028838,.jpg,20835,JPEG,600,450,RGB,True,
ISIC_0028839.jpg,ISIC_0028839,.jpg,24151,JPEG,600,450,RGB,True,
ISIC_0028840.jpg,ISIC_0028840,.jpg,34954,JPEG,600,450,RGB,True,
ISIC_0028841.jpg,ISIC_0028841,.jpg,20404,JPEG,600,450,RGB,True,
ISIC_0028842.jpg,ISIC_0028842,.jpg,29522,JPEG,600,450,RGB,True,
ISIC_0028843.jpg,ISIC_0028843,.jpg,23386,JPEG,600,450,RGB,True,
ISIC_0028844.jpg,ISIC_0028844,.jpg,27046,JPEG,600,450,RGB,True,
ISIC_0028845.jpg,ISIC_0028845,.jpg,25570,JPEG,600,450,RGB,True,
ISIC_0028846.jpg,ISIC_0028846,.jpg,27388,JPEG,600,450,RGB,True,
ISIC_0028847.jpg,ISIC_0028847,.jpg,30384,JPEG,600,450,RGB,True,
ISIC_0028848.jpg,ISIC_0028848,.jpg,29354,JPEG,600,450,RGB,True,
ISIC_0028849.jpg,ISIC_0028849,.jpg,15798,JPEG,600,450,RGB,True,
ISIC_0028850.jpg,ISIC_0028850,.jpg,22850,JPEG,600,450,RGB,True,
ISIC_0028851.jpg,ISIC_0028851,.jpg,26374,JPEG,600,450,RGB,True,
ISIC_0028852.jpg,ISIC_0028852,.jpg,27472,JPEG,600,450,RGB,True,
ISIC_0028853.jpg,ISIC_0028853,.jpg,18778,JPEG,600,450,RGB,True,
ISIC_0028854.jpg,ISIC_0028854,.jpg,33579,JPEG,600,450,RGB,True,
ISIC_0028855.jpg,ISIC_0028855,.jpg,23148,JPEG,600,450,RGB,True,
ISIC_0028856.jpg,ISIC_0028856,.jpg,19441,JPEG,600,450,RGB,True,
ISIC_0028857.jpg,ISIC_0028857,.jpg,25123,JPEG,600,450,RGB,True,
ISIC_0028858.jpg,ISIC_0028858,.jpg,22507,JPEG,600,450,RGB,True,
ISIC_0028859.jpg,ISIC_0028859,.jpg,26449,JPEG,600,450,RGB,True,
ISIC_0028860.jpg,ISIC_0028860,.jpg,26077,JPEG,600,450,RGB,True,
ISIC_0028861.jpg,ISIC_0028861,.jpg,31663,JPEG,600,450,RGB,True,
ISIC_0028862.jpg,ISIC_0028862,.jpg,31038,JPEG,600,450,RGB,True,
ISIC_0028863.jpg,ISIC_0028863,.jpg,34002,JPEG,600,450,RGB,True,
ISIC_0028864.jpg,ISIC_0028864,.jpg,33996,JPEG,600,450,RGB,True,
ISIC_0028865.jpg,ISIC_0028865,.jpg,27417,JPEG,600,450,RGB,True,
ISIC_0028866.jpg,ISIC_0028866,.jpg,30891,JPEG,600,450,RGB,True,
ISIC_0028867.jpg,ISIC_0028867,.jpg,23274,JPEG,600,450,RGB,True,
ISIC_0028868.jpg,ISIC_0028868,.jpg,30544,JPEG,600,450,RGB,True,
ISIC_0028869.jpg,ISIC_0028869,.jpg,34849,JPEG,600,450,RGB,True,
ISIC_0028870.jpg,ISIC_0028870,.jpg,33127,JPEG,600,450,RGB,True,
ISIC_0028871.jpg,ISIC_0028871,.jpg,27720,JPEG,600,450,RGB,True,
ISIC_0028872.jpg,ISIC_0028872,.jpg,26839,JPEG,600,450,RGB,True,
ISIC_0028873.jpg,ISIC_0028873,.jpg,25690,JPEG,600,450,RGB,True,
ISIC_0028874.jpg,ISIC_0028874,.jpg,21952,JPEG,600,450,RGB,True,
ISIC_0028875.jpg,ISIC_0028875,.jpg,23472,JPEG,600,450,RGB,True,
ISIC_0028876.jpg,ISIC_0028876,.jpg,36341,JPEG,600,450,RGB,True,
ISIC_0028877.jpg,ISIC_0028877,.jpg,27667,JPEG,600,450,RGB,True,
ISIC_0028878.jpg,ISIC_0028878,.jpg,34079,JPEG,600,450,RGB,True,
ISIC_0028879.jpg,ISIC_0028879,.jpg,24501,JPEG,600,450,RGB,True,
ISIC_0028880.jpg,ISIC_0028880,.jpg,33404,JPEG,600,450,RGB,True,
ISIC_0028881.jpg,ISIC_0028881,.jpg,25500,JPEG,600,450,RGB,True,
ISIC_0028882.jpg,ISIC_0028882,.jpg,22064,JPEG,600,450,RGB,True,
ISIC_0028883.jpg,ISIC_0028883,.jpg,21281,JPEG,600,450,RGB,True,
ISIC_0028884.jpg,ISIC_0028884,.jpg,31676,JPEG,600,450,RGB,True,
ISIC_0028885.jpg,ISIC_0028885,.jpg,23204,JPEG,600,450,RGB,True,
ISIC_0028886.jpg,ISIC_0028886,.jpg,25392,JPEG,600,450,RGB,True,
ISIC_0028887.jpg,ISIC_0028887,.jpg,25710,JPEG,600,450,RGB,True,
ISIC_0028888.jpg,ISIC_0028888,.jpg,44406,JPEG,600,450,RGB,True,
ISIC_0028889.jpg,ISIC_0028889,.jpg,31815,JPEG,600,450,RGB,True,
ISIC_0028890.jpg,ISIC_0028890,.jpg,35119,JPEG,600,450,RGB,True,
ISIC_0028891.jpg,ISIC_0028891,.jpg,27393,JPEG,600,450,RGB,True,
ISIC_0028892.jpg,ISIC_0028892,.jpg,30764,JPEG,600,450,RGB,True,
ISIC_0028893.jpg,ISIC_0028893,.jpg,21540,JPEG,600,450,RGB,True,
ISIC_0028894.jpg,ISIC_0028894,.jpg,41221,JPEG,600,450,RGB,True,
ISIC_0028895.jpg,ISIC_0028895,.jpg,26011,JPEG,600,450,RGB,True,
ISIC_0028896.jpg,ISIC_0028896,.jpg,29391,JPEG,600,450,RGB,True,
ISIC_0028897.jpg,ISIC_0028897,.jpg,34369,JPEG,600,450,RGB,True,
ISIC_0028898.jpg,ISIC_0028898,.jpg,28849,JPEG,600,450,RGB,True,
ISIC_0028899.jpg,ISIC_0028899,.jpg,33056,JPEG,600,450,RGB,True,
ISIC_0028900.jpg,ISIC_0028900,.jpg,35220,JPEG,600,450,RGB,True,
ISIC_0028901.jpg,ISIC_0028901,.jpg,25183,JPEG,600,450,RGB,True,
ISIC_0028902.jpg,ISIC_0028902,.jpg,24609,JPEG,600,450,RGB,True,
ISIC_0028903.jpg,ISIC_0028903,.jpg,36142,JPEG,600,450,RGB,True,
ISIC_0028904.jpg,ISIC_0028904,.jpg,26057,JPEG,600,450,RGB,True,
ISIC_0028905.jpg,ISIC_0028905,.jpg,19902,JPEG,600,450,RGB,True,
ISIC_0028906.jpg,ISIC_0028906,.jpg,24212,JPEG,600,450,RGB,True,
ISIC_0028907.jpg,ISIC_0028907,.jpg,25371,JPEG,600,450,RGB,True,
ISIC_0028908.jpg,ISIC_0028908,.jpg,24037,JPEG,600,450,RGB,True,
ISIC_0028909.jpg,ISIC_0028909,.jpg,24071,JPEG,600,450,RGB,True,
ISIC_0028910.jpg,ISIC_0028910,.jpg,21264,JPEG,600,450,RGB,True,
ISIC_0028911.jpg,ISIC_0028911,.jpg,20946,JPEG,600,450,RGB,True,
ISIC_0028912.jpg,ISIC_0028912,.jpg,25210,JPEG,600,450,RGB,True,
ISIC_0028913.jpg,ISIC_0028913,.jpg,29328,JPEG,600,450,RGB,True,
ISIC_0028914.jpg,ISIC_0028914,.jpg,27188,JPEG,600,450,RGB,True,
ISIC_0028915.jpg,ISIC_0028915,.jpg,25128,JPEG,600,450,RGB,True,
ISIC_0028916.jpg,ISIC_0028916,.jpg,36765,JPEG,600,450,RGB,True,
ISIC_0028917.jpg,ISIC_0028917,.jpg,34522,JPEG,600,450,RGB,True,
ISIC_0028918.jpg,ISIC_0028918,.jpg,25542,JPEG,600,450,RGB,True,
ISIC_0028919.jpg,ISIC_0028919,.jpg,21079,JPEG,600,450,RGB,True,
ISIC_0028920.jpg,ISIC_0028920,.jpg,25600,JPEG,600,450,RGB,True,
ISIC_0028921.jpg,ISIC_0028921,.jpg,33963,JPEG,600,450,RGB,True,
ISIC_0028922.jpg,ISIC_0028922,.jpg,27985,JPEG,600,450,RGB,True,
ISIC_0028923.jpg,ISIC_0028923,.jpg,27356,JPEG,600,450,RGB,True,
ISIC_0028924.jpg,ISIC_0028924,.jpg,26728,JPEG,600,450,RGB,True,
ISIC_0028925.jpg,ISIC_0028925,.jpg,26175,JPEG,600,450,RGB,True,
ISIC_0028926.jpg,ISIC_0028926,.jpg,27797,JPEG,600,450,RGB,True,
ISIC_0028927.jpg,ISIC_0028927,.jpg,24452,JPEG,600,450,RGB,True,
ISIC_0028928.jpg,ISIC_0028928,.jpg,17469,JPEG,600,450,RGB,True,
ISIC_0028929.jpg,ISIC_0028929,.jpg,23269,JPEG,600,450,RGB,True,
ISIC_0028930.jpg,ISIC_0028930,.jpg,18263,JPEG,600,450,RGB,True,
ISIC_0028931.jpg,ISIC_0028931,.jpg,27993,JPEG,600,450,RGB,True,
ISIC_0028932.jpg,ISIC_0028932,.jpg,33479,JPEG,600,450,RGB,True,
ISIC_0028933.jpg,ISIC_0028933,.jpg,36567,JPEG,600,450,RGB,True,
ISIC_0028934.jpg,ISIC_0028934,.jpg,26202,JPEG,600,450,RGB,True,
ISIC_0028935.jpg,ISIC_0028935,.jpg,38024,JPEG,600,450,RGB,True,
ISIC_0028936.jpg,ISIC_0028936,.jpg,26699,JPEG,600,450,RGB,True,
ISIC_0028937.jpg,ISIC_0028937,.jpg,39666,JPEG,600,450,RGB,True,
ISIC_0028938.jpg,ISIC_0028938,.jpg,32519,JPEG,600,450,RGB,True,
ISIC_0028939.jpg,ISIC_0028939,.jpg,21475,JPEG,600,450,RGB,True,
ISIC_0028940.jpg,ISIC_0028940,.jpg,24243,JPEG,600,450,RGB,True,
ISIC_0028941.jpg,ISIC_0028941,.jpg,46717,JPEG,600,450,RGB,True,
ISIC_0028942.jpg,ISIC_0028942,.jpg,18408,JPEG,600,450,RGB,True,
ISIC_0028943.jpg,ISIC_0028943,.jpg,32135,JPEG,600,450,RGB,True,
ISIC_0028944.jpg,ISIC_0028944,.jpg,29236,JPEG,600,450,RGB,True,
ISIC_0028945.jpg,ISIC_0028945,.jpg,34982,JPEG,600,450,RGB,True,
ISIC_0028946.jpg,ISIC_0028946,.jpg,22618,JPEG,600,450,RGB,True,
ISIC_0028947.jpg,ISIC_0028947,.jpg,15401,JPEG,600,450,RGB,True,
ISIC_0028948.jpg,ISIC_0028948,.jpg,26338,JPEG,600,450,RGB,True,
ISIC_0028949.jpg,ISIC_0028949,.jpg,36416,JPEG,600,450,RGB,True,
ISIC_0028950.jpg,ISIC_0028950,.jpg,27449,JPEG,600,450,RGB,True,
ISIC_0028951.jpg,ISIC_0028951,.jpg,29101,JPEG,600,450,RGB,True,
ISIC_0028952.jpg,ISIC_0028952,.jpg,29974,JPEG,600,450,RGB,True,
ISIC_0028953.jpg,ISIC_0028953,.jpg,23237,JPEG,600,450,RGB,True,
ISIC_0028954.jpg,ISIC_0028954,.jpg,27035,JPEG,600,450,RGB,True,
ISIC_0028955.jpg,ISIC_0028955,.jpg,24416,JPEG,600,450,RGB,True,
ISIC_0028956.jpg,ISIC_0028956,.jpg,20787,JPEG,600,450,RGB,True,
ISIC_0028957.jpg,ISIC_0028957,.jpg,27648,JPEG,600,450,RGB,True,
ISIC_0028958.jpg,ISIC_0028958,.jpg,25423,JPEG,600,450,RGB,True,
ISIC_0028959.jpg,ISIC_0028959,.jpg,29792,JPEG,600,450,RGB,True,
ISIC_0028960.jpg,ISIC_0028960,.jpg,26383,JPEG,600,450,RGB,True,
ISIC_0028961.jpg,ISIC_0028961,.jpg,20909,JPEG,600,450,RGB,True,
ISIC_0028962.jpg,ISIC_0028962,.jpg,28364,JPEG,600,450,RGB,True,
ISIC_0028963.jpg,ISIC_0028963,.jpg,22009,JPEG,600,450,RGB,True,
ISIC_0028964.jpg,ISIC_0028964,.jpg,28109,JPEG,600,450,RGB,True,
ISIC_0028965.jpg,ISIC_0028965,.jpg,30260,JPEG,600,450,RGB,True,
ISIC_0028966.jpg,ISIC_0028966,.jpg,30887,JPEG,600,450,RGB,True,
ISIC_0028967.jpg,ISIC_0028967,.jpg,28594,JPEG,600,450,RGB,True,
ISIC_0028968.jpg,ISIC_0028968,.jpg,32991,JPEG,600,450,RGB,True,
ISIC_0028969.jpg,ISIC_0028969,.jpg,26757,JPEG,600,450,RGB,True,
ISIC_0028970.jpg,ISIC_0028970,.jpg,36020,JPEG,600,450,RGB,True,
ISIC_0028971.jpg,ISIC_0028971,.jpg,21704,JPEG,600,450,RGB,True,
ISIC_0028972.jpg,ISIC_0028972,.jpg,41391,JPEG,600,450,RGB,True,
ISIC_0028973.jpg,ISIC_0028973,.jpg,19134,JPEG,600,450,RGB,True,
ISIC_0028974.jpg,ISIC_0028974,.jpg,26701,JPEG,600,450,RGB,True,
ISIC_0028975.jpg,ISIC_0028975,.jpg,34278,JPEG,600,450,RGB,True,
ISIC_0028976.jpg,ISIC_0028976,.jpg,24875,JPEG,600,450,RGB,True,
ISIC_0028977.jpg,ISIC_0028977,.jpg,31001,JPEG,600,450,RGB,True,
ISIC_0028978.jpg,ISIC_0028978,.jpg,27389,JPEG,600,450,RGB,True,
ISIC_0028979.jpg,ISIC_0028979,.jpg,25649,JPEG,600,450,RGB,True,
ISIC_0028980.jpg,ISIC_0028980,.jpg,23461,JPEG,600,450,RGB,True,
ISIC_0028981.jpg,ISIC_0028981,.jpg,42040,JPEG,600,450,RGB,True,
ISIC_0028982.jpg,ISIC_0028982,.jpg,21603,JPEG,600,450,RGB,True,
ISIC_0028983.jpg,ISIC_0028983,.jpg,31239,JPEG,600,450,RGB,True,
ISIC_0028984.jpg,ISIC_0028984,.jpg,29777,JPEG,600,450,RGB,True,
ISIC_0028985.jpg,ISIC_0028985,.jpg,33368,JPEG,600,450,RGB,True,
ISIC_0028986.jpg,ISIC_0028986,.jpg,22904,JPEG,600,450,RGB,True,
ISIC_0028987.jpg,ISIC_0028987,.jpg,23038,JPEG,600,450,RGB,True,
ISIC_0028988.jpg,ISIC_0028988,.jpg,34026,JPEG,600,450,RGB,True,
ISIC_0028989.jpg,ISIC_0028989,.jpg,17396,JPEG,600,450,RGB,True,
ISIC_0028990.jpg,ISIC_0028990,.jpg,31297,JPEG,600,450,RGB,True,
ISIC_0028991.jpg,ISIC_0028991,.jpg,25749,JPEG,600,450,RGB,True,
ISIC_0028992.jpg,ISIC_0028992,.jpg,27040,JPEG,600,450,RGB,True,
ISIC_0028993.jpg,ISIC_0028993,.jpg,20149,JPEG,600,450,RGB,True,
ISIC_0028994.jpg,ISIC_0028994,.jpg,36662,JPEG,600,450,RGB,True,
ISIC_0028995.jpg,ISIC_0028995,.jpg,20913,JPEG,600,450,RGB,True,
ISIC_0028996.jpg,ISIC_0028996,.jpg,26909,JPEG,600,450,RGB,True,
ISIC_0028997.jpg,ISIC_0028997,.jpg,40545,JPEG,600,450,RGB,True,
ISIC_0028998.jpg,ISIC_0028998,.jpg,32991,JPEG,600,450,RGB,True,
ISIC_0028999.jpg,ISIC_0028999,.jpg,37159,JPEG,600,450,RGB,True,
ISIC_0029000.jpg,ISIC_0029000,.jpg,32079,JPEG,600,450,RGB,True,
ISIC_0029001.jpg,ISIC_0029001,.jpg,21927,JPEG,600,450,RGB,True,
ISIC_0029002.jpg,ISIC_0029002,.jpg,30831,JPEG,600,450,RGB,True,
ISIC_0029003.jpg,ISIC_0029003,.jpg,22390,JPEG,600,450,RGB,True,
ISIC_0029004.jpg,ISIC_0029004,.jpg,22729,JPEG,600,450,RGB,True,
ISIC_0029005.jpg,ISIC_0029005,.jpg,22544,JPEG,600,450,RGB,True,
ISIC_0029006.jpg,ISIC_0029006,.jpg,21738,JPEG,600,450,RGB,True,
ISIC_0029007.jpg,ISIC_0029007,.jpg,29936,JPEG,600,450,RGB,True,
ISIC_0029008.jpg,ISIC_0029008,.jpg,28771,JPEG,600,450,RGB,True,
ISIC_0029009.jpg,ISIC_0029009,.jpg,27715,JPEG,600,450,RGB,True,
ISIC_0029010.jpg,ISIC_0029010,.jpg,32342,JPEG,600,450,RGB,True,
ISIC_0029011.jpg,ISIC_0029011,.jpg,27466,JPEG,600,450,RGB,True,
ISIC_0029012.jpg,ISIC_0029012,.jpg,28757,JPEG,600,450,RGB,True,
ISIC_0029013.jpg,ISIC_0029013,.jpg,26281,JPEG,600,450,RGB,True,
ISIC_0029014.jpg,ISIC_0029014,.jpg,29241,JPEG,600,450,RGB,True,
ISIC_0029015.jpg,ISIC_0029015,.jpg,27042,JPEG,600,450,RGB,True,
ISIC_0029016.jpg,ISIC_0029016,.jpg,24865,JPEG,600,450,RGB,True,
ISIC_0029017.jpg,ISIC_0029017,.jpg,33634,JPEG,600,450,RGB,True,
ISIC_0029018.jpg,ISIC_0029018,.jpg,19954,JPEG,600,450,RGB,True,
ISIC_0029019.jpg,ISIC_0029019,.jpg,31903,JPEG,600,450,RGB,True,
ISIC_0029020.jpg,ISIC_0029020,.jpg,28645,JPEG,600,450,RGB,True,
ISIC_0029021.jpg,ISIC_0029021,.jpg,35857,JPEG,600,450,RGB,True,
ISIC_0029022.jpg,ISIC_0029022,.jpg,30619,JPEG,600,450,RGB,True,
ISIC_0029023.jpg,ISIC_0029023,.jpg,30680,JPEG,600,450,RGB,True,
ISIC_0029024.jpg,ISIC_0029024,.jpg,25305,JPEG,600,450,RGB,True,
ISIC_0029025.jpg,ISIC_0029025,.jpg,29741,JPEG,600,450,RGB,True,
ISIC_0029026.jpg,ISIC_0029026,.jpg,30513,JPEG,600,450,RGB,True,
ISIC_0029027.jpg,ISIC_0029027,.jpg,29332,JPEG,600,450,RGB,True,
ISIC_0029028.jpg,ISIC_0029028,.jpg,30550,JPEG,600,450,RGB,True,
ISIC_0029029.jpg,ISIC_0029029,.jpg,22655,JPEG,600,450,RGB,True,
ISIC_0029030.jpg,ISIC_0029030,.jpg,28020,JPEG,600,450,RGB,True,
ISIC_0029031.jpg,ISIC_0029031,.jpg,34506,JPEG,600,450,RGB,True,
ISIC_0029032.jpg,ISIC_0029032,.jpg,24703,JPEG,600,450,RGB,True,
ISIC_0029033.jpg,ISIC_0029033,.jpg,21748,JPEG,600,450,RGB,True,
ISIC_0029034.jpg,ISIC_0029034,.jpg,33372,JPEG,600,450,RGB,True,
ISIC_0029035.jpg,ISIC_0029035,.jpg,26921,JPEG,600,450,RGB,True,
ISIC_0029036.jpg,ISIC_0029036,.jpg,32928,JPEG,600,450,RGB,True,
ISIC_0029037.jpg,ISIC_0029037,.jpg,26197,JPEG,600,450,RGB,True,
ISIC_0029038.jpg,ISIC_0029038,.jpg,39115,JPEG,600,450,RGB,True,
ISIC_0029039.jpg,ISIC_0029039,.jpg,16807,JPEG,600,450,RGB,True,
ISIC_0029040.jpg,ISIC_0029040,.jpg,23375,JPEG,600,450,RGB,True,
ISIC_0029041.jpg,ISIC_0029041,.jpg,32916,JPEG,600,450,RGB,True,
ISIC_0029042.jpg,ISIC_0029042,.jpg,26395,JPEG,600,450,RGB,True,
ISIC_0029043.jpg,ISIC_0029043,.jpg,24653,JPEG,600,450,RGB,True,
ISIC_0029044.jpg,ISIC_0029044,.jpg,28011,JPEG,600,450,RGB,True,
ISIC_0029045.jpg,ISIC_0029045,.jpg,29374,JPEG,600,450,RGB,True,
ISIC_0029046.jpg,ISIC_0029046,.jpg,25868,JPEG,600,450,RGB,True,
ISIC_0029047.jpg,ISIC_0029047,.jpg,24671,JPEG,600,450,RGB,True,
ISIC_0029048.jpg,ISIC_0029048,.jpg,30110,JPEG,600,450,RGB,True,
ISIC_0029049.jpg,ISIC_0029049,.jpg,20662,JPEG,600,450,RGB,True,
ISIC_0029050.jpg,ISIC_0029050,.jpg,25385,JPEG,600,450,RGB,True,
ISIC_0029051.jpg,ISIC_0029051,.jpg,51261,JPEG,600,450,RGB,True,
ISIC_0029052.jpg,ISIC_0029052,.jpg,24989,JPEG,600,450,RGB,True,
ISIC_0029053.jpg,ISIC_0029053,.jpg,31618,JPEG,600,450,RGB,True,
ISIC_0029054.jpg,ISIC_0029054,.jpg,26015,JPEG,600,450,RGB,True,
ISIC_0029055.jpg,ISIC_0029055,.jpg,24444,JPEG,600,450,RGB,True,
ISIC_0029056.jpg,ISIC_0029056,.jpg,22592,JPEG,600,450,RGB,True,
ISIC_0029057.jpg,ISIC_0029057,.jpg,21480,JPEG,600,450,RGB,True,
ISIC_0029058.jpg,ISIC_0029058,.jpg,24275,JPEG,600,450,RGB,True,
ISIC_0029059.jpg,ISIC_0029059,.jpg,22893,JPEG,600,450,RGB,True,
ISIC_0029060.jpg,ISIC_0029060,.jpg,25085,JPEG,600,450,RGB,True,
ISIC_0029061.jpg,ISIC_0029061,.jpg,31686,JPEG,600,450,RGB,True,
ISIC_0029062.jpg,ISIC_0029062,.jpg,29639,JPEG,600,450,RGB,True,
ISIC_0029063.jpg,ISIC_0029063,.jpg,26577,JPEG,600,450,RGB,True,
ISIC_0029064.jpg,ISIC_0029064,.jpg,23370,JPEG,600,450,RGB,True,
ISIC_0029065.jpg,ISIC_0029065,.jpg,25156,JPEG,600,450,RGB,True,
ISIC_0029066.jpg,ISIC_0029066,.jpg,24986,JPEG,600,450,RGB,True,
ISIC_0029067.jpg,ISIC_0029067,.jpg,29785,JPEG,600,450,RGB,True,
ISIC_0029068.jpg,ISIC_0029068,.jpg,25755,JPEG,600,450,RGB,True,
ISIC_0029069.jpg,ISIC_0029069,.jpg,25537,JPEG,600,450,RGB,True,
ISIC_0029070.jpg,ISIC_0029070,.jpg,39498,JPEG,600,450,RGB,True,
ISIC_0029071.jpg,ISIC_0029071,.jpg,23483,JPEG,600,450,RGB,True,
ISIC_0029072.jpg,ISIC_0029072,.jpg,25005,JPEG,600,450,RGB,True,
ISIC_0029073.jpg,ISIC_0029073,.jpg,23453,JPEG,600,450,RGB,True,
ISIC_0029074.jpg,ISIC_0029074,.jpg,24302,JPEG,600,450,RGB,True,
ISIC_0029075.jpg,ISIC_0029075,.jpg,26034,JPEG,600,450,RGB,True,
ISIC_0029076.jpg,ISIC_0029076,.jpg,24703,JPEG,600,450,RGB,True,
ISIC_0029077.jpg,ISIC_0029077,.jpg,24736,JPEG,600,450,RGB,True,
ISIC_0029078.jpg,ISIC_0029078,.jpg,25519,JPEG,600,450,RGB,True,
ISIC_0029079.jpg,ISIC_0029079,.jpg,19515,JPEG,600,450,RGB,True,
ISIC_0029080.jpg,ISIC_0029080,.jpg,24443,JPEG,600,450,RGB,True,
ISIC_0029081.jpg,ISIC_0029081,.jpg,34759,JPEG,600,450,RGB,True,
ISIC_0029082.jpg,ISIC_0029082,.jpg,20274,JPEG,600,450,RGB,True,
ISIC_0029083.jpg,ISIC_0029083,.jpg,23862,JPEG,600,450,RGB,True,
ISIC_0029084.jpg,ISIC_0029084,.jpg,23070,JPEG,600,450,RGB,True,
ISIC_0029085.jpg,ISIC_0029085,.jpg,29248,JPEG,600,450,RGB,True,
ISIC_0029086.jpg,ISIC_0029086,.jpg,23180,JPEG,600,450,RGB,True,
ISIC_0029087.jpg,ISIC_0029087,.jpg,20553,JPEG,600,450,RGB,True,
ISIC_0029088.jpg,ISIC_0029088,.jpg,23688,JPEG,600,450,RGB,True,
ISIC_0029089.jpg,ISIC_0029089,.jpg,32217,JPEG,600,450,RGB,True,
ISIC_0029090.jpg,ISIC_0029090,.jpg,29277,JPEG,600,450,RGB,True,
ISIC_0029091.jpg,ISIC_0029091,.jpg,36705,JPEG,600,450,RGB,True,
ISIC_0029092.jpg,ISIC_0029092,.jpg,30535,JPEG,600,450,RGB,True,
ISIC_0029093.jpg,ISIC_0029093,.jpg,34644,JPEG,600,450,RGB,True,
ISIC_0029094.jpg,ISIC_0029094,.jpg,37925,JPEG,600,450,RGB,True,
ISIC_0029095.jpg,ISIC_0029095,.jpg,27955,JPEG,600,450,RGB,True,
ISIC_0029096.jpg,ISIC_0029096,.jpg,22884,JPEG,600,450,RGB,True,
ISIC_0029097.jpg,ISIC_0029097,.jpg,31386,JPEG,600,450,RGB,True,
ISIC_0029098.jpg,ISIC_0029098,.jpg,18108,JPEG,600,450,RGB,True,
ISIC_0029099.jpg,ISIC_0029099,.jpg,25115,JPEG,600,450,RGB,True,
ISIC_0029100.jpg,ISIC_0029100,.jpg,28787,JPEG,600,450,RGB,True,
ISIC_0029101.jpg,ISIC_0029101,.jpg,30064,JPEG,600,450,RGB,True,
ISIC_0029102.jpg,ISIC_0029102,.jpg,32032,JPEG,600,450,RGB,True,
ISIC_0029103.jpg,ISIC_0029103,.jpg,20232,JPEG,600,450,RGB,True,
ISIC_0029104.jpg,ISIC_0029104,.jpg,23043,JPEG,600,450,RGB,True,
ISIC_0029105.jpg,ISIC_0029105,.jpg,42183,JPEG,600,450,RGB,True,
ISIC_0029106.jpg,ISIC_0029106,.jpg,21272,JPEG,600,450,RGB,True,
ISIC_0029107.jpg,ISIC_0029107,.jpg,30088,JPEG,600,450,RGB,True,
ISIC_0029108.jpg,ISIC_0029108,.jpg,24075,JPEG,600,450,RGB,True,
ISIC_0029109.jpg,ISIC_0029109,.jpg,31759,JPEG,600,450,RGB,True,
ISIC_0029110.jpg,ISIC_0029110,.jpg,26759,JPEG,600,450,RGB,True,
ISIC_0029111.jpg,ISIC_0029111,.jpg,26094,JPEG,600,450,RGB,True,
ISIC_0029112.jpg,ISIC_0029112,.jpg,26763,JPEG,600,450,RGB,True,
ISIC_0029113.jpg,ISIC_0029113,.jpg,23832,JPEG,600,450,RGB,True,
ISIC_0029114.jpg,ISIC_0029114,.jpg,21105,JPEG,600,450,RGB,True,
ISIC_0029115.jpg,ISIC_0029115,.jpg,29716,JPEG,600,450,RGB,True,
ISIC_0029116.jpg,ISIC_0029116,.jpg,22481,JPEG,600,450,RGB,True,
ISIC_0029117.jpg,ISIC_0029117,.jpg,24229,JPEG,600,450,RGB,True,
ISIC_0029118.jpg,ISIC_0029118,.jpg,31671,JPEG,600,450,RGB,True,
ISIC_0029119.jpg,ISIC_0029119,.jpg,26222,JPEG,600,450,RGB,True,
ISIC_0029120.jpg,ISIC_0029120,.jpg,31907,JPEG,600,450,RGB,True,
ISIC_0029121.jpg,ISIC_0029121,.jpg,32432,JPEG,600,450,RGB,True,
ISIC_0029122.jpg,ISIC_0029122,.jpg,25285,JPEG,600,450,RGB,True,
ISIC_0029123.jpg,ISIC_0029123,.jpg,31480,JPEG,600,450,RGB,True,
ISIC_0029124.jpg,ISIC_0029124,.jpg,18211,JPEG,600,450,RGB,True,
ISIC_0029125.jpg,ISIC_0029125,.jpg,25834,JPEG,600,450,RGB,True,
ISIC_0029126.jpg,ISIC_0029126,.jpg,27213,JPEG,600,450,RGB,True,
ISIC_0029127.jpg,ISIC_0029127,.jpg,35069,JPEG,600,450,RGB,True,
ISIC_0029128.jpg,ISIC_0029128,.jpg,26262,JPEG,600,450,RGB,True,
ISIC_0029129.jpg,ISIC_0029129,.jpg,28432,JPEG,600,450,RGB,True,
ISIC_0029130.jpg,ISIC_0029130,.jpg,27340,JPEG,600,450,RGB,True,
ISIC_0029131.jpg,ISIC_0029131,.jpg,42587,JPEG,600,450,RGB,True,
ISIC_0029132.jpg,ISIC_0029132,.jpg,35706,JPEG,600,450,RGB,True,
ISIC_0029133.jpg,ISIC_0029133,.jpg,36206,JPEG,600,450,RGB,True,
ISIC_0029134.jpg,ISIC_0029134,.jpg,24500,JPEG,600,450,RGB,True,
ISIC_0029135.jpg,ISIC_0029135,.jpg,23461,JPEG,600,450,RGB,True,
ISIC_0029136.jpg,ISIC_0029136,.jpg,25540,JPEG,600,450,RGB,True,
ISIC_0029137.jpg,ISIC_0029137,.jpg,20106,JPEG,600,450,RGB,True,
ISIC_0029138.jpg,ISIC_0029138,.jpg,21821,JPEG,600,450,RGB,True,
ISIC_0029139.jpg,ISIC_0029139,.jpg,29585,JPEG,600,450,RGB,True,
ISIC_0029140.jpg,ISIC_0029140,.jpg,29258,JPEG,600,450,RGB,True,
ISIC_0029141.jpg,ISIC_0029141,.jpg,25693,JPEG,600,450,RGB,True,
ISIC_0029142.jpg,ISIC_0029142,.jpg,31539,JPEG,600,450,RGB,True,
ISIC_0029143.jpg,ISIC_0029143,.jpg,24915,JPEG,600,450,RGB,True,
ISIC_0029144.jpg,ISIC_0029144,.jpg,20059,JPEG,600,450,RGB,True,
ISIC_0029145.jpg,ISIC_0029145,.jpg,29459,JPEG,600,450,RGB,True,
ISIC_0029146.jpg,ISIC_0029146,.jpg,32279,JPEG,600,450,RGB,True,
ISIC_0029147.jpg,ISIC_0029147,.jpg,19934,JPEG,600,450,RGB,True,
ISIC_0029148.jpg,ISIC_0029148,.jpg,26307,JPEG,600,450,RGB,True,
ISIC_0029149.jpg,ISIC_0029149,.jpg,33131,JPEG,600,450,RGB,True,
ISIC_0029150.jpg,ISIC_0029150,.jpg,20420,JPEG,600,450,RGB,True,
ISIC_0029151.jpg,ISIC_0029151,.jpg,23818,JPEG,600,450,RGB,True,
ISIC_0029152.jpg,ISIC_0029152,.jpg,19662,JPEG,600,450,RGB,True,
ISIC_0029153.jpg,ISIC_0029153,.jpg,44904,JPEG,600,450,RGB,True,
ISIC_0029154.jpg,ISIC_0029154,.jpg,25089,JPEG,600,450,RGB,True,
ISIC_0029155.jpg,ISIC_0029155,.jpg,27014,JPEG,600,450,RGB,True,
ISIC_0029156.jpg,ISIC_0029156,.jpg,20130,JPEG,600,450,RGB,True,
ISIC_0029157.jpg,ISIC_0029157,.jpg,35757,JPEG,600,450,RGB,True,
ISIC_0029158.jpg,ISIC_0029158,.jpg,20412,JPEG,600,450,RGB,True,
ISIC_0029159.jpg,ISIC_0029159,.jpg,21590,JPEG,600,450,RGB,True,
ISIC_0029160.jpg,ISIC_0029160,.jpg,21906,JPEG,600,450,RGB,True,
ISIC_0029161.jpg,ISIC_0029161,.jpg,28243,JPEG,600,450,RGB,True,
ISIC_0029162.jpg,ISIC_0029162,.jpg,28662,JPEG,600,450,RGB,True,
ISIC_0029163.jpg,ISIC_0029163,.jpg,30490,JPEG,600,450,RGB,True,
ISIC_0029164.jpg,ISIC_0029164,.jpg,27650,JPEG,600,450,RGB,True,
ISIC_0029165.jpg,ISIC_0029165,.jpg,25511,JPEG,600,450,RGB,True,
ISIC_0029166.jpg,ISIC_0029166,.jpg,28837,JPEG,600,450,RGB,True,
ISIC_0029167.jpg,ISIC_0029167,.jpg,23489,JPEG,600,450,RGB,True,
ISIC_0029168.jpg,ISIC_0029168,.jpg,24651,JPEG,600,450,RGB,True,
ISIC_0029169.jpg,ISIC_0029169,.jpg,18124,JPEG,600,450,RGB,True,
ISIC_0029170.jpg,ISIC_0029170,.jpg,25363,JPEG,600,450,RGB,True,
ISIC_0029171.jpg,ISIC_0029171,.jpg,27264,JPEG,600,450,RGB,True,
ISIC_0029172.jpg,ISIC_0029172,.jpg,29499,JPEG,600,450,RGB,True,
ISIC_0029173.jpg,ISIC_0029173,.jpg,23582,JPEG,600,450,RGB,True,
ISIC_0029174.jpg,ISIC_0029174,.jpg,31306,JPEG,600,450,RGB,True,
ISIC_0029175.jpg,ISIC_0029175,.jpg,21378,JPEG,600,450,RGB,True,
ISIC_0029176.jpg,ISIC_0029176,.jpg,21223,JPEG,600,450,RGB,True,
ISIC_0029177.jpg,ISIC_0029177,.jpg,28036,JPEG,600,450,RGB,True,
ISIC_0029178.jpg,ISIC_0029178,.jpg,23315,JPEG,600,450,RGB,True,
ISIC_0029179.jpg,ISIC_0029179,.jpg,29126,JPEG,600,450,RGB,True,
ISIC_0029180.jpg,ISIC_0029180,.jpg,24705,JPEG,600,450,RGB,True,
ISIC_0029181.jpg,ISIC_0029181,.jpg,21632,JPEG,600,450,RGB,True,
ISIC_0029182.jpg,ISIC_0029182,.jpg,26408,JPEG,600,450,RGB,True,
ISIC_0029183.jpg,ISIC_0029183,.jpg,16545,JPEG,600,450,RGB,True,
ISIC_0029184.jpg,ISIC_0029184,.jpg,30506,JPEG,600,450,RGB,True,
ISIC_0029185.jpg,ISIC_0029185,.jpg,23226,JPEG,600,450,RGB,True,
ISIC_0029186.jpg,ISIC_0029186,.jpg,33160,JPEG,600,450,RGB,True,
ISIC_0029187.jpg,ISIC_0029187,.jpg,19192,JPEG,600,450,RGB,True,
ISIC_0029188.jpg,ISIC_0029188,.jpg,23917,JPEG,600,450,RGB,True,
ISIC_0029189.jpg,ISIC_0029189,.jpg,23418,JPEG,600,450,RGB,True,
ISIC_0029190.jpg,ISIC_0029190,.jpg,29406,JPEG,600,450,RGB,True,
ISIC_0029191.jpg,ISIC_0029191,.jpg,19819,JPEG,600,450,RGB,True,
ISIC_0029192.jpg,ISIC_0029192,.jpg,26778,JPEG,600,450,RGB,True,
ISIC_0029193.jpg,ISIC_0029193,.jpg,36850,JPEG,600,450,RGB,True,
ISIC_0029194.jpg,ISIC_0029194,.jpg,24213,JPEG,600,450,RGB,True,
ISIC_0029195.jpg,ISIC_0029195,.jpg,27984,JPEG,600,450,RGB,True,
ISIC_0029196.jpg,ISIC_0029196,.jpg,25493,JPEG,600,450,RGB,True,
ISIC_0029197.jpg,ISIC_0029197,.jpg,19743,JPEG,600,450,RGB,True,
ISIC_0029198.jpg,ISIC_0029198,.jpg,26060,JPEG,600,450,RGB,True,
ISIC_0029199.jpg,ISIC_0029199,.jpg,30072,JPEG,600,450,RGB,True,
ISIC_0029200.jpg,ISIC_0029200,.jpg,26030,JPEG,600,450,RGB,True,
ISIC_0029201.jpg,ISIC_0029201,.jpg,26371,JPEG,600,450,RGB,True,
ISIC_0029202.jpg,ISIC_0029202,.jpg,27019,JPEG,600,450,RGB,True,
ISIC_0029203.jpg,ISIC_0029203,.jpg,20586,JPEG,600,450,RGB,True,
ISIC_0029204.jpg,ISIC_0029204,.jpg,26398,JPEG,600,450,RGB,True,
ISIC_0029205.jpg,ISIC_0029205,.jpg,22552,JPEG,600,450,RGB,True,
ISIC_0029206.jpg,ISIC_0029206,.jpg,30371,JPEG,600,450,RGB,True,
ISIC_0029207.jpg,ISIC_0029207,.jpg,23266,JPEG,600,450,RGB,True,
ISIC_0029208.jpg,ISIC_0029208,.jpg,23771,JPEG,600,450,RGB,True,
ISIC_0029209.jpg,ISIC_0029209,.jpg,33287,JPEG,600,450,RGB,True,
ISIC_0029210.jpg,ISIC_0029210,.jpg,32510,JPEG,600,450,RGB,True,
ISIC_0029211.jpg,ISIC_0029211,.jpg,35776,JPEG,600,450,RGB,True,
ISIC_0029212.jpg,ISIC_0029212,.jpg,37419,JPEG,600,450,RGB,True,
ISIC_0029213.jpg,ISIC_0029213,.jpg,33532,JPEG,600,450,RGB,True,
ISIC_0029214.jpg,ISIC_0029214,.jpg,22127,JPEG,600,450,RGB,True,
ISIC_0029215.jpg,ISIC_0029215,.jpg,35216,JPEG,600,450,RGB,True,
ISIC_0029216.jpg,ISIC_0029216,.jpg,27476,JPEG,600,450,RGB,True,
ISIC_0029217.jpg,ISIC_0029217,.jpg,26521,JPEG,600,450,RGB,True,
ISIC_0029218.jpg,ISIC_0029218,.jpg,22221,JPEG,600,450,RGB,True,
ISIC_0029219.jpg,ISIC_0029219,.jpg,24929,JPEG,600,450,RGB,True,
ISIC_0029220.jpg,ISIC_0029220,.jpg,23492,JPEG,600,450,RGB,True,
ISIC_0029221.jpg,ISIC_0029221,.jpg,28883,JPEG,600,450,RGB,True,
ISIC_0029222.jpg,ISIC_0029222,.jpg,35352,JPEG,600,450,RGB,True,
ISIC_0029223.jpg,ISIC_0029223,.jpg,25099,JPEG,600,450,RGB,True,
ISIC_0029224.jpg,ISIC_0029224,.jpg,27661,JPEG,600,450,RGB,True,
ISIC_0029225.jpg,ISIC_0029225,.jpg,33845,JPEG,600,450,RGB,True,
ISIC_0029226.jpg,ISIC_0029226,.jpg,32245,JPEG,600,450,RGB,True,
ISIC_0029227.jpg,ISIC_0029227,.jpg,34764,JPEG,600,450,RGB,True,
ISIC_0029228.jpg,ISIC_0029228,.jpg,23201,JPEG,600,450,RGB,True,
ISIC_0029229.jpg,ISIC_0029229,.jpg,26879,JPEG,600,450,RGB,True,
ISIC_0029230.jpg,ISIC_0029230,.jpg,17792,JPEG,600,450,RGB,True,
ISIC_0029231.jpg,ISIC_0029231,.jpg,27492,JPEG,600,450,RGB,True,
ISIC_0029232.jpg,ISIC_0029232,.jpg,29113,JPEG,600,450,RGB,True,
ISIC_0029233.jpg,ISIC_0029233,.jpg,25429,JPEG,600,450,RGB,True,
ISIC_0029234.jpg,ISIC_0029234,.jpg,33765,JPEG,600,450,RGB,True,
ISIC_0029235.jpg,ISIC_0029235,.jpg,28815,JPEG,600,450,RGB,True,
ISIC_0029236.jpg,ISIC_0029236,.jpg,26788,JPEG,600,450,RGB,True,
ISIC_0029237.jpg,ISIC_0029237,.jpg,18237,JPEG,600,450,RGB,True,
ISIC_0029238.jpg,ISIC_0029238,.jpg,28589,JPEG,600,450,RGB,True,
ISIC_0029239.jpg,ISIC_0029239,.jpg,36874,JPEG,600,450,RGB,True,
ISIC_0029240.jpg,ISIC_0029240,.jpg,22307,JPEG,600,450,RGB,True,
ISIC_0029241.jpg,ISIC_0029241,.jpg,52801,JPEG,600,450,RGB,True,
ISIC_0029242.jpg,ISIC_0029242,.jpg,23343,JPEG,600,450,RGB,True,
ISIC_0029243.jpg,ISIC_0029243,.jpg,31882,JPEG,600,450,RGB,True,
ISIC_0029244.jpg,ISIC_0029244,.jpg,24162,JPEG,600,450,RGB,True,
ISIC_0029245.jpg,ISIC_0029245,.jpg,23734,JPEG,600,450,RGB,True,
ISIC_0029246.jpg,ISIC_0029246,.jpg,25053,JPEG,600,450,RGB,True,
ISIC_0029247.jpg,ISIC_0029247,.jpg,27495,JPEG,600,450,RGB,True,
ISIC_0029248.jpg,ISIC_0029248,.jpg,33575,JPEG,600,450,RGB,True,
ISIC_0029249.jpg,ISIC_0029249,.jpg,31392,JPEG,600,450,RGB,True,
ISIC_0029250.jpg,ISIC_0029250,.jpg,22269,JPEG,600,450,RGB,True,
ISIC_0029251.jpg,ISIC_0029251,.jpg,31253,JPEG,600,450,RGB,True,
ISIC_0029252.jpg,ISIC_0029252,.jpg,20534,JPEG,600,450,RGB,True,
ISIC_0029253.jpg,ISIC_0029253,.jpg,23428,JPEG,600,450,RGB,True,
ISIC_0029254.jpg,ISIC_0029254,.jpg,28133,JPEG,600,450,RGB,True,
ISIC_0029255.jpg,ISIC_0029255,.jpg,23191,JPEG,600,450,RGB,True,
ISIC_0029256.jpg,ISIC_0029256,.jpg,27112,JPEG,600,450,RGB,True,
ISIC_0029257.jpg,ISIC_0029257,.jpg,32758,JPEG,600,450,RGB,True,
ISIC_0029258.jpg,ISIC_0029258,.jpg,32097,JPEG,600,450,RGB,True,
ISIC_0029259.jpg,ISIC_0029259,.jpg,23904,JPEG,600,450,RGB,True,
ISIC_0029260.jpg,ISIC_0029260,.jpg,34778,JPEG,600,450,RGB,True,
ISIC_0029261.jpg,ISIC_0029261,.jpg,23619,JPEG,600,450,RGB,True,
ISIC_0029262.jpg,ISIC_0029262,.jpg,25750,JPEG,600,450,RGB,True,
ISIC_0029263.jpg,ISIC_0029263,.jpg,24306,JPEG,600,450,RGB,True,
ISIC_0029264.jpg,ISIC_0029264,.jpg,22247,JPEG,600,450,RGB,True,
ISIC_0029265.jpg,ISIC_0029265,.jpg,36699,JPEG,600,450,RGB,True,
ISIC_0029266.jpg,ISIC_0029266,.jpg,30449,JPEG,600,450,RGB,True,
ISIC_0029267.jpg,ISIC_0029267,.jpg,21409,JPEG,600,450,RGB,True,
ISIC_0029268.jpg,ISIC_0029268,.jpg,28131,JPEG,600,450,RGB,True,
ISIC_0029269.jpg,ISIC_0029269,.jpg,25201,JPEG,600,450,RGB,True,
ISIC_0029270.jpg,ISIC_0029270,.jpg,28960,JPEG,600,450,RGB,True,
ISIC_0029271.jpg,ISIC_0029271,.jpg,34219,JPEG,600,450,RGB,True,
ISIC_0029272.jpg,ISIC_0029272,.jpg,24797,JPEG,600,450,RGB,True,
ISIC_0029273.jpg,ISIC_0029273,.jpg,33095,JPEG,600,450,RGB,True,
ISIC_0029274.jpg,ISIC_0029274,.jpg,35164,JPEG,600,450,RGB,True,
ISIC_0029275.jpg,ISIC_0029275,.jpg,25759,JPEG,600,450,RGB,True,
ISIC_0029276.jpg,ISIC_0029276,.jpg,42893,JPEG,600,450,RGB,True,
ISIC_0029277.jpg,ISIC_0029277,.jpg,22757,JPEG,600,450,RGB,True,
ISIC_0029278.jpg,ISIC_0029278,.jpg,24969,JPEG,600,450,RGB,True,
ISIC_0029279.jpg,ISIC_0029279,.jpg,31791,JPEG,600,450,RGB,True,
ISIC_0029280.jpg,ISIC_0029280,.jpg,26956,JPEG,600,450,RGB,True,
ISIC_0029281.jpg,ISIC_0029281,.jpg,29432,JPEG,600,450,RGB,True,
ISIC_0029282.jpg,ISIC_0029282,.jpg,36374,JPEG,600,450,RGB,True,
ISIC_0029283.jpg,ISIC_0029283,.jpg,27023,JPEG,600,450,RGB,True,
ISIC_0029284.jpg,ISIC_0029284,.jpg,28114,JPEG,600,450,RGB,True,
ISIC_0029285.jpg,ISIC_0029285,.jpg,26614,JPEG,600,450,RGB,True,
ISIC_0029286.jpg,ISIC_0029286,.jpg,16213,JPEG,600,450,RGB,True,
ISIC_0029287.jpg,ISIC_0029287,.jpg,22648,JPEG,600,450,RGB,True,
ISIC_0029288.jpg,ISIC_0029288,.jpg,30412,JPEG,600,450,RGB,True,
ISIC_0029289.jpg,ISIC_0029289,.jpg,26464,JPEG,600,450,RGB,True,
ISIC_0029290.jpg,ISIC_0029290,.jpg,32947,JPEG,600,450,RGB,True,
ISIC_0029291.jpg,ISIC_0029291,.jpg,25200,JPEG,600,450,RGB,True,
ISIC_0029292.jpg,ISIC_0029292,.jpg,20302,JPEG,600,450,RGB,True,
ISIC_0029293.jpg,ISIC_0029293,.jpg,34013,JPEG,600,450,RGB,True,
ISIC_0029294.jpg,ISIC_0029294,.jpg,23183,JPEG,600,450,RGB,True,
ISIC_0029295.jpg,ISIC_0029295,.jpg,26921,JPEG,600,450,RGB,True,
ISIC_0029296.jpg,ISIC_0029296,.jpg,28731,JPEG,600,450,RGB,True,
ISIC_0029297.jpg,ISIC_0029297,.jpg,28632,JPEG,600,450,RGB,True,
ISIC_0029298.jpg,ISIC_0029298,.jpg,22162,JPEG,600,450,RGB,True,
ISIC_0029299.jpg,ISIC_0029299,.jpg,25294,JPEG,600,450,RGB,True,
ISIC_0029300.jpg,ISIC_0029300,.jpg,33547,JPEG,600,450,RGB,True,
ISIC_0029301.jpg,ISIC_0029301,.jpg,31052,JPEG,600,450,RGB,True,
ISIC_0029302.jpg,ISIC_0029302,.jpg,24841,JPEG,600,450,RGB,True,
ISIC_0029303.jpg,ISIC_0029303,.jpg,37416,JPEG,600,450,RGB,True,
ISIC_0029304.jpg,ISIC_0029304,.jpg,26378,JPEG,600,450,RGB,True,
ISIC_0029305.jpg,ISIC_0029305,.jpg,30715,JPEG,600,450,RGB,True,
ISIC_0029306.jpg,ISIC_0029306,.jpg,24269,JPEG,600,450,RGB,True,
ISIC_0029307.jpg,ISIC_0029307,.jpg,23243,JPEG,600,450,RGB,True,
ISIC_0029308.jpg,ISIC_0029308,.jpg,25642,JPEG,600,450,RGB,True,
ISIC_0029309.jpg,ISIC_0029309,.jpg,28328,JPEG,600,450,RGB,True,
ISIC_0029310.jpg,ISIC_0029310,.jpg,23483,JPEG,600,450,RGB,True,
ISIC_0029311.jpg,ISIC_0029311,.jpg,22669,JPEG,600,450,RGB,True,
ISIC_0029312.jpg,ISIC_0029312,.jpg,23469,JPEG,600,450,RGB,True,
ISIC_0029313.jpg,ISIC_0029313,.jpg,23788,JPEG,600,450,RGB,True,
ISIC_0029314.jpg,ISIC_0029314,.jpg,23441,JPEG,600,450,RGB,True,
ISIC_0029315.jpg,ISIC_0029315,.jpg,23686,JPEG,600,450,RGB,True,
ISIC_0029316.jpg,ISIC_0029316,.jpg,29652,JPEG,600,450,RGB,True,
ISIC_0029317.jpg,ISIC_0029317,.jpg,22494,JPEG,600,450,RGB,True,
ISIC_0029318.jpg,ISIC_0029318,.jpg,26662,JPEG,600,450,RGB,True,
ISIC_0029319.jpg,ISIC_0029319,.jpg,32794,JPEG,600,450,RGB,True,
ISIC_0029320.jpg,ISIC_0029320,.jpg,25662,JPEG,600,450,RGB,True,
ISIC_0029321.jpg,ISIC_0029321,.jpg,29557,JPEG,600,450,RGB,True,
ISIC_0029322.jpg,ISIC_0029322,.jpg,19540,JPEG,600,450,RGB,True,
ISIC_0029323.jpg,ISIC_0029323,.jpg,24486,JPEG,600,450,RGB,True,
ISIC_0029324.jpg,ISIC_0029324,.jpg,22280,JPEG,600,450,RGB,True,
ISIC_0029325.jpg,ISIC_0029325,.jpg,21653,JPEG,600,450,RGB,True,
ISIC_0029326.jpg,ISIC_0029326,.jpg,22890,JPEG,600,450,RGB,True,
ISIC_0029327.jpg,ISIC_0029327,.jpg,21176,JPEG,600,450,RGB,True,
ISIC_0029328.jpg,ISIC_0029328,.jpg,35537,JPEG,600,450,RGB,True,
ISIC_0029329.jpg,ISIC_0029329,.jpg,39220,JPEG,600,450,RGB,True,
ISIC_0029330.jpg,ISIC_0029330,.jpg,22374,JPEG,600,450,RGB,True,
ISIC_0029331.jpg,ISIC_0029331,.jpg,26410,JPEG,600,450,RGB,True,
ISIC_0029332.jpg,ISIC_0029332,.jpg,19734,JPEG,600,450,RGB,True,
ISIC_0029333.jpg,ISIC_0029333,.jpg,21467,JPEG,600,450,RGB,True,
ISIC_0029334.jpg,ISIC_0029334,.jpg,28971,JPEG,600,450,RGB,True,
ISIC_0029335.jpg,ISIC_0029335,.jpg,28733,JPEG,600,450,RGB,True,
ISIC_0029336.jpg,ISIC_0029336,.jpg,31194,JPEG,600,450,RGB,True,
ISIC_0029337.jpg,ISIC_0029337,.jpg,26539,JPEG,600,450,RGB,True,
ISIC_0029338.jpg,ISIC_0029338,.jpg,25424,JPEG,600,450,RGB,True,
ISIC_0029339.jpg,ISIC_0029339,.jpg,30620,JPEG,600,450,RGB,True,
ISIC_0029340.jpg,ISIC_0029340,.jpg,24467,JPEG,600,450,RGB,True,
ISIC_0029341.jpg,ISIC_0029341,.jpg,40164,JPEG,600,450,RGB,True,
ISIC_0029342.jpg,ISIC_0029342,.jpg,19238,JPEG,600,450,RGB,True,
ISIC_0029343.jpg,ISIC_0029343,.jpg,28344,JPEG,600,450,RGB,True,
ISIC_0029344.jpg,ISIC_0029344,.jpg,20248,JPEG,600,450,RGB,True,
ISIC_0029345.jpg,ISIC_0029345,.jpg,29603,JPEG,600,450,RGB,True,
ISIC_0029346.jpg,ISIC_0029346,.jpg,26449,JPEG,600,450,RGB,True,
ISIC_0029347.jpg,ISIC_0029347,.jpg,39530,JPEG,600,450,RGB,True,
ISIC_0029348.jpg,ISIC_0029348,.jpg,28031,JPEG,600,450,RGB,True,
ISIC_0029349.jpg,ISIC_0029349,.jpg,20410,JPEG,600,450,RGB,True,
ISIC_0029350.jpg,ISIC_0029350,.jpg,23835,JPEG,600,450,RGB,True,
ISIC_0029351.jpg,ISIC_0029351,.jpg,43776,JPEG,600,450,RGB,True,
ISIC_0029352.jpg,ISIC_0029352,.jpg,22500,JPEG,600,450,RGB,True,
ISIC_0029353.jpg,ISIC_0029353,.jpg,30509,JPEG,600,450,RGB,True,
ISIC_0029354.jpg,ISIC_0029354,.jpg,31820,JPEG,600,450,RGB,True,
ISIC_0029355.jpg,ISIC_0029355,.jpg,23839,JPEG,600,450,RGB,True,
ISIC_0029356.jpg,ISIC_0029356,.jpg,25607,JPEG,600,450,RGB,True,
ISIC_0029357.jpg,ISIC_0029357,.jpg,26758,JPEG,600,450,RGB,True,
ISIC_0029358.jpg,ISIC_0029358,.jpg,28336,JPEG,600,450,RGB,True,
ISIC_0029359.jpg,ISIC_0029359,.jpg,26021,JPEG,600,450,RGB,True,
ISIC_0029360.jpg,ISIC_0029360,.jpg,30832,JPEG,600,450,RGB,True,
ISIC_0029361.jpg,ISIC_0029361,.jpg,21495,JPEG,600,450,RGB,True,
ISIC_0029362.jpg,ISIC_0029362,.jpg,26047,JPEG,600,450,RGB,True,
ISIC_0029363.jpg,ISIC_0029363,.jpg,38974,JPEG,600,450,RGB,True,
ISIC_0029364.jpg,ISIC_0029364,.jpg,20505,JPEG,600,450,RGB,True,
ISIC_0029365.jpg,ISIC_0029365,.jpg,32791,JPEG,600,450,RGB,True,
ISIC_0029366.jpg,ISIC_0029366,.jpg,40393,JPEG,600,450,RGB,True,
ISIC_0029367.jpg,ISIC_0029367,.jpg,24933,JPEG,600,450,RGB,True,
ISIC_0029368.jpg,ISIC_0029368,.jpg,23546,JPEG,600,450,RGB,True,
ISIC_0029369.jpg,ISIC_0029369,.jpg,25390,JPEG,600,450,RGB,True,
ISIC_0029370.jpg,ISIC_0029370,.jpg,29530,JPEG,600,450,RGB,True,
ISIC_0029371.jpg,ISIC_0029371,.jpg,19568,JPEG,600,450,RGB,True,
ISIC_0029372.jpg,ISIC_0029372,.jpg,33870,JPEG,600,450,RGB,True,
ISIC_0029373.jpg,ISIC_0029373,.jpg,30853,JPEG,600,450,RGB,True,
ISIC_0029374.jpg,ISIC_0029374,.jpg,26403,JPEG,600,450,RGB,True,
ISIC_0029375.jpg,ISIC_0029375,.jpg,27570,JPEG,600,450,RGB,True,
ISIC_0029376.jpg,ISIC_0029376,.jpg,23795,JPEG,600,450,RGB,True,
ISIC_0029377.jpg,ISIC_0029377,.jpg,34228,JPEG,600,450,RGB,True,
ISIC_0029378.jpg,ISIC_0029378,.jpg,22425,JPEG,600,450,RGB,True,
ISIC_0029379.jpg,ISIC_0029379,.jpg,25000,JPEG,600,450,RGB,True,
ISIC_0029380.jpg,ISIC_0029380,.jpg,21868,JPEG,600,450,RGB,True,
ISIC_0029381.jpg,ISIC_0029381,.jpg,34265,JPEG,600,450,RGB,True,
ISIC_0029382.jpg,ISIC_0029382,.jpg,29240,JPEG,600,450,RGB,True,
ISIC_0029383.jpg,ISIC_0029383,.jpg,28453,JPEG,600,450,RGB,True,
ISIC_0029384.jpg,ISIC_0029384,.jpg,19099,JPEG,600,450,RGB,True,
ISIC_0029385.jpg,ISIC_0029385,.jpg,33755,JPEG,600,450,RGB,True,
ISIC_0029386.jpg,ISIC_0029386,.jpg,30088,JPEG,600,450,RGB,True,
ISIC_0029387.jpg,ISIC_0029387,.jpg,19647,JPEG,600,450,RGB,True,
ISIC_0029388.jpg,ISIC_0029388,.jpg,21305,JPEG,600,450,RGB,True,
ISIC_0029389.jpg,ISIC_0029389,.jpg,23054,JPEG,600,450,RGB,True,
ISIC_0029390.jpg,ISIC_0029390,.jpg,20821,JPEG,600,450,RGB,True,
ISIC_0029391.jpg,ISIC_0029391,.jpg,24280,JPEG,600,450,RGB,True,
ISIC_0029392.jpg,ISIC_0029392,.jpg,30852,JPEG,600,450,RGB,True,
ISIC_0029393.jpg,ISIC_0029393,.jpg,33111,JPEG,600,450,RGB,True,
ISIC_0029394.jpg,ISIC_0029394,.jpg,29317,JPEG,600,450,RGB,True,
ISIC_0029395.jpg,ISIC_0029395,.jpg,26015,JPEG,600,450,RGB,True,
ISIC_0029396.jpg,ISIC_0029396,.jpg,23768,JPEG,600,450,RGB,True,
ISIC_0029397.jpg,ISIC_0029397,.jpg,31240,JPEG,600,450,RGB,True,
ISIC_0029398.jpg,ISIC_0029398,.jpg,25596,JPEG,600,450,RGB,True,
ISIC_0029399.jpg,ISIC_0029399,.jpg,22832,JPEG,600,450,RGB,True,
ISIC_0029400.jpg,ISIC_0029400,.jpg,24082,JPEG,600,450,RGB,True,
ISIC_0029401.jpg,ISIC_0029401,.jpg,19962,JPEG,600,450,RGB,True,
ISIC_0029402.jpg,ISIC_0029402,.jpg,23388,JPEG,600,450,RGB,True,
ISIC_0029403.jpg,ISIC_0029403,.jpg,35143,JPEG,600,450,RGB,True,
ISIC_0029404.jpg,ISIC_0029404,.jpg,29033,JPEG,600,450,RGB,True,
ISIC_0029405.jpg,ISIC_0029405,.jpg,30517,JPEG,600,450,RGB,True,
ISIC_0029406.jpg,ISIC_0029406,.jpg,30196,JPEG,600,450,RGB,True,
ISIC_0029407.jpg,ISIC_0029407,.jpg,25386,JPEG,600,450,RGB,True,
ISIC_0029408.jpg,ISIC_0029408,.jpg,23784,JPEG,600,450,RGB,True,
ISIC_0029409.jpg,ISIC_0029409,.jpg,22565,JPEG,600,450,RGB,True,
ISIC_0029410.jpg,ISIC_0029410,.jpg,30563,JPEG,600,450,RGB,True,
ISIC_0029411.jpg,ISIC_0029411,.jpg,29055,JPEG,600,450,RGB,True,
ISIC_0029412.jpg,ISIC_0029412,.jpg,30592,JPEG,600,450,RGB,True,
ISIC_0029413.jpg,ISIC_0029413,.jpg,37873,JPEG,600,450,RGB,True,
ISIC_0029414.jpg,ISIC_0029414,.jpg,37023,JPEG,600,450,RGB,True,
ISIC_0029415.jpg,ISIC_0029415,.jpg,28818,JPEG,600,450,RGB,True,
ISIC_0029416.jpg,ISIC_0029416,.jpg,23381,JPEG,600,450,RGB,True,
ISIC_0029417.jpg,ISIC_0029417,.jpg,30484,JPEG,600,450,RGB,True,
ISIC_0029418.jpg,ISIC_0029418,.jpg,25809,JPEG,600,450,RGB,True,
ISIC_0029419.jpg,ISIC_0029419,.jpg,22722,JPEG,600,450,RGB,True,
ISIC_0029420.jpg,ISIC_0029420,.jpg,35907,JPEG,600,450,RGB,True,
ISIC_0029421.jpg,ISIC_0029421,.jpg,27674,JPEG,600,450,RGB,True,
ISIC_0029422.jpg,ISIC_0029422,.jpg,28880,JPEG,600,450,RGB,True,
ISIC_0029423.jpg,ISIC_0029423,.jpg,21199,JPEG,600,450,RGB,True,
ISIC_0029424.jpg,ISIC_0029424,.jpg,21328,JPEG,600,450,RGB,True,
ISIC_0029425.jpg,ISIC_0029425,.jpg,28674,JPEG,600,450,RGB,True,
ISIC_0029426.jpg,ISIC_0029426,.jpg,26345,JPEG,600,450,RGB,True,
ISIC_0029427.jpg,ISIC_0029427,.jpg,26281,JPEG,600,450,RGB,True,
ISIC_0029428.jpg,ISIC_0029428,.jpg,25897,JPEG,600,450,RGB,True,
ISIC_0029429.jpg,ISIC_0029429,.jpg,25771,JPEG,600,450,RGB,True,
ISIC_0029430.jpg,ISIC_0029430,.jpg,25561,JPEG,600,450,RGB,True,
ISIC_0029431.jpg,ISIC_0029431,.jpg,32048,JPEG,600,450,RGB,True,
ISIC_0029432.jpg,ISIC_0029432,.jpg,26467,JPEG,600,450,RGB,True,
ISIC_0029433.jpg,ISIC_0029433,.jpg,25731,JPEG,600,450,RGB,True,
ISIC_0029434.jpg,ISIC_0029434,.jpg,26983,JPEG,600,450,RGB,True,
ISIC_0029435.jpg,ISIC_0029435,.jpg,24944,JPEG,600,450,RGB,True,
ISIC_0029436.jpg,ISIC_0029436,.jpg,38434,JPEG,600,450,RGB,True,
ISIC_0029437.jpg,ISIC_0029437,.jpg,29806,JPEG,600,450,RGB,True,
ISIC_0029438.jpg,ISIC_0029438,.jpg,26304,JPEG,600,450,RGB,True,
ISIC_0029439.jpg,ISIC_0029439,.jpg,21173,JPEG,600,450,RGB,True,
ISIC_0029440.jpg,ISIC_0029440,.jpg,29862,JPEG,600,450,RGB,True,
ISIC_0029441.jpg,ISIC_0029441,.jpg,31015,JPEG,600,450,RGB,True,
ISIC_0029442.jpg,ISIC_0029442,.jpg,20572,JPEG,600,450,RGB,True,
ISIC_0029443.jpg,ISIC_0029443,.jpg,25063,JPEG,600,450,RGB,True,
ISIC_0029444.jpg,ISIC_0029444,.jpg,19779,JPEG,600,450,RGB,True,
ISIC_0029445.jpg,ISIC_0029445,.jpg,21160,JPEG,600,450,RGB,True,
ISIC_0029446.jpg,ISIC_0029446,.jpg,28630,JPEG,600,450,RGB,True,
ISIC_0029447.jpg,ISIC_0029447,.jpg,27674,JPEG,600,450,RGB,True,
ISIC_0029448.jpg,ISIC_0029448,.jpg,26681,JPEG,600,450,RGB,True,
ISIC_0029449.jpg,ISIC_0029449,.jpg,24121,JPEG,600,450,RGB,True,
ISIC_0029450.jpg,ISIC_0029450,.jpg,28761,JPEG,600,450,RGB,True,
ISIC_0029451.jpg,ISIC_0029451,.jpg,22598,JPEG,600,450,RGB,True,
ISIC_0029452.jpg,ISIC_0029452,.jpg,39702,JPEG,600,450,RGB,True,
ISIC_0029453.jpg,ISIC_0029453,.jpg,31902,JPEG,600,450,RGB,True,
ISIC_0029454.jpg,ISIC_0029454,.jpg,37001,JPEG,600,450,RGB,True,
ISIC_0029455.jpg,ISIC_0029455,.jpg,37265,JPEG,600,450,RGB,True,
ISIC_0029456.jpg,ISIC_0029456,.jpg,26790,JPEG,600,450,RGB,True,
ISIC_0029457.jpg,ISIC_0029457,.jpg,22368,JPEG,600,450,RGB,True,
ISIC_0029458.jpg,ISIC_0029458,.jpg,29105,JPEG,600,450,RGB,True,
ISIC_0029459.jpg,ISIC_0029459,.jpg,29112,JPEG,600,450,RGB,True,
ISIC_0029460.jpg,ISIC_0029460,.jpg,31344,JPEG,600,450,RGB,True,
ISIC_0029461.jpg,ISIC_0029461,.jpg,22506,JPEG,600,450,RGB,True,
ISIC_0029462.jpg,ISIC_0029462,.jpg,26353,JPEG,600,450,RGB,True,
ISIC_0029463.jpg,ISIC_0029463,.jpg,39248,JPEG,600,450,RGB,True,
ISIC_0029464.jpg,ISIC_0029464,.jpg,24209,JPEG,600,450,RGB,True,
ISIC_0029465.jpg,ISIC_0029465,.jpg,18883,JPEG,600,450,RGB,True,
ISIC_0029466.jpg,ISIC_0029466,.jpg,42822,JPEG,600,450,RGB,True,
ISIC_0029467.jpg,ISIC_0029467,.jpg,25927,JPEG,600,450,RGB,True,
ISIC_0029468.jpg,ISIC_0029468,.jpg,24769,JPEG,600,450,RGB,True,
ISIC_0029469.jpg,ISIC_0029469,.jpg,32522,JPEG,600,450,RGB,True,
ISIC_0029470.jpg,ISIC_0029470,.jpg,25209,JPEG,600,450,RGB,True,
ISIC_0029471.jpg,ISIC_0029471,.jpg,28755,JPEG,600,450,RGB,True,
ISIC_0029472.jpg,ISIC_0029472,.jpg,31878,JPEG,600,450,RGB,True,
ISIC_0029473.jpg,ISIC_0029473,.jpg,38090,JPEG,600,450,RGB,True,
ISIC_0029474.jpg,ISIC_0029474,.jpg,33479,JPEG,600,450,RGB,True,
ISIC_0029475.jpg,ISIC_0029475,.jpg,23150,JPEG,600,450,RGB,True,
ISIC_0029476.jpg,ISIC_0029476,.jpg,33280,JPEG,600,450,RGB,True,
ISIC_0029477.jpg,ISIC_0029477,.jpg,24789,JPEG,600,450,RGB,True,
ISIC_0029478.jpg,ISIC_0029478,.jpg,23392,JPEG,600,450,RGB,True,
ISIC_0029479.jpg,ISIC_0029479,.jpg,25210,JPEG,600,450,RGB,True,
ISIC_0029480.jpg,ISIC_0029480,.jpg,20307,JPEG,600,450,RGB,True,
ISIC_0029481.jpg,ISIC_0029481,.jpg,30985,JPEG,600,450,RGB,True,
ISIC_0029482.jpg,ISIC_0029482,.jpg,33193,JPEG,600,450,RGB,True,
ISIC_0029483.jpg,ISIC_0029483,.jpg,21319,JPEG,600,450,RGB,True,
ISIC_0029484.jpg,ISIC_0029484,.jpg,27190,JPEG,600,450,RGB,True,
ISIC_0029485.jpg,ISIC_0029485,.jpg,30498,JPEG,600,450,RGB,True,
ISIC_0029486.jpg,ISIC_0029486,.jpg,28888,JPEG,600,450,RGB,True,
ISIC_0029487.jpg,ISIC_0029487,.jpg,28021,JPEG,600,450,RGB,True,
ISIC_0029488.jpg,ISIC_0029488,.jpg,23873,JPEG,600,450,RGB,True,
ISIC_0029489.jpg,ISIC_0029489,.jpg,26440,JPEG,600,450,RGB,True,
ISIC_0029490.jpg,ISIC_0029490,.jpg,27126,JPEG,600,450,RGB,True,
ISIC_0029491.jpg,ISIC_0029491,.jpg,35056,JPEG,600,450,RGB,True,
ISIC_0029492.jpg,ISIC_0029492,.jpg,24837,JPEG,600,450,RGB,True,
ISIC_0029493.jpg,ISIC_0029493,.jpg,29691,JPEG,600,450,RGB,True,
ISIC_0029494.jpg,ISIC_0029494,.jpg,34497,JPEG,600,450,RGB,True,
ISIC_0029495.jpg,ISIC_0029495,.jpg,20007,JPEG,600,450,RGB,True,
ISIC_0029496.jpg,ISIC_0029496,.jpg,27177,JPEG,600,450,RGB,True,
ISIC_0029497.jpg,ISIC_0029497,.jpg,27479,JPEG,600,450,RGB,True,
ISIC_0029498.jpg,ISIC_0029498,.jpg,21470,JPEG,600,450,RGB,True,
ISIC_0029499.jpg,ISIC_0029499,.jpg,40678,JPEG,600,450,RGB,True,
ISIC_0029500.jpg,ISIC_0029500,.jpg,34157,JPEG,600,450,RGB,True,
ISIC_0029501.jpg,ISIC_0029501,.jpg,27050,JPEG,600,450,RGB,True,
ISIC_0029502.jpg,ISIC_0029502,.jpg,31329,JPEG,600,450,RGB,True,
ISIC_0029503.jpg,ISIC_0029503,.jpg,25463,JPEG,600,450,RGB,True,
ISIC_0029504.jpg,ISIC_0029504,.jpg,26052,JPEG,600,450,RGB,True,
ISIC_0029505.jpg,ISIC_0029505,.jpg,22287,JPEG,600,450,RGB,True,
ISIC_0029506.jpg,ISIC_0029506,.jpg,23634,JPEG,600,450,RGB,True,
ISIC_0029507.jpg,ISIC_0029507,.jpg,25387,JPEG,600,450,RGB,True,
ISIC_0029508.jpg,ISIC_0029508,.jpg,23873,JPEG,600,450,RGB,True,
ISIC_0029509.jpg,ISIC_0029509,.jpg,39128,JPEG,600,450,RGB,True,
ISIC_0029510.jpg,ISIC_0029510,.jpg,24950,JPEG,600,450,RGB,True,
ISIC_0029511.jpg,ISIC_0029511,.jpg,24851,JPEG,600,450,RGB,True,
ISIC_0029512.jpg,ISIC_0029512,.jpg,30904,JPEG,600,450,RGB,True,
ISIC_0029513.jpg,ISIC_0029513,.jpg,29197,JPEG,600,450,RGB,True,
ISIC_0029514.jpg,ISIC_0029514,.jpg,25558,JPEG,600,450,RGB,True,
ISIC_0029515.jpg,ISIC_0029515,.jpg,34867,JPEG,600,450,RGB,True,
ISIC_0029516.jpg,ISIC_0029516,.jpg,28522,JPEG,600,450,RGB,True,
ISIC_0029517.jpg,ISIC_0029517,.jpg,29324,JPEG,600,450,RGB,True,
ISIC_0029518.jpg,ISIC_0029518,.jpg,23694,JPEG,600,450,RGB,True,
ISIC_0029519.jpg,ISIC_0029519,.jpg,37494,JPEG,600,450,RGB,True,
ISIC_0029520.jpg,ISIC_0029520,.jpg,33331,JPEG,600,450,RGB,True,
ISIC_0029521.jpg,ISIC_0029521,.jpg,20015,JPEG,600,450,RGB,True,
ISIC_0029522.jpg,ISIC_0029522,.jpg,31514,JPEG,600,450,RGB,True,
ISIC_0029523.jpg,ISIC_0029523,.jpg,33202,JPEG,600,450,RGB,True,
ISIC_0029524.jpg,ISIC_0029524,.jpg,26606,JPEG,600,450,RGB,True,
ISIC_0029525.jpg,ISIC_0029525,.jpg,30095,JPEG,600,450,RGB,True,
ISIC_0029526.jpg,ISIC_0029526,.jpg,30727,JPEG,600,450,RGB,True,
ISIC_0029527.jpg,ISIC_0029527,.jpg,37137,JPEG,600,450,RGB,True,
ISIC_0029528.jpg,ISIC_0029528,.jpg,26738,JPEG,600,450,RGB,True,
ISIC_0029529.jpg,ISIC_0029529,.jpg,19052,JPEG,600,450,RGB,True,
ISIC_0029530.jpg,ISIC_0029530,.jpg,32085,JPEG,600,450,RGB,True,
ISIC_0029531.jpg,ISIC_0029531,.jpg,39076,JPEG,600,450,RGB,True,
ISIC_0029532.jpg,ISIC_0029532,.jpg,23294,JPEG,600,450,RGB,True,
ISIC_0029533.jpg,ISIC_0029533,.jpg,22984,JPEG,600,450,RGB,True,
ISIC_0029534.jpg,ISIC_0029534,.jpg,17001,JPEG,600,450,RGB,True,
ISIC_0029535.jpg,ISIC_0029535,.jpg,23448,JPEG,600,450,RGB,True,
ISIC_0029536.jpg,ISIC_0029536,.jpg,20795,JPEG,600,450,RGB,True,
ISIC_0029537.jpg,ISIC_0029537,.jpg,23105,JPEG,600,450,RGB,True,
ISIC_0029538.jpg,ISIC_0029538,.jpg,22596,JPEG,600,450,RGB,True,
ISIC_0029539.jpg,ISIC_0029539,.jpg,21662,JPEG,600,450,RGB,True,
ISIC_0029540.jpg,ISIC_0029540,.jpg,29923,JPEG,600,450,RGB,True,
ISIC_0029541.jpg,ISIC_0029541,.jpg,25702,JPEG,600,450,RGB,True,
ISIC_0029542.jpg,ISIC_0029542,.jpg,23128,JPEG,600,450,RGB,True,
ISIC_0029543.jpg,ISIC_0029543,.jpg,18033,JPEG,600,450,RGB,True,
ISIC_0029544.jpg,ISIC_0029544,.jpg,22549,JPEG,600,450,RGB,True,
ISIC_0029545.jpg,ISIC_0029545,.jpg,24035,JPEG,600,450,RGB,True,
ISIC_0029546.jpg,ISIC_0029546,.jpg,29468,JPEG,600,450,RGB,True,
ISIC_0029547.jpg,ISIC_0029547,.jpg,30528,JPEG,600,450,RGB,True,
ISIC_0029548.jpg,ISIC_0029548,.jpg,30556,JPEG,600,450,RGB,True,
ISIC_0029549.jpg,ISIC_0029549,.jpg,28342,JPEG,600,450,RGB,True,
ISIC_0029550.jpg,ISIC_0029550,.jpg,20417,JPEG,600,450,RGB,True,
ISIC_0029551.jpg,ISIC_0029551,.jpg,27012,JPEG,600,450,RGB,True,
ISIC_0029552.jpg,ISIC_0029552,.jpg,26868,JPEG,600,450,RGB,True,
ISIC_0029553.jpg,ISIC_0029553,.jpg,17911,JPEG,600,450,RGB,True,
ISIC_0029554.jpg,ISIC_0029554,.jpg,24329,JPEG,600,450,RGB,True,
ISIC_0029555.jpg,ISIC_0029555,.jpg,27705,JPEG,600,450,RGB,True,
ISIC_0029556.jpg,ISIC_0029556,.jpg,25482,JPEG,600,450,RGB,True,
ISIC_0029557.jpg,ISIC_0029557,.jpg,20462,JPEG,600,450,RGB,True,
ISIC_0029558.jpg,ISIC_0029558,.jpg,34825,JPEG,600,450,RGB,True,
ISIC_0029559.jpg,ISIC_0029559,.jpg,22010,JPEG,600,450,RGB,True,
ISIC_0029560.jpg,ISIC_0029560,.jpg,22773,JPEG,600,450,RGB,True,
ISIC_0029561.jpg,ISIC_0029561,.jpg,31637,JPEG,600,450,RGB,True,
ISIC_0029562.jpg,ISIC_0029562,.jpg,37565,JPEG,600,450,RGB,True,
ISIC_0029563.jpg,ISIC_0029563,.jpg,30687,JPEG,600,450,RGB,True,
ISIC_0029564.jpg,ISIC_0029564,.jpg,29394,JPEG,600,450,RGB,True,
ISIC_0029565.jpg,ISIC_0029565,.jpg,25544,JPEG,600,450,RGB,True,
ISIC_0029566.jpg,ISIC_0029566,.jpg,28329,JPEG,600,450,RGB,True,
ISIC_0029567.jpg,ISIC_0029567,.jpg,24631,JPEG,600,450,RGB,True,
ISIC_0029568.jpg,ISIC_0029568,.jpg,26620,JPEG,600,450,RGB,True,
ISIC_0029569.jpg,ISIC_0029569,.jpg,32034,JPEG,600,450,RGB,True,
ISIC_0029570.jpg,ISIC_0029570,.jpg,24672,JPEG,600,450,RGB,True,
ISIC_0029571.jpg,ISIC_0029571,.jpg,26904,JPEG,600,450,RGB,True,
ISIC_0029572.jpg,ISIC_0029572,.jpg,30958,JPEG,600,450,RGB,True,
ISIC_0029573.jpg,ISIC_0029573,.jpg,34995,JPEG,600,450,RGB,True,
ISIC_0029574.jpg,ISIC_0029574,.jpg,35482,JPEG,600,450,RGB,True,
ISIC_0029575.jpg,ISIC_0029575,.jpg,37363,JPEG,600,450,RGB,True,
ISIC_0029576.jpg,ISIC_0029576,.jpg,29947,JPEG,600,450,RGB,True,
ISIC_0029577.jpg,ISIC_0029577,.jpg,21598,JPEG,600,450,RGB,True,
ISIC_0029578.jpg,ISIC_0029578,.jpg,32430,JPEG,600,450,RGB,True,
ISIC_0029579.jpg,ISIC_0029579,.jpg,24098,JPEG,600,450,RGB,True,
ISIC_0029580.jpg,ISIC_0029580,.jpg,23259,JPEG,600,450,RGB,True,
ISIC_0029581.jpg,ISIC_0029581,.jpg,36105,JPEG,600,450,RGB,True,
ISIC_0029582.jpg,ISIC_0029582,.jpg,22316,JPEG,600,450,RGB,True,
ISIC_0029583.jpg,ISIC_0029583,.jpg,29258,JPEG,600,450,RGB,True,
ISIC_0029584.jpg,ISIC_0029584,.jpg,28584,JPEG,600,450,RGB,True,
ISIC_0029585.jpg,ISIC_0029585,.jpg,23285,JPEG,600,450,RGB,True,
ISIC_0029586.jpg,ISIC_0029586,.jpg,26838,JPEG,600,450,RGB,True,
ISIC_0029587.jpg,ISIC_0029587,.jpg,24106,JPEG,600,450,RGB,True,
ISIC_0029588.jpg,ISIC_0029588,.jpg,23924,JPEG,600,450,RGB,True,
ISIC_0029589.jpg,ISIC_0029589,.jpg,28038,JPEG,600,450,RGB,True,
ISIC_0029590.jpg,ISIC_0029590,.jpg,22939,JPEG,600,450,RGB,True,
ISIC_0029591.jpg,ISIC_0029591,.jpg,37034,JPEG,600,450,RGB,True,
ISIC_0029592.jpg,ISIC_0029592,.jpg,23867,JPEG,600,450,RGB,True,
ISIC_0029593.jpg,ISIC_0029593,.jpg,29113,JPEG,600,450,RGB,True,
ISIC_0029594.jpg,ISIC_0029594,.jpg,28060,JPEG,600,450,RGB,True,
ISIC_0029595.jpg,ISIC_0029595,.jpg,18497,JPEG,600,450,RGB,True,
ISIC_0029596.jpg,ISIC_0029596,.jpg,28440,JPEG,600,450,RGB,True,
ISIC_0029597.jpg,ISIC_0029597,.jpg,28178,JPEG,600,450,RGB,True,
ISIC_0029598.jpg,ISIC_0029598,.jpg,28657,JPEG,600,450,RGB,True,
ISIC_0029599.jpg,ISIC_0029599,.jpg,27981,JPEG,600,450,RGB,True,
ISIC_0029600.jpg,ISIC_0029600,.jpg,24898,JPEG,600,450,RGB,True,
ISIC_0029601.jpg,ISIC_0029601,.jpg,23942,JPEG,600,450,RGB,True,
ISIC_0029602.jpg,ISIC_0029602,.jpg,22988,JPEG,600,450,RGB,True,
ISIC_0029603.jpg,ISIC_0029603,.jpg,33247,JPEG,600,450,RGB,True,
ISIC_0029604.jpg,ISIC_0029604,.jpg,26084,JPEG,600,450,RGB,True,
ISIC_0029605.jpg,ISIC_0029605,.jpg,24463,JPEG,600,450,RGB,True,
ISIC_0029606.jpg,ISIC_0029606,.jpg,24337,JPEG,600,450,RGB,True,
ISIC_0029607.jpg,ISIC_0029607,.jpg,30546,JPEG,600,450,RGB,True,
ISIC_0029608.jpg,ISIC_0029608,.jpg,18969,JPEG,600,450,RGB,True,
ISIC_0029609.jpg,ISIC_0029609,.jpg,35979,JPEG,600,450,RGB,True,
ISIC_0029610.jpg,ISIC_0029610,.jpg,27003,JPEG,600,450,RGB,True,
ISIC_0029611.jpg,ISIC_0029611,.jpg,36558,JPEG,600,450,RGB,True,
ISIC_0029612.jpg,ISIC_0029612,.jpg,25294,JPEG,600,450,RGB,True,
ISIC_0029613.jpg,ISIC_0029613,.jpg,41343,JPEG,600,450,RGB,True,
ISIC_0029614.jpg,ISIC_0029614,.jpg,21301,JPEG,600,450,RGB,True,
ISIC_0029615.jpg,ISIC_0029615,.jpg,29980,JPEG,600,450,RGB,True,
ISIC_0029616.jpg,ISIC_0029616,.jpg,20462,JPEG,600,450,RGB,True,
ISIC_0029617.jpg,ISIC_0029617,.jpg,21209,JPEG,600,450,RGB,True,
ISIC_0029618.jpg,ISIC_0029618,.jpg,34924,JPEG,600,450,RGB,True,
ISIC_0029619.jpg,ISIC_0029619,.jpg,31169,JPEG,600,450,RGB,True,
ISIC_0029620.jpg,ISIC_0029620,.jpg,28951,JPEG,600,450,RGB,True,
ISIC_0029621.jpg,ISIC_0029621,.jpg,32747,JPEG,600,450,RGB,True,
ISIC_0029622.jpg,ISIC_0029622,.jpg,25699,JPEG,600,450,RGB,True,
ISIC_0029623.jpg,ISIC_0029623,.jpg,28057,JPEG,600,450,RGB,True,
ISIC_0029624.jpg,ISIC_0029624,.jpg,30881,JPEG,600,450,RGB,True,
ISIC_0029625.jpg,ISIC_0029625,.jpg,24524,JPEG,600,450,RGB,True,
ISIC_0029626.jpg,ISIC_0029626,.jpg,23321,JPEG,600,450,RGB,True,
ISIC_0029627.jpg,ISIC_0029627,.jpg,19402,JPEG,600,450,RGB,True,
ISIC_0029628.jpg,ISIC_0029628,.jpg,25842,JPEG,600,450,RGB,True,
ISIC_0029629.jpg,ISIC_0029629,.jpg,24829,JPEG,600,450,RGB,True,
ISIC_0029630.jpg,ISIC_0029630,.jpg,32385,JPEG,600,450,RGB,True,
ISIC_0029631.jpg,ISIC_0029631,.jpg,23492,JPEG,600,450,RGB,True,
ISIC_0029632.jpg,ISIC_0029632,.jpg,34861,JPEG,600,450,RGB,True,
ISIC_0029633.jpg,ISIC_0029633,.jpg,36333,JPEG,600,450,RGB,True,
ISIC_0029634.jpg,ISIC_0029634,.jpg,36254,JPEG,600,450,RGB,True,
ISIC_0029635.jpg,ISIC_0029635,.jpg,20461,JPEG,600,450,RGB,True,
ISIC_0029636.jpg,ISIC_0029636,.jpg,27552,JPEG,600,450,RGB,True,
ISIC_0029637.jpg,ISIC_0029637,.jpg,32624,JPEG,600,450,RGB,True,
ISIC_0029638.jpg,ISIC_0029638,.jpg,24832,JPEG,600,450,RGB,True,
ISIC_0029639.jpg,ISIC_0029639,.jpg,22459,JPEG,600,450,RGB,True,
ISIC_0029640.jpg,ISIC_0029640,.jpg,31520,JPEG,600,450,RGB,True,
ISIC_0029641.jpg,ISIC_0029641,.jpg,20965,JPEG,600,450,RGB,True,
ISIC_0029642.jpg,ISIC_0029642,.jpg,31330,JPEG,600,450,RGB,True,
ISIC_0029643.jpg,ISIC_0029643,.jpg,28223,JPEG,600,450,RGB,True,
ISIC_0029644.jpg,ISIC_0029644,.jpg,25769,JPEG,600,450,RGB,True,
ISIC_0029645.jpg,ISIC_0029645,.jpg,22566,JPEG,600,450,RGB,True,
ISIC_0029646.jpg,ISIC_0029646,.jpg,21874,JPEG,600,450,RGB,True,
ISIC_0029647.jpg,ISIC_0029647,.jpg,41782,JPEG,600,450,RGB,True,
ISIC_0029648.jpg,ISIC_0029648,.jpg,27397,JPEG,600,450,RGB,True,
ISIC_0029649.jpg,ISIC_0029649,.jpg,24689,JPEG,600,450,RGB,True,
ISIC_0029650.jpg,ISIC_0029650,.jpg,31197,JPEG,600,450,RGB,True,
ISIC_0029651.jpg,ISIC_0029651,.jpg,29070,JPEG,600,450,RGB,True,
ISIC_0029652.jpg,ISIC_0029652,.jpg,26511,JPEG,600,450,RGB,True,
ISIC_0029653.jpg,ISIC_0029653,.jpg,29003,JPEG,600,450,RGB,True,
ISIC_0029654.jpg,ISIC_0029654,.jpg,30631,JPEG,600,450,RGB,True,
ISIC_0029655.jpg,ISIC_0029655,.jpg,25520,JPEG,600,450,RGB,True,
ISIC_0029656.jpg,ISIC_0029656,.jpg,29548,JPEG,600,450,RGB,True,
ISIC_0029657.jpg,ISIC_0029657,.jpg,32062,JPEG,600,450,RGB,True,
ISIC_0029658.jpg,ISIC_0029658,.jpg,30403,JPEG,600,450,RGB,True,
ISIC_0029659.jpg,ISIC_0029659,.jpg,32756,JPEG,600,450,RGB,True,
ISIC_0029660.jpg,ISIC_0029660,.jpg,28503,JPEG,600,450,RGB,True,
ISIC_0029661.jpg,ISIC_0029661,.jpg,30435,JPEG,600,450,RGB,True,
ISIC_0029662.jpg,ISIC_0029662,.jpg,17002,JPEG,600,450,RGB,True,
ISIC_0029663.jpg,ISIC_0029663,.jpg,26070,JPEG,600,450,RGB,True,
ISIC_0029664.jpg,ISIC_0029664,.jpg,32211,JPEG,600,450,RGB,True,
ISIC_0029665.jpg,ISIC_0029665,.jpg,23849,JPEG,600,450,RGB,True,
ISIC_0029666.jpg,ISIC_0029666,.jpg,32266,JPEG,600,450,RGB,True,
ISIC_0029667.jpg,ISIC_0029667,.jpg,24858,JPEG,600,450,RGB,True,
ISIC_0029668.jpg,ISIC_0029668,.jpg,36812,JPEG,600,450,RGB,True,
ISIC_0029669.jpg,ISIC_0029669,.jpg,19566,JPEG,600,450,RGB,True,
ISIC_0029670.jpg,ISIC_0029670,.jpg,32378,JPEG,600,450,RGB,True,
ISIC_0029671.jpg,ISIC_0029671,.jpg,22930,JPEG,600,450,RGB,True,
ISIC_0029672.jpg,ISIC_0029672,.jpg,22728,JPEG,600,450,RGB,True,
ISIC_0029673.jpg,ISIC_0029673,.jpg,28584,JPEG,600,450,RGB,True,
ISIC_0029674.jpg,ISIC_0029674,.jpg,22409,JPEG,600,450,RGB,True,
ISIC_0029675.jpg,ISIC_0029675,.jpg,32624,JPEG,600,450,RGB,True,
ISIC_0029676.jpg,ISIC_0029676,.jpg,35813,JPEG,600,450,RGB,True,
ISIC_0029677.jpg,ISIC_0029677,.jpg,23768,JPEG,600,450,RGB,True,
ISIC_0029678.jpg,ISIC_0029678,.jpg,22026,JPEG,600,450,RGB,True,
ISIC_0029679.jpg,ISIC_0029679,.jpg,31430,JPEG,600,450,RGB,True,
ISIC_0029680.jpg,ISIC_0029680,.jpg,25888,JPEG,600,450,RGB,True,
ISIC_0029681.jpg,ISIC_0029681,.jpg,25647,JPEG,600,450,RGB,True,
ISIC_0029682.jpg,ISIC_0029682,.jpg,31682,JPEG,600,450,RGB,True,
ISIC_0029683.jpg,ISIC_0029683,.jpg,32901,JPEG,600,450,RGB,True,
ISIC_0029684.jpg,ISIC_0029684,.jpg,23385,JPEG,600,450,RGB,True,
ISIC_0029685.jpg,ISIC_0029685,.jpg,30702,JPEG,600,450,RGB,True,
ISIC_0029686.jpg,ISIC_0029686,.jpg,25749,JPEG,600,450,RGB,True,
ISIC_0029687.jpg,ISIC_0029687,.jpg,23866,JPEG,600,450,RGB,True,
ISIC_0029688.jpg,ISIC_0029688,.jpg,31376,JPEG,600,450,RGB,True,
ISIC_0029689.jpg,ISIC_0029689,.jpg,27409,JPEG,600,450,RGB,True,
ISIC_0029690.jpg,ISIC_0029690,.jpg,28942,JPEG,600,450,RGB,True,
ISIC_0029691.jpg,ISIC_0029691,.jpg,23139,JPEG,600,450,RGB,True,
ISIC_0029692.jpg,ISIC_0029692,.jpg,25870,JPEG,600,450,RGB,True,
ISIC_0029693.jpg,ISIC_0029693,.jpg,22455,JPEG,600,450,RGB,True,
ISIC_0029694.jpg,ISIC_0029694,.jpg,31498,JPEG,600,450,RGB,True,
ISIC_0029695.jpg,ISIC_0029695,.jpg,25359,JPEG,600,450,RGB,True,
ISIC_0029696.jpg,ISIC_0029696,.jpg,27838,JPEG,600,450,RGB,True,
ISIC_0029697.jpg,ISIC_0029697,.jpg,29277,JPEG,600,450,RGB,True,
ISIC_0029698.jpg,ISIC_0029698,.jpg,24635,JPEG,600,450,RGB,True,
ISIC_0029699.jpg,ISIC_0029699,.jpg,29036,JPEG,600,450,RGB,True,
ISIC_0029700.jpg,ISIC_0029700,.jpg,24749,JPEG,600,450,RGB,True,
ISIC_0029701.jpg,ISIC_0029701,.jpg,34902,JPEG,600,450,RGB,True,
ISIC_0029702.jpg,ISIC_0029702,.jpg,19820,JPEG,600,450,RGB,True,
ISIC_0029703.jpg,ISIC_0029703,.jpg,47431,JPEG,600,450,RGB,True,
ISIC_0029704.jpg,ISIC_0029704,.jpg,29088,JPEG,600,450,RGB,True,
ISIC_0029705.jpg,ISIC_0029705,.jpg,28361,JPEG,600,450,RGB,True,
ISIC_0029706.jpg,ISIC_0029706,.jpg,23843,JPEG,600,450,RGB,True,
ISIC_0029707.jpg,ISIC_0029707,.jpg,28247,JPEG,600,450,RGB,True,
ISIC_0029708.jpg,ISIC_0029708,.jpg,26171,JPEG,600,450,RGB,True,
ISIC_0029709.jpg,ISIC_0029709,.jpg,21442,JPEG,600,450,RGB,True,
ISIC_0029710.jpg,ISIC_0029710,.jpg,22360,JPEG,600,450,RGB,True,
ISIC_0029711.jpg,ISIC_0029711,.jpg,24256,JPEG,600,450,RGB,True,
ISIC_0029712.jpg,ISIC_0029712,.jpg,25845,JPEG,600,450,RGB,True,
ISIC_0029713.jpg,ISIC_0029713,.jpg,30850,JPEG,600,450,RGB,True,
ISIC_0029714.jpg,ISIC_0029714,.jpg,26232,JPEG,600,450,RGB,True,
ISIC_0029715.jpg,ISIC_0029715,.jpg,30225,JPEG,600,450,RGB,True,
ISIC_0029716.jpg,ISIC_0029716,.jpg,22984,JPEG,600,450,RGB,True,
ISIC_0029717.jpg,ISIC_0029717,.jpg,29882,JPEG,600,450,RGB,True,
ISIC_0029718.jpg,ISIC_0029718,.jpg,23628,JPEG,600,450,RGB,True,
ISIC_0029719.jpg,ISIC_0029719,.jpg,21535,JPEG,600,450,RGB,True,
ISIC_0029720.jpg,ISIC_0029720,.jpg,18837,JPEG,600,450,RGB,True,
ISIC_0029721.jpg,ISIC_0029721,.jpg,20962,JPEG,600,450,RGB,True,
ISIC_0029722.jpg,ISIC_0029722,.jpg,21569,JPEG,600,450,RGB,True,
ISIC_0029723.jpg,ISIC_0029723,.jpg,27327,JPEG,600,450,RGB,True,
ISIC_0029724.jpg,ISIC_0029724,.jpg,31780,JPEG,600,450,RGB,True,
ISIC_0029725.jpg,ISIC_0029725,.jpg,25910,JPEG,600,450,RGB,True,
ISIC_0029726.jpg,ISIC_0029726,.jpg,45165,JPEG,600,450,RGB,True,
ISIC_0029727.jpg,ISIC_0029727,.jpg,22288,JPEG,600,450,RGB,True,
ISIC_0029728.jpg,ISIC_0029728,.jpg,23245,JPEG,600,450,RGB,True,
ISIC_0029729.jpg,ISIC_0029729,.jpg,34267,JPEG,600,450,RGB,True,
ISIC_0029730.jpg,ISIC_0029730,.jpg,38849,JPEG,600,450,RGB,True,
ISIC_0029731.jpg,ISIC_0029731,.jpg,25957,JPEG,600,450,RGB,True,
ISIC_0029732.jpg,ISIC_0029732,.jpg,22245,JPEG,600,450,RGB,True,
ISIC_0029733.jpg,ISIC_0029733,.jpg,18312,JPEG,600,450,RGB,True,
ISIC_0029734.jpg,ISIC_0029734,.jpg,27608,JPEG,600,450,RGB,True,
ISIC_0029735.jpg,ISIC_0029735,.jpg,23236,JPEG,600,450,RGB,True,
ISIC_0029736.jpg,ISIC_0029736,.jpg,29430,JPEG,600,450,RGB,True,
ISIC_0029737.jpg,ISIC_0029737,.jpg,28339,JPEG,600,450,RGB,True,
ISIC_0029738.jpg,ISIC_0029738,.jpg,20724,JPEG,600,450,RGB,True,
ISIC_0029739.jpg,ISIC_0029739,.jpg,24539,JPEG,600,450,RGB,True,
ISIC_0029740.jpg,ISIC_0029740,.jpg,36075,JPEG,600,450,RGB,True,
ISIC_0029741.jpg,ISIC_0029741,.jpg,25172,JPEG,600,450,RGB,True,
ISIC_0029742.jpg,ISIC_0029742,.jpg,25349,JPEG,600,450,RGB,True,
ISIC_0029743.jpg,ISIC_0029743,.jpg,20771,JPEG,600,450,RGB,True,
ISIC_0029744.jpg,ISIC_0029744,.jpg,33836,JPEG,600,450,RGB,True,
ISIC_0029745.jpg,ISIC_0029745,.jpg,25808,JPEG,600,450,RGB,True,
ISIC_0029746.jpg,ISIC_0029746,.jpg,24753,JPEG,600,450,RGB,True,
ISIC_0029747.jpg,ISIC_0029747,.jpg,24304,JPEG,600,450,RGB,True,
ISIC_0029748.jpg,ISIC_0029748,.jpg,24025,JPEG,600,450,RGB,True,
ISIC_0029749.jpg,ISIC_0029749,.jpg,22500,JPEG,600,450,RGB,True,
ISIC_0029750.jpg,ISIC_0029750,.jpg,22171,JPEG,600,450,RGB,True,
ISIC_0029751.jpg,ISIC_0029751,.jpg,26380,JPEG,600,450,RGB,True,
ISIC_0029752.jpg,ISIC_0029752,.jpg,26229,JPEG,600,450,RGB,True,
ISIC_0029753.jpg,ISIC_0029753,.jpg,29218,JPEG,600,450,RGB,True,
ISIC_0029754.jpg,ISIC_0029754,.jpg,23875,JPEG,600,450,RGB,True,
ISIC_0029755.jpg,ISIC_0029755,.jpg,26188,JPEG,600,450,RGB,True,
ISIC_0029756.jpg,ISIC_0029756,.jpg,21560,JPEG,600,450,RGB,True,
ISIC_0029757.jpg,ISIC_0029757,.jpg,37049,JPEG,600,450,RGB,True,
ISIC_0029758.jpg,ISIC_0029758,.jpg,18636,JPEG,600,450,RGB,True,
ISIC_0029759.jpg,ISIC_0029759,.jpg,27824,JPEG,600,450,RGB,True,
ISIC_0029760.jpg,ISIC_0029760,.jpg,24754,JPEG,600,450,RGB,True,
ISIC_0029761.jpg,ISIC_0029761,.jpg,23543,JPEG,600,450,RGB,True,
ISIC_0029762.jpg,ISIC_0029762,.jpg,21377,JPEG,600,450,RGB,True,
ISIC_0029763.jpg,ISIC_0029763,.jpg,29713,JPEG,600,450,RGB,True,
ISIC_0029764.jpg,ISIC_0029764,.jpg,31350,JPEG,600,450,RGB,True,
ISIC_0029765.jpg,ISIC_0029765,.jpg,24492,JPEG,600,450,RGB,True,
ISIC_0029766.jpg,ISIC_0029766,.jpg,25482,JPEG,600,450,RGB,True,
ISIC_0029767.jpg,ISIC_0029767,.jpg,22967,JPEG,600,450,RGB,True,
ISIC_0029768.jpg,ISIC_0029768,.jpg,28239,JPEG,600,450,RGB,True,
ISIC_0029769.jpg,ISIC_0029769,.jpg,26861,JPEG,600,450,RGB,True,
ISIC_0029770.jpg,ISIC_0029770,.jpg,29031,JPEG,600,450,RGB,True,
ISIC_0029771.jpg,ISIC_0029771,.jpg,21210,JPEG,600,450,RGB,True,
ISIC_0029772.jpg,ISIC_0029772,.jpg,21228,JPEG,600,450,RGB,True,
ISIC_0029773.jpg,ISIC_0029773,.jpg,25588,JPEG,600,450,RGB,True,
ISIC_0029774.jpg,ISIC_0029774,.jpg,25965,JPEG,600,450,RGB,True,
ISIC_0029775.jpg,ISIC_0029775,.jpg,39432,JPEG,600,450,RGB,True,
ISIC_0029776.jpg,ISIC_0029776,.jpg,26634,JPEG,600,450,RGB,True,
ISIC_0029777.jpg,ISIC_0029777,.jpg,25810,JPEG,600,450,RGB,True,
ISIC_0029778.jpg,ISIC_0029778,.jpg,26900,JPEG,600,450,RGB,True,
ISIC_0029779.jpg,ISIC_0029779,.jpg,28020,JPEG,600,450,RGB,True,
ISIC_0029780.jpg,ISIC_0029780,.jpg,42455,JPEG,600,450,RGB,True,
ISIC_0029781.jpg,ISIC_0029781,.jpg,24514,JPEG,600,450,RGB,True,
ISIC_0029782.jpg,ISIC_0029782,.jpg,21738,JPEG,600,450,RGB,True,
ISIC_0029783.jpg,ISIC_0029783,.jpg,23337,JPEG,600,450,RGB,True,
ISIC_0029784.jpg,ISIC_0029784,.jpg,33710,JPEG,600,450,RGB,True,
ISIC_0029785.jpg,ISIC_0029785,.jpg,26873,JPEG,600,450,RGB,True,
ISIC_0029786.jpg,ISIC_0029786,.jpg,20518,JPEG,600,450,RGB,True,
ISIC_0029787.jpg,ISIC_0029787,.jpg,28545,JPEG,600,450,RGB,True,
ISIC_0029788.jpg,ISIC_0029788,.jpg,22292,JPEG,600,450,RGB,True,
ISIC_0029789.jpg,ISIC_0029789,.jpg,30721,JPEG,600,450,RGB,True,
ISIC_0029790.jpg,ISIC_0029790,.jpg,25266,JPEG,600,450,RGB,True,
ISIC_0029791.jpg,ISIC_0029791,.jpg,34575,JPEG,600,450,RGB,True,
ISIC_0029792.jpg,ISIC_0029792,.jpg,18665,JPEG,600,450,RGB,True,
ISIC_0029793.jpg,ISIC_0029793,.jpg,24161,JPEG,600,450,RGB,True,
ISIC_0029794.jpg,ISIC_0029794,.jpg,30186,JPEG,600,450,RGB,True,
ISIC_0029795.jpg,ISIC_0029795,.jpg,25963,JPEG,600,450,RGB,True,
ISIC_0029796.jpg,ISIC_0029796,.jpg,24879,JPEG,600,450,RGB,True,
ISIC_0029797.jpg,ISIC_0029797,.jpg,28773,JPEG,600,450,RGB,True,
ISIC_0029798.jpg,ISIC_0029798,.jpg,35593,JPEG,600,450,RGB,True,
ISIC_0029799.jpg,ISIC_0029799,.jpg,38265,JPEG,600,450,RGB,True,
ISIC_0029800.jpg,ISIC_0029800,.jpg,23258,JPEG,600,450,RGB,True,
ISIC_0029801.jpg,ISIC_0029801,.jpg,26944,JPEG,600,450,RGB,True,
ISIC_0029802.jpg,ISIC_0029802,.jpg,36186,JPEG,600,450,RGB,True,
ISIC_0029803.jpg,ISIC_0029803,.jpg,24052,JPEG,600,450,RGB,True,
ISIC_0029804.jpg,ISIC_0029804,.jpg,23865,JPEG,600,450,RGB,True,
ISIC_0029805.jpg,ISIC_0029805,.jpg,22832,JPEG,600,450,RGB,True,
ISIC_0029806.jpg,ISIC_0029806,.jpg,23652,JPEG,600,450,RGB,True,
ISIC_0029807.jpg,ISIC_0029807,.jpg,21494,JPEG,600,450,RGB,True,
ISIC_0029808.jpg,ISIC_0029808,.jpg,23263,JPEG,600,450,RGB,True,
ISIC_0029809.jpg,ISIC_0029809,.jpg,29506,JPEG,600,450,RGB,True,
ISIC_0029810.jpg,ISIC_0029810,.jpg,24359,JPEG,600,450,RGB,True,
ISIC_0029811.jpg,ISIC_0029811,.jpg,26102,JPEG,600,450,RGB,True,
ISIC_0029812.jpg,ISIC_0029812,.jpg,21888,JPEG,600,450,RGB,True,
ISIC_0029813.jpg,ISIC_0029813,.jpg,23895,JPEG,600,450,RGB,True,
ISIC_0029814.jpg,ISIC_0029814,.jpg,36706,JPEG,600,450,RGB,True,
ISIC_0029815.jpg,ISIC_0029815,.jpg,39191,JPEG,600,450,RGB,True,
ISIC_0029816.jpg,ISIC_0029816,.jpg,21329,JPEG,600,450,RGB,True,
ISIC_0029817.jpg,ISIC_0029817,.jpg,23450,JPEG,600,450,RGB,True,
ISIC_0029818.jpg,ISIC_0029818,.jpg,24177,JPEG,600,450,RGB,True,
ISIC_0029819.jpg,ISIC_0029819,.jpg,35087,JPEG,600,450,RGB,True,
ISIC_0029820.jpg,ISIC_0029820,.jpg,30289,JPEG,600,450,RGB,True,
ISIC_0029821.jpg,ISIC_0029821,.jpg,24262,JPEG,600,450,RGB,True,
ISIC_0029822.jpg,ISIC_0029822,.jpg,28402,JPEG,600,450,RGB,True,
ISIC_0029823.jpg,ISIC_0029823,.jpg,23915,JPEG,600,450,RGB,True,
ISIC_0029824.jpg,ISIC_0029824,.jpg,33764,JPEG,600,450,RGB,True,
ISIC_0029825.jpg,ISIC_0029825,.jpg,30010,JPEG,600,450,RGB,True,
ISIC_0029826.jpg,ISIC_0029826,.jpg,32896,JPEG,600,450,RGB,True,
ISIC_0029827.jpg,ISIC_0029827,.jpg,26600,JPEG,600,450,RGB,True,
ISIC_0029828.jpg,ISIC_0029828,.jpg,26819,JPEG,600,450,RGB,True,
ISIC_0029829.jpg,ISIC_0029829,.jpg,38861,JPEG,600,450,RGB,True,
ISIC_0029830.jpg,ISIC_0029830,.jpg,25695,JPEG,600,450,RGB,True,
ISIC_0029831.jpg,ISIC_0029831,.jpg,21570,JPEG,600,450,RGB,True,
ISIC_0029832.jpg,ISIC_0029832,.jpg,28769,JPEG,600,450,RGB,True,
ISIC_0029833.jpg,ISIC_0029833,.jpg,25378,JPEG,600,450,RGB,True,
ISIC_0029834.jpg,ISIC_0029834,.jpg,18856,JPEG,600,450,RGB,True,
ISIC_0029835.jpg,ISIC_0029835,.jpg,29714,JPEG,600,450,RGB,True,
ISIC_0029836.jpg,ISIC_0029836,.jpg,38035,JPEG,600,450,RGB,True,
ISIC_0029837.jpg,ISIC_0029837,.jpg,31577,JPEG,600,450,RGB,True,
ISIC_0029838.jpg,ISIC_0029838,.jpg,23591,JPEG,600,450,RGB,True,
ISIC_0029839.jpg,ISIC_0029839,.jpg,25978,JPEG,600,450,RGB,True,
ISIC_0029840.jpg,ISIC_0029840,.jpg,27872,JPEG,600,450,RGB,True,
ISIC_0029841.jpg,ISIC_0029841,.jpg,24505,JPEG,600,450,RGB,True,
ISIC_0029842.jpg,ISIC_0029842,.jpg,28428,JPEG,600,450,RGB,True,
ISIC_0029843.jpg,ISIC_0029843,.jpg,33664,JPEG,600,450,RGB,True,
ISIC_0029844.jpg,ISIC_0029844,.jpg,25525,JPEG,600,450,RGB,True,
ISIC_0029845.jpg,ISIC_0029845,.jpg,24182,JPEG,600,450,RGB,True,
ISIC_0029846.jpg,ISIC_0029846,.jpg,22675,JPEG,600,450,RGB,True,
ISIC_0029847.jpg,ISIC_0029847,.jpg,30300,JPEG,600,450,RGB,True,
ISIC_0029848.jpg,ISIC_0029848,.jpg,31854,JPEG,600,450,RGB,True,
ISIC_0029849.jpg,ISIC_0029849,.jpg,29283,JPEG,600,450,RGB,True,
ISIC_0029850.jpg,ISIC_0029850,.jpg,28513,JPEG,600,450,RGB,True,
ISIC_0029851.jpg,ISIC_0029851,.jpg,33757,JPEG,600,450,RGB,True,
ISIC_0029852.jpg,ISIC_0029852,.jpg,24589,JPEG,600,450,RGB,True,
ISIC_0029853.jpg,ISIC_0029853,.jpg,22085,JPEG,600,450,RGB,True,
ISIC_0029854.jpg,ISIC_0029854,.jpg,20180,JPEG,600,450,RGB,True,
ISIC_0029855.jpg,ISIC_0029855,.jpg,24098,JPEG,600,450,RGB,True,
ISIC_0029856.jpg,ISIC_0029856,.jpg,24344,JPEG,600,450,RGB,True,
ISIC_0029857.jpg,ISIC_0029857,.jpg,21011,JPEG,600,450,RGB,True,
ISIC_0029858.jpg,ISIC_0029858,.jpg,25407,JPEG,600,450,RGB,True,
ISIC_0029859.jpg,ISIC_0029859,.jpg,25340,JPEG,600,450,RGB,True,
ISIC_0029860.jpg,ISIC_0029860,.jpg,27749,JPEG,600,450,RGB,True,
ISIC_0029861.jpg,ISIC_0029861,.jpg,25591,JPEG,600,450,RGB,True,
ISIC_0029862.jpg,ISIC_0029862,.jpg,18177,JPEG,600,450,RGB,True,
ISIC_0029863.jpg,ISIC_0029863,.jpg,23064,JPEG,600,450,RGB,True,
ISIC_0029864.jpg,ISIC_0029864,.jpg,23790,JPEG,600,450,RGB,True,
ISIC_0029865.jpg,ISIC_0029865,.jpg,28694,JPEG,600,450,RGB,True,
ISIC_0029866.jpg,ISIC_0029866,.jpg,22075,JPEG,600,450,RGB,True,
ISIC_0029867.jpg,ISIC_0029867,.jpg,36094,JPEG,600,450,RGB,True,
ISIC_0029868.jpg,ISIC_0029868,.jpg,21375,JPEG,600,450,RGB,True,
ISIC_0029869.jpg,ISIC_0029869,.jpg,25381,JPEG,600,450,RGB,True,
ISIC_0029870.jpg,ISIC_0029870,.jpg,23905,JPEG,600,450,RGB,True,
ISIC_0029871.jpg,ISIC_0029871,.jpg,23799,JPEG,600,450,RGB,True,
ISIC_0029872.jpg,ISIC_0029872,.jpg,21571,JPEG,600,450,RGB,True,
ISIC_0029873.jpg,ISIC_0029873,.jpg,21873,JPEG,600,450,RGB,True,
ISIC_0029874.jpg,ISIC_0029874,.jpg,24005,JPEG,600,450,RGB,True,
ISIC_0029875.jpg,ISIC_0029875,.jpg,28715,JPEG,600,450,RGB,True,
ISIC_0029876.jpg,ISIC_0029876,.jpg,34865,JPEG,600,450,RGB,True,
ISIC_0029877.jpg,ISIC_0029877,.jpg,30091,JPEG,600,450,RGB,True,
ISIC_0029878.jpg,ISIC_0029878,.jpg,21789,JPEG,600,450,RGB,True,
ISIC_0029879.jpg,ISIC_0029879,.jpg,33496,JPEG,600,450,RGB,True,
ISIC_0029880.jpg,ISIC_0029880,.jpg,32404,JPEG,600,450,RGB,True,
ISIC_0029881.jpg,ISIC_0029881,.jpg,31542,JPEG,600,450,RGB,True,
ISIC_0029882.jpg,ISIC_0029882,.jpg,27961,JPEG,600,450,RGB,True,
ISIC_0029883.jpg,ISIC_0029883,.jpg,25506,JPEG,600,450,RGB,True,
ISIC_0029884.jpg,ISIC_0029884,.jpg,34874,JPEG,600,450,RGB,True,
ISIC_0029885.jpg,ISIC_0029885,.jpg,22584,JPEG,600,450,RGB,True,
ISIC_0029886.jpg,ISIC_0029886,.jpg,21965,JPEG,600,450,RGB,True,
ISIC_0029887.jpg,ISIC_0029887,.jpg,21550,JPEG,600,450,RGB,True,
ISIC_0029888.jpg,ISIC_0029888,.jpg,35158,JPEG,600,450,RGB,True,
ISIC_0029889.jpg,ISIC_0029889,.jpg,20764,JPEG,600,450,RGB,True,
ISIC_0029890.jpg,ISIC_0029890,.jpg,18791,JPEG,600,450,RGB,True,
ISIC_0029891.jpg,ISIC_0029891,.jpg,30871,JPEG,600,450,RGB,True,
ISIC_0029892.jpg,ISIC_0029892,.jpg,28649,JPEG,600,450,RGB,True,
ISIC_0029893.jpg,ISIC_0029893,.jpg,32201,JPEG,600,450,RGB,True,
ISIC_0029894.jpg,ISIC_0029894,.jpg,25285,JPEG,600,450,RGB,True,
ISIC_0029895.jpg,ISIC_0029895,.jpg,20627,JPEG,600,450,RGB,True,
ISIC_0029896.jpg,ISIC_0029896,.jpg,20281,JPEG,600,450,RGB,True,
ISIC_0029897.jpg,ISIC_0029897,.jpg,45461,JPEG,600,450,RGB,True,
ISIC_0029898.jpg,ISIC_0029898,.jpg,20142,JPEG,600,450,RGB,True,
ISIC_0029899.jpg,ISIC_0029899,.jpg,27508,JPEG,600,450,RGB,True,
ISIC_0029900.jpg,ISIC_0029900,.jpg,34534,JPEG,600,450,RGB,True,
ISIC_0029901.jpg,ISIC_0029901,.jpg,26176,JPEG,600,450,RGB,True,
ISIC_0029902.jpg,ISIC_0029902,.jpg,20252,JPEG,600,450,RGB,True,
ISIC_0029903.jpg,ISIC_0029903,.jpg,28758,JPEG,600,450,RGB,True,
ISIC_0029904.jpg,ISIC_0029904,.jpg,30518,JPEG,600,450,RGB,True,
ISIC_0029905.jpg,ISIC_0029905,.jpg,25684,JPEG,600,450,RGB,True,
ISIC_0029906.jpg,ISIC_0029906,.jpg,27067,JPEG,600,450,RGB,True,
ISIC_0029907.jpg,ISIC_0029907,.jpg,24170,JPEG,600,450,RGB,True,
ISIC_0029908.jpg,ISIC_0029908,.jpg,31542,JPEG,600,450,RGB,True,
ISIC_0029909.jpg,ISIC_0029909,.jpg,32013,JPEG,600,450,RGB,True,
ISIC_0029910.jpg,ISIC_0029910,.jpg,23504,JPEG,600,450,RGB,True,
ISIC_0029911.jpg,ISIC_0029911,.jpg,26415,JPEG,600,450,RGB,True,
ISIC_0029912.jpg,ISIC_0029912,.jpg,18298,JPEG,600,450,RGB,True,
ISIC_0029913.jpg,ISIC_0029913,.jpg,32691,JPEG,600,450,RGB,True,
ISIC_0029914.jpg,ISIC_0029914,.jpg,33028,JPEG,600,450,RGB,True,
ISIC_0029915.jpg,ISIC_0029915,.jpg,24649,JPEG,600,450,RGB,True,
ISIC_0029916.jpg,ISIC_0029916,.jpg,27203,JPEG,600,450,RGB,True,
ISIC_0029917.jpg,ISIC_0029917,.jpg,22826,JPEG,600,450,RGB,True,
ISIC_0029918.jpg,ISIC_0029918,.jpg,34478,JPEG,600,450,RGB,True,
ISIC_0029919.jpg,ISIC_0029919,.jpg,30438,JPEG,600,450,RGB,True,
ISIC_0029920.jpg,ISIC_0029920,.jpg,19992,JPEG,600,450,RGB,True,
ISIC_0029921.jpg,ISIC_0029921,.jpg,19663,JPEG,600,450,RGB,True,
ISIC_0029922.jpg,ISIC_0029922,.jpg,27716,JPEG,600,450,RGB,True,
ISIC_0029923.jpg,ISIC_0029923,.jpg,28403,JPEG,600,450,RGB,True,
ISIC_0029924.jpg,ISIC_0029924,.jpg,23457,JPEG,600,450,RGB,True,
ISIC_0029925.jpg,ISIC_0029925,.jpg,21050,JPEG,600,450,RGB,True,
ISIC_0029926.jpg,ISIC_0029926,.jpg,25372,JPEG,600,450,RGB,True,
ISIC_0029927.jpg,ISIC_0029927,.jpg,29777,JPEG,600,450,RGB,True,
ISIC_0029928.jpg,ISIC_0029928,.jpg,24687,JPEG,600,450,RGB,True,
ISIC_0029929.jpg,ISIC_0029929,.jpg,30187,JPEG,600,450,RGB,True,
ISIC_0029930.jpg,ISIC_0029930,.jpg,33293,JPEG,600,450,RGB,True,
ISIC_0029931.jpg,ISIC_0029931,.jpg,35705,JPEG,600,450,RGB,True,
ISIC_0029932.jpg,ISIC_0029932,.jpg,35060,JPEG,600,450,RGB,True,
ISIC_0029933.jpg,ISIC_0029933,.jpg,31767,JPEG,600,450,RGB,True,
ISIC_0029934.jpg,ISIC_0029934,.jpg,23767,JPEG,600,450,RGB,True,
ISIC_0029935.jpg,ISIC_0029935,.jpg,19008,JPEG,600,450,RGB,True,
ISIC_0029936.jpg,ISIC_0029936,.jpg,22477,JPEG,600,450,RGB,True,
ISIC_0029937.jpg,ISIC_0029937,.jpg,31329,JPEG,600,450,RGB,True,
ISIC_0029938.jpg,ISIC_0029938,.jpg,25222,JPEG,600,450,RGB,True,
ISIC_0029939.jpg,ISIC_0029939,.jpg,25670,JPEG,600,450,RGB,True,
ISIC_0029940.jpg,ISIC_0029940,.jpg,27300,JPEG,600,450,RGB,True,
ISIC_0029941.jpg,ISIC_0029941,.jpg,26204,JPEG,600,450,RGB,True,
ISIC_0029942.jpg,ISIC_0029942,.jpg,24057,JPEG,600,450,RGB,True,
ISIC_0029943.jpg,ISIC_0029943,.jpg,28112,JPEG,600,450,RGB,True,
ISIC_0029944.jpg,ISIC_0029944,.jpg,19899,JPEG,600,450,RGB,True,
ISIC_0029945.jpg,ISIC_0029945,.jpg,28805,JPEG,600,450,RGB,True,
ISIC_0029946.jpg,ISIC_0029946,.jpg,25577,JPEG,600,450,RGB,True,
ISIC_0029947.jpg,ISIC_0029947,.jpg,29759,JPEG,600,450,RGB,True,
ISIC_0029948.jpg,ISIC_0029948,.jpg,20604,JPEG,600,450,RGB,True,
ISIC_0029949.jpg,ISIC_0029949,.jpg,31496,JPEG,600,450,RGB,True,
ISIC_0029950.jpg,ISIC_0029950,.jpg,28110,JPEG,600,450,RGB,True,
ISIC_0029951.jpg,ISIC_0029951,.jpg,23098,JPEG,600,450,RGB,True,
ISIC_0029952.jpg,ISIC_0029952,.jpg,20772,JPEG,600,450,RGB,True,
ISIC_0029953.jpg,ISIC_0029953,.jpg,28534,JPEG,600,450,RGB,True,
ISIC_0029954.jpg,ISIC_0029954,.jpg,37520,JPEG,600,450,RGB,True,
ISIC_0029955.jpg,ISIC_0029955,.jpg,22152,JPEG,600,450,RGB,True,
ISIC_0029956.jpg,ISIC_0029956,.jpg,20599,JPEG,600,450,RGB,True,
ISIC_0029957.jpg,ISIC_0029957,.jpg,28355,JPEG,600,450,RGB,True,
ISIC_0029958.jpg,ISIC_0029958,.jpg,33709,JPEG,600,450,RGB,True,
ISIC_0029959.jpg,ISIC_0029959,.jpg,31639,JPEG,600,450,RGB,True,
ISIC_0029960.jpg,ISIC_0029960,.jpg,22425,JPEG,600,450,RGB,True,
ISIC_0029961.jpg,ISIC_0029961,.jpg,34996,JPEG,600,450,RGB,True,
ISIC_0029962.jpg,ISIC_0029962,.jpg,24722,JPEG,600,450,RGB,True,
ISIC_0029963.jpg,ISIC_0029963,.jpg,25020,JPEG,600,450,RGB,True,
ISIC_0029964.jpg,ISIC_0029964,.jpg,27500,JPEG,600,450,RGB,True,
ISIC_0029965.jpg,ISIC_0029965,.jpg,24429,JPEG,600,450,RGB,True,
ISIC_0029966.jpg,ISIC_0029966,.jpg,36309,JPEG,600,450,RGB,True,
ISIC_0029967.jpg,ISIC_0029967,.jpg,26677,JPEG,600,450,RGB,True,
ISIC_0029968.jpg,ISIC_0029968,.jpg,27084,JPEG,600,450,RGB,True,
ISIC_0029969.jpg,ISIC_0029969,.jpg,25389,JPEG,600,450,RGB,True,
ISIC_0029970.jpg,ISIC_0029970,.jpg,21288,JPEG,600,450,RGB,True,
ISIC_0029971.jpg,ISIC_0029971,.jpg,23286,JPEG,600,450,RGB,True,
ISIC_0029972.jpg,ISIC_0029972,.jpg,22036,JPEG,600,450,RGB,True,
ISIC_0029973.jpg,ISIC_0029973,.jpg,28032,JPEG,600,450,RGB,True,
ISIC_0029974.jpg,ISIC_0029974,.jpg,30599,JPEG,600,450,RGB,True,
ISIC_0029975.jpg,ISIC_0029975,.jpg,18562,JPEG,600,450,RGB,True,
ISIC_0029976.jpg,ISIC_0029976,.jpg,27693,JPEG,600,450,RGB,True,
ISIC_0029977.jpg,ISIC_0029977,.jpg,24383,JPEG,600,450,RGB,True,
ISIC_0029978.jpg,ISIC_0029978,.jpg,29432,JPEG,600,450,RGB,True,
ISIC_0029979.jpg,ISIC_0029979,.jpg,26743,JPEG,600,450,RGB,True,
ISIC_0029980.jpg,ISIC_0029980,.jpg,22341,JPEG,600,450,RGB,True,
ISIC_0029981.jpg,ISIC_0029981,.jpg,22633,JPEG,600,450,RGB,True,
ISIC_0029982.jpg,ISIC_0029982,.jpg,31242,JPEG,600,450,RGB,True,
ISIC_0029983.jpg,ISIC_0029983,.jpg,23390,JPEG,600,450,RGB,True,
ISIC_0029984.jpg,ISIC_0029984,.jpg,30633,JPEG,600,450,RGB,True,
ISIC_0029985.jpg,ISIC_0029985,.jpg,61588,JPEG,600,450,RGB,True,
ISIC_0029986.jpg,ISIC_0029986,.jpg,29085,JPEG,600,450,RGB,True,
ISIC_0029987.jpg,ISIC_0029987,.jpg,23211,JPEG,600,450,RGB,True,
ISIC_0029988.jpg,ISIC_0029988,.jpg,29147,JPEG,600,450,RGB,True,
ISIC_0029989.jpg,ISIC_0029989,.jpg,29472,JPEG,600,450,RGB,True,
ISIC_0029990.jpg,ISIC_0029990,.jpg,23957,JPEG,600,450,RGB,True,
ISIC_0029991.jpg,ISIC_0029991,.jpg,27805,JPEG,600,450,RGB,True,
ISIC_0029992.jpg,ISIC_0029992,.jpg,23928,JPEG,600,450,RGB,True,
ISIC_0029993.jpg,ISIC_0029993,.jpg,30858,JPEG,600,450,RGB,True,
ISIC_0029994.jpg,ISIC_0029994,.jpg,29840,JPEG,600,450,RGB,True,
ISIC_0029995.jpg,ISIC_0029995,.jpg,31161,JPEG,600,450,RGB,True,
ISIC_0029996.jpg,ISIC_0029996,.jpg,24742,JPEG,600,450,RGB,True,
ISIC_0029997.jpg,ISIC_0029997,.jpg,26885,JPEG,600,450,RGB,True,
ISIC_0029998.jpg,ISIC_0029998,.jpg,35049,JPEG,600,450,RGB,True,
ISIC_0029999.jpg,ISIC_0029999,.jpg,27205,JPEG,600,450,RGB,True,
ISIC_0030000.jpg,ISIC_0030000,.jpg,31809,JPEG,600,450,RGB,True,
ISIC_0030001.jpg,ISIC_0030001,.jpg,25020,JPEG,600,450,RGB,True,
ISIC_0030002.jpg,ISIC_0030002,.jpg,25553,JPEG,600,450,RGB,True,
ISIC_0030003.jpg,ISIC_0030003,.jpg,35397,JPEG,600,450,RGB,True,
ISIC_0030004.jpg,ISIC_0030004,.jpg,27159,JPEG,600,450,RGB,True,
ISIC_0030005.jpg,ISIC_0030005,.jpg,22892,JPEG,600,450,RGB,True,
ISIC_0030006.jpg,ISIC_0030006,.jpg,55930,JPEG,600,450,RGB,True,
ISIC_0030007.jpg,ISIC_0030007,.jpg,26586,JPEG,600,450,RGB,True,
ISIC_0030008.jpg,ISIC_0030008,.jpg,26595,JPEG,600,450,RGB,True,
ISIC_0030009.jpg,ISIC_0030009,.jpg,29436,JPEG,600,450,RGB,True,
ISIC_0030010.jpg,ISIC_0030010,.jpg,29286,JPEG,600,450,RGB,True,
ISIC_0030011.jpg,ISIC_0030011,.jpg,38634,JPEG,600,450,RGB,True,
ISIC_0030012.jpg,ISIC_0030012,.jpg,21966,JPEG,600,450,RGB,True,
ISIC_0030013.jpg,ISIC_0030013,.jpg,40415,JPEG,600,450,RGB,True,
ISIC_0030014.jpg,ISIC_0030014,.jpg,28971,JPEG,600,450,RGB,True,
ISIC_0030015.jpg,ISIC_0030015,.jpg,22304,JPEG,600,450,RGB,True,
ISIC_0030016.jpg,ISIC_0030016,.jpg,30907,JPEG,600,450,RGB,True,
ISIC_0030017.jpg,ISIC_0030017,.jpg,22434,JPEG,600,450,RGB,True,
ISIC_0030018.jpg,ISIC_0030018,.jpg,26434,JPEG,600,450,RGB,True,
ISIC_0030019.jpg,ISIC_0030019,.jpg,29204,JPEG,600,450,RGB,True,
ISIC_0030020.jpg,ISIC_0030020,.jpg,29303,JPEG,600,450,RGB,True,
ISIC_0030021.jpg,ISIC_0030021,.jpg,24760,JPEG,600,450,RGB,True,
ISIC_0030022.jpg,ISIC_0030022,.jpg,26833,JPEG,600,450,RGB,True,
ISIC_0030023.jpg,ISIC_0030023,.jpg,26166,JPEG,600,450,RGB,True,
ISIC_0030024.jpg,ISIC_0030024,.jpg,25120,JPEG,600,450,RGB,True,
ISIC_0030025.jpg,ISIC_0030025,.jpg,23110,JPEG,600,450,RGB,True,
ISIC_0030026.jpg,ISIC_0030026,.jpg,32129,JPEG,600,450,RGB,True,
ISIC_0030027.jpg,ISIC_0030027,.jpg,26240,JPEG,600,450,RGB,True,
ISIC_0030028.jpg,ISIC_0030028,.jpg,23435,JPEG,600,450,RGB,True,
ISIC_0030029.jpg,ISIC_0030029,.jpg,18013,JPEG,600,450,RGB,True,
ISIC_0030030.jpg,ISIC_0030030,.jpg,30474,JPEG,600,450,RGB,True,
ISIC_0030031.jpg,ISIC_0030031,.jpg,32309,JPEG,600,450,RGB,True,
ISIC_0030032.jpg,ISIC_0030032,.jpg,35065,JPEG,600,450,RGB,True,
ISIC_0030033.jpg,ISIC_0030033,.jpg,30212,JPEG,600,450,RGB,True,
ISIC_0030034.jpg,ISIC_0030034,.jpg,28150,JPEG,600,450,RGB,True,
ISIC_0030035.jpg,ISIC_0030035,.jpg,32833,JPEG,600,450,RGB,True,
ISIC_0030036.jpg,ISIC_0030036,.jpg,23908,JPEG,600,450,RGB,True,
ISIC_0030037.jpg,ISIC_0030037,.jpg,31399,JPEG,600,450,RGB,True,
ISIC_0030038.jpg,ISIC_0030038,.jpg,23437,JPEG,600,450,RGB,True,
ISIC_0030039.jpg,ISIC_0030039,.jpg,26466,JPEG,600,450,RGB,True,
ISIC_0030040.jpg,ISIC_0030040,.jpg,20733,JPEG,600,450,RGB,True,
ISIC_0030041.jpg,ISIC_0030041,.jpg,29431,JPEG,600,450,RGB,True,
ISIC_0030042.jpg,ISIC_0030042,.jpg,25819,JPEG,600,450,RGB,True,
ISIC_0030043.jpg,ISIC_0030043,.jpg,25706,JPEG,600,450,RGB,True,
ISIC_0030044.jpg,ISIC_0030044,.jpg,25014,JPEG,600,450,RGB,True,
ISIC_0030045.jpg,ISIC_0030045,.jpg,37696,JPEG,600,450,RGB,True,
ISIC_0030046.jpg,ISIC_0030046,.jpg,19604,JPEG,600,450,RGB,True,
ISIC_0030047.jpg,ISIC_0030047,.jpg,24713,JPEG,600,450,RGB,True,
ISIC_0030048.jpg,ISIC_0030048,.jpg,32548,JPEG,600,450,RGB,True,
ISIC_0030049.jpg,ISIC_0030049,.jpg,26212,JPEG,600,450,RGB,True,
ISIC_0030050.jpg,ISIC_0030050,.jpg,30911,JPEG,600,450,RGB,True,
ISIC_0030051.jpg,ISIC_0030051,.jpg,26930,JPEG,600,450,RGB,True,
ISIC_0030052.jpg,ISIC_0030052,.jpg,27486,JPEG,600,450,RGB,True,
ISIC_0030053.jpg,ISIC_0030053,.jpg,29433,JPEG,600,450,RGB,True,
ISIC_0030054.jpg,ISIC_0030054,.jpg,23871,JPEG,600,450,RGB,True,
ISIC_0030055.jpg,ISIC_0030055,.jpg,31813,JPEG,600,450,RGB,True,
ISIC_0030056.jpg,ISIC_0030056,.jpg,30479,JPEG,600,450,RGB,True,
ISIC_0030057.jpg,ISIC_0030057,.jpg,29947,JPEG,600,450,RGB,True,
ISIC_0030058.jpg,ISIC_0030058,.jpg,22430,JPEG,600,450,RGB,True,
ISIC_0030059.jpg,ISIC_0030059,.jpg,52627,JPEG,600,450,RGB,True,
ISIC_0030060.jpg,ISIC_0030060,.jpg,32326,JPEG,600,450,RGB,True,
ISIC_0030061.jpg,ISIC_0030061,.jpg,26089,JPEG,600,450,RGB,True,
ISIC_0030062.jpg,ISIC_0030062,.jpg,24816,JPEG,600,450,RGB,True,
ISIC_0030063.jpg,ISIC_0030063,.jpg,26419,JPEG,600,450,RGB,True,
ISIC_0030064.jpg,ISIC_0030064,.jpg,20543,JPEG,600,450,RGB,True,
ISIC_0030065.jpg,ISIC_0030065,.jpg,28486,JPEG,600,450,RGB,True,
ISIC_0030066.jpg,ISIC_0030066,.jpg,32304,JPEG,600,450,RGB,True,
ISIC_0030067.jpg,ISIC_0030067,.jpg,34138,JPEG,600,450,RGB,True,
ISIC_0030068.jpg,ISIC_0030068,.jpg,27061,JPEG,600,450,RGB,True,
ISIC_0030069.jpg,ISIC_0030069,.jpg,24334,JPEG,600,450,RGB,True,
ISIC_0030070.jpg,ISIC_0030070,.jpg,16083,JPEG,600,450,RGB,True,
ISIC_0030071.jpg,ISIC_0030071,.jpg,19746,JPEG,600,450,RGB,True,
ISIC_0030072.jpg,ISIC_0030072,.jpg,47842,JPEG,600,450,RGB,True,
ISIC_0030073.jpg,ISIC_0030073,.jpg,28029,JPEG,600,450,RGB,True,
ISIC_0030074.jpg,ISIC_0030074,.jpg,29711,JPEG,600,450,RGB,True,
ISIC_0030075.jpg,ISIC_0030075,.jpg,24104,JPEG,600,450,RGB,True,
ISIC_0030076.jpg,ISIC_0030076,.jpg,31739,JPEG,600,450,RGB,True,
ISIC_0030077.jpg,ISIC_0030077,.jpg,31642,JPEG,600,450,RGB,True,
ISIC_0030078.jpg,ISIC_0030078,.jpg,22007,JPEG,600,450,RGB,True,
ISIC_0030079.jpg,ISIC_0030079,.jpg,29630,JPEG,600,450,RGB,True,
ISIC_0030080.jpg,ISIC_0030080,.jpg,37954,JPEG,600,450,RGB,True,
ISIC_0030081.jpg,ISIC_0030081,.jpg,27406,JPEG,600,450,RGB,True,
ISIC_0030082.jpg,ISIC_0030082,.jpg,24308,JPEG,600,450,RGB,True,
ISIC_0030083.jpg,ISIC_0030083,.jpg,29997,JPEG,600,450,RGB,True,
ISIC_0030084.jpg,ISIC_0030084,.jpg,28310,JPEG,600,450,RGB,True,
ISIC_0030085.jpg,ISIC_0030085,.jpg,28925,JPEG,600,450,RGB,True,
ISIC_0030086.jpg,ISIC_0030086,.jpg,29905,JPEG,600,450,RGB,True,
ISIC_0030087.jpg,ISIC_0030087,.jpg,27076,JPEG,600,450,RGB,True,
ISIC_0030088.jpg,ISIC_0030088,.jpg,32020,JPEG,600,450,RGB,True,
ISIC_0030089.jpg,ISIC_0030089,.jpg,28680,JPEG,600,450,RGB,True,
ISIC_0030090.jpg,ISIC_0030090,.jpg,23097,JPEG,600,450,RGB,True,
ISIC_0030091.jpg,ISIC_0030091,.jpg,41007,JPEG,600,450,RGB,True,
ISIC_0030092.jpg,ISIC_0030092,.jpg,32287,JPEG,600,450,RGB,True,
ISIC_0030093.jpg,ISIC_0030093,.jpg,31409,JPEG,600,450,RGB,True,
ISIC_0030094.jpg,ISIC_0030094,.jpg,27608,JPEG,600,450,RGB,True,
ISIC_0030095.jpg,ISIC_0030095,.jpg,35755,JPEG,600,450,RGB,True,
ISIC_0030096.jpg,ISIC_0030096,.jpg,22933,JPEG,600,450,RGB,True,
ISIC_0030097.jpg,ISIC_0030097,.jpg,36867,JPEG,600,450,RGB,True,
ISIC_0030098.jpg,ISIC_0030098,.jpg,24998,JPEG,600,450,RGB,True,
ISIC_0030099.jpg,ISIC_0030099,.jpg,22086,JPEG,600,450,RGB,True,
ISIC_0030100.jpg,ISIC_0030100,.jpg,25540,JPEG,600,450,RGB,True,
ISIC_0030101.jpg,ISIC_0030101,.jpg,25643,JPEG,600,450,RGB,True,
ISIC_0030102.jpg,ISIC_0030102,.jpg,20948,JPEG,600,450,RGB,True,
ISIC_0030103.jpg,ISIC_0030103,.jpg,24420,JPEG,600,450,RGB,True,
ISIC_0030104.jpg,ISIC_0030104,.jpg,24126,JPEG,600,450,RGB,True,
ISIC_0030105.jpg,ISIC_0030105,.jpg,25215,JPEG,600,450,RGB,True,
ISIC_0030106.jpg,ISIC_0030106,.jpg,29284,JPEG,600,450,RGB,True,
ISIC_0030107.jpg,ISIC_0030107,.jpg,24387,JPEG,600,450,RGB,True,
ISIC_0030108.jpg,ISIC_0030108,.jpg,22764,JPEG,600,450,RGB,True,
ISIC_0030109.jpg,ISIC_0030109,.jpg,23913,JPEG,600,450,RGB,True,
ISIC_0030110.jpg,ISIC_0030110,.jpg,39665,JPEG,600,450,RGB,True,
ISIC_0030111.jpg,ISIC_0030111,.jpg,23557,JPEG,600,450,RGB,True,
ISIC_0030112.jpg,ISIC_0030112,.jpg,25309,JPEG,600,450,RGB,True,
ISIC_0030113.jpg,ISIC_0030113,.jpg,25497,JPEG,600,450,RGB,True,
ISIC_0030114.jpg,ISIC_0030114,.jpg,25108,JPEG,600,450,RGB,True,
ISIC_0030115.jpg,ISIC_0030115,.jpg,32377,JPEG,600,450,RGB,True,
ISIC_0030116.jpg,ISIC_0030116,.jpg,33228,JPEG,600,450,RGB,True,
ISIC_0030117.jpg,ISIC_0030117,.jpg,18729,JPEG,600,450,RGB,True,
ISIC_0030118.jpg,ISIC_0030118,.jpg,51530,JPEG,600,450,RGB,True,
ISIC_0030119.jpg,ISIC_0030119,.jpg,28351,JPEG,600,450,RGB,True,
ISIC_0030120.jpg,ISIC_0030120,.jpg,57516,JPEG,600,450,RGB,True,
ISIC_0030121.jpg,ISIC_0030121,.jpg,27938,JPEG,600,450,RGB,True,
ISIC_0030122.jpg,ISIC_0030122,.jpg,22545,JPEG,600,450,RGB,True,
ISIC_0030123.jpg,ISIC_0030123,.jpg,22676,JPEG,600,450,RGB,True,
ISIC_0030124.jpg,ISIC_0030124,.jpg,37243,JPEG,600,450,RGB,True,
ISIC_0030125.jpg,ISIC_0030125,.jpg,34653,JPEG,600,450,RGB,True,
ISIC_0030126.jpg,ISIC_0030126,.jpg,34932,JPEG,600,450,RGB,True,
ISIC_0030127.jpg,ISIC_0030127,.jpg,49995,JPEG,600,450,RGB,True,
ISIC_0030128.jpg,ISIC_0030128,.jpg,21437,JPEG,600,450,RGB,True,
ISIC_0030129.jpg,ISIC_0030129,.jpg,29508,JPEG,600,450,RGB,True,
ISIC_0030130.jpg,ISIC_0030130,.jpg,34008,JPEG,600,450,RGB,True,
ISIC_0030131.jpg,ISIC_0030131,.jpg,22197,JPEG,600,450,RGB,True,
ISIC_0030132.jpg,ISIC_0030132,.jpg,36255,JPEG,600,450,RGB,True,
ISIC_0030133.jpg,ISIC_0030133,.jpg,27932,JPEG,600,450,RGB,True,
ISIC_0030134.jpg,ISIC_0030134,.jpg,24820,JPEG,600,450,RGB,True,
ISIC_0030135.jpg,ISIC_0030135,.jpg,28282,JPEG,600,450,RGB,True,
ISIC_0030136.jpg,ISIC_0030136,.jpg,23410,JPEG,600,450,RGB,True,
ISIC_0030137.jpg,ISIC_0030137,.jpg,30396,JPEG,600,450,RGB,True,
ISIC_0030138.jpg,ISIC_0030138,.jpg,21285,JPEG,600,450,RGB,True,
ISIC_0030139.jpg,ISIC_0030139,.jpg,29764,JPEG,600,450,RGB,True,
ISIC_0030140.jpg,ISIC_0030140,.jpg,23876,JPEG,600,450,RGB,True,
ISIC_0030141.jpg,ISIC_0030141,.jpg,19675,JPEG,600,450,RGB,True,
ISIC_0030142.jpg,ISIC_0030142,.jpg,29541,JPEG,600,450,RGB,True,
ISIC_0030143.jpg,ISIC_0030143,.jpg,26611,JPEG,600,450,RGB,True,
ISIC_0030144.jpg,ISIC_0030144,.jpg,21418,JPEG,600,450,RGB,True,
ISIC_0030145.jpg,ISIC_0030145,.jpg,31089,JPEG,600,450,RGB,True,
ISIC_0030146.jpg,ISIC_0030146,.jpg,25056,JPEG,600,450,RGB,True,
ISIC_0030147.jpg,ISIC_0030147,.jpg,30220,JPEG,600,450,RGB,True,
ISIC_0030148.jpg,ISIC_0030148,.jpg,26499,JPEG,600,450,RGB,True,
ISIC_0030149.jpg,ISIC_0030149,.jpg,27523,JPEG,600,450,RGB,True,
ISIC_0030150.jpg,ISIC_0030150,.jpg,30804,JPEG,600,450,RGB,True,
ISIC_0030151.jpg,ISIC_0030151,.jpg,26097,JPEG,600,450,RGB,True,
ISIC_0030152.jpg,ISIC_0030152,.jpg,28132,JPEG,600,450,RGB,True,
ISIC_0030153.jpg,ISIC_0030153,.jpg,22909,JPEG,600,450,RGB,True,
ISIC_0030154.jpg,ISIC_0030154,.jpg,21911,JPEG,600,450,RGB,True,
ISIC_0030155.jpg,ISIC_0030155,.jpg,22752,JPEG,600,450,RGB,True,
ISIC_0030156.jpg,ISIC_0030156,.jpg,29853,JPEG,600,450,RGB,True,
ISIC_0030157.jpg,ISIC_0030157,.jpg,24511,JPEG,600,450,RGB,True,
ISIC_0030158.jpg,ISIC_0030158,.jpg,28779,JPEG,600,450,RGB,True,
ISIC_0030159.jpg,ISIC_0030159,.jpg,28092,JPEG,600,450,RGB,True,
ISIC_0030160.jpg,ISIC_0030160,.jpg,30753,JPEG,600,450,RGB,True,
ISIC_0030161.jpg,ISIC_0030161,.jpg,27546,JPEG,600,450,RGB,True,
ISIC_0030162.jpg,ISIC_0030162,.jpg,20728,JPEG,600,450,RGB,True,
ISIC_0030163.jpg,ISIC_0030163,.jpg,23068,JPEG,600,450,RGB,True,
ISIC_0030164.jpg,ISIC_0030164,.jpg,26789,JPEG,600,450,RGB,True,
ISIC_0030165.jpg,ISIC_0030165,.jpg,33130,JPEG,600,450,RGB,True,
ISIC_0030166.jpg,ISIC_0030166,.jpg,24996,JPEG,600,450,RGB,True,
ISIC_0030167.jpg,ISIC_0030167,.jpg,51029,JPEG,600,450,RGB,True,
ISIC_0030168.jpg,ISIC_0030168,.jpg,32580,JPEG,600,450,RGB,True,
ISIC_0030169.jpg,ISIC_0030169,.jpg,35267,JPEG,600,450,RGB,True,
ISIC_0030170.jpg,ISIC_0030170,.jpg,30970,JPEG,600,450,RGB,True,
ISIC_0030171.jpg,ISIC_0030171,.jpg,31318,JPEG,600,450,RGB,True,
ISIC_0030172.jpg,ISIC_0030172,.jpg,23878,JPEG,600,450,RGB,True,
ISIC_0030173.jpg,ISIC_0030173,.jpg,32590,JPEG,600,450,RGB,True,
ISIC_0030174.jpg,ISIC_0030174,.jpg,25190,JPEG,600,450,RGB,True,
ISIC_0030175.jpg,ISIC_0030175,.jpg,27652,JPEG,600,450,RGB,True,
ISIC_0030176.jpg,ISIC_0030176,.jpg,15839,JPEG,600,450,RGB,True,
ISIC_0030177.jpg,ISIC_0030177,.jpg,19842,JPEG,600,450,RGB,True,
ISIC_0030178.jpg,ISIC_0030178,.jpg,24172,JPEG,600,450,RGB,True,
ISIC_0030179.jpg,ISIC_0030179,.jpg,32393,JPEG,600,450,RGB,True,
ISIC_0030180.jpg,ISIC_0030180,.jpg,18645,JPEG,600,450,RGB,True,
ISIC_0030181.jpg,ISIC_0030181,.jpg,26337,JPEG,600,450,RGB,True,
ISIC_0030182.jpg,ISIC_0030182,.jpg,40680,JPEG,600,450,RGB,True,
ISIC_0030183.jpg,ISIC_0030183,.jpg,28895,JPEG,600,450,RGB,True,
ISIC_0030184.jpg,ISIC_0030184,.jpg,23188,JPEG,600,450,RGB,True,
ISIC_0030185.jpg,ISIC_0030185,.jpg,27150,JPEG,600,450,RGB,True,
ISIC_0030186.jpg,ISIC_0030186,.jpg,21485,JPEG,600,450,RGB,True,
ISIC_0030187.jpg,ISIC_0030187,.jpg,39518,JPEG,600,450,RGB,True,
ISIC_0030188.jpg,ISIC_0030188,.jpg,40655,JPEG,600,450,RGB,True,
ISIC_0030189.jpg,ISIC_0030189,.jpg,31638,JPEG,600,450,RGB,True,
ISIC_0030190.jpg,ISIC_0030190,.jpg,21965,JPEG,600,450,RGB,True,
ISIC_0030191.jpg,ISIC_0030191,.jpg,24771,JPEG,600,450,RGB,True,
ISIC_0030192.jpg,ISIC_0030192,.jpg,27663,JPEG,600,450,RGB,True,
ISIC_0030193.jpg,ISIC_0030193,.jpg,28516,JPEG,600,450,RGB,True,
ISIC_0030194.jpg,ISIC_0030194,.jpg,27131,JPEG,600,450,RGB,True,
ISIC_0030195.jpg,ISIC_0030195,.jpg,27034,JPEG,600,450,RGB,True,
ISIC_0030196.jpg,ISIC_0030196,.jpg,32025,JPEG,600,450,RGB,True,
ISIC_0030197.jpg,ISIC_0030197,.jpg,31737,JPEG,600,450,RGB,True,
ISIC_0030198.jpg,ISIC_0030198,.jpg,20721,JPEG,600,450,RGB,True,
ISIC_0030199.jpg,ISIC_0030199,.jpg,25027,JPEG,600,450,RGB,True,
ISIC_0030200.jpg,ISIC_0030200,.jpg,22720,JPEG,600,450,RGB,True,
ISIC_0030201.jpg,ISIC_0030201,.jpg,28619,JPEG,600,450,RGB,True,
ISIC_0030202.jpg,ISIC_0030202,.jpg,28027,JPEG,600,450,RGB,True,
ISIC_0030203.jpg,ISIC_0030203,.jpg,38810,JPEG,600,450,RGB,True,
ISIC_0030204.jpg,ISIC_0030204,.jpg,30378,JPEG,600,450,RGB,True,
ISIC_0030205.jpg,ISIC_0030205,.jpg,24354,JPEG,600,450,RGB,True,
ISIC_0030206.jpg,ISIC_0030206,.jpg,35003,JPEG,600,450,RGB,True,
ISIC_0030207.jpg,ISIC_0030207,.jpg,24706,JPEG,600,450,RGB,True,
ISIC_0030208.jpg,ISIC_0030208,.jpg,29266,JPEG,600,450,RGB,True,
ISIC_0030209.jpg,ISIC_0030209,.jpg,20825,JPEG,600,450,RGB,True,
ISIC_0030210.jpg,ISIC_0030210,.jpg,13857,JPEG,600,450,RGB,True,
ISIC_0030211.jpg,ISIC_0030211,.jpg,36868,JPEG,600,450,RGB,True,
ISIC_0030212.jpg,ISIC_0030212,.jpg,19611,JPEG,600,450,RGB,True,
ISIC_0030213.jpg,ISIC_0030213,.jpg,24234,JPEG,600,450,RGB,True,
ISIC_0030214.jpg,ISIC_0030214,.jpg,34482,JPEG,600,450,RGB,True,
ISIC_0030215.jpg,ISIC_0030215,.jpg,22003,JPEG,600,450,RGB,True,
ISIC_0030216.jpg,ISIC_0030216,.jpg,20676,JPEG,600,450,RGB,True,
ISIC_0030217.jpg,ISIC_0030217,.jpg,29929,JPEG,600,450,RGB,True,
ISIC_0030218.jpg,ISIC_0030218,.jpg,32948,JPEG,600,450,RGB,True,
ISIC_0030219.jpg,ISIC_0030219,.jpg,27933,JPEG,600,450,RGB,True,
ISIC_0030220.jpg,ISIC_0030220,.jpg,22518,JPEG,600,450,RGB,True,
ISIC_0030221.jpg,ISIC_0030221,.jpg,25427,JPEG,600,450,RGB,True,
ISIC_0030222.jpg,ISIC_0030222,.jpg,28602,JPEG,600,450,RGB,True,
ISIC_0030223.jpg,ISIC_0030223,.jpg,29894,JPEG,600,450,RGB,True,
ISIC_0030224.jpg,ISIC_0030224,.jpg,23235,JPEG,600,450,RGB,True,
ISIC_0030225.jpg,ISIC_0030225,.jpg,32514,JPEG,600,450,RGB,True,
ISIC_0030226.jpg,ISIC_0030226,.jpg,25450,JPEG,600,450,RGB,True,
ISIC_0030227.jpg,ISIC_0030227,.jpg,25543,JPEG,600,450,RGB,True,
ISIC_0030228.jpg,ISIC_0030228,.jpg,25654,JPEG,600,450,RGB,True,
ISIC_0030229.jpg,ISIC_0030229,.jpg,33380,JPEG,600,450,RGB,True,
ISIC_0030230.jpg,ISIC_0030230,.jpg,24202,JPEG,600,450,RGB,True,
ISIC_0030231.jpg,ISIC_0030231,.jpg,28653,JPEG,600,450,RGB,True,
ISIC_0030232.jpg,ISIC_0030232,.jpg,37036,JPEG,600,450,RGB,True,
ISIC_0030233.jpg,ISIC_0030233,.jpg,32453,JPEG,600,450,RGB,True,
ISIC_0030234.jpg,ISIC_0030234,.jpg,34225,JPEG,600,450,RGB,True,
ISIC_0030235.jpg,ISIC_0030235,.jpg,34640,JPEG,600,450,RGB,True,
ISIC_0030236.jpg,ISIC_0030236,.jpg,28797,JPEG,600,450,RGB,True,
ISIC_0030237.jpg,ISIC_0030237,.jpg,27282,JPEG,600,450,RGB,True,
ISIC_0030238.jpg,ISIC_0030238,.jpg,32551,JPEG,600,450,RGB,True,
ISIC_0030239.jpg,ISIC_0030239,.jpg,23570,JPEG,600,450,RGB,True,
ISIC_0030240.jpg,ISIC_0030240,.jpg,31655,JPEG,600,450,RGB,True,
ISIC_0030241.jpg,ISIC_0030241,.jpg,34752,JPEG,600,450,RGB,True,
ISIC_0030242.jpg,ISIC_0030242,.jpg,28981,JPEG,600,450,RGB,True,
ISIC_0030243.jpg,ISIC_0030243,.jpg,34519,JPEG,600,450,RGB,True,
ISIC_0030244.jpg,ISIC_0030244,.jpg,31541,JPEG,600,450,RGB,True,
ISIC_0030245.jpg,ISIC_0030245,.jpg,22507,JPEG,600,450,RGB,True,
ISIC_0030246.jpg,ISIC_0030246,.jpg,31104,JPEG,600,450,RGB,True,
ISIC_0030247.jpg,ISIC_0030247,.jpg,27198,JPEG,600,450,RGB,True,
ISIC_0030248.jpg,ISIC_0030248,.jpg,23066,JPEG,600,450,RGB,True,
ISIC_0030249.jpg,ISIC_0030249,.jpg,22665,JPEG,600,450,RGB,True,
ISIC_0030250.jpg,ISIC_0030250,.jpg,28116,JPEG,600,450,RGB,True,
ISIC_0030251.jpg,ISIC_0030251,.jpg,18099,JPEG,600,450,RGB,True,
ISIC_0030252.jpg,ISIC_0030252,.jpg,23341,JPEG,600,450,RGB,True,
ISIC_0030253.jpg,ISIC_0030253,.jpg,27319,JPEG,600,450,RGB,True,
ISIC_0030254.jpg,ISIC_0030254,.jpg,27237,JPEG,600,450,RGB,True,
ISIC_0030255.jpg,ISIC_0030255,.jpg,19205,JPEG,600,450,RGB,True,
ISIC_0030256.jpg,ISIC_0030256,.jpg,20754,JPEG,600,450,RGB,True,
ISIC_0030257.jpg,ISIC_0030257,.jpg,20402,JPEG,600,450,RGB,True,
ISIC_0030258.jpg,ISIC_0030258,.jpg,30844,JPEG,600,450,RGB,True,
ISIC_0030259.jpg,ISIC_0030259,.jpg,26157,JPEG,600,450,RGB,True,
ISIC_0030260.jpg,ISIC_0030260,.jpg,20002,JPEG,600,450,RGB,True,
ISIC_0030261.jpg,ISIC_0030261,.jpg,25580,JPEG,600,450,RGB,True,
ISIC_0030262.jpg,ISIC_0030262,.jpg,20972,JPEG,600,450,RGB,True,
ISIC_0030263.jpg,ISIC_0030263,.jpg,23442,JPEG,600,450,RGB,True,
ISIC_0030264.jpg,ISIC_0030264,.jpg,34385,JPEG,600,450,RGB,True,
ISIC_0030265.jpg,ISIC_0030265,.jpg,23878,JPEG,600,450,RGB,True,
ISIC_0030266.jpg,ISIC_0030266,.jpg,30950,JPEG,600,450,RGB,True,
ISIC_0030267.jpg,ISIC_0030267,.jpg,23332,JPEG,600,450,RGB,True,
ISIC_0030268.jpg,ISIC_0030268,.jpg,33471,JPEG,600,450,RGB,True,
ISIC_0030269.jpg,ISIC_0030269,.jpg,29124,JPEG,600,450,RGB,True,
ISIC_0030270.jpg,ISIC_0030270,.jpg,32070,JPEG,600,450,RGB,True,
ISIC_0030271.jpg,ISIC_0030271,.jpg,38148,JPEG,600,450,RGB,True,
ISIC_0030272.jpg,ISIC_0030272,.jpg,26095,JPEG,600,450,RGB,True,
ISIC_0030273.jpg,ISIC_0030273,.jpg,33246,JPEG,600,450,RGB,True,
ISIC_0030274.jpg,ISIC_0030274,.jpg,26534,JPEG,600,450,RGB,True,
ISIC_0030275.jpg,ISIC_0030275,.jpg,27689,JPEG,600,450,RGB,True,
ISIC_0030276.jpg,ISIC_0030276,.jpg,41814,JPEG,600,450,RGB,True,
ISIC_0030277.jpg,ISIC_0030277,.jpg,35030,JPEG,600,450,RGB,True,
ISIC_0030278.jpg,ISIC_0030278,.jpg,19704,JPEG,600,450,RGB,True,
ISIC_0030279.jpg,ISIC_0030279,.jpg,19567,JPEG,600,450,RGB,True,
ISIC_0030280.jpg,ISIC_0030280,.jpg,29305,JPEG,600,450,RGB,True,
ISIC_0030281.jpg,ISIC_0030281,.jpg,23699,JPEG,600,450,RGB,True,
ISIC_0030282.jpg,ISIC_0030282,.jpg,37719,JPEG,600,450,RGB,True,
ISIC_0030283.jpg,ISIC_0030283,.jpg,22960,JPEG,600,450,RGB,True,
ISIC_0030284.jpg,ISIC_0030284,.jpg,35726,JPEG,600,450,RGB,True,
ISIC_0030285.jpg,ISIC_0030285,.jpg,21124,JPEG,600,450,RGB,True,
ISIC_0030286.jpg,ISIC_0030286,.jpg,34815,JPEG,600,450,RGB,True,
ISIC_0030287.jpg,ISIC_0030287,.jpg,35406,JPEG,600,450,RGB,True,
ISIC_0030288.jpg,ISIC_0030288,.jpg,21393,JPEG,600,450,RGB,True,
ISIC_0030289.jpg,ISIC_0030289,.jpg,41292,JPEG,600,450,RGB,True,
ISIC_0030290.jpg,ISIC_0030290,.jpg,20351,JPEG,600,450,RGB,True,
ISIC_0030291.jpg,ISIC_0030291,.jpg,15038,JPEG,600,450,RGB,True,
ISIC_0030292.jpg,ISIC_0030292,.jpg,26422,JPEG,600,450,RGB,True,
ISIC_0030293.jpg,ISIC_0030293,.jpg,31479,JPEG,600,450,RGB,True,
ISIC_0030294.jpg,ISIC_0030294,.jpg,23067,JPEG,600,450,RGB,True,
ISIC_0030295.jpg,ISIC_0030295,.jpg,23197,JPEG,600,450,RGB,True,
ISIC_0030296.jpg,ISIC_0030296,.jpg,32252,JPEG,600,450,RGB,True,
ISIC_0030297.jpg,ISIC_0030297,.jpg,33534,JPEG,600,450,RGB,True,
ISIC_0030298.jpg,ISIC_0030298,.jpg,21281,JPEG,600,450,RGB,True,
ISIC_0030299.jpg,ISIC_0030299,.jpg,31085,JPEG,600,450,RGB,True,
ISIC_0030300.jpg,ISIC_0030300,.jpg,24920,JPEG,600,450,RGB,True,
ISIC_0030301.jpg,ISIC_0030301,.jpg,26138,JPEG,600,450,RGB,True,
ISIC_0030302.jpg,ISIC_0030302,.jpg,30992,JPEG,600,450,RGB,True,
ISIC_0030303.jpg,ISIC_0030303,.jpg,26775,JPEG,600,450,RGB,True,
ISIC_0030304.jpg,ISIC_0030304,.jpg,25082,JPEG,600,450,RGB,True,
ISIC_0030305.jpg,ISIC_0030305,.jpg,36932,JPEG,600,450,RGB,True,
ISIC_0030306.jpg,ISIC_0030306,.jpg,28864,JPEG,600,450,RGB,True,
ISIC_0030307.jpg,ISIC_0030307,.jpg,27138,JPEG,600,450,RGB,True,
ISIC_0030308.jpg,ISIC_0030308,.jpg,29870,JPEG,600,450,RGB,True,
ISIC_0030309.jpg,ISIC_0030309,.jpg,20874,JPEG,600,450,RGB,True,
ISIC_0030310.jpg,ISIC_0030310,.jpg,30527,JPEG,600,450,RGB,True,
ISIC_0030311.jpg,ISIC_0030311,.jpg,26616,JPEG,600,450,RGB,True,
ISIC_0030312.jpg,ISIC_0030312,.jpg,23071,JPEG,600,450,RGB,True,
ISIC_0030313.jpg,ISIC_0030313,.jpg,22216,JPEG,600,450,RGB,True,
ISIC_0030314.jpg,ISIC_0030314,.jpg,26192,JPEG,600,450,RGB,True,
ISIC_0030315.jpg,ISIC_0030315,.jpg,34744,JPEG,600,450,RGB,True,
ISIC_0030316.jpg,ISIC_0030316,.jpg,25477,JPEG,600,450,RGB,True,
ISIC_0030317.jpg,ISIC_0030317,.jpg,21901,JPEG,600,450,RGB,True,
ISIC_0030318.jpg,ISIC_0030318,.jpg,24042,JPEG,600,450,RGB,True,
ISIC_0030319.jpg,ISIC_0030319,.jpg,38117,JPEG,600,450,RGB,True,
ISIC_0030320.jpg,ISIC_0030320,.jpg,30943,JPEG,600,450,RGB,True,
ISIC_0030321.jpg,ISIC_0030321,.jpg,25342,JPEG,600,450,RGB,True,
ISIC_0030322.jpg,ISIC_0030322,.jpg,34509,JPEG,600,450,RGB,True,
ISIC_0030323.jpg,ISIC_0030323,.jpg,25374,JPEG,600,450,RGB,True,
ISIC_0030324.jpg,ISIC_0030324,.jpg,35337,JPEG,600,450,RGB,True,
ISIC_0030325.jpg,ISIC_0030325,.jpg,25226,JPEG,600,450,RGB,True,
ISIC_0030326.jpg,ISIC_0030326,.jpg,29809,JPEG,600,450,RGB,True,
ISIC_0030327.jpg,ISIC_0030327,.jpg,28316,JPEG,600,450,RGB,True,
ISIC_0030328.jpg,ISIC_0030328,.jpg,28274,JPEG,600,450,RGB,True,
ISIC_0030329.jpg,ISIC_0030329,.jpg,22616,JPEG,600,450,RGB,True,
ISIC_0030330.jpg,ISIC_0030330,.jpg,30918,JPEG,600,450,RGB,True,
ISIC_0030331.jpg,ISIC_0030331,.jpg,25977,JPEG,600,450,RGB,True,
ISIC_0030332.jpg,ISIC_0030332,.jpg,33642,JPEG,600,450,RGB,True,
ISIC_0030333.jpg,ISIC_0030333,.jpg,32986,JPEG,600,450,RGB,True,
ISIC_0030334.jpg,ISIC_0030334,.jpg,23916,JPEG,600,450,RGB,True,
ISIC_0030335.jpg,ISIC_0030335,.jpg,27171,JPEG,600,450,RGB,True,
ISIC_0030336.jpg,ISIC_0030336,.jpg,30762,JPEG,600,450,RGB,True,
ISIC_0030337.jpg,ISIC_0030337,.jpg,23018,JPEG,600,450,RGB,True,
ISIC_0030338.jpg,ISIC_0030338,.jpg,34898,JPEG,600,450,RGB,True,
ISIC_0030339.jpg,ISIC_0030339,.jpg,21559,JPEG,600,450,RGB,True,
ISIC_0030340.jpg,ISIC_0030340,.jpg,21611,JPEG,600,450,RGB,True,
ISIC_0030341.jpg,ISIC_0030341,.jpg,30613,JPEG,600,450,RGB,True,
ISIC_0030342.jpg,ISIC_0030342,.jpg,19830,JPEG,600,450,RGB,True,
ISIC_0030343.jpg,ISIC_0030343,.jpg,33440,JPEG,600,450,RGB,True,
ISIC_0030344.jpg,ISIC_0030344,.jpg,29539,JPEG,600,450,RGB,True,
ISIC_0030345.jpg,ISIC_0030345,.jpg,19890,JPEG,600,450,RGB,True,
ISIC_0030346.jpg,ISIC_0030346,.jpg,25348,JPEG,600,450,RGB,True,
ISIC_0030347.jpg,ISIC_0030347,.jpg,21824,JPEG,600,450,RGB,True,
ISIC_0030348.jpg,ISIC_0030348,.jpg,21643,JPEG,600,450,RGB,True,
ISIC_0030349.jpg,ISIC_0030349,.jpg,29590,JPEG,600,450,RGB,True,
ISIC_0030350.jpg,ISIC_0030350,.jpg,28404,JPEG,600,450,RGB,True,
ISIC_0030351.jpg,ISIC_0030351,.jpg,29063,JPEG,600,450,RGB,True,
ISIC_0030352.jpg,ISIC_0030352,.jpg,17604,JPEG,600,450,RGB,True,
ISIC_0030353.jpg,ISIC_0030353,.jpg,30246,JPEG,600,450,RGB,True,
ISIC_0030354.jpg,ISIC_0030354,.jpg,18587,JPEG,600,450,RGB,True,
ISIC_0030355.jpg,ISIC_0030355,.jpg,17475,JPEG,600,450,RGB,True,
ISIC_0030356.jpg,ISIC_0030356,.jpg,26801,JPEG,600,450,RGB,True,
ISIC_0030357.jpg,ISIC_0030357,.jpg,23797,JPEG,600,450,RGB,True,
ISIC_0030358.jpg,ISIC_0030358,.jpg,27178,JPEG,600,450,RGB,True,
ISIC_0030359.jpg,ISIC_0030359,.jpg,25298,JPEG,600,450,RGB,True,
ISIC_0030360.jpg,ISIC_0030360,.jpg,28640,JPEG,600,450,RGB,True,
ISIC_0030361.jpg,ISIC_0030361,.jpg,38898,JPEG,600,450,RGB,True,
ISIC_0030362.jpg,ISIC_0030362,.jpg,33265,JPEG,600,450,RGB,True,
ISIC_0030363.jpg,ISIC_0030363,.jpg,25654,JPEG,600,450,RGB,True,
ISIC_0030364.jpg,ISIC_0030364,.jpg,28419,JPEG,600,450,RGB,True,
ISIC_0030365.jpg,ISIC_0030365,.jpg,37771,JPEG,600,450,RGB,True,
ISIC_0030366.jpg,ISIC_0030366,.jpg,26165,JPEG,600,450,RGB,True,
ISIC_0030367.jpg,ISIC_0030367,.jpg,32719,JPEG,600,450,RGB,True,
ISIC_0030368.jpg,ISIC_0030368,.jpg,28611,JPEG,600,450,RGB,True,
ISIC_0030369.jpg,ISIC_0030369,.jpg,36517,JPEG,600,450,RGB,True,
ISIC_0030370.jpg,ISIC_0030370,.jpg,21280,JPEG,600,450,RGB,True,
ISIC_0030371.jpg,ISIC_0030371,.jpg,20657,JPEG,600,450,RGB,True,
ISIC_0030372.jpg,ISIC_0030372,.jpg,26588,JPEG,600,450,RGB,True,
ISIC_0030373.jpg,ISIC_0030373,.jpg,24876,JPEG,600,450,RGB,True,
ISIC_0030374.jpg,ISIC_0030374,.jpg,39417,JPEG,600,450,RGB,True,
ISIC_0030375.jpg,ISIC_0030375,.jpg,30767,JPEG,600,450,RGB,True,
ISIC_0030376.jpg,ISIC_0030376,.jpg,32005,JPEG,600,450,RGB,True,
ISIC_0030377.jpg,ISIC_0030377,.jpg,40214,JPEG,600,450,RGB,True,
ISIC_0030378.jpg,ISIC_0030378,.jpg,41030,JPEG,600,450,RGB,True,
ISIC_0030379.jpg,ISIC_0030379,.jpg,24634,JPEG,600,450,RGB,True,
ISIC_0030380.jpg,ISIC_0030380,.jpg,25074,JPEG,600,450,RGB,True,
ISIC_0030381.jpg,ISIC_0030381,.jpg,30311,JPEG,600,450,RGB,True,
ISIC_0030382.jpg,ISIC_0030382,.jpg,36508,JPEG,600,450,RGB,True,
ISIC_0030383.jpg,ISIC_0030383,.jpg,24563,JPEG,600,450,RGB,True,
ISIC_0030384.jpg,ISIC_0030384,.jpg,35059,JPEG,600,450,RGB,True,
ISIC_0030385.jpg,ISIC_0030385,.jpg,26163,JPEG,600,450,RGB,True,
ISIC_0030386.jpg,ISIC_0030386,.jpg,25460,JPEG,600,450,RGB,True,
ISIC_0030387.jpg,ISIC_0030387,.jpg,22803,JPEG,600,450,RGB,True,
ISIC_0030388.jpg,ISIC_0030388,.jpg,21141,JPEG,600,450,RGB,True,
ISIC_0030389.jpg,ISIC_0030389,.jpg,26966,JPEG,600,450,RGB,True,
ISIC_0030390.jpg,ISIC_0030390,.jpg,33461,JPEG,600,450,RGB,True,
ISIC_0030391.jpg,ISIC_0030391,.jpg,21630,JPEG,600,450,RGB,True,
ISIC_0030392.jpg,ISIC_0030392,.jpg,29877,JPEG,600,450,RGB,True,
ISIC_0030393.jpg,ISIC_0030393,.jpg,26521,JPEG,600,450,RGB,True,
ISIC_0030394.jpg,ISIC_0030394,.jpg,25649,JPEG,600,450,RGB,True,
ISIC_0030395.jpg,ISIC_0030395,.jpg,22993,JPEG,600,450,RGB,True,
ISIC_0030396.jpg,ISIC_0030396,.jpg,27189,JPEG,600,450,RGB,True,
ISIC_0030397.jpg,ISIC_0030397,.jpg,26454,JPEG,600,450,RGB,True,
ISIC_0030398.jpg,ISIC_0030398,.jpg,26532,JPEG,600,450,RGB,True,
ISIC_0030399.jpg,ISIC_0030399,.jpg,33468,JPEG,600,450,RGB,True,
ISIC_0030400.jpg,ISIC_0030400,.jpg,36124,JPEG,600,450,RGB,True,
ISIC_0030401.jpg,ISIC_0030401,.jpg,35525,JPEG,600,450,RGB,True,
ISIC_0030402.jpg,ISIC_0030402,.jpg,29308,JPEG,600,450,RGB,True,
ISIC_0030403.jpg,ISIC_0030403,.jpg,23989,JPEG,600,450,RGB,True,
ISIC_0030404.jpg,ISIC_0030404,.jpg,36991,JPEG,600,450,RGB,True,
ISIC_0030405.jpg,ISIC_0030405,.jpg,25929,JPEG,600,450,RGB,True,
ISIC_0030406.jpg,ISIC_0030406,.jpg,15198,JPEG,600,450,RGB,True,
ISIC_0030407.jpg,ISIC_0030407,.jpg,24346,JPEG,600,450,RGB,True,
ISIC_0030408.jpg,ISIC_0030408,.jpg,32895,JPEG,600,450,RGB,True,
ISIC_0030409.jpg,ISIC_0030409,.jpg,24861,JPEG,600,450,RGB,True,
ISIC_0030410.jpg,ISIC_0030410,.jpg,23230,JPEG,600,450,RGB,True,
ISIC_0030411.jpg,ISIC_0030411,.jpg,37730,JPEG,600,450,RGB,True,
ISIC_0030412.jpg,ISIC_0030412,.jpg,22688,JPEG,600,450,RGB,True,
ISIC_0030413.jpg,ISIC_0030413,.jpg,30960,JPEG,600,450,RGB,True,
ISIC_0030414.jpg,ISIC_0030414,.jpg,22934,JPEG,600,450,RGB,True,
ISIC_0030415.jpg,ISIC_0030415,.jpg,23729,JPEG,600,450,RGB,True,
ISIC_0030416.jpg,ISIC_0030416,.jpg,30564,JPEG,600,450,RGB,True,
ISIC_0030417.jpg,ISIC_0030417,.jpg,30115,JPEG,600,450,RGB,True,
ISIC_0030418.jpg,ISIC_0030418,.jpg,22699,JPEG,600,450,RGB,True,
ISIC_0030419.jpg,ISIC_0030419,.jpg,23348,JPEG,600,450,RGB,True,
ISIC_0030420.jpg,ISIC_0030420,.jpg,39119,JPEG,600,450,RGB,True,
ISIC_0030421.jpg,ISIC_0030421,.jpg,23941,JPEG,600,450,RGB,True,
ISIC_0030422.jpg,ISIC_0030422,.jpg,24498,JPEG,600,450,RGB,True,
ISIC_0030423.jpg,ISIC_0030423,.jpg,39160,JPEG,600,450,RGB,True,
ISIC_0030424.jpg,ISIC_0030424,.jpg,25060,JPEG,600,450,RGB,True,
ISIC_0030425.jpg,ISIC_0030425,.jpg,20843,JPEG,600,450,RGB,True,
ISIC_0030426.jpg,ISIC_0030426,.jpg,26055,JPEG,600,450,RGB,True,
ISIC_0030427.jpg,ISIC_0030427,.jpg,35906,JPEG,600,450,RGB,True,
ISIC_0030428.jpg,ISIC_0030428,.jpg,31129,JPEG,600,450,RGB,True,
ISIC_0030429.jpg,ISIC_0030429,.jpg,21773,JPEG,600,450,RGB,True,
ISIC_0030430.jpg,ISIC_0030430,.jpg,17389,JPEG,600,450,RGB,True,
ISIC_0030431.jpg,ISIC_0030431,.jpg,16663,JPEG,600,450,RGB,True,
ISIC_0030432.jpg,ISIC_0030432,.jpg,29473,JPEG,600,450,RGB,True,
ISIC_0030433.jpg,ISIC_0030433,.jpg,19274,JPEG,600,450,RGB,True,
ISIC_0030434.jpg,ISIC_0030434,.jpg,19908,JPEG,600,450,RGB,True,
ISIC_0030435.jpg,ISIC_0030435,.jpg,34476,JPEG,600,450,RGB,True,
ISIC_0030436.jpg,ISIC_0030436,.jpg,27945,JPEG,600,450,RGB,True,
ISIC_0030437.jpg,ISIC_0030437,.jpg,22111,JPEG,600,450,RGB,True,
ISIC_0030438.jpg,ISIC_0030438,.jpg,23603,JPEG,600,450,RGB,True,
ISIC_0030439.jpg,ISIC_0030439,.jpg,26819,JPEG,600,450,RGB,True,
ISIC_0030440.jpg,ISIC_0030440,.jpg,22353,JPEG,600,450,RGB,True,
ISIC_0030441.jpg,ISIC_0030441,.jpg,26791,JPEG,600,450,RGB,True,
ISIC_0030442.jpg,ISIC_0030442,.jpg,34351,JPEG,600,450,RGB,True,
ISIC_0030443.jpg,ISIC_0030443,.jpg,33208,JPEG,600,450,RGB,True,
ISIC_0030444.jpg,ISIC_0030444,.jpg,28137,JPEG,600,450,RGB,True,
ISIC_0030445.jpg,ISIC_0030445,.jpg,29383,JPEG,600,450,RGB,True,
ISIC_0030446.jpg,ISIC_0030446,.jpg,64197,JPEG,600,450,RGB,True,
ISIC_0030447.jpg,ISIC_0030447,.jpg,18524,JPEG,600,450,RGB,True,
ISIC_0030448.jpg,ISIC_0030448,.jpg,31075,JPEG,600,450,RGB,True,
ISIC_0030449.jpg,ISIC_0030449,.jpg,23242,JPEG,600,450,RGB,True,
ISIC_0030450.jpg,ISIC_0030450,.jpg,24347,JPEG,600,450,RGB,True,
ISIC_0030451.jpg,ISIC_0030451,.jpg,24261,JPEG,600,450,RGB,True,
ISIC_0030452.jpg,ISIC_0030452,.jpg,28982,JPEG,600,450,RGB,True,
ISIC_0030453.jpg,ISIC_0030453,.jpg,22908,JPEG,600,450,RGB,True,
ISIC_0030454.jpg,ISIC_0030454,.jpg,28643,JPEG,600,450,RGB,True,
ISIC_0030455.jpg,ISIC_0030455,.jpg,30914,JPEG,600,450,RGB,True,
ISIC_0030456.jpg,ISIC_0030456,.jpg,20717,JPEG,600,450,RGB,True,
ISIC_0030457.jpg,ISIC_0030457,.jpg,35642,JPEG,600,450,RGB,True,
ISIC_0030458.jpg,ISIC_0030458,.jpg,23966,JPEG,600,450,RGB,True,
ISIC_0030459.jpg,ISIC_0030459,.jpg,26269,JPEG,600,450,RGB,True,
ISIC_0030460.jpg,ISIC_0030460,.jpg,30657,JPEG,600,450,RGB,True,
ISIC_0030461.jpg,ISIC_0030461,.jpg,28418,JPEG,600,450,RGB,True,
ISIC_0030462.jpg,ISIC_0030462,.jpg,21651,JPEG,600,450,RGB,True,
ISIC_0030463.jpg,ISIC_0030463,.jpg,33907,JPEG,600,450,RGB,True,
ISIC_0030464.jpg,ISIC_0030464,.jpg,21530,JPEG,600,450,RGB,True,
ISIC_0030465.jpg,ISIC_0030465,.jpg,34426,JPEG,600,450,RGB,True,
ISIC_0030466.jpg,ISIC_0030466,.jpg,29514,JPEG,600,450,RGB,True,
ISIC_0030467.jpg,ISIC_0030467,.jpg,24023,JPEG,600,450,RGB,True,
ISIC_0030468.jpg,ISIC_0030468,.jpg,19265,JPEG,600,450,RGB,True,
ISIC_0030469.jpg,ISIC_0030469,.jpg,35019,JPEG,600,450,RGB,True,
ISIC_0030470.jpg,ISIC_0030470,.jpg,34332,JPEG,600,450,RGB,True,
ISIC_0030471.jpg,ISIC_0030471,.jpg,23122,JPEG,600,450,RGB,True,
ISIC_0030472.jpg,ISIC_0030472,.jpg,27581,JPEG,600,450,RGB,True,
ISIC_0030473.jpg,ISIC_0030473,.jpg,31763,JPEG,600,450,RGB,True,
ISIC_0030474.jpg,ISIC_0030474,.jpg,23828,JPEG,600,450,RGB,True,
ISIC_0030475.jpg,ISIC_0030475,.jpg,24407,JPEG,600,450,RGB,True,
ISIC_0030476.jpg,ISIC_0030476,.jpg,20288,JPEG,600,450,RGB,True,
ISIC_0030477.jpg,ISIC_0030477,.jpg,25084,JPEG,600,450,RGB,True,
ISIC_0030478.jpg,ISIC_0030478,.jpg,38789,JPEG,600,450,RGB,True,
ISIC_0030479.jpg,ISIC_0030479,.jpg,27348,JPEG,600,450,RGB,True,
ISIC_0030480.jpg,ISIC_0030480,.jpg,30658,JPEG,600,450,RGB,True,
ISIC_0030481.jpg,ISIC_0030481,.jpg,20973,JPEG,600,450,RGB,True,
ISIC_0030482.jpg,ISIC_0030482,.jpg,21989,JPEG,600,450,RGB,True,
ISIC_0030483.jpg,ISIC_0030483,.jpg,37662,JPEG,600,450,RGB,True,
ISIC_0030484.jpg,ISIC_0030484,.jpg,26672,JPEG,600,450,RGB,True,
ISIC_0030485.jpg,ISIC_0030485,.jpg,25195,JPEG,600,450,RGB,True,
ISIC_0030486.jpg,ISIC_0030486,.jpg,26505,JPEG,600,450,RGB,True,
ISIC_0030487.jpg,ISIC_0030487,.jpg,30682,JPEG,600,450,RGB,True,
ISIC_0030488.jpg,ISIC_0030488,.jpg,29143,JPEG,600,450,RGB,True,
ISIC_0030489.jpg,ISIC_0030489,.jpg,23056,JPEG,600,450,RGB,True,
ISIC_0030490.jpg,ISIC_0030490,.jpg,26688,JPEG,600,450,RGB,True,
ISIC_0030491.jpg,ISIC_0030491,.jpg,30344,JPEG,600,450,RGB,True,
ISIC_0030492.jpg,ISIC_0030492,.jpg,25659,JPEG,600,450,RGB,True,
ISIC_0030493.jpg,ISIC_0030493,.jpg,23274,JPEG,600,450,RGB,True,
ISIC_0030494.jpg,ISIC_0030494,.jpg,26347,JPEG,600,450,RGB,True,
ISIC_0030495.jpg,ISIC_0030495,.jpg,25243,JPEG,600,450,RGB,True,
ISIC_0030496.jpg,ISIC_0030496,.jpg,32401,JPEG,600,450,RGB,True,
ISIC_0030497.jpg,ISIC_0030497,.jpg,25882,JPEG,600,450,RGB,True,
ISIC_0030498.jpg,ISIC_0030498,.jpg,28085,JPEG,600,450,RGB,True,
ISIC_0030499.jpg,ISIC_0030499,.jpg,24073,JPEG,600,450,RGB,True,
ISIC_0030500.jpg,ISIC_0030500,.jpg,31459,JPEG,600,450,RGB,True,
ISIC_0030501.jpg,ISIC_0030501,.jpg,25713,JPEG,600,450,RGB,True,
ISIC_0030502.jpg,ISIC_0030502,.jpg,24029,JPEG,600,450,RGB,True,
ISIC_0030503.jpg,ISIC_0030503,.jpg,23945,JPEG,600,450,RGB,True,
ISIC_0030504.jpg,ISIC_0030504,.jpg,39754,JPEG,600,450,RGB,True,
ISIC_0030505.jpg,ISIC_0030505,.jpg,33759,JPEG,600,450,RGB,True,
ISIC_0030506.jpg,ISIC_0030506,.jpg,36544,JPEG,600,450,RGB,True,
ISIC_0030507.jpg,ISIC_0030507,.jpg,26898,JPEG,600,450,RGB,True,
ISIC_0030508.jpg,ISIC_0030508,.jpg,23893,JPEG,600,450,RGB,True,
ISIC_0030509.jpg,ISIC_0030509,.jpg,17303,JPEG,600,450,RGB,True,
ISIC_0030510.jpg,ISIC_0030510,.jpg,25662,JPEG,600,450,RGB,True,
ISIC_0030511.jpg,ISIC_0030511,.jpg,32749,JPEG,600,450,RGB,True,
ISIC_0030512.jpg,ISIC_0030512,.jpg,23253,JPEG,600,450,RGB,True,
ISIC_0030513.jpg,ISIC_0030513,.jpg,25075,JPEG,600,450,RGB,True,
ISIC_0030514.jpg,ISIC_0030514,.jpg,23485,JPEG,600,450,RGB,True,
ISIC_0030515.jpg,ISIC_0030515,.jpg,28190,JPEG,600,450,RGB,True,
ISIC_0030516.jpg,ISIC_0030516,.jpg,25239,JPEG,600,450,RGB,True,
ISIC_0030517.jpg,ISIC_0030517,.jpg,30148,JPEG,600,450,RGB,True,
ISIC_0030518.jpg,ISIC_0030518,.jpg,24151,JPEG,600,450,RGB,True,
ISIC_0030519.jpg,ISIC_0030519,.jpg,36058,JPEG,600,450,RGB,True,
ISIC_0030520.jpg,ISIC_0030520,.jpg,21183,JPEG,600,450,RGB,True,
ISIC_0030521.jpg,ISIC_0030521,.jpg,23726,JPEG,600,450,RGB,True,
ISIC_0030522.jpg,ISIC_0030522,.jpg,41563,JPEG,600,450,RGB,True,
ISIC_0030523.jpg,ISIC_0030523,.jpg,36101,JPEG,600,450,RGB,True,
ISIC_0030524.jpg,ISIC_0030524,.jpg,40954,JPEG,600,450,RGB,True,
ISIC_0030525.jpg,ISIC_0030525,.jpg,26333,JPEG,600,450,RGB,True,
ISIC_0030526.jpg,ISIC_0030526,.jpg,27927,JPEG,600,450,RGB,True,
ISIC_0030527.jpg,ISIC_0030527,.jpg,26081,JPEG,600,450,RGB,True,
ISIC_0030528.jpg,ISIC_0030528,.jpg,39895,JPEG,600,450,RGB,True,
ISIC_0030529.jpg,ISIC_0030529,.jpg,24255,JPEG,600,450,RGB,True,
ISIC_0030530.jpg,ISIC_0030530,.jpg,26893,JPEG,600,450,RGB,True,
ISIC_0030531.jpg,ISIC_0030531,.jpg,26906,JPEG,600,450,RGB,True,
ISIC_0030532.jpg,ISIC_0030532,.jpg,38366,JPEG,600,450,RGB,True,
ISIC_0030533.jpg,ISIC_0030533,.jpg,23602,JPEG,600,450,RGB,True,
ISIC_0030534.jpg,ISIC_0030534,.jpg,23191,JPEG,600,450,RGB,True,
ISIC_0030535.jpg,ISIC_0030535,.jpg,27359,JPEG,600,450,RGB,True,
ISIC_0030536.jpg,ISIC_0030536,.jpg,34529,JPEG,600,450,RGB,True,
ISIC_0030537.jpg,ISIC_0030537,.jpg,35346,JPEG,600,450,RGB,True,
ISIC_0030538.jpg,ISIC_0030538,.jpg,27166,JPEG,600,450,RGB,True,
ISIC_0030539.jpg,ISIC_0030539,.jpg,26029,JPEG,600,450,RGB,True,
ISIC_0030540.jpg,ISIC_0030540,.jpg,32120,JPEG,600,450,RGB,True,
ISIC_0030541.jpg,ISIC_0030541,.jpg,22388,JPEG,600,450,RGB,True,
ISIC_0030542.jpg,ISIC_0030542,.jpg,25560,JPEG,600,450,RGB,True,
ISIC_0030543.jpg,ISIC_0030543,.jpg,39682,JPEG,600,450,RGB,True,
ISIC_0030544.jpg,ISIC_0030544,.jpg,25524,JPEG,600,450,RGB,True,
ISIC_0030545.jpg,ISIC_0030545,.jpg,22927,JPEG,600,450,RGB,True,
ISIC_0030546.jpg,ISIC_0030546,.jpg,24126,JPEG,600,450,RGB,True,
ISIC_0030547.jpg,ISIC_0030547,.jpg,28772,JPEG,600,450,RGB,True,
ISIC_0030548.jpg,ISIC_0030548,.jpg,29715,JPEG,600,450,RGB,True,
ISIC_0030549.jpg,ISIC_0030549,.jpg,22714,JPEG,600,450,RGB,True,
ISIC_0030550.jpg,ISIC_0030550,.jpg,25839,JPEG,600,450,RGB,True,
ISIC_0030551.jpg,ISIC_0030551,.jpg,31827,JPEG,600,450,RGB,True,
ISIC_0030552.jpg,ISIC_0030552,.jpg,24175,JPEG,600,450,RGB,True,
ISIC_0030553.jpg,ISIC_0030553,.jpg,19525,JPEG,600,450,RGB,True,
ISIC_0030554.jpg,ISIC_0030554,.jpg,25655,JPEG,600,450,RGB,True,
ISIC_0030555.jpg,ISIC_0030555,.jpg,25908,JPEG,600,450,RGB,True,
ISIC_0030556.jpg,ISIC_0030556,.jpg,21060,JPEG,600,450,RGB,True,
ISIC_0030557.jpg,ISIC_0030557,.jpg,24685,JPEG,600,450,RGB,True,
ISIC_0030558.jpg,ISIC_0030558,.jpg,23125,JPEG,600,450,RGB,True,
ISIC_0030559.jpg,ISIC_0030559,.jpg,26545,JPEG,600,450,RGB,True,
ISIC_0030560.jpg,ISIC_0030560,.jpg,22997,JPEG,600,450,RGB,True,
ISIC_0030561.jpg,ISIC_0030561,.jpg,24177,JPEG,600,450,RGB,True,
ISIC_0030562.jpg,ISIC_0030562,.jpg,24578,JPEG,600,450,RGB,True,
ISIC_0030563.jpg,ISIC_0030563,.jpg,27555,JPEG,600,450,RGB,True,
ISIC_0030564.jpg,ISIC_0030564,.jpg,34840,JPEG,600,450,RGB,True,
ISIC_0030565.jpg,ISIC_0030565,.jpg,24730,JPEG,600,450,RGB,True,
ISIC_0030566.jpg,ISIC_0030566,.jpg,38907,JPEG,600,450,RGB,True,
ISIC_0030567.jpg,ISIC_0030567,.jpg,22433,JPEG,600,450,RGB,True,
ISIC_0030568.jpg,ISIC_0030568,.jpg,24289,JPEG,600,450,RGB,True,
ISIC_0030569.jpg,ISIC_0030569,.jpg,33742,JPEG,600,450,RGB,True,
ISIC_0030570.jpg,ISIC_0030570,.jpg,28749,JPEG,600,450,RGB,True,
ISIC_0030571.jpg,ISIC_0030571,.jpg,28167,JPEG,600,450,RGB,True,
ISIC_0030572.jpg,ISIC_0030572,.jpg,25770,JPEG,600,450,RGB,True,
ISIC_0030573.jpg,ISIC_0030573,.jpg,32620,JPEG,600,450,RGB,True,
ISIC_0030574.jpg,ISIC_0030574,.jpg,32244,JPEG,600,450,RGB,True,
ISIC_0030575.jpg,ISIC_0030575,.jpg,28009,JPEG,600,450,RGB,True,
ISIC_0030576.jpg,ISIC_0030576,.jpg,26903,JPEG,600,450,RGB,True,
ISIC_0030577.jpg,ISIC_0030577,.jpg,24548,JPEG,600,450,RGB,True,
ISIC_0030578.jpg,ISIC_0030578,.jpg,25861,JPEG,600,450,RGB,True,
ISIC_0030579.jpg,ISIC_0030579,.jpg,25870,JPEG,600,450,RGB,True,
ISIC_0030580.jpg,ISIC_0030580,.jpg,29520,JPEG,600,450,RGB,True,
ISIC_0030581.jpg,ISIC_0030581,.jpg,29318,JPEG,600,450,RGB,True,
ISIC_0030582.jpg,ISIC_0030582,.jpg,20230,JPEG,600,450,RGB,True,
ISIC_0030583.jpg,ISIC_0030583,.jpg,26401,JPEG,600,450,RGB,True,
ISIC_0030584.jpg,ISIC_0030584,.jpg,21405,JPEG,600,450,RGB,True,
ISIC_0030585.jpg,ISIC_0030585,.jpg,20393,JPEG,600,450,RGB,True,
ISIC_0030586.jpg,ISIC_0030586,.jpg,30367,JPEG,600,450,RGB,True,
ISIC_0030587.jpg,ISIC_0030587,.jpg,27594,JPEG,600,450,RGB,True,
ISIC_0030588.jpg,ISIC_0030588,.jpg,33676,JPEG,600,450,RGB,True,
ISIC_0030589.jpg,ISIC_0030589,.jpg,57131,JPEG,600,450,RGB,True,
ISIC_0030590.jpg,ISIC_0030590,.jpg,25686,JPEG,600,450,RGB,True,
ISIC_0030591.jpg,ISIC_0030591,.jpg,25358,JPEG,600,450,RGB,True,
ISIC_0030592.jpg,ISIC_0030592,.jpg,29012,JPEG,600,450,RGB,True,
ISIC_0030593.jpg,ISIC_0030593,.jpg,23753,JPEG,600,450,RGB,True,
ISIC_0030594.jpg,ISIC_0030594,.jpg,36562,JPEG,600,450,RGB,True,
ISIC_0030595.jpg,ISIC_0030595,.jpg,20682,JPEG,600,450,RGB,True,
ISIC_0030596.jpg,ISIC_0030596,.jpg,21529,JPEG,600,450,RGB,True,
ISIC_0030597.jpg,ISIC_0030597,.jpg,24078,JPEG,600,450,RGB,True,
ISIC_0030598.jpg,ISIC_0030598,.jpg,27153,JPEG,600,450,RGB,True,
ISIC_0030599.jpg,ISIC_0030599,.jpg,37294,JPEG,600,450,RGB,True,
ISIC_0030600.jpg,ISIC_0030600,.jpg,22511,JPEG,600,450,RGB,True,
ISIC_0030601.jpg,ISIC_0030601,.jpg,24622,JPEG,600,450,RGB,True,
ISIC_0030602.jpg,ISIC_0030602,.jpg,33027,JPEG,600,450,RGB,True,
ISIC_0030603.jpg,ISIC_0030603,.jpg,29309,JPEG,600,450,RGB,True,
ISIC_0030604.jpg,ISIC_0030604,.jpg,35733,JPEG,600,450,RGB,True,
ISIC_0030605.jpg,ISIC_0030605,.jpg,29716,JPEG,600,450,RGB,True,
ISIC_0030606.jpg,ISIC_0030606,.jpg,22514,JPEG,600,450,RGB,True,
ISIC_0030607.jpg,ISIC_0030607,.jpg,26916,JPEG,600,450,RGB,True,
ISIC_0030608.jpg,ISIC_0030608,.jpg,46861,JPEG,600,450,RGB,True,
ISIC_0030609.jpg,ISIC_0030609,.jpg,25542,JPEG,600,450,RGB,True,
ISIC_0030610.jpg,ISIC_0030610,.jpg,33466,JPEG,600,450,RGB,True,
ISIC_0030611.jpg,ISIC_0030611,.jpg,25789,JPEG,600,450,RGB,True,
ISIC_0030612.jpg,ISIC_0030612,.jpg,23330,JPEG,600,450,RGB,True,
ISIC_0030613.jpg,ISIC_0030613,.jpg,24454,JPEG,600,450,RGB,True,
ISIC_0030614.jpg,ISIC_0030614,.jpg,23781,JPEG,600,450,RGB,True,
ISIC_0030615.jpg,ISIC_0030615,.jpg,25795,JPEG,600,450,RGB,True,
ISIC_0030616.jpg,ISIC_0030616,.jpg,33381,JPEG,600,450,RGB,True,
ISIC_0030617.jpg,ISIC_0030617,.jpg,31497,JPEG,600,450,RGB,True,
ISIC_0030618.jpg,ISIC_0030618,.jpg,32067,JPEG,600,450,RGB,True,
ISIC_0030619.jpg,ISIC_0030619,.jpg,22460,JPEG,600,450,RGB,True,
ISIC_0030620.jpg,ISIC_0030620,.jpg,23677,JPEG,600,450,RGB,True,
ISIC_0030621.jpg,ISIC_0030621,.jpg,18190,JPEG,600,450,RGB,True,
ISIC_0030622.jpg,ISIC_0030622,.jpg,22738,JPEG,600,450,RGB,True,
ISIC_0030623.jpg,ISIC_0030623,.jpg,23476,JPEG,600,450,RGB,True,
ISIC_0030624.jpg,ISIC_0030624,.jpg,27060,JPEG,600,450,RGB,True,
ISIC_0030625.jpg,ISIC_0030625,.jpg,34403,JPEG,600,450,RGB,True,
ISIC_0030626.jpg,ISIC_0030626,.jpg,32969,JPEG,600,450,RGB,True,
ISIC_0030627.jpg,ISIC_0030627,.jpg,25479,JPEG,600,450,RGB,True,
ISIC_0030628.jpg,ISIC_0030628,.jpg,27591,JPEG,600,450,RGB,True,
ISIC_0030629.jpg,ISIC_0030629,.jpg,23602,JPEG,600,450,RGB,True,
ISIC_0030630.jpg,ISIC_0030630,.jpg,23337,JPEG,600,450,RGB,True,
ISIC_0030631.jpg,ISIC_0030631,.jpg,26822,JPEG,600,450,RGB,True,
ISIC_0030632.jpg,ISIC_0030632,.jpg,22708,JPEG,600,450,RGB,True,
ISIC_0030633.jpg,ISIC_0030633,.jpg,26559,JPEG,600,450,RGB,True,
ISIC_0030634.jpg,ISIC_0030634,.jpg,32019,JPEG,600,450,RGB,True,
ISIC_0030635.jpg,ISIC_0030635,.jpg,16523,JPEG,600,450,RGB,True,
ISIC_0030636.jpg,ISIC_0030636,.jpg,26195,JPEG,600,450,RGB,True,
ISIC_0030637.jpg,ISIC_0030637,.jpg,25690,JPEG,600,450,RGB,True,
ISIC_0030638.jpg,ISIC_0030638,.jpg,36519,JPEG,600,450,RGB,True,
ISIC_0030639.jpg,ISIC_0030639,.jpg,18743,JPEG,600,450,RGB,True,
ISIC_0030640.jpg,ISIC_0030640,.jpg,32979,JPEG,600,450,RGB,True,
ISIC_0030641.jpg,ISIC_0030641,.jpg,24896,JPEG,600,450,RGB,True,
ISIC_0030642.jpg,ISIC_0030642,.jpg,30223,JPEG,600,450,RGB,True,
ISIC_0030643.jpg,ISIC_0030643,.jpg,36581,JPEG,600,450,RGB,True,
ISIC_0030644.jpg,ISIC_0030644,.jpg,23300,JPEG,600,450,RGB,True,
ISIC_0030645.jpg,ISIC_0030645,.jpg,39826,JPEG,600,450,RGB,True,
ISIC_0030646.jpg,ISIC_0030646,.jpg,27483,JPEG,600,450,RGB,True,
ISIC_0030647.jpg,ISIC_0030647,.jpg,26847,JPEG,600,450,RGB,True,
ISIC_0030648.jpg,ISIC_0030648,.jpg,34203,JPEG,600,450,RGB,True,
ISIC_0030649.jpg,ISIC_0030649,.jpg,21288,JPEG,600,450,RGB,True,
ISIC_0030650.jpg,ISIC_0030650,.jpg,22779,JPEG,600,450,RGB,True,
ISIC_0030651.jpg,ISIC_0030651,.jpg,22486,JPEG,600,450,RGB,True,
ISIC_0030652.jpg,ISIC_0030652,.jpg,26139,JPEG,600,450,RGB,True,
ISIC_0030653.jpg,ISIC_0030653,.jpg,26013,JPEG,600,450,RGB,True,
ISIC_0030654.jpg,ISIC_0030654,.jpg,28633,JPEG,600,450,RGB,True,
ISIC_0030655.jpg,ISIC_0030655,.jpg,31644,JPEG,600,450,RGB,True,
ISIC_0030656.jpg,ISIC_0030656,.jpg,24349,JPEG,600,450,RGB,True,
ISIC_0030657.jpg,ISIC_0030657,.jpg,28898,JPEG,600,450,RGB,True,
ISIC_0030658.jpg,ISIC_0030658,.jpg,23240,JPEG,600,450,RGB,True,
ISIC_0030659.jpg,ISIC_0030659,.jpg,23713,JPEG,600,450,RGB,True,
ISIC_0030660.jpg,ISIC_0030660,.jpg,19075,JPEG,600,450,RGB,True,
ISIC_0030661.jpg,ISIC_0030661,.jpg,31472,JPEG,600,450,RGB,True,
ISIC_0030662.jpg,ISIC_0030662,.jpg,16929,JPEG,600,450,RGB,True,
ISIC_0030663.jpg,ISIC_0030663,.jpg,23642,JPEG,600,450,RGB,True,
ISIC_0030664.jpg,ISIC_0030664,.jpg,26046,JPEG,600,450,RGB,True,
ISIC_0030665.jpg,ISIC_0030665,.jpg,29623,JPEG,600,450,RGB,True,
ISIC_0030666.jpg,ISIC_0030666,.jpg,23578,JPEG,600,450,RGB,True,
ISIC_0030667.jpg,ISIC_0030667,.jpg,28879,JPEG,600,450,RGB,True,
ISIC_0030668.jpg,ISIC_0030668,.jpg,17084,JPEG,600,450,RGB,True,
ISIC_0030669.jpg,ISIC_0030669,.jpg,23780,JPEG,600,450,RGB,True,
ISIC_0030670.jpg,ISIC_0030670,.jpg,26630,JPEG,600,450,RGB,True,
ISIC_0030671.jpg,ISIC_0030671,.jpg,26111,JPEG,600,450,RGB,True,
ISIC_0030672.jpg,ISIC_0030672,.jpg,25060,JPEG,600,450,RGB,True,
ISIC_0030673.jpg,ISIC_0030673,.jpg,30406,JPEG,600,450,RGB,True,
ISIC_0030674.jpg,ISIC_0030674,.jpg,23633,JPEG,600,450,RGB,True,
ISIC_0030675.jpg,ISIC_0030675,.jpg,20376,JPEG,600,450,RGB,True,
ISIC_0030676.jpg,ISIC_0030676,.jpg,16513,JPEG,600,450,RGB,True,
ISIC_0030677.jpg,ISIC_0030677,.jpg,33042,JPEG,600,450,RGB,True,
ISIC_0030678.jpg,ISIC_0030678,.jpg,24826,JPEG,600,450,RGB,True,
ISIC_0030679.jpg,ISIC_0030679,.jpg,29367,JPEG,600,450,RGB,True,
ISIC_0030680.jpg,ISIC_0030680,.jpg,35463,JPEG,600,450,RGB,True,
ISIC_0030681.jpg,ISIC_0030681,.jpg,32414,JPEG,600,450,RGB,True,
ISIC_0030682.jpg,ISIC_0030682,.jpg,26907,JPEG,600,450,RGB,True,
ISIC_0030683.jpg,ISIC_0030683,.jpg,22000,JPEG,600,450,RGB,True,
ISIC_0030684.jpg,ISIC_0030684,.jpg,31840,JPEG,600,450,RGB,True,
ISIC_0030685.jpg,ISIC_0030685,.jpg,21970,JPEG,600,450,RGB,True,
ISIC_0030686.jpg,ISIC_0030686,.jpg,20352,JPEG,600,450,RGB,True,
ISIC_0030687.jpg,ISIC_0030687,.jpg,70366,JPEG,600,450,RGB,True,
ISIC_0030688.jpg,ISIC_0030688,.jpg,28212,JPEG,600,450,RGB,True,
ISIC_0030689.jpg,ISIC_0030689,.jpg,23168,JPEG,600,450,RGB,True,
ISIC_0030690.jpg,ISIC_0030690,.jpg,24737,JPEG,600,450,RGB,True,
ISIC_0030691.jpg,ISIC_0030691,.jpg,25137,JPEG,600,450,RGB,True,
ISIC_0030692.jpg,ISIC_0030692,.jpg,30831,JPEG,600,450,RGB,True,
ISIC_0030693.jpg,ISIC_0030693,.jpg,37885,JPEG,600,450,RGB,True,
ISIC_0030694.jpg,ISIC_0030694,.jpg,21733,JPEG,600,450,RGB,True,
ISIC_0030695.jpg,ISIC_0030695,.jpg,31482,JPEG,600,450,RGB,True,
ISIC_0030696.jpg,ISIC_0030696,.jpg,24271,JPEG,600,450,RGB,True,
ISIC_0030697.jpg,ISIC_0030697,.jpg,28017,JPEG,600,450,RGB,True,
ISIC_0030698.jpg,ISIC_0030698,.jpg,22931,JPEG,600,450,RGB,True,
ISIC_0030699.jpg,ISIC_0030699,.jpg,30165,JPEG,600,450,RGB,True,
ISIC_0030700.jpg,ISIC_0030700,.jpg,29107,JPEG,600,450,RGB,True,
ISIC_0030701.jpg,ISIC_0030701,.jpg,21331,JPEG,600,450,RGB,True,
ISIC_0030702.jpg,ISIC_0030702,.jpg,24955,JPEG,600,450,RGB,True,
ISIC_0030703.jpg,ISIC_0030703,.jpg,22267,JPEG,600,450,RGB,True,
ISIC_0030704.jpg,ISIC_0030704,.jpg,31103,JPEG,600,450,RGB,True,
ISIC_0030705.jpg,ISIC_0030705,.jpg,30496,JPEG,600,450,RGB,True,
ISIC_0030706.jpg,ISIC_0030706,.jpg,27951,JPEG,600,450,RGB,True,
ISIC_0030707.jpg,ISIC_0030707,.jpg,35386,JPEG,600,450,RGB,True,
ISIC_0030708.jpg,ISIC_0030708,.jpg,23894,JPEG,600,450,RGB,True,
ISIC_0030709.jpg,ISIC_0030709,.jpg,22730,JPEG,600,450,RGB,True,
ISIC_0030710.jpg,ISIC_0030710,.jpg,30057,JPEG,600,450,RGB,True,
ISIC_0030711.jpg,ISIC_0030711,.jpg,27372,JPEG,600,450,RGB,True,
ISIC_0030712.jpg,ISIC_0030712,.jpg,23500,JPEG,600,450,RGB,True,
ISIC_0030713.jpg,ISIC_0030713,.jpg,24226,JPEG,600,450,RGB,True,
ISIC_0030714.jpg,ISIC_0030714,.jpg,26179,JPEG,600,450,RGB,True,
ISIC_0030715.jpg,ISIC_0030715,.jpg,21378,JPEG,600,450,RGB,True,
ISIC_0030716.jpg,ISIC_0030716,.jpg,25573,JPEG,600,450,RGB,True,
ISIC_0030717.jpg,ISIC_0030717,.jpg,31518,JPEG,600,450,RGB,True,
ISIC_0030718.jpg,ISIC_0030718,.jpg,26913,JPEG,600,450,RGB,True,
ISIC_0030719.jpg,ISIC_0030719,.jpg,23877,JPEG,600,450,RGB,True,
ISIC_0030720.jpg,ISIC_0030720,.jpg,20532,JPEG,600,450,RGB,True,
ISIC_0030721.jpg,ISIC_0030721,.jpg,30937,JPEG,600,450,RGB,True,
ISIC_0030722.jpg,ISIC_0030722,.jpg,20199,JPEG,600,450,RGB,True,
ISIC_0030723.jpg,ISIC_0030723,.jpg,28267,JPEG,600,450,RGB,True,
ISIC_0030724.jpg,ISIC_0030724,.jpg,23959,JPEG,600,450,RGB,True,
ISIC_0030725.jpg,ISIC_0030725,.jpg,21154,JPEG,600,450,RGB,True,
ISIC_0030726.jpg,ISIC_0030726,.jpg,27508,JPEG,600,450,RGB,True,
ISIC_0030727.jpg,ISIC_0030727,.jpg,24916,JPEG,600,450,RGB,True,
ISIC_0030728.jpg,ISIC_0030728,.jpg,20747,JPEG,600,450,RGB,True,
ISIC_0030729.jpg,ISIC_0030729,.jpg,35641,JPEG,600,450,RGB,True,
ISIC_0030730.jpg,ISIC_0030730,.jpg,22269,JPEG,600,450,RGB,True,
ISIC_0030731.jpg,ISIC_0030731,.jpg,41386,JPEG,600,450,RGB,True,
ISIC_0030732.jpg,ISIC_0030732,.jpg,20022,JPEG,600,450,RGB,True,
ISIC_0030733.jpg,ISIC_0030733,.jpg,28740,JPEG,600,450,RGB,True,
ISIC_0030734.jpg,ISIC_0030734,.jpg,33680,JPEG,600,450,RGB,True,
ISIC_0030735.jpg,ISIC_0030735,.jpg,24547,JPEG,600,450,RGB,True,
ISIC_0030736.jpg,ISIC_0030736,.jpg,30090,JPEG,600,450,RGB,True,
ISIC_0030737.jpg,ISIC_0030737,.jpg,33264,JPEG,600,450,RGB,True,
ISIC_0030738.jpg,ISIC_0030738,.jpg,28754,JPEG,600,450,RGB,True,
ISIC_0030739.jpg,ISIC_0030739,.jpg,22075,JPEG,600,450,RGB,True,
ISIC_0030740.jpg,ISIC_0030740,.jpg,19751,JPEG,600,450,RGB,True,
ISIC_0030741.jpg,ISIC_0030741,.jpg,20910,JPEG,600,450,RGB,True,
ISIC_0030742.jpg,ISIC_0030742,.jpg,27327,JPEG,600,450,RGB,True,
ISIC_0030743.jpg,ISIC_0030743,.jpg,32956,JPEG,600,450,RGB,True,
ISIC_0030744.jpg,ISIC_0030744,.jpg,21525,JPEG,600,450,RGB,True,
ISIC_0030745.jpg,ISIC_0030745,.jpg,20806,JPEG,600,450,RGB,True,
ISIC_0030746.jpg,ISIC_0030746,.jpg,22017,JPEG,600,450,RGB,True,
ISIC_0030747.jpg,ISIC_0030747,.jpg,23924,JPEG,600,450,RGB,True,
ISIC_0030748.jpg,ISIC_0030748,.jpg,28233,JPEG,600,450,RGB,True,
ISIC_0030749.jpg,ISIC_0030749,.jpg,23389,JPEG,600,450,RGB,True,
ISIC_0030750.jpg,ISIC_0030750,.jpg,24423,JPEG,600,450,RGB,True,
ISIC_0030751.jpg,ISIC_0030751,.jpg,23086,JPEG,600,450,RGB,True,
ISIC_0030752.jpg,ISIC_0030752,.jpg,21640,JPEG,600,450,RGB,True,
ISIC_0030753.jpg,ISIC_0030753,.jpg,25442,JPEG,600,450,RGB,True,
ISIC_0030754.jpg,ISIC_0030754,.jpg,39780,JPEG,600,450,RGB,True,
ISIC_0030755.jpg,ISIC_0030755,.jpg,30855,JPEG,600,450,RGB,True,
ISIC_0030756.jpg,ISIC_0030756,.jpg,38347,JPEG,600,450,RGB,True,
ISIC_0030757.jpg,ISIC_0030757,.jpg,27132,JPEG,600,450,RGB,True,
ISIC_0030758.jpg,ISIC_0030758,.jpg,33270,JPEG,600,450,RGB,True,
ISIC_0030759.jpg,ISIC_0030759,.jpg,32591,JPEG,600,450,RGB,True,
ISIC_0030760.jpg,ISIC_0030760,.jpg,30091,JPEG,600,450,RGB,True,
ISIC_0030761.jpg,ISIC_0030761,.jpg,38083,JPEG,600,450,RGB,True,
ISIC_0030762.jpg,ISIC_0030762,.jpg,23678,JPEG,600,450,RGB,True,
ISIC_0030763.jpg,ISIC_0030763,.jpg,24751,JPEG,600,450,RGB,True,
ISIC_0030764.jpg,ISIC_0030764,.jpg,25096,JPEG,600,450,RGB,True,
ISIC_0030765.jpg,ISIC_0030765,.jpg,26826,JPEG,600,450,RGB,True,
ISIC_0030766.jpg,ISIC_0030766,.jpg,35582,JPEG,600,450,RGB,True,
ISIC_0030767.jpg,ISIC_0030767,.jpg,41218,JPEG,600,450,RGB,True,
ISIC_0030768.jpg,ISIC_0030768,.jpg,27435,JPEG,600,450,RGB,True,
ISIC_0030769.jpg,ISIC_0030769,.jpg,26694,JPEG,600,450,RGB,True,
ISIC_0030770.jpg,ISIC_0030770,.jpg,23796,JPEG,600,450,RGB,True,
ISIC_0030771.jpg,ISIC_0030771,.jpg,34936,JPEG,600,450,RGB,True,
ISIC_0030772.jpg,ISIC_0030772,.jpg,19576,JPEG,600,450,RGB,True,
ISIC_0030773.jpg,ISIC_0030773,.jpg,24984,JPEG,600,450,RGB,True,
ISIC_0030774.jpg,ISIC_0030774,.jpg,42786,JPEG,600,450,RGB,True,
ISIC_0030775.jpg,ISIC_0030775,.jpg,19268,JPEG,600,450,RGB,True,
ISIC_0030776.jpg,ISIC_0030776,.jpg,24792,JPEG,600,450,RGB,True,
ISIC_0030777.jpg,ISIC_0030777,.jpg,27034,JPEG,600,450,RGB,True,
ISIC_0030778.jpg,ISIC_0030778,.jpg,23380,JPEG,600,450,RGB,True,
ISIC_0030779.jpg,ISIC_0030779,.jpg,20991,JPEG,600,450,RGB,True,
ISIC_0030780.jpg,ISIC_0030780,.jpg,25434,JPEG,600,450,RGB,True,
ISIC_0030781.jpg,ISIC_0030781,.jpg,27298,JPEG,600,450,RGB,True,
ISIC_0030782.jpg,ISIC_0030782,.jpg,30395,JPEG,600,450,RGB,True,
ISIC_0030783.jpg,ISIC_0030783,.jpg,31797,JPEG,600,450,RGB,True,
ISIC_0030784.jpg,ISIC_0030784,.jpg,39237,JPEG,600,450,RGB,True,
ISIC_0030785.jpg,ISIC_0030785,.jpg,28024,JPEG,600,450,RGB,True,
ISIC_0030786.jpg,ISIC_0030786,.jpg,26162,JPEG,600,450,RGB,True,
ISIC_0030787.jpg,ISIC_0030787,.jpg,40089,JPEG,600,450,RGB,True,
ISIC_0030788.jpg,ISIC_0030788,.jpg,27718,JPEG,600,450,RGB,True,
ISIC_0030789.jpg,ISIC_0030789,.jpg,29790,JPEG,600,450,RGB,True,
ISIC_0030790.jpg,ISIC_0030790,.jpg,24731,JPEG,600,450,RGB,True,
ISIC_0030791.jpg,ISIC_0030791,.jpg,32042,JPEG,600,450,RGB,True,
ISIC_0030792.jpg,ISIC_0030792,.jpg,22315,JPEG,600,450,RGB,True,
ISIC_0030793.jpg,ISIC_0030793,.jpg,28550,JPEG,600,450,RGB,True,
ISIC_0030794.jpg,ISIC_0030794,.jpg,30931,JPEG,600,450,RGB,True,
ISIC_0030795.jpg,ISIC_0030795,.jpg,24421,JPEG,600,450,RGB,True,
ISIC_0030796.jpg,ISIC_0030796,.jpg,21295,JPEG,600,450,RGB,True,
ISIC_0030797.jpg,ISIC_0030797,.jpg,24184,JPEG,600,450,RGB,True,
ISIC_0030798.jpg,ISIC_0030798,.jpg,29818,JPEG,600,450,RGB,True,
ISIC_0030799.jpg,ISIC_0030799,.jpg,24489,JPEG,600,450,RGB,True,
ISIC_0030800.jpg,ISIC_0030800,.jpg,38471,JPEG,600,450,RGB,True,
ISIC_0030801.jpg,ISIC_0030801,.jpg,32784,JPEG,600,450,RGB,True,
ISIC_0030802.jpg,ISIC_0030802,.jpg,22780,JPEG,600,450,RGB,True,
ISIC_0030803.jpg,ISIC_0030803,.jpg,26379,JPEG,600,450,RGB,True,
ISIC_0030804.jpg,ISIC_0030804,.jpg,36480,JPEG,600,450,RGB,True,
ISIC_0030805.jpg,ISIC_0030805,.jpg,24492,JPEG,600,450,RGB,True,
ISIC_0030806.jpg,ISIC_0030806,.jpg,25333,JPEG,600,450,RGB,True,
ISIC_0030807.jpg,ISIC_0030807,.jpg,23593,JPEG,600,450,RGB,True,
ISIC_0030808.jpg,ISIC_0030808,.jpg,21695,JPEG,600,450,RGB,True,
ISIC_0030809.jpg,ISIC_0030809,.jpg,27385,JPEG,600,450,RGB,True,
ISIC_0030810.jpg,ISIC_0030810,.jpg,26220,JPEG,600,450,RGB,True,
ISIC_0030811.jpg,ISIC_0030811,.jpg,23719,JPEG,600,450,RGB,True,
ISIC_0030812.jpg,ISIC_0030812,.jpg,29741,JPEG,600,450,RGB,True,
ISIC_0030813.jpg,ISIC_0030813,.jpg,24307,JPEG,600,450,RGB,True,
ISIC_0030814.jpg,ISIC_0030814,.jpg,36016,JPEG,600,450,RGB,True,
ISIC_0030815.jpg,ISIC_0030815,.jpg,23690,JPEG,600,450,RGB,True,
ISIC_0030816.jpg,ISIC_0030816,.jpg,26473,JPEG,600,450,RGB,True,
ISIC_0030817.jpg,ISIC_0030817,.jpg,24655,JPEG,600,450,RGB,True,
ISIC_0030818.jpg,ISIC_0030818,.jpg,23611,JPEG,600,450,RGB,True,
ISIC_0030819.jpg,ISIC_0030819,.jpg,29068,JPEG,600,450,RGB,True,
ISIC_0030820.jpg,ISIC_0030820,.jpg,34127,JPEG,600,450,RGB,True,
ISIC_0030821.jpg,ISIC_0030821,.jpg,27198,JPEG,600,450,RGB,True,
ISIC_0030822.jpg,ISIC_0030822,.jpg,23710,JPEG,600,450,RGB,True,
ISIC_0030823.jpg,ISIC_0030823,.jpg,26608,JPEG,600,450,RGB,True,
ISIC_0030824.jpg,ISIC_0030824,.jpg,38432,JPEG,600,450,RGB,True,
ISIC_0030825.jpg,ISIC_0030825,.jpg,28323,JPEG,600,450,RGB,True,
ISIC_0030826.jpg,ISIC_0030826,.jpg,28361,JPEG,600,450,RGB,True,
ISIC_0030827.jpg,ISIC_0030827,.jpg,34580,JPEG,600,450,RGB,True,
ISIC_0030828.jpg,ISIC_0030828,.jpg,21752,JPEG,600,450,RGB,True,
ISIC_0030829.jpg,ISIC_0030829,.jpg,20106,JPEG,600,450,RGB,True,
ISIC_0030830.jpg,ISIC_0030830,.jpg,35347,JPEG,600,450,RGB,True,
ISIC_0030831.jpg,ISIC_0030831,.jpg,24579,JPEG,600,450,RGB,True,
ISIC_0030832.jpg,ISIC_0030832,.jpg,24340,JPEG,600,450,RGB,True,
ISIC_0030833.jpg,ISIC_0030833,.jpg,25046,JPEG,600,450,RGB,True,
ISIC_0030834.jpg,ISIC_0030834,.jpg,22656,JPEG,600,450,RGB,True,
ISIC_0030835.jpg,ISIC_0030835,.jpg,22580,JPEG,600,450,RGB,True,
ISIC_0030836.jpg,ISIC_0030836,.jpg,31614,JPEG,600,450,RGB,True,
ISIC_0030837.jpg,ISIC_0030837,.jpg,23894,JPEG,600,450,RGB,True,
ISIC_0030838.jpg,ISIC_0030838,.jpg,25893,JPEG,600,450,RGB,True,
ISIC_0030839.jpg,ISIC_0030839,.jpg,30811,JPEG,600,450,RGB,True,
ISIC_0030840.jpg,ISIC_0030840,.jpg,24531,JPEG,600,450,RGB,True,
ISIC_0030841.jpg,ISIC_0030841,.jpg,35704,JPEG,600,450,RGB,True,
ISIC_0030842.jpg,ISIC_0030842,.jpg,29790,JPEG,600,450,RGB,True,
ISIC_0030843.jpg,ISIC_0030843,.jpg,28832,JPEG,600,450,RGB,True,
ISIC_0030844.jpg,ISIC_0030844,.jpg,30108,JPEG,600,450,RGB,True,
ISIC_0030845.jpg,ISIC_0030845,.jpg,22653,JPEG,600,450,RGB,True,
ISIC_0030846.jpg,ISIC_0030846,.jpg,32353,JPEG,600,450,RGB,True,
ISIC_0030847.jpg,ISIC_0030847,.jpg,22380,JPEG,600,450,RGB,True,
ISIC_0030848.jpg,ISIC_0030848,.jpg,18350,JPEG,600,450,RGB,True,
ISIC_0030849.jpg,ISIC_0030849,.jpg,27453,JPEG,600,450,RGB,True,
ISIC_0030850.jpg,ISIC_0030850,.jpg,27176,JPEG,600,450,RGB,True,
ISIC_0030851.jpg,ISIC_0030851,.jpg,18100,JPEG,600,450,RGB,True,
ISIC_0030852.jpg,ISIC_0030852,.jpg,26192,JPEG,600,450,RGB,True,
ISIC_0030853.jpg,ISIC_0030853,.jpg,26803,JPEG,600,450,RGB,True,
ISIC_0030854.jpg,ISIC_0030854,.jpg,24144,JPEG,600,450,RGB,True,
ISIC_0030855.jpg,ISIC_0030855,.jpg,23665,JPEG,600,450,RGB,True,
ISIC_0030856.jpg,ISIC_0030856,.jpg,22415,JPEG,600,450,RGB,True,
ISIC_0030857.jpg,ISIC_0030857,.jpg,25140,JPEG,600,450,RGB,True,
ISIC_0030858.jpg,ISIC_0030858,.jpg,24693,JPEG,600,450,RGB,True,
ISIC_0030859.jpg,ISIC_0030859,.jpg,26550,JPEG,600,450,RGB,True,
ISIC_0030860.jpg,ISIC_0030860,.jpg,27746,JPEG,600,450,RGB,True,
ISIC_0030861.jpg,ISIC_0030861,.jpg,22912,JPEG,600,450,RGB,True,
ISIC_0030862.jpg,ISIC_0030862,.jpg,34351,JPEG,600,450,RGB,True,
ISIC_0030863.jpg,ISIC_0030863,.jpg,24214,JPEG,600,450,RGB,True,
ISIC_0030864.jpg,ISIC_0030864,.jpg,20995,JPEG,600,450,RGB,True,
ISIC_0030865.jpg,ISIC_0030865,.jpg,23373,JPEG,600,450,RGB,True,
ISIC_0030866.jpg,ISIC_0030866,.jpg,21513,JPEG,600,450,RGB,True,
ISIC_0030867.jpg,ISIC_0030867,.jpg,22080,JPEG,600,450,RGB,True,
ISIC_0030868.jpg,ISIC_0030868,.jpg,33280,JPEG,600,450,RGB,True,
ISIC_0030869.jpg,ISIC_0030869,.jpg,25296,JPEG,600,450,RGB,True,
ISIC_0030870.jpg,ISIC_0030870,.jpg,30429,JPEG,600,450,RGB,True,
ISIC_0030871.jpg,ISIC_0030871,.jpg,28703,JPEG,600,450,RGB,True,
ISIC_0030872.jpg,ISIC_0030872,.jpg,30996,JPEG,600,450,RGB,True,
ISIC_0030873.jpg,ISIC_0030873,.jpg,28391,JPEG,600,450,RGB,True,
ISIC_0030874.jpg,ISIC_0030874,.jpg,19085,JPEG,600,450,RGB,True,
ISIC_0030875.jpg,ISIC_0030875,.jpg,28022,JPEG,600,450,RGB,True,
ISIC_0030876.jpg,ISIC_0030876,.jpg,23142,JPEG,600,450,RGB,True,
ISIC_0030877.jpg,ISIC_0030877,.jpg,29076,JPEG,600,450,RGB,True,
ISIC_0030878.jpg,ISIC_0030878,.jpg,30684,JPEG,600,450,RGB,True,
ISIC_0030879.jpg,ISIC_0030879,.jpg,26211,JPEG,600,450,RGB,True,
ISIC_0030880.jpg,ISIC_0030880,.jpg,48338,JPEG,600,450,RGB,True,
ISIC_0030881.jpg,ISIC_0030881,.jpg,39153,JPEG,600,450,RGB,True,
ISIC_0030882.jpg,ISIC_0030882,.jpg,28507,JPEG,600,450,RGB,True,
ISIC_0030883.jpg,ISIC_0030883,.jpg,31607,JPEG,600,450,RGB,True,
ISIC_0030884.jpg,ISIC_0030884,.jpg,25917,JPEG,600,450,RGB,True,
ISIC_0030885.jpg,ISIC_0030885,.jpg,35482,JPEG,600,450,RGB,True,
ISIC_0030886.jpg,ISIC_0030886,.jpg,25420,JPEG,600,450,RGB,True,
ISIC_0030887.jpg,ISIC_0030887,.jpg,22653,JPEG,600,450,RGB,True,
ISIC_0030888.jpg,ISIC_0030888,.jpg,39250,JPEG,600,450,RGB,True,
ISIC_0030889.jpg,ISIC_0030889,.jpg,23937,JPEG,600,450,RGB,True,
ISIC_0030890.jpg,ISIC_0030890,.jpg,32981,JPEG,600,450,RGB,True,
ISIC_0030891.jpg,ISIC_0030891,.jpg,27205,JPEG,600,450,RGB,True,
ISIC_0030892.jpg,ISIC_0030892,.jpg,27897,JPEG,600,450,RGB,True,
ISIC_0030893.jpg,ISIC_0030893,.jpg,28723,JPEG,600,450,RGB,True,
ISIC_0030894.jpg,ISIC_0030894,.jpg,34092,JPEG,600,450,RGB,True,
ISIC_0030895.jpg,ISIC_0030895,.jpg,22256,JPEG,600,450,RGB,True,
ISIC_0030896.jpg,ISIC_0030896,.jpg,33620,JPEG,600,450,RGB,True,
ISIC_0030897.jpg,ISIC_0030897,.jpg,23201,JPEG,600,450,RGB,True,
ISIC_0030898.jpg,ISIC_0030898,.jpg,29423,JPEG,600,450,RGB,True,
ISIC_0030899.jpg,ISIC_0030899,.jpg,30046,JPEG,600,450,RGB,True,
ISIC_0030900.jpg,ISIC_0030900,.jpg,29260,JPEG,600,450,RGB,True,
ISIC_0030901.jpg,ISIC_0030901,.jpg,31906,JPEG,600,450,RGB,True,
ISIC_0030902.jpg,ISIC_0030902,.jpg,22980,JPEG,600,450,RGB,True,
ISIC_0030903.jpg,ISIC_0030903,.jpg,28147,JPEG,600,450,RGB,True,
ISIC_0030904.jpg,ISIC_0030904,.jpg,33638,JPEG,600,450,RGB,True,
ISIC_0030905.jpg,ISIC_0030905,.jpg,22491,JPEG,600,450,RGB,True,
ISIC_0030906.jpg,ISIC_0030906,.jpg,29635,JPEG,600,450,RGB,True,
ISIC_0030907.jpg,ISIC_0030907,.jpg,25401,JPEG,600,450,RGB,True,
ISIC_0030908.jpg,ISIC_0030908,.jpg,21918,JPEG,600,450,RGB,True,
ISIC_0030909.jpg,ISIC_0030909,.jpg,21513,JPEG,600,450,RGB,True,
ISIC_0030910.jpg,ISIC_0030910,.jpg,35388,JPEG,600,450,RGB,True,
ISIC_0030911.jpg,ISIC_0030911,.jpg,29837,JPEG,600,450,RGB,True,
ISIC_0030912.jpg,ISIC_0030912,.jpg,21895,JPEG,600,450,RGB,True,
ISIC_0030913.jpg,ISIC_0030913,.jpg,27502,JPEG,600,450,RGB,True,
ISIC_0030914.jpg,ISIC_0030914,.jpg,24739,JPEG,600,450,RGB,True,
ISIC_0030915.jpg,ISIC_0030915,.jpg,30483,JPEG,600,450,RGB,True,
ISIC_0030916.jpg,ISIC_0030916,.jpg,23239,JPEG,600,450,RGB,True,
ISIC_0030917.jpg,ISIC_0030917,.jpg,24805,JPEG,600,450,RGB,True,
ISIC_0030918.jpg,ISIC_0030918,.jpg,42533,JPEG,600,450,RGB,True,
ISIC_0030919.jpg,ISIC_0030919,.jpg,24236,JPEG,600,450,RGB,True,
ISIC_0030920.jpg,ISIC_0030920,.jpg,32129,JPEG,600,450,RGB,True,
ISIC_0030921.jpg,ISIC_0030921,.jpg,24105,JPEG,600,450,RGB,True,
ISIC_0030922.jpg,ISIC_0030922,.jpg,26116,JPEG,600,450,RGB,True,
ISIC_0030923.jpg,ISIC_0030923,.jpg,20951,JPEG,600,450,RGB,True,
ISIC_0030924.jpg,ISIC_0030924,.jpg,38002,JPEG,600,450,RGB,True,
ISIC_0030925.jpg,ISIC_0030925,.jpg,32743,JPEG,600,450,RGB,True,
ISIC_0030926.jpg,ISIC_0030926,.jpg,20360,JPEG,600,450,RGB,True,
ISIC_0030927.jpg,ISIC_0030927,.jpg,21252,JPEG,600,450,RGB,True,
ISIC_0030928.jpg,ISIC_0030928,.jpg,19635,JPEG,600,450,RGB,True,
ISIC_0030929.jpg,ISIC_0030929,.jpg,37007,JPEG,600,450,RGB,True,
ISIC_0030930.jpg,ISIC_0030930,.jpg,22522,JPEG,600,450,RGB,True,
ISIC_0030931.jpg,ISIC_0030931,.jpg,25951,JPEG,600,450,RGB,True,
ISIC_0030932.jpg,ISIC_0030932,.jpg,32702,JPEG,600,450,RGB,True,
ISIC_0030933.jpg,ISIC_0030933,.jpg,35853,JPEG,600,450,RGB,True,
ISIC_0030934.jpg,ISIC_0030934,.jpg,21658,JPEG,600,450,RGB,True,
ISIC_0030935.jpg,ISIC_0030935,.jpg,32548,JPEG,600,450,RGB,True,
ISIC_0030936.jpg,ISIC_0030936,.jpg,28510,JPEG,600,450,RGB,True,
ISIC_0030937.jpg,ISIC_0030937,.jpg,23836,JPEG,600,450,RGB,True,
ISIC_0030938.jpg,ISIC_0030938,.jpg,24905,JPEG,600,450,RGB,True,
ISIC_0030939.jpg,ISIC_0030939,.jpg,26966,JPEG,600,450,RGB,True,
ISIC_0030940.jpg,ISIC_0030940,.jpg,43654,JPEG,600,450,RGB,True,
ISIC_0030941.jpg,ISIC_0030941,.jpg,27711,JPEG,600,450,RGB,True,
ISIC_0030942.jpg,ISIC_0030942,.jpg,19832,JPEG,600,450,RGB,True,
ISIC_0030943.jpg,ISIC_0030943,.jpg,31570,JPEG,600,450,RGB,True,
ISIC_0030944.jpg,ISIC_0030944,.jpg,35695,JPEG,600,450,RGB,True,
ISIC_0030945.jpg,ISIC_0030945,.jpg,22952,JPEG,600,450,RGB,True,
ISIC_0030946.jpg,ISIC_0030946,.jpg,22970,JPEG,600,450,RGB,True,
ISIC_0030947.jpg,ISIC_0030947,.jpg,32255,JPEG,600,450,RGB,True,
ISIC_0030948.jpg,ISIC_0030948,.jpg,26208,JPEG,600,450,RGB,True,
ISIC_0030949.jpg,ISIC_0030949,.jpg,23485,JPEG,600,450,RGB,True,
ISIC_0030950.jpg,ISIC_0030950,.jpg,39617,JPEG,600,450,RGB,True,
ISIC_0030951.jpg,ISIC_0030951,.jpg,25556,JPEG,600,450,RGB,True,
ISIC_0030952.jpg,ISIC_0030952,.jpg,26136,JPEG,600,450,RGB,True,
ISIC_0030953.jpg,ISIC_0030953,.jpg,27823,JPEG,600,450,RGB,True,
ISIC_0030954.jpg,ISIC_0030954,.jpg,15117,JPEG,600,450,RGB,True,
ISIC_0030955.jpg,ISIC_0030955,.jpg,35245,JPEG,600,450,RGB,True,
ISIC_0030956.jpg,ISIC_0030956,.jpg,23249,JPEG,600,450,RGB,True,
ISIC_0030957.jpg,ISIC_0030957,.jpg,30659,JPEG,600,450,RGB,True,
ISIC_0030958.jpg,ISIC_0030958,.jpg,16606,JPEG,600,450,RGB,True,
ISIC_0030959.jpg,ISIC_0030959,.jpg,23689,JPEG,600,450,RGB,True,
ISIC_0030960.jpg,ISIC_0030960,.jpg,25276,JPEG,600,450,RGB,True,
ISIC_0030961.jpg,ISIC_0030961,.jpg,38493,JPEG,600,450,RGB,True,
ISIC_0030962.jpg,ISIC_0030962,.jpg,27498,JPEG,600,450,RGB,True,
ISIC_0030963.jpg,ISIC_0030963,.jpg,36597,JPEG,600,450,RGB,True,
ISIC_0030964.jpg,ISIC_0030964,.jpg,26001,JPEG,600,450,RGB,True,
ISIC_0030965.jpg,ISIC_0030965,.jpg,31378,JPEG,600,450,RGB,True,
ISIC_0030966.jpg,ISIC_0030966,.jpg,29732,JPEG,600,450,RGB,True,
ISIC_0030967.jpg,ISIC_0030967,.jpg,25944,JPEG,600,450,RGB,True,
ISIC_0030968.jpg,ISIC_0030968,.jpg,31668,JPEG,600,450,RGB,True,
ISIC_0030969.jpg,ISIC_0030969,.jpg,21321,JPEG,600,450,RGB,True,
ISIC_0030970.jpg,ISIC_0030970,.jpg,35450,JPEG,600,450,RGB,True,
ISIC_0030971.jpg,ISIC_0030971,.jpg,22975,JPEG,600,450,RGB,True,
ISIC_0030972.jpg,ISIC_0030972,.jpg,21332,JPEG,600,450,RGB,True,
ISIC_0030973.jpg,ISIC_0030973,.jpg,28487,JPEG,600,450,RGB,True,
ISIC_0030974.jpg,ISIC_0030974,.jpg,21763,JPEG,600,450,RGB,True,
ISIC_0030975.jpg,ISIC_0030975,.jpg,21410,JPEG,600,450,RGB,True,
ISIC_0030976.jpg,ISIC_0030976,.jpg,31800,JPEG,600,450,RGB,True,
ISIC_0030977.jpg,ISIC_0030977,.jpg,21921,JPEG,600,450,RGB,True,
ISIC_0030978.jpg,ISIC_0030978,.jpg,30680,JPEG,600,450,RGB,True,
ISIC_0030979.jpg,ISIC_0030979,.jpg,20832,JPEG,600,450,RGB,True,
ISIC_0030980.jpg,ISIC_0030980,.jpg,16483,JPEG,600,450,RGB,True,
ISIC_0030981.jpg,ISIC_0030981,.jpg,24367,JPEG,600,450,RGB,True,
ISIC_0030982.jpg,ISIC_0030982,.jpg,21641,JPEG,600,450,RGB,True,
ISIC_0030983.jpg,ISIC_0030983,.jpg,21036,JPEG,600,450,RGB,True,
ISIC_0030984.jpg,ISIC_0030984,.jpg,20825,JPEG,600,450,RGB,True,
ISIC_0030985.jpg,ISIC_0030985,.jpg,25419,JPEG,600,450,RGB,True,
ISIC_0030986.jpg,ISIC_0030986,.jpg,26339,JPEG,600,450,RGB,True,
ISIC_0030987.jpg,ISIC_0030987,.jpg,27748,JPEG,600,450,RGB,True,
ISIC_0030988.jpg,ISIC_0030988,.jpg,19590,JPEG,600,450,RGB,True,
ISIC_0030989.jpg,ISIC_0030989,.jpg,22852,JPEG,600,450,RGB,True,
ISIC_0030990.jpg,ISIC_0030990,.jpg,20231,JPEG,600,450,RGB,True,
ISIC_0030991.jpg,ISIC_0030991,.jpg,32513,JPEG,600,450,RGB,True,
ISIC_0030992.jpg,ISIC_0030992,.jpg,35916,JPEG,600,450,RGB,True,
ISIC_0030993.jpg,ISIC_0030993,.jpg,35378,JPEG,600,450,RGB,True,
ISIC_0030994.jpg,ISIC_0030994,.jpg,25620,JPEG,600,450,RGB,True,
ISIC_0030995.jpg,ISIC_0030995,.jpg,30918,JPEG,600,450,RGB,True,
ISIC_0030996.jpg,ISIC_0030996,.jpg,32629,JPEG,600,450,RGB,True,
ISIC_0030997.jpg,ISIC_0030997,.jpg,25266,JPEG,600,450,RGB,True,
ISIC_0030998.jpg,ISIC_0030998,.jpg,25758,JPEG,600,450,RGB,True,
ISIC_0030999.jpg,ISIC_0030999,.jpg,22742,JPEG,600,450,RGB,True,
ISIC_0031000.jpg,ISIC_0031000,.jpg,25523,JPEG,600,450,RGB,True,
ISIC_0031001.jpg,ISIC_0031001,.jpg,31040,JPEG,600,450,RGB,True,
ISIC_0031002.jpg,ISIC_0031002,.jpg,30414,JPEG,600,450,RGB,True,
ISIC_0031003.jpg,ISIC_0031003,.jpg,23195,JPEG,600,450,RGB,True,
ISIC_0031004.jpg,ISIC_0031004,.jpg,20430,JPEG,600,450,RGB,True,
ISIC_0031005.jpg,ISIC_0031005,.jpg,31587,JPEG,600,450,RGB,True,
ISIC_0031006.jpg,ISIC_0031006,.jpg,27816,JPEG,600,450,RGB,True,
ISIC_0031007.jpg,ISIC_0031007,.jpg,27375,JPEG,600,450,RGB,True,
ISIC_0031008.jpg,ISIC_0031008,.jpg,28166,JPEG,600,450,RGB,True,
ISIC_0031009.jpg,ISIC_0031009,.jpg,30513,JPEG,600,450,RGB,True,
ISIC_0031010.jpg,ISIC_0031010,.jpg,22273,JPEG,600,450,RGB,True,
ISIC_0031011.jpg,ISIC_0031011,.jpg,16034,JPEG,600,450,RGB,True,
ISIC_0031012.jpg,ISIC_0031012,.jpg,25205,JPEG,600,450,RGB,True,
ISIC_0031013.jpg,ISIC_0031013,.jpg,28377,JPEG,600,450,RGB,True,
ISIC_0031014.jpg,ISIC_0031014,.jpg,22020,JPEG,600,450,RGB,True,
ISIC_0031015.jpg,ISIC_0031015,.jpg,24321,JPEG,600,450,RGB,True,
ISIC_0031016.jpg,ISIC_0031016,.jpg,28525,JPEG,600,450,RGB,True,
ISIC_0031017.jpg,ISIC_0031017,.jpg,29748,JPEG,600,450,RGB,True,
ISIC_0031018.jpg,ISIC_0031018,.jpg,28185,JPEG,600,450,RGB,True,
ISIC_0031019.jpg,ISIC_0031019,.jpg,23752,JPEG,600,450,RGB,True,
ISIC_0031020.jpg,ISIC_0031020,.jpg,24858,JPEG,600,450,RGB,True,
ISIC_0031021.jpg,ISIC_0031021,.jpg,33087,JPEG,600,450,RGB,True,
ISIC_0031022.jpg,ISIC_0031022,.jpg,23045,JPEG,600,450,RGB,True,
ISIC_0031023.jpg,ISIC_0031023,.jpg,64539,JPEG,600,450,RGB,True,
ISIC_0031024.jpg,ISIC_0031024,.jpg,29474,JPEG,600,450,RGB,True,
ISIC_0031025.jpg,ISIC_0031025,.jpg,25632,JPEG,600,450,RGB,True,
ISIC_0031026.jpg,ISIC_0031026,.jpg,26522,JPEG,600,450,RGB,True,
ISIC_0031027.jpg,ISIC_0031027,.jpg,24364,JPEG,600,450,RGB,True,
ISIC_0031028.jpg,ISIC_0031028,.jpg,24986,JPEG,600,450,RGB,True,
ISIC_0031029.jpg,ISIC_0031029,.jpg,22932,JPEG,600,450,RGB,True,
ISIC_0031030.jpg,ISIC_0031030,.jpg,24186,JPEG,600,450,RGB,True,
ISIC_0031031.jpg,ISIC_0031031,.jpg,35828,JPEG,600,450,RGB,True,
ISIC_0031032.jpg,ISIC_0031032,.jpg,19878,JPEG,600,450,RGB,True,
ISIC_0031033.jpg,ISIC_0031033,.jpg,25079,JPEG,600,450,RGB,True,
ISIC_0031034.jpg,ISIC_0031034,.jpg,25067,JPEG,600,450,RGB,True,
ISIC_0031035.jpg,ISIC_0031035,.jpg,36862,JPEG,600,450,RGB,True,
ISIC_0031036.jpg,ISIC_0031036,.jpg,32223,JPEG,600,450,RGB,True,
ISIC_0031037.jpg,ISIC_0031037,.jpg,26082,JPEG,600,450,RGB,True,
ISIC_0031038.jpg,ISIC_0031038,.jpg,30615,JPEG,600,450,RGB,True,
ISIC_0031039.jpg,ISIC_0031039,.jpg,21547,JPEG,600,450,RGB,True,
ISIC_0031040.jpg,ISIC_0031040,.jpg,26998,JPEG,600,450,RGB,True,
ISIC_0031041.jpg,ISIC_0031041,.jpg,29764,JPEG,600,450,RGB,True,
ISIC_0031042.jpg,ISIC_0031042,.jpg,18754,JPEG,600,450,RGB,True,
ISIC_0031043.jpg,ISIC_0031043,.jpg,28903,JPEG,600,450,RGB,True,
ISIC_0031044.jpg,ISIC_0031044,.jpg,34268,JPEG,600,450,RGB,True,
ISIC_0031045.jpg,ISIC_0031045,.jpg,22705,JPEG,600,450,RGB,True,
ISIC_0031046.jpg,ISIC_0031046,.jpg,28326,JPEG,600,450,RGB,True,
ISIC_0031047.jpg,ISIC_0031047,.jpg,26099,JPEG,600,450,RGB,True,
ISIC_0031048.jpg,ISIC_0031048,.jpg,29613,JPEG,600,450,RGB,True,
ISIC_0031049.jpg,ISIC_0031049,.jpg,23539,JPEG,600,450,RGB,True,
ISIC_0031050.jpg,ISIC_0031050,.jpg,36140,JPEG,600,450,RGB,True,
ISIC_0031051.jpg,ISIC_0031051,.jpg,32401,JPEG,600,450,RGB,True,
ISIC_0031052.jpg,ISIC_0031052,.jpg,24594,JPEG,600,450,RGB,True,
ISIC_0031053.jpg,ISIC_0031053,.jpg,32512,JPEG,600,450,RGB,True,
ISIC_0031054.jpg,ISIC_0031054,.jpg,24713,JPEG,600,450,RGB,True,
ISIC_0031055.jpg,ISIC_0031055,.jpg,22430,JPEG,600,450,RGB,True,
ISIC_0031056.jpg,ISIC_0031056,.jpg,22628,JPEG,600,450,RGB,True,
ISIC_0031057.jpg,ISIC_0031057,.jpg,32100,JPEG,600,450,RGB,True,
ISIC_0031058.jpg,ISIC_0031058,.jpg,18529,JPEG,600,450,RGB,True,
ISIC_0031059.jpg,ISIC_0031059,.jpg,15923,JPEG,600,450,RGB,True,
ISIC_0031060.jpg,ISIC_0031060,.jpg,28963,JPEG,600,450,RGB,True,
ISIC_0031061.jpg,ISIC_0031061,.jpg,33612,JPEG,600,450,RGB,True,
ISIC_0031062.jpg,ISIC_0031062,.jpg,23033,JPEG,600,450,RGB,True,
ISIC_0031063.jpg,ISIC_0031063,.jpg,35361,JPEG,600,450,RGB,True,
ISIC_0031064.jpg,ISIC_0031064,.jpg,19670,JPEG,600,450,RGB,True,
ISIC_0031065.jpg,ISIC_0031065,.jpg,22940,JPEG,600,450,RGB,True,
ISIC_0031066.jpg,ISIC_0031066,.jpg,31727,JPEG,600,450,RGB,True,
ISIC_0031067.jpg,ISIC_0031067,.jpg,24443,JPEG,600,450,RGB,True,
ISIC_0031068.jpg,ISIC_0031068,.jpg,31690,JPEG,600,450,RGB,True,
ISIC_0031069.jpg,ISIC_0031069,.jpg,33867,JPEG,600,450,RGB,True,
ISIC_0031070.jpg,ISIC_0031070,.jpg,22633,JPEG,600,450,RGB,True,
ISIC_0031071.jpg,ISIC_0031071,.jpg,24619,JPEG,600,450,RGB,True,
ISIC_0031072.jpg,ISIC_0031072,.jpg,15530,JPEG,600,450,RGB,True,
ISIC_0031073.jpg,ISIC_0031073,.jpg,26804,JPEG,600,450,RGB,True,
ISIC_0031074.jpg,ISIC_0031074,.jpg,27163,JPEG,600,450,RGB,True,
ISIC_0031075.jpg,ISIC_0031075,.jpg,26887,JPEG,600,450,RGB,True,
ISIC_0031076.jpg,ISIC_0031076,.jpg,32388,JPEG,600,450,RGB,True,
ISIC_0031077.jpg,ISIC_0031077,.jpg,33241,JPEG,600,450,RGB,True,
ISIC_0031078.jpg,ISIC_0031078,.jpg,24094,JPEG,600,450,RGB,True,
ISIC_0031079.jpg,ISIC_0031079,.jpg,27640,JPEG,600,450,RGB,True,
ISIC_0031080.jpg,ISIC_0031080,.jpg,20887,JPEG,600,450,RGB,True,
ISIC_0031081.jpg,ISIC_0031081,.jpg,27334,JPEG,600,450,RGB,True,
ISIC_0031082.jpg,ISIC_0031082,.jpg,25837,JPEG,600,450,RGB,True,
ISIC_0031083.jpg,ISIC_0031083,.jpg,21222,JPEG,600,450,RGB,True,
ISIC_0031084.jpg,ISIC_0031084,.jpg,22882,JPEG,600,450,RGB,True,
ISIC_0031085.jpg,ISIC_0031085,.jpg,24589,JPEG,600,450,RGB,True,
ISIC_0031086.jpg,ISIC_0031086,.jpg,27801,JPEG,600,450,RGB,True,
ISIC_0031087.jpg,ISIC_0031087,.jpg,35637,JPEG,600,450,RGB,True,
ISIC_0031088.jpg,ISIC_0031088,.jpg,32354,JPEG,600,450,RGB,True,
ISIC_0031089.jpg,ISIC_0031089,.jpg,20370,JPEG,600,450,RGB,True,
ISIC_0031090.jpg,ISIC_0031090,.jpg,32043,JPEG,600,450,RGB,True,
ISIC_0031091.jpg,ISIC_0031091,.jpg,45950,JPEG,600,450,RGB,True,
ISIC_0031092.jpg,ISIC_0031092,.jpg,37390,JPEG,600,450,RGB,True,
ISIC_0031093.jpg,ISIC_0031093,.jpg,23595,JPEG,600,450,RGB,True,
ISIC_0031094.jpg,ISIC_0031094,.jpg,34370,JPEG,600,450,RGB,True,
ISIC_0031095.jpg,ISIC_0031095,.jpg,31787,JPEG,600,450,RGB,True,
ISIC_0031096.jpg,ISIC_0031096,.jpg,26401,JPEG,600,450,RGB,True,
ISIC_0031097.jpg,ISIC_0031097,.jpg,23290,JPEG,600,450,RGB,True,
ISIC_0031098.jpg,ISIC_0031098,.jpg,26857,JPEG,600,450,RGB,True,
ISIC_0031099.jpg,ISIC_0031099,.jpg,30331,JPEG,600,450,RGB,True,
ISIC_0031100.jpg,ISIC_0031100,.jpg,32964,JPEG,600,450,RGB,True,
ISIC_0031101.jpg,ISIC_0031101,.jpg,24148,JPEG,600,450,RGB,True,
ISIC_0031102.jpg,ISIC_0031102,.jpg,37313,JPEG,600,450,RGB,True,
ISIC_0031103.jpg,ISIC_0031103,.jpg,23713,JPEG,600,450,RGB,True,
ISIC_0031104.jpg,ISIC_0031104,.jpg,23702,JPEG,600,450,RGB,True,
ISIC_0031105.jpg,ISIC_0031105,.jpg,23557,JPEG,600,450,RGB,True,
ISIC_0031106.jpg,ISIC_0031106,.jpg,35451,JPEG,600,450,RGB,True,
ISIC_0031107.jpg,ISIC_0031107,.jpg,13508,JPEG,600,450,RGB,True,
ISIC_0031108.jpg,ISIC_0031108,.jpg,23936,JPEG,600,450,RGB,True,
ISIC_0031109.jpg,ISIC_0031109,.jpg,27708,JPEG,600,450,RGB,True,
ISIC_0031110.jpg,ISIC_0031110,.jpg,21545,JPEG,600,450,RGB,True,
ISIC_0031111.jpg,ISIC_0031111,.jpg,34560,JPEG,600,450,RGB,True,
ISIC_0031112.jpg,ISIC_0031112,.jpg,25828,JPEG,600,450,RGB,True,
ISIC_0031113.jpg,ISIC_0031113,.jpg,20840,JPEG,600,450,RGB,True,
ISIC_0031114.jpg,ISIC_0031114,.jpg,20364,JPEG,600,450,RGB,True,
ISIC_0031115.jpg,ISIC_0031115,.jpg,31081,JPEG,600,450,RGB,True,
ISIC_0031116.jpg,ISIC_0031116,.jpg,22758,JPEG,600,450,RGB,True,
ISIC_0031117.jpg,ISIC_0031117,.jpg,31817,JPEG,600,450,RGB,True,
ISIC_0031118.jpg,ISIC_0031118,.jpg,40353,JPEG,600,450,RGB,True,
ISIC_0031119.jpg,ISIC_0031119,.jpg,33929,JPEG,600,450,RGB,True,
ISIC_0031120.jpg,ISIC_0031120,.jpg,24803,JPEG,600,450,RGB,True,
ISIC_0031121.jpg,ISIC_0031121,.jpg,20184,JPEG,600,450,RGB,True,
ISIC_0031122.jpg,ISIC_0031122,.jpg,22870,JPEG,600,450,RGB,True,
ISIC_0031123.jpg,ISIC_0031123,.jpg,36477,JPEG,600,450,RGB,True,
ISIC_0031124.jpg,ISIC_0031124,.jpg,33175,JPEG,600,450,RGB,True,
ISIC_0031125.jpg,ISIC_0031125,.jpg,30195,JPEG,600,450,RGB,True,
ISIC_0031126.jpg,ISIC_0031126,.jpg,22362,JPEG,600,450,RGB,True,
ISIC_0031127.jpg,ISIC_0031127,.jpg,27081,JPEG,600,450,RGB,True,
ISIC_0031128.jpg,ISIC_0031128,.jpg,26193,JPEG,600,450,RGB,True,
ISIC_0031129.jpg,ISIC_0031129,.jpg,20721,JPEG,600,450,RGB,True,
ISIC_0031130.jpg,ISIC_0031130,.jpg,28326,JPEG,600,450,RGB,True,
ISIC_0031131.jpg,ISIC_0031131,.jpg,26720,JPEG,600,450,RGB,True,
ISIC_0031132.jpg,ISIC_0031132,.jpg,35339,JPEG,600,450,RGB,True,
ISIC_0031133.jpg,ISIC_0031133,.jpg,26808,JPEG,600,450,RGB,True,
ISIC_0031134.jpg,ISIC_0031134,.jpg,22368,JPEG,600,450,RGB,True,
ISIC_0031135.jpg,ISIC_0031135,.jpg,24400,JPEG,600,450,RGB,True,
ISIC_0031136.jpg,ISIC_0031136,.jpg,24237,JPEG,600,450,RGB,True,
ISIC_0031137.jpg,ISIC_0031137,.jpg,26059,JPEG,600,450,RGB,True,
ISIC_0031138.jpg,ISIC_0031138,.jpg,27674,JPEG,600,450,RGB,True,
ISIC_0031139.jpg,ISIC_0031139,.jpg,25737,JPEG,600,450,RGB,True,
ISIC_0031140.jpg,ISIC_0031140,.jpg,24617,JPEG,600,450,RGB,True,
ISIC_0031141.jpg,ISIC_0031141,.jpg,20218,JPEG,600,450,RGB,True,
ISIC_0031142.jpg,ISIC_0031142,.jpg,21001,JPEG,600,450,RGB,True,
ISIC_0031143.jpg,ISIC_0031143,.jpg,31070,JPEG,600,450,RGB,True,
ISIC_0031144.jpg,ISIC_0031144,.jpg,22860,JPEG,600,450,RGB,True,
ISIC_0031145.jpg,ISIC_0031145,.jpg,24700,JPEG,600,450,RGB,True,
ISIC_0031146.jpg,ISIC_0031146,.jpg,30843,JPEG,600,450,RGB,True,
ISIC_0031147.jpg,ISIC_0031147,.jpg,17427,JPEG,600,450,RGB,True,
ISIC_0031148.jpg,ISIC_0031148,.jpg,26031,JPEG,600,450,RGB,True,
ISIC_0031149.jpg,ISIC_0031149,.jpg,31492,JPEG,600,450,RGB,True,
ISIC_0031150.jpg,ISIC_0031150,.jpg,33022,JPEG,600,450,RGB,True,
ISIC_0031151.jpg,ISIC_0031151,.jpg,29424,JPEG,600,450,RGB,True,
ISIC_0031152.jpg,ISIC_0031152,.jpg,20381,JPEG,600,450,RGB,True,
ISIC_0031153.jpg,ISIC_0031153,.jpg,31684,JPEG,600,450,RGB,True,
ISIC_0031154.jpg,ISIC_0031154,.jpg,24419,JPEG,600,450,RGB,True,
ISIC_0031155.jpg,ISIC_0031155,.jpg,21370,JPEG,600,450,RGB,True,
ISIC_0031156.jpg,ISIC_0031156,.jpg,22314,JPEG,600,450,RGB,True,
ISIC_0031157.jpg,ISIC_0031157,.jpg,35387,JPEG,600,450,RGB,True,
ISIC_0031158.jpg,ISIC_0031158,.jpg,26325,JPEG,600,450,RGB,True,
ISIC_0031159.jpg,ISIC_0031159,.jpg,29109,JPEG,600,450,RGB,True,
ISIC_0031160.jpg,ISIC_0031160,.jpg,24501,JPEG,600,450,RGB,True,
ISIC_0031161.jpg,ISIC_0031161,.jpg,32220,JPEG,600,450,RGB,True,
ISIC_0031162.jpg,ISIC_0031162,.jpg,24747,JPEG,600,450,RGB,True,
ISIC_0031163.jpg,ISIC_0031163,.jpg,33875,JPEG,600,450,RGB,True,
ISIC_0031164.jpg,ISIC_0031164,.jpg,22861,JPEG,600,450,RGB,True,
ISIC_0031165.jpg,ISIC_0031165,.jpg,19403,JPEG,600,450,RGB,True,
ISIC_0031166.jpg,ISIC_0031166,.jpg,22640,JPEG,600,450,RGB,True,
ISIC_0031167.jpg,ISIC_0031167,.jpg,27394,JPEG,600,450,RGB,True,
ISIC_0031168.jpg,ISIC_0031168,.jpg,22276,JPEG,600,450,RGB,True,
ISIC_0031169.jpg,ISIC_0031169,.jpg,20996,JPEG,600,450,RGB,True,
ISIC_0031170.jpg,ISIC_0031170,.jpg,29487,JPEG,600,450,RGB,True,
ISIC_0031171.jpg,ISIC_0031171,.jpg,25039,JPEG,600,450,RGB,True,
ISIC_0031172.jpg,ISIC_0031172,.jpg,27108,JPEG,600,450,RGB,True,
ISIC_0031173.jpg,ISIC_0031173,.jpg,25528,JPEG,600,450,RGB,True,
ISIC_0031174.jpg,ISIC_0031174,.jpg,34118,JPEG,600,450,RGB,True,
ISIC_0031175.jpg,ISIC_0031175,.jpg,28468,JPEG,600,450,RGB,True,
ISIC_0031176.jpg,ISIC_0031176,.jpg,26453,JPEG,600,450,RGB,True,
ISIC_0031177.jpg,ISIC_0031177,.jpg,27999,JPEG,600,450,RGB,True,
ISIC_0031178.jpg,ISIC_0031178,.jpg,24471,JPEG,600,450,RGB,True,
ISIC_0031179.jpg,ISIC_0031179,.jpg,23742,JPEG,600,450,RGB,True,
ISIC_0031180.jpg,ISIC_0031180,.jpg,34838,JPEG,600,450,RGB,True,
ISIC_0031181.jpg,ISIC_0031181,.jpg,21730,JPEG,600,450,RGB,True,
ISIC_0031182.jpg,ISIC_0031182,.jpg,29339,JPEG,600,450,RGB,True,
ISIC_0031183.jpg,ISIC_0031183,.jpg,25039,JPEG,600,450,RGB,True,
ISIC_0031184.jpg,ISIC_0031184,.jpg,23483,JPEG,600,450,RGB,True,
ISIC_0031185.jpg,ISIC_0031185,.jpg,39511,JPEG,600,450,RGB,True,
ISIC_0031186.jpg,ISIC_0031186,.jpg,24773,JPEG,600,450,RGB,True,
ISIC_0031187.jpg,ISIC_0031187,.jpg,17597,JPEG,600,450,RGB,True,
ISIC_0031188.jpg,ISIC_0031188,.jpg,20099,JPEG,600,450,RGB,True,
ISIC_0031189.jpg,ISIC_0031189,.jpg,30230,JPEG,600,450,RGB,True,
ISIC_0031190.jpg,ISIC_0031190,.jpg,26333,JPEG,600,450,RGB,True,
ISIC_0031191.jpg,ISIC_0031191,.jpg,33930,JPEG,600,450,RGB,True,
ISIC_0031192.jpg,ISIC_0031192,.jpg,29615,JPEG,600,450,RGB,True,
ISIC_0031193.jpg,ISIC_0031193,.jpg,24097,JPEG,600,450,RGB,True,
ISIC_0031194.jpg,ISIC_0031194,.jpg,25036,JPEG,600,450,RGB,True,
ISIC_0031195.jpg,ISIC_0031195,.jpg,24551,JPEG,600,450,RGB,True,
ISIC_0031196.jpg,ISIC_0031196,.jpg,28334,JPEG,600,450,RGB,True,
ISIC_0031197.jpg,ISIC_0031197,.jpg,22494,JPEG,600,450,RGB,True,
ISIC_0031198.jpg,ISIC_0031198,.jpg,28154,JPEG,600,450,RGB,True,
ISIC_0031199.jpg,ISIC_0031199,.jpg,33767,JPEG,600,450,RGB,True,
ISIC_0031200.jpg,ISIC_0031200,.jpg,25019,JPEG,600,450,RGB,True,
ISIC_0031201.jpg,ISIC_0031201,.jpg,20814,JPEG,600,450,RGB,True,
ISIC_0031202.jpg,ISIC_0031202,.jpg,29010,JPEG,600,450,RGB,True,
ISIC_0031203.jpg,ISIC_0031203,.jpg,35059,JPEG,600,450,RGB,True,
ISIC_0031204.jpg,ISIC_0031204,.jpg,25845,JPEG,600,450,RGB,True,
ISIC_0031205.jpg,ISIC_0031205,.jpg,17306,JPEG,600,450,RGB,True,
ISIC_0031206.jpg,ISIC_0031206,.jpg,37469,JPEG,600,450,RGB,True,
ISIC_0031207.jpg,ISIC_0031207,.jpg,32381,JPEG,600,450,RGB,True,
ISIC_0031208.jpg,ISIC_0031208,.jpg,34310,JPEG,600,450,RGB,True,
ISIC_0031209.jpg,ISIC_0031209,.jpg,22630,JPEG,600,450,RGB,True,
ISIC_0031210.jpg,ISIC_0031210,.jpg,24991,JPEG,600,450,RGB,True,
ISIC_0031211.jpg,ISIC_0031211,.jpg,29484,JPEG,600,450,RGB,True,
ISIC_0031212.jpg,ISIC_0031212,.jpg,29095,JPEG,600,450,RGB,True,
ISIC_0031213.jpg,ISIC_0031213,.jpg,32096,JPEG,600,450,RGB,True,
ISIC_0031214.jpg,ISIC_0031214,.jpg,26725,JPEG,600,450,RGB,True,
ISIC_0031215.jpg,ISIC_0031215,.jpg,32303,JPEG,600,450,RGB,True,
ISIC_0031216.jpg,ISIC_0031216,.jpg,23322,JPEG,600,450,RGB,True,
ISIC_0031217.jpg,ISIC_0031217,.jpg,20640,JPEG,600,450,RGB,True,
ISIC_0031218.jpg,ISIC_0031218,.jpg,25449,JPEG,600,450,RGB,True,
ISIC_0031219.jpg,ISIC_0031219,.jpg,25814,JPEG,600,450,RGB,True,
ISIC_0031220.jpg,ISIC_0031220,.jpg,27246,JPEG,600,450,RGB,True,
ISIC_0031221.jpg,ISIC_0031221,.jpg,25983,JPEG,600,450,RGB,True,
ISIC_0031222.jpg,ISIC_0031222,.jpg,32328,JPEG,600,450,RGB,True,
ISIC_0031223.jpg,ISIC_0031223,.jpg,31391,JPEG,600,450,RGB,True,
ISIC_0031224.jpg,ISIC_0031224,.jpg,23106,JPEG,600,450,RGB,True,
ISIC_0031225.jpg,ISIC_0031225,.jpg,27478,JPEG,600,450,RGB,True,
ISIC_0031226.jpg,ISIC_0031226,.jpg,26772,JPEG,600,450,RGB,True,
ISIC_0031227.jpg,ISIC_0031227,.jpg,25942,JPEG,600,450,RGB,True,
ISIC_0031228.jpg,ISIC_0031228,.jpg,30499,JPEG,600,450,RGB,True,
ISIC_0031229.jpg,ISIC_0031229,.jpg,31110,JPEG,600,450,RGB,True,
ISIC_0031230.jpg,ISIC_0031230,.jpg,24115,JPEG,600,450,RGB,True,
ISIC_0031231.jpg,ISIC_0031231,.jpg,22367,JPEG,600,450,RGB,True,
ISIC_0031232.jpg,ISIC_0031232,.jpg,25032,JPEG,600,450,RGB,True,
ISIC_0031233.jpg,ISIC_0031233,.jpg,36524,JPEG,600,450,RGB,True,
ISIC_0031234.jpg,ISIC_0031234,.jpg,30468,JPEG,600,450,RGB,True,
ISIC_0031235.jpg,ISIC_0031235,.jpg,28189,JPEG,600,450,RGB,True,
ISIC_0031236.jpg,ISIC_0031236,.jpg,25880,JPEG,600,450,RGB,True,
ISIC_0031237.jpg,ISIC_0031237,.jpg,33472,JPEG,600,450,RGB,True,
ISIC_0031238.jpg,ISIC_0031238,.jpg,32298,JPEG,600,450,RGB,True,
ISIC_0031239.jpg,ISIC_0031239,.jpg,38122,JPEG,600,450,RGB,True,
ISIC_0031240.jpg,ISIC_0031240,.jpg,25106,JPEG,600,450,RGB,True,
ISIC_0031241.jpg,ISIC_0031241,.jpg,19927,JPEG,600,450,RGB,True,
ISIC_0031242.jpg,ISIC_0031242,.jpg,20306,JPEG,600,450,RGB,True,
ISIC_0031243.jpg,ISIC_0031243,.jpg,38726,JPEG,600,450,RGB,True,
ISIC_0031244.jpg,ISIC_0031244,.jpg,19082,JPEG,600,450,RGB,True,
ISIC_0031245.jpg,ISIC_0031245,.jpg,31577,JPEG,600,450,RGB,True,
ISIC_0031246.jpg,ISIC_0031246,.jpg,26328,JPEG,600,450,RGB,True,
ISIC_0031247.jpg,ISIC_0031247,.jpg,26152,JPEG,600,450,RGB,True,
ISIC_0031248.jpg,ISIC_0031248,.jpg,24284,JPEG,600,450,RGB,True,
ISIC_0031249.jpg,ISIC_0031249,.jpg,19767,JPEG,600,450,RGB,True,
ISIC_0031250.jpg,ISIC_0031250,.jpg,35847,JPEG,600,450,RGB,True,
ISIC_0031251.jpg,ISIC_0031251,.jpg,25762,JPEG,600,450,RGB,True,
ISIC_0031252.jpg,ISIC_0031252,.jpg,29034,JPEG,600,450,RGB,True,
ISIC_0031253.jpg,ISIC_0031253,.jpg,31523,JPEG,600,450,RGB,True,
ISIC_0031254.jpg,ISIC_0031254,.jpg,24704,JPEG,600,450,RGB,True,
ISIC_0031255.jpg,ISIC_0031255,.jpg,26937,JPEG,600,450,RGB,True,
ISIC_0031256.jpg,ISIC_0031256,.jpg,31372,JPEG,600,450,RGB,True,
ISIC_0031257.jpg,ISIC_0031257,.jpg,36041,JPEG,600,450,RGB,True,
ISIC_0031258.jpg,ISIC_0031258,.jpg,23059,JPEG,600,450,RGB,True,
ISIC_0031259.jpg,ISIC_0031259,.jpg,27906,JPEG,600,450,RGB,True,
ISIC_0031260.jpg,ISIC_0031260,.jpg,34026,JPEG,600,450,RGB,True,
ISIC_0031261.jpg,ISIC_0031261,.jpg,22841,JPEG,600,450,RGB,True,
ISIC_0031262.jpg,ISIC_0031262,.jpg,25669,JPEG,600,450,RGB,True,
ISIC_0031263.jpg,ISIC_0031263,.jpg,28465,JPEG,600,450,RGB,True,
ISIC_0031264.jpg,ISIC_0031264,.jpg,29249,JPEG,600,450,RGB,True,
ISIC_0031265.jpg,ISIC_0031265,.jpg,27483,JPEG,600,450,RGB,True,
ISIC_0031266.jpg,ISIC_0031266,.jpg,26506,JPEG,600,450,RGB,True,
ISIC_0031267.jpg,ISIC_0031267,.jpg,26653,JPEG,600,450,RGB,True,
ISIC_0031268.jpg,ISIC_0031268,.jpg,19211,JPEG,600,450,RGB,True,
ISIC_0031269.jpg,ISIC_0031269,.jpg,26717,JPEG,600,450,RGB,True,
ISIC_0031270.jpg,ISIC_0031270,.jpg,24322,JPEG,600,450,RGB,True,
ISIC_0031271.jpg,ISIC_0031271,.jpg,31296,JPEG,600,450,RGB,True,
ISIC_0031272.jpg,ISIC_0031272,.jpg,26553,JPEG,600,450,RGB,True,
ISIC_0031273.jpg,ISIC_0031273,.jpg,22362,JPEG,600,450,RGB,True,
ISIC_0031274.jpg,ISIC_0031274,.jpg,30121,JPEG,600,450,RGB,True,
ISIC_0031275.jpg,ISIC_0031275,.jpg,27072,JPEG,600,450,RGB,True,
ISIC_0031276.jpg,ISIC_0031276,.jpg,23491,JPEG,600,450,RGB,True,
ISIC_0031277.jpg,ISIC_0031277,.jpg,26885,JPEG,600,450,RGB,True,
ISIC_0031278.jpg,ISIC_0031278,.jpg,24454,JPEG,600,450,RGB,True,
ISIC_0031279.jpg,ISIC_0031279,.jpg,29230,JPEG,600,450,RGB,True,
ISIC_0031280.jpg,ISIC_0031280,.jpg,20781,JPEG,600,450,RGB,True,
ISIC_0031281.jpg,ISIC_0031281,.jpg,20835,JPEG,600,450,RGB,True,
ISIC_0031282.jpg,ISIC_0031282,.jpg,37607,JPEG,600,450,RGB,True,
ISIC_0031283.jpg,ISIC_0031283,.jpg,22822,JPEG,600,450,RGB,True,
ISIC_0031284.jpg,ISIC_0031284,.jpg,25621,JPEG,600,450,RGB,True,
ISIC_0031285.jpg,ISIC_0031285,.jpg,25891,JPEG,600,450,RGB,True,
ISIC_0031286.jpg,ISIC_0031286,.jpg,29882,JPEG,600,450,RGB,True,
ISIC_0031287.jpg,ISIC_0031287,.jpg,24980,JPEG,600,450,RGB,True,
ISIC_0031288.jpg,ISIC_0031288,.jpg,31819,JPEG,600,450,RGB,True,
ISIC_0031289.jpg,ISIC_0031289,.jpg,27904,JPEG,600,450,RGB,True,
ISIC_0031290.jpg,ISIC_0031290,.jpg,23122,JPEG,600,450,RGB,True,
ISIC_0031291.jpg,ISIC_0031291,.jpg,29839,JPEG,600,450,RGB,True,
ISIC_0031292.jpg,ISIC_0031292,.jpg,28213,JPEG,600,450,RGB,True,
ISIC_0031293.jpg,ISIC_0031293,.jpg,19554,JPEG,600,450,RGB,True,
ISIC_0031294.jpg,ISIC_0031294,.jpg,29180,JPEG,600,450,RGB,True,
ISIC_0031295.jpg,ISIC_0031295,.jpg,24700,JPEG,600,450,RGB,True,
ISIC_0031296.jpg,ISIC_0031296,.jpg,24793,JPEG,600,450,RGB,True,
ISIC_0031297.jpg,ISIC_0031297,.jpg,31718,JPEG,600,450,RGB,True,
ISIC_0031298.jpg,ISIC_0031298,.jpg,24841,JPEG,600,450,RGB,True,
ISIC_0031299.jpg,ISIC_0031299,.jpg,24252,JPEG,600,450,RGB,True,
ISIC_0031300.jpg,ISIC_0031300,.jpg,23552,JPEG,600,450,RGB,True,
ISIC_0031301.jpg,ISIC_0031301,.jpg,29288,JPEG,600,450,RGB,True,
ISIC_0031302.jpg,ISIC_0031302,.jpg,22310,JPEG,600,450,RGB,True,
ISIC_0031303.jpg,ISIC_0031303,.jpg,29405,JPEG,600,450,RGB,True,
ISIC_0031304.jpg,ISIC_0031304,.jpg,27307,JPEG,600,450,RGB,True,
ISIC_0031305.jpg,ISIC_0031305,.jpg,34526,JPEG,600,450,RGB,True,
ISIC_0031306.jpg,ISIC_0031306,.jpg,27924,JPEG,600,450,RGB,True,
ISIC_0031307.jpg,ISIC_0031307,.jpg,22967,JPEG,600,450,RGB,True,
ISIC_0031308.jpg,ISIC_0031308,.jpg,45138,JPEG,600,450,RGB,True,
ISIC_0031309.jpg,ISIC_0031309,.jpg,34060,JPEG,600,450,RGB,True,
ISIC_0031310.jpg,ISIC_0031310,.jpg,34551,JPEG,600,450,RGB,True,
ISIC_0031311.jpg,ISIC_0031311,.jpg,28641,JPEG,600,450,RGB,True,
ISIC_0031312.jpg,ISIC_0031312,.jpg,24964,JPEG,600,450,RGB,True,
ISIC_0031313.jpg,ISIC_0031313,.jpg,37662,JPEG,600,450,RGB,True,
ISIC_0031314.jpg,ISIC_0031314,.jpg,23397,JPEG,600,450,RGB,True,
ISIC_0031315.jpg,ISIC_0031315,.jpg,16861,JPEG,600,450,RGB,True,
ISIC_0031316.jpg,ISIC_0031316,.jpg,22275,JPEG,600,450,RGB,True,
ISIC_0031317.jpg,ISIC_0031317,.jpg,26345,JPEG,600,450,RGB,True,
ISIC_0031318.jpg,ISIC_0031318,.jpg,22553,JPEG,600,450,RGB,True,
ISIC_0031319.jpg,ISIC_0031319,.jpg,30420,JPEG,600,450,RGB,True,
ISIC_0031320.jpg,ISIC_0031320,.jpg,31788,JPEG,600,450,RGB,True,
ISIC_0031321.jpg,ISIC_0031321,.jpg,40201,JPEG,600,450,RGB,True,
ISIC_0031322.jpg,ISIC_0031322,.jpg,32204,JPEG,600,450,RGB,True,
ISIC_0031323.jpg,ISIC_0031323,.jpg,24302,JPEG,600,450,RGB,True,
ISIC_0031324.jpg,ISIC_0031324,.jpg,21675,JPEG,600,450,RGB,True,
ISIC_0031325.jpg,ISIC_0031325,.jpg,18286,JPEG,600,450,RGB,True,
ISIC_0031326.jpg,ISIC_0031326,.jpg,25601,JPEG,600,450,RGB,True,
ISIC_0031327.jpg,ISIC_0031327,.jpg,29968,JPEG,600,450,RGB,True,
ISIC_0031328.jpg,ISIC_0031328,.jpg,25050,JPEG,600,450,RGB,True,
ISIC_0031329.jpg,ISIC_0031329,.jpg,34564,JPEG,600,450,RGB,True,
ISIC_0031330.jpg,ISIC_0031330,.jpg,31536,JPEG,600,450,RGB,True,
ISIC_0031331.jpg,ISIC_0031331,.jpg,26464,JPEG,600,450,RGB,True,
ISIC_0031332.jpg,ISIC_0031332,.jpg,29705,JPEG,600,450,RGB,True,
ISIC_0031333.jpg,ISIC_0031333,.jpg,14230,JPEG,600,450,RGB,True,
ISIC_0031334.jpg,ISIC_0031334,.jpg,47501,JPEG,600,450,RGB,True,
ISIC_0031335.jpg,ISIC_0031335,.jpg,32052,JPEG,600,450,RGB,True,
ISIC_0031336.jpg,ISIC_0031336,.jpg,21196,JPEG,600,450,RGB,True,
ISIC_0031337.jpg,ISIC_0031337,.jpg,21815,JPEG,600,450,RGB,True,
ISIC_0031338.jpg,ISIC_0031338,.jpg,22557,JPEG,600,450,RGB,True,
ISIC_0031339.jpg,ISIC_0031339,.jpg,37021,JPEG,600,450,RGB,True,
ISIC_0031340.jpg,ISIC_0031340,.jpg,29479,JPEG,600,450,RGB,True,
ISIC_0031341.jpg,ISIC_0031341,.jpg,32096,JPEG,600,450,RGB,True,
ISIC_0031342.jpg,ISIC_0031342,.jpg,26345,JPEG,600,450,RGB,True,
ISIC_0031343.jpg,ISIC_0031343,.jpg,29462,JPEG,600,450,RGB,True,
ISIC_0031344.jpg,ISIC_0031344,.jpg,22968,JPEG,600,450,RGB,True,
ISIC_0031345.jpg,ISIC_0031345,.jpg,31449,JPEG,600,450,RGB,True,
ISIC_0031346.jpg,ISIC_0031346,.jpg,27993,JPEG,600,450,RGB,True,
ISIC_0031347.jpg,ISIC_0031347,.jpg,25501,JPEG,600,450,RGB,True,
ISIC_0031348.jpg,ISIC_0031348,.jpg,20722,JPEG,600,450,RGB,True,
ISIC_0031349.jpg,ISIC_0031349,.jpg,26218,JPEG,600,450,RGB,True,
ISIC_0031350.jpg,ISIC_0031350,.jpg,30362,JPEG,600,450,RGB,True,
ISIC_0031351.jpg,ISIC_0031351,.jpg,24028,JPEG,600,450,RGB,True,
ISIC_0031352.jpg,ISIC_0031352,.jpg,38010,JPEG,600,450,RGB,True,
ISIC_0031353.jpg,ISIC_0031353,.jpg,27538,JPEG,600,450,RGB,True,
ISIC_0031354.jpg,ISIC_0031354,.jpg,29234,JPEG,600,450,RGB,True,
ISIC_0031355.jpg,ISIC_0031355,.jpg,21470,JPEG,600,450,RGB,True,
ISIC_0031356.jpg,ISIC_0031356,.jpg,23319,JPEG,600,450,RGB,True,
ISIC_0031357.jpg,ISIC_0031357,.jpg,21368,JPEG,600,450,RGB,True,
ISIC_0031358.jpg,ISIC_0031358,.jpg,27329,JPEG,600,450,RGB,True,
ISIC_0031359.jpg,ISIC_0031359,.jpg,36373,JPEG,600,450,RGB,True,
ISIC_0031360.jpg,ISIC_0031360,.jpg,32448,JPEG,600,450,RGB,True,
ISIC_0031361.jpg,ISIC_0031361,.jpg,24415,JPEG,600,450,RGB,True,
ISIC_0031362.jpg,ISIC_0031362,.jpg,29801,JPEG,600,450,RGB,True,
ISIC_0031363.jpg,ISIC_0031363,.jpg,26818,JPEG,600,450,RGB,True,
ISIC_0031364.jpg,ISIC_0031364,.jpg,33817,JPEG,600,450,RGB,True,
ISIC_0031365.jpg,ISIC_0031365,.jpg,27691,JPEG,600,450,RGB,True,
ISIC_0031366.jpg,ISIC_0031366,.jpg,20918,JPEG,600,450,RGB,True,
ISIC_0031367.jpg,ISIC_0031367,.jpg,21630,JPEG,600,450,RGB,True,
ISIC_0031368.jpg,ISIC_0031368,.jpg,31365,JPEG,600,450,RGB,True,
ISIC_0031369.jpg,ISIC_0031369,.jpg,27859,JPEG,600,450,RGB,True,
ISIC_0031370.jpg,ISIC_0031370,.jpg,25702,JPEG,600,450,RGB,True,
ISIC_0031371.jpg,ISIC_0031371,.jpg,33198,JPEG,600,450,RGB,True,
ISIC_0031372.jpg,ISIC_0031372,.jpg,38261,JPEG,600,450,RGB,True,
ISIC_0031373.jpg,ISIC_0031373,.jpg,22502,JPEG,600,450,RGB,True,
ISIC_0031374.jpg,ISIC_0031374,.jpg,26721,JPEG,600,450,RGB,True,
ISIC_0031375.jpg,ISIC_0031375,.jpg,31146,JPEG,600,450,RGB,True,
ISIC_0031376.jpg,ISIC_0031376,.jpg,32593,JPEG,600,450,RGB,True,
ISIC_0031377.jpg,ISIC_0031377,.jpg,30643,JPEG,600,450,RGB,True,
ISIC_0031378.jpg,ISIC_0031378,.jpg,17086,JPEG,600,450,RGB,True,
ISIC_0031379.jpg,ISIC_0031379,.jpg,27216,JPEG,600,450,RGB,True,
ISIC_0031380.jpg,ISIC_0031380,.jpg,26414,JPEG,600,450,RGB,True,
ISIC_0031381.jpg,ISIC_0031381,.jpg,26105,JPEG,600,450,RGB,True,
ISIC_0031382.jpg,ISIC_0031382,.jpg,24439,JPEG,600,450,RGB,True,
ISIC_0031383.jpg,ISIC_0031383,.jpg,32765,JPEG,600,450,RGB,True,
ISIC_0031384.jpg,ISIC_0031384,.jpg,24045,JPEG,600,450,RGB,True,
ISIC_0031385.jpg,ISIC_0031385,.jpg,21931,JPEG,600,450,RGB,True,
ISIC_0031386.jpg,ISIC_0031386,.jpg,24405,JPEG,600,450,RGB,True,
ISIC_0031387.jpg,ISIC_0031387,.jpg,26472,JPEG,600,450,RGB,True,
ISIC_0031388.jpg,ISIC_0031388,.jpg,33224,JPEG,600,450,RGB,True,
ISIC_0031389.jpg,ISIC_0031389,.jpg,19829,JPEG,600,450,RGB,True,
ISIC_0031390.jpg,ISIC_0031390,.jpg,19543,JPEG,600,450,RGB,True,
ISIC_0031391.jpg,ISIC_0031391,.jpg,24554,JPEG,600,450,RGB,True,
ISIC_0031392.jpg,ISIC_0031392,.jpg,33140,JPEG,600,450,RGB,True,
ISIC_0031393.jpg,ISIC_0031393,.jpg,24993,JPEG,600,450,RGB,True,
ISIC_0031394.jpg,ISIC_0031394,.jpg,31829,JPEG,600,450,RGB,True,
ISIC_0031395.jpg,ISIC_0031395,.jpg,34860,JPEG,600,450,RGB,True,
ISIC_0031396.jpg,ISIC_0031396,.jpg,26385,JPEG,600,450,RGB,True,
ISIC_0031397.jpg,ISIC_0031397,.jpg,31722,JPEG,600,450,RGB,True,
ISIC_0031398.jpg,ISIC_0031398,.jpg,32562,JPEG,600,450,RGB,True,
ISIC_0031399.jpg,ISIC_0031399,.jpg,22882,JPEG,600,450,RGB,True,
ISIC_0031400.jpg,ISIC_0031400,.jpg,20496,JPEG,600,450,RGB,True,
ISIC_0031401.jpg,ISIC_0031401,.jpg,34973,JPEG,600,450,RGB,True,
ISIC_0031402.jpg,ISIC_0031402,.jpg,35225,JPEG,600,450,RGB,True,
ISIC_0031403.jpg,ISIC_0031403,.jpg,34207,JPEG,600,450,RGB,True,
ISIC_0031404.jpg,ISIC_0031404,.jpg,21903,JPEG,600,450,RGB,True,
ISIC_0031405.jpg,ISIC_0031405,.jpg,36881,JPEG,600,450,RGB,True,
ISIC_0031406.jpg,ISIC_0031406,.jpg,25799,JPEG,600,450,RGB,True,
ISIC_0031407.jpg,ISIC_0031407,.jpg,28214,JPEG,600,450,RGB,True,
ISIC_0031408.jpg,ISIC_0031408,.jpg,26696,JPEG,600,450,RGB,True,
ISIC_0031409.jpg,ISIC_0031409,.jpg,29854,JPEG,600,450,RGB,True,
ISIC_0031410.jpg,ISIC_0031410,.jpg,38335,JPEG,600,450,RGB,True,
ISIC_0031411.jpg,ISIC_0031411,.jpg,30775,JPEG,600,450,RGB,True,
ISIC_0031412.jpg,ISIC_0031412,.jpg,17975,JPEG,600,450,RGB,True,
ISIC_0031413.jpg,ISIC_0031413,.jpg,25210,JPEG,600,450,RGB,True,
ISIC_0031414.jpg,ISIC_0031414,.jpg,32138,JPEG,600,450,RGB,True,
ISIC_0031415.jpg,ISIC_0031415,.jpg,29533,JPEG,600,450,RGB,True,
ISIC_0031416.jpg,ISIC_0031416,.jpg,22315,JPEG,600,450,RGB,True,
ISIC_0031417.jpg,ISIC_0031417,.jpg,23168,JPEG,600,450,RGB,True,
ISIC_0031418.jpg,ISIC_0031418,.jpg,23270,JPEG,600,450,RGB,True,
ISIC_0031419.jpg,ISIC_0031419,.jpg,21191,JPEG,600,450,RGB,True,
ISIC_0031420.jpg,ISIC_0031420,.jpg,23530,JPEG,600,450,RGB,True,
ISIC_0031421.jpg,ISIC_0031421,.jpg,24105,JPEG,600,450,RGB,True,
ISIC_0031422.jpg,ISIC_0031422,.jpg,36847,JPEG,600,450,RGB,True,
ISIC_0031423.jpg,ISIC_0031423,.jpg,23289,JPEG,600,450,RGB,True,
ISIC_0031424.jpg,ISIC_0031424,.jpg,30602,JPEG,600,450,RGB,True,
ISIC_0031425.jpg,ISIC_0031425,.jpg,25067,JPEG,600,450,RGB,True,
ISIC_0031426.jpg,ISIC_0031426,.jpg,25141,JPEG,600,450,RGB,True,
ISIC_0031427.jpg,ISIC_0031427,.jpg,21856,JPEG,600,450,RGB,True,
ISIC_0031428.jpg,ISIC_0031428,.jpg,43196,JPEG,600,450,RGB,True,
ISIC_0031429.jpg,ISIC_0031429,.jpg,30337,JPEG,600,450,RGB,True,
ISIC_0031430.jpg,ISIC_0031430,.jpg,30627,JPEG,600,450,RGB,True,
ISIC_0031431.jpg,ISIC_0031431,.jpg,24276,JPEG,600,450,RGB,True,
ISIC_0031432.jpg,ISIC_0031432,.jpg,21961,JPEG,600,450,RGB,True,
ISIC_0031433.jpg,ISIC_0031433,.jpg,22856,JPEG,600,450,RGB,True,
ISIC_0031434.jpg,ISIC_0031434,.jpg,28924,JPEG,600,450,RGB,True,
ISIC_0031435.jpg,ISIC_0031435,.jpg,15977,JPEG,600,450,RGB,True,
ISIC_0031436.jpg,ISIC_0031436,.jpg,27855,JPEG,600,450,RGB,True,
ISIC_0031437.jpg,ISIC_0031437,.jpg,35172,JPEG,600,450,RGB,True,
ISIC_0031438.jpg,ISIC_0031438,.jpg,37171,JPEG,600,450,RGB,True,
ISIC_0031439.jpg,ISIC_0031439,.jpg,27879,JPEG,600,450,RGB,True,
ISIC_0031440.jpg,ISIC_0031440,.jpg,24370,JPEG,600,450,RGB,True,
ISIC_0031441.jpg,ISIC_0031441,.jpg,27089,JPEG,600,450,RGB,True,
ISIC_0031442.jpg,ISIC_0031442,.jpg,26328,JPEG,600,450,RGB,True,
ISIC_0031443.jpg,ISIC_0031443,.jpg,39278,JPEG,600,450,RGB,True,
ISIC_0031444.jpg,ISIC_0031444,.jpg,34181,JPEG,600,450,RGB,True,
ISIC_0031445.jpg,ISIC_0031445,.jpg,26392,JPEG,600,450,RGB,True,
ISIC_0031446.jpg,ISIC_0031446,.jpg,27742,JPEG,600,450,RGB,True,
ISIC_0031447.jpg,ISIC_0031447,.jpg,25424,JPEG,600,450,RGB,True,
ISIC_0031448.jpg,ISIC_0031448,.jpg,31590,JPEG,600,450,RGB,True,
ISIC_0031449.jpg,ISIC_0031449,.jpg,28133,JPEG,600,450,RGB,True,
ISIC_0031450.jpg,ISIC_0031450,.jpg,29698,JPEG,600,450,RGB,True,
ISIC_0031451.jpg,ISIC_0031451,.jpg,24633,JPEG,600,450,RGB,True,
ISIC_0031452.jpg,ISIC_0031452,.jpg,21885,JPEG,600,450,RGB,True,
ISIC_0031453.jpg,ISIC_0031453,.jpg,34300,JPEG,600,450,RGB,True,
ISIC_0031454.jpg,ISIC_0031454,.jpg,30511,JPEG,600,450,RGB,True,
ISIC_0031455.jpg,ISIC_0031455,.jpg,33061,JPEG,600,450,RGB,True,
ISIC_0031456.jpg,ISIC_0031456,.jpg,29806,JPEG,600,450,RGB,True,
ISIC_0031457.jpg,ISIC_0031457,.jpg,24941,JPEG,600,450,RGB,True,
ISIC_0031458.jpg,ISIC_0031458,.jpg,22981,JPEG,600,450,RGB,True,
ISIC_0031459.jpg,ISIC_0031459,.jpg,26941,JPEG,600,450,RGB,True,
ISIC_0031460.jpg,ISIC_0031460,.jpg,27795,JPEG,600,450,RGB,True,
ISIC_0031461.jpg,ISIC_0031461,.jpg,32139,JPEG,600,450,RGB,True,
ISIC_0031462.jpg,ISIC_0031462,.jpg,28479,JPEG,600,450,RGB,True,
ISIC_0031463.jpg,ISIC_0031463,.jpg,32793,JPEG,600,450,RGB,True,
ISIC_0031464.jpg,ISIC_0031464,.jpg,23321,JPEG,600,450,RGB,True,
ISIC_0031465.jpg,ISIC_0031465,.jpg,31656,JPEG,600,450,RGB,True,
ISIC_0031466.jpg,ISIC_0031466,.jpg,23571,JPEG,600,450,RGB,True,
ISIC_0031467.jpg,ISIC_0031467,.jpg,26833,JPEG,600,450,RGB,True,
ISIC_0031468.jpg,ISIC_0031468,.jpg,27495,JPEG,600,450,RGB,True,
ISIC_0031469.jpg,ISIC_0031469,.jpg,27909,JPEG,600,450,RGB,True,
ISIC_0031470.jpg,ISIC_0031470,.jpg,24690,JPEG,600,450,RGB,True,
ISIC_0031471.jpg,ISIC_0031471,.jpg,27996,JPEG,600,450,RGB,True,
ISIC_0031472.jpg,ISIC_0031472,.jpg,21610,JPEG,600,450,RGB,True,
ISIC_0031473.jpg,ISIC_0031473,.jpg,25763,JPEG,600,450,RGB,True,
ISIC_0031474.jpg,ISIC_0031474,.jpg,25241,JPEG,600,450,RGB,True,
ISIC_0031475.jpg,ISIC_0031475,.jpg,25492,JPEG,600,450,RGB,True,
ISIC_0031476.jpg,ISIC_0031476,.jpg,27776,JPEG,600,450,RGB,True,
ISIC_0031477.jpg,ISIC_0031477,.jpg,26689,JPEG,600,450,RGB,True,
ISIC_0031478.jpg,ISIC_0031478,.jpg,28253,JPEG,600,450,RGB,True,
ISIC_0031479.jpg,ISIC_0031479,.jpg,35775,JPEG,600,450,RGB,True,
ISIC_0031480.jpg,ISIC_0031480,.jpg,28200,JPEG,600,450,RGB,True,
ISIC_0031481.jpg,ISIC_0031481,.jpg,36697,JPEG,600,450,RGB,True,
ISIC_0031482.jpg,ISIC_0031482,.jpg,27945,JPEG,600,450,RGB,True,
ISIC_0031483.jpg,ISIC_0031483,.jpg,16361,JPEG,600,450,RGB,True,
ISIC_0031484.jpg,ISIC_0031484,.jpg,33744,JPEG,600,450,RGB,True,
ISIC_0031485.jpg,ISIC_0031485,.jpg,25734,JPEG,600,450,RGB,True,
ISIC_0031486.jpg,ISIC_0031486,.jpg,32001,JPEG,600,450,RGB,True,
ISIC_0031487.jpg,ISIC_0031487,.jpg,24539,JPEG,600,450,RGB,True,
ISIC_0031488.jpg,ISIC_0031488,.jpg,46922,JPEG,600,450,RGB,True,
ISIC_0031489.jpg,ISIC_0031489,.jpg,23636,JPEG,600,450,RGB,True,
ISIC_0031490.jpg,ISIC_0031490,.jpg,24528,JPEG,600,450,RGB,True,
ISIC_0031491.jpg,ISIC_0031491,.jpg,22220,JPEG,600,450,RGB,True,
ISIC_0031492.jpg,ISIC_0031492,.jpg,22504,JPEG,600,450,RGB,True,
ISIC_0031493.jpg,ISIC_0031493,.jpg,30595,JPEG,600,450,RGB,True,
ISIC_0031494.jpg,ISIC_0031494,.jpg,30857,JPEG,600,450,RGB,True,
ISIC_0031495.jpg,ISIC_0031495,.jpg,45096,JPEG,600,450,RGB,True,
ISIC_0031496.jpg,ISIC_0031496,.jpg,25946,JPEG,600,450,RGB,True,
ISIC_0031497.jpg,ISIC_0031497,.jpg,24450,JPEG,600,450,RGB,True,
ISIC_0031498.jpg,ISIC_0031498,.jpg,25761,JPEG,600,450,RGB,True,
ISIC_0031499.jpg,ISIC_0031499,.jpg,32253,JPEG,600,450,RGB,True,
ISIC_0031500.jpg,ISIC_0031500,.jpg,26715,JPEG,600,450,RGB,True,
ISIC_0031501.jpg,ISIC_0031501,.jpg,20905,JPEG,600,450,RGB,True,
ISIC_0031502.jpg,ISIC_0031502,.jpg,29054,JPEG,600,450,RGB,True,
ISIC_0031503.jpg,ISIC_0031503,.jpg,30275,JPEG,600,450,RGB,True,
ISIC_0031504.jpg,ISIC_0031504,.jpg,28317,JPEG,600,450,RGB,True,
ISIC_0031505.jpg,ISIC_0031505,.jpg,21587,JPEG,600,450,RGB,True,
ISIC_0031506.jpg,ISIC_0031506,.jpg,37861,JPEG,600,450,RGB,True,
ISIC_0031507.jpg,ISIC_0031507,.jpg,26145,JPEG,600,450,RGB,True,
ISIC_0031508.jpg,ISIC_0031508,.jpg,22700,JPEG,600,450,RGB,True,
ISIC_0031509.jpg,ISIC_0031509,.jpg,23171,JPEG,600,450,RGB,True,
ISIC_0031510.jpg,ISIC_0031510,.jpg,31736,JPEG,600,450,RGB,True,
ISIC_0031511.jpg,ISIC_0031511,.jpg,24823,JPEG,600,450,RGB,True,
ISIC_0031512.jpg,ISIC_0031512,.jpg,28988,JPEG,600,450,RGB,True,
ISIC_0031513.jpg,ISIC_0031513,.jpg,18359,JPEG,600,450,RGB,True,
ISIC_0031514.jpg,ISIC_0031514,.jpg,21641,JPEG,600,450,RGB,True,
ISIC_0031515.jpg,ISIC_0031515,.jpg,23066,JPEG,600,450,RGB,True,
ISIC_0031516.jpg,ISIC_0031516,.jpg,21672,JPEG,600,450,RGB,True,
ISIC_0031517.jpg,ISIC_0031517,.jpg,32171,JPEG,600,450,RGB,True,
ISIC_0031518.jpg,ISIC_0031518,.jpg,27197,JPEG,600,450,RGB,True,
ISIC_0031519.jpg,ISIC_0031519,.jpg,21260,JPEG,600,450,RGB,True,
ISIC_0031520.jpg,ISIC_0031520,.jpg,28783,JPEG,600,450,RGB,True,
ISIC_0031521.jpg,ISIC_0031521,.jpg,36559,JPEG,600,450,RGB,True,
ISIC_0031522.jpg,ISIC_0031522,.jpg,35701,JPEG,600,450,RGB,True,
ISIC_0031523.jpg,ISIC_0031523,.jpg,28020,JPEG,600,450,RGB,True,
ISIC_0031524.jpg,ISIC_0031524,.jpg,19718,JPEG,600,450,RGB,True,
ISIC_0031525.jpg,ISIC_0031525,.jpg,23171,JPEG,600,450,RGB,True,
ISIC_0031526.jpg,ISIC_0031526,.jpg,23919,JPEG,600,450,RGB,True,
ISIC_0031527.jpg,ISIC_0031527,.jpg,60255,JPEG,600,450,RGB,True,
ISIC_0031528.jpg,ISIC_0031528,.jpg,26785,JPEG,600,450,RGB,True,
ISIC_0031529.jpg,ISIC_0031529,.jpg,19235,JPEG,600,450,RGB,True,
ISIC_0031530.jpg,ISIC_0031530,.jpg,26159,JPEG,600,450,RGB,True,
ISIC_0031531.jpg,ISIC_0031531,.jpg,33088,JPEG,600,450,RGB,True,
ISIC_0031532.jpg,ISIC_0031532,.jpg,26944,JPEG,600,450,RGB,True,
ISIC_0031533.jpg,ISIC_0031533,.jpg,30803,JPEG,600,450,RGB,True,
ISIC_0031534.jpg,ISIC_0031534,.jpg,31803,JPEG,600,450,RGB,True,
ISIC_0031535.jpg,ISIC_0031535,.jpg,27012,JPEG,600,450,RGB,True,
ISIC_0031536.jpg,ISIC_0031536,.jpg,42341,JPEG,600,450,RGB,True,
ISIC_0031537.jpg,ISIC_0031537,.jpg,37519,JPEG,600,450,RGB,True,
ISIC_0031538.jpg,ISIC_0031538,.jpg,21696,JPEG,600,450,RGB,True,
ISIC_0031539.jpg,ISIC_0031539,.jpg,32213,JPEG,600,450,RGB,True,
ISIC_0031540.jpg,ISIC_0031540,.jpg,27564,JPEG,600,450,RGB,True,
ISIC_0031541.jpg,ISIC_0031541,.jpg,27701,JPEG,600,450,RGB,True,
ISIC_0031542.jpg,ISIC_0031542,.jpg,32018,JPEG,600,450,RGB,True,
ISIC_0031543.jpg,ISIC_0031543,.jpg,39069,JPEG,600,450,RGB,True,
ISIC_0031544.jpg,ISIC_0031544,.jpg,34781,JPEG,600,450,RGB,True,
ISIC_0031545.jpg,ISIC_0031545,.jpg,29951,JPEG,600,450,RGB,True,
ISIC_0031546.jpg,ISIC_0031546,.jpg,19281,JPEG,600,450,RGB,True,
ISIC_0031547.jpg,ISIC_0031547,.jpg,31683,JPEG,600,450,RGB,True,
ISIC_0031548.jpg,ISIC_0031548,.jpg,25309,JPEG,600,450,RGB,True,
ISIC_0031549.jpg,ISIC_0031549,.jpg,26484,JPEG,600,450,RGB,True,
ISIC_0031550.jpg,ISIC_0031550,.jpg,28326,JPEG,600,450,RGB,True,
ISIC_0031551.jpg,ISIC_0031551,.jpg,24308,JPEG,600,450,RGB,True,
ISIC_0031552.jpg,ISIC_0031552,.jpg,22671,JPEG,600,450,RGB,True,
ISIC_0031553.jpg,ISIC_0031553,.jpg,24538,JPEG,600,450,RGB,True,
ISIC_0031554.jpg,ISIC_0031554,.jpg,41951,JPEG,600,450,RGB,True,
ISIC_0031555.jpg,ISIC_0031555,.jpg,21111,JPEG,600,450,RGB,True,
ISIC_0031556.jpg,ISIC_0031556,.jpg,49240,JPEG,600,450,RGB,True,
ISIC_0031557.jpg,ISIC_0031557,.jpg,24779,JPEG,600,450,RGB,True,
ISIC_0031558.jpg,ISIC_0031558,.jpg,27115,JPEG,600,450,RGB,True,
ISIC_0031559.jpg,ISIC_0031559,.jpg,34680,JPEG,600,450,RGB,True,
ISIC_0031560.jpg,ISIC_0031560,.jpg,24723,JPEG,600,450,RGB,True,
ISIC_0031561.jpg,ISIC_0031561,.jpg,32674,JPEG,600,450,RGB,True,
ISIC_0031562.jpg,ISIC_0031562,.jpg,21121,JPEG,600,450,RGB,True,
ISIC_0031563.jpg,ISIC_0031563,.jpg,26791,JPEG,600,450,RGB,True,
ISIC_0031564.jpg,ISIC_0031564,.jpg,28447,JPEG,600,450,RGB,True,
ISIC_0031565.jpg,ISIC_0031565,.jpg,27736,JPEG,600,450,RGB,True,
ISIC_0031566.jpg,ISIC_0031566,.jpg,32182,JPEG,600,450,RGB,True,
ISIC_0031567.jpg,ISIC_0031567,.jpg,23863,JPEG,600,450,RGB,True,
ISIC_0031568.jpg,ISIC_0031568,.jpg,26595,JPEG,600,450,RGB,True,
ISIC_0031569.jpg,ISIC_0031569,.jpg,30614,JPEG,600,450,RGB,True,
ISIC_0031570.jpg,ISIC_0031570,.jpg,32238,JPEG,600,450,RGB,True,
ISIC_0031571.jpg,ISIC_0031571,.jpg,31749,JPEG,600,450,RGB,True,
ISIC_0031572.jpg,ISIC_0031572,.jpg,36957,JPEG,600,450,RGB,True,
ISIC_0031573.jpg,ISIC_0031573,.jpg,31105,JPEG,600,450,RGB,True,
ISIC_0031574.jpg,ISIC_0031574,.jpg,22444,JPEG,600,450,RGB,True,
ISIC_0031575.jpg,ISIC_0031575,.jpg,29855,JPEG,600,450,RGB,True,
ISIC_0031576.jpg,ISIC_0031576,.jpg,26686,JPEG,600,450,RGB,True,
ISIC_0031577.jpg,ISIC_0031577,.jpg,23239,JPEG,600,450,RGB,True,
ISIC_0031578.jpg,ISIC_0031578,.jpg,30070,JPEG,600,450,RGB,True,
ISIC_0031579.jpg,ISIC_0031579,.jpg,41272,JPEG,600,450,RGB,True,
ISIC_0031580.jpg,ISIC_0031580,.jpg,21720,JPEG,600,450,RGB,True,
ISIC_0031581.jpg,ISIC_0031581,.jpg,22214,JPEG,600,450,RGB,True,
ISIC_0031582.jpg,ISIC_0031582,.jpg,28190,JPEG,600,450,RGB,True,
ISIC_0031583.jpg,ISIC_0031583,.jpg,21696,JPEG,600,450,RGB,True,
ISIC_0031584.jpg,ISIC_0031584,.jpg,31927,JPEG,600,450,RGB,True,
ISIC_0031585.jpg,ISIC_0031585,.jpg,32679,JPEG,600,450,RGB,True,
ISIC_0031586.jpg,ISIC_0031586,.jpg,26572,JPEG,600,450,RGB,True,
ISIC_0031587.jpg,ISIC_0031587,.jpg,26109,JPEG,600,450,RGB,True,
ISIC_0031588.jpg,ISIC_0031588,.jpg,34753,JPEG,600,450,RGB,True,
ISIC_0031589.jpg,ISIC_0031589,.jpg,27039,JPEG,600,450,RGB,True,
ISIC_0031590.jpg,ISIC_0031590,.jpg,32693,JPEG,600,450,RGB,True,
ISIC_0031591.jpg,ISIC_0031591,.jpg,39804,JPEG,600,450,RGB,True,
ISIC_0031592.jpg,ISIC_0031592,.jpg,29233,JPEG,600,450,RGB,True,
ISIC_0031593.jpg,ISIC_0031593,.jpg,34115,JPEG,600,450,RGB,True,
ISIC_0031594.jpg,ISIC_0031594,.jpg,22085,JPEG,600,450,RGB,True,
ISIC_0031595.jpg,ISIC_0031595,.jpg,24033,JPEG,600,450,RGB,True,
ISIC_0031596.jpg,ISIC_0031596,.jpg,28737,JPEG,600,450,RGB,True,
ISIC_0031597.jpg,ISIC_0031597,.jpg,30080,JPEG,600,450,RGB,True,
ISIC_0031598.jpg,ISIC_0031598,.jpg,28818,JPEG,600,450,RGB,True,
ISIC_0031599.jpg,ISIC_0031599,.jpg,15054,JPEG,600,450,RGB,True,
ISIC_0031600.jpg,ISIC_0031600,.jpg,33183,JPEG,600,450,RGB,True,
ISIC_0031601.jpg,ISIC_0031601,.jpg,27825,JPEG,600,450,RGB,True,
ISIC_0031602.jpg,ISIC_0031602,.jpg,24747,JPEG,600,450,RGB,True,
ISIC_0031603.jpg,ISIC_0031603,.jpg,33989,JPEG,600,450,RGB,True,
ISIC_0031604.jpg,ISIC_0031604,.jpg,31348,JPEG,600,450,RGB,True,
ISIC_0031605.jpg,ISIC_0031605,.jpg,21175,JPEG,600,450,RGB,True,
ISIC_0031606.jpg,ISIC_0031606,.jpg,30642,JPEG,600,450,RGB,True,
ISIC_0031607.jpg,ISIC_0031607,.jpg,26334,JPEG,600,450,RGB,True,
ISIC_0031608.jpg,ISIC_0031608,.jpg,24057,JPEG,600,450,RGB,True,
ISIC_0031609.jpg,ISIC_0031609,.jpg,24267,JPEG,600,450,RGB,True,
ISIC_0031610.jpg,ISIC_0031610,.jpg,29369,JPEG,600,450,RGB,True,
ISIC_0031611.jpg,ISIC_0031611,.jpg,18255,JPEG,600,450,RGB,True,
ISIC_0031612.jpg,ISIC_0031612,.jpg,29047,JPEG,600,450,RGB,True,
ISIC_0031613.jpg,ISIC_0031613,.jpg,19209,JPEG,600,450,RGB,True,
ISIC_0031614.jpg,ISIC_0031614,.jpg,30966,JPEG,600,450,RGB,True,
ISIC_0031615.jpg,ISIC_0031615,.jpg,26137,JPEG,600,450,RGB,True,
ISIC_0031616.jpg,ISIC_0031616,.jpg,29241,JPEG,600,450,RGB,True,
ISIC_0031617.jpg,ISIC_0031617,.jpg,24412,JPEG,600,450,RGB,True,
ISIC_0031618.jpg,ISIC_0031618,.jpg,21903,JPEG,600,450,RGB,True,
ISIC_0031619.jpg,ISIC_0031619,.jpg,40447,JPEG,600,450,RGB,True,
ISIC_0031620.jpg,ISIC_0031620,.jpg,31350,JPEG,600,450,RGB,True,
ISIC_0031621.jpg,ISIC_0031621,.jpg,27139,JPEG,600,450,RGB,True,
ISIC_0031622.jpg,ISIC_0031622,.jpg,27549,JPEG,600,450,RGB,True,
ISIC_0031623.jpg,ISIC_0031623,.jpg,30596,JPEG,600,450,RGB,True,
ISIC_0031624.jpg,ISIC_0031624,.jpg,27490,JPEG,600,450,RGB,True,
ISIC_0031625.jpg,ISIC_0031625,.jpg,27447,JPEG,600,450,RGB,True,
ISIC_0031626.jpg,ISIC_0031626,.jpg,24644,JPEG,600,450,RGB,True,
ISIC_0031627.jpg,ISIC_0031627,.jpg,21363,JPEG,600,450,RGB,True,
ISIC_0031628.jpg,ISIC_0031628,.jpg,26150,JPEG,600,450,RGB,True,
ISIC_0031629.jpg,ISIC_0031629,.jpg,16874,JPEG,600,450,RGB,True,
ISIC_0031630.jpg,ISIC_0031630,.jpg,28593,JPEG,600,450,RGB,True,
ISIC_0031631.jpg,ISIC_0031631,.jpg,29045,JPEG,600,450,RGB,True,
ISIC_0031632.jpg,ISIC_0031632,.jpg,29725,JPEG,600,450,RGB,True,
ISIC_0031633.jpg,ISIC_0031633,.jpg,29184,JPEG,600,450,RGB,True,
ISIC_0031634.jpg,ISIC_0031634,.jpg,20668,JPEG,600,450,RGB,True,
ISIC_0031635.jpg,ISIC_0031635,.jpg,20083,JPEG,600,450,RGB,True,
ISIC_0031636.jpg,ISIC_0031636,.jpg,23602,JPEG,600,450,RGB,True,
ISIC_0031637.jpg,ISIC_0031637,.jpg,28709,JPEG,600,450,RGB,True,
ISIC_0031638.jpg,ISIC_0031638,.jpg,36403,JPEG,600,450,RGB,True,
ISIC_0031639.jpg,ISIC_0031639,.jpg,27672,JPEG,600,450,RGB,True,
ISIC_0031640.jpg,ISIC_0031640,.jpg,59426,JPEG,600,450,RGB,True,
ISIC_0031641.jpg,ISIC_0031641,.jpg,20294,JPEG,600,450,RGB,True,
ISIC_0031642.jpg,ISIC_0031642,.jpg,25583,JPEG,600,450,RGB,True,
ISIC_0031643.jpg,ISIC_0031643,.jpg,28722,JPEG,600,450,RGB,True,
ISIC_0031644.jpg,ISIC_0031644,.jpg,19141,JPEG,600,450,RGB,True,
ISIC_0031645.jpg,ISIC_0031645,.jpg,27278,JPEG,600,450,RGB,True,
ISIC_0031646.jpg,ISIC_0031646,.jpg,25857,JPEG,600,450,RGB,True,
ISIC_0031647.jpg,ISIC_0031647,.jpg,28203,JPEG,600,450,RGB,True,
ISIC_0031648.jpg,ISIC_0031648,.jpg,30836,JPEG,600,450,RGB,True,
ISIC_0031649.jpg,ISIC_0031649,.jpg,25163,JPEG,600,450,RGB,True,
ISIC_0031650.jpg,ISIC_0031650,.jpg,29540,JPEG,600,450,RGB,True,
ISIC_0031651.jpg,ISIC_0031651,.jpg,18599,JPEG,600,450,RGB,True,
ISIC_0031652.jpg,ISIC_0031652,.jpg,30315,JPEG,600,450,RGB,True,
ISIC_0031653.jpg,ISIC_0031653,.jpg,29762,JPEG,600,450,RGB,True,
ISIC_0031654.jpg,ISIC_0031654,.jpg,36756,JPEG,600,450,RGB,True,
ISIC_0031655.jpg,ISIC_0031655,.jpg,27371,JPEG,600,450,RGB,True,
ISIC_0031656.jpg,ISIC_0031656,.jpg,27524,JPEG,600,450,RGB,True,
ISIC_0031657.jpg,ISIC_0031657,.jpg,30493,JPEG,600,450,RGB,True,
ISIC_0031658.jpg,ISIC_0031658,.jpg,22634,JPEG,600,450,RGB,True,
ISIC_0031659.jpg,ISIC_0031659,.jpg,22793,JPEG,600,450,RGB,True,
ISIC_0031660.jpg,ISIC_0031660,.jpg,31415,JPEG,600,450,RGB,True,
ISIC_0031661.jpg,ISIC_0031661,.jpg,23540,JPEG,600,450,RGB,True,
ISIC_0031662.jpg,ISIC_0031662,.jpg,20604,JPEG,600,450,RGB,True,
ISIC_0031663.jpg,ISIC_0031663,.jpg,24127,JPEG,600,450,RGB,True,
ISIC_0031664.jpg,ISIC_0031664,.jpg,21685,JPEG,600,450,RGB,True,
ISIC_0031665.jpg,ISIC_0031665,.jpg,26917,JPEG,600,450,RGB,True,
ISIC_0031666.jpg,ISIC_0031666,.jpg,36494,JPEG,600,450,RGB,True,
ISIC_0031667.jpg,ISIC_0031667,.jpg,27206,JPEG,600,450,RGB,True,
ISIC_0031668.jpg,ISIC_0031668,.jpg,25812,JPEG,600,450,RGB,True,
ISIC_0031669.jpg,ISIC_0031669,.jpg,23942,JPEG,600,450,RGB,True,
ISIC_0031670.jpg,ISIC_0031670,.jpg,36057,JPEG,600,450,RGB,True,
ISIC_0031671.jpg,ISIC_0031671,.jpg,38704,JPEG,600,450,RGB,True,
ISIC_0031672.jpg,ISIC_0031672,.jpg,23219,JPEG,600,450,RGB,True,
ISIC_0031673.jpg,ISIC_0031673,.jpg,23152,JPEG,600,450,RGB,True,
ISIC_0031674.jpg,ISIC_0031674,.jpg,31399,JPEG,600,450,RGB,True,
ISIC_0031675.jpg,ISIC_0031675,.jpg,22326,JPEG,600,450,RGB,True,
ISIC_0031676.jpg,ISIC_0031676,.jpg,24442,JPEG,600,450,RGB,True,
ISIC_0031677.jpg,ISIC_0031677,.jpg,38378,JPEG,600,450,RGB,True,
ISIC_0031678.jpg,ISIC_0031678,.jpg,24178,JPEG,600,450,RGB,True,
ISIC_0031679.jpg,ISIC_0031679,.jpg,24003,JPEG,600,450,RGB,True,
ISIC_0031680.jpg,ISIC_0031680,.jpg,29185,JPEG,600,450,RGB,True,
ISIC_0031681.jpg,ISIC_0031681,.jpg,23973,JPEG,600,450,RGB,True,
ISIC_0031682.jpg,ISIC_0031682,.jpg,29575,JPEG,600,450,RGB,True,
ISIC_0031683.jpg,ISIC_0031683,.jpg,33886,JPEG,600,450,RGB,True,
ISIC_0031684.jpg,ISIC_0031684,.jpg,26652,JPEG,600,450,RGB,True,
ISIC_0031685.jpg,ISIC_0031685,.jpg,27053,JPEG,600,450,RGB,True,
ISIC_0031686.jpg,ISIC_0031686,.jpg,29299,JPEG,600,450,RGB,True,
ISIC_0031687.jpg,ISIC_0031687,.jpg,25723,JPEG,600,450,RGB,True,
ISIC_0031688.jpg,ISIC_0031688,.jpg,24086,JPEG,600,450,RGB,True,
ISIC_0031689.jpg,ISIC_0031689,.jpg,26922,JPEG,600,450,RGB,True,
ISIC_0031690.jpg,ISIC_0031690,.jpg,23522,JPEG,600,450,RGB,True,
ISIC_0031691.jpg,ISIC_0031691,.jpg,31527,JPEG,600,450,RGB,True,
ISIC_0031692.jpg,ISIC_0031692,.jpg,29306,JPEG,600,450,RGB,True,
ISIC_0031693.jpg,ISIC_0031693,.jpg,26177,JPEG,600,450,RGB,True,
ISIC_0031694.jpg,ISIC_0031694,.jpg,25388,JPEG,600,450,RGB,True,
ISIC_0031695.jpg,ISIC_0031695,.jpg,33138,JPEG,600,450,RGB,True,
ISIC_0031696.jpg,ISIC_0031696,.jpg,23435,JPEG,600,450,RGB,True,
ISIC_0031697.jpg,ISIC_0031697,.jpg,30674,JPEG,600,450,RGB,True,
ISIC_0031698.jpg,ISIC_0031698,.jpg,20093,JPEG,600,450,RGB,True,
ISIC_0031699.jpg,ISIC_0031699,.jpg,21878,JPEG,600,450,RGB,True,
ISIC_0031700.jpg,ISIC_0031700,.jpg,27584,JPEG,600,450,RGB,True,
ISIC_0031701.jpg,ISIC_0031701,.jpg,30577,JPEG,600,450,RGB,True,
ISIC_0031702.jpg,ISIC_0031702,.jpg,32955,JPEG,600,450,RGB,True,
ISIC_0031703.jpg,ISIC_0031703,.jpg,30027,JPEG,600,450,RGB,True,
ISIC_0031704.jpg,ISIC_0031704,.jpg,40759,JPEG,600,450,RGB,True,
ISIC_0031705.jpg,ISIC_0031705,.jpg,19386,JPEG,600,450,RGB,True,
ISIC_0031706.jpg,ISIC_0031706,.jpg,29819,JPEG,600,450,RGB,True,
ISIC_0031707.jpg,ISIC_0031707,.jpg,23059,JPEG,600,450,RGB,True,
ISIC_0031708.jpg,ISIC_0031708,.jpg,33632,JPEG,600,450,RGB,True,
ISIC_0031709.jpg,ISIC_0031709,.jpg,25672,JPEG,600,450,RGB,True,
ISIC_0031710.jpg,ISIC_0031710,.jpg,25867,JPEG,600,450,RGB,True,
ISIC_0031711.jpg,ISIC_0031711,.jpg,31662,JPEG,600,450,RGB,True,
ISIC_0031712.jpg,ISIC_0031712,.jpg,23681,JPEG,600,450,RGB,True,
ISIC_0031713.jpg,ISIC_0031713,.jpg,23448,JPEG,600,450,RGB,True,
ISIC_0031714.jpg,ISIC_0031714,.jpg,22055,JPEG,600,450,RGB,True,
ISIC_0031715.jpg,ISIC_0031715,.jpg,24187,JPEG,600,450,RGB,True,
ISIC_0031716.jpg,ISIC_0031716,.jpg,27832,JPEG,600,450,RGB,True,
ISIC_0031717.jpg,ISIC_0031717,.jpg,27659,JPEG,600,450,RGB,True,
ISIC_0031718.jpg,ISIC_0031718,.jpg,31484,JPEG,600,450,RGB,True,
ISIC_0031719.jpg,ISIC_0031719,.jpg,15828,JPEG,600,450,RGB,True,
ISIC_0031720.jpg,ISIC_0031720,.jpg,21928,JPEG,600,450,RGB,True,
ISIC_0031721.jpg,ISIC_0031721,.jpg,27686,JPEG,600,450,RGB,True,
ISIC_0031722.jpg,ISIC_0031722,.jpg,26518,JPEG,600,450,RGB,True,
ISIC_0031723.jpg,ISIC_0031723,.jpg,24016,JPEG,600,450,RGB,True,
ISIC_0031724.jpg,ISIC_0031724,.jpg,19447,JPEG,600,450,RGB,True,
ISIC_0031725.jpg,ISIC_0031725,.jpg,28527,JPEG,600,450,RGB,True,
ISIC_0031726.jpg,ISIC_0031726,.jpg,28513,JPEG,600,450,RGB,True,
ISIC_0031727.jpg,ISIC_0031727,.jpg,30412,JPEG,600,450,RGB,True,
ISIC_0031728.jpg,ISIC_0031728,.jpg,22791,JPEG,600,450,RGB,True,
ISIC_0031729.jpg,ISIC_0031729,.jpg,34875,JPEG,600,450,RGB,True,
ISIC_0031730.jpg,ISIC_0031730,.jpg,28388,JPEG,600,450,RGB,True,
ISIC_0031731.jpg,ISIC_0031731,.jpg,19786,JPEG,600,450,RGB,True,
ISIC_0031732.jpg,ISIC_0031732,.jpg,19896,JPEG,600,450,RGB,True,
ISIC_0031733.jpg,ISIC_0031733,.jpg,21010,JPEG,600,450,RGB,True,
ISIC_0031734.jpg,ISIC_0031734,.jpg,29983,JPEG,600,450,RGB,True,
ISIC_0031735.jpg,ISIC_0031735,.jpg,29686,JPEG,600,450,RGB,True,
ISIC_0031736.jpg,ISIC_0031736,.jpg,24524,JPEG,600,450,RGB,True,
ISIC_0031737.jpg,ISIC_0031737,.jpg,25593,JPEG,600,450,RGB,True,
ISIC_0031738.jpg,ISIC_0031738,.jpg,39172,JPEG,600,450,RGB,True,
ISIC_0031739.jpg,ISIC_0031739,.jpg,22203,JPEG,600,450,RGB,True,
ISIC_0031740.jpg,ISIC_0031740,.jpg,20186,JPEG,600,450,RGB,True,
ISIC_0031741.jpg,ISIC_0031741,.jpg,23307,JPEG,600,450,RGB,True,
ISIC_0031742.jpg,ISIC_0031742,.jpg,23556,JPEG,600,450,RGB,True,
ISIC_0031743.jpg,ISIC_0031743,.jpg,30591,JPEG,600,450,RGB,True,
ISIC_0031744.jpg,ISIC_0031744,.jpg,20789,JPEG,600,450,RGB,True,
ISIC_0031745.jpg,ISIC_0031745,.jpg,28364,JPEG,600,450,RGB,True,
ISIC_0031746.jpg,ISIC_0031746,.jpg,24032,JPEG,600,450,RGB,True,
ISIC_0031747.jpg,ISIC_0031747,.jpg,24725,JPEG,600,450,RGB,True,
ISIC_0031748.jpg,ISIC_0031748,.jpg,29823,JPEG,600,450,RGB,True,
ISIC_0031749.jpg,ISIC_0031749,.jpg,28012,JPEG,600,450,RGB,True,
ISIC_0031750.jpg,ISIC_0031750,.jpg,30836,JPEG,600,450,RGB,True,
ISIC_0031751.jpg,ISIC_0031751,.jpg,32222,JPEG,600,450,RGB,True,
ISIC_0031752.jpg,ISIC_0031752,.jpg,23525,JPEG,600,450,RGB,True,
ISIC_0031753.jpg,ISIC_0031753,.jpg,25421,JPEG,600,450,RGB,True,
ISIC_0031754.jpg,ISIC_0031754,.jpg,24755,JPEG,600,450,RGB,True,
ISIC_0031755.jpg,ISIC_0031755,.jpg,24306,JPEG,600,450,RGB,True,
ISIC_0031756.jpg,ISIC_0031756,.jpg,33258,JPEG,600,450,RGB,True,
ISIC_0031757.jpg,ISIC_0031757,.jpg,28068,JPEG,600,450,RGB,True,
ISIC_0031758.jpg,ISIC_0031758,.jpg,20333,JPEG,600,450,RGB,True,
ISIC_0031759.jpg,ISIC_0031759,.jpg,22442,JPEG,600,450,RGB,True,
ISIC_0031760.jpg,ISIC_0031760,.jpg,27370,JPEG,600,450,RGB,True,
ISIC_0031761.jpg,ISIC_0031761,.jpg,38594,JPEG,600,450,RGB,True,
ISIC_0031762.jpg,ISIC_0031762,.jpg,29115,JPEG,600,450,RGB,True,
ISIC_0031763.jpg,ISIC_0031763,.jpg,25169,JPEG,600,450,RGB,True,
ISIC_0031764.jpg,ISIC_0031764,.jpg,18719,JPEG,600,450,RGB,True,
ISIC_0031765.jpg,ISIC_0031765,.jpg,15902,JPEG,600,450,RGB,True,
ISIC_0031766.jpg,ISIC_0031766,.jpg,26061,JPEG,600,450,RGB,True,
ISIC_0031767.jpg,ISIC_0031767,.jpg,34187,JPEG,600,450,RGB,True,
ISIC_0031768.jpg,ISIC_0031768,.jpg,18682,JPEG,600,450,RGB,True,
ISIC_0031769.jpg,ISIC_0031769,.jpg,23678,JPEG,600,450,RGB,True,
ISIC_0031770.jpg,ISIC_0031770,.jpg,19223,JPEG,600,450,RGB,True,
ISIC_0031771.jpg,ISIC_0031771,.jpg,20017,JPEG,600,450,RGB,True,
ISIC_0031772.jpg,ISIC_0031772,.jpg,25303,JPEG,600,450,RGB,True,
ISIC_0031773.jpg,ISIC_0031773,.jpg,29388,JPEG,600,450,RGB,True,
ISIC_0031774.jpg,ISIC_0031774,.jpg,24525,JPEG,600,450,RGB,True,
ISIC_0031775.jpg,ISIC_0031775,.jpg,28704,JPEG,600,450,RGB,True,
ISIC_0031776.jpg,ISIC_0031776,.jpg,41933,JPEG,600,450,RGB,True,
ISIC_0031777.jpg,ISIC_0031777,.jpg,28686,JPEG,600,450,RGB,True,
ISIC_0031778.jpg,ISIC_0031778,.jpg,25745,JPEG,600,450,RGB,True,
ISIC_0031779.jpg,ISIC_0031779,.jpg,26621,JPEG,600,450,RGB,True,
ISIC_0031780.jpg,ISIC_0031780,.jpg,24745,JPEG,600,450,RGB,True,
ISIC_0031781.jpg,ISIC_0031781,.jpg,19764,JPEG,600,450,RGB,True,
ISIC_0031782.jpg,ISIC_0031782,.jpg,22708,JPEG,600,450,RGB,True,
ISIC_0031783.jpg,ISIC_0031783,.jpg,31767,JPEG,600,450,RGB,True,
ISIC_0031784.jpg,ISIC_0031784,.jpg,25597,JPEG,600,450,RGB,True,
ISIC_0031785.jpg,ISIC_0031785,.jpg,30257,JPEG,600,450,RGB,True,
ISIC_0031786.jpg,ISIC_0031786,.jpg,24653,JPEG,600,450,RGB,True,
ISIC_0031787.jpg,ISIC_0031787,.jpg,16668,JPEG,600,450,RGB,True,
ISIC_0031788.jpg,ISIC_0031788,.jpg,24452,JPEG,600,450,RGB,True,
ISIC_0031789.jpg,ISIC_0031789,.jpg,29519,JPEG,600,450,RGB,True,
ISIC_0031790.jpg,ISIC_0031790,.jpg,25525,JPEG,600,450,RGB,True,
ISIC_0031791.jpg,ISIC_0031791,.jpg,22575,JPEG,600,450,RGB,True,
ISIC_0031792.jpg,ISIC_0031792,.jpg,25101,JPEG,600,450,RGB,True,
ISIC_0031793.jpg,ISIC_0031793,.jpg,27098,JPEG,600,450,RGB,True,
ISIC_0031794.jpg,ISIC_0031794,.jpg,23858,JPEG,600,450,RGB,True,
ISIC_0031795.jpg,ISIC_0031795,.jpg,30607,JPEG,600,450,RGB,True,
ISIC_0031796.jpg,ISIC_0031796,.jpg,30608,JPEG,600,450,RGB,True,
ISIC_0031797.jpg,ISIC_0031797,.jpg,39333,JPEG,600,450,RGB,True,
ISIC_0031798.jpg,ISIC_0031798,.jpg,26248,JPEG,600,450,RGB,True,
ISIC_0031799.jpg,ISIC_0031799,.jpg,30119,JPEG,600,450,RGB,True,
ISIC_0031800.jpg,ISIC_0031800,.jpg,28618,JPEG,600,450,RGB,True,
ISIC_0031801.jpg,ISIC_0031801,.jpg,25534,JPEG,600,450,RGB,True,
ISIC_0031802.jpg,ISIC_0031802,.jpg,17029,JPEG,600,450,RGB,True,
ISIC_0031803.jpg,ISIC_0031803,.jpg,23216,JPEG,600,450,RGB,True,
ISIC_0031804.jpg,ISIC_0031804,.jpg,23795,JPEG,600,450,RGB,True,
ISIC_0031805.jpg,ISIC_0031805,.jpg,26812,JPEG,600,450,RGB,True,
ISIC_0031806.jpg,ISIC_0031806,.jpg,21928,JPEG,600,450,RGB,True,
ISIC_0031807.jpg,ISIC_0031807,.jpg,25911,JPEG,600,450,RGB,True,
ISIC_0031808.jpg,ISIC_0031808,.jpg,22165,JPEG,600,450,RGB,True,
ISIC_0031809.jpg,ISIC_0031809,.jpg,17278,JPEG,600,450,RGB,True,
ISIC_0031810.jpg,ISIC_0031810,.jpg,24135,JPEG,600,450,RGB,True,
ISIC_0031811.jpg,ISIC_0031811,.jpg,29553,JPEG,600,450,RGB,True,
ISIC_0031812.jpg,ISIC_0031812,.jpg,29300,JPEG,600,450,RGB,True,
ISIC_0031813.jpg,ISIC_0031813,.jpg,16605,JPEG,600,450,RGB,True,
ISIC_0031814.jpg,ISIC_0031814,.jpg,33818,JPEG,600,450,RGB,True,
ISIC_0031815.jpg,ISIC_0031815,.jpg,21638,JPEG,600,450,RGB,True,
ISIC_0031816.jpg,ISIC_0031816,.jpg,26675,JPEG,600,450,RGB,True,
ISIC_0031817.jpg,ISIC_0031817,.jpg,28565,JPEG,600,450,RGB,True,
ISIC_0031818.jpg,ISIC_0031818,.jpg,19069,JPEG,600,450,RGB,True,
ISIC_0031819.jpg,ISIC_0031819,.jpg,32094,JPEG,600,450,RGB,True,
ISIC_0031820.jpg,ISIC_0031820,.jpg,26506,JPEG,600,450,RGB,True,
ISIC_0031821.jpg,ISIC_0031821,.jpg,21164,JPEG,600,450,RGB,True,
ISIC_0031822.jpg,ISIC_0031822,.jpg,28885,JPEG,600,450,RGB,True,
ISIC_0031823.jpg,ISIC_0031823,.jpg,32449,JPEG,600,450,RGB,True,
ISIC_0031824.jpg,ISIC_0031824,.jpg,36432,JPEG,600,450,RGB,True,
ISIC_0031825.jpg,ISIC_0031825,.jpg,31271,JPEG,600,450,RGB,True,
ISIC_0031826.jpg,ISIC_0031826,.jpg,25425,JPEG,600,450,RGB,True,
ISIC_0031827.jpg,ISIC_0031827,.jpg,25140,JPEG,600,450,RGB,True,
ISIC_0031828.jpg,ISIC_0031828,.jpg,22502,JPEG,600,450,RGB,True,
ISIC_0031829.jpg,ISIC_0031829,.jpg,22179,JPEG,600,450,RGB,True,
ISIC_0031830.jpg,ISIC_0031830,.jpg,28041,JPEG,600,450,RGB,True,
ISIC_0031831.jpg,ISIC_0031831,.jpg,35189,JPEG,600,450,RGB,True,
ISIC_0031832.jpg,ISIC_0031832,.jpg,23909,JPEG,600,450,RGB,True,
ISIC_0031833.jpg,ISIC_0031833,.jpg,31545,JPEG,600,450,RGB,True,
ISIC_0031834.jpg,ISIC_0031834,.jpg,24707,JPEG,600,450,RGB,True,
ISIC_0031835.jpg,ISIC_0031835,.jpg,26180,JPEG,600,450,RGB,True,
ISIC_0031836.jpg,ISIC_0031836,.jpg,32724,JPEG,600,450,RGB,True,
ISIC_0031837.jpg,ISIC_0031837,.jpg,35214,JPEG,600,450,RGB,True,
ISIC_0031838.jpg,ISIC_0031838,.jpg,19356,JPEG,600,450,RGB,True,
ISIC_0031839.jpg,ISIC_0031839,.jpg,33699,JPEG,600,450,RGB,True,
ISIC_0031840.jpg,ISIC_0031840,.jpg,22416,JPEG,600,450,RGB,True,
ISIC_0031841.jpg,ISIC_0031841,.jpg,36104,JPEG,600,450,RGB,True,
ISIC_0031842.jpg,ISIC_0031842,.jpg,23999,JPEG,600,450,RGB,True,
ISIC_0031843.jpg,ISIC_0031843,.jpg,27721,JPEG,600,450,RGB,True,
ISIC_0031844.jpg,ISIC_0031844,.jpg,17724,JPEG,600,450,RGB,True,
ISIC_0031845.jpg,ISIC_0031845,.jpg,29190,JPEG,600,450,RGB,True,
ISIC_0031846.jpg,ISIC_0031846,.jpg,26156,JPEG,600,450,RGB,True,
ISIC_0031847.jpg,ISIC_0031847,.jpg,23633,JPEG,600,450,RGB,True,
ISIC_0031848.jpg,ISIC_0031848,.jpg,30585,JPEG,600,450,RGB,True,
ISIC_0031849.jpg,ISIC_0031849,.jpg,24896,JPEG,600,450,RGB,True,
ISIC_0031850.jpg,ISIC_0031850,.jpg,30058,JPEG,600,450,RGB,True,
ISIC_0031851.jpg,ISIC_0031851,.jpg,26094,JPEG,600,450,RGB,True,
ISIC_0031852.jpg,ISIC_0031852,.jpg,29545,JPEG,600,450,RGB,True,
ISIC_0031853.jpg,ISIC_0031853,.jpg,29063,JPEG,600,450,RGB,True,
ISIC_0031854.jpg,ISIC_0031854,.jpg,24984,JPEG,600,450,RGB,True,
ISIC_0031855.jpg,ISIC_0031855,.jpg,26715,JPEG,600,450,RGB,True,
ISIC_0031856.jpg,ISIC_0031856,.jpg,23871,JPEG,600,450,RGB,True,
ISIC_0031857.jpg,ISIC_0031857,.jpg,27534,JPEG,600,450,RGB,True,
ISIC_0031858.jpg,ISIC_0031858,.jpg,35775,JPEG,600,450,RGB,True,
ISIC_0031859.jpg,ISIC_0031859,.jpg,23309,JPEG,600,450,RGB,True,
ISIC_0031860.jpg,ISIC_0031860,.jpg,20214,JPEG,600,450,RGB,True,
ISIC_0031861.jpg,ISIC_0031861,.jpg,23344,JPEG,600,450,RGB,True,
ISIC_0031862.jpg,ISIC_0031862,.jpg,23557,JPEG,600,450,RGB,True,
ISIC_0031863.jpg,ISIC_0031863,.jpg,32047,JPEG,600,450,RGB,True,
ISIC_0031864.jpg,ISIC_0031864,.jpg,22859,JPEG,600,450,RGB,True,
ISIC_0031865.jpg,ISIC_0031865,.jpg,22353,JPEG,600,450,RGB,True,
ISIC_0031866.jpg,ISIC_0031866,.jpg,20736,JPEG,600,450,RGB,True,
ISIC_0031867.jpg,ISIC_0031867,.jpg,38497,JPEG,600,450,RGB,True,
ISIC_0031868.jpg,ISIC_0031868,.jpg,32137,JPEG,600,450,RGB,True,
ISIC_0031869.jpg,ISIC_0031869,.jpg,33914,JPEG,600,450,RGB,True,
ISIC_0031870.jpg,ISIC_0031870,.jpg,30051,JPEG,600,450,RGB,True,
ISIC_0031871.jpg,ISIC_0031871,.jpg,21845,JPEG,600,450,RGB,True,
ISIC_0031872.jpg,ISIC_0031872,.jpg,32025,JPEG,600,450,RGB,True,
ISIC_0031873.jpg,ISIC_0031873,.jpg,25287,JPEG,600,450,RGB,True,
ISIC_0031874.jpg,ISIC_0031874,.jpg,22784,JPEG,600,450,RGB,True,
ISIC_0031875.jpg,ISIC_0031875,.jpg,28596,JPEG,600,450,RGB,True,
ISIC_0031876.jpg,ISIC_0031876,.jpg,26279,JPEG,600,450,RGB,True,
ISIC_0031877.jpg,ISIC_0031877,.jpg,20931,JPEG,600,450,RGB,True,
ISIC_0031878.jpg,ISIC_0031878,.jpg,36638,JPEG,600,450,RGB,True,
ISIC_0031879.jpg,ISIC_0031879,.jpg,26552,JPEG,600,450,RGB,True,
ISIC_0031880.jpg,ISIC_0031880,.jpg,26865,JPEG,600,450,RGB,True,
ISIC_0031881.jpg,ISIC_0031881,.jpg,29989,JPEG,600,450,RGB,True,
ISIC_0031882.jpg,ISIC_0031882,.jpg,24194,JPEG,600,450,RGB,True,
ISIC_0031883.jpg,ISIC_0031883,.jpg,25626,JPEG,600,450,RGB,True,
ISIC_0031884.jpg,ISIC_0031884,.jpg,26011,JPEG,600,450,RGB,True,
ISIC_0031885.jpg,ISIC_0031885,.jpg,23877,JPEG,600,450,RGB,True,
ISIC_0031886.jpg,ISIC_0031886,.jpg,25612,JPEG,600,450,RGB,True,
ISIC_0031887.jpg,ISIC_0031887,.jpg,20724,JPEG,600,450,RGB,True,
ISIC_0031888.jpg,ISIC_0031888,.jpg,34724,JPEG,600,450,RGB,True,
ISIC_0031889.jpg,ISIC_0031889,.jpg,26376,JPEG,600,450,RGB,True,
ISIC_0031890.jpg,ISIC_0031890,.jpg,29158,JPEG,600,450,RGB,True,
ISIC_0031891.jpg,ISIC_0031891,.jpg,25162,JPEG,600,450,RGB,True,
ISIC_0031892.jpg,ISIC_0031892,.jpg,21884,JPEG,600,450,RGB,True,
ISIC_0031893.jpg,ISIC_0031893,.jpg,32263,JPEG,600,450,RGB,True,
ISIC_0031894.jpg,ISIC_0031894,.jpg,24397,JPEG,600,450,RGB,True,
ISIC_0031895.jpg,ISIC_0031895,.jpg,21845,JPEG,600,450,RGB,True,
ISIC_0031896.jpg,ISIC_0031896,.jpg,21657,JPEG,600,450,RGB,True,
ISIC_0031897.jpg,ISIC_0031897,.jpg,28825,JPEG,600,450,RGB,True,
ISIC_0031898.jpg,ISIC_0031898,.jpg,22959,JPEG,600,450,RGB,True,
ISIC_0031899.jpg,ISIC_0031899,.jpg,28606,JPEG,600,450,RGB,True,
ISIC_0031900.jpg,ISIC_0031900,.jpg,32598,JPEG,600,450,RGB,True,
ISIC_0031901.jpg,ISIC_0031901,.jpg,31773,JPEG,600,450,RGB,True,
ISIC_0031902.jpg,ISIC_0031902,.jpg,20880,JPEG,600,450,RGB,True,
ISIC_0031903.jpg,ISIC_0031903,.jpg,37445,JPEG,600,450,RGB,True,
ISIC_0031904.jpg,ISIC_0031904,.jpg,30098,JPEG,600,450,RGB,True,
ISIC_0031905.jpg,ISIC_0031905,.jpg,33008,JPEG,600,450,RGB,True,
ISIC_0031906.jpg,ISIC_0031906,.jpg,28161,JPEG,600,450,RGB,True,
ISIC_0031907.jpg,ISIC_0031907,.jpg,18874,JPEG,600,450,RGB,True,
ISIC_0031908.jpg,ISIC_0031908,.jpg,23287,JPEG,600,450,RGB,True,
ISIC_0031909.jpg,ISIC_0031909,.jpg,38237,JPEG,600,450,RGB,True,
ISIC_0031910.jpg,ISIC_0031910,.jpg,23751,JPEG,600,450,RGB,True,
ISIC_0031911.jpg,ISIC_0031911,.jpg,19674,JPEG,600,450,RGB,True,
ISIC_0031912.jpg,ISIC_0031912,.jpg,25462,JPEG,600,450,RGB,True,
ISIC_0031913.jpg,ISIC_0031913,.jpg,33460,JPEG,600,450,RGB,True,
ISIC_0031914.jpg,ISIC_0031914,.jpg,22166,JPEG,600,450,RGB,True,
ISIC_0031915.jpg,ISIC_0031915,.jpg,22935,JPEG,600,450,RGB,True,
ISIC_0031916.jpg,ISIC_0031916,.jpg,22350,JPEG,600,450,RGB,True,
ISIC_0031917.jpg,ISIC_0031917,.jpg,28297,JPEG,600,450,RGB,True,
ISIC_0031918.jpg,ISIC_0031918,.jpg,33782,JPEG,600,450,RGB,True,
ISIC_0031919.jpg,ISIC_0031919,.jpg,30260,JPEG,600,450,RGB,True,
ISIC_0031920.jpg,ISIC_0031920,.jpg,24309,JPEG,600,450,RGB,True,
ISIC_0031921.jpg,ISIC_0031921,.jpg,22970,JPEG,600,450,RGB,True,
ISIC_0031922.jpg,ISIC_0031922,.jpg,27110,JPEG,600,450,RGB,True,
ISIC_0031923.jpg,ISIC_0031923,.jpg,29040,JPEG,600,450,RGB,True,
ISIC_0031924.jpg,ISIC_0031924,.jpg,21683,JPEG,600,450,RGB,True,
ISIC_0031925.jpg,ISIC_0031925,.jpg,22510,JPEG,600,450,RGB,True,
ISIC_0031926.jpg,ISIC_0031926,.jpg,27065,JPEG,600,450,RGB,True,
ISIC_0031927.jpg,ISIC_0031927,.jpg,29194,JPEG,600,450,RGB,True,
ISIC_0031928.jpg,ISIC_0031928,.jpg,25158,JPEG,600,450,RGB,True,
ISIC_0031929.jpg,ISIC_0031929,.jpg,36604,JPEG,600,450,RGB,True,
ISIC_0031930.jpg,ISIC_0031930,.jpg,30025,JPEG,600,450,RGB,True,
ISIC_0031931.jpg,ISIC_0031931,.jpg,30593,JPEG,600,450,RGB,True,
ISIC_0031932.jpg,ISIC_0031932,.jpg,24502,JPEG,600,450,RGB,True,
ISIC_0031933.jpg,ISIC_0031933,.jpg,18184,JPEG,600,450,RGB,True,
ISIC_0031934.jpg,ISIC_0031934,.jpg,30877,JPEG,600,450,RGB,True,
ISIC_0031935.jpg,ISIC_0031935,.jpg,30863,JPEG,600,450,RGB,True,
ISIC_0031936.jpg,ISIC_0031936,.jpg,25694,JPEG,600,450,RGB,True,
ISIC_0031937.jpg,ISIC_0031937,.jpg,26640,JPEG,600,450,RGB,True,
ISIC_0031938.jpg,ISIC_0031938,.jpg,31929,JPEG,600,450,RGB,True,
ISIC_0031939.jpg,ISIC_0031939,.jpg,24224,JPEG,600,450,RGB,True,
ISIC_0031940.jpg,ISIC_0031940,.jpg,26307,JPEG,600,450,RGB,True,
ISIC_0031941.jpg,ISIC_0031941,.jpg,31277,JPEG,600,450,RGB,True,
ISIC_0031942.jpg,ISIC_0031942,.jpg,35126,JPEG,600,450,RGB,True,
ISIC_0031943.jpg,ISIC_0031943,.jpg,32757,JPEG,600,450,RGB,True,
ISIC_0031944.jpg,ISIC_0031944,.jpg,30856,JPEG,600,450,RGB,True,
ISIC_0031945.jpg,ISIC_0031945,.jpg,24167,JPEG,600,450,RGB,True,
ISIC_0031946.jpg,ISIC_0031946,.jpg,24723,JPEG,600,450,RGB,True,
ISIC_0031947.jpg,ISIC_0031947,.jpg,30249,JPEG,600,450,RGB,True,
ISIC_0031948.jpg,ISIC_0031948,.jpg,43450,JPEG,600,450,RGB,True,
ISIC_0031949.jpg,ISIC_0031949,.jpg,25809,JPEG,600,450,RGB,True,
ISIC_0031950.jpg,ISIC_0031950,.jpg,29587,JPEG,600,450,RGB,True,
ISIC_0031951.jpg,ISIC_0031951,.jpg,24177,JPEG,600,450,RGB,True,
ISIC_0031952.jpg,ISIC_0031952,.jpg,27476,JPEG,600,450,RGB,True,
ISIC_0031953.jpg,ISIC_0031953,.jpg,22191,JPEG,600,450,RGB,True,
ISIC_0031954.jpg,ISIC_0031954,.jpg,23276,JPEG,600,450,RGB,True,
ISIC_0031955.jpg,ISIC_0031955,.jpg,29691,JPEG,600,450,RGB,True,
ISIC_0031956.jpg,ISIC_0031956,.jpg,27128,JPEG,600,450,RGB,True,
ISIC_0031957.jpg,ISIC_0031957,.jpg,20463,JPEG,600,450,RGB,True,
ISIC_0031958.jpg,ISIC_0031958,.jpg,28754,JPEG,600,450,RGB,True,
ISIC_0031959.jpg,ISIC_0031959,.jpg,24012,JPEG,600,450,RGB,True,
ISIC_0031960.jpg,ISIC_0031960,.jpg,18935,JPEG,600,450,RGB,True,
ISIC_0031961.jpg,ISIC_0031961,.jpg,33424,JPEG,600,450,RGB,True,
ISIC_0031962.jpg,ISIC_0031962,.jpg,26667,JPEG,600,450,RGB,True,
ISIC_0031963.jpg,ISIC_0031963,.jpg,27270,JPEG,600,450,RGB,True,
ISIC_0031964.jpg,ISIC_0031964,.jpg,22867,JPEG,600,450,RGB,True,
ISIC_0031965.jpg,ISIC_0031965,.jpg,18578,JPEG,600,450,RGB,True,
ISIC_0031966.jpg,ISIC_0031966,.jpg,26663,JPEG,600,450,RGB,True,
ISIC_0031967.jpg,ISIC_0031967,.jpg,38545,JPEG,600,450,RGB,True,
ISIC_0031968.jpg,ISIC_0031968,.jpg,29901,JPEG,600,450,RGB,True,
ISIC_0031969.jpg,ISIC_0031969,.jpg,23481,JPEG,600,450,RGB,True,
ISIC_0031970.jpg,ISIC_0031970,.jpg,31739,JPEG,600,450,RGB,True,
ISIC_0031971.jpg,ISIC_0031971,.jpg,24057,JPEG,600,450,RGB,True,
ISIC_0031972.jpg,ISIC_0031972,.jpg,26692,JPEG,600,450,RGB,True,
ISIC_0031973.jpg,ISIC_0031973,.jpg,43780,JPEG,600,450,RGB,True,
ISIC_0031974.jpg,ISIC_0031974,.jpg,29395,JPEG,600,450,RGB,True,
ISIC_0031975.jpg,ISIC_0031975,.jpg,26106,JPEG,600,450,RGB,True,
ISIC_0031976.jpg,ISIC_0031976,.jpg,31793,JPEG,600,450,RGB,True,
ISIC_0031977.jpg,ISIC_0031977,.jpg,21668,JPEG,600,450,RGB,True,
ISIC_0031978.jpg,ISIC_0031978,.jpg,28940,JPEG,600,450,RGB,True,
ISIC_0031979.jpg,ISIC_0031979,.jpg,30466,JPEG,600,450,RGB,True,
ISIC_0031980.jpg,ISIC_0031980,.jpg,28561,JPEG,600,450,RGB,True,
ISIC_0031981.jpg,ISIC_0031981,.jpg,27569,JPEG,600,450,RGB,True,
ISIC_0031982.jpg,ISIC_0031982,.jpg,27704,JPEG,600,450,RGB,True,
ISIC_0031983.jpg,ISIC_0031983,.jpg,23472,JPEG,600,450,RGB,True,
ISIC_0031984.jpg,ISIC_0031984,.jpg,29999,JPEG,600,450,RGB,True,
ISIC_0031985.jpg,ISIC_0031985,.jpg,35635,JPEG,600,450,RGB,True,
ISIC_0031986.jpg,ISIC_0031986,.jpg,27192,JPEG,600,450,RGB,True,
ISIC_0031987.jpg,ISIC_0031987,.jpg,27224,JPEG,600,450,RGB,True,
ISIC_0031988.jpg,ISIC_0031988,.jpg,23187,JPEG,600,450,RGB,True,
ISIC_0031989.jpg,ISIC_0031989,.jpg,26175,JPEG,600,450,RGB,True,
ISIC_0031990.jpg,ISIC_0031990,.jpg,36138,JPEG,600,450,RGB,True,
ISIC_0031991.jpg,ISIC_0031991,.jpg,29422,JPEG,600,450,RGB,True,
ISIC_0031992.jpg,ISIC_0031992,.jpg,25344,JPEG,600,450,RGB,True,
ISIC_0031993.jpg,ISIC_0031993,.jpg,31027,JPEG,600,450,RGB,True,
ISIC_0031994.jpg,ISIC_0031994,.jpg,26622,JPEG,600,450,RGB,True,
ISIC_0031995.jpg,ISIC_0031995,.jpg,37979,JPEG,600,450,RGB,True,
ISIC_0031996.jpg,ISIC_0031996,.jpg,22929,JPEG,600,450,RGB,True,
ISIC_0031997.jpg,ISIC_0031997,.jpg,27610,JPEG,600,450,RGB,True,
ISIC_0031998.jpg,ISIC_0031998,.jpg,24605,JPEG,600,450,RGB,True,
ISIC_0031999.jpg,ISIC_0031999,.jpg,26080,JPEG,600,450,RGB,True,
ISIC_0032000.jpg,ISIC_0032000,.jpg,32418,JPEG,600,450,RGB,True,
ISIC_0032001.jpg,ISIC_0032001,.jpg,21942,JPEG,600,450,RGB,True,
ISIC_0032002.jpg,ISIC_0032002,.jpg,30737,JPEG,600,450,RGB,True,
ISIC_0032003.jpg,ISIC_0032003,.jpg,28348,JPEG,600,450,RGB,True,
ISIC_0032004.jpg,ISIC_0032004,.jpg,37026,JPEG,600,450,RGB,True,
ISIC_0032005.jpg,ISIC_0032005,.jpg,28286,JPEG,600,450,RGB,True,
ISIC_0032006.jpg,ISIC_0032006,.jpg,25547,JPEG,600,450,RGB,True,
ISIC_0032007.jpg,ISIC_0032007,.jpg,20968,JPEG,600,450,RGB,True,
ISIC_0032008.jpg,ISIC_0032008,.jpg,23596,JPEG,600,450,RGB,True,
ISIC_0032009.jpg,ISIC_0032009,.jpg,30494,JPEG,600,450,RGB,True,
ISIC_0032010.jpg,ISIC_0032010,.jpg,17722,JPEG,600,450,RGB,True,
ISIC_0032011.jpg,ISIC_0032011,.jpg,32249,JPEG,600,450,RGB,True,
ISIC_0032012.jpg,ISIC_0032012,.jpg,19743,JPEG,600,450,RGB,True,
ISIC_0032013.jpg,ISIC_0032013,.jpg,33522,JPEG,600,450,RGB,True,
ISIC_0032014.jpg,ISIC_0032014,.jpg,29739,JPEG,600,450,RGB,True,
ISIC_0032015.jpg,ISIC_0032015,.jpg,23878,JPEG,600,450,RGB,True,
ISIC_0032016.jpg,ISIC_0032016,.jpg,30139,JPEG,600,450,RGB,True,
ISIC_0032017.jpg,ISIC_0032017,.jpg,38769,JPEG,600,450,RGB,True,
ISIC_0032018.jpg,ISIC_0032018,.jpg,26192,JPEG,600,450,RGB,True,
ISIC_0032019.jpg,ISIC_0032019,.jpg,24120,JPEG,600,450,RGB,True,
ISIC_0032020.jpg,ISIC_0032020,.jpg,26030,JPEG,600,450,RGB,True,
ISIC_0032021.jpg,ISIC_0032021,.jpg,34427,JPEG,600,450,RGB,True,
ISIC_0032022.jpg,ISIC_0032022,.jpg,26222,JPEG,600,450,RGB,True,
ISIC_0032023.jpg,ISIC_0032023,.jpg,23417,JPEG,600,450,RGB,True,
ISIC_0032024.jpg,ISIC_0032024,.jpg,22485,JPEG,600,450,RGB,True,
ISIC_0032025.jpg,ISIC_0032025,.jpg,30136,JPEG,600,450,RGB,True,
ISIC_0032026.jpg,ISIC_0032026,.jpg,33075,JPEG,600,450,RGB,True,
ISIC_0032027.jpg,ISIC_0032027,.jpg,24245,JPEG,600,450,RGB,True,
ISIC_0032028.jpg,ISIC_0032028,.jpg,35359,JPEG,600,450,RGB,True,
ISIC_0032029.jpg,ISIC_0032029,.jpg,27433,JPEG,600,450,RGB,True,
ISIC_0032030.jpg,ISIC_0032030,.jpg,21785,JPEG,600,450,RGB,True,
ISIC_0032031.jpg,ISIC_0032031,.jpg,24749,JPEG,600,450,RGB,True,
ISIC_0032032.jpg,ISIC_0032032,.jpg,20658,JPEG,600,450,RGB,True,
ISIC_0032033.jpg,ISIC_0032033,.jpg,27261,JPEG,600,450,RGB,True,
ISIC_0032034.jpg,ISIC_0032034,.jpg,21436,JPEG,600,450,RGB,True,
ISIC_0032035.jpg,ISIC_0032035,.jpg,30727,JPEG,600,450,RGB,True,
ISIC_0032036.jpg,ISIC_0032036,.jpg,23893,JPEG,600,450,RGB,True,
ISIC_0032037.jpg,ISIC_0032037,.jpg,22841,JPEG,600,450,RGB,True,
ISIC_0032038.jpg,ISIC_0032038,.jpg,22239,JPEG,600,450,RGB,True,
ISIC_0032039.jpg,ISIC_0032039,.jpg,22484,JPEG,600,450,RGB,True,
ISIC_0032040.jpg,ISIC_0032040,.jpg,31805,JPEG,600,450,RGB,True,
ISIC_0032041.jpg,ISIC_0032041,.jpg,23727,JPEG,600,450,RGB,True,
ISIC_0032042.jpg,ISIC_0032042,.jpg,16658,JPEG,600,450,RGB,True,
ISIC_0032043.jpg,ISIC_0032043,.jpg,22622,JPEG,600,450,RGB,True,
ISIC_0032044.jpg,ISIC_0032044,.jpg,27245,JPEG,600,450,RGB,True,
ISIC_0032045.jpg,ISIC_0032045,.jpg,27170,JPEG,600,450,RGB,True,
ISIC_0032046.jpg,ISIC_0032046,.jpg,27515,JPEG,600,450,RGB,True,
ISIC_0032047.jpg,ISIC_0032047,.jpg,22602,JPEG,600,450,RGB,True,
ISIC_0032048.jpg,ISIC_0032048,.jpg,31050,JPEG,600,450,RGB,True,
ISIC_0032049.jpg,ISIC_0032049,.jpg,25377,JPEG,600,450,RGB,True,
ISIC_0032050.jpg,ISIC_0032050,.jpg,20499,JPEG,600,450,RGB,True,
ISIC_0032051.jpg,ISIC_0032051,.jpg,28087,JPEG,600,450,RGB,True,
ISIC_0032052.jpg,ISIC_0032052,.jpg,25613,JPEG,600,450,RGB,True,
ISIC_0032053.jpg,ISIC_0032053,.jpg,22267,JPEG,600,450,RGB,True,
ISIC_0032054.jpg,ISIC_0032054,.jpg,27737,JPEG,600,450,RGB,True,
ISIC_0032055.jpg,ISIC_0032055,.jpg,27096,JPEG,600,450,RGB,True,
ISIC_0032056.jpg,ISIC_0032056,.jpg,24062,JPEG,600,450,RGB,True,
ISIC_0032057.jpg,ISIC_0032057,.jpg,23234,JPEG,600,450,RGB,True,
ISIC_0032058.jpg,ISIC_0032058,.jpg,36370,JPEG,600,450,RGB,True,
ISIC_0032059.jpg,ISIC_0032059,.jpg,33154,JPEG,600,450,RGB,True,
ISIC_0032060.jpg,ISIC_0032060,.jpg,25300,JPEG,600,450,RGB,True,
ISIC_0032061.jpg,ISIC_0032061,.jpg,49298,JPEG,600,450,RGB,True,
ISIC_0032062.jpg,ISIC_0032062,.jpg,24327,JPEG,600,450,RGB,True,
ISIC_0032063.jpg,ISIC_0032063,.jpg,41171,JPEG,600,450,RGB,True,
ISIC_0032064.jpg,ISIC_0032064,.jpg,22939,JPEG,600,450,RGB,True,
ISIC_0032065.jpg,ISIC_0032065,.jpg,20424,JPEG,600,450,RGB,True,
ISIC_0032066.jpg,ISIC_0032066,.jpg,34504,JPEG,600,450,RGB,True,
ISIC_0032067.jpg,ISIC_0032067,.jpg,28994,JPEG,600,450,RGB,True,
ISIC_0032068.jpg,ISIC_0032068,.jpg,28225,JPEG,600,450,RGB,True,
ISIC_0032069.jpg,ISIC_0032069,.jpg,31093,JPEG,600,450,RGB,True,
ISIC_0032070.jpg,ISIC_0032070,.jpg,28305,JPEG,600,450,RGB,True,
ISIC_0032071.jpg,ISIC_0032071,.jpg,43971,JPEG,600,450,RGB,True,
ISIC_0032072.jpg,ISIC_0032072,.jpg,28445,JPEG,600,450,RGB,True,
ISIC_0032073.jpg,ISIC_0032073,.jpg,32331,JPEG,600,450,RGB,True,
ISIC_0032074.jpg,ISIC_0032074,.jpg,18758,JPEG,600,450,RGB,True,
ISIC_0032075.jpg,ISIC_0032075,.jpg,22198,JPEG,600,450,RGB,True,
ISIC_0032076.jpg,ISIC_0032076,.jpg,27071,JPEG,600,450,RGB,True,
ISIC_0032077.jpg,ISIC_0032077,.jpg,23177,JPEG,600,450,RGB,True,
ISIC_0032078.jpg,ISIC_0032078,.jpg,19899,JPEG,600,450,RGB,True,
ISIC_0032079.jpg,ISIC_0032079,.jpg,33461,JPEG,600,450,RGB,True,
ISIC_0032080.jpg,ISIC_0032080,.jpg,23267,JPEG,600,450,RGB,True,
ISIC_0032081.jpg,ISIC_0032081,.jpg,38201,JPEG,600,450,RGB,True,
ISIC_0032082.jpg,ISIC_0032082,.jpg,22487,JPEG,600,450,RGB,True,
ISIC_0032083.jpg,ISIC_0032083,.jpg,22788,JPEG,600,450,RGB,True,
ISIC_0032084.jpg,ISIC_0032084,.jpg,31726,JPEG,600,450,RGB,True,
ISIC_0032085.jpg,ISIC_0032085,.jpg,21636,JPEG,600,450,RGB,True,
ISIC_0032086.jpg,ISIC_0032086,.jpg,27081,JPEG,600,450,RGB,True,
ISIC_0032087.jpg,ISIC_0032087,.jpg,34533,JPEG,600,450,RGB,True,
ISIC_0032088.jpg,ISIC_0032088,.jpg,21011,JPEG,600,450,RGB,True,
ISIC_0032089.jpg,ISIC_0032089,.jpg,20931,JPEG,600,450,RGB,True,
ISIC_0032090.jpg,ISIC_0032090,.jpg,21113,JPEG,600,450,RGB,True,
ISIC_0032091.jpg,ISIC_0032091,.jpg,25753,JPEG,600,450,RGB,True,
ISIC_0032092.jpg,ISIC_0032092,.jpg,23710,JPEG,600,450,RGB,True,
ISIC_0032093.jpg,ISIC_0032093,.jpg,24218,JPEG,600,450,RGB,True,
ISIC_0032094.jpg,ISIC_0032094,.jpg,22348,JPEG,600,450,RGB,True,
ISIC_0032095.jpg,ISIC_0032095,.jpg,25921,JPEG,600,450,RGB,True,
ISIC_0032096.jpg,ISIC_0032096,.jpg,40463,JPEG,600,450,RGB,True,
ISIC_0032097.jpg,ISIC_0032097,.jpg,22259,JPEG,600,450,RGB,True,
ISIC_0032098.jpg,ISIC_0032098,.jpg,23091,JPEG,600,450,RGB,True,
ISIC_0032099.jpg,ISIC_0032099,.jpg,34875,JPEG,600,450,RGB,True,
ISIC_0032100.jpg,ISIC_0032100,.jpg,32317,JPEG,600,450,RGB,True,
ISIC_0032101.jpg,ISIC_0032101,.jpg,19315,JPEG,600,450,RGB,True,
ISIC_0032102.jpg,ISIC_0032102,.jpg,27696,JPEG,600,450,RGB,True,
ISIC_0032103.jpg,ISIC_0032103,.jpg,32278,JPEG,600,450,RGB,True,
ISIC_0032104.jpg,ISIC_0032104,.jpg,23326,JPEG,600,450,RGB,True,
ISIC_0032105.jpg,ISIC_0032105,.jpg,23639,JPEG,600,450,RGB,True,
ISIC_0032106.jpg,ISIC_0032106,.jpg,25951,JPEG,600,450,RGB,True,
ISIC_0032107.jpg,ISIC_0032107,.jpg,28927,JPEG,600,450,RGB,True,
ISIC_0032108.jpg,ISIC_0032108,.jpg,26989,JPEG,600,450,RGB,True,
ISIC_0032109.jpg,ISIC_0032109,.jpg,22828,JPEG,600,450,RGB,True,
ISIC_0032110.jpg,ISIC_0032110,.jpg,41829,JPEG,600,450,RGB,True,
ISIC_0032111.jpg,ISIC_0032111,.jpg,36807,JPEG,600,450,RGB,True,
ISIC_0032112.jpg,ISIC_0032112,.jpg,27251,JPEG,600,450,RGB,True,
ISIC_0032113.jpg,ISIC_0032113,.jpg,25448,JPEG,600,450,RGB,True,
ISIC_0032114.jpg,ISIC_0032114,.jpg,33651,JPEG,600,450,RGB,True,
ISIC_0032115.jpg,ISIC_0032115,.jpg,34099,JPEG,600,450,RGB,True,
ISIC_0032116.jpg,ISIC_0032116,.jpg,31946,JPEG,600,450,RGB,True,
ISIC_0032117.jpg,ISIC_0032117,.jpg,25207,JPEG,600,450,RGB,True,
ISIC_0032118.jpg,ISIC_0032118,.jpg,30040,JPEG,600,450,RGB,True,
ISIC_0032119.jpg,ISIC_0032119,.jpg,25082,JPEG,600,450,RGB,True,
ISIC_0032120.jpg,ISIC_0032120,.jpg,26234,JPEG,600,450,RGB,True,
ISIC_0032121.jpg,ISIC_0032121,.jpg,30336,JPEG,600,450,RGB,True,
ISIC_0032122.jpg,ISIC_0032122,.jpg,25640,JPEG,600,450,RGB,True,
ISIC_0032123.jpg,ISIC_0032123,.jpg,23203,JPEG,600,450,RGB,True,
ISIC_0032124.jpg,ISIC_0032124,.jpg,25975,JPEG,600,450,RGB,True,
ISIC_0032125.jpg,ISIC_0032125,.jpg,17796,JPEG,600,450,RGB,True,
ISIC_0032126.jpg,ISIC_0032126,.jpg,28879,JPEG,600,450,RGB,True,
ISIC_0032127.jpg,ISIC_0032127,.jpg,21617,JPEG,600,450,RGB,True,
ISIC_0032128.jpg,ISIC_0032128,.jpg,22741,JPEG,600,450,RGB,True,
ISIC_0032129.jpg,ISIC_0032129,.jpg,40049,JPEG,600,450,RGB,True,
ISIC_0032130.jpg,ISIC_0032130,.jpg,28384,JPEG,600,450,RGB,True,
ISIC_0032131.jpg,ISIC_0032131,.jpg,25453,JPEG,600,450,RGB,True,
ISIC_0032132.jpg,ISIC_0032132,.jpg,25208,JPEG,600,450,RGB,True,
ISIC_0032133.jpg,ISIC_0032133,.jpg,30078,JPEG,600,450,RGB,True,
ISIC_0032134.jpg,ISIC_0032134,.jpg,32299,JPEG,600,450,RGB,True,
ISIC_0032135.jpg,ISIC_0032135,.jpg,29239,JPEG,600,450,RGB,True,
ISIC_0032136.jpg,ISIC_0032136,.jpg,28795,JPEG,600,450,RGB,True,
ISIC_0032137.jpg,ISIC_0032137,.jpg,23233,JPEG,600,450,RGB,True,
ISIC_0032138.jpg,ISIC_0032138,.jpg,26485,JPEG,600,450,RGB,True,
ISIC_0032139.jpg,ISIC_0032139,.jpg,38199,JPEG,600,450,RGB,True,
ISIC_0032140.jpg,ISIC_0032140,.jpg,25328,JPEG,600,450,RGB,True,
ISIC_0032141.jpg,ISIC_0032141,.jpg,21381,JPEG,600,450,RGB,True,
ISIC_0032142.jpg,ISIC_0032142,.jpg,31151,JPEG,600,450,RGB,True,
ISIC_0032143.jpg,ISIC_0032143,.jpg,28744,JPEG,600,450,RGB,True,
ISIC_0032144.jpg,ISIC_0032144,.jpg,24363,JPEG,600,450,RGB,True,
ISIC_0032145.jpg,ISIC_0032145,.jpg,21906,JPEG,600,450,RGB,True,
ISIC_0032146.jpg,ISIC_0032146,.jpg,30019,JPEG,600,450,RGB,True,
ISIC_0032147.jpg,ISIC_0032147,.jpg,20937,JPEG,600,450,RGB,True,
ISIC_0032148.jpg,ISIC_0032148,.jpg,26834,JPEG,600,450,RGB,True,
ISIC_0032149.jpg,ISIC_0032149,.jpg,33404,JPEG,600,450,RGB,True,
ISIC_0032150.jpg,ISIC_0032150,.jpg,21352,JPEG,600,450,RGB,True,
ISIC_0032151.jpg,ISIC_0032151,.jpg,28631,JPEG,600,450,RGB,True,
ISIC_0032152.jpg,ISIC_0032152,.jpg,28506,JPEG,600,450,RGB,True,
ISIC_0032153.jpg,ISIC_0032153,.jpg,37536,JPEG,600,450,RGB,True,
ISIC_0032154.jpg,ISIC_0032154,.jpg,24566,JPEG,600,450,RGB,True,
ISIC_0032155.jpg,ISIC_0032155,.jpg,29511,JPEG,600,450,RGB,True,
ISIC_0032156.jpg,ISIC_0032156,.jpg,33019,JPEG,600,450,RGB,True,
ISIC_0032157.jpg,ISIC_0032157,.jpg,27817,JPEG,600,450,RGB,True,
ISIC_0032158.jpg,ISIC_0032158,.jpg,23724,JPEG,600,450,RGB,True,
ISIC_0032159.jpg,ISIC_0032159,.jpg,36994,JPEG,600,450,RGB,True,
ISIC_0032160.jpg,ISIC_0032160,.jpg,21913,JPEG,600,450,RGB,True,
ISIC_0032161.jpg,ISIC_0032161,.jpg,26363,JPEG,600,450,RGB,True,
ISIC_0032162.jpg,ISIC_0032162,.jpg,29766,JPEG,600,450,RGB,True,
ISIC_0032163.jpg,ISIC_0032163,.jpg,28242,JPEG,600,450,RGB,True,
ISIC_0032164.jpg,ISIC_0032164,.jpg,31651,JPEG,600,450,RGB,True,
ISIC_0032165.jpg,ISIC_0032165,.jpg,31879,JPEG,600,450,RGB,True,
ISIC_0032166.jpg,ISIC_0032166,.jpg,23230,JPEG,600,450,RGB,True,
ISIC_0032167.jpg,ISIC_0032167,.jpg,28275,JPEG,600,450,RGB,True,
ISIC_0032168.jpg,ISIC_0032168,.jpg,31567,JPEG,600,450,RGB,True,
ISIC_0032169.jpg,ISIC_0032169,.jpg,31342,JPEG,600,450,RGB,True,
ISIC_0032170.jpg,ISIC_0032170,.jpg,21955,JPEG,600,450,RGB,True,
ISIC_0032171.jpg,ISIC_0032171,.jpg,23962,JPEG,600,450,RGB,True,
ISIC_0032172.jpg,ISIC_0032172,.jpg,25795,JPEG,600,450,RGB,True,
ISIC_0032173.jpg,ISIC_0032173,.jpg,28587,JPEG,600,450,RGB,True,
ISIC_0032174.jpg,ISIC_0032174,.jpg,27457,JPEG,600,450,RGB,True,
ISIC_0032175.jpg,ISIC_0032175,.jpg,22818,JPEG,600,450,RGB,True,
ISIC_0032176.jpg,ISIC_0032176,.jpg,32302,JPEG,600,450,RGB,True,
ISIC_0032177.jpg,ISIC_0032177,.jpg,24969,JPEG,600,450,RGB,True,
ISIC_0032178.jpg,ISIC_0032178,.jpg,30410,JPEG,600,450,RGB,True,
ISIC_0032179.jpg,ISIC_0032179,.jpg,26070,JPEG,600,450,RGB,True,
ISIC_0032180.jpg,ISIC_0032180,.jpg,21555,JPEG,600,450,RGB,True,
ISIC_0032181.jpg,ISIC_0032181,.jpg,19373,JPEG,600,450,RGB,True,
ISIC_0032182.jpg,ISIC_0032182,.jpg,35381,JPEG,600,450,RGB,True,
ISIC_0032183.jpg,ISIC_0032183,.jpg,24503,JPEG,600,450,RGB,True,
ISIC_0032184.jpg,ISIC_0032184,.jpg,26818,JPEG,600,450,RGB,True,
ISIC_0032185.jpg,ISIC_0032185,.jpg,17876,JPEG,600,450,RGB,True,
ISIC_0032186.jpg,ISIC_0032186,.jpg,30175,JPEG,600,450,RGB,True,
ISIC_0032187.jpg,ISIC_0032187,.jpg,40886,JPEG,600,450,RGB,True,
ISIC_0032188.jpg,ISIC_0032188,.jpg,22369,JPEG,600,450,RGB,True,
ISIC_0032189.jpg,ISIC_0032189,.jpg,35142,JPEG,600,450,RGB,True,
ISIC_0032190.jpg,ISIC_0032190,.jpg,26785,JPEG,600,450,RGB,True,
ISIC_0032191.jpg,ISIC_0032191,.jpg,29220,JPEG,600,450,RGB,True,
ISIC_0032192.jpg,ISIC_0032192,.jpg,29572,JPEG,600,450,RGB,True,
ISIC_0032193.jpg,ISIC_0032193,.jpg,37673,JPEG,600,450,RGB,True,
ISIC_0032194.jpg,ISIC_0032194,.jpg,27155,JPEG,600,450,RGB,True,
ISIC_0032195.jpg,ISIC_0032195,.jpg,18314,JPEG,600,450,RGB,True,
ISIC_0032196.jpg,ISIC_0032196,.jpg,27563,JPEG,600,450,RGB,True,
ISIC_0032197.jpg,ISIC_0032197,.jpg,31529,JPEG,600,450,RGB,True,
ISIC_0032198.jpg,ISIC_0032198,.jpg,32429,JPEG,600,450,RGB,True,
ISIC_0032199.jpg,ISIC_0032199,.jpg,32509,JPEG,600,450,RGB,True,
ISIC_0032200.jpg,ISIC_0032200,.jpg,37734,JPEG,600,450,RGB,True,
ISIC_0032201.jpg,ISIC_0032201,.jpg,35562,JPEG,600,450,RGB,True,
ISIC_0032202.jpg,ISIC_0032202,.jpg,28726,JPEG,600,450,RGB,True,
ISIC_0032203.jpg,ISIC_0032203,.jpg,20797,JPEG,600,450,RGB,True,
ISIC_0032204.jpg,ISIC_0032204,.jpg,26616,JPEG,600,450,RGB,True,
ISIC_0032205.jpg,ISIC_0032205,.jpg,28937,JPEG,600,450,RGB,True,
ISIC_0032206.jpg,ISIC_0032206,.jpg,30577,JPEG,600,450,RGB,True,
ISIC_0032207.jpg,ISIC_0032207,.jpg,32748,JPEG,600,450,RGB,True,
ISIC_0032208.jpg,ISIC_0032208,.jpg,28664,JPEG,600,450,RGB,True,
ISIC_0032209.jpg,ISIC_0032209,.jpg,39767,JPEG,600,450,RGB,True,
ISIC_0032210.jpg,ISIC_0032210,.jpg,35998,JPEG,600,450,RGB,True,
ISIC_0032211.jpg,ISIC_0032211,.jpg,40435,JPEG,600,450,RGB,True,
ISIC_0032212.jpg,ISIC_0032212,.jpg,23166,JPEG,600,450,RGB,True,
ISIC_0032213.jpg,ISIC_0032213,.jpg,20750,JPEG,600,450,RGB,True,
ISIC_0032214.jpg,ISIC_0032214,.jpg,83386,JPEG,600,450,RGB,True,
ISIC_0032215.jpg,ISIC_0032215,.jpg,40576,JPEG,600,450,RGB,True,
ISIC_0032216.jpg,ISIC_0032216,.jpg,29689,JPEG,600,450,RGB,True,
ISIC_0032217.jpg,ISIC_0032217,.jpg,29810,JPEG,600,450,RGB,True,
ISIC_0032218.jpg,ISIC_0032218,.jpg,30075,JPEG,600,450,RGB,True,
ISIC_0032219.jpg,ISIC_0032219,.jpg,29670,JPEG,600,450,RGB,True,
ISIC_0032220.jpg,ISIC_0032220,.jpg,40948,JPEG,600,450,RGB,True,
ISIC_0032221.jpg,ISIC_0032221,.jpg,35805,JPEG,600,450,RGB,True,
ISIC_0032222.jpg,ISIC_0032222,.jpg,22745,JPEG,600,450,RGB,True,
ISIC_0032223.jpg,ISIC_0032223,.jpg,22455,JPEG,600,450,RGB,True,
ISIC_0032224.jpg,ISIC_0032224,.jpg,26047,JPEG,600,450,RGB,True,
ISIC_0032225.jpg,ISIC_0032225,.jpg,20701,JPEG,600,450,RGB,True,
ISIC_0032226.jpg,ISIC_0032226,.jpg,43115,JPEG,600,450,RGB,True,
ISIC_0032227.jpg,ISIC_0032227,.jpg,31910,JPEG,600,450,RGB,True,
ISIC_0032228.jpg,ISIC_0032228,.jpg,34360,JPEG,600,450,RGB,True,
ISIC_0032229.jpg,ISIC_0032229,.jpg,25684,JPEG,600,450,RGB,True,
ISIC_0032230.jpg,ISIC_0032230,.jpg,28799,JPEG,600,450,RGB,True,
ISIC_0032231.jpg,ISIC_0032231,.jpg,36180,JPEG,600,450,RGB,True,
ISIC_0032232.jpg,ISIC_0032232,.jpg,21541,JPEG,600,450,RGB,True,
ISIC_0032233.jpg,ISIC_0032233,.jpg,25797,JPEG,600,450,RGB,True,
ISIC_0032234.jpg,ISIC_0032234,.jpg,31545,JPEG,600,450,RGB,True,
ISIC_0032235.jpg,ISIC_0032235,.jpg,39852,JPEG,600,450,RGB,True,
ISIC_0032236.jpg,ISIC_0032236,.jpg,14853,JPEG,600,450,RGB,True,
ISIC_0032237.jpg,ISIC_0032237,.jpg,22776,JPEG,600,450,RGB,True,
ISIC_0032238.jpg,ISIC_0032238,.jpg,31373,JPEG,600,450,RGB,True,
ISIC_0032239.jpg,ISIC_0032239,.jpg,24307,JPEG,600,450,RGB,True,
ISIC_0032240.jpg,ISIC_0032240,.jpg,21870,JPEG,600,450,RGB,True,
ISIC_0032241.jpg,ISIC_0032241,.jpg,20866,JPEG,600,450,RGB,True,
ISIC_0032242.jpg,ISIC_0032242,.jpg,21403,JPEG,600,450,RGB,True,
ISIC_0032243.jpg,ISIC_0032243,.jpg,30160,JPEG,600,450,RGB,True,
ISIC_0032244.jpg,ISIC_0032244,.jpg,37156,JPEG,600,450,RGB,True,
ISIC_0032245.jpg,ISIC_0032245,.jpg,25102,JPEG,600,450,RGB,True,
ISIC_0032246.jpg,ISIC_0032246,.jpg,31932,JPEG,600,450,RGB,True,
ISIC_0032247.jpg,ISIC_0032247,.jpg,28393,JPEG,600,450,RGB,True,
ISIC_0032248.jpg,ISIC_0032248,.jpg,33305,JPEG,600,450,RGB,True,
ISIC_0032249.jpg,ISIC_0032249,.jpg,31950,JPEG,600,450,RGB,True,
ISIC_0032250.jpg,ISIC_0032250,.jpg,26366,JPEG,600,450,RGB,True,
ISIC_0032251.jpg,ISIC_0032251,.jpg,26752,JPEG,600,450,RGB,True,
ISIC_0032252.jpg,ISIC_0032252,.jpg,25048,JPEG,600,450,RGB,True,
ISIC_0032253.jpg,ISIC_0032253,.jpg,19842,JPEG,600,450,RGB,True,
ISIC_0032254.jpg,ISIC_0032254,.jpg,29461,JPEG,600,450,RGB,True,
ISIC_0032255.jpg,ISIC_0032255,.jpg,28201,JPEG,600,450,RGB,True,
ISIC_0032256.jpg,ISIC_0032256,.jpg,26367,JPEG,600,450,RGB,True,
ISIC_0032257.jpg,ISIC_0032257,.jpg,42267,JPEG,600,450,RGB,True,
ISIC_0032258.jpg,ISIC_0032258,.jpg,33687,JPEG,600,450,RGB,True,
ISIC_0032259.jpg,ISIC_0032259,.jpg,25759,JPEG,600,450,RGB,True,
ISIC_0032260.jpg,ISIC_0032260,.jpg,32748,JPEG,600,450,RGB,True,
ISIC_0032261.jpg,ISIC_0032261,.jpg,29273,JPEG,600,450,RGB,True,
ISIC_0032262.jpg,ISIC_0032262,.jpg,26153,JPEG,600,450,RGB,True,
ISIC_0032263.jpg,ISIC_0032263,.jpg,23057,JPEG,600,450,RGB,True,
ISIC_0032264.jpg,ISIC_0032264,.jpg,26023,JPEG,600,450,RGB,True,
ISIC_0032265.jpg,ISIC_0032265,.jpg,30605,JPEG,600,450,RGB,True,
ISIC_0032266.jpg,ISIC_0032266,.jpg,31753,JPEG,600,450,RGB,True,
ISIC_0032267.jpg,ISIC_0032267,.jpg,29431,JPEG,600,450,RGB,True,
ISIC_0032268.jpg,ISIC_0032268,.jpg,24792,JPEG,600,450,RGB,True,
ISIC_0032269.jpg,ISIC_0032269,.jpg,32756,JPEG,600,450,RGB,True,
ISIC_0032270.jpg,ISIC_0032270,.jpg,36773,JPEG,600,450,RGB,True,
ISIC_0032271.jpg,ISIC_0032271,.jpg,30229,JPEG,600,450,RGB,True,
ISIC_0032272.jpg,ISIC_0032272,.jpg,22418,JPEG,600,450,RGB,True,
ISIC_0032273.jpg,ISIC_0032273,.jpg,35971,JPEG,600,450,RGB,True,
ISIC_0032274.jpg,ISIC_0032274,.jpg,19519,JPEG,600,450,RGB,True,
ISIC_0032275.jpg,ISIC_0032275,.jpg,31732,JPEG,600,450,RGB,True,
ISIC_0032276.jpg,ISIC_0032276,.jpg,27301,JPEG,600,450,RGB,True,
ISIC_0032277.jpg,ISIC_0032277,.jpg,31473,JPEG,600,450,RGB,True,
ISIC_0032278.jpg,ISIC_0032278,.jpg,23543,JPEG,600,450,RGB,True,
ISIC_0032279.jpg,ISIC_0032279,.jpg,18503,JPEG,600,450,RGB,True,
ISIC_0032280.jpg,ISIC_0032280,.jpg,32124,JPEG,600,450,RGB,True,
ISIC_0032281.jpg,ISIC_0032281,.jpg,41066,JPEG,600,450,RGB,True,
ISIC_0032282.jpg,ISIC_0032282,.jpg,23017,JPEG,600,450,RGB,True,
ISIC_0032283.jpg,ISIC_0032283,.jpg,27805,JPEG,600,450,RGB,True,
ISIC_0032284.jpg,ISIC_0032284,.jpg,22097,JPEG,600,450,RGB,True,
ISIC_0032285.jpg,ISIC_0032285,.jpg,30280,JPEG,600,450,RGB,True,
ISIC_0032286.jpg,ISIC_0032286,.jpg,28408,JPEG,600,450,RGB,True,
ISIC_0032287.jpg,ISIC_0032287,.jpg,19749,JPEG,600,450,RGB,True,
ISIC_0032288.jpg,ISIC_0032288,.jpg,33279,JPEG,600,450,RGB,True,
ISIC_0032289.jpg,ISIC_0032289,.jpg,18918,JPEG,600,450,RGB,True,
ISIC_0032290.jpg,ISIC_0032290,.jpg,24069,JPEG,600,450,RGB,True,
ISIC_0032291.jpg,ISIC_0032291,.jpg,29006,JPEG,600,450,RGB,True,
ISIC_0032292.jpg,ISIC_0032292,.jpg,28352,JPEG,600,450,RGB,True,
ISIC_0032293.jpg,ISIC_0032293,.jpg,22712,JPEG,600,450,RGB,True,
ISIC_0032294.jpg,ISIC_0032294,.jpg,30289,JPEG,600,450,RGB,True,
ISIC_0032295.jpg,ISIC_0032295,.jpg,28306,JPEG,600,450,RGB,True,
ISIC_0032296.jpg,ISIC_0032296,.jpg,24436,JPEG,600,450,RGB,True,
ISIC_0032297.jpg,ISIC_0032297,.jpg,25245,JPEG,600,450,RGB,True,
ISIC_0032298.jpg,ISIC_0032298,.jpg,28112,JPEG,600,450,RGB,True,
ISIC_0032299.jpg,ISIC_0032299,.jpg,22350,JPEG,600,450,RGB,True,
ISIC_0032300.jpg,ISIC_0032300,.jpg,20485,JPEG,600,450,RGB,True,
ISIC_0032301.jpg,ISIC_0032301,.jpg,28407,JPEG,600,450,RGB,True,
ISIC_0032302.jpg,ISIC_0032302,.jpg,22738,JPEG,600,450,RGB,True,
ISIC_0032303.jpg,ISIC_0032303,.jpg,33556,JPEG,600,450,RGB,True,
ISIC_0032304.jpg,ISIC_0032304,.jpg,28209,JPEG,600,450,RGB,True,
ISIC_0032305.jpg,ISIC_0032305,.jpg,32731,JPEG,600,450,RGB,True,
ISIC_0032306.jpg,ISIC_0032306,.jpg,33029,JPEG,600,450,RGB,True,
ISIC_0032307.jpg,ISIC_0032307,.jpg,31837,JPEG,600,450,RGB,True,
ISIC_0032308.jpg,ISIC_0032308,.jpg,36816,JPEG,600,450,RGB,True,
ISIC_0032309.jpg,ISIC_0032309,.jpg,28630,JPEG,600,450,RGB,True,
ISIC_0032310.jpg,ISIC_0032310,.jpg,25525,JPEG,600,450,RGB,True,
ISIC_0032311.jpg,ISIC_0032311,.jpg,21907,JPEG,600,450,RGB,True,
ISIC_0032312.jpg,ISIC_0032312,.jpg,26300,JPEG,600,450,RGB,True,
ISIC_0032313.jpg,ISIC_0032313,.jpg,27962,JPEG,600,450,RGB,True,
ISIC_0032314.jpg,ISIC_0032314,.jpg,22953,JPEG,600,450,RGB,True,
ISIC_0032315.jpg,ISIC_0032315,.jpg,27318,JPEG,600,450,RGB,True,
ISIC_0032316.jpg,ISIC_0032316,.jpg,36320,JPEG,600,450,RGB,True,
ISIC_0032317.jpg,ISIC_0032317,.jpg,32304,JPEG,600,450,RGB,True,
ISIC_0032318.jpg,ISIC_0032318,.jpg,30122,JPEG,600,450,RGB,True,
ISIC_0032319.jpg,ISIC_0032319,.jpg,22344,JPEG,600,450,RGB,True,
ISIC_0032320.jpg,ISIC_0032320,.jpg,21033,JPEG,600,450,RGB,True,
ISIC_0032321.jpg,ISIC_0032321,.jpg,32979,JPEG,600,450,RGB,True,
ISIC_0032322.jpg,ISIC_0032322,.jpg,30102,JPEG,600,450,RGB,True,
ISIC_0032323.jpg,ISIC_0032323,.jpg,27291,JPEG,600,450,RGB,True,
ISIC_0032324.jpg,ISIC_0032324,.jpg,28656,JPEG,600,450,RGB,True,
ISIC_0032325.jpg,ISIC_0032325,.jpg,37842,JPEG,600,450,RGB,True,
ISIC_0032326.jpg,ISIC_0032326,.jpg,29126,JPEG,600,450,RGB,True,
ISIC_0032327.jpg,ISIC_0032327,.jpg,38288,JPEG,600,450,RGB,True,
ISIC_0032328.jpg,ISIC_0032328,.jpg,23230,JPEG,600,450,RGB,True,
ISIC_0032329.jpg,ISIC_0032329,.jpg,32481,JPEG,600,450,RGB,True,
ISIC_0032330.jpg,ISIC_0032330,.jpg,36776,JPEG,600,450,RGB,True,
ISIC_0032331.jpg,ISIC_0032331,.jpg,32542,JPEG,600,450,RGB,True,
ISIC_0032332.jpg,ISIC_0032332,.jpg,23149,JPEG,600,450,RGB,True,
ISIC_0032333.jpg,ISIC_0032333,.jpg,23415,JPEG,600,450,RGB,True,
ISIC_0032334.jpg,ISIC_0032334,.jpg,25590,JPEG,600,450,RGB,True,
ISIC_0032335.jpg,ISIC_0032335,.jpg,33052,JPEG,600,450,RGB,True,
ISIC_0032336.jpg,ISIC_0032336,.jpg,24089,JPEG,600,450,RGB,True,
ISIC_0032337.jpg,ISIC_0032337,.jpg,35355,JPEG,600,450,RGB,True,
ISIC_0032338.jpg,ISIC_0032338,.jpg,22152,JPEG,600,450,RGB,True,
ISIC_0032339.jpg,ISIC_0032339,.jpg,30085,JPEG,600,450,RGB,True,
ISIC_0032340.jpg,ISIC_0032340,.jpg,18082,JPEG,600,450,RGB,True,
ISIC_0032341.jpg,ISIC_0032341,.jpg,22874,JPEG,600,450,RGB,True,
ISIC_0032342.jpg,ISIC_0032342,.jpg,23269,JPEG,600,450,RGB,True,
ISIC_0032343.jpg,ISIC_0032343,.jpg,28390,JPEG,600,450,RGB,True,
ISIC_0032344.jpg,ISIC_0032344,.jpg,14100,JPEG,600,450,RGB,True,
ISIC_0032345.jpg,ISIC_0032345,.jpg,32503,JPEG,600,450,RGB,True,
ISIC_0032346.jpg,ISIC_0032346,.jpg,22940,JPEG,600,450,RGB,True,
ISIC_0032347.jpg,ISIC_0032347,.jpg,29357,JPEG,600,450,RGB,True,
ISIC_0032348.jpg,ISIC_0032348,.jpg,29765,JPEG,600,450,RGB,True,
ISIC_0032349.jpg,ISIC_0032349,.jpg,39465,JPEG,600,450,RGB,True,
ISIC_0032350.jpg,ISIC_0032350,.jpg,20386,JPEG,600,450,RGB,True,
ISIC_0032351.jpg,ISIC_0032351,.jpg,25246,JPEG,600,450,RGB,True,
ISIC_0032352.jpg,ISIC_0032352,.jpg,23876,JPEG,600,450,RGB,True,
ISIC_0032353.jpg,ISIC_0032353,.jpg,20493,JPEG,600,450,RGB,True,
ISIC_0032354.jpg,ISIC_0032354,.jpg,20960,JPEG,600,450,RGB,True,
ISIC_0032355.jpg,ISIC_0032355,.jpg,32218,JPEG,600,450,RGB,True,
ISIC_0032356.jpg,ISIC_0032356,.jpg,26323,JPEG,600,450,RGB,True,
ISIC_0032357.jpg,ISIC_0032357,.jpg,19793,JPEG,600,450,RGB,True,
ISIC_0032358.jpg,ISIC_0032358,.jpg,25460,JPEG,600,450,RGB,True,
ISIC_0032359.jpg,ISIC_0032359,.jpg,29903,JPEG,600,450,RGB,True,
ISIC_0032360.jpg,ISIC_0032360,.jpg,23918,JPEG,600,450,RGB,True,
ISIC_0032361.jpg,ISIC_0032361,.jpg,19985,JPEG,600,450,RGB,True,
ISIC_0032362.jpg,ISIC_0032362,.jpg,18200,JPEG,600,450,RGB,True,
ISIC_0032363.jpg,ISIC_0032363,.jpg,25542,JPEG,600,450,RGB,True,
ISIC_0032364.jpg,ISIC_0032364,.jpg,22833,JPEG,600,450,RGB,True,
ISIC_0032365.jpg,ISIC_0032365,.jpg,23014,JPEG,600,450,RGB,True,
ISIC_0032366.jpg,ISIC_0032366,.jpg,26939,JPEG,600,450,RGB,True,
ISIC_0032367.jpg,ISIC_0032367,.jpg,34693,JPEG,600,450,RGB,True,
ISIC_0032368.jpg,ISIC_0032368,.jpg,25181,JPEG,600,450,RGB,True,
ISIC_0032369.jpg,ISIC_0032369,.jpg,24523,JPEG,600,450,RGB,True,
ISIC_0032370.jpg,ISIC_0032370,.jpg,22209,JPEG,600,450,RGB,True,
ISIC_0032371.jpg,ISIC_0032371,.jpg,33555,JPEG,600,450,RGB,True,
ISIC_0032372.jpg,ISIC_0032372,.jpg,36225,JPEG,600,450,RGB,True,
ISIC_0032373.jpg,ISIC_0032373,.jpg,32688,JPEG,600,450,RGB,True,
ISIC_0032374.jpg,ISIC_0032374,.jpg,23994,JPEG,600,450,RGB,True,
ISIC_0032375.jpg,ISIC_0032375,.jpg,25734,JPEG,600,450,RGB,True,
ISIC_0032376.jpg,ISIC_0032376,.jpg,62018,JPEG,600,450,RGB,True,
ISIC_0032377.jpg,ISIC_0032377,.jpg,23833,JPEG,600,450,RGB,True,
ISIC_0032378.jpg,ISIC_0032378,.jpg,43833,JPEG,600,450,RGB,True,
ISIC_0032379.jpg,ISIC_0032379,.jpg,25147,JPEG,600,450,RGB,True,
ISIC_0032380.jpg,ISIC_0032380,.jpg,21321,JPEG,600,450,RGB,True,
ISIC_0032381.jpg,ISIC_0032381,.jpg,24038,JPEG,600,450,RGB,True,
ISIC_0032382.jpg,ISIC_0032382,.jpg,28291,JPEG,600,450,RGB,True,
ISIC_0032383.jpg,ISIC_0032383,.jpg,28771,JPEG,600,450,RGB,True,
ISIC_0032384.jpg,ISIC_0032384,.jpg,22035,JPEG,600,450,RGB,True,
ISIC_0032385.jpg,ISIC_0032385,.jpg,24644,JPEG,600,450,RGB,True,
ISIC_0032386.jpg,ISIC_0032386,.jpg,24880,JPEG,600,450,RGB,True,
ISIC_0032387.jpg,ISIC_0032387,.jpg,23679,JPEG,600,450,RGB,True,
ISIC_0032388.jpg,ISIC_0032388,.jpg,57208,JPEG,600,450,RGB,True,
ISIC_0032389.jpg,ISIC_0032389,.jpg,30826,JPEG,600,450,RGB,True,
ISIC_0032390.jpg,ISIC_0032390,.jpg,26733,JPEG,600,450,RGB,True,
ISIC_0032391.jpg,ISIC_0032391,.jpg,33861,JPEG,600,450,RGB,True,
ISIC_0032392.jpg,ISIC_0032392,.jpg,29669,JPEG,600,450,RGB,True,
ISIC_0032393.jpg,ISIC_0032393,.jpg,28946,JPEG,600,450,RGB,True,
ISIC_0032394.jpg,ISIC_0032394,.jpg,25836,JPEG,600,450,RGB,True,
ISIC_0032395.jpg,ISIC_0032395,.jpg,23767,JPEG,600,450,RGB,True,
ISIC_0032396.jpg,ISIC_0032396,.jpg,32785,JPEG,600,450,RGB,True,
ISIC_0032397.jpg,ISIC_0032397,.jpg,26986,JPEG,600,450,RGB,True,
ISIC_0032398.jpg,ISIC_0032398,.jpg,22244,JPEG,600,450,RGB,True,
ISIC_0032399.jpg,ISIC_0032399,.jpg,22469,JPEG,600,450,RGB,True,
ISIC_0032400.jpg,ISIC_0032400,.jpg,35842,JPEG,600,450,RGB,True,
ISIC_0032401.jpg,ISIC_0032401,.jpg,22390,JPEG,600,450,RGB,True,
ISIC_0032402.jpg,ISIC_0032402,.jpg,19902,JPEG,600,450,RGB,True,
ISIC_0032403.jpg,ISIC_0032403,.jpg,26580,JPEG,600,450,RGB,True,
ISIC_0032404.jpg,ISIC_0032404,.jpg,31567,JPEG,600,450,RGB,True,
ISIC_0032405.jpg,ISIC_0032405,.jpg,18457,JPEG,600,450,RGB,True,
ISIC_0032406.jpg,ISIC_0032406,.jpg,28532,JPEG,600,450,RGB,True,
ISIC_0032407.jpg,ISIC_0032407,.jpg,19882,JPEG,600,450,RGB,True,
ISIC_0032408.jpg,ISIC_0032408,.jpg,28660,JPEG,600,450,RGB,True,
ISIC_0032409.jpg,ISIC_0032409,.jpg,26573,JPEG,600,450,RGB,True,
ISIC_0032410.jpg,ISIC_0032410,.jpg,41487,JPEG,600,450,RGB,True,
ISIC_0032411.jpg,ISIC_0032411,.jpg,28757,JPEG,600,450,RGB,True,
ISIC_0032412.jpg,ISIC_0032412,.jpg,30181,JPEG,600,450,RGB,True,
ISIC_0032413.jpg,ISIC_0032413,.jpg,26959,JPEG,600,450,RGB,True,
ISIC_0032414.jpg,ISIC_0032414,.jpg,25882,JPEG,600,450,RGB,True,
ISIC_0032415.jpg,ISIC_0032415,.jpg,25417,JPEG,600,450,RGB,True,
ISIC_0032416.jpg,ISIC_0032416,.jpg,22779,JPEG,600,450,RGB,True,
ISIC_0032417.jpg,ISIC_0032417,.jpg,26688,JPEG,600,450,RGB,True,
ISIC_0032418.jpg,ISIC_0032418,.jpg,25183,JPEG,600,450,RGB,True,
ISIC_0032419.jpg,ISIC_0032419,.jpg,27158,JPEG,600,450,RGB,True,
ISIC_0032420.jpg,ISIC_0032420,.jpg,32394,JPEG,600,450,RGB,True,
ISIC_0032421.jpg,ISIC_0032421,.jpg,28157,JPEG,600,450,RGB,True,
ISIC_0032422.jpg,ISIC_0032422,.jpg,27071,JPEG,600,450,RGB,True,
ISIC_0032423.jpg,ISIC_0032423,.jpg,23603,JPEG,600,450,RGB,True,
ISIC_0032424.jpg,ISIC_0032424,.jpg,39011,JPEG,600,450,RGB,True,
ISIC_0032425.jpg,ISIC_0032425,.jpg,23461,JPEG,600,450,RGB,True,
ISIC_0032426.jpg,ISIC_0032426,.jpg,32445,JPEG,600,450,RGB,True,
ISIC_0032427.jpg,ISIC_0032427,.jpg,31554,JPEG,600,450,RGB,True,
ISIC_0032428.jpg,ISIC_0032428,.jpg,24276,JPEG,600,450,RGB,True,
ISIC_0032429.jpg,ISIC_0032429,.jpg,21824,JPEG,600,450,RGB,True,
ISIC_0032430.jpg,ISIC_0032430,.jpg,29964,JPEG,600,450,RGB,True,
ISIC_0032431.jpg,ISIC_0032431,.jpg,27599,JPEG,600,450,RGB,True,
ISIC_0032432.jpg,ISIC_0032432,.jpg,20618,JPEG,600,450,RGB,True,
ISIC_0032433.jpg,ISIC_0032433,.jpg,21548,JPEG,600,450,RGB,True,
ISIC_0032434.jpg,ISIC_0032434,.jpg,32218,JPEG,600,450,RGB,True,
ISIC_0032435.jpg,ISIC_0032435,.jpg,23939,JPEG,600,450,RGB,True,
ISIC_0032436.jpg,ISIC_0032436,.jpg,17969,JPEG,600,450,RGB,True,
ISIC_0032437.jpg,ISIC_0032437,.jpg,32364,JPEG,600,450,RGB,True,
ISIC_0032438.jpg,ISIC_0032438,.jpg,20743,JPEG,600,450,RGB,True,
ISIC_0032439.jpg,ISIC_0032439,.jpg,29058,JPEG,600,450,RGB,True,
ISIC_0032440.jpg,ISIC_0032440,.jpg,27745,JPEG,600,450,RGB,True,
ISIC_0032441.jpg,ISIC_0032441,.jpg,27475,JPEG,600,450,RGB,True,
ISIC_0032442.jpg,ISIC_0032442,.jpg,35245,JPEG,600,450,RGB,True,
ISIC_0032443.jpg,ISIC_0032443,.jpg,32240,JPEG,600,450,RGB,True,
ISIC_0032444.jpg,ISIC_0032444,.jpg,31792,JPEG,600,450,RGB,True,
ISIC_0032445.jpg,ISIC_0032445,.jpg,35576,JPEG,600,450,RGB,True,
ISIC_0032446.jpg,ISIC_0032446,.jpg,27371,JPEG,600,450,RGB,True,
ISIC_0032447.jpg,ISIC_0032447,.jpg,34719,JPEG,600,450,RGB,True,
ISIC_0032448.jpg,ISIC_0032448,.jpg,27247,JPEG,600,450,RGB,True,
ISIC_0032449.jpg,ISIC_0032449,.jpg,23054,JPEG,600,450,RGB,True,
ISIC_0032450.jpg,ISIC_0032450,.jpg,29140,JPEG,600,450,RGB,True,
ISIC_0032451.jpg,ISIC_0032451,.jpg,23096,JPEG,600,450,RGB,True,
ISIC_0032452.jpg,ISIC_0032452,.jpg,35830,JPEG,600,450,RGB,True,
ISIC_0032453.jpg,ISIC_0032453,.jpg,26727,JPEG,600,450,RGB,True,
ISIC_0032454.jpg,ISIC_0032454,.jpg,28868,JPEG,600,450,RGB,True,
ISIC_0032455.jpg,ISIC_0032455,.jpg,34745,JPEG,600,450,RGB,True,
ISIC_0032456.jpg,ISIC_0032456,.jpg,31541,JPEG,600,450,RGB,True,
ISIC_0032457.jpg,ISIC_0032457,.jpg,21483,JPEG,600,450,RGB,True,
ISIC_0032458.jpg,ISIC_0032458,.jpg,23409,JPEG,600,450,RGB,True,
ISIC_0032459.jpg,ISIC_0032459,.jpg,18799,JPEG,600,450,RGB,True,
ISIC_0032460.jpg,ISIC_0032460,.jpg,26271,JPEG,600,450,RGB,True,
ISIC_0032461.jpg,ISIC_0032461,.jpg,22051,JPEG,600,450,RGB,True,
ISIC_0032462.jpg,ISIC_0032462,.jpg,27424,JPEG,600,450,RGB,True,
ISIC_0032463.jpg,ISIC_0032463,.jpg,27971,JPEG,600,450,RGB,True,
ISIC_0032464.jpg,ISIC_0032464,.jpg,23854,JPEG,600,450,RGB,True,
ISIC_0032465.jpg,ISIC_0032465,.jpg,21507,JPEG,600,450,RGB,True,
ISIC_0032466.jpg,ISIC_0032466,.jpg,39551,JPEG,600,450,RGB,True,
ISIC_0032467.jpg,ISIC_0032467,.jpg,28685,JPEG,600,450,RGB,True,
ISIC_0032468.jpg,ISIC_0032468,.jpg,29441,JPEG,600,450,RGB,True,
ISIC_0032469.jpg,ISIC_0032469,.jpg,17786,JPEG,600,450,RGB,True,
ISIC_0032470.jpg,ISIC_0032470,.jpg,35694,JPEG,600,450,RGB,True,
ISIC_0032471.jpg,ISIC_0032471,.jpg,28392,JPEG,600,450,RGB,True,
ISIC_0032472.jpg,ISIC_0032472,.jpg,24642,JPEG,600,450,RGB,True,
ISIC_0032473.jpg,ISIC_0032473,.jpg,23103,JPEG,600,450,RGB,True,
ISIC_0032474.jpg,ISIC_0032474,.jpg,22265,JPEG,600,450,RGB,True,
ISIC_0032475.jpg,ISIC_0032475,.jpg,31896,JPEG,600,450,RGB,True,
ISIC_0032476.jpg,ISIC_0032476,.jpg,35186,JPEG,600,450,RGB,True,
ISIC_0032477.jpg,ISIC_0032477,.jpg,33515,JPEG,600,450,RGB,True,
ISIC_0032478.jpg,ISIC_0032478,.jpg,50228,JPEG,600,450,RGB,True,
ISIC_0032479.jpg,ISIC_0032479,.jpg,25848,JPEG,600,450,RGB,True,
ISIC_0032480.jpg,ISIC_0032480,.jpg,31455,JPEG,600,450,RGB,True,
ISIC_0032481.jpg,ISIC_0032481,.jpg,30814,JPEG,600,450,RGB,True,
ISIC_0032482.jpg,ISIC_0032482,.jpg,23776,JPEG,600,450,RGB,True,
ISIC_0032483.jpg,ISIC_0032483,.jpg,23100,JPEG,600,450,RGB,True,
ISIC_0032484.jpg,ISIC_0032484,.jpg,27900,JPEG,600,450,RGB,True,
ISIC_0032485.jpg,ISIC_0032485,.jpg,23549,JPEG,600,450,RGB,True,
ISIC_0032486.jpg,ISIC_0032486,.jpg,30224,JPEG,600,450,RGB,True,
ISIC_0032487.jpg,ISIC_0032487,.jpg,21668,JPEG,600,450,RGB,True,
ISIC_0032488.jpg,ISIC_0032488,.jpg,24484,JPEG,600,450,RGB,True,
ISIC_0032489.jpg,ISIC_0032489,.jpg,26664,JPEG,600,450,RGB,True,
ISIC_0032490.jpg,ISIC_0032490,.jpg,24701,JPEG,600,450,RGB,True,
ISIC_0032491.jpg,ISIC_0032491,.jpg,27032,JPEG,600,450,RGB,True,
ISIC_0032492.jpg,ISIC_0032492,.jpg,27430,JPEG,600,450,RGB,True,
ISIC_0032493.jpg,ISIC_0032493,.jpg,21296,JPEG,600,450,RGB,True,
ISIC_0032494.jpg,ISIC_0032494,.jpg,20872,JPEG,600,450,RGB,True,
ISIC_0032495.jpg,ISIC_0032495,.jpg,27318,JPEG,600,450,RGB,True,
ISIC_0032496.jpg,ISIC_0032496,.jpg,26451,JPEG,600,450,RGB,True,
ISIC_0032497.jpg,ISIC_0032497,.jpg,34741,JPEG,600,450,RGB,True,
ISIC_0032498.jpg,ISIC_0032498,.jpg,26856,JPEG,600,450,RGB,True,
ISIC_0032499.jpg,ISIC_0032499,.jpg,18069,JPEG,600,450,RGB,True,
ISIC_0032500.jpg,ISIC_0032500,.jpg,27536,JPEG,600,450,RGB,True,
ISIC_0032501.jpg,ISIC_0032501,.jpg,24340,JPEG,600,450,RGB,True,
ISIC_0032502.jpg,ISIC_0032502,.jpg,22467,JPEG,600,450,RGB,True,
ISIC_0032503.jpg,ISIC_0032503,.jpg,23337,JPEG,600,450,RGB,True,
ISIC_0032504.jpg,ISIC_0032504,.jpg,28456,JPEG,600,450,RGB,True,
ISIC_0032505.jpg,ISIC_0032505,.jpg,31494,JPEG,600,450,RGB,True,
ISIC_0032506.jpg,ISIC_0032506,.jpg,38705,JPEG,600,450,RGB,True,
ISIC_0032507.jpg,ISIC_0032507,.jpg,23223,JPEG,600,450,RGB,True,
ISIC_0032508.jpg,ISIC_0032508,.jpg,23977,JPEG,600,450,RGB,True,
ISIC_0032509.jpg,ISIC_0032509,.jpg,18412,JPEG,600,450,RGB,True,
ISIC_0032510.jpg,ISIC_0032510,.jpg,29448,JPEG,600,450,RGB,True,
ISIC_0032511.jpg,ISIC_0032511,.jpg,33357,JPEG,600,450,RGB,True,
ISIC_0032512.jpg,ISIC_0032512,.jpg,21422,JPEG,600,450,RGB,True,
ISIC_0032513.jpg,ISIC_0032513,.jpg,27986,JPEG,600,450,RGB,True,
ISIC_0032514.jpg,ISIC_0032514,.jpg,33137,JPEG,600,450,RGB,True,
ISIC_0032515.jpg,ISIC_0032515,.jpg,20618,JPEG,600,450,RGB,True,
ISIC_0032516.jpg,ISIC_0032516,.jpg,32353,JPEG,600,450,RGB,True,
ISIC_0032517.jpg,ISIC_0032517,.jpg,30554,JPEG,600,450,RGB,True,
ISIC_0032518.jpg,ISIC_0032518,.jpg,24164,JPEG,600,450,RGB,True,
ISIC_0032519.jpg,ISIC_0032519,.jpg,20981,JPEG,600,450,RGB,True,
ISIC_0032520.jpg,ISIC_0032520,.jpg,25440,JPEG,600,450,RGB,True,
ISIC_0032521.jpg,ISIC_0032521,.jpg,41353,JPEG,600,450,RGB,True,
ISIC_0032522.jpg,ISIC_0032522,.jpg,35624,JPEG,600,450,RGB,True,
ISIC_0032523.jpg,ISIC_0032523,.jpg,23429,JPEG,600,450,RGB,True,
ISIC_0032524.jpg,ISIC_0032524,.jpg,29722,JPEG,600,450,RGB,True,
ISIC_0032525.jpg,ISIC_0032525,.jpg,21098,JPEG,600,450,RGB,True,
ISIC_0032526.jpg,ISIC_0032526,.jpg,24427,JPEG,600,450,RGB,True,
ISIC_0032527.jpg,ISIC_0032527,.jpg,27593,JPEG,600,450,RGB,True,
ISIC_0032528.jpg,ISIC_0032528,.jpg,27521,JPEG,600,450,RGB,True,
ISIC_0032529.jpg,ISIC_0032529,.jpg,24190,JPEG,600,450,RGB,True,
ISIC_0032530.jpg,ISIC_0032530,.jpg,28351,JPEG,600,450,RGB,True,
ISIC_0032531.jpg,ISIC_0032531,.jpg,32904,JPEG,600,450,RGB,True,
ISIC_0032532.jpg,ISIC_0032532,.jpg,25538,JPEG,600,450,RGB,True,
ISIC_0032533.jpg,ISIC_0032533,.jpg,26370,JPEG,600,450,RGB,True,
ISIC_0032534.jpg,ISIC_0032534,.jpg,33291,JPEG,600,450,RGB,True,
ISIC_0032535.jpg,ISIC_0032535,.jpg,41226,JPEG,600,450,RGB,True,
ISIC_0032536.jpg,ISIC_0032536,.jpg,35102,JPEG,600,450,RGB,True,
ISIC_0032537.jpg,ISIC_0032537,.jpg,33167,JPEG,600,450,RGB,True,
ISIC_0032538.jpg,ISIC_0032538,.jpg,24176,JPEG,600,450,RGB,True,
ISIC_0032539.jpg,ISIC_0032539,.jpg,23403,JPEG,600,450,RGB,True,
ISIC_0032540.jpg,ISIC_0032540,.jpg,27437,JPEG,600,450,RGB,True,
ISIC_0032541.jpg,ISIC_0032541,.jpg,19949,JPEG,600,450,RGB,True,
ISIC_0032542.jpg,ISIC_0032542,.jpg,27354,JPEG,600,450,RGB,True,
ISIC_0032543.jpg,ISIC_0032543,.jpg,28910,JPEG,600,450,RGB,True,
ISIC_0032544.jpg,ISIC_0032544,.jpg,26416,JPEG,600,450,RGB,True,
ISIC_0032545.jpg,ISIC_0032545,.jpg,23986,JPEG,600,450,RGB,True,
ISIC_0032546.jpg,ISIC_0032546,.jpg,24796,JPEG,600,450,RGB,True,
ISIC_0032547.jpg,ISIC_0032547,.jpg,27770,JPEG,600,450,RGB,True,
ISIC_0032548.jpg,ISIC_0032548,.jpg,24177,JPEG,600,450,RGB,True,
ISIC_0032549.jpg,ISIC_0032549,.jpg,33443,JPEG,600,450,RGB,True,
ISIC_0032550.jpg,ISIC_0032550,.jpg,30580,JPEG,600,450,RGB,True,
ISIC_0032551.jpg,ISIC_0032551,.jpg,22689,JPEG,600,450,RGB,True,
ISIC_0032552.jpg,ISIC_0032552,.jpg,21498,JPEG,600,450,RGB,True,
ISIC_0032553.jpg,ISIC_0032553,.jpg,29691,JPEG,600,450,RGB,True,
ISIC_0032554.jpg,ISIC_0032554,.jpg,23688,JPEG,600,450,RGB,True,
ISIC_0032555.jpg,ISIC_0032555,.jpg,36422,JPEG,600,450,RGB,True,
ISIC_0032556.jpg,ISIC_0032556,.jpg,25060,JPEG,600,450,RGB,True,
ISIC_0032557.jpg,ISIC_0032557,.jpg,34254,JPEG,600,450,RGB,True,
ISIC_0032558.jpg,ISIC_0032558,.jpg,22992,JPEG,600,450,RGB,True,
ISIC_0032559.jpg,ISIC_0032559,.jpg,20806,JPEG,600,450,RGB,True,
ISIC_0032560.jpg,ISIC_0032560,.jpg,30150,JPEG,600,450,RGB,True,
ISIC_0032561.jpg,ISIC_0032561,.jpg,28384,JPEG,600,450,RGB,True,
ISIC_0032562.jpg,ISIC_0032562,.jpg,29497,JPEG,600,450,RGB,True,
ISIC_0032563.jpg,ISIC_0032563,.jpg,24510,JPEG,600,450,RGB,True,
ISIC_0032564.jpg,ISIC_0032564,.jpg,32496,JPEG,600,450,RGB,True,
ISIC_0032565.jpg,ISIC_0032565,.jpg,31604,JPEG,600,450,RGB,True,
ISIC_0032566.jpg,ISIC_0032566,.jpg,27396,JPEG,600,450,RGB,True,
ISIC_0032567.jpg,ISIC_0032567,.jpg,27352,JPEG,600,450,RGB,True,
ISIC_0032568.jpg,ISIC_0032568,.jpg,20574,JPEG,600,450,RGB,True,
ISIC_0032569.jpg,ISIC_0032569,.jpg,25171,JPEG,600,450,RGB,True,
ISIC_0032570.jpg,ISIC_0032570,.jpg,31396,JPEG,600,450,RGB,True,
ISIC_0032571.jpg,ISIC_0032571,.jpg,32344,JPEG,600,450,RGB,True,
ISIC_0032572.jpg,ISIC_0032572,.jpg,23659,JPEG,600,450,RGB,True,
ISIC_0032573.jpg,ISIC_0032573,.jpg,29071,JPEG,600,450,RGB,True,
ISIC_0032574.jpg,ISIC_0032574,.jpg,24994,JPEG,600,450,RGB,True,
ISIC_0032575.jpg,ISIC_0032575,.jpg,22251,JPEG,600,450,RGB,True,
ISIC_0032576.jpg,ISIC_0032576,.jpg,30571,JPEG,600,450,RGB,True,
ISIC_0032577.jpg,ISIC_0032577,.jpg,31507,JPEG,600,450,RGB,True,
ISIC_0032578.jpg,ISIC_0032578,.jpg,19537,JPEG,600,450,RGB,True,
ISIC_0032579.jpg,ISIC_0032579,.jpg,23777,JPEG,600,450,RGB,True,
ISIC_0032580.jpg,ISIC_0032580,.jpg,29798,JPEG,600,450,RGB,True,
ISIC_0032581.jpg,ISIC_0032581,.jpg,23582,JPEG,600,450,RGB,True,
ISIC_0032582.jpg,ISIC_0032582,.jpg,22817,JPEG,600,450,RGB,True,
ISIC_0032583.jpg,ISIC_0032583,.jpg,32796,JPEG,600,450,RGB,True,
ISIC_0032584.jpg,ISIC_0032584,.jpg,16194,JPEG,600,450,RGB,True,
ISIC_0032585.jpg,ISIC_0032585,.jpg,22869,JPEG,600,450,RGB,True,
ISIC_0032586.jpg,ISIC_0032586,.jpg,36941,JPEG,600,450,RGB,True,
ISIC_0032587.jpg,ISIC_0032587,.jpg,22444,JPEG,600,450,RGB,True,
ISIC_0032588.jpg,ISIC_0032588,.jpg,31219,JPEG,600,450,RGB,True,
ISIC_0032589.jpg,ISIC_0032589,.jpg,33100,JPEG,600,450,RGB,True,
ISIC_0032590.jpg,ISIC_0032590,.jpg,20038,JPEG,600,450,RGB,True,
ISIC_0032591.jpg,ISIC_0032591,.jpg,31847,JPEG,600,450,RGB,True,
ISIC_0032592.jpg,ISIC_0032592,.jpg,23072,JPEG,600,450,RGB,True,
ISIC_0032593.jpg,ISIC_0032593,.jpg,22871,JPEG,600,450,RGB,True,
ISIC_0032594.jpg,ISIC_0032594,.jpg,26212,JPEG,600,450,RGB,True,
ISIC_0032595.jpg,ISIC_0032595,.jpg,23408,JPEG,600,450,RGB,True,
ISIC_0032596.jpg,ISIC_0032596,.jpg,27815,JPEG,600,450,RGB,True,
ISIC_0032597.jpg,ISIC_0032597,.jpg,30340,JPEG,600,450,RGB,True,
ISIC_0032598.jpg,ISIC_0032598,.jpg,24168,JPEG,600,450,RGB,True,
ISIC_0032599.jpg,ISIC_0032599,.jpg,28638,JPEG,600,450,RGB,True,
ISIC_0032600.jpg,ISIC_0032600,.jpg,25742,JPEG,600,450,RGB,True,
ISIC_0032601.jpg,ISIC_0032601,.jpg,25530,JPEG,600,450,RGB,True,
ISIC_0032602.jpg,ISIC_0032602,.jpg,26854,JPEG,600,450,RGB,True,
ISIC_0032603.jpg,ISIC_0032603,.jpg,28526,JPEG,600,450,RGB,True,
ISIC_0032604.jpg,ISIC_0032604,.jpg,31649,JPEG,600,450,RGB,True,
ISIC_0032605.jpg,ISIC_0032605,.jpg,25315,JPEG,600,450,RGB,True,
ISIC_0032606.jpg,ISIC_0032606,.jpg,31852,JPEG,600,450,RGB,True,
ISIC_0032607.jpg,ISIC_0032607,.jpg,27820,JPEG,600,450,RGB,True,
ISIC_0032608.jpg,ISIC_0032608,.jpg,35685,JPEG,600,450,RGB,True,
ISIC_0032609.jpg,ISIC_0032609,.jpg,23552,JPEG,600,450,RGB,True,
ISIC_0032610.jpg,ISIC_0032610,.jpg,25050,JPEG,600,450,RGB,True,
ISIC_0032611.jpg,ISIC_0032611,.jpg,29129,JPEG,600,450,RGB,True,
ISIC_0032612.jpg,ISIC_0032612,.jpg,23124,JPEG,600,450,RGB,True,
ISIC_0032613.jpg,ISIC_0032613,.jpg,33770,JPEG,600,450,RGB,True,
ISIC_0032614.jpg,ISIC_0032614,.jpg,22479,JPEG,600,450,RGB,True,
ISIC_0032615.jpg,ISIC_0032615,.jpg,26594,JPEG,600,450,RGB,True,
ISIC_0032616.jpg,ISIC_0032616,.jpg,22709,JPEG,600,450,RGB,True,
ISIC_0032617.jpg,ISIC_0032617,.jpg,26663,JPEG,600,450,RGB,True,
ISIC_0032618.jpg,ISIC_0032618,.jpg,30728,JPEG,600,450,RGB,True,
ISIC_0032619.jpg,ISIC_0032619,.jpg,26520,JPEG,600,450,RGB,True,
ISIC_0032620.jpg,ISIC_0032620,.jpg,26669,JPEG,600,450,RGB,True,
ISIC_0032621.jpg,ISIC_0032621,.jpg,26889,JPEG,600,450,RGB,True,
ISIC_0032622.jpg,ISIC_0032622,.jpg,23535,JPEG,600,450,RGB,True,
ISIC_0032623.jpg,ISIC_0032623,.jpg,23601,JPEG,600,450,RGB,True,
ISIC_0032624.jpg,ISIC_0032624,.jpg,22792,JPEG,600,450,RGB,True,
ISIC_0032625.jpg,ISIC_0032625,.jpg,25187,JPEG,600,450,RGB,True,
ISIC_0032626.jpg,ISIC_0032626,.jpg,24866,JPEG,600,450,RGB,True,
ISIC_0032627.jpg,ISIC_0032627,.jpg,35164,JPEG,600,450,RGB,True,
ISIC_0032628.jpg,ISIC_0032628,.jpg,25622,JPEG,600,450,RGB,True,
ISIC_0032629.jpg,ISIC_0032629,.jpg,32471,JPEG,600,450,RGB,True,
ISIC_0032630.jpg,ISIC_0032630,.jpg,35639,JPEG,600,450,RGB,True,
ISIC_0032631.jpg,ISIC_0032631,.jpg,31620,JPEG,600,450,RGB,True,
ISIC_0032632.jpg,ISIC_0032632,.jpg,27323,JPEG,600,450,RGB,True,
ISIC_0032633.jpg,ISIC_0032633,.jpg,24966,JPEG,600,450,RGB,True,
ISIC_0032634.jpg,ISIC_0032634,.jpg,36919,JPEG,600,450,RGB,True,
ISIC_0032635.jpg,ISIC_0032635,.jpg,27585,JPEG,600,450,RGB,True,
ISIC_0032636.jpg,ISIC_0032636,.jpg,26060,JPEG,600,450,RGB,True,
ISIC_0032637.jpg,ISIC_0032637,.jpg,39718,JPEG,600,450,RGB,True,
ISIC_0032638.jpg,ISIC_0032638,.jpg,28757,JPEG,600,450,RGB,True,
ISIC_0032639.jpg,ISIC_0032639,.jpg,27425,JPEG,600,450,RGB,True,
ISIC_0032640.jpg,ISIC_0032640,.jpg,27605,JPEG,600,450,RGB,True,
ISIC_0032641.jpg,ISIC_0032641,.jpg,28141,JPEG,600,450,RGB,True,
ISIC_0032642.jpg,ISIC_0032642,.jpg,23991,JPEG,600,450,RGB,True,
ISIC_0032643.jpg,ISIC_0032643,.jpg,22083,JPEG,600,450,RGB,True,
ISIC_0032644.jpg,ISIC_0032644,.jpg,16504,JPEG,600,450,RGB,True,
ISIC_0032645.jpg,ISIC_0032645,.jpg,22716,JPEG,600,450,RGB,True,
ISIC_0032646.jpg,ISIC_0032646,.jpg,36119,JPEG,600,450,RGB,True,
ISIC_0032647.jpg,ISIC_0032647,.jpg,19736,JPEG,600,450,RGB,True,
ISIC_0032648.jpg,ISIC_0032648,.jpg,23235,JPEG,600,450,RGB,True,
ISIC_0032649.jpg,ISIC_0032649,.jpg,22595,JPEG,600,450,RGB,True,
ISIC_0032650.jpg,ISIC_0032650,.jpg,28277,JPEG,600,450,RGB,True,
ISIC_0032651.jpg,ISIC_0032651,.jpg,22294,JPEG,600,450,RGB,True,
ISIC_0032652.jpg,ISIC_0032652,.jpg,23655,JPEG,600,450,RGB,True,
ISIC_0032653.jpg,ISIC_0032653,.jpg,21124,JPEG,600,450,RGB,True,
ISIC_0032654.jpg,ISIC_0032654,.jpg,30187,JPEG,600,450,RGB,True,
ISIC_0032655.jpg,ISIC_0032655,.jpg,22413,JPEG,600,450,RGB,True,
ISIC_0032656.jpg,ISIC_0032656,.jpg,23060,JPEG,600,450,RGB,True,
ISIC_0032657.jpg,ISIC_0032657,.jpg,24772,JPEG,600,450,RGB,True,
ISIC_0032658.jpg,ISIC_0032658,.jpg,28381,JPEG,600,450,RGB,True,
ISIC_0032659.jpg,ISIC_0032659,.jpg,29046,JPEG,600,450,RGB,True,
ISIC_0032660.jpg,ISIC_0032660,.jpg,25487,JPEG,600,450,RGB,True,
ISIC_0032661.jpg,ISIC_0032661,.jpg,23800,JPEG,600,450,RGB,True,
ISIC_0032662.jpg,ISIC_0032662,.jpg,26922,JPEG,600,450,RGB,True,
ISIC_0032663.jpg,ISIC_0032663,.jpg,26773,JPEG,600,450,RGB,True,
ISIC_0032664.jpg,ISIC_0032664,.jpg,26784,JPEG,600,450,RGB,True,
ISIC_0032665.jpg,ISIC_0032665,.jpg,26599,JPEG,600,450,RGB,True,
ISIC_0032666.jpg,ISIC_0032666,.jpg,25458,JPEG,600,450,RGB,True,
ISIC_0032667.jpg,ISIC_0032667,.jpg,26100,JPEG,600,450,RGB,True,
ISIC_0032668.jpg,ISIC_0032668,.jpg,27525,JPEG,600,450,RGB,True,
ISIC_0032669.jpg,ISIC_0032669,.jpg,20701,JPEG,600,450,RGB,True,
ISIC_0032670.jpg,ISIC_0032670,.jpg,25240,JPEG,600,450,RGB,True,
ISIC_0032671.jpg,ISIC_0032671,.jpg,27731,JPEG,600,450,RGB,True,
ISIC_0032672.jpg,ISIC_0032672,.jpg,26289,JPEG,600,450,RGB,True,
ISIC_0032673.jpg,ISIC_0032673,.jpg,21611,JPEG,600,450,RGB,True,
ISIC_0032674.jpg,ISIC_0032674,.jpg,36747,JPEG,600,450,RGB,True,
ISIC_0032675.jpg,ISIC_0032675,.jpg,32897,JPEG,600,450,RGB,True,
ISIC_0032676.jpg,ISIC_0032676,.jpg,28808,JPEG,600,450,RGB,True,
ISIC_0032677.jpg,ISIC_0032677,.jpg,21928,JPEG,600,450,RGB,True,
ISIC_0032678.jpg,ISIC_0032678,.jpg,22516,JPEG,600,450,RGB,True,
ISIC_0032679.jpg,ISIC_0032679,.jpg,23690,JPEG,600,450,RGB,True,
ISIC_0032680.jpg,ISIC_0032680,.jpg,24728,JPEG,600,450,RGB,True,
ISIC_0032681.jpg,ISIC_0032681,.jpg,34701,JPEG,600,450,RGB,True,
ISIC_0032682.jpg,ISIC_0032682,.jpg,31984,JPEG,600,450,RGB,True,
ISIC_0032683.jpg,ISIC_0032683,.jpg,27783,JPEG,600,450,RGB,True,
ISIC_0032684.jpg,ISIC_0032684,.jpg,26149,JPEG,600,450,RGB,True,
ISIC_0032685.jpg,ISIC_0032685,.jpg,25685,JPEG,600,450,RGB,True,
ISIC_0032686.jpg,ISIC_0032686,.jpg,22022,JPEG,600,450,RGB,True,
ISIC_0032687.jpg,ISIC_0032687,.jpg,31474,JPEG,600,450,RGB,True,
ISIC_0032688.jpg,ISIC_0032688,.jpg,31719,JPEG,600,450,RGB,True,
ISIC_0032689.jpg,ISIC_0032689,.jpg,21672,JPEG,600,450,RGB,True,
ISIC_0032690.jpg,ISIC_0032690,.jpg,26547,JPEG,600,450,RGB,True,
ISIC_0032691.jpg,ISIC_0032691,.jpg,29044,JPEG,600,450,RGB,True,
ISIC_0032692.jpg,ISIC_0032692,.jpg,23256,JPEG,600,450,RGB,True,
ISIC_0032693.jpg,ISIC_0032693,.jpg,30892,JPEG,600,450,RGB,True,
ISIC_0032694.jpg,ISIC_0032694,.jpg,41801,JPEG,600,450,RGB,True,
ISIC_0032695.jpg,ISIC_0032695,.jpg,34863,JPEG,600,450,RGB,True,
ISIC_0032696.jpg,ISIC_0032696,.jpg,33573,JPEG,600,450,RGB,True,
ISIC_0032697.jpg,ISIC_0032697,.jpg,34137,JPEG,600,450,RGB,True,
ISIC_0032698.jpg,ISIC_0032698,.jpg,32743,JPEG,600,450,RGB,True,
ISIC_0032699.jpg,ISIC_0032699,.jpg,30922,JPEG,600,450,RGB,True,
ISIC_0032700.jpg,ISIC_0032700,.jpg,20377,JPEG,600,450,RGB,True,
ISIC_0032701.jpg,ISIC_0032701,.jpg,25490,JPEG,600,450,RGB,True,
ISIC_0032702.jpg,ISIC_0032702,.jpg,25478,JPEG,600,450,RGB,True,
ISIC_0032703.jpg,ISIC_0032703,.jpg,30936,JPEG,600,450,RGB,True,
ISIC_0032704.jpg,ISIC_0032704,.jpg,31601,JPEG,600,450,RGB,True,
ISIC_0032705.jpg,ISIC_0032705,.jpg,25233,JPEG,600,450,RGB,True,
ISIC_0032706.jpg,ISIC_0032706,.jpg,24571,JPEG,600,450,RGB,True,
ISIC_0032707.jpg,ISIC_0032707,.jpg,28555,JPEG,600,450,RGB,True,
ISIC_0032708.jpg,ISIC_0032708,.jpg,25333,JPEG,600,450,RGB,True,
ISIC_0032709.jpg,ISIC_0032709,.jpg,31906,JPEG,600,450,RGB,True,
ISIC_0032710.jpg,ISIC_0032710,.jpg,25516,JPEG,600,450,RGB,True,
ISIC_0032711.jpg,ISIC_0032711,.jpg,24286,JPEG,600,450,RGB,True,
ISIC_0032712.jpg,ISIC_0032712,.jpg,24108,JPEG,600,450,RGB,True,
ISIC_0032713.jpg,ISIC_0032713,.jpg,21008,JPEG,600,450,RGB,True,
ISIC_0032714.jpg,ISIC_0032714,.jpg,24880,JPEG,600,450,RGB,True,
ISIC_0032715.jpg,ISIC_0032715,.jpg,15737,JPEG,600,450,RGB,True,
ISIC_0032716.jpg,ISIC_0032716,.jpg,25375,JPEG,600,450,RGB,True,
ISIC_0032717.jpg,ISIC_0032717,.jpg,23007,JPEG,600,450,RGB,True,
ISIC_0032718.jpg,ISIC_0032718,.jpg,27830,JPEG,600,450,RGB,True,
ISIC_0032719.jpg,ISIC_0032719,.jpg,30570,JPEG,600,450,RGB,True,
ISIC_0032720.jpg,ISIC_0032720,.jpg,41985,JPEG,600,450,RGB,True,
ISIC_0032721.jpg,ISIC_0032721,.jpg,32023,JPEG,600,450,RGB,True,
ISIC_0032722.jpg,ISIC_0032722,.jpg,31514,JPEG,600,450,RGB,True,
ISIC_0032723.jpg,ISIC_0032723,.jpg,27396,JPEG,600,450,RGB,True,
ISIC_0032724.jpg,ISIC_0032724,.jpg,27755,JPEG,600,450,RGB,True,
ISIC_0032725.jpg,ISIC_0032725,.jpg,36319,JPEG,600,450,RGB,True,
ISIC_0032726.jpg,ISIC_0032726,.jpg,32498,JPEG,600,450,RGB,True,
ISIC_0032727.jpg,ISIC_0032727,.jpg,27870,JPEG,600,450,RGB,True,
ISIC_0032728.jpg,ISIC_0032728,.jpg,23928,JPEG,600,450,RGB,True,
ISIC_0032729.jpg,ISIC_0032729,.jpg,19298,JPEG,600,450,RGB,True,
ISIC_0032730.jpg,ISIC_0032730,.jpg,32816,JPEG,600,450,RGB,True,
ISIC_0032731.jpg,ISIC_0032731,.jpg,32645,JPEG,600,450,RGB,True,
ISIC_0032732.jpg,ISIC_0032732,.jpg,23685,JPEG,600,450,RGB,True,
ISIC_0032733.jpg,ISIC_0032733,.jpg,35777,JPEG,600,450,RGB,True,
ISIC_0032734.jpg,ISIC_0032734,.jpg,31498,JPEG,600,450,RGB,True,
ISIC_0032735.jpg,ISIC_0032735,.jpg,21764,JPEG,600,450,RGB,True,
ISIC_0032736.jpg,ISIC_0032736,.jpg,27041,JPEG,600,450,RGB,True,
ISIC_0032737.jpg,ISIC_0032737,.jpg,25890,JPEG,600,450,RGB,True,
ISIC_0032738.jpg,ISIC_0032738,.jpg,24989,JPEG,600,450,RGB,True,
ISIC_0032739.jpg,ISIC_0032739,.jpg,27670,JPEG,600,450,RGB,True,
ISIC_0032740.jpg,ISIC_0032740,.jpg,26530,JPEG,600,450,RGB,True,
ISIC_0032741.jpg,ISIC_0032741,.jpg,30056,JPEG,600,450,RGB,True,
ISIC_0032742.jpg,ISIC_0032742,.jpg,22409,JPEG,600,450,RGB,True,
ISIC_0032743.jpg,ISIC_0032743,.jpg,33206,JPEG,600,450,RGB,True,
ISIC_0032744.jpg,ISIC_0032744,.jpg,29518,JPEG,600,450,RGB,True,
ISIC_0032745.jpg,ISIC_0032745,.jpg,34405,JPEG,600,450,RGB,True,
ISIC_0032746.jpg,ISIC_0032746,.jpg,38474,JPEG,600,450,RGB,True,
ISIC_0032747.jpg,ISIC_0032747,.jpg,20867,JPEG,600,450,RGB,True,
ISIC_0032748.jpg,ISIC_0032748,.jpg,25695,JPEG,600,450,RGB,True,
ISIC_0032749.jpg,ISIC_0032749,.jpg,37704,JPEG,600,450,RGB,True,
ISIC_0032750.jpg,ISIC_0032750,.jpg,25209,JPEG,600,450,RGB,True,
ISIC_0032751.jpg,ISIC_0032751,.jpg,27971,JPEG,600,450,RGB,True,
ISIC_0032752.jpg,ISIC_0032752,.jpg,26958,JPEG,600,450,RGB,True,
ISIC_0032753.jpg,ISIC_0032753,.jpg,36503,JPEG,600,450,RGB,True,
ISIC_0032754.jpg,ISIC_0032754,.jpg,25911,JPEG,600,450,RGB,True,
ISIC_0032755.jpg,ISIC_0032755,.jpg,17722,JPEG,600,450,RGB,True,
ISIC_0032756.jpg,ISIC_0032756,.jpg,24766,JPEG,600,450,RGB,True,
ISIC_0032757.jpg,ISIC_0032757,.jpg,23756,JPEG,600,450,RGB,True,
ISIC_0032758.jpg,ISIC_0032758,.jpg,23422,JPEG,600,450,RGB,True,
ISIC_0032759.jpg,ISIC_0032759,.jpg,32726,JPEG,600,450,RGB,True,
ISIC_0032760.jpg,ISIC_0032760,.jpg,21977,JPEG,600,450,RGB,True,
ISIC_0032761.jpg,ISIC_0032761,.jpg,26009,JPEG,600,450,RGB,True,
ISIC_0032762.jpg,ISIC_0032762,.jpg,25731,JPEG,600,450,RGB,True,
ISIC_0032763.jpg,ISIC_0032763,.jpg,25075,JPEG,600,450,RGB,True,
ISIC_0032764.jpg,ISIC_0032764,.jpg,28218,JPEG,600,450,RGB,True,
ISIC_0032765.jpg,ISIC_0032765,.jpg,43301,JPEG,600,450,RGB,True,
ISIC_0032766.jpg,ISIC_0032766,.jpg,22570,JPEG,600,450,RGB,True,
ISIC_0032767.jpg,ISIC_0032767,.jpg,27007,JPEG,600,450,RGB,True,
ISIC_0032768.jpg,ISIC_0032768,.jpg,25465,JPEG,600,450,RGB,True,
ISIC_0032769.jpg,ISIC_0032769,.jpg,22797,JPEG,600,450,RGB,True,
ISIC_0032770.jpg,ISIC_0032770,.jpg,17099,JPEG,600,450,RGB,True,
ISIC_0032771.jpg,ISIC_0032771,.jpg,27061,JPEG,600,450,RGB,True,
ISIC_0032772.jpg,ISIC_0032772,.jpg,23283,JPEG,600,450,RGB,True,
ISIC_0032773.jpg,ISIC_0032773,.jpg,39284,JPEG,600,450,RGB,True,
ISIC_0032774.jpg,ISIC_0032774,.jpg,34660,JPEG,600,450,RGB,True,
ISIC_0032775.jpg,ISIC_0032775,.jpg,26984,JPEG,600,450,RGB,True,
ISIC_0032776.jpg,ISIC_0032776,.jpg,27869,JPEG,600,450,RGB,True,
ISIC_0032777.jpg,ISIC_0032777,.jpg,22274,JPEG,600,450,RGB,True,
ISIC_0032778.jpg,ISIC_0032778,.jpg,19984,JPEG,600,450,RGB,True,
ISIC_0032779.jpg,ISIC_0032779,.jpg,24323,JPEG,600,450,RGB,True,
ISIC_0032780.jpg,ISIC_0032780,.jpg,23579,JPEG,600,450,RGB,True,
ISIC_0032781.jpg,ISIC_0032781,.jpg,20398,JPEG,600,450,RGB,True,
ISIC_0032782.jpg,ISIC_0032782,.jpg,42903,JPEG,600,450,RGB,True,
ISIC_0032783.jpg,ISIC_0032783,.jpg,26066,JPEG,600,450,RGB,True,
ISIC_0032784.jpg,ISIC_0032784,.jpg,27441,JPEG,600,450,RGB,True,
ISIC_0032785.jpg,ISIC_0032785,.jpg,21643,JPEG,600,450,RGB,True,
ISIC_0032786.jpg,ISIC_0032786,.jpg,22074,JPEG,600,450,RGB,True,
ISIC_0032787.jpg,ISIC_0032787,.jpg,27793,JPEG,600,450,RGB,True,
ISIC_0032788.jpg,ISIC_0032788,.jpg,27136,JPEG,600,450,RGB,True,
ISIC_0032789.jpg,ISIC_0032789,.jpg,24811,JPEG,600,450,RGB,True,
ISIC_0032790.jpg,ISIC_0032790,.jpg,42698,JPEG,600,450,RGB,True,
ISIC_0032791.jpg,ISIC_0032791,.jpg,27310,JPEG,600,450,RGB,True,
ISIC_0032792.jpg,ISIC_0032792,.jpg,25509,JPEG,600,450,RGB,True,
ISIC_0032793.jpg,ISIC_0032793,.jpg,21805,JPEG,600,450,RGB,True,
ISIC_0032794.jpg,ISIC_0032794,.jpg,36489,JPEG,600,450,RGB,True,
ISIC_0032795.jpg,ISIC_0032795,.jpg,23445,JPEG,600,450,RGB,True,
ISIC_0032796.jpg,ISIC_0032796,.jpg,23374,JPEG,600,450,RGB,True,
ISIC_0032797.jpg,ISIC_0032797,.jpg,28622,JPEG,600,450,RGB,True,
ISIC_0032798.jpg,ISIC_0032798,.jpg,30125,JPEG,600,450,RGB,True,
ISIC_0032799.jpg,ISIC_0032799,.jpg,26202,JPEG,600,450,RGB,True,
ISIC_0032800.jpg,ISIC_0032800,.jpg,19133,JPEG,600,450,RGB,True,
ISIC_0032801.jpg,ISIC_0032801,.jpg,35989,JPEG,600,450,RGB,True,
ISIC_0032802.jpg,ISIC_0032802,.jpg,20781,JPEG,600,450,RGB,True,
ISIC_0032803.jpg,ISIC_0032803,.jpg,29549,JPEG,600,450,RGB,True,
ISIC_0032804.jpg,ISIC_0032804,.jpg,26829,JPEG,600,450,RGB,True,
ISIC_0032805.jpg,ISIC_0032805,.jpg,36047,JPEG,600,450,RGB,True,
ISIC_0032806.jpg,ISIC_0032806,.jpg,32410,JPEG,600,450,RGB,True,
ISIC_0032807.jpg,ISIC_0032807,.jpg,24273,JPEG,600,450,RGB,True,
ISIC_0032808.jpg,ISIC_0032808,.jpg,29722,JPEG,600,450,RGB,True,
ISIC_0032809.jpg,ISIC_0032809,.jpg,26238,JPEG,600,450,RGB,True,
ISIC_0032810.jpg,ISIC_0032810,.jpg,29243,JPEG,600,450,RGB,True,
ISIC_0032811.jpg,ISIC_0032811,.jpg,22583,JPEG,600,450,RGB,True,
ISIC_0032812.jpg,ISIC_0032812,.jpg,32647,JPEG,600,450,RGB,True,
ISIC_0032813.jpg,ISIC_0032813,.jpg,30264,JPEG,600,450,RGB,True,
ISIC_0032814.jpg,ISIC_0032814,.jpg,23670,JPEG,600,450,RGB,True,
ISIC_0032815.jpg,ISIC_0032815,.jpg,26754,JPEG,600,450,RGB,True,
ISIC_0032816.jpg,ISIC_0032816,.jpg,27922,JPEG,600,450,RGB,True,
ISIC_0032817.jpg,ISIC_0032817,.jpg,26241,JPEG,600,450,RGB,True,
ISIC_0032818.jpg,ISIC_0032818,.jpg,28708,JPEG,600,450,RGB,True,
ISIC_0032819.jpg,ISIC_0032819,.jpg,30218,JPEG,600,450,RGB,True,
ISIC_0032820.jpg,ISIC_0032820,.jpg,27207,JPEG,600,450,RGB,True,
ISIC_0032821.jpg,ISIC_0032821,.jpg,22356,JPEG,600,450,RGB,True,
ISIC_0032822.jpg,ISIC_0032822,.jpg,22051,JPEG,600,450,RGB,True,
ISIC_0032823.jpg,ISIC_0032823,.jpg,35864,JPEG,600,450,RGB,True,
ISIC_0032824.jpg,ISIC_0032824,.jpg,29182,JPEG,600,450,RGB,True,
ISIC_0032825.jpg,ISIC_0032825,.jpg,25179,JPEG,600,450,RGB,True,
ISIC_0032826.jpg,ISIC_0032826,.jpg,38127,JPEG,600,450,RGB,True,
ISIC_0032827.jpg,ISIC_0032827,.jpg,32570,JPEG,600,450,RGB,True,
ISIC_0032828.jpg,ISIC_0032828,.jpg,36730,JPEG,600,450,RGB,True,
ISIC_0032829.jpg,ISIC_0032829,.jpg,25387,JPEG,600,450,RGB,True,
ISIC_0032830.jpg,ISIC_0032830,.jpg,27326,JPEG,600,450,RGB,True,
ISIC_0032831.jpg,ISIC_0032831,.jpg,30850,JPEG,600,450,RGB,True,
ISIC_0032832.jpg,ISIC_0032832,.jpg,25578,JPEG,600,450,RGB,True,
ISIC_0032833.jpg,ISIC_0032833,.jpg,29771,JPEG,600,450,RGB,True,
ISIC_0032834.jpg,ISIC_0032834,.jpg,23223,JPEG,600,450,RGB,True,
ISIC_0032835.jpg,ISIC_0032835,.jpg,30331,JPEG,600,450,RGB,True,
ISIC_0032836.jpg,ISIC_0032836,.jpg,25069,JPEG,600,450,RGB,True,
ISIC_0032837.jpg,ISIC_0032837,.jpg,33829,JPEG,600,450,RGB,True,
ISIC_0032838.jpg,ISIC_0032838,.jpg,26336,JPEG,600,450,RGB,True,
ISIC_0032839.jpg,ISIC_0032839,.jpg,35014,JPEG,600,450,RGB,True,
ISIC_0032840.jpg,ISIC_0032840,.jpg,35350,JPEG,600,450,RGB,True,
ISIC_0032841.jpg,ISIC_0032841,.jpg,24362,JPEG,600,450,RGB,True,
ISIC_0032842.jpg,ISIC_0032842,.jpg,32024,JPEG,600,450,RGB,True,
ISIC_0032843.jpg,ISIC_0032843,.jpg,25567,JPEG,600,450,RGB,True,
ISIC_0032844.jpg,ISIC_0032844,.jpg,27490,JPEG,600,450,RGB,True,
ISIC_0032845.jpg,ISIC_0032845,.jpg,21066,JPEG,600,450,RGB,True,
ISIC_0032846.jpg,ISIC_0032846,.jpg,23945,JPEG,600,450,RGB,True,
ISIC_0032847.jpg,ISIC_0032847,.jpg,25140,JPEG,600,450,RGB,True,
ISIC_0032848.jpg,ISIC_0032848,.jpg,32722,JPEG,600,450,RGB,True,
ISIC_0032849.jpg,ISIC_0032849,.jpg,26127,JPEG,600,450,RGB,True,
ISIC_0032850.jpg,ISIC_0032850,.jpg,21688,JPEG,600,450,RGB,True,
ISIC_0032851.jpg,ISIC_0032851,.jpg,23667,JPEG,600,450,RGB,True,
ISIC_0032852.jpg,ISIC_0032852,.jpg,19121,JPEG,600,450,RGB,True,
ISIC_0032853.jpg,ISIC_0032853,.jpg,26924,JPEG,600,450,RGB,True,
ISIC_0032854.jpg,ISIC_0032854,.jpg,28525,JPEG,600,450,RGB,True,
ISIC_0032855.jpg,ISIC_0032855,.jpg,31549,JPEG,600,450,RGB,True,
ISIC_0032856.jpg,ISIC_0032856,.jpg,25130,JPEG,600,450,RGB,True,
ISIC_0032857.jpg,ISIC_0032857,.jpg,27545,JPEG,600,450,RGB,True,
ISIC_0032858.jpg,ISIC_0032858,.jpg,32535,JPEG,600,450,RGB,True,
ISIC_0032859.jpg,ISIC_0032859,.jpg,22658,JPEG,600,450,RGB,True,
ISIC_0032860.jpg,ISIC_0032860,.jpg,30682,JPEG,600,450,RGB,True,
ISIC_0032861.jpg,ISIC_0032861,.jpg,24892,JPEG,600,450,RGB,True,
ISIC_0032862.jpg,ISIC_0032862,.jpg,25364,JPEG,600,450,RGB,True,
ISIC_0032863.jpg,ISIC_0032863,.jpg,22906,JPEG,600,450,RGB,True,
ISIC_0032864.jpg,ISIC_0032864,.jpg,21237,JPEG,600,450,RGB,True,
ISIC_0032865.jpg,ISIC_0032865,.jpg,21679,JPEG,600,450,RGB,True,
ISIC_0032866.jpg,ISIC_0032866,.jpg,20226,JPEG,600,450,RGB,True,
ISIC_0032867.jpg,ISIC_0032867,.jpg,21781,JPEG,600,450,RGB,True,
ISIC_0032868.jpg,ISIC_0032868,.jpg,30462,JPEG,600,450,RGB,True,
ISIC_0032869.jpg,ISIC_0032869,.jpg,27155,JPEG,600,450,RGB,True,
ISIC_0032870.jpg,ISIC_0032870,.jpg,27561,JPEG,600,450,RGB,True,
ISIC_0032871.jpg,ISIC_0032871,.jpg,23163,JPEG,600,450,RGB,True,
ISIC_0032872.jpg,ISIC_0032872,.jpg,28909,JPEG,600,450,RGB,True,
ISIC_0032873.jpg,ISIC_0032873,.jpg,28794,JPEG,600,450,RGB,True,
ISIC_0032874.jpg,ISIC_0032874,.jpg,27239,JPEG,600,450,RGB,True,
ISIC_0032875.jpg,ISIC_0032875,.jpg,26575,JPEG,600,450,RGB,True,
ISIC_0032876.jpg,ISIC_0032876,.jpg,27484,JPEG,600,450,RGB,True,
ISIC_0032877.jpg,ISIC_0032877,.jpg,36427,JPEG,600,450,RGB,True,
ISIC_0032878.jpg,ISIC_0032878,.jpg,28628,JPEG,600,450,RGB,True,
ISIC_0032879.jpg,ISIC_0032879,.jpg,35842,JPEG,600,450,RGB,True,
ISIC_0032880.jpg,ISIC_0032880,.jpg,30699,JPEG,600,450,RGB,True,
ISIC_0032881.jpg,ISIC_0032881,.jpg,24094,JPEG,600,450,RGB,True,
ISIC_0032882.jpg,ISIC_0032882,.jpg,23017,JPEG,600,450,RGB,True,
ISIC_0032883.jpg,ISIC_0032883,.jpg,24030,JPEG,600,450,RGB,True,
ISIC_0032884.jpg,ISIC_0032884,.jpg,23117,JPEG,600,450,RGB,True,
ISIC_0032885.jpg,ISIC_0032885,.jpg,21485,JPEG,600,450,RGB,True,
ISIC_0032886.jpg,ISIC_0032886,.jpg,24282,JPEG,600,450,RGB,True,
ISIC_0032887.jpg,ISIC_0032887,.jpg,21393,JPEG,600,450,RGB,True,
ISIC_0032888.jpg,ISIC_0032888,.jpg,26470,JPEG,600,450,RGB,True,
ISIC_0032889.jpg,ISIC_0032889,.jpg,27361,JPEG,600,450,RGB,True,
ISIC_0032890.jpg,ISIC_0032890,.jpg,22412,JPEG,600,450,RGB,True,
ISIC_0032891.jpg,ISIC_0032891,.jpg,26092,JPEG,600,450,RGB,True,
ISIC_0032892.jpg,ISIC_0032892,.jpg,31723,JPEG,600,450,RGB,True,
ISIC_0032893.jpg,ISIC_0032893,.jpg,28143,JPEG,600,450,RGB,True,
ISIC_0032894.jpg,ISIC_0032894,.jpg,33476,JPEG,600,450,RGB,True,
ISIC_0032895.jpg,ISIC_0032895,.jpg,19073,JPEG,600,450,RGB,True,
ISIC_0032896.jpg,ISIC_0032896,.jpg,18901,JPEG,600,450,RGB,True,
ISIC_0032897.jpg,ISIC_0032897,.jpg,23551,JPEG,600,450,RGB,True,
ISIC_0032898.jpg,ISIC_0032898,.jpg,33076,JPEG,600,450,RGB,True,
ISIC_0032899.jpg,ISIC_0032899,.jpg,21813,JPEG,600,450,RGB,True,
ISIC_0032900.jpg,ISIC_0032900,.jpg,22533,JPEG,600,450,RGB,True,
ISIC_0032901.jpg,ISIC_0032901,.jpg,26384,JPEG,600,450,RGB,True,
ISIC_0032902.jpg,ISIC_0032902,.jpg,23330,JPEG,600,450,RGB,True,
ISIC_0032903.jpg,ISIC_0032903,.jpg,29082,JPEG,600,450,RGB,True,
ISIC_0032904.jpg,ISIC_0032904,.jpg,28012,JPEG,600,450,RGB,True,
ISIC_0032905.jpg,ISIC_0032905,.jpg,30932,JPEG,600,450,RGB,True,
ISIC_0032906.jpg,ISIC_0032906,.jpg,29070,JPEG,600,450,RGB,True,
ISIC_0032907.jpg,ISIC_0032907,.jpg,29504,JPEG,600,450,RGB,True,
ISIC_0032908.jpg,ISIC_0032908,.jpg,25740,JPEG,600,450,RGB,True,
ISIC_0032909.jpg,ISIC_0032909,.jpg,20264,JPEG,600,450,RGB,True,
ISIC_0032910.jpg,ISIC_0032910,.jpg,29576,JPEG,600,450,RGB,True,
ISIC_0032911.jpg,ISIC_0032911,.jpg,19366,JPEG,600,450,RGB,True,
ISIC_0032912.jpg,ISIC_0032912,.jpg,21933,JPEG,600,450,RGB,True,
ISIC_0032913.jpg,ISIC_0032913,.jpg,31633,JPEG,600,450,RGB,True,
ISIC_0032914.jpg,ISIC_0032914,.jpg,32438,JPEG,600,450,RGB,True,
ISIC_0032915.jpg,ISIC_0032915,.jpg,35734,JPEG,600,450,RGB,True,
ISIC_0032916.jpg,ISIC_0032916,.jpg,27337,JPEG,600,450,RGB,True,
ISIC_0032917.jpg,ISIC_0032917,.jpg,29489,JPEG,600,450,RGB,True,
ISIC_0032918.jpg,ISIC_0032918,.jpg,28469,JPEG,600,450,RGB,True,
ISIC_0032919.jpg,ISIC_0032919,.jpg,21910,JPEG,600,450,RGB,True,
ISIC_0032920.jpg,ISIC_0032920,.jpg,24925,JPEG,600,450,RGB,True,
ISIC_0032921.jpg,ISIC_0032921,.jpg,25698,JPEG,600,450,RGB,True,
ISIC_0032922.jpg,ISIC_0032922,.jpg,36620,JPEG,600,450,RGB,True,
ISIC_0032923.jpg,ISIC_0032923,.jpg,29175,JPEG,600,450,RGB,True,
ISIC_0032924.jpg,ISIC_0032924,.jpg,26809,JPEG,600,450,RGB,True,
ISIC_0032925.jpg,ISIC_0032925,.jpg,26434,JPEG,600,450,RGB,True,
ISIC_0032926.jpg,ISIC_0032926,.jpg,28109,JPEG,600,450,RGB,True,
ISIC_0032927.jpg,ISIC_0032927,.jpg,32270,JPEG,600,450,RGB,True,
ISIC_0032928.jpg,ISIC_0032928,.jpg,25161,JPEG,600,450,RGB,True,
ISIC_0032929.jpg,ISIC_0032929,.jpg,30515,JPEG,600,450,RGB,True,
ISIC_0032930.jpg,ISIC_0032930,.jpg,29465,JPEG,600,450,RGB,True,
ISIC_0032931.jpg,ISIC_0032931,.jpg,28986,JPEG,600,450,RGB,True,
ISIC_0032932.jpg,ISIC_0032932,.jpg,33102,JPEG,600,450,RGB,True,
ISIC_0032933.jpg,ISIC_0032933,.jpg,29783,JPEG,600,450,RGB,True,
ISIC_0032934.jpg,ISIC_0032934,.jpg,30500,JPEG,600,450,RGB,True,
ISIC_0032935.jpg,ISIC_0032935,.jpg,29553,JPEG,600,450,RGB,True,
ISIC_0032936.jpg,ISIC_0032936,.jpg,30576,JPEG,600,450,RGB,True,
ISIC_0032937.jpg,ISIC_0032937,.jpg,32369,JPEG,600,450,RGB,True,
ISIC_0032938.jpg,ISIC_0032938,.jpg,36756,JPEG,600,450,RGB,True,
ISIC_0032939.jpg,ISIC_0032939,.jpg,24825,JPEG,600,450,RGB,True,
ISIC_0032940.jpg,ISIC_0032940,.jpg,44667,JPEG,600,450,RGB,True,
ISIC_0032941.jpg,ISIC_0032941,.jpg,24186,JPEG,600,450,RGB,True,
ISIC_0032942.jpg,ISIC_0032942,.jpg,28371,JPEG,600,450,RGB,True,
ISIC_0032943.jpg,ISIC_0032943,.jpg,36165,JPEG,600,450,RGB,True,
ISIC_0032944.jpg,ISIC_0032944,.jpg,21538,JPEG,600,450,RGB,True,
ISIC_0032945.jpg,ISIC_0032945,.jpg,20368,JPEG,600,450,RGB,True,
ISIC_0032946.jpg,ISIC_0032946,.jpg,27578,JPEG,600,450,RGB,True,
ISIC_0032947.jpg,ISIC_0032947,.jpg,37476,JPEG,600,450,RGB,True,
ISIC_0032948.jpg,ISIC_0032948,.jpg,26220,JPEG,600,450,RGB,True,
ISIC_0032949.jpg,ISIC_0032949,.jpg,27582,JPEG,600,450,RGB,True,
ISIC_0032950.jpg,ISIC_0032950,.jpg,26810,JPEG,600,450,RGB,True,
ISIC_0032951.jpg,ISIC_0032951,.jpg,27354,JPEG,600,450,RGB,True,
ISIC_0032952.jpg,ISIC_0032952,.jpg,24186,JPEG,600,450,RGB,True,
ISIC_0032953.jpg,ISIC_0032953,.jpg,24887,JPEG,600,450,RGB,True,
ISIC_0032954.jpg,ISIC_0032954,.jpg,25610,JPEG,600,450,RGB,True,
ISIC_0032955.jpg,ISIC_0032955,.jpg,28979,JPEG,600,450,RGB,True,
ISIC_0032956.jpg,ISIC_0032956,.jpg,30521,JPEG,600,450,RGB,True,
ISIC_0032957.jpg,ISIC_0032957,.jpg,27535,JPEG,600,450,RGB,True,
ISIC_0032958.jpg,ISIC_0032958,.jpg,33527,JPEG,600,450,RGB,True,
ISIC_0032959.jpg,ISIC_0032959,.jpg,25606,JPEG,600,450,RGB,True,
ISIC_0032960.jpg,ISIC_0032960,.jpg,35168,JPEG,600,450,RGB,True,
ISIC_0032961.jpg,ISIC_0032961,.jpg,26333,JPEG,600,450,RGB,True,
ISIC_0032962.jpg,ISIC_0032962,.jpg,23585,JPEG,600,450,RGB,True,
ISIC_0032963.jpg,ISIC_0032963,.jpg,33952,JPEG,600,450,RGB,True,
ISIC_0032964.jpg,ISIC_0032964,.jpg,24738,JPEG,600,450,RGB,True,
ISIC_0032965.jpg,ISIC_0032965,.jpg,31873,JPEG,600,450,RGB,True,
ISIC_0032966.jpg,ISIC_0032966,.jpg,23844,JPEG,600,450,RGB,True,
ISIC_0032967.jpg,ISIC_0032967,.jpg,33905,JPEG,600,450,RGB,True,
ISIC_0032968.jpg,ISIC_0032968,.jpg,30844,JPEG,600,450,RGB,True,
ISIC_0032969.jpg,ISIC_0032969,.jpg,27678,JPEG,600,450,RGB,True,
ISIC_0032970.jpg,ISIC_0032970,.jpg,32685,JPEG,600,450,RGB,True,
ISIC_0032971.jpg,ISIC_0032971,.jpg,25855,JPEG,600,450,RGB,True,
ISIC_0032972.jpg,ISIC_0032972,.jpg,29770,JPEG,600,450,RGB,True,
ISIC_0032973.jpg,ISIC_0032973,.jpg,27379,JPEG,600,450,RGB,True,
ISIC_0032974.jpg,ISIC_0032974,.jpg,51386,JPEG,600,450,RGB,True,
ISIC_0032975.jpg,ISIC_0032975,.jpg,33658,JPEG,600,450,RGB,True,
ISIC_0032976.jpg,ISIC_0032976,.jpg,34093,JPEG,600,450,RGB,True,
ISIC_0032977.jpg,ISIC_0032977,.jpg,27448,JPEG,600,450,RGB,True,
ISIC_0032978.jpg,ISIC_0032978,.jpg,33031,JPEG,600,450,RGB,True,
ISIC_0032979.jpg,ISIC_0032979,.jpg,22742,JPEG,600,450,RGB,True,
ISIC_0032980.jpg,ISIC_0032980,.jpg,25293,JPEG,600,450,RGB,True,
ISIC_0032981.jpg,ISIC_0032981,.jpg,22993,JPEG,600,450,RGB,True,
ISIC_0032982.jpg,ISIC_0032982,.jpg,20966,JPEG,600,450,RGB,True,
ISIC_0032983.jpg,ISIC_0032983,.jpg,28734,JPEG,600,450,RGB,True,
ISIC_0032984.jpg,ISIC_0032984,.jpg,28179,JPEG,600,450,RGB,True,
ISIC_0032985.jpg,ISIC_0032985,.jpg,32994,JPEG,600,450,RGB,True,
ISIC_0032986.jpg,ISIC_0032986,.jpg,21672,JPEG,600,450,RGB,True,
ISIC_0032987.jpg,ISIC_0032987,.jpg,37781,JPEG,600,450,RGB,True,
ISIC_0032988.jpg,ISIC_0032988,.jpg,43811,JPEG,600,450,RGB,True,
ISIC_0032989.jpg,ISIC_0032989,.jpg,23773,JPEG,600,450,RGB,True,
ISIC_0032990.jpg,ISIC_0032990,.jpg,23604,JPEG,600,450,RGB,True,
ISIC_0032991.jpg,ISIC_0032991,.jpg,23004,JPEG,600,450,RGB,True,
ISIC_0032992.jpg,ISIC_0032992,.jpg,28921,JPEG,600,450,RGB,True,
ISIC_0032993.jpg,ISIC_0032993,.jpg,36795,JPEG,600,450,RGB,True,
ISIC_0032994.jpg,ISIC_0032994,.jpg,32444,JPEG,600,450,RGB,True,
ISIC_0032995.jpg,ISIC_0032995,.jpg,26765,JPEG,600,450,RGB,True,
ISIC_0032996.jpg,ISIC_0032996,.jpg,29316,JPEG,600,450,RGB,True,
ISIC_0032997.jpg,ISIC_0032997,.jpg,29318,JPEG,600,450,RGB,True,
ISIC_0032998.jpg,ISIC_0032998,.jpg,24811,JPEG,600,450,RGB,True,
ISIC_0032999.jpg,ISIC_0032999,.jpg,19080,JPEG,600,450,RGB,True,
ISIC_0033000.jpg,ISIC_0033000,.jpg,33552,JPEG,600,450,RGB,True,
ISIC_0033001.jpg,ISIC_0033001,.jpg,30218,JPEG,600,450,RGB,True,
ISIC_0033002.jpg,ISIC_0033002,.jpg,26801,JPEG,600,450,RGB,True,
ISIC_0033003.jpg,ISIC_0033003,.jpg,29077,JPEG,600,450,RGB,True,
ISIC_0033004.jpg,ISIC_0033004,.jpg,30594,JPEG,600,450,RGB,True,
ISIC_0033005.jpg,ISIC_0033005,.jpg,34264,JPEG,600,450,RGB,True,
ISIC_0033006.jpg,ISIC_0033006,.jpg,22550,JPEG,600,450,RGB,True,
ISIC_0033007.jpg,ISIC_0033007,.jpg,26500,JPEG,600,450,RGB,True,
ISIC_0033008.jpg,ISIC_0033008,.jpg,27733,JPEG,600,450,RGB,True,
ISIC_0033009.jpg,ISIC_0033009,.jpg,25514,JPEG,600,450,RGB,True,
ISIC_0033010.jpg,ISIC_0033010,.jpg,26183,JPEG,600,450,RGB,True,
ISIC_0033011.jpg,ISIC_0033011,.jpg,31463,JPEG,600,450,RGB,True,
ISIC_0033012.jpg,ISIC_0033012,.jpg,28641,JPEG,600,450,RGB,True,
ISIC_0033013.jpg,ISIC_0033013,.jpg,24966,JPEG,600,450,RGB,True,
ISIC_0033014.jpg,ISIC_0033014,.jpg,32352,JPEG,600,450,RGB,True,
ISIC_0033015.jpg,ISIC_0033015,.jpg,29113,JPEG,600,450,RGB,True,
ISIC_0033016.jpg,ISIC_0033016,.jpg,27487,JPEG,600,450,RGB,True,
ISIC_0033017.jpg,ISIC_0033017,.jpg,25963,JPEG,600,450,RGB,True,
ISIC_0033018.jpg,ISIC_0033018,.jpg,20931,JPEG,600,450,RGB,True,
ISIC_0033019.jpg,ISIC_0033019,.jpg,23234,JPEG,600,450,RGB,True,
ISIC_0033020.jpg,ISIC_0033020,.jpg,23719,JPEG,600,450,RGB,True,
ISIC_0033021.jpg,ISIC_0033021,.jpg,28902,JPEG,600,450,RGB,True,
ISIC_0033022.jpg,ISIC_0033022,.jpg,26938,JPEG,600,450,RGB,True,
ISIC_0033023.jpg,ISIC_0033023,.jpg,41318,JPEG,600,450,RGB,True,
ISIC_0033024.jpg,ISIC_0033024,.jpg,25139,JPEG,600,450,RGB,True,
ISIC_0033025.jpg,ISIC_0033025,.jpg,29459,JPEG,600,450,RGB,True,
ISIC_0033026.jpg,ISIC_0033026,.jpg,22373,JPEG,600,450,RGB,True,
ISIC_0033027.jpg,ISIC_0033027,.jpg,49208,JPEG,600,450,RGB,True,
ISIC_0033028.jpg,ISIC_0033028,.jpg,19990,JPEG,600,450,RGB,True,
ISIC_0033029.jpg,ISIC_0033029,.jpg,35871,JPEG,600,450,RGB,True,
ISIC_0033030.jpg,ISIC_0033030,.jpg,23526,JPEG,600,450,RGB,True,
ISIC_0033031.jpg,ISIC_0033031,.jpg,26845,JPEG,600,450,RGB,True,
ISIC_0033032.jpg,ISIC_0033032,.jpg,26248,JPEG,600,450,RGB,True,
ISIC_0033033.jpg,ISIC_0033033,.jpg,25145,JPEG,600,450,RGB,True,
ISIC_0033034.jpg,ISIC_0033034,.jpg,38491,JPEG,600,450,RGB,True,
ISIC_0033035.jpg,ISIC_0033035,.jpg,24534,JPEG,600,450,RGB,True,
ISIC_0033036.jpg,ISIC_0033036,.jpg,29057,JPEG,600,450,RGB,True,
ISIC_0033037.jpg,ISIC_0033037,.jpg,31749,JPEG,600,450,RGB,True,
ISIC_0033038.jpg,ISIC_0033038,.jpg,30301,JPEG,600,450,RGB,True,
ISIC_0033039.jpg,ISIC_0033039,.jpg,28029,JPEG,600,450,RGB,True,
ISIC_0033040.jpg,ISIC_0033040,.jpg,27120,JPEG,600,450,RGB,True,
ISIC_0033041.jpg,ISIC_0033041,.jpg,29720,JPEG,600,450,RGB,True,
ISIC_0033042.jpg,ISIC_0033042,.jpg,28535,JPEG,600,450,RGB,True,
ISIC_0033043.jpg,ISIC_0033043,.jpg,23799,JPEG,600,450,RGB,True,
ISIC_0033044.jpg,ISIC_0033044,.jpg,32586,JPEG,600,450,RGB,True,
ISIC_0033045.jpg,ISIC_0033045,.jpg,30423,JPEG,600,450,RGB,True,
ISIC_0033046.jpg,ISIC_0033046,.jpg,21616,JPEG,600,450,RGB,True,
ISIC_0033047.jpg,ISIC_0033047,.jpg,25530,JPEG,600,450,RGB,True,
ISIC_0033048.jpg,ISIC_0033048,.jpg,28334,JPEG,600,450,RGB,True,
ISIC_0033049.jpg,ISIC_0033049,.jpg,26956,JPEG,600,450,RGB,True,
ISIC_0033050.jpg,ISIC_0033050,.jpg,29871,JPEG,600,450,RGB,True,
ISIC_0033051.jpg,ISIC_0033051,.jpg,35956,JPEG,600,450,RGB,True,
ISIC_0033052.jpg,ISIC_0033052,.jpg,23910,JPEG,600,450,RGB,True,
ISIC_0033053.jpg,ISIC_0033053,.jpg,27527,JPEG,600,450,RGB,True,
ISIC_0033054.jpg,ISIC_0033054,.jpg,18106,JPEG,600,450,RGB,True,
ISIC_0033055.jpg,ISIC_0033055,.jpg,32829,JPEG,600,450,RGB,True,
ISIC_0033056.jpg,ISIC_0033056,.jpg,31530,JPEG,600,450,RGB,True,
ISIC_0033057.jpg,ISIC_0033057,.jpg,28125,JPEG,600,450,RGB,True,
ISIC_0033058.jpg,ISIC_0033058,.jpg,26227,JPEG,600,450,RGB,True,
ISIC_0033059.jpg,ISIC_0033059,.jpg,25988,JPEG,600,450,RGB,True,
ISIC_0033060.jpg,ISIC_0033060,.jpg,31173,JPEG,600,450,RGB,True,
ISIC_0033061.jpg,ISIC_0033061,.jpg,32220,JPEG,600,450,RGB,True,
ISIC_0033062.jpg,ISIC_0033062,.jpg,28648,JPEG,600,450,RGB,True,
ISIC_0033063.jpg,ISIC_0033063,.jpg,32286,JPEG,600,450,RGB,True,
ISIC_0033064.jpg,ISIC_0033064,.jpg,28573,JPEG,600,450,RGB,True,
ISIC_0033065.jpg,ISIC_0033065,.jpg,20904,JPEG,600,450,RGB,True,
ISIC_0033066.jpg,ISIC_0033066,.jpg,32526,JPEG,600,450,RGB,True,
ISIC_0033067.jpg,ISIC_0033067,.jpg,27767,JPEG,600,450,RGB,True,
ISIC_0033068.jpg,ISIC_0033068,.jpg,26769,JPEG,600,450,RGB,True,
ISIC_0033069.jpg,ISIC_0033069,.jpg,21732,JPEG,600,450,RGB,True,
ISIC_0033070.jpg,ISIC_0033070,.jpg,26637,JPEG,600,450,RGB,True,
ISIC_0033071.jpg,ISIC_0033071,.jpg,24120,JPEG,600,450,RGB,True,
ISIC_0033072.jpg,ISIC_0033072,.jpg,31530,JPEG,600,450,RGB,True,
ISIC_0033073.jpg,ISIC_0033073,.jpg,29867,JPEG,600,450,RGB,True,
ISIC_0033074.jpg,ISIC_0033074,.jpg,31247,JPEG,600,450,RGB,True,
ISIC_0033075.jpg,ISIC_0033075,.jpg,19728,JPEG,600,450,RGB,True,
ISIC_0033076.jpg,ISIC_0033076,.jpg,21389,JPEG,600,450,RGB,True,
ISIC_0033077.jpg,ISIC_0033077,.jpg,20935,JPEG,600,450,RGB,True,
ISIC_0033078.jpg,ISIC_0033078,.jpg,20699,JPEG,600,450,RGB,True,
ISIC_0033079.jpg,ISIC_0033079,.jpg,36101,JPEG,600,450,RGB,True,
ISIC_0033080.jpg,ISIC_0033080,.jpg,23069,JPEG,600,450,RGB,True,
ISIC_0033081.jpg,ISIC_0033081,.jpg,20140,JPEG,600,450,RGB,True,
ISIC_0033082.jpg,ISIC_0033082,.jpg,34630,JPEG,600,450,RGB,True,
ISIC_0033083.jpg,ISIC_0033083,.jpg,21132,JPEG,600,450,RGB,True,
ISIC_0033084.jpg,ISIC_0033084,.jpg,37753,JPEG,600,450,RGB,True,
ISIC_0033085.jpg,ISIC_0033085,.jpg,21511,JPEG,600,450,RGB,True,
ISIC_0033086.jpg,ISIC_0033086,.jpg,37191,JPEG,600,450,RGB,True,
ISIC_0033087.jpg,ISIC_0033087,.jpg,24121,JPEG,600,450,RGB,True,
ISIC_0033088.jpg,ISIC_0033088,.jpg,29467,JPEG,600,450,RGB,True,
ISIC_0033089.jpg,ISIC_0033089,.jpg,28503,JPEG,600,450,RGB,True,
ISIC_0033090.jpg,ISIC_0033090,.jpg,30745,JPEG,600,450,RGB,True,
ISIC_0033091.jpg,ISIC_0033091,.jpg,26678,JPEG,600,450,RGB,True,
ISIC_0033092.jpg,ISIC_0033092,.jpg,34951,JPEG,600,450,RGB,True,
ISIC_0033093.jpg,ISIC_0033093,.jpg,21456,JPEG,600,450,RGB,True,
ISIC_0033094.jpg,ISIC_0033094,.jpg,25351,JPEG,600,450,RGB,True,
ISIC_0033095.jpg,ISIC_0033095,.jpg,27839,JPEG,600,450,RGB,True,
ISIC_0033096.jpg,ISIC_0033096,.jpg,33322,JPEG,600,450,RGB,True,
ISIC_0033097.jpg,ISIC_0033097,.jpg,28662,JPEG,600,450,RGB,True,
ISIC_0033098.jpg,ISIC_0033098,.jpg,29010,JPEG,600,450,RGB,True,
ISIC_0033099.jpg,ISIC_0033099,.jpg,26117,JPEG,600,450,RGB,True,
ISIC_0033100.jpg,ISIC_0033100,.jpg,29137,JPEG,600,450,RGB,True,
ISIC_0033101.jpg,ISIC_0033101,.jpg,26541,JPEG,600,450,RGB,True,
ISIC_0033102.jpg,ISIC_0033102,.jpg,31937,JPEG,600,450,RGB,True,
ISIC_0033103.jpg,ISIC_0033103,.jpg,25676,JPEG,600,450,RGB,True,
ISIC_0033104.jpg,ISIC_0033104,.jpg,29197,JPEG,600,450,RGB,True,
ISIC_0033105.jpg,ISIC_0033105,.jpg,26449,JPEG,600,450,RGB,True,
ISIC_0033106.jpg,ISIC_0033106,.jpg,24526,JPEG,600,450,RGB,True,
ISIC_0033107.jpg,ISIC_0033107,.jpg,24764,JPEG,600,450,RGB,True,
ISIC_0033108.jpg,ISIC_0033108,.jpg,22531,JPEG,600,450,RGB,True,
ISIC_0033109.jpg,ISIC_0033109,.jpg,24609,JPEG,600,450,RGB,True,
ISIC_0033110.jpg,ISIC_0033110,.jpg,27391,JPEG,600,450,RGB,True,
ISIC_0033111.jpg,ISIC_0033111,.jpg,34540,JPEG,600,450,RGB,True,
ISIC_0033112.jpg,ISIC_0033112,.jpg,30887,JPEG,600,450,RGB,True,
ISIC_0033113.jpg,ISIC_0033113,.jpg,25286,JPEG,600,450,RGB,True,
ISIC_0033114.jpg,ISIC_0033114,.jpg,27629,JPEG,600,450,RGB,True,
ISIC_0033115.jpg,ISIC_0033115,.jpg,26014,JPEG,600,450,RGB,True,
ISIC_0033116.jpg,ISIC_0033116,.jpg,25905,JPEG,600,450,RGB,True,
ISIC_0033117.jpg,ISIC_0033117,.jpg,30090,JPEG,600,450,RGB,True,
ISIC_0033118.jpg,ISIC_0033118,.jpg,24634,JPEG,600,450,RGB,True,
ISIC_0033119.jpg,ISIC_0033119,.jpg,23506,JPEG,600,450,RGB,True,
ISIC_0033120.jpg,ISIC_0033120,.jpg,23528,JPEG,600,450,RGB,True,
ISIC_0033121.jpg,ISIC_0033121,.jpg,27533,JPEG,600,450,RGB,True,
ISIC_0033122.jpg,ISIC_0033122,.jpg,25535,JPEG,600,450,RGB,True,
ISIC_0033123.jpg,ISIC_0033123,.jpg,17176,JPEG,600,450,RGB,True,
ISIC_0033124.jpg,ISIC_0033124,.jpg,43137,JPEG,600,450,RGB,True,
ISIC_0033125.jpg,ISIC_0033125,.jpg,28497,JPEG,600,450,RGB,True,
ISIC_0033126.jpg,ISIC_0033126,.jpg,18920,JPEG,600,450,RGB,True,
ISIC_0033127.jpg,ISIC_0033127,.jpg,31821,JPEG,600,450,RGB,True,
ISIC_0033128.jpg,ISIC_0033128,.jpg,25159,JPEG,600,450,RGB,True,
ISIC_0033129.jpg,ISIC_0033129,.jpg,32564,JPEG,600,450,RGB,True,
ISIC_0033130.jpg,ISIC_0033130,.jpg,25736,JPEG,600,450,RGB,True,
ISIC_0033131.jpg,ISIC_0033131,.jpg,34972,JPEG,600,450,RGB,True,
ISIC_0033132.jpg,ISIC_0033132,.jpg,27465,JPEG,600,450,RGB,True,
ISIC_0033133.jpg,ISIC_0033133,.jpg,20259,JPEG,600,450,RGB,True,
ISIC_0033134.jpg,ISIC_0033134,.jpg,21935,JPEG,600,450,RGB,True,
ISIC_0033135.jpg,ISIC_0033135,.jpg,20531,JPEG,600,450,RGB,True,
ISIC_0033136.jpg,ISIC_0033136,.jpg,16043,JPEG,600,450,RGB,True,
ISIC_0033137.jpg,ISIC_0033137,.jpg,24306,JPEG,600,450,RGB,True,
ISIC_0033138.jpg,ISIC_0033138,.jpg,25148,JPEG,600,450,RGB,True,
ISIC_0033139.jpg,ISIC_0033139,.jpg,28527,JPEG,600,450,RGB,True,
ISIC_0033140.jpg,ISIC_0033140,.jpg,27400,JPEG,600,450,RGB,True,
ISIC_0033141.jpg,ISIC_0033141,.jpg,23447,JPEG,600,450,RGB,True,
ISIC_0033142.jpg,ISIC_0033142,.jpg,31136,JPEG,600,450,RGB,True,
ISIC_0033143.jpg,ISIC_0033143,.jpg,32843,JPEG,600,450,RGB,True,
ISIC_0033144.jpg,ISIC_0033144,.jpg,23331,JPEG,600,450,RGB,True,
ISIC_0033145.jpg,ISIC_0033145,.jpg,27168,JPEG,600,450,RGB,True,
ISIC_0033146.jpg,ISIC_0033146,.jpg,29965,JPEG,600,450,RGB,True,
ISIC_0033147.jpg,ISIC_0033147,.jpg,24398,JPEG,600,450,RGB,True,
ISIC_0033148.jpg,ISIC_0033148,.jpg,23232,JPEG,600,450,RGB,True,
ISIC_0033149.jpg,ISIC_0033149,.jpg,29217,JPEG,600,450,RGB,True,
ISIC_0033150.jpg,ISIC_0033150,.jpg,23010,JPEG,600,450,RGB,True,
ISIC_0033151.jpg,ISIC_0033151,.jpg,24101,JPEG,600,450,RGB,True,
ISIC_0033152.jpg,ISIC_0033152,.jpg,22015,JPEG,600,450,RGB,True,
ISIC_0033153.jpg,ISIC_0033153,.jpg,27531,JPEG,600,450,RGB,True,
ISIC_0033154.jpg,ISIC_0033154,.jpg,34152,JPEG,600,450,RGB,True,
ISIC_0033155.jpg,ISIC_0033155,.jpg,24190,JPEG,600,450,RGB,True,
ISIC_0033156.jpg,ISIC_0033156,.jpg,38646,JPEG,600,450,RGB,True,
ISIC_0033157.jpg,ISIC_0033157,.jpg,23091,JPEG,600,450,RGB,True,
ISIC_0033158.jpg,ISIC_0033158,.jpg,22067,JPEG,600,450,RGB,True,
ISIC_0033159.jpg,ISIC_0033159,.jpg,22709,JPEG,600,450,RGB,True,
ISIC_0033160.jpg,ISIC_0033160,.jpg,22151,JPEG,600,450,RGB,True,
ISIC_0033161.jpg,ISIC_0033161,.jpg,22632,JPEG,600,450,RGB,True,
ISIC_0033162.jpg,ISIC_0033162,.jpg,29319,JPEG,600,450,RGB,True,
ISIC_0033163.jpg,ISIC_0033163,.jpg,29133,JPEG,600,450,RGB,True,
ISIC_0033164.jpg,ISIC_0033164,.jpg,23431,JPEG,600,450,RGB,True,
ISIC_0033165.jpg,ISIC_0033165,.jpg,26031,JPEG,600,450,RGB,True,
ISIC_0033166.jpg,ISIC_0033166,.jpg,23566,JPEG,600,450,RGB,True,
ISIC_0033167.jpg,ISIC_0033167,.jpg,26618,JPEG,600,450,RGB,True,
ISIC_0033168.jpg,ISIC_0033168,.jpg,29833,JPEG,600,450,RGB,True,
ISIC_0033169.jpg,ISIC_0033169,.jpg,25176,JPEG,600,450,RGB,True,
ISIC_0033170.jpg,ISIC_0033170,.jpg,24422,JPEG,600,450,RGB,True,
ISIC_0033171.jpg,ISIC_0033171,.jpg,25061,JPEG,600,450,RGB,True,
ISIC_0033172.jpg,ISIC_0033172,.jpg,28933,JPEG,600,450,RGB,True,
ISIC_0033173.jpg,ISIC_0033173,.jpg,20443,JPEG,600,450,RGB,True,
ISIC_0033174.jpg,ISIC_0033174,.jpg,24380,JPEG,600,450,RGB,True,
ISIC_0033175.jpg,ISIC_0033175,.jpg,30589,JPEG,600,450,RGB,True,
ISIC_0033176.jpg,ISIC_0033176,.jpg,28579,JPEG,600,450,RGB,True,
ISIC_0033177.jpg,ISIC_0033177,.jpg,41636,JPEG,600,450,RGB,True,
ISIC_0033178.jpg,ISIC_0033178,.jpg,27371,JPEG,600,450,RGB,True,
ISIC_0033179.jpg,ISIC_0033179,.jpg,18856,JPEG,600,450,RGB,True,
ISIC_0033180.jpg,ISIC_0033180,.jpg,20054,JPEG,600,450,RGB,True,
ISIC_0033181.jpg,ISIC_0033181,.jpg,20954,JPEG,600,450,RGB,True,
ISIC_0033182.jpg,ISIC_0033182,.jpg,26670,JPEG,600,450,RGB,True,
ISIC_0033183.jpg,ISIC_0033183,.jpg,35067,JPEG,600,450,RGB,True,
ISIC_0033184.jpg,ISIC_0033184,.jpg,37856,JPEG,600,450,RGB,True,
ISIC_0033185.jpg,ISIC_0033185,.jpg,30700,JPEG,600,450,RGB,True,
ISIC_0033186.jpg,ISIC_0033186,.jpg,26531,JPEG,600,450,RGB,True,
ISIC_0033187.jpg,ISIC_0033187,.jpg,21346,JPEG,600,450,RGB,True,
ISIC_0033188.jpg,ISIC_0033188,.jpg,30124,JPEG,600,450,RGB,True,
ISIC_0033189.jpg,ISIC_0033189,.jpg,22117,JPEG,600,450,RGB,True,
ISIC_0033190.jpg,ISIC_0033190,.jpg,21303,JPEG,600,450,RGB,True,
ISIC_0033191.jpg,ISIC_0033191,.jpg,23862,JPEG,600,450,RGB,True,
ISIC_0033192.jpg,ISIC_0033192,.jpg,35316,JPEG,600,450,RGB,True,
ISIC_0033193.jpg,ISIC_0033193,.jpg,27345,JPEG,600,450,RGB,True,
ISIC_0033194.jpg,ISIC_0033194,.jpg,25346,JPEG,600,450,RGB,True,
ISIC_0033195.jpg,ISIC_0033195,.jpg,28420,JPEG,600,450,RGB,True,
ISIC_0033196.jpg,ISIC_0033196,.jpg,19471,JPEG,600,450,RGB,True,
ISIC_0033197.jpg,ISIC_0033197,.jpg,24815,JPEG,600,450,RGB,True,
ISIC_0033198.jpg,ISIC_0033198,.jpg,36439,JPEG,600,450,RGB,True,
ISIC_0033199.jpg,ISIC_0033199,.jpg,32187,JPEG,600,450,RGB,True,
ISIC_0033200.jpg,ISIC_0033200,.jpg,37213,JPEG,600,450,RGB,True,
ISIC_0033201.jpg,ISIC_0033201,.jpg,23707,JPEG,600,450,RGB,True,
ISIC_0033202.jpg,ISIC_0033202,.jpg,18946,JPEG,600,450,RGB,True,
ISIC_0033203.jpg,ISIC_0033203,.jpg,35450,JPEG,600,450,RGB,True,
ISIC_0033204.jpg,ISIC_0033204,.jpg,34816,JPEG,600,450,RGB,True,
ISIC_0033205.jpg,ISIC_0033205,.jpg,22876,JPEG,600,450,RGB,True,
ISIC_0033206.jpg,ISIC_0033206,.jpg,31331,JPEG,600,450,RGB,True,
ISIC_0033207.jpg,ISIC_0033207,.jpg,22696,JPEG,600,450,RGB,True,
ISIC_0033208.jpg,ISIC_0033208,.jpg,27254,JPEG,600,450,RGB,True,
ISIC_0033209.jpg,ISIC_0033209,.jpg,29275,JPEG,600,450,RGB,True,
ISIC_0033210.jpg,ISIC_0033210,.jpg,28289,JPEG,600,450,RGB,True,
ISIC_0033211.jpg,ISIC_0033211,.jpg,23125,JPEG,600,450,RGB,True,
ISIC_0033212.jpg,ISIC_0033212,.jpg,19841,JPEG,600,450,RGB,True,
ISIC_0033213.jpg,ISIC_0033213,.jpg,26954,JPEG,600,450,RGB,True,
ISIC_0033214.jpg,ISIC_0033214,.jpg,24554,JPEG,600,450,RGB,True,
ISIC_0033215.jpg,ISIC_0033215,.jpg,20513,JPEG,600,450,RGB,True,
ISIC_0033216.jpg,ISIC_0033216,.jpg,24187,JPEG,600,450,RGB,True,
ISIC_0033217.jpg,ISIC_0033217,.jpg,38114,JPEG,600,450,RGB,True,
ISIC_0033218.jpg,ISIC_0033218,.jpg,21729,JPEG,600,450,RGB,True,
ISIC_0033219.jpg,ISIC_0033219,.jpg,29966,JPEG,600,450,RGB,True,
ISIC_0033220.jpg,ISIC_0033220,.jpg,27153,JPEG,600,450,RGB,True,
ISIC_0033221.jpg,ISIC_0033221,.jpg,23739,JPEG,600,450,RGB,True,
ISIC_0033222.jpg,ISIC_0033222,.jpg,22479,JPEG,600,450,RGB,True,
ISIC_0033223.jpg,ISIC_0033223,.jpg,30256,JPEG,600,450,RGB,True,
ISIC_0033224.jpg,ISIC_0033224,.jpg,31386,JPEG,600,450,RGB,True,
ISIC_0033225.jpg,ISIC_0033225,.jpg,28674,JPEG,600,450,RGB,True,
ISIC_0033226.jpg,ISIC_0033226,.jpg,30093,JPEG,600,450,RGB,True,
ISIC_0033227.jpg,ISIC_0033227,.jpg,22571,JPEG,600,450,RGB,True,
ISIC_0033228.jpg,ISIC_0033228,.jpg,28494,JPEG,600,450,RGB,True,
ISIC_0033229.jpg,ISIC_0033229,.jpg,27068,JPEG,600,450,RGB,True,
ISIC_0033230.jpg,ISIC_0033230,.jpg,37370,JPEG,600,450,RGB,True,
ISIC_0033231.jpg,ISIC_0033231,.jpg,20898,JPEG,600,450,RGB,True,
ISIC_0033232.jpg,ISIC_0033232,.jpg,31854,JPEG,600,450,RGB,True,
ISIC_0033233.jpg,ISIC_0033233,.jpg,17763,JPEG,600,450,RGB,True,
ISIC_0033234.jpg,ISIC_0033234,.jpg,23323,JPEG,600,450,RGB,True,
ISIC_0033235.jpg,ISIC_0033235,.jpg,35937,JPEG,600,450,RGB,True,
ISIC_0033236.jpg,ISIC_0033236,.jpg,18888,JPEG,600,450,RGB,True,
ISIC_0033237.jpg,ISIC_0033237,.jpg,21393,JPEG,600,450,RGB,True,
ISIC_0033238.jpg,ISIC_0033238,.jpg,31993,JPEG,600,450,RGB,True,
ISIC_0033239.jpg,ISIC_0033239,.jpg,24576,JPEG,600,450,RGB,True,
ISIC_0033240.jpg,ISIC_0033240,.jpg,34953,JPEG,600,450,RGB,True,
ISIC_0033241.jpg,ISIC_0033241,.jpg,28757,JPEG,600,450,RGB,True,
ISIC_0033242.jpg,ISIC_0033242,.jpg,23096,JPEG,600,450,RGB,True,
ISIC_0033243.jpg,ISIC_0033243,.jpg,25994,JPEG,600,450,RGB,True,
ISIC_0033244.jpg,ISIC_0033244,.jpg,28216,JPEG,600,450,RGB,True,
ISIC_0033245.jpg,ISIC_0033245,.jpg,40156,JPEG,600,450,RGB,True,
ISIC_0033246.jpg,ISIC_0033246,.jpg,27203,JPEG,600,450,RGB,True,
ISIC_0033247.jpg,ISIC_0033247,.jpg,29746,JPEG,600,450,RGB,True,
ISIC_0033248.jpg,ISIC_0033248,.jpg,27452,JPEG,600,450,RGB,True,
ISIC_0033249.jpg,ISIC_0033249,.jpg,27175,JPEG,600,450,RGB,True,
ISIC_0033250.jpg,ISIC_0033250,.jpg,23752,JPEG,600,450,RGB,True,
ISIC_0033251.jpg,ISIC_0033251,.jpg,29292,JPEG,600,450,RGB,True,
ISIC_0033252.jpg,ISIC_0033252,.jpg,23547,JPEG,600,450,RGB,True,
ISIC_0033253.jpg,ISIC_0033253,.jpg,20389,JPEG,600,450,RGB,True,
ISIC_0033254.jpg,ISIC_0033254,.jpg,27652,JPEG,600,450,RGB,True,
ISIC_0033255.jpg,ISIC_0033255,.jpg,25799,JPEG,600,450,RGB,True,
ISIC_0033256.jpg,ISIC_0033256,.jpg,32318,JPEG,600,450,RGB,True,
ISIC_0033257.jpg,ISIC_0033257,.jpg,30708,JPEG,600,450,RGB,True,
ISIC_0033258.jpg,ISIC_0033258,.jpg,38994,JPEG,600,450,RGB,True,
ISIC_0033259.jpg,ISIC_0033259,.jpg,20766,JPEG,600,450,RGB,True,
ISIC_0033260.jpg,ISIC_0033260,.jpg,20354,JPEG,600,450,RGB,True,
ISIC_0033261.jpg,ISIC_0033261,.jpg,28510,JPEG,600,450,RGB,True,
ISIC_0033262.jpg,ISIC_0033262,.jpg,21537,JPEG,600,450,RGB,True,
ISIC_0033263.jpg,ISIC_0033263,.jpg,24128,JPEG,600,450,RGB,True,
ISIC_0033264.jpg,ISIC_0033264,.jpg,28039,JPEG,600,450,RGB,True,
ISIC_0033265.jpg,ISIC_0033265,.jpg,25412,JPEG,600,450,RGB,True,
ISIC_0033266.jpg,ISIC_0033266,.jpg,31622,JPEG,600,450,RGB,True,
ISIC_0033267.jpg,ISIC_0033267,.jpg,31273,JPEG,600,450,RGB,True,
ISIC_0033268.jpg,ISIC_0033268,.jpg,24167,JPEG,600,450,RGB,True,
ISIC_0033269.jpg,ISIC_0033269,.jpg,37370,JPEG,600,450,RGB,True,
ISIC_0033270.jpg,ISIC_0033270,.jpg,27920,JPEG,600,450,RGB,True,
ISIC_0033271.jpg,ISIC_0033271,.jpg,37155,JPEG,600,450,RGB,True,
ISIC_0033272.jpg,ISIC_0033272,.jpg,31481,JPEG,600,450,RGB,True,
ISIC_0033273.jpg,ISIC_0033273,.jpg,21501,JPEG,600,450,RGB,True,
ISIC_0033274.jpg,ISIC_0033274,.jpg,35091,JPEG,600,450,RGB,True,
ISIC_0033275.jpg,ISIC_0033275,.jpg,22985,JPEG,600,450,RGB,True,
ISIC_0033276.jpg,ISIC_0033276,.jpg,19240,JPEG,600,450,RGB,True,
ISIC_0033277.jpg,ISIC_0033277,.jpg,22718,JPEG,600,450,RGB,True,
ISIC_0033278.jpg,ISIC_0033278,.jpg,26231,JPEG,600,450,RGB,True,
ISIC_0033279.jpg,ISIC_0033279,.jpg,21026,JPEG,600,450,RGB,True,
ISIC_0033280.jpg,ISIC_0033280,.jpg,22577,JPEG,600,450,RGB,True,
ISIC_0033281.jpg,ISIC_0033281,.jpg,23886,JPEG,600,450,RGB,True,
ISIC_0033282.jpg,ISIC_0033282,.jpg,19926,JPEG,600,450,RGB,True,
ISIC_0033283.jpg,ISIC_0033283,.jpg,22188,JPEG,600,450,RGB,True,
ISIC_0033284.jpg,ISIC_0033284,.jpg,22246,JPEG,600,450,RGB,True,
ISIC_0033285.jpg,ISIC_0033285,.jpg,23092,JPEG,600,450,RGB,True,
ISIC_0033286.jpg,ISIC_0033286,.jpg,35202,JPEG,600,450,RGB,True,
ISIC_0033287.jpg,ISIC_0033287,.jpg,38708,JPEG,600,450,RGB,True,
ISIC_0033288.jpg,ISIC_0033288,.jpg,25599,JPEG,600,450,RGB,True,
ISIC_0033289.jpg,ISIC_0033289,.jpg,30916,JPEG,600,450,RGB,True,
ISIC_0033290.jpg,ISIC_0033290,.jpg,23989,JPEG,600,450,RGB,True,
ISIC_0033291.jpg,ISIC_0033291,.jpg,23493,JPEG,600,450,RGB,True,
ISIC_0033292.jpg,ISIC_0033292,.jpg,24623,JPEG,600,450,RGB,True,
ISIC_0033293.jpg,ISIC_0033293,.jpg,33006,JPEG,600,450,RGB,True,
ISIC_0033294.jpg,ISIC_0033294,.jpg,25584,JPEG,600,450,RGB,True,
ISIC_0033295.jpg,ISIC_0033295,.jpg,35983,JPEG,600,450,RGB,True,
ISIC_0033296.jpg,ISIC_0033296,.jpg,21335,JPEG,600,450,RGB,True,
ISIC_0033297.jpg,ISIC_0033297,.jpg,26274,JPEG,600,450,RGB,True,
ISIC_0033298.jpg,ISIC_0033298,.jpg,20688,JPEG,600,450,RGB,True,
ISIC_0033299.jpg,ISIC_0033299,.jpg,37723,JPEG,600,450,RGB,True,
ISIC_0033300.jpg,ISIC_0033300,.jpg,24343,JPEG,600,450,RGB,True,
ISIC_0033301.jpg,ISIC_0033301,.jpg,30197,JPEG,600,450,RGB,True,
ISIC_0033302.jpg,ISIC_0033302,.jpg,29631,JPEG,600,450,RGB,True,
ISIC_0033303.jpg,ISIC_0033303,.jpg,15977,JPEG,600,450,RGB,True,
ISIC_0033304.jpg,ISIC_0033304,.jpg,26396,JPEG,600,450,RGB,True,
ISIC_0033305.jpg,ISIC_0033305,.jpg,30162,JPEG,600,450,RGB,True,
ISIC_0033306.jpg,ISIC_0033306,.jpg,37716,JPEG,600,450,RGB,True,
ISIC_0033307.jpg,ISIC_0033307,.jpg,29958,JPEG,600,450,RGB,True,
ISIC_0033308.jpg,ISIC_0033308,.jpg,32373,JPEG,600,450,RGB,True,
ISIC_0033309.jpg,ISIC_0033309,.jpg,33017,JPEG,600,450,RGB,True,
ISIC_0033310.jpg,ISIC_0033310,.jpg,35377,JPEG,600,450,RGB,True,
ISIC_0033311.jpg,ISIC_0033311,.jpg,24238,JPEG,600,450,RGB,True,
ISIC_0033312.jpg,ISIC_0033312,.jpg,27366,JPEG,600,450,RGB,True,
ISIC_0033313.jpg,ISIC_0033313,.jpg,26087,JPEG,600,450,RGB,True,
ISIC_0033314.jpg,ISIC_0033314,.jpg,23686,JPEG,600,450,RGB,True,
ISIC_0033315.jpg,ISIC_0033315,.jpg,24948,JPEG,600,450,RGB,True,
ISIC_0033316.jpg,ISIC_0033316,.jpg,25210,JPEG,600,450,RGB,True,
ISIC_0033317.jpg,ISIC_0033317,.jpg,23967,JPEG,600,450,RGB,True,
ISIC_0033318.jpg,ISIC_0033318,.jpg,24517,JPEG,600,450,RGB,True,
ISIC_0033319.jpg,ISIC_0033319,.jpg,32296,JPEG,600,450,RGB,True,
ISIC_0033320.jpg,ISIC_0033320,.jpg,23130,JPEG,600,450,RGB,True,
ISIC_0033321.jpg,ISIC_0033321,.jpg,31995,JPEG,600,450,RGB,True,
ISIC_0033322.jpg,ISIC_0033322,.jpg,29975,JPEG,600,450,RGB,True,
ISIC_0033323.jpg,ISIC_0033323,.jpg,27435,JPEG,600,450,RGB,True,
ISIC_0033324.jpg,ISIC_0033324,.jpg,33172,JPEG,600,450,RGB,True,
ISIC_0033325.jpg,ISIC_0033325,.jpg,40080,JPEG,600,450,RGB,True,
ISIC_0033326.jpg,ISIC_0033326,.jpg,25121,JPEG,600,450,RGB,True,
ISIC_0033327.jpg,ISIC_0033327,.jpg,24216,JPEG,600,450,RGB,True,
ISIC_0033328.jpg,ISIC_0033328,.jpg,24709,JPEG,600,450,RGB,True,
ISIC_0033329.jpg,ISIC_0033329,.jpg,24725,JPEG,600,450,RGB,True,
ISIC_0033330.jpg,ISIC_0033330,.jpg,16031,JPEG,600,450,RGB,True,
ISIC_0033331.jpg,ISIC_0033331,.jpg,30943,JPEG,600,450,RGB,True,
ISIC_0033332.jpg,ISIC_0033332,.jpg,19826,JPEG,600,450,RGB,True,
ISIC_0033333.jpg,ISIC_0033333,.jpg,22600,JPEG,600,450,RGB,True,
ISIC_0033334.jpg,ISIC_0033334,.jpg,27400,JPEG,600,450,RGB,True,
ISIC_0033335.jpg,ISIC_0033335,.jpg,25003,JPEG,600,450,RGB,True,
ISIC_0033336.jpg,ISIC_0033336,.jpg,27585,JPEG,600,450,RGB,True,
ISIC_0033337.jpg,ISIC_0033337,.jpg,29378,JPEG,600,450,RGB,True,
ISIC_0033338.jpg,ISIC_0033338,.jpg,30219,JPEG,600,450,RGB,True,
ISIC_0033339.jpg,ISIC_0033339,.jpg,24028,JPEG,600,450,RGB,True,
ISIC_0033340.jpg,ISIC_0033340,.jpg,23829,JPEG,600,450,RGB,True,
ISIC_0033341.jpg,ISIC_0033341,.jpg,22158,JPEG,600,450,RGB,True,
ISIC_0033342.jpg,ISIC_0033342,.jpg,23872,JPEG,600,450,RGB,True,
ISIC_0033343.jpg,ISIC_0033343,.jpg,26890,JPEG,600,450,RGB,True,
ISIC_0033344.jpg,ISIC_0033344,.jpg,38745,JPEG,600,450,RGB,True,
ISIC_0033345.jpg,ISIC_0033345,.jpg,23525,JPEG,600,450,RGB,True,
ISIC_0033346.jpg,ISIC_0033346,.jpg,30304,JPEG,600,450,RGB,True,
ISIC_0033347.jpg,ISIC_0033347,.jpg,26503,JPEG,600,450,RGB,True,
ISIC_0033348.jpg,ISIC_0033348,.jpg,28101,JPEG,600,450,RGB,True,
ISIC_0033349.jpg,ISIC_0033349,.jpg,21851,JPEG,600,450,RGB,True,
ISIC_0033350.jpg,ISIC_0033350,.jpg,25696,JPEG,600,450,RGB,True,
ISIC_0033351.jpg,ISIC_0033351,.jpg,27391,JPEG,600,450,RGB,True,
ISIC_0033352.jpg,ISIC_0033352,.jpg,19882,JPEG,600,450,RGB,True,
ISIC_0033353.jpg,ISIC_0033353,.jpg,22116,JPEG,600,450,RGB,True,
ISIC_0033354.jpg,ISIC_0033354,.jpg,26902,JPEG,600,450,RGB,True,
ISIC_0033355.jpg,ISIC_0033355,.jpg,28158,JPEG,600,450,RGB,True,
ISIC_0033356.jpg,ISIC_0033356,.jpg,19933,JPEG,600,450,RGB,True,
ISIC_0033357.jpg,ISIC_0033357,.jpg,23185,JPEG,600,450,RGB,True,
ISIC_0033358.jpg,ISIC_0033358,.jpg,26352,JPEG,600,450,RGB,True,
ISIC_0033359.jpg,ISIC_0033359,.jpg,23821,JPEG,600,450,RGB,True,
ISIC_0033360.jpg,ISIC_0033360,.jpg,32692,JPEG,600,450,RGB,True,
ISIC_0033361.jpg,ISIC_0033361,.jpg,23364,JPEG,600,450,RGB,True,
ISIC_0033362.jpg,ISIC_0033362,.jpg,26548,JPEG,600,450,RGB,True,
ISIC_0033363.jpg,ISIC_0033363,.jpg,28536,JPEG,600,450,RGB,True,
ISIC_0033364.jpg,ISIC_0033364,.jpg,22279,JPEG,600,450,RGB,True,
ISIC_0033365.jpg,ISIC_0033365,.jpg,21864,JPEG,600,450,RGB,True,
ISIC_0033366.jpg,ISIC_0033366,.jpg,32676,JPEG,600,450,RGB,True,
ISIC_0033367.jpg,ISIC_0033367,.jpg,32133,JPEG,600,450,RGB,True,
ISIC_0033368.jpg,ISIC_0033368,.jpg,26653,JPEG,600,450,RGB,True,
ISIC_0033369.jpg,ISIC_0033369,.jpg,28072,JPEG,600,450,RGB,True,
ISIC_0033370.jpg,ISIC_0033370,.jpg,20195,JPEG,600,450,RGB,True,
ISIC_0033371.jpg,ISIC_0033371,.jpg,25444,JPEG,600,450,RGB,True,
ISIC_0033372.jpg,ISIC_0033372,.jpg,35241,JPEG,600,450,RGB,True,
ISIC_0033373.jpg,ISIC_0033373,.jpg,26570,JPEG,600,450,RGB,True,
ISIC_0033374.jpg,ISIC_0033374,.jpg,34420,JPEG,600,450,RGB,True,
ISIC_0033375.jpg,ISIC_0033375,.jpg,21543,JPEG,600,450,RGB,True,
ISIC_0033376.jpg,ISIC_0033376,.jpg,29583,JPEG,600,450,RGB,True,
ISIC_0033377.jpg,ISIC_0033377,.jpg,28482,JPEG,600,450,RGB,True,
ISIC_0033378.jpg,ISIC_0033378,.jpg,23522,JPEG,600,450,RGB,True,
ISIC_0033379.jpg,ISIC_0033379,.jpg,30496,JPEG,600,450,RGB,True,
ISIC_0033380.jpg,ISIC_0033380,.jpg,35099,JPEG,600,450,RGB,True,
ISIC_0033381.jpg,ISIC_0033381,.jpg,24252,JPEG,600,450,RGB,True,
ISIC_0033382.jpg,ISIC_0033382,.jpg,22078,JPEG,600,450,RGB,True,
ISIC_0033383.jpg,ISIC_0033383,.jpg,27706,JPEG,600,450,RGB,True,
ISIC_0033384.jpg,ISIC_0033384,.jpg,25955,JPEG,600,450,RGB,True,
ISIC_0033385.jpg,ISIC_0033385,.jpg,30613,JPEG,600,450,RGB,True,
ISIC_0033386.jpg,ISIC_0033386,.jpg,28108,JPEG,600,450,RGB,True,
ISIC_0033387.jpg,ISIC_0033387,.jpg,23764,JPEG,600,450,RGB,True,
ISIC_0033388.jpg,ISIC_0033388,.jpg,23212,JPEG,600,450,RGB,True,
ISIC_0033389.jpg,ISIC_0033389,.jpg,25038,JPEG,600,450,RGB,True,
ISIC_0033390.jpg,ISIC_0033390,.jpg,21070,JPEG,600,450,RGB,True,
ISIC_0033391.jpg,ISIC_0033391,.jpg,28386,JPEG,600,450,RGB,True,
ISIC_0033392.jpg,ISIC_0033392,.jpg,30893,JPEG,600,450,RGB,True,
ISIC_0033393.jpg,ISIC_0033393,.jpg,24934,JPEG,600,450,RGB,True,
ISIC_0033394.jpg,ISIC_0033394,.jpg,25825,JPEG,600,450,RGB,True,
ISIC_0033395.jpg,ISIC_0033395,.jpg,28082,JPEG,600,450,RGB,True,
ISIC_0033396.jpg,ISIC_0033396,.jpg,21434,JPEG,600,450,RGB,True,
ISIC_0033397.jpg,ISIC_0033397,.jpg,30964,JPEG,600,450,RGB,True,
ISIC_0033398.jpg,ISIC_0033398,.jpg,27794,JPEG,600,450,RGB,True,
ISIC_0033399.jpg,ISIC_0033399,.jpg,36351,JPEG,600,450,RGB,True,
ISIC_0033400.jpg,ISIC_0033400,.jpg,21115,JPEG,600,450,RGB,True,
ISIC_0033401.jpg,ISIC_0033401,.jpg,22393,JPEG,600,450,RGB,True,
ISIC_0033402.jpg,ISIC_0033402,.jpg,31335,JPEG,600,450,RGB,True,
ISIC_0033403.jpg,ISIC_0033403,.jpg,20859,JPEG,600,450,RGB,True,
ISIC_0033404.jpg,ISIC_0033404,.jpg,28829,JPEG,600,450,RGB,True,
ISIC_0033405.jpg,ISIC_0033405,.jpg,25380,JPEG,600,450,RGB,True,
ISIC_0033406.jpg,ISIC_0033406,.jpg,29984,JPEG,600,450,RGB,True,
ISIC_0033407.jpg,ISIC_0033407,.jpg,23996,JPEG,600,450,RGB,True,
ISIC_0033408.jpg,ISIC_0033408,.jpg,16824,JPEG,600,450,RGB,True,
ISIC_0033409.jpg,ISIC_0033409,.jpg,20911,JPEG,600,450,RGB,True,
ISIC_0033410.jpg,ISIC_0033410,.jpg,37991,JPEG,600,450,RGB,True,
ISIC_0033411.jpg,ISIC_0033411,.jpg,20110,JPEG,600,450,RGB,True,
ISIC_0033412.jpg,ISIC_0033412,.jpg,20502,JPEG,600,450,RGB,True,
ISIC_0033413.jpg,ISIC_0033413,.jpg,30295,JPEG,600,450,RGB,True,
ISIC_0033414.jpg,ISIC_0033414,.jpg,31401,JPEG,600,450,RGB,True,
ISIC_0033415.jpg,ISIC_0033415,.jpg,26516,JPEG,600,450,RGB,True,
ISIC_0033416.jpg,ISIC_0033416,.jpg,26958,JPEG,600,450,RGB,True,
ISIC_0033417.jpg,ISIC_0033417,.jpg,39093,JPEG,600,450,RGB,True,
ISIC_0033418.jpg,ISIC_0033418,.jpg,29711,JPEG,600,450,RGB,True,
ISIC_0033419.jpg,ISIC_0033419,.jpg,30668,JPEG,600,450,RGB,True,
ISIC_0033420.jpg,ISIC_0033420,.jpg,27645,JPEG,600,450,RGB,True,
ISIC_0033421.jpg,ISIC_0033421,.jpg,30881,JPEG,600,450,RGB,True,
ISIC_0033422.jpg,ISIC_0033422,.jpg,37751,JPEG,600,450,RGB,True,
ISIC_0033423.jpg,ISIC_0033423,.jpg,23558,JPEG,600,450,RGB,True,
ISIC_0033424.jpg,ISIC_0033424,.jpg,24893,JPEG,600,450,RGB,True,
ISIC_0033425.jpg,ISIC_0033425,.jpg,29127,JPEG,600,450,RGB,True,
ISIC_0033426.jpg,ISIC_0033426,.jpg,35778,JPEG,600,450,RGB,True,
ISIC_0033427.jpg,ISIC_0033427,.jpg,28363,JPEG,600,450,RGB,True,
ISIC_0033428.jpg,ISIC_0033428,.jpg,33023,JPEG,600,450,RGB,True,
ISIC_0033429.jpg,ISIC_0033429,.jpg,28617,JPEG,600,450,RGB,True,
ISIC_0033430.jpg,ISIC_0033430,.jpg,29104,JPEG,600,450,RGB,True,
ISIC_0033431.jpg,ISIC_0033431,.jpg,30993,JPEG,600,450,RGB,True,
ISIC_0033432.jpg,ISIC_0033432,.jpg,26823,JPEG,600,450,RGB,True,
ISIC_0033433.jpg,ISIC_0033433,.jpg,27269,JPEG,600,450,RGB,True,
ISIC_0033434.jpg,ISIC_0033434,.jpg,36521,JPEG,600,450,RGB,True,
ISIC_0033435.jpg,ISIC_0033435,.jpg,17857,JPEG,600,450,RGB,True,
ISIC_0033436.jpg,ISIC_0033436,.jpg,19223,JPEG,600,450,RGB,True,
ISIC_0033437.jpg,ISIC_0033437,.jpg,30173,JPEG,600,450,RGB,True,
ISIC_0033438.jpg,ISIC_0033438,.jpg,30194,JPEG,600,450,RGB,True,
ISIC_0033439.jpg,ISIC_0033439,.jpg,21325,JPEG,600,450,RGB,True,
ISIC_0033440.jpg,ISIC_0033440,.jpg,41102,JPEG,600,450,RGB,True,
ISIC_0033441.jpg,ISIC_0033441,.jpg,22842,JPEG,600,450,RGB,True,
ISIC_0033442.jpg,ISIC_0033442,.jpg,29545,JPEG,600,450,RGB,True,
ISIC_0033443.jpg,ISIC_0033443,.jpg,26784,JPEG,600,450,RGB,True,
ISIC_0033444.jpg,ISIC_0033444,.jpg,25145,JPEG,600,450,RGB,True,
ISIC_0033445.jpg,ISIC_0033445,.jpg,20999,JPEG,600,450,RGB,True,
ISIC_0033446.jpg,ISIC_0033446,.jpg,39319,JPEG,600,450,RGB,True,
ISIC_0033447.jpg,ISIC_0033447,.jpg,24708,JPEG,600,450,RGB,True,
ISIC_0033448.jpg,ISIC_0033448,.jpg,21150,JPEG,600,450,RGB,True,
ISIC_0033449.jpg,ISIC_0033449,.jpg,29468,JPEG,600,450,RGB,True,
ISIC_0033450.jpg,ISIC_0033450,.jpg,25798,JPEG,600,450,RGB,True,
ISIC_0033451.jpg,ISIC_0033451,.jpg,28126,JPEG,600,450,RGB,True,
ISIC_0033452.jpg,ISIC_0033452,.jpg,26210,JPEG,600,450,RGB,True,
ISIC_0033453.jpg,ISIC_0033453,.jpg,30754,JPEG,600,450,RGB,True,
ISIC_0033454.jpg,ISIC_0033454,.jpg,34610,JPEG,600,450,RGB,True,
ISIC_0033455.jpg,ISIC_0033455,.jpg,28905,JPEG,600,450,RGB,True,
ISIC_0033456.jpg,ISIC_0033456,.jpg,29100,JPEG,600,450,RGB,True,
ISIC_0033457.jpg,ISIC_0033457,.jpg,25871,JPEG,600,450,RGB,True,
ISIC_0033458.jpg,ISIC_0033458,.jpg,26653,JPEG,600,450,RGB,True,
ISIC_0033459.jpg,ISIC_0033459,.jpg,24726,JPEG,600,450,RGB,True,
ISIC_0033460.jpg,ISIC_0033460,.jpg,31936,JPEG,600,450,RGB,True,
ISIC_0033461.jpg,ISIC_0033461,.jpg,30391,JPEG,600,450,RGB,True,
ISIC_0033462.jpg,ISIC_0033462,.jpg,23786,JPEG,600,450,RGB,True,
ISIC_0033463.jpg,ISIC_0033463,.jpg,25455,JPEG,600,450,RGB,True,
ISIC_0033464.jpg,ISIC_0033464,.jpg,38520,JPEG,600,450,RGB,True,
ISIC_0033465.jpg,ISIC_0033465,.jpg,30854,JPEG,600,450,RGB,True,
ISIC_0033466.jpg,ISIC_0033466,.jpg,20478,JPEG,600,450,RGB,True,
ISIC_0033467.jpg,ISIC_0033467,.jpg,25766,JPEG,600,450,RGB,True,
ISIC_0033468.jpg,ISIC_0033468,.jpg,32592,JPEG,600,450,RGB,True,
ISIC_0033469.jpg,ISIC_0033469,.jpg,27321,JPEG,600,450,RGB,True,
ISIC_0033470.jpg,ISIC_0033470,.jpg,19778,JPEG,600,450,RGB,True,
ISIC_0033471.jpg,ISIC_0033471,.jpg,30161,JPEG,600,450,RGB,True,
ISIC_0033472.jpg,ISIC_0033472,.jpg,30523,JPEG,600,450,RGB,True,
ISIC_0033473.jpg,ISIC_0033473,.jpg,37074,JPEG,600,450,RGB,True,
ISIC_0033474.jpg,ISIC_0033474,.jpg,37361,JPEG,600,450,RGB,True,
ISIC_0033475.jpg,ISIC_0033475,.jpg,29197,JPEG,600,450,RGB,True,
ISIC_0033476.jpg,ISIC_0033476,.jpg,28063,JPEG,600,450,RGB,True,
ISIC_0033477.jpg,ISIC_0033477,.jpg,30212,JPEG,600,450,RGB,True,
ISIC_0033478.jpg,ISIC_0033478,.jpg,27317,JPEG,600,450,RGB,True,
ISIC_0033479.jpg,ISIC_0033479,.jpg,32103,JPEG,600,450,RGB,True,
ISIC_0033480.jpg,ISIC_0033480,.jpg,30341,JPEG,600,450,RGB,True,
ISIC_0033481.jpg,ISIC_0033481,.jpg,32921,JPEG,600,450,RGB,True,
ISIC_0033482.jpg,ISIC_0033482,.jpg,24370,JPEG,600,450,RGB,True,
ISIC_0033483.jpg,ISIC_0033483,.jpg,36613,JPEG,600,450,RGB,True,
ISIC_0033484.jpg,ISIC_0033484,.jpg,28296,JPEG,600,450,RGB,True,
ISIC_0033485.jpg,ISIC_0033485,.jpg,26199,JPEG,600,450,RGB,True,
ISIC_0033486.jpg,ISIC_0033486,.jpg,20860,JPEG,600,450,RGB,True,
ISIC_0033487.jpg,ISIC_0033487,.jpg,27877,JPEG,600,450,RGB,True,
ISIC_0033488.jpg,ISIC_0033488,.jpg,26315,JPEG,600,450,RGB,True,
ISIC_0033489.jpg,ISIC_0033489,.jpg,27774,JPEG,600,450,RGB,True,
ISIC_0033490.jpg,ISIC_0033490,.jpg,35911,JPEG,600,450,RGB,True,
ISIC_0033491.jpg,ISIC_0033491,.jpg,35155,JPEG,600,450,RGB,True,
ISIC_0033492.jpg,ISIC_0033492,.jpg,26994,JPEG,600,450,RGB,True,
ISIC_0033493.jpg,ISIC_0033493,.jpg,32332,JPEG,600,450,RGB,True,
ISIC_0033494.jpg,ISIC_0033494,.jpg,32021,JPEG,600,450,RGB,True,
ISIC_0033495.jpg,ISIC_0033495,.jpg,23814,JPEG,600,450,RGB,True,
ISIC_0033496.jpg,ISIC_0033496,.jpg,27257,JPEG,600,450,RGB,True,
ISIC_0033497.jpg,ISIC_0033497,.jpg,21311,JPEG,600,450,RGB,True,
ISIC_0033498.jpg,ISIC_0033498,.jpg,28676,JPEG,600,450,RGB,True,
ISIC_0033499.jpg,ISIC_0033499,.jpg,27994,JPEG,600,450,RGB,True,
ISIC_0033500.jpg,ISIC_0033500,.jpg,26937,JPEG,600,450,RGB,True,
ISIC_0033501.jpg,ISIC_0033501,.jpg,22179,JPEG,600,450,RGB,True,
ISIC_0033502.jpg,ISIC_0033502,.jpg,25394,JPEG,600,450,RGB,True,
ISIC_0033503.jpg,ISIC_0033503,.jpg,26586,JPEG,600,450,RGB,True,
ISIC_0033504.jpg,ISIC_0033504,.jpg,25027,JPEG,600,450,RGB,True,
ISIC_0033505.jpg,ISIC_0033505,.jpg,26307,JPEG,600,450,RGB,True,
ISIC_0033506.jpg,ISIC_0033506,.jpg,25250,JPEG,600,450,RGB,True,
ISIC_0033507.jpg,ISIC_0033507,.jpg,35846,JPEG,600,450,RGB,True,
ISIC_0033508.jpg,ISIC_0033508,.jpg,22080,JPEG,600,450,RGB,True,
ISIC_0033509.jpg,ISIC_0033509,.jpg,36108,JPEG,600,450,RGB,True,
ISIC_0033510.jpg,ISIC_0033510,.jpg,25170,JPEG,600,450,RGB,True,
ISIC_0033511.jpg,ISIC_0033511,.jpg,24275,JPEG,600,450,RGB,True,
ISIC_0033512.jpg,ISIC_0033512,.jpg,27316,JPEG,600,450,RGB,True,
ISIC_0033513.jpg,ISIC_0033513,.jpg,19245,JPEG,600,450,RGB,True,
ISIC_0033514.jpg,ISIC_0033514,.jpg,20639,JPEG,600,450,RGB,True,
ISIC_0033515.jpg,ISIC_0033515,.jpg,24597,JPEG,600,450,RGB,True,
ISIC_0033516.jpg,ISIC_0033516,.jpg,23011,JPEG,600,450,RGB,True,
ISIC_0033517.jpg,ISIC_0033517,.jpg,18866,JPEG,600,450,RGB,True,
ISIC_0033518.jpg,ISIC_0033518,.jpg,34807,JPEG,600,450,RGB,True,
ISIC_0033519.jpg,ISIC_0033519,.jpg,22952,JPEG,600,450,RGB,True,
ISIC_0033520.jpg,ISIC_0033520,.jpg,32755,JPEG,600,450,RGB,True,
ISIC_0033521.jpg,ISIC_0033521,.jpg,23099,JPEG,600,450,RGB,True,
ISIC_0033522.jpg,ISIC_0033522,.jpg,34304,JPEG,600,450,RGB,True,
ISIC_0033523.jpg,ISIC_0033523,.jpg,36953,JPEG,600,450,RGB,True,
ISIC_0033524.jpg,ISIC_0033524,.jpg,25191,JPEG,600,450,RGB,True,
ISIC_0033525.jpg,ISIC_0033525,.jpg,26053,JPEG,600,450,RGB,True,
ISIC_0033526.jpg,ISIC_0033526,.jpg,29422,JPEG,600,450,RGB,True,
ISIC_0033527.jpg,ISIC_0033527,.jpg,17701,JPEG,600,450,RGB,True,
ISIC_0033528.jpg,ISIC_0033528,.jpg,25685,JPEG,600,450,RGB,True,
ISIC_0033529.jpg,ISIC_0033529,.jpg,28218,JPEG,600,450,RGB,True,
ISIC_0033530.jpg,ISIC_0033530,.jpg,26222,JPEG,600,450,RGB,True,
ISIC_0033531.jpg,ISIC_0033531,.jpg,28278,JPEG,600,450,RGB,True,
ISIC_0033532.jpg,ISIC_0033532,.jpg,21348,JPEG,600,450,RGB,True,
ISIC_0033533.jpg,ISIC_0033533,.jpg,31731,JPEG,600,450,RGB,True,
ISIC_0033534.jpg,ISIC_0033534,.jpg,25676,JPEG,600,450,RGB,True,
ISIC_0033535.jpg,ISIC_0033535,.jpg,17057,JPEG,600,450,RGB,True,
ISIC_0033536.jpg,ISIC_0033536,.jpg,40070,JPEG,600,450,RGB,True,
ISIC_0033537.jpg,ISIC_0033537,.jpg,30385,JPEG,600,450,RGB,True,
ISIC_0033538.jpg,ISIC_0033538,.jpg,34915,JPEG,600,450,RGB,True,
ISIC_0033539.jpg,ISIC_0033539,.jpg,34242,JPEG,600,450,RGB,True,
ISIC_0033540.jpg,ISIC_0033540,.jpg,29575,JPEG,600,450,RGB,True,
ISIC_0033541.jpg,ISIC_0033541,.jpg,21994,JPEG,600,450,RGB,True,
ISIC_0033542.jpg,ISIC_0033542,.jpg,24836,JPEG,600,450,RGB,True,
ISIC_0033543.jpg,ISIC_0033543,.jpg,26800,JPEG,600,450,RGB,True,
ISIC_0033544.jpg,ISIC_0033544,.jpg,20829,JPEG,600,450,RGB,True,
ISIC_0033545.jpg,ISIC_0033545,.jpg,22778,JPEG,600,450,RGB,True,
ISIC_0033546.jpg,ISIC_0033546,.jpg,24857,JPEG,600,450,RGB,True,
ISIC_0033547.jpg,ISIC_0033547,.jpg,22719,JPEG,600,450,RGB,True,
ISIC_0033548.jpg,ISIC_0033548,.jpg,22523,JPEG,600,450,RGB,True,
ISIC_0033549.jpg,ISIC_0033549,.jpg,21895,JPEG,600,450,RGB,True,
ISIC_0033550.jpg,ISIC_0033550,.jpg,43012,JPEG,600,450,RGB,True,
ISIC_0033551.jpg,ISIC_0033551,.jpg,24753,JPEG,600,450,RGB,True,
ISIC_0033552.jpg,ISIC_0033552,.jpg,25330,JPEG,600,450,RGB,True,
ISIC_0033553.jpg,ISIC_0033553,.jpg,22716,JPEG,600,450,RGB,True,
ISIC_0033554.jpg,ISIC_0033554,.jpg,19952,JPEG,600,450,RGB,True,
ISIC_0033555.jpg,ISIC_0033555,.jpg,23399,JPEG,600,450,RGB,True,
ISIC_0033556.jpg,ISIC_0033556,.jpg,39570,JPEG,600,450,RGB,True,
ISIC_0033557.jpg,ISIC_0033557,.jpg,27542,JPEG,600,450,RGB,True,
ISIC_0033558.jpg,ISIC_0033558,.jpg,16310,JPEG,600,450,RGB,True,
ISIC_0033559.jpg,ISIC_0033559,.jpg,36376,JPEG,600,450,RGB,True,
ISIC_0033560.jpg,ISIC_0033560,.jpg,21334,JPEG,600,450,RGB,True,
ISIC_0033561.jpg,ISIC_0033561,.jpg,24246,JPEG,600,450,RGB,True,
ISIC_0033562.jpg,ISIC_0033562,.jpg,28272,JPEG,600,450,RGB,True,
ISIC_0033563.jpg,ISIC_0033563,.jpg,23555,JPEG,600,450,RGB,True,
ISIC_0033564.jpg,ISIC_0033564,.jpg,29659,JPEG,600,450,RGB,True,
ISIC_0033565.jpg,ISIC_0033565,.jpg,23469,JPEG,600,450,RGB,True,
ISIC_0033566.jpg,ISIC_0033566,.jpg,21860,JPEG,600,450,RGB,True,
ISIC_0033567.jpg,ISIC_0033567,.jpg,30610,JPEG,600,450,RGB,True,
ISIC_0033568.jpg,ISIC_0033568,.jpg,25172,JPEG,600,450,RGB,True,
ISIC_0033569.jpg,ISIC_0033569,.jpg,41522,JPEG,600,450,RGB,True,
ISIC_0033570.jpg,ISIC_0033570,.jpg,32957,JPEG,600,450,RGB,True,
ISIC_0033571.jpg,ISIC_0033571,.jpg,28528,JPEG,600,450,RGB,True,
ISIC_0033572.jpg,ISIC_0033572,.jpg,26118,JPEG,600,450,RGB,True,
ISIC_0033573.jpg,ISIC_0033573,.jpg,28473,JPEG,600,450,RGB,True,
ISIC_0033574.jpg,ISIC_0033574,.jpg,24491,JPEG,600,450,RGB,True,
ISIC_0033575.jpg,ISIC_0033575,.jpg,30750,JPEG,600,450,RGB,True,
ISIC_0033576.jpg,ISIC_0033576,.jpg,23196,JPEG,600,450,RGB,True,
ISIC_0033577.jpg,ISIC_0033577,.jpg,25009,JPEG,600,450,RGB,True,
ISIC_0033578.jpg,ISIC_0033578,.jpg,30167,JPEG,600,450,RGB,True,
ISIC_0033579.jpg,ISIC_0033579,.jpg,29716,JPEG,600,450,RGB,True,
ISIC_0033580.jpg,ISIC_0033580,.jpg,24493,JPEG,600,450,RGB,True,
ISIC_0033581.jpg,ISIC_0033581,.jpg,32212,JPEG,600,450,RGB,True,
ISIC_0033582.jpg,ISIC_0033582,.jpg,24916,JPEG,600,450,RGB,True,
ISIC_0033583.jpg,ISIC_0033583,.jpg,33874,JPEG,600,450,RGB,True,
ISIC_0033584.jpg,ISIC_0033584,.jpg,27227,JPEG,600,450,RGB,True,
ISIC_0033585.jpg,ISIC_0033585,.jpg,35079,JPEG,600,450,RGB,True,
ISIC_0033586.jpg,ISIC_0033586,.jpg,31912,JPEG,600,450,RGB,True,
ISIC_0033587.jpg,ISIC_0033587,.jpg,32063,JPEG,600,450,RGB,True,
ISIC_0033588.jpg,ISIC_0033588,.jpg,23832,JPEG,600,450,RGB,True,
ISIC_0033589.jpg,ISIC_0033589,.jpg,30584,JPEG,600,450,RGB,True,
ISIC_0033590.jpg,ISIC_0033590,.jpg,18017,JPEG,600,450,RGB,True,
ISIC_0033591.jpg,ISIC_0033591,.jpg,22649,JPEG,600,450,RGB,True,
ISIC_0033592.jpg,ISIC_0033592,.jpg,28555,JPEG,600,450,RGB,True,
ISIC_0033593.jpg,ISIC_0033593,.jpg,37762,JPEG,600,450,RGB,True,
ISIC_0033594.jpg,ISIC_0033594,.jpg,29024,JPEG,600,450,RGB,True,
ISIC_0033595.jpg,ISIC_0033595,.jpg,28434,JPEG,600,450,RGB,True,
ISIC_0033596.jpg,ISIC_0033596,.jpg,27045,JPEG,600,450,RGB,True,
ISIC_0033597.jpg,ISIC_0033597,.jpg,18749,JPEG,600,450,RGB,True,
ISIC_0033598.jpg,ISIC_0033598,.jpg,22992,JPEG,600,450,RGB,True,
ISIC_0033599.jpg,ISIC_0033599,.jpg,24407,JPEG,600,450,RGB,True,
ISIC_0033600.jpg,ISIC_0033600,.jpg,24700,JPEG,600,450,RGB,True,
ISIC_0033601.jpg,ISIC_0033601,.jpg,23307,JPEG,600,450,RGB,True,
ISIC_0033602.jpg,ISIC_0033602,.jpg,29784,JPEG,600,450,RGB,True,
ISIC_0033603.jpg,ISIC_0033603,.jpg,23147,JPEG,600,450,RGB,True,
ISIC_0033604.jpg,ISIC_0033604,.jpg,33309,JPEG,600,450,RGB,True,
ISIC_0033605.jpg,ISIC_0033605,.jpg,22037,JPEG,600,450,RGB,True,
ISIC_0033606.jpg,ISIC_0033606,.jpg,21908,JPEG,600,450,RGB,True,
ISIC_0033607.jpg,ISIC_0033607,.jpg,25356,JPEG,600,450,RGB,True,
ISIC_0033608.jpg,ISIC_0033608,.jpg,22147,JPEG,600,450,RGB,True,
ISIC_0033609.jpg,ISIC_0033609,.jpg,25348,JPEG,600,450,RGB,True,
ISIC_0033610.jpg,ISIC_0033610,.jpg,27085,JPEG,600,450,RGB,True,
ISIC_0033611.jpg,ISIC_0033611,.jpg,28898,JPEG,600,450,RGB,True,
ISIC_0033612.jpg,ISIC_0033612,.jpg,18420,JPEG,600,450,RGB,True,
ISIC_0033613.jpg,ISIC_0033613,.jpg,23522,JPEG,600,450,RGB,True,
ISIC_0033614.jpg,ISIC_0033614,.jpg,21998,JPEG,600,450,RGB,True,
ISIC_0033615.jpg,ISIC_0033615,.jpg,27768,JPEG,600,450,RGB,True,
ISIC_0033616.jpg,ISIC_0033616,.jpg,25133,JPEG,600,450,RGB,True,
ISIC_0033617.jpg,ISIC_0033617,.jpg,21708,JPEG,600,450,RGB,True,
ISIC_0033618.jpg,ISIC_0033618,.jpg,25505,JPEG,600,450,RGB,True,
ISIC_0033619.jpg,ISIC_0033619,.jpg,27841,JPEG,600,450,RGB,True,
ISIC_0033620.jpg,ISIC_0033620,.jpg,22133,JPEG,600,450,RGB,True,
ISIC_0033621.jpg,ISIC_0033621,.jpg,21298,JPEG,600,450,RGB,True,
ISIC_0033622.jpg,ISIC_0033622,.jpg,19642,JPEG,600,450,RGB,True,
ISIC_0033623.jpg,ISIC_0033623,.jpg,28016,JPEG,600,450,RGB,True,
ISIC_0033624.jpg,ISIC_0033624,.jpg,28589,JPEG,600,450,RGB,True,
ISIC_0033625.jpg,ISIC_0033625,.jpg,22742,JPEG,600,450,RGB,True,
ISIC_0033626.jpg,ISIC_0033626,.jpg,21840,JPEG,600,450,RGB,True,
ISIC_0033627.jpg,ISIC_0033627,.jpg,37259,JPEG,600,450,RGB,True,
ISIC_0033628.jpg,ISIC_0033628,.jpg,21759,JPEG,600,450,RGB,True,
ISIC_0033629.jpg,ISIC_0033629,.jpg,29537,JPEG,600,450,RGB,True,
ISIC_0033630.jpg,ISIC_0033630,.jpg,37285,JPEG,600,450,RGB,True,
ISIC_0033631.jpg,ISIC_0033631,.jpg,30578,JPEG,600,450,RGB,True,
ISIC_0033632.jpg,ISIC_0033632,.jpg,27981,JPEG,600,450,RGB,True,
ISIC_0033633.jpg,ISIC_0033633,.jpg,26673,JPEG,600,450,RGB,True,
ISIC_0033634.jpg,ISIC_0033634,.jpg,29591,JPEG,600,450,RGB,True,
ISIC_0033635.jpg,ISIC_0033635,.jpg,22486,JPEG,600,450,RGB,True,
ISIC_0033636.jpg,ISIC_0033636,.jpg,30225,JPEG,600,450,RGB,True,
ISIC_0033637.jpg,ISIC_0033637,.jpg,23032,JPEG,600,450,RGB,True,
ISIC_0033638.jpg,ISIC_0033638,.jpg,29073,JPEG,600,450,RGB,True,
ISIC_0033639.jpg,ISIC_0033639,.jpg,25757,JPEG,600,450,RGB,True,
ISIC_0033640.jpg,ISIC_0033640,.jpg,18322,JPEG,600,450,RGB,True,
ISIC_0033641.jpg,ISIC_0033641,.jpg,18638,JPEG,600,450,RGB,True,
ISIC_0033642.jpg,ISIC_0033642,.jpg,22428,JPEG,600,450,RGB,True,
ISIC_0033643.jpg,ISIC_0033643,.jpg,34462,JPEG,600,450,RGB,True,
ISIC_0033644.jpg,ISIC_0033644,.jpg,25166,JPEG,600,450,RGB,True,
ISIC_0033645.jpg,ISIC_0033645,.jpg,28261,JPEG,600,450,RGB,True,
ISIC_0033646.jpg,ISIC_0033646,.jpg,35785,JPEG,600,450,RGB,True,
ISIC_0033647.jpg,ISIC_0033647,.jpg,28791,JPEG,600,450,RGB,True,
ISIC_0033648.jpg,ISIC_0033648,.jpg,28234,JPEG,600,450,RGB,True,
ISIC_0033649.jpg,ISIC_0033649,.jpg,23059,JPEG,600,450,RGB,True,
ISIC_0033650.jpg,ISIC_0033650,.jpg,21992,JPEG,600,450,RGB,True,
ISIC_0033651.jpg,ISIC_0033651,.jpg,26183,JPEG,600,450,RGB,True,
ISIC_0033652.jpg,ISIC_0033652,.jpg,26803,JPEG,600,450,RGB,True,
ISIC_0033653.jpg,ISIC_0033653,.jpg,32577,JPEG,600,450,RGB,True,
ISIC_0033654.jpg,ISIC_0033654,.jpg,27625,JPEG,600,450,RGB,True,
ISIC_0033655.jpg,ISIC_0033655,.jpg,29080,JPEG,600,450,RGB,True,
ISIC_0033656.jpg,ISIC_0033656,.jpg,27435,JPEG,600,450,RGB,True,
ISIC_0033657.jpg,ISIC_0033657,.jpg,25114,JPEG,600,450,RGB,True,
ISIC_0033658.jpg,ISIC_0033658,.jpg,25485,JPEG,600,450,RGB,True,
ISIC_0033659.jpg,ISIC_0033659,.jpg,26266,JPEG,600,450,RGB,True,
ISIC_0033660.jpg,ISIC_0033660,.jpg,32407,JPEG,600,450,RGB,True,
ISIC_0033661.jpg,ISIC_0033661,.jpg,21610,JPEG,600,450,RGB,True,
ISIC_0033662.jpg,ISIC_0033662,.jpg,22181,JPEG,600,450,RGB,True,
ISIC_0033663.jpg,ISIC_0033663,.jpg,32986,JPEG,600,450,RGB,True,
ISIC_0033664.jpg,ISIC_0033664,.jpg,27952,JPEG,600,450,RGB,True,
ISIC_0033665.jpg,ISIC_0033665,.jpg,26631,JPEG,600,450,RGB,True,
ISIC_0033666.jpg,ISIC_0033666,.jpg,21751,JPEG,600,450,RGB,True,
ISIC_0033667.jpg,ISIC_0033667,.jpg,24667,JPEG,600,450,RGB,True,
ISIC_0033668.jpg,ISIC_0033668,.jpg,26709,JPEG,600,450,RGB,True,
ISIC_0033669.jpg,ISIC_0033669,.jpg,31632,JPEG,600,450,RGB,True,
ISIC_0033670.jpg,ISIC_0033670,.jpg,35627,JPEG,600,450,RGB,True,
ISIC_0033671.jpg,ISIC_0033671,.jpg,22081,JPEG,600,450,RGB,True,
ISIC_0033672.jpg,ISIC_0033672,.jpg,23676,JPEG,600,450,RGB,True,
ISIC_0033673.jpg,ISIC_0033673,.jpg,22488,JPEG,600,450,RGB,True,
ISIC_0033674.jpg,ISIC_0033674,.jpg,24512,JPEG,600,450,RGB,True,
ISIC_0033675.jpg,ISIC_0033675,.jpg,24289,JPEG,600,450,RGB,True,
ISIC_0033676.jpg,ISIC_0033676,.jpg,29305,JPEG,600,450,RGB,True,
ISIC_0033677.jpg,ISIC_0033677,.jpg,21517,JPEG,600,450,RGB,True,
ISIC_0033678.jpg,ISIC_0033678,.jpg,34143,JPEG,600,450,RGB,True,
ISIC_0033679.jpg,ISIC_0033679,.jpg,30190,JPEG,600,450,RGB,True,
ISIC_0033680.jpg,ISIC_0033680,.jpg,27258,JPEG,600,450,RGB,True,
ISIC_0033681.jpg,ISIC_0033681,.jpg,26803,JPEG,600,450,RGB,True,
ISIC_0033682.jpg,ISIC_0033682,.jpg,27740,JPEG,600,450,RGB,True,
ISIC_0033683.jpg,ISIC_0033683,.jpg,26458,JPEG,600,450,RGB,True,
ISIC_0033684.jpg,ISIC_0033684,.jpg,22958,JPEG,600,450,RGB,True,
ISIC_0033685.jpg,ISIC_0033685,.jpg,39606,JPEG,600,450,RGB,True,
ISIC_0033686.jpg,ISIC_0033686,.jpg,27305,JPEG,600,450,RGB,True,
ISIC_0033687.jpg,ISIC_0033687,.jpg,25452,JPEG,600,450,RGB,True,
ISIC_0033688.jpg,ISIC_0033688,.jpg,31005,JPEG,600,450,RGB,True,
ISIC_0033689.jpg,ISIC_0033689,.jpg,31704,JPEG,600,450,RGB,True,
ISIC_0033690.jpg,ISIC_0033690,.jpg,28968,JPEG,600,450,RGB,True,
ISIC_0033691.jpg,ISIC_0033691,.jpg,22679,JPEG,600,450,RGB,True,
ISIC_0033692.jpg,ISIC_0033692,.jpg,33896,JPEG,600,450,RGB,True,
ISIC_0033693.jpg,ISIC_0033693,.jpg,31420,JPEG,600,450,RGB,True,
ISIC_0033694.jpg,ISIC_0033694,.jpg,22442,JPEG,600,450,RGB,True,
ISIC_0033695.jpg,ISIC_0033695,.jpg,33686,JPEG,600,450,RGB,True,
ISIC_0033696.jpg,ISIC_0033696,.jpg,25772,JPEG,600,450,RGB,True,
ISIC_0033697.jpg,ISIC_0033697,.jpg,29442,JPEG,600,450,RGB,True,
ISIC_0033698.jpg,ISIC_0033698,.jpg,23536,JPEG,600,450,RGB,True,
ISIC_0033699.jpg,ISIC_0033699,.jpg,23599,JPEG,600,450,RGB,True,
ISIC_0033700.jpg,ISIC_0033700,.jpg,28495,JPEG,600,450,RGB,True,
ISIC_0033701.jpg,ISIC_0033701,.jpg,24791,JPEG,600,450,RGB,True,
ISIC_0033702.jpg,ISIC_0033702,.jpg,21631,JPEG,600,450,RGB,True,
ISIC_0033703.jpg,ISIC_0033703,.jpg,30151,JPEG,600,450,RGB,True,
ISIC_0033704.jpg,ISIC_0033704,.jpg,25599,JPEG,600,450,RGB,True,
ISIC_0033705.jpg,ISIC_0033705,.jpg,27819,JPEG,600,450,RGB,True,
ISIC_0033706.jpg,ISIC_0033706,.jpg,27633,JPEG,600,450,RGB,True,
ISIC_0033707.jpg,ISIC_0033707,.jpg,20745,JPEG,600,450,RGB,True,
ISIC_0033708.jpg,ISIC_0033708,.jpg,32514,JPEG,600,450,RGB,True,
ISIC_0033709.jpg,ISIC_0033709,.jpg,25346,JPEG,600,450,RGB,True,
ISIC_0033710.jpg,ISIC_0033710,.jpg,31785,JPEG,600,450,RGB,True,
ISIC_0033711.jpg,ISIC_0033711,.jpg,21136,JPEG,600,450,RGB,True,
ISIC_0033712.jpg,ISIC_0033712,.jpg,27838,JPEG,600,450,RGB,True,
ISIC_0033713.jpg,ISIC_0033713,.jpg,29949,JPEG,600,450,RGB,True,
ISIC_0033714.jpg,ISIC_0033714,.jpg,27900,JPEG,600,450,RGB,True,
ISIC_0033715.jpg,ISIC_0033715,.jpg,20542,JPEG,600,450,RGB,True,
ISIC_0033716.jpg,ISIC_0033716,.jpg,23351,JPEG,600,450,RGB,True,
ISIC_0033717.jpg,ISIC_0033717,.jpg,22600,JPEG,600,450,RGB,True,
ISIC_0033718.jpg,ISIC_0033718,.jpg,24576,JPEG,600,450,RGB,True,
ISIC_0033719.jpg,ISIC_0033719,.jpg,25047,JPEG,600,450,RGB,True,
ISIC_0033720.jpg,ISIC_0033720,.jpg,23231,JPEG,600,450,RGB,True,
ISIC_0033721.jpg,ISIC_0033721,.jpg,19153,JPEG,600,450,RGB,True,
ISIC_0033722.jpg,ISIC_0033722,.jpg,40808,JPEG,600,450,RGB,True,
ISIC_0033723.jpg,ISIC_0033723,.jpg,22866,JPEG,600,450,RGB,True,
ISIC_0033724.jpg,ISIC_0033724,.jpg,18334,JPEG,600,450,RGB,True,
ISIC_0033725.jpg,ISIC_0033725,.jpg,31993,JPEG,600,450,RGB,True,
ISIC_0033726.jpg,ISIC_0033726,.jpg,20884,JPEG,600,450,RGB,True,
ISIC_0033727.jpg,ISIC_0033727,.jpg,19489,JPEG,600,450,RGB,True,
ISIC_0033728.jpg,ISIC_0033728,.jpg,29062,JPEG,600,450,RGB,True,
ISIC_0033729.jpg,ISIC_0033729,.jpg,22670,JPEG,600,450,RGB,True,
ISIC_0033730.jpg,ISIC_0033730,.jpg,32742,JPEG,600,450,RGB,True,
ISIC_0033731.jpg,ISIC_0033731,.jpg,16352,JPEG,600,450,RGB,True,
ISIC_0033732.jpg,ISIC_0033732,.jpg,21935,JPEG,600,450,RGB,True,
ISIC_0033733.jpg,ISIC_0033733,.jpg,24145,JPEG,600,450,RGB,True,
ISIC_0033734.jpg,ISIC_0033734,.jpg,23798,JPEG,600,450,RGB,True,
ISIC_0033735.jpg,ISIC_0033735,.jpg,23535,JPEG,600,450,RGB,True,
ISIC_0033736.jpg,ISIC_0033736,.jpg,24051,JPEG,600,450,RGB,True,
ISIC_0033737.jpg,ISIC_0033737,.jpg,29244,JPEG,600,450,RGB,True,
ISIC_0033738.jpg,ISIC_0033738,.jpg,36300,JPEG,600,450,RGB,True,
ISIC_0033739.jpg,ISIC_0033739,.jpg,21928,JPEG,600,450,RGB,True,
ISIC_0033740.jpg,ISIC_0033740,.jpg,27786,JPEG,600,450,RGB,True,
ISIC_0033741.jpg,ISIC_0033741,.jpg,26403,JPEG,600,450,RGB,True,
ISIC_0033742.jpg,ISIC_0033742,.jpg,35528,JPEG,600,450,RGB,True,
ISIC_0033743.jpg,ISIC_0033743,.jpg,14709,JPEG,600,450,RGB,True,
ISIC_0033744.jpg,ISIC_0033744,.jpg,26401,JPEG,600,450,RGB,True,
ISIC_0033745.jpg,ISIC_0033745,.jpg,28264,JPEG,600,450,RGB,True,
ISIC_0033746.jpg,ISIC_0033746,.jpg,34382,JPEG,600,450,RGB,True,
ISIC_0033747.jpg,ISIC_0033747,.jpg,27519,JPEG,600,450,RGB,True,
ISIC_0033748.jpg,ISIC_0033748,.jpg,29928,JPEG,600,450,RGB,True,
ISIC_0033749.jpg,ISIC_0033749,.jpg,25768,JPEG,600,450,RGB,True,
ISIC_0033750.jpg,ISIC_0033750,.jpg,38116,JPEG,600,450,RGB,True,
ISIC_0033751.jpg,ISIC_0033751,.jpg,19236,JPEG,600,450,RGB,True,
ISIC_0033752.jpg,ISIC_0033752,.jpg,26311,JPEG,600,450,RGB,True,
ISIC_0033753.jpg,ISIC_0033753,.jpg,30373,JPEG,600,450,RGB,True,
ISIC_0033754.jpg,ISIC_0033754,.jpg,37152,JPEG,600,450,RGB,True,
ISIC_0033755.jpg,ISIC_0033755,.jpg,21301,JPEG,600,450,RGB,True,
ISIC_0033756.jpg,ISIC_0033756,.jpg,28887,JPEG,600,450,RGB,True,
ISIC_0033757.jpg,ISIC_0033757,.jpg,28897,JPEG,600,450,RGB,True,
ISIC_0033758.jpg,ISIC_0033758,.jpg,25144,JPEG,600,450,RGB,True,
ISIC_0033759.jpg,ISIC_0033759,.jpg,30448,JPEG,600,450,RGB,True,
ISIC_0033760.jpg,ISIC_0033760,.jpg,29408,JPEG,600,450,RGB,True,
ISIC_0033761.jpg,ISIC_0033761,.jpg,23707,JPEG,600,450,RGB,True,
ISIC_0033762.jpg,ISIC_0033762,.jpg,31874,JPEG,600,450,RGB,True,
ISIC_0033763.jpg,ISIC_0033763,.jpg,19382,JPEG,600,450,RGB,True,
ISIC_0033764.jpg,ISIC_0033764,.jpg,29666,JPEG,600,450,RGB,True,
ISIC_0033765.jpg,ISIC_0033765,.jpg,28122,JPEG,600,450,RGB,True,
ISIC_0033766.jpg,ISIC_0033766,.jpg,28678,JPEG,600,450,RGB,True,
ISIC_0033767.jpg,ISIC_0033767,.jpg,21883,JPEG,600,450,RGB,True,
ISIC_0033768.jpg,ISIC_0033768,.jpg,26442,JPEG,600,450,RGB,True,
ISIC_0033769.jpg,ISIC_0033769,.jpg,26492,JPEG,600,450,RGB,True,
ISIC_0033770.jpg,ISIC_0033770,.jpg,21704,JPEG,600,450,RGB,True,
ISIC_0033771.jpg,ISIC_0033771,.jpg,24017,JPEG,600,450,RGB,True,
ISIC_0033772.jpg,ISIC_0033772,.jpg,37429,JPEG,600,450,RGB,True,
ISIC_0033773.jpg,ISIC_0033773,.jpg,30883,JPEG,600,450,RGB,True,
ISIC_0033774.jpg,ISIC_0033774,.jpg,21399,JPEG,600,450,RGB,True,
ISIC_0033775.jpg,ISIC_0033775,.jpg,24944,JPEG,600,450,RGB,True,
ISIC_0033776.jpg,ISIC_0033776,.jpg,30726,JPEG,600,450,RGB,True,
ISIC_0033777.jpg,ISIC_0033777,.jpg,19402,JPEG,600,450,RGB,True,
ISIC_0033778.jpg,ISIC_0033778,.jpg,24470,JPEG,600,450,RGB,True,
ISIC_0033779.jpg,ISIC_0033779,.jpg,27830,JPEG,600,450,RGB,True,
ISIC_0033780.jpg,ISIC_0033780,.jpg,23986,JPEG,600,450,RGB,True,
ISIC_0033781.jpg,ISIC_0033781,.jpg,44418,JPEG,600,450,RGB,True,
ISIC_0033782.jpg,ISIC_0033782,.jpg,20651,JPEG,600,450,RGB,True,
ISIC_0033783.jpg,ISIC_0033783,.jpg,31411,JPEG,600,450,RGB,True,
ISIC_0033784.jpg,ISIC_0033784,.jpg,30449,JPEG,600,450,RGB,True,
ISIC_0033785.jpg,ISIC_0033785,.jpg,33638,JPEG,600,450,RGB,True,
ISIC_0033786.jpg,ISIC_0033786,.jpg,17867,JPEG,600,450,RGB,True,
ISIC_0033787.jpg,ISIC_0033787,.jpg,24401,JPEG,600,450,RGB,True,
ISIC_0033788.jpg,ISIC_0033788,.jpg,21604,JPEG,600,450,RGB,True,
ISIC_0033789.jpg,ISIC_0033789,.jpg,31783,JPEG,600,450,RGB,True,
ISIC_0033790.jpg,ISIC_0033790,.jpg,24239,JPEG,600,450,RGB,True,
ISIC_0033791.jpg,ISIC_0033791,.jpg,36590,JPEG,600,450,RGB,True,
ISIC_0033792.jpg,ISIC_0033792,.jpg,23752,JPEG,600,450,RGB,True,
ISIC_0033793.jpg,ISIC_0033793,.jpg,25816,JPEG,600,450,RGB,True,
ISIC_0033794.jpg,ISIC_0033794,.jpg,25923,JPEG,600,450,RGB,True,
ISIC_0033795.jpg,ISIC_0033795,.jpg,25412,JPEG,600,450,RGB,True,
ISIC_0033796.jpg,ISIC_0033796,.jpg,27642,JPEG,600,450,RGB,True,
ISIC_0033797.jpg,ISIC_0033797,.jpg,29091,JPEG,600,450,RGB,True,
ISIC_0033798.jpg,ISIC_0033798,.jpg,29483,JPEG,600,450,RGB,True,
ISIC_0033799.jpg,ISIC_0033799,.jpg,21145,JPEG,600,450,RGB,True,
ISIC_0033800.jpg,ISIC_0033800,.jpg,22094,JPEG,600,450,RGB,True,
ISIC_0033801.jpg,ISIC_0033801,.jpg,26956,JPEG,600,450,RGB,True,
ISIC_0033802.jpg,ISIC_0033802,.jpg,27693,JPEG,600,450,RGB,True,
ISIC_0033803.jpg,ISIC_0033803,.jpg,28161,JPEG,600,450,RGB,True,
ISIC_0033804.jpg,ISIC_0033804,.jpg,25543,JPEG,600,450,RGB,True,
ISIC_0033805.jpg,ISIC_0033805,.jpg,26612,JPEG,600,450,RGB,True,
ISIC_0033806.jpg,ISIC_0033806,.jpg,33402,JPEG,600,450,RGB,True,
ISIC_0033807.jpg,ISIC_0033807,.jpg,31678,JPEG,600,450,RGB,True,
ISIC_0033808.jpg,ISIC_0033808,.jpg,26385,JPEG,600,450,RGB,True,
ISIC_0033809.jpg,ISIC_0033809,.jpg,21688,JPEG,600,450,RGB,True,
ISIC_0033810.jpg,ISIC_0033810,.jpg,20536,JPEG,600,450,RGB,True,
ISIC_0033811.jpg,ISIC_0033811,.jpg,26282,JPEG,600,450,RGB,True,
ISIC_0033812.jpg,ISIC_0033812,.jpg,31087,JPEG,600,450,RGB,True,
ISIC_0033813.jpg,ISIC_0033813,.jpg,28386,JPEG,600,450,RGB,True,
ISIC_0033814.jpg,ISIC_0033814,.jpg,26278,JPEG,600,450,RGB,True,
ISIC_0033815.jpg,ISIC_0033815,.jpg,23053,JPEG,600,450,RGB,True,
ISIC_0033816.jpg,ISIC_0033816,.jpg,22263,JPEG,600,450,RGB,True,
ISIC_0033817.jpg,ISIC_0033817,.jpg,20746,JPEG,600,450,RGB,True,
ISIC_0033818.jpg,ISIC_0033818,.jpg,22006,JPEG,600,450,RGB,True,
ISIC_0033819.jpg,ISIC_0033819,.jpg,27540,JPEG,600,450,RGB,True,
ISIC_0033820.jpg,ISIC_0033820,.jpg,29162,JPEG,600,450,RGB,True,
ISIC_0033821.jpg,ISIC_0033821,.jpg,28179,JPEG,600,450,RGB,True,
ISIC_0033822.jpg,ISIC_0033822,.jpg,25728,JPEG,600,450,RGB,True,
ISIC_0033823.jpg,ISIC_0033823,.jpg,26634,JPEG,600,450,RGB,True,
ISIC_0033824.jpg,ISIC_0033824,.jpg,19868,JPEG,600,450,RGB,True,
ISIC_0033825.jpg,ISIC_0033825,.jpg,31553,JPEG,600,450,RGB,True,
ISIC_0033826.jpg,ISIC_0033826,.jpg,27556,JPEG,600,450,RGB,True,
ISIC_0033827.jpg,ISIC_0033827,.jpg,21263,JPEG,600,450,RGB,True,
ISIC_0033828.jpg,ISIC_0033828,.jpg,25321,JPEG,600,450,RGB,True,
ISIC_0033829.jpg,ISIC_0033829,.jpg,28168,JPEG,600,450,RGB,True,
ISIC_0033830.jpg,ISIC_0033830,.jpg,19767,JPEG,600,450,RGB,True,
ISIC_0033831.jpg,ISIC_0033831,.jpg,29942,JPEG,600,450,RGB,True,
ISIC_0033832.jpg,ISIC_0033832,.jpg,29184,JPEG,600,450,RGB,True,
ISIC_0033833.jpg,ISIC_0033833,.jpg,20388,JPEG,600,450,RGB,True,
ISIC_0033834.jpg,ISIC_0033834,.jpg,32275,JPEG,600,450,RGB,True,
ISIC_0033835.jpg,ISIC_0033835,.jpg,28493,JPEG,600,450,RGB,True,
ISIC_0033836.jpg,ISIC_0033836,.jpg,22651,JPEG,600,450,RGB,True,
ISIC_0033837.jpg,ISIC_0033837,.jpg,21930,JPEG,600,450,RGB,True,
ISIC_0033838.jpg,ISIC_0033838,.jpg,20383,JPEG,600,450,RGB,True,
ISIC_0033839.jpg,ISIC_0033839,.jpg,30222,JPEG,600,450,RGB,True,
ISIC_0033840.jpg,ISIC_0033840,.jpg,20744,JPEG,600,450,RGB,True,
ISIC_0033841.jpg,ISIC_0033841,.jpg,20842,JPEG,600,450,RGB,True,
ISIC_0033842.jpg,ISIC_0033842,.jpg,27242,JPEG,600,450,RGB,True,
ISIC_0033843.jpg,ISIC_0033843,.jpg,33345,JPEG,600,450,RGB,True,
ISIC_0033844.jpg,ISIC_0033844,.jpg,22688,JPEG,600,450,RGB,True,
ISIC_0033845.jpg,ISIC_0033845,.jpg,25508,JPEG,600,450,RGB,True,
ISIC_0033846.jpg,ISIC_0033846,.jpg,23223,JPEG,600,450,RGB,True,
ISIC_0033847.jpg,ISIC_0033847,.jpg,23926,JPEG,600,450,RGB,True,
ISIC_0033848.jpg,ISIC_0033848,.jpg,25754,JPEG,600,450,RGB,True,
ISIC_0033849.jpg,ISIC_0033849,.jpg,26163,JPEG,600,450,RGB,True,
ISIC_0033850.jpg,ISIC_0033850,.jpg,29299,JPEG,600,450,RGB,True,
ISIC_0033851.jpg,ISIC_0033851,.jpg,28919,JPEG,600,450,RGB,True,
ISIC_0033852.jpg,ISIC_0033852,.jpg,23981,JPEG,600,450,RGB,True,
ISIC_0033853.jpg,ISIC_0033853,.jpg,32948,JPEG,600,450,RGB,True,
ISIC_0033854.jpg,ISIC_0033854,.jpg,22060,JPEG,600,450,RGB,True,
ISIC_0033855.jpg,ISIC_0033855,.jpg,30822,JPEG,600,450,RGB,True,
ISIC_0033856.jpg,ISIC_0033856,.jpg,33083,JPEG,600,450,RGB,True,
ISIC_0033857.jpg,ISIC_0033857,.jpg,32512,JPEG,600,450,RGB,True,
ISIC_0033858.jpg,ISIC_0033858,.jpg,30817,JPEG,600,450,RGB,True,
ISIC_0033859.jpg,ISIC_0033859,.jpg,29393,JPEG,600,450,RGB,True,
ISIC_0033860.jpg,ISIC_0033860,.jpg,28233,JPEG,600,450,RGB,True,
ISIC_0033861.jpg,ISIC_0033861,.jpg,31749,JPEG,600,450,RGB,True,
ISIC_0033862.jpg,ISIC_0033862,.jpg,24858,JPEG,600,450,RGB,True,
ISIC_0033863.jpg,ISIC_0033863,.jpg,30639,JPEG,600,450,RGB,True,
ISIC_0033864.jpg,ISIC_0033864,.jpg,29393,JPEG,600,450,RGB,True,
ISIC_0033865.jpg,ISIC_0033865,.jpg,24384,JPEG,600,450,RGB,True,
ISIC_0033866.jpg,ISIC_0033866,.jpg,35570,JPEG,600,450,RGB,True,
ISIC_0033867.jpg,ISIC_0033867,.jpg,21551,JPEG,600,450,RGB,True,
ISIC_0033868.jpg,ISIC_0033868,.jpg,20111,JPEG,600,450,RGB,True,
ISIC_0033869.jpg,ISIC_0033869,.jpg,23200,JPEG,600,450,RGB,True,
ISIC_0033870.jpg,ISIC_0033870,.jpg,28006,JPEG,600,450,RGB,True,
ISIC_0033871.jpg,ISIC_0033871,.jpg,26596,JPEG,600,450,RGB,True,
ISIC_0033872.jpg,ISIC_0033872,.jpg,27781,JPEG,600,450,RGB,True,
ISIC_0033873.jpg,ISIC_0033873,.jpg,24514,JPEG,600,450,RGB,True,
ISIC_0033874.jpg,ISIC_0033874,.jpg,33509,JPEG,600,450,RGB,True,
ISIC_0033875.jpg,ISIC_0033875,.jpg,25673,JPEG,600,450,RGB,True,
ISIC_0033876.jpg,ISIC_0033876,.jpg,21747,JPEG,600,450,RGB,True,
ISIC_0033877.jpg,ISIC_0033877,.jpg,21180,JPEG,600,450,RGB,True,
ISIC_0033878.jpg,ISIC_0033878,.jpg,37137,JPEG,600,450,RGB,True,
ISIC_0033879.jpg,ISIC_0033879,.jpg,39945,JPEG,600,450,RGB,True,
ISIC_0033880.jpg,ISIC_0033880,.jpg,18685,JPEG,600,450,RGB,True,
ISIC_0033881.jpg,ISIC_0033881,.jpg,27755,JPEG,600,450,RGB,True,
ISIC_0033882.jpg,ISIC_0033882,.jpg,20966,JPEG,600,450,RGB,True,
ISIC_0033883.jpg,ISIC_0033883,.jpg,25379,JPEG,600,450,RGB,True,
ISIC_0033884.jpg,ISIC_0033884,.jpg,24529,JPEG,600,450,RGB,True,
ISIC_0033885.jpg,ISIC_0033885,.jpg,34245,JPEG,600,450,RGB,True,
ISIC_0033886.jpg,ISIC_0033886,.jpg,29710,JPEG,600,450,RGB,True,
ISIC_0033887.jpg,ISIC_0033887,.jpg,26236,JPEG,600,450,RGB,True,
ISIC_0033888.jpg,ISIC_0033888,.jpg,29242,JPEG,600,450,RGB,True,
ISIC_0033889.jpg,ISIC_0033889,.jpg,21956,JPEG,600,450,RGB,True,
ISIC_0033890.jpg,ISIC_0033890,.jpg,23039,JPEG,600,450,RGB,True,
ISIC_0033891.jpg,ISIC_0033891,.jpg,21136,JPEG,600,450,RGB,True,
ISIC_0033892.jpg,ISIC_0033892,.jpg,38724,JPEG,600,450,RGB,True,
ISIC_0033893.jpg,ISIC_0033893,.jpg,25420,JPEG,600,450,RGB,True,
ISIC_0033894.jpg,ISIC_0033894,.jpg,27680,JPEG,600,450,RGB,True,
ISIC_0033895.jpg,ISIC_0033895,.jpg,27130,JPEG,600,450,RGB,True,
ISIC_0033896.jpg,ISIC_0033896,.jpg,24883,JPEG,600,450,RGB,True,
ISIC_0033897.jpg,ISIC_0033897,.jpg,23154,JPEG,600,450,RGB,True,
ISIC_0033898.jpg,ISIC_0033898,.jpg,18285,JPEG,600,450,RGB,True,
ISIC_0033899.jpg,ISIC_0033899,.jpg,26631,JPEG,600,450,RGB,True,
ISIC_0033900.jpg,ISIC_0033900,.jpg,24127,JPEG,600,450,RGB,True,
ISIC_0033901.jpg,ISIC_0033901,.jpg,28404,JPEG,600,450,RGB,True,
ISIC_0033902.jpg,ISIC_0033902,.jpg,35638,JPEG,600,450,RGB,True,
ISIC_0033903.jpg,ISIC_0033903,.jpg,25668,JPEG,600,450,RGB,True,
ISIC_0033904.jpg,ISIC_0033904,.jpg,25180,JPEG,600,450,RGB,True,
ISIC_0033905.jpg,ISIC_0033905,.jpg,23480,JPEG,600,450,RGB,True,
ISIC_0033906.jpg,ISIC_0033906,.jpg,25529,JPEG,600,450,RGB,True,
ISIC_0033907.jpg,ISIC_0033907,.jpg,28799,JPEG,600,450,RGB,True,
ISIC_0033908.jpg,ISIC_0033908,.jpg,23339,JPEG,600,450,RGB,True,
ISIC_0033909.jpg,ISIC_0033909,.jpg,35266,JPEG,600,450,RGB,True,
ISIC_0033910.jpg,ISIC_0033910,.jpg,23445,JPEG,600,450,RGB,True,
ISIC_0033911.jpg,ISIC_0033911,.jpg,28309,JPEG,600,450,RGB,True,
ISIC_0033912.jpg,ISIC_0033912,.jpg,22034,JPEG,600,450,RGB,True,
ISIC_0033913.jpg,ISIC_0033913,.jpg,31010,JPEG,600,450,RGB,True,
ISIC_0033914.jpg,ISIC_0033914,.jpg,23322,JPEG,600,450,RGB,True,
ISIC_0033915.jpg,ISIC_0033915,.jpg,23678,JPEG,600,450,RGB,True,
ISIC_0033916.jpg,ISIC_0033916,.jpg,23201,JPEG,600,450,RGB,True,
ISIC_0033917.jpg,ISIC_0033917,.jpg,25457,JPEG,600,450,RGB,True,
ISIC_0033918.jpg,ISIC_0033918,.jpg,21513,JPEG,600,450,RGB,True,
ISIC_0033919.jpg,ISIC_0033919,.jpg,19452,JPEG,600,450,RGB,True,
ISIC_0033920.jpg,ISIC_0033920,.jpg,22506,JPEG,600,450,RGB,True,
ISIC_0033921.jpg,ISIC_0033921,.jpg,21555,JPEG,600,450,RGB,True,
ISIC_0033922.jpg,ISIC_0033922,.jpg,24119,JPEG,600,450,RGB,True,
ISIC_0033923.jpg,ISIC_0033923,.jpg,22961,JPEG,600,450,RGB,True,
ISIC_0033924.jpg,ISIC_0033924,.jpg,26778,JPEG,600,450,RGB,True,
ISIC_0033925.jpg,ISIC_0033925,.jpg,28184,JPEG,600,450,RGB,True,
ISIC_0033926.jpg,ISIC_0033926,.jpg,25807,JPEG,600,450,RGB,True,
ISIC_0033927.jpg,ISIC_0033927,.jpg,20603,JPEG,600,450,RGB,True,
ISIC_0033928.jpg,ISIC_0033928,.jpg,31746,JPEG,600,450,RGB,True,
ISIC_0033929.jpg,ISIC_0033929,.jpg,26821,JPEG,600,450,RGB,True,
ISIC_0033930.jpg,ISIC_0033930,.jpg,24522,JPEG,600,450,RGB,True,
ISIC_0033931.jpg,ISIC_0033931,.jpg,37224,JPEG,600,450,RGB,True,
ISIC_0033932.jpg,ISIC_0033932,.jpg,27919,JPEG,600,450,RGB,True,
ISIC_0033933.jpg,ISIC_0033933,.jpg,28527,JPEG,600,450,RGB,True,
ISIC_0033934.jpg,ISIC_0033934,.jpg,31974,JPEG,600,450,RGB,True,
ISIC_0033935.jpg,ISIC_0033935,.jpg,24522,JPEG,600,450,RGB,True,
ISIC_0033936.jpg,ISIC_0033936,.jpg,17204,JPEG,600,450,RGB,True,
ISIC_0033937.jpg,ISIC_0033937,.jpg,26382,JPEG,600,450,RGB,True,
ISIC_0033938.jpg,ISIC_0033938,.jpg,24075,JPEG,600,450,RGB,True,
ISIC_0033939.jpg,ISIC_0033939,.jpg,25742,JPEG,600,450,RGB,True,
ISIC_0033940.jpg,ISIC_0033940,.jpg,20478,JPEG,600,450,RGB,True,
ISIC_0033941.jpg,ISIC_0033941,.jpg,22821,JPEG,600,450,RGB,True,
ISIC_0033942.jpg,ISIC_0033942,.jpg,37178,JPEG,600,450,RGB,True,
ISIC_0033943.jpg,ISIC_0033943,.jpg,31831,JPEG,600,450,RGB,True,
ISIC_0033944.jpg,ISIC_0033944,.jpg,22780,JPEG,600,450,RGB,True,
ISIC_0033945.jpg,ISIC_0033945,.jpg,35684,JPEG,600,450,RGB,True,
ISIC_0033946.jpg,ISIC_0033946,.jpg,27410,JPEG,600,450,RGB,True,
ISIC_0033947.jpg,ISIC_0033947,.jpg,30784,JPEG,600,450,RGB,True,
ISIC_0033948.jpg,ISIC_0033948,.jpg,31157,JPEG,600,450,RGB,True,
ISIC_0033949.jpg,ISIC_0033949,.jpg,38151,JPEG,600,450,RGB,True,
ISIC_0033950.jpg,ISIC_0033950,.jpg,28189,JPEG,600,450,RGB,True,
ISIC_0033951.jpg,ISIC_0033951,.jpg,25992,JPEG,600,450,RGB,True,
ISIC_0033952.jpg,ISIC_0033952,.jpg,28480,JPEG,600,450,RGB,True,
ISIC_0033953.jpg,ISIC_0033953,.jpg,32825,JPEG,600,450,RGB,True,
ISIC_0033954.jpg,ISIC_0033954,.jpg,23005,JPEG,600,450,RGB,True,
ISIC_0033955.jpg,ISIC_0033955,.jpg,26053,JPEG,600,450,RGB,True,
ISIC_0033956.jpg,ISIC_0033956,.jpg,23498,JPEG,600,450,RGB,True,
ISIC_0033957.jpg,ISIC_0033957,.jpg,24792,JPEG,600,450,RGB,True,
ISIC_0033958.jpg,ISIC_0033958,.jpg,39737,JPEG,600,450,RGB,True,
ISIC_0033959.jpg,ISIC_0033959,.jpg,34075,JPEG,600,450,RGB,True,
ISIC_0033960.jpg,ISIC_0033960,.jpg,19134,JPEG,600,450,RGB,True,
ISIC_0033961.jpg,ISIC_0033961,.jpg,21652,JPEG,600,450,RGB,True,
ISIC_0033962.jpg,ISIC_0033962,.jpg,18562,JPEG,600,450,RGB,True,
ISIC_0033963.jpg,ISIC_0033963,.jpg,25018,JPEG,600,450,RGB,True,
ISIC_0033964.jpg,ISIC_0033964,.jpg,30415,JPEG,600,450,RGB,True,
ISIC_0033965.jpg,ISIC_0033965,.jpg,30754,JPEG,600,450,RGB,True,
ISIC_0033966.jpg,ISIC_0033966,.jpg,26352,JPEG,600,450,RGB,True,
ISIC_0033967.jpg,ISIC_0033967,.jpg,37358,JPEG,600,450,RGB,True,
ISIC_0033968.jpg,ISIC_0033968,.jpg,25676,JPEG,600,450,RGB,True,
ISIC_0033969.jpg,ISIC_0033969,.jpg,21914,JPEG,600,450,RGB,True,
ISIC_0033970.jpg,ISIC_0033970,.jpg,27253,JPEG,600,450,RGB,True,
ISIC_0033971.jpg,ISIC_0033971,.jpg,25747,JPEG,600,450,RGB,True,
ISIC_0033972.jpg,ISIC_0033972,.jpg,31901,JPEG,600,450,RGB,True,
ISIC_0033973.jpg,ISIC_0033973,.jpg,24642,JPEG,600,450,RGB,True,
ISIC_0033974.jpg,ISIC_0033974,.jpg,19986,JPEG,600,450,RGB,True,
ISIC_0033975.jpg,ISIC_0033975,.jpg,28900,JPEG,600,450,RGB,True,
ISIC_0033976.jpg,ISIC_0033976,.jpg,20565,JPEG,600,450,RGB,True,
ISIC_0033977.jpg,ISIC_0033977,.jpg,24374,JPEG,600,450,RGB,True,
ISIC_0033978.jpg,ISIC_0033978,.jpg,30243,JPEG,600,450,RGB,True,
ISIC_0033979.jpg,ISIC_0033979,.jpg,29783,JPEG,600,450,RGB,True,
ISIC_0033980.jpg,ISIC_0033980,.jpg,26744,JPEG,600,450,RGB,True,
ISIC_0033981.jpg,ISIC_0033981,.jpg,22803,JPEG,600,450,RGB,True,
ISIC_0033982.jpg,ISIC_0033982,.jpg,24018,JPEG,600,450,RGB,True,
ISIC_0033983.jpg,ISIC_0033983,.jpg,30386,JPEG,600,450,RGB,True,
ISIC_0033984.jpg,ISIC_0033984,.jpg,24099,JPEG,600,450,RGB,True,
ISIC_0033985.jpg,ISIC_0033985,.jpg,23254,JPEG,600,450,RGB,True,
ISIC_0033986.jpg,ISIC_0033986,.jpg,29746,JPEG,600,450,RGB,True,
ISIC_0033987.jpg,ISIC_0033987,.jpg,30557,JPEG,600,450,RGB,True,
ISIC_0033988.jpg,ISIC_0033988,.jpg,24522,JPEG,600,450,RGB,True,
ISIC_0033989.jpg,ISIC_0033989,.jpg,27700,JPEG,600,450,RGB,True,
ISIC_0033990.jpg,ISIC_0033990,.jpg,36328,JPEG,600,450,RGB,True,
ISIC_0033991.jpg,ISIC_0033991,.jpg,15434,JPEG,600,450,RGB,True,
ISIC_0033992.jpg,ISIC_0033992,.jpg,20912,JPEG,600,450,RGB,True,
ISIC_0033993.jpg,ISIC_0033993,.jpg,25968,JPEG,600,450,RGB,True,
ISIC_0033994.jpg,ISIC_0033994,.jpg,19220,JPEG,600,450,RGB,True,
ISIC_0033995.jpg,ISIC_0033995,.jpg,26973,JPEG,600,450,RGB,True,
ISIC_0033996.jpg,ISIC_0033996,.jpg,24252,JPEG,600,450,RGB,True,
ISIC_0033997.jpg,ISIC_0033997,.jpg,22325,JPEG,600,450,RGB,True,
ISIC_0033998.jpg,ISIC_0033998,.jpg,19005,JPEG,600,450,RGB,True,
ISIC_0033999.jpg,ISIC_0033999,.jpg,33634,JPEG,600,450,RGB,True,
ISIC_0034000.jpg,ISIC_0034000,.jpg,35769,JPEG,600,450,RGB,True,
ISIC_0034001.jpg,ISIC_0034001,.jpg,30278,JPEG,600,450,RGB,True,
ISIC_0034002.jpg,ISIC_0034002,.jpg,22844,JPEG,600,450,RGB,True,
ISIC_0034003.jpg,ISIC_0034003,.jpg,32084,JPEG,600,450,RGB,True,
ISIC_0034004.jpg,ISIC_0034004,.jpg,21044,JPEG,600,450,RGB,True,
ISIC_0034005.jpg,ISIC_0034005,.jpg,21660,JPEG,600,450,RGB,True,
ISIC_0034006.jpg,ISIC_0034006,.jpg,25602,JPEG,600,450,RGB,True,
ISIC_0034007.jpg,ISIC_0034007,.jpg,42269,JPEG,600,450,RGB,True,
ISIC_0034008.jpg,ISIC_0034008,.jpg,24896,JPEG,600,450,RGB,True,
ISIC_0034009.jpg,ISIC_0034009,.jpg,20683,JPEG,600,450,RGB,True,
ISIC_0034010.jpg,ISIC_0034010,.jpg,32127,JPEG,600,450,RGB,True,
ISIC_0034011.jpg,ISIC_0034011,.jpg,23010,JPEG,600,450,RGB,True,
ISIC_0034012.jpg,ISIC_0034012,.jpg,27464,JPEG,600,450,RGB,True,
ISIC_0034013.jpg,ISIC_0034013,.jpg,25087,JPEG,600,450,RGB,True,
ISIC_0034014.jpg,ISIC_0034014,.jpg,28071,JPEG,600,450,RGB,True,
ISIC_0034015.jpg,ISIC_0034015,.jpg,24228,JPEG,600,450,RGB,True,
ISIC_0034016.jpg,ISIC_0034016,.jpg,23809,JPEG,600,450,RGB,True,
ISIC_0034017.jpg,ISIC_0034017,.jpg,25587,JPEG,600,450,RGB,True,
ISIC_0034018.jpg,ISIC_0034018,.jpg,24254,JPEG,600,450,RGB,True,
ISIC_0034019.jpg,ISIC_0034019,.jpg,27010,JPEG,600,450,RGB,True,
ISIC_0034020.jpg,ISIC_0034020,.jpg,19803,JPEG,600,450,RGB,True,
ISIC_0034021.jpg,ISIC_0034021,.jpg,23592,JPEG,600,450,RGB,True,
ISIC_0034022.jpg,ISIC_0034022,.jpg,31231,JPEG,600,450,RGB,True,
ISIC_0034023.jpg,ISIC_0034023,.jpg,28500,JPEG,600,450,RGB,True,
ISIC_0034024.jpg,ISIC_0034024,.jpg,28064,JPEG,600,450,RGB,True,
ISIC_0034025.jpg,ISIC_0034025,.jpg,26791,JPEG,600,450,RGB,True,
ISIC_0034026.jpg,ISIC_0034026,.jpg,26232,JPEG,600,450,RGB,True,
ISIC_0034027.jpg,ISIC_0034027,.jpg,29532,JPEG,600,450,RGB,True,
ISIC_0034028.jpg,ISIC_0034028,.jpg,32752,JPEG,600,450,RGB,True,
ISIC_0034029.jpg,ISIC_0034029,.jpg,21561,JPEG,600,450,RGB,True,
ISIC_0034030.jpg,ISIC_0034030,.jpg,20141,JPEG,600,450,RGB,True,
ISIC_0034031.jpg,ISIC_0034031,.jpg,35496,JPEG,600,450,RGB,True,
ISIC_0034032.jpg,ISIC_0034032,.jpg,20584,JPEG,600,450,RGB,True,
ISIC_0034033.jpg,ISIC_0034033,.jpg,31683,JPEG,600,450,RGB,True,
ISIC_0034034.jpg,ISIC_0034034,.jpg,39965,JPEG,600,450,RGB,True,
ISIC_0034035.jpg,ISIC_0034035,.jpg,24761,JPEG,600,450,RGB,True,
ISIC_0034036.jpg,ISIC_0034036,.jpg,28986,JPEG,600,450,RGB,True,
ISIC_0034037.jpg,ISIC_0034037,.jpg,27716,JPEG,600,450,RGB,True,
ISIC_0034038.jpg,ISIC_0034038,.jpg,26184,JPEG,600,450,RGB,True,
ISIC_0034039.jpg,ISIC_0034039,.jpg,22546,JPEG,600,450,RGB,True,
ISIC_0034040.jpg,ISIC_0034040,.jpg,27712,JPEG,600,450,RGB,True,
ISIC_0034041.jpg,ISIC_0034041,.jpg,24270,JPEG,600,450,RGB,True,
ISIC_0034042.jpg,ISIC_0034042,.jpg,22618,JPEG,600,450,RGB,True,
ISIC_0034043.jpg,ISIC_0034043,.jpg,19217,JPEG,600,450,RGB,True,
ISIC_0034044.jpg,ISIC_0034044,.jpg,25588,JPEG,600,450,RGB,True,
ISIC_0034045.jpg,ISIC_0034045,.jpg,16748,JPEG,600,450,RGB,True,
ISIC_0034046.jpg,ISIC_0034046,.jpg,28450,JPEG,600,450,RGB,True,
ISIC_0034047.jpg,ISIC_0034047,.jpg,42253,JPEG,600,450,RGB,True,
ISIC_0034048.jpg,ISIC_0034048,.jpg,23728,JPEG,600,450,RGB,True,
ISIC_0034049.jpg,ISIC_0034049,.jpg,32124,JPEG,600,450,RGB,True,
ISIC_0034050.jpg,ISIC_0034050,.jpg,32367,JPEG,600,450,RGB,True,
ISIC_0034051.jpg,ISIC_0034051,.jpg,27036,JPEG,600,450,RGB,True,
ISIC_0034052.jpg,ISIC_0034052,.jpg,26909,JPEG,600,450,RGB,True,
ISIC_0034053.jpg,ISIC_0034053,.jpg,18062,JPEG,600,450,RGB,True,
ISIC_0034054.jpg,ISIC_0034054,.jpg,29612,JPEG,600,450,RGB,True,
ISIC_0034055.jpg,ISIC_0034055,.jpg,20367,JPEG,600,450,RGB,True,
ISIC_0034056.jpg,ISIC_0034056,.jpg,27011,JPEG,600,450,RGB,True,
ISIC_0034057.jpg,ISIC_0034057,.jpg,32781,JPEG,600,450,RGB,True,
ISIC_0034058.jpg,ISIC_0034058,.jpg,33071,JPEG,600,450,RGB,True,
ISIC_0034059.jpg,ISIC_0034059,.jpg,32572,JPEG,600,450,RGB,True,
ISIC_0034060.jpg,ISIC_0034060,.jpg,26395,JPEG,600,450,RGB,True,
ISIC_0034061.jpg,ISIC_0034061,.jpg,24095,JPEG,600,450,RGB,True,
ISIC_0034062.jpg,ISIC_0034062,.jpg,26965,JPEG,600,450,RGB,True,
ISIC_0034063.jpg,ISIC_0034063,.jpg,31395,JPEG,600,450,RGB,True,
ISIC_0034064.jpg,ISIC_0034064,.jpg,25887,JPEG,600,450,RGB,True,
ISIC_0034065.jpg,ISIC_0034065,.jpg,29436,JPEG,600,450,RGB,True,
ISIC_0034066.jpg,ISIC_0034066,.jpg,33046,JPEG,600,450,RGB,True,
ISIC_0034067.jpg,ISIC_0034067,.jpg,24440,JPEG,600,450,RGB,True,
ISIC_0034068.jpg,ISIC_0034068,.jpg,17936,JPEG,600,450,RGB,True,
ISIC_0034069.jpg,ISIC_0034069,.jpg,21615,JPEG,600,450,RGB,True,
ISIC_0034070.jpg,ISIC_0034070,.jpg,25710,JPEG,600,450,RGB,True,
ISIC_0034071.jpg,ISIC_0034071,.jpg,28687,JPEG,600,450,RGB,True,
ISIC_0034072.jpg,ISIC_0034072,.jpg,25004,JPEG,600,450,RGB,True,
ISIC_0034073.jpg,ISIC_0034073,.jpg,22294,JPEG,600,450,RGB,True,
ISIC_0034074.jpg,ISIC_0034074,.jpg,28784,JPEG,600,450,RGB,True,
ISIC_0034075.jpg,ISIC_0034075,.jpg,31417,JPEG,600,450,RGB,True,
ISIC_0034076.jpg,ISIC_0034076,.jpg,28134,JPEG,600,450,RGB,True,
ISIC_0034077.jpg,ISIC_0034077,.jpg,27807,JPEG,600,450,RGB,True,
ISIC_0034078.jpg,ISIC_0034078,.jpg,26008,JPEG,600,450,RGB,True,
ISIC_0034079.jpg,ISIC_0034079,.jpg,23378,JPEG,600,450,RGB,True,
ISIC_0034080.jpg,ISIC_0034080,.jpg,24856,JPEG,600,450,RGB,True,
ISIC_0034081.jpg,ISIC_0034081,.jpg,29925,JPEG,600,450,RGB,True,
ISIC_0034082.jpg,ISIC_0034082,.jpg,29486,JPEG,600,450,RGB,True,
ISIC_0034083.jpg,ISIC_0034083,.jpg,20613,JPEG,600,450,RGB,True,
ISIC_0034084.jpg,ISIC_0034084,.jpg,20950,JPEG,600,450,RGB,True,
ISIC_0034085.jpg,ISIC_0034085,.jpg,25499,JPEG,600,450,RGB,True,
ISIC_0034086.jpg,ISIC_0034086,.jpg,30950,JPEG,600,450,RGB,True,
ISIC_0034087.jpg,ISIC_0034087,.jpg,31230,JPEG,600,450,RGB,True,
ISIC_0034088.jpg,ISIC_0034088,.jpg,22381,JPEG,600,450,RGB,True,
ISIC_0034089.jpg,ISIC_0034089,.jpg,32818,JPEG,600,450,RGB,True,
ISIC_0034090.jpg,ISIC_0034090,.jpg,21392,JPEG,600,450,RGB,True,
ISIC_0034091.jpg,ISIC_0034091,.jpg,40106,JPEG,600,450,RGB,True,
ISIC_0034092.jpg,ISIC_0034092,.jpg,30817,JPEG,600,450,RGB,True,
ISIC_0034093.jpg,ISIC_0034093,.jpg,24968,JPEG,600,450,RGB,True,
ISIC_0034094.jpg,ISIC_0034094,.jpg,23655,JPEG,600,450,RGB,True,
ISIC_0034095.jpg,ISIC_0034095,.jpg,28662,JPEG,600,450,RGB,True,
ISIC_0034096.jpg,ISIC_0034096,.jpg,20318,JPEG,600,450,RGB,True,
ISIC_0034097.jpg,ISIC_0034097,.jpg,21192,JPEG,600,450,RGB,True,
ISIC_0034098.jpg,ISIC_0034098,.jpg,37412,JPEG,600,450,RGB,True,
ISIC_0034099.jpg,ISIC_0034099,.jpg,19810,JPEG,600,450,RGB,True,
ISIC_0034100.jpg,ISIC_0034100,.jpg,25091,JPEG,600,450,RGB,True,
ISIC_0034101.jpg,ISIC_0034101,.jpg,33275,JPEG,600,450,RGB,True,
ISIC_0034102.jpg,ISIC_0034102,.jpg,21471,JPEG,600,450,RGB,True,
ISIC_0034103.jpg,ISIC_0034103,.jpg,24997,JPEG,600,450,RGB,True,
ISIC_0034104.jpg,ISIC_0034104,.jpg,27363,JPEG,600,450,RGB,True,
ISIC_0034105.jpg,ISIC_0034105,.jpg,23263,JPEG,600,450,RGB,True,
ISIC_0034106.jpg,ISIC_0034106,.jpg,28160,JPEG,600,450,RGB,True,
ISIC_0034107.jpg,ISIC_0034107,.jpg,25083,JPEG,600,450,RGB,True,
ISIC_0034108.jpg,ISIC_0034108,.jpg,25327,JPEG,600,450,RGB,True,
ISIC_0034109.jpg,ISIC_0034109,.jpg,24753,JPEG,600,450,RGB,True,
ISIC_0034110.jpg,ISIC_0034110,.jpg,25509,JPEG,600,450,RGB,True,
ISIC_0034111.jpg,ISIC_0034111,.jpg,28824,JPEG,600,450,RGB,True,
ISIC_0034112.jpg,ISIC_0034112,.jpg,23387,JPEG,600,450,RGB,True,
ISIC_0034113.jpg,ISIC_0034113,.jpg,28169,JPEG,600,450,RGB,True,
ISIC_0034114.jpg,ISIC_0034114,.jpg,30412,JPEG,600,450,RGB,True,
ISIC_0034115.jpg,ISIC_0034115,.jpg,40548,JPEG,600,450,RGB,True,
ISIC_0034116.jpg,ISIC_0034116,.jpg,24137,JPEG,600,450,RGB,True,
ISIC_0034117.jpg,ISIC_0034117,.jpg,25697,JPEG,600,450,RGB,True,
ISIC_0034118.jpg,ISIC_0034118,.jpg,27940,JPEG,600,450,RGB,True,
ISIC_0034119.jpg,ISIC_0034119,.jpg,34569,JPEG,600,450,RGB,True,
ISIC_0034120.jpg,ISIC_0034120,.jpg,21296,JPEG,600,450,RGB,True,
ISIC_0034121.jpg,ISIC_0034121,.jpg,19862,JPEG,600,450,RGB,True,
ISIC_0034122.jpg,ISIC_0034122,.jpg,23754,JPEG,600,450,RGB,True,
ISIC_0034123.jpg,ISIC_0034123,.jpg,30020,JPEG,600,450,RGB,True,
ISIC_0034124.jpg,ISIC_0034124,.jpg,29010,JPEG,600,450,RGB,True,
ISIC_0034125.jpg,ISIC_0034125,.jpg,25991,JPEG,600,450,RGB,True,
ISIC_0034126.jpg,ISIC_0034126,.jpg,29929,JPEG,600,450,RGB,True,
ISIC_0034127.jpg,ISIC_0034127,.jpg,35002,JPEG,600,450,RGB,True,
ISIC_0034128.jpg,ISIC_0034128,.jpg,21118,JPEG,600,450,RGB,True,
ISIC_0034129.jpg,ISIC_0034129,.jpg,22088,JPEG,600,450,RGB,True,
ISIC_0034130.jpg,ISIC_0034130,.jpg,21514,JPEG,600,450,RGB,True,
ISIC_0034131.jpg,ISIC_0034131,.jpg,26250,JPEG,600,450,RGB,True,
ISIC_0034132.jpg,ISIC_0034132,.jpg,28878,JPEG,600,450,RGB,True,
ISIC_0034133.jpg,ISIC_0034133,.jpg,23451,JPEG,600,450,RGB,True,
ISIC_0034134.jpg,ISIC_0034134,.jpg,22223,JPEG,600,450,RGB,True,
ISIC_0034135.jpg,ISIC_0034135,.jpg,22445,JPEG,600,450,RGB,True,
ISIC_0034136.jpg,ISIC_0034136,.jpg,30868,JPEG,600,450,RGB,True,
ISIC_0034137.jpg,ISIC_0034137,.jpg,24139,JPEG,600,450,RGB,True,
ISIC_0034138.jpg,ISIC_0034138,.jpg,27032,JPEG,600,450,RGB,True,
ISIC_0034139.jpg,ISIC_0034139,.jpg,22685,JPEG,600,450,RGB,True,
ISIC_0034140.jpg,ISIC_0034140,.jpg,28010,JPEG,600,450,RGB,True,
ISIC_0034141.jpg,ISIC_0034141,.jpg,32790,JPEG,600,450,RGB,True,
ISIC_0034142.jpg,ISIC_0034142,.jpg,26997,JPEG,600,450,RGB,True,
ISIC_0034143.jpg,ISIC_0034143,.jpg,28585,JPEG,600,450,RGB,True,
ISIC_0034144.jpg,ISIC_0034144,.jpg,28312,JPEG,600,450,RGB,True,
ISIC_0034145.jpg,ISIC_0034145,.jpg,26600,JPEG,600,450,RGB,True,
ISIC_0034146.jpg,ISIC_0034146,.jpg,32541,JPEG,600,450,RGB,True,
ISIC_0034147.jpg,ISIC_0034147,.jpg,29040,JPEG,600,450,RGB,True,
ISIC_0034148.jpg,ISIC_0034148,.jpg,19703,JPEG,600,450,RGB,True,
ISIC_0034149.jpg,ISIC_0034149,.jpg,25203,JPEG,600,450,RGB,True,
ISIC_0034150.jpg,ISIC_0034150,.jpg,27179,JPEG,600,450,RGB,True,
ISIC_0034151.jpg,ISIC_0034151,.jpg,27933,JPEG,600,450,RGB,True,
ISIC_0034152.jpg,ISIC_0034152,.jpg,21513,JPEG,600,450,RGB,True,
ISIC_0034153.jpg,ISIC_0034153,.jpg,20623,JPEG,600,450,RGB,True,
ISIC_0034154.jpg,ISIC_0034154,.jpg,32426,JPEG,600,450,RGB,True,
ISIC_0034155.jpg,ISIC_0034155,.jpg,39332,JPEG,600,450,RGB,True,
ISIC_0034156.jpg,ISIC_0034156,.jpg,25961,JPEG,600,450,RGB,True,
ISIC_0034157.jpg,ISIC_0034157,.jpg,22083,JPEG,600,450,RGB,True,
ISIC_0034158.jpg,ISIC_0034158,.jpg,28227,JPEG,600,450,RGB,True,
ISIC_0034159.jpg,ISIC_0034159,.jpg,27862,JPEG,600,450,RGB,True,
ISIC_0034160.jpg,ISIC_0034160,.jpg,27538,JPEG,600,450,RGB,True,
ISIC_0034161.jpg,ISIC_0034161,.jpg,24828,JPEG,600,450,RGB,True,
ISIC_0034162.jpg,ISIC_0034162,.jpg,29457,JPEG,600,450,RGB,True,
ISIC_0034163.jpg,ISIC_0034163,.jpg,21348,JPEG,600,450,RGB,True,
ISIC_0034164.jpg,ISIC_0034164,.jpg,26405,JPEG,600,450,RGB,True,
ISIC_0034165.jpg,ISIC_0034165,.jpg,32141,JPEG,600,450,RGB,True,
ISIC_0034166.jpg,ISIC_0034166,.jpg,20067,JPEG,600,450,RGB,True,
ISIC_0034167.jpg,ISIC_0034167,.jpg,37450,JPEG,600,450,RGB,True,
ISIC_0034168.jpg,ISIC_0034168,.jpg,23825,JPEG,600,450,RGB,True,
ISIC_0034169.jpg,ISIC_0034169,.jpg,25721,JPEG,600,450,RGB,True,
ISIC_0034170.jpg,ISIC_0034170,.jpg,25708,JPEG,600,450,RGB,True,
ISIC_0034171.jpg,ISIC_0034171,.jpg,22533,JPEG,600,450,RGB,True,
ISIC_0034172.jpg,ISIC_0034172,.jpg,23444,JPEG,600,450,RGB,True,
ISIC_0034173.jpg,ISIC_0034173,.jpg,35738,JPEG,600,450,RGB,True,
ISIC_0034174.jpg,ISIC_0034174,.jpg,30163,JPEG,600,450,RGB,True,
ISIC_0034175.jpg,ISIC_0034175,.jpg,35866,JPEG,600,450,RGB,True,
ISIC_0034176.jpg,ISIC_0034176,.jpg,19080,JPEG,600,450,RGB,True,
ISIC_0034177.jpg,ISIC_0034177,.jpg,24437,JPEG,600,450,RGB,True,
ISIC_0034178.jpg,ISIC_0034178,.jpg,22383,JPEG,600,450,RGB,True,
ISIC_0034179.jpg,ISIC_0034179,.jpg,23463,JPEG,600,450,RGB,True,
ISIC_0034180.jpg,ISIC_0034180,.jpg,30351,JPEG,600,450,RGB,True,
ISIC_0034181.jpg,ISIC_0034181,.jpg,21421,JPEG,600,450,RGB,True,
ISIC_0034182.jpg,ISIC_0034182,.jpg,36639,JPEG,600,450,RGB,True,
ISIC_0034183.jpg,ISIC_0034183,.jpg,24894,JPEG,600,450,RGB,True,
ISIC_0034184.jpg,ISIC_0034184,.jpg,18196,JPEG,600,450,RGB,True,
ISIC_0034185.jpg,ISIC_0034185,.jpg,27342,JPEG,600,450,RGB,True,
ISIC_0034186.jpg,ISIC_0034186,.jpg,34907,JPEG,600,450,RGB,True,
ISIC_0034187.jpg,ISIC_0034187,.jpg,35091,JPEG,600,450,RGB,True,
ISIC_0034188.jpg,ISIC_0034188,.jpg,30081,JPEG,600,450,RGB,True,
ISIC_0034189.jpg,ISIC_0034189,.jpg,36182,JPEG,600,450,RGB,True,
ISIC_0034190.jpg,ISIC_0034190,.jpg,24752,JPEG,600,450,RGB,True,
ISIC_0034191.jpg,ISIC_0034191,.jpg,21884,JPEG,600,450,RGB,True,
ISIC_0034192.jpg,ISIC_0034192,.jpg,33663,JPEG,600,450,RGB,True,
ISIC_0034193.jpg,ISIC_0034193,.jpg,21466,JPEG,600,450,RGB,True,
ISIC_0034194.jpg,ISIC_0034194,.jpg,26277,JPEG,600,450,RGB,True,
ISIC_0034195.jpg,ISIC_0034195,.jpg,21968,JPEG,600,450,RGB,True,
ISIC_0034196.jpg,ISIC_0034196,.jpg,25087,JPEG,600,450,RGB,True,
ISIC_0034197.jpg,ISIC_0034197,.jpg,31488,JPEG,600,450,RGB,True,
ISIC_0034198.jpg,ISIC_0034198,.jpg,22151,JPEG,600,450,RGB,True,
ISIC_0034199.jpg,ISIC_0034199,.jpg,26239,JPEG,600,450,RGB,True,
ISIC_0034200.jpg,ISIC_0034200,.jpg,22684,JPEG,600,450,RGB,True,
ISIC_0034201.jpg,ISIC_0034201,.jpg,24421,JPEG,600,450,RGB,True,
ISIC_0034202.jpg,ISIC_0034202,.jpg,37698,JPEG,600,450,RGB,True,
ISIC_0034203.jpg,ISIC_0034203,.jpg,23507,JPEG,600,450,RGB,True,
ISIC_0034204.jpg,ISIC_0034204,.jpg,30129,JPEG,600,450,RGB,True,
ISIC_0034205.jpg,ISIC_0034205,.jpg,21731,JPEG,600,450,RGB,True,
ISIC_0034206.jpg,ISIC_0034206,.jpg,26640,JPEG,600,450,RGB,True,
ISIC_0034207.jpg,ISIC_0034207,.jpg,16341,JPEG,600,450,RGB,True,
ISIC_0034208.jpg,ISIC_0034208,.jpg,38668,JPEG,600,450,RGB,True,
ISIC_0034209.jpg,ISIC_0034209,.jpg,27244,JPEG,600,450,RGB,True,
ISIC_0034210.jpg,ISIC_0034210,.jpg,21223,JPEG,600,450,RGB,True,
ISIC_0034211.jpg,ISIC_0034211,.jpg,22628,JPEG,600,450,RGB,True,
ISIC_0034212.jpg,ISIC_0034212,.jpg,27367,JPEG,600,450,RGB,True,
ISIC_0034213.jpg,ISIC_0034213,.jpg,27914,JPEG,600,450,RGB,True,
ISIC_0034214.jpg,ISIC_0034214,.jpg,33141,JPEG,600,450,RGB,True,
ISIC_0034215.jpg,ISIC_0034215,.jpg,22542,JPEG,600,450,RGB,True,
ISIC_0034216.jpg,ISIC_0034216,.jpg,33481,JPEG,600,450,RGB,True,
ISIC_0034217.jpg,ISIC_0034217,.jpg,23053,JPEG,600,450,RGB,True,
ISIC_0034218.jpg,ISIC_0034218,.jpg,27470,JPEG,600,450,RGB,True,
ISIC_0034219.jpg,ISIC_0034219,.jpg,24984,JPEG,600,450,RGB,True,
ISIC_0034220.jpg,ISIC_0034220,.jpg,27110,JPEG,600,450,RGB,True,
ISIC_0034221.jpg,ISIC_0034221,.jpg,34211,JPEG,600,450,RGB,True,
ISIC_0034222.jpg,ISIC_0034222,.jpg,23957,JPEG,600,450,RGB,True,
ISIC_0034223.jpg,ISIC_0034223,.jpg,23909,JPEG,600,450,RGB,True,
ISIC_0034224.jpg,ISIC_0034224,.jpg,25857,JPEG,600,450,RGB,True,
ISIC_0034225.jpg,ISIC_0034225,.jpg,26916,JPEG,600,450,RGB,True,
ISIC_0034226.jpg,ISIC_0034226,.jpg,24878,JPEG,600,450,RGB,True,
ISIC_0034227.jpg,ISIC_0034227,.jpg,22815,JPEG,600,450,RGB,True,
ISIC_0034228.jpg,ISIC_0034228,.jpg,39584,JPEG,600,450,RGB,True,
ISIC_0034229.jpg,ISIC_0034229,.jpg,30435,JPEG,600,450,RGB,True,
ISIC_0034230.jpg,ISIC_0034230,.jpg,27275,JPEG,600,450,RGB,True,
ISIC_0034231.jpg,ISIC_0034231,.jpg,31257,JPEG,600,450,RGB,True,
ISIC_0034232.jpg,ISIC_0034232,.jpg,18715,JPEG,600,450,RGB,True,
ISIC_0034233.jpg,ISIC_0034233,.jpg,24091,JPEG,600,450,RGB,True,
ISIC_0034234.jpg,ISIC_0034234,.jpg,33195,JPEG,600,450,RGB,True,
ISIC_0034235.jpg,ISIC_0034235,.jpg,35220,JPEG,600,450,RGB,True,
ISIC_0034236.jpg,ISIC_0034236,.jpg,26910,JPEG,600,450,RGB,True,
ISIC_0034237.jpg,ISIC_0034237,.jpg,22536,JPEG,600,450,RGB,True,
ISIC_0034238.jpg,ISIC_0034238,.jpg,26613,JPEG,600,450,RGB,True,
ISIC_0034239.jpg,ISIC_0034239,.jpg,28281,JPEG,600,450,RGB,True,
ISIC_0034240.jpg,ISIC_0034240,.jpg,27596,JPEG,600,450,RGB,True,
ISIC_0034241.jpg,ISIC_0034241,.jpg,21323,JPEG,600,450,RGB,True,
ISIC_0034242.jpg,ISIC_0034242,.jpg,30130,JPEG,600,450,RGB,True,
ISIC_0034243.jpg,ISIC_0034243,.jpg,30950,JPEG,600,450,RGB,True,
ISIC_0034244.jpg,ISIC_0034244,.jpg,30315,JPEG,600,450,RGB,True,
ISIC_0034245.jpg,ISIC_0034245,.jpg,27831,JPEG,600,450,RGB,True,
ISIC_0034246.jpg,ISIC_0034246,.jpg,21312,JPEG,600,450,RGB,True,
ISIC_0034247.jpg,ISIC_0034247,.jpg,25944,JPEG,600,450,RGB,True,
ISIC_0034248.jpg,ISIC_0034248,.jpg,37917,JPEG,600,450,RGB,True,
ISIC_0034249.jpg,ISIC_0034249,.jpg,26199,JPEG,600,450,RGB,True,
ISIC_0034250.jpg,ISIC_0034250,.jpg,25869,JPEG,600,450,RGB,True,
ISIC_0034251.jpg,ISIC_0034251,.jpg,19065,JPEG,600,450,RGB,True,
ISIC_0034252.jpg,ISIC_0034252,.jpg,29248,JPEG,600,450,RGB,True,
ISIC_0034253.jpg,ISIC_0034253,.jpg,34151,JPEG,600,450,RGB,True,
ISIC_0034254.jpg,ISIC_0034254,.jpg,38677,JPEG,600,450,RGB,True,
ISIC_0034255.jpg,ISIC_0034255,.jpg,23290,JPEG,600,450,RGB,True,
ISIC_0034256.jpg,ISIC_0034256,.jpg,27811,JPEG,600,450,RGB,True,
ISIC_0034257.jpg,ISIC_0034257,.jpg,22960,JPEG,600,450,RGB,True,
ISIC_0034258.jpg,ISIC_0034258,.jpg,25441,JPEG,600,450,RGB,True,
ISIC_0034259.jpg,ISIC_0034259,.jpg,34789,JPEG,600,450,RGB,True,
ISIC_0034260.jpg,ISIC_0034260,.jpg,23327,JPEG,600,450,RGB,True,
ISIC_0034261.jpg,ISIC_0034261,.jpg,24883,JPEG,600,450,RGB,True,
ISIC_0034262.jpg,ISIC_0034262,.jpg,27411,JPEG,600,450,RGB,True,
ISIC_0034263.jpg,ISIC_0034263,.jpg,29105,JPEG,600,450,RGB,True,
ISIC_0034264.jpg,ISIC_0034264,.jpg,20249,JPEG,600,450,RGB,True,
ISIC_0034265.jpg,ISIC_0034265,.jpg,26201,JPEG,600,450,RGB,True,
ISIC_0034266.jpg,ISIC_0034266,.jpg,19909,JPEG,600,450,RGB,True,
ISIC_0034267.jpg,ISIC_0034267,.jpg,24056,JPEG,600,450,RGB,True,
ISIC_0034268.jpg,ISIC_0034268,.jpg,24941,JPEG,600,450,RGB,True,
ISIC_0034269.jpg,ISIC_0034269,.jpg,23166,JPEG,600,450,RGB,True,
ISIC_0034270.jpg,ISIC_0034270,.jpg,24292,JPEG,600,450,RGB,True,
ISIC_0034271.jpg,ISIC_0034271,.jpg,19742,JPEG,600,450,RGB,True,
ISIC_0034272.jpg,ISIC_0034272,.jpg,24123,JPEG,600,450,RGB,True,
ISIC_0034273.jpg,ISIC_0034273,.jpg,37263,JPEG,600,450,RGB,True,
ISIC_0034274.jpg,ISIC_0034274,.jpg,31433,JPEG,600,450,RGB,True,
ISIC_0034275.jpg,ISIC_0034275,.jpg,35970,JPEG,600,450,RGB,True,
ISIC_0034276.jpg,ISIC_0034276,.jpg,35573,JPEG,600,450,RGB,True,
ISIC_0034277.jpg,ISIC_0034277,.jpg,22499,JPEG,600,450,RGB,True,
ISIC_0034278.jpg,ISIC_0034278,.jpg,33249,JPEG,600,450,RGB,True,
ISIC_0034279.jpg,ISIC_0034279,.jpg,28246,JPEG,600,450,RGB,True,
ISIC_0034280.jpg,ISIC_0034280,.jpg,35480,JPEG,600,450,RGB,True,
ISIC_0034281.jpg,ISIC_0034281,.jpg,21169,JPEG,600,450,RGB,True,
ISIC_0034282.jpg,ISIC_0034282,.jpg,22795,JPEG,600,450,RGB,True,
ISIC_0034283.jpg,ISIC_0034283,.jpg,25653,JPEG,600,450,RGB,True,
ISIC_0034284.jpg,ISIC_0034284,.jpg,31664,JPEG,600,450,RGB,True,
ISIC_0034285.jpg,ISIC_0034285,.jpg,29425,JPEG,600,450,RGB,True,
ISIC_0034286.jpg,ISIC_0034286,.jpg,22913,JPEG,600,450,RGB,True,
ISIC_0034287.jpg,ISIC_0034287,.jpg,25601,JPEG,600,450,RGB,True,
ISIC_0034288.jpg,ISIC_0034288,.jpg,22611,JPEG,600,450,RGB,True,
ISIC_0034289.jpg,ISIC_0034289,.jpg,24516,JPEG,600,450,RGB,True,
ISIC_0034290.jpg,ISIC_0034290,.jpg,29144,JPEG,600,450,RGB,True,
ISIC_0034291.jpg,ISIC_0034291,.jpg,23681,JPEG,600,450,RGB,True,
ISIC_0034292.jpg,ISIC_0034292,.jpg,17112,JPEG,600,450,RGB,True,
ISIC_0034293.jpg,ISIC_0034293,.jpg,25818,JPEG,600,450,RGB,True,
ISIC_0034294.jpg,ISIC_0034294,.jpg,38658,JPEG,600,450,RGB,True,
ISIC_0034295.jpg,ISIC_0034295,.jpg,27798,JPEG,600,450,RGB,True,
ISIC_0034296.jpg,ISIC_0034296,.jpg,22467,JPEG,600,450,RGB,True,
ISIC_0034297.jpg,ISIC_0034297,.jpg,26889,JPEG,600,450,RGB,True,
ISIC_0034298.jpg,ISIC_0034298,.jpg,25341,JPEG,600,450,RGB,True,
ISIC_0034299.jpg,ISIC_0034299,.jpg,31061,JPEG,600,450,RGB,True,
ISIC_0034300.jpg,ISIC_0034300,.jpg,23686,JPEG,600,450,RGB,True,
ISIC_0034301.jpg,ISIC_0034301,.jpg,23101,JPEG,600,450,RGB,True,
ISIC_0034302.jpg,ISIC_0034302,.jpg,31423,JPEG,600,450,RGB,True,
ISIC_0034303.jpg,ISIC_0034303,.jpg,35521,JPEG,600,450,RGB,True,
ISIC_0034304.jpg,ISIC_0034304,.jpg,18247,JPEG,600,450,RGB,True,
ISIC_0034305.jpg,ISIC_0034305,.jpg,19922,JPEG,600,450,RGB,True,
ISIC_0034306.jpg,ISIC_0034306,.jpg,26583,JPEG,600,450,RGB,True,
ISIC_0034307.jpg,ISIC_0034307,.jpg,24920,JPEG,600,450,RGB,True,
ISIC_0034308.jpg,ISIC_0034308,.jpg,27394,JPEG,600,450,RGB,True,
ISIC_0034309.jpg,ISIC_0034309,.jpg,22671,JPEG,600,450,RGB,True,
ISIC_0034310.jpg,ISIC_0034310,.jpg,26805,JPEG,600,450,RGB,True,
ISIC_0034311.jpg,ISIC_0034311,.jpg,30562,JPEG,600,450,RGB,True,
ISIC_0034312.jpg,ISIC_0034312,.jpg,33420,JPEG,600,450,RGB,True,
ISIC_0034313.jpg,ISIC_0034313,.jpg,31987,JPEG,600,450,RGB,True,
ISIC_0034314.jpg,ISIC_0034314,.jpg,26488,JPEG,600,450,RGB,True,
ISIC_0034315.jpg,ISIC_0034315,.jpg,33128,JPEG,600,450,RGB,True,
ISIC_0034316.jpg,ISIC_0034316,.jpg,30842,JPEG,600,450,RGB,True,
ISIC_0034317.jpg,ISIC_0034317,.jpg,19962,JPEG,600,450,RGB,True,
ISIC_0034318.jpg,ISIC_0034318,.jpg,25240,JPEG,600,450,RGB,True,
ISIC_0034319.jpg,ISIC_0034319,.jpg,25625,JPEG,600,450,RGB,True,
ISIC_0034320.jpg,ISIC_0034320,.jpg,35673,JPEG,600,450,RGB,True,
