column,block,dtype,missing-count,missing-rate,unique-values,constant,zero-rate
project,management,object,0,0.0,2,False,
State,management,object,0,0.0,2,False,
Year,management,object,0,0.0,4,False,
Variety1,management,object,0,0.0,7,False,
Variety2,management,object,0,0.0,3,False,
Fumigation1,management,object,0,0.0,2,False,
Region,management,object,0,0.0,2,False,
Soil_type,management,object,0,0.0,7,False,
Rotation length,management,float64,72,0.1702127659574468,7,False,0.0
Rotation diversity,management,float64,72,0.1702127659574468,7,False,0.0
pH_1_1,soil-chemistry,float64,0,0.0,32,False,0.0
CEC,soil-chemistry,float64,0,0.0,102,False,0.0
OM_percent,soil-chemistry,float64,0,0.0,46,False,0.0
P_ppm,soil-chemistry,float64,0,0.0,231,False,0.0
K_ppm,soil-chemistry,float64,0,0.0,219,False,0.0
Mg_ppm,soil-chemistry,float64,0,0.0,171,False,0.0
Ca_ppm,soil-chemistry,float64,0,0.0,331,False,0.0
K_Sat_percent,soil-chemistry,float64,0,0.0,127,False,0.009456264775413711
Mg_Sat_percent,soil-chemistry,float64,0,0.0,198,False,0.0
Ca_Sat_percent,soil-chemistry,float64,0,0.0,263,False,0.0
logV,qpcr-abundance,float64,0,0.0,406,False,0.0
logS,qpcr-abundance,float64,0,0.0,406,False,0.0
log16S,qpcr-abundance,float64,0,0.0,374,False,0.0
logITS,qpcr-abundance,float64,0,0.0,406,False,0.0
Bac_G_Shannon,shannon-diversity,float64,0,0.0,423,False,0.0
Fun_G_Shannon,shannon-diversity,float64,0,0.0,423,False,0.0
Bac_O_Shannon,shannon-diversity,float64,0,0.0,423,False,0.0
Fun_O_Shannon,shannon-diversity,float64,0,0.0,423,False,0.0
Bac_P_Shannon,shannon-diversity,float64,0,0.0,423,False,0.0
Fun_P_Shannon,shannon-diversity,float64,0,0.0,423,False,0.0
B16S_pcoa1,pcoa-axes,float64,66,0.15602836879432624,357,False,0.0
B16S_pcoa2,pcoa-axes,float64,66,0.15602836879432624,357,False,0.0
ITS_pcoa1,pcoa-axes,float64,66,0.15602836879432624,357,False,0.0
ITS_pcoa2,pcoa-axes,float64,66,0.15602836879432624,357,False,0.0
BF_g_1_[Aquaspirillum]_arcticum_group,bacterial-taxa,float64,0,0.0,92,False,0.7848699763593381
BF_g_8_01D2Z36,bacterial-taxa,float64,0,0.0,29,False,0.933806146572104
BF_g_10_0319-6G20,bacterial-taxa,float64,0,0.0,379,False,0.10401891252955082
BF_g_11_0319-7L14,bacterial-taxa,float64,0,0.0,21,False,0.9527186761229315
BF_g_12_053A03-B-DI-P58,bacterial-taxa,float64,0,0.0,10,False,0.9787234042553191
BF_g_15_11-24,bacterial-taxa,float64,0,0.0,321,False,0.24113475177304963
BF_g_16_1174-901-12,bacterial-taxa,float64,0,0.0,32,False,0.9267139479905437
BF_g_17_1921-2,bacterial-taxa,float64,0,0.0,94,False,0.7801418439716312
BF_g_18_1921-3,bacterial-taxa,float64,0,0.0,224,False,0.4728132387706856
BF_g_19_1959-1,bacterial-taxa,float64,0,0.0,81,False,0.8108747044917257
BF_g_20_211ds20,bacterial-taxa,float64,0,0.0,11,False,0.9763593380614657
BF_g_21_27F-1492R,bacterial-taxa,float64,0,0.0,132,False,0.6903073286052009
BF_g_22_37-13,bacterial-taxa,float64,0,0.0,214,False,0.49645390070921985
BF_g_25_67-14,bacterial-taxa,float64,0,0.0,407,False,0.04018912529550828
BF_g_27_A0839,bacterial-taxa,float64,0,0.0,218,False,0.48699763593380613
BF_g_28_A21b,bacterial-taxa,float64,0,0.0,395,False,0.06855791962174941
BF_g_29_A4b,bacterial-taxa,float64,0,0.0,406,False,0.0425531914893617
BF_g_30_AAP99,bacterial-taxa,float64,0,0.0,12,False,0.9739952718676123
BF_g_31_AB1,bacterial-taxa,float64,0,0.0,27,False,0.9361702127659575
BF_g_32_Abditibacterium,bacterial-taxa,float64,0,0.0,133,False,0.6832151300236406
BF_g_33_Absconditabacteriales_(SR1),bacterial-taxa,float64,0,0.0,17,False,0.9621749408983451
BF_g_35_Acetivibrio,bacterial-taxa,float64,0,0.0,7,False,0.9858156028368794
BF_g_39_Achromobacter,bacterial-taxa,float64,0,0.0,90,False,0.789598108747045
BF_g_41_Acidibacillus,bacterial-taxa,float64,0,0.0,6,False,0.9881796690307328
BF_g_42_Acidibacter,bacterial-taxa,float64,0,0.0,420,False,0.009456264775413711
BF_g_43_Acidicaldus,bacterial-taxa,float64,0,0.0,168,False,0.6052009456264775
BF_g_46_Acidiphilium,bacterial-taxa,float64,0,0.0,244,False,0.425531914893617
BF_g_47_Acidipila,bacterial-taxa,float64,0,0.0,294,False,0.3073286052009456
BF_g_48_Acidisoma,bacterial-taxa,float64,0,0.0,40,False,0.9078014184397163
BF_g_49_Acidobacteriae,bacterial-taxa,float64,0,0.0,8,False,0.983451536643026
BF_g_50_Acidobacteriales,bacterial-taxa,float64,0,0.0,47,False,0.8912529550827423
BF_g_52_Acidocella,bacterial-taxa,float64,0,0.0,7,False,0.9858156028368794
BF_g_53_Acidothermus,bacterial-taxa,float64,0,0.0,398,False,0.061465721040189124
BF_g_54_Acidovorax,bacterial-taxa,float64,0,0.0,60,False,0.8605200945626478
BF_g_55_Acinetobacter,bacterial-taxa,float64,0,0.0,42,False,0.900709219858156
BF_g_58_Actinoallomurus,bacterial-taxa,float64,0,0.0,71,False,0.83451536643026
BF_g_60_Actinocorallia,bacterial-taxa,float64,0,0.0,163,False,0.6170212765957447
BF_g_62_Actinomadura,bacterial-taxa,float64,0,0.0,36,False,0.91725768321513
BF_g_63_Actinomycetospora,bacterial-taxa,float64,0,0.0,158,False,0.6288416075650118
BF_g_64_Actinophytocola,bacterial-taxa,float64,0,0.0,10,False,0.9787234042553191
BF_g_65_Actinoplanes,bacterial-taxa,float64,0,0.0,281,False,0.3380614657210402
BF_g_67_Actinospica,bacterial-taxa,float64,0,0.0,153,False,0.640661938534279
BF_g_69_AD3,bacterial-taxa,float64,0,0.0,398,False,0.061465721040189124
BF_g_70_Adhaeribacter,bacterial-taxa,float64,0,0.0,158,False,0.6288416075650118
BF_g_71_ADurb.Bin063-1,bacterial-taxa,float64,0,0.0,316,False,0.2553191489361702
BF_g_76_Aeromicrobium,bacterial-taxa,float64,0,0.0,264,False,0.37825059101654845
BF_g_77_Aeromonas,bacterial-taxa,float64,0,0.0,13,False,0.9716312056737588
BF_g_78_Aestuariimicrobium,bacterial-taxa,float64,0,0.0,7,False,0.9858156028368794
BF_g_79_Aetherobacter,bacterial-taxa,float64,0,0.0,262,False,0.3829787234042553
BF_g_80_Afipia,bacterial-taxa,float64,0,0.0,8,False,0.983451536643026
BF_g_81_Agaricicola,bacterial-taxa,float64,0,0.0,9,False,0.9810874704491725
BF_g_82_Aggregicoccus,bacterial-taxa,float64,0,0.0,19,False,0.9574468085106383
BF_g_83_Agrococcus,bacterial-taxa,float64,0,0.0,23,False,0.9479905437352246
BF_g_84_Agromyces,bacterial-taxa,float64,0,0.0,157,False,0.6312056737588653
BF_g_85_Ahniella,bacterial-taxa,float64,0,0.0,87,False,0.7966903073286052
BF_g_87_AKAU3644,bacterial-taxa,float64,0,0.0,8,False,0.983451536643026
BF_g_88_AKAU4049,bacterial-taxa,float64,0,0.0,45,False,0.8959810874704491
BF_g_90_AKIW781,bacterial-taxa,float64,0,0.0,358,False,0.15602836879432624
BF_g_91_AKYG1722,bacterial-taxa,float64,0,0.0,336,False,0.20803782505910165
BF_g_92_AKYG587,bacterial-taxa,float64,0,0.0,142,False,0.6666666666666666
BF_g_93_AKYH767,bacterial-taxa,float64,0,0.0,328,False,0.22695035460992907
BF_g_96_Alcaligenaceae,bacterial-taxa,float64,0,0.0,8,False,0.983451536643026
BF_g_99_Alicyclobacillus,bacterial-taxa,float64,0,0.0,121,False,0.7139479905437353
BF_g_100_Aliidongia,bacterial-taxa,float64,0,0.0,19,False,0.9574468085106383
BF_g_101_Aliihoeflea,bacterial-taxa,float64,0,0.0,23,False,0.9479905437352246
BF_g_106_Alkaliphilus,bacterial-taxa,float64,0,0.0,7,False,0.9858156028368794
BF_g_107_Alkanibacter,bacterial-taxa,float64,0,0.0,55,False,0.8723404255319149
BF_g_108_Alkanindiges,bacterial-taxa,float64,0,0.0,7,False,0.9858156028368794
BF_g_110_Allocatelliglobosispora,bacterial-taxa,float64,0,0.0,15,False,0.966903073286052
BF_g_111_Allorhizobium-Neorhizobium-Pararhizobium-Rhizobium,bacterial-taxa,float64,0,0.0,401,False,0.054373522458628844
BF_g_112_alphaI_cluster,bacterial-taxa,float64,0,0.0,223,False,0.475177304964539
BF_g_113_Alsobacter,bacterial-taxa,float64,0,0.0,337,False,0.20567375886524822
BF_g_114_Altererythrobacter,bacterial-taxa,float64,0,0.0,216,False,0.491725768321513
BF_g_115_Alterococcus,bacterial-taxa,float64,0,0.0,16,False,0.9645390070921985
BF_g_117_Amaricoccus,bacterial-taxa,float64,0,0.0,151,False,0.6453900709219859
BF_g_118_Amb-16S-1034,bacterial-taxa,float64,0,0.0,12,False,0.9739952718676123
BF_g_119_Amb-16S-1323,bacterial-taxa,float64,0,0.0,237,False,0.44208037825059104
BF_g_122_Aminobacter,bacterial-taxa,float64,0,0.0,38,False,0.9125295508274232
BF_g_124_Ammoniphilus,bacterial-taxa,float64,0,0.0,129,False,0.6973995271867612
BF_g_125_Amnibacterium,bacterial-taxa,float64,0,0.0,48,False,0.8888888888888888
BF_g_127_Amycolatopsis,bacterial-taxa,float64,0,0.0,102,False,0.7612293144208038
BF_g_130_Anaerocolumna,bacterial-taxa,float64,0,0.0,152,False,0.6430260047281324
BF_g_132_Anaerolinea,bacterial-taxa,float64,0,0.0,15,False,0.966903073286052
BF_g_134_Anaerolineae,bacterial-taxa,float64,0,0.0,214,False,0.49645390070921985
BF_g_135_Anaeromyxobacter,bacterial-taxa,float64,0,0.0,355,False,0.1607565011820331
BF_g_137_Anaerosinus,bacterial-taxa,float64,0,0.0,44,False,0.8983451536643026
BF_g_138_Anaerospora,bacterial-taxa,float64,0,0.0,9,False,0.9810874704491725
BF_g_139_Anaerosporobacter,bacterial-taxa,float64,0,0.0,14,False,0.9692671394799054
BF_g_144_Ancylothrix_8PC,bacterial-taxa,float64,0,0.0,5,False,0.9905437352245863
BF_g_145_Aneurinibacillus,bacterial-taxa,float64,0,0.0,11,False,0.9763593380614657
BF_g_147_Angustibacter,bacterial-taxa,float64,0,0.0,373,False,0.12056737588652482
BF_g_149_Anoxybacillus,bacterial-taxa,float64,0,0.0,8,False,0.983451536643026
BF_g_150_Antricoccus,bacterial-taxa,float64,0,0.0,8,False,0.983451536643026
BF_g_152_Aquabacterium,bacterial-taxa,float64,0,0.0,36,False,0.91725768321513
BF_g_154_Aquicella,bacterial-taxa,float64,0,0.0,316,False,0.2553191489361702
BF_g_155_Aquipuribacter,bacterial-taxa,float64,0,0.0,8,False,0.983451536643026
BF_g_156_Aquisphaera,bacterial-taxa,float64,0,0.0,271,False,0.3617021276595745
BF_g_160_Archangium,bacterial-taxa,float64,0,0.0,230,False,0.458628841607565
BF_g_163_Arcticibacter,bacterial-taxa,float64,0,0.0,49,False,0.8865248226950354
BF_g_165_Arenimonas,bacterial-taxa,float64,0,0.0,280,False,0.3404255319148936
BF_g_166_Aridibacter,bacterial-taxa,float64,0,0.0,117,False,0.7257683215130024
BF_g_167_Armatimonadales,bacterial-taxa,float64,0,0.0,164,False,0.6146572104018913
BF_g_169_Arsenicitalea,bacterial-taxa,float64,0,0.0,7,False,0.9858156028368794
BF_g_170_Arthrobacter,bacterial-taxa,float64,0,0.0,211,False,0.5035460992907801
BF_g_171_Asanoa,bacterial-taxa,float64,0,0.0,5,False,0.9905437352245863
BF_g_172_Asticcacaulis,bacterial-taxa,float64,0,0.0,82,False,0.8085106382978723
BF_g_173_AT-s3-28,bacterial-taxa,float64,0,0.0,48,False,0.8888888888888888
BF_g_177_Aurantisolimonas,bacterial-taxa,float64,0,0.0,157,False,0.6312056737588653
BF_g_178_Aureibacillus,bacterial-taxa,float64,0,0.0,8,False,0.983451536643026
BF_g_179_Aureimonas,bacterial-taxa,float64,0,0.0,78,False,0.817966903073286
BF_g_180_Aureispira,bacterial-taxa,float64,0,0.0,5,False,0.9905437352245863
BF_g_181_Azoarcus,bacterial-taxa,float64,0,0.0,10,False,0.9787234042553191
BF_g_182_Azohydromonas,bacterial-taxa,float64,0,0.0,65,False,0.8486997635933806
BF_g_183_Azospira,bacterial-taxa,float64,0,0.0,8,False,0.983451536643026
BF_g_184_Azospirillum,bacterial-taxa,float64,0,0.0,27,False,0.9385342789598109
BF_g_187_B1-7BS,bacterial-taxa,float64,0,0.0,48,False,0.8888888888888888
BF_g_188_B10-SB3A,bacterial-taxa,float64,0,0.0,196,False,0.5390070921985816
BF_g_189_B12-WMSP1,bacterial-taxa,float64,0,0.0,242,False,0.4302600472813239
BF_g_192_Babeliaceae,bacterial-taxa,float64,0,0.0,115,False,0.7304964539007093
BF_g_193_Babeliales,bacterial-taxa,float64,0,0.0,133,False,0.6855791962174941
BF_g_196_Bacillus,bacterial-taxa,float64,0,0.0,423,False,0.002364066193853428
BF_g_198_bacteriap25,bacterial-taxa,float64,0,0.0,310,False,0.26713947990543735
BF_g_199_Bacteriovorax,bacterial-taxa,float64,0,0.0,84,False,0.8037825059101655
BF_g_200_Bacteroides,bacterial-taxa,float64,0,0.0,7,False,0.9858156028368794
BF_g_203_Bacteroidetes_VC2.1_Bac22,bacterial-taxa,float64,0,0.0,117,False,0.7210401891252955
BF_g_204_Baia,bacterial-taxa,float64,0,0.0,13,False,0.9716312056737588
BF_g_206_Bauldia,bacterial-taxa,float64,0,0.0,359,False,0.1536643026004728
BF_g_207_BBMC-4,bacterial-taxa,float64,0,0.0,4,False,0.9929078014184397
BF_g_208_BD1-7_clade,bacterial-taxa,float64,0,0.0,11,False,0.9763593380614657
BF_g_209_BD2-11_terrestrial_group,bacterial-taxa,float64,0,0.0,140,False,0.6713947990543735
BF_g_210_BD7-11,bacterial-taxa,float64,0,0.0,261,False,0.38534278959810875
BF_g_211_Bdellovibrio,bacterial-taxa,float64,0,0.0,375,False,0.11583924349881797
BF_g_213_Beijerinckiaceae,bacterial-taxa,float64,0,0.0,10,False,0.9787234042553191
BF_g_214_Belnapia,bacterial-taxa,float64,0,0.0,26,False,0.9408983451536643
BF_g_215_Berkelbacteria,bacterial-taxa,float64,0,0.0,165,False,0.6004728132387707
BF_g_218_BIrii41,bacterial-taxa,float64,0,0.0,377,False,0.1111111111111111
BF_g_219_BIyi10,bacterial-taxa,float64,0,0.0,39,False,0.9101654846335697
BF_g_220_Blastocatella,bacterial-taxa,float64,0,0.0,140,False,0.6713947990543735
BF_g_222_Blastococcus,bacterial-taxa,float64,0,0.0,421,False,0.0070921985815602835
BF_g_226_Blfdi19,bacterial-taxa,float64,0,0.0,275,False,0.35224586288416077
BF_g_228_Bordetella,bacterial-taxa,float64,0,0.0,31,False,0.9290780141843972
BF_g_229_Bosea,bacterial-taxa,float64,0,0.0,240,False,0.43498817966903075
BF_g_233_Bradyrhizobium,bacterial-taxa,float64,0,0.0,420,False,0.009456264775413711
BF_g_234_Brevibacillus,bacterial-taxa,float64,0,0.0,73,False,0.8297872340425532
BF_g_235_Brevifollis,bacterial-taxa,float64,0,0.0,11,False,0.9763593380614657
BF_g_237_Brevundimonas,bacterial-taxa,float64,0,0.0,104,False,0.7565011820330969
BF_g_238_BRH-c20a,bacterial-taxa,float64,0,0.0,8,False,0.983451536643026
BF_g_240_Bryobacter,bacterial-taxa,float64,0,0.0,423,False,0.002364066193853428
BF_g_242_BSV26,bacterial-taxa,float64,0,0.0,118,False,0.723404255319149
BF_g_244_Burkholderia-Caballeronia-Paraburkholderia,bacterial-taxa,float64,0,0.0,395,False,0.06855791962174941
BF_g_246_Byssovorax,bacterial-taxa,float64,0,0.0,11,False,0.9763593380614657
BF_g_248_C0119,bacterial-taxa,float64,0,0.0,423,False,0.0
BF_g_249_C10-SB1A,bacterial-taxa,float64,0,0.0,32,False,0.9267139479905437
BF_g_252_Caenimonas,bacterial-taxa,float64,0,0.0,136,False,0.6808510638297872
BF_g_256_Caldicoprobacter,bacterial-taxa,float64,0,0.0,3,False,0.9952718676122931
BF_g_257_Caldilineaceae,bacterial-taxa,float64,0,0.0,74,False,0.8274231678486997
BF_g_258_Caldinitratiruptor,bacterial-taxa,float64,0,0.0,5,False,0.9905437352245863
BF_g_262_Camelimonas,bacterial-taxa,float64,0,0.0,16,False,0.9645390070921985
BF_g_263_Candidatus_Abawacabacteria,bacterial-taxa,float64,0,0.0,15,False,0.966903073286052
BF_g_265_Candidatus_Adlerbacteria,bacterial-taxa,float64,0,0.0,39,False,0.9101654846335697
BF_g_267_Candidatus_Alysiosphaera,bacterial-taxa,float64,0,0.0,395,False,0.06855791962174941
BF_g_269_Candidatus_Amoebophilus,bacterial-taxa,float64,0,0.0,20,False,0.9550827423167849
BF_g_270_Candidatus_Azambacteria,bacterial-taxa,float64,0,0.0,46,False,0.8912529550827423
BF_g_272_Candidatus_Berkiella,bacterial-taxa,float64,0,0.0,142,False,0.6666666666666666
BF_g_275_Candidatus_Campbellbacteria,bacterial-taxa,float64,0,0.0,9,False,0.9810874704491725
BF_g_276_Candidatus_Captivus,bacterial-taxa,float64,0,0.0,15,False,0.966903073286052
BF_g_278_Candidatus_Chisholmbacteria,bacterial-taxa,float64,0,0.0,26,False,0.9408983451536643
BF_g_279_Candidatus_Chloroploca,bacterial-taxa,float64,0,0.0,16,False,0.9645390070921985
BF_g_281_Candidatus_Collierbacteria,bacterial-taxa,float64,0,0.0,8,False,0.983451536643026
BF_g_282_Candidatus_Colwellbacteria,bacterial-taxa,float64,0,0.0,29,False,0.933806146572104
BF_g_283_Candidatus_Curtissbacteria,bacterial-taxa,float64,0,0.0,8,False,0.983451536643026
BF_g_284_Candidatus_Daviesbacteria,bacterial-taxa,float64,0,0.0,8,False,0.983451536643026
BF_g_285_Candidatus_Doudnabacteria,bacterial-taxa,float64,0,0.0,6,False,0.9881796690307328
BF_g_286_Candidatus_Endoecteinascidia,bacterial-taxa,float64,0,0.0,8,False,0.983451536643026
BF_g_297_Candidatus_Jidaibacter,bacterial-taxa,float64,0,0.0,21,False,0.9527186761229315
BF_g_298_Candidatus_Jorgensenbacteria,bacterial-taxa,float64,0,0.0,262,False,0.3829787234042553
BF_g_299_Candidatus_Kaiserbacteria,bacterial-taxa,float64,0,0.0,318,False,0.24822695035460993
BF_g_300_Candidatus_Kerfeldbacteria,bacterial-taxa,float64,0,0.0,17,False,0.9621749408983451
BF_g_301_Candidatus_Komeilibacteria,bacterial-taxa,float64,0,0.0,10,False,0.9787234042553191
BF_g_302_Candidatus_Koribacter,bacterial-taxa,float64,0,0.0,236,False,0.4444444444444444
BF_g_303_Candidatus_Kuenenbacteria,bacterial-taxa,float64,0,0.0,19,False,0.9574468085106383
BF_g_305_Candidatus_Levybacteria,bacterial-taxa,float64,0,0.0,284,False,0.3309692671394799
BF_g_306_Candidatus_Liptonbacteria,bacterial-taxa,float64,0,0.0,51,False,0.8817966903073287
BF_g_308_Candidatus_Lumbricincola,bacterial-taxa,float64,0,0.0,11,False,0.9763593380614657
BF_g_309_Candidatus_Magasanikbacteria,bacterial-taxa,float64,0,0.0,83,False,0.8037825059101655
BF_g_310_Candidatus_Megaira,bacterial-taxa,float64,0,0.0,9,False,0.9810874704491725
BF_g_312_Candidatus_Metachlamydia,bacterial-taxa,float64,0,0.0,5,False,0.9905437352245863
BF_g_316_Candidatus_Moranbacteria,bacterial-taxa,float64,0,0.0,16,False,0.9645390070921985
BF_g_317_Candidatus_Nitrocosmicus,bacterial-taxa,float64,0,0.0,17,False,0.9621749408983451
BF_g_320_Candidatus_Nomurabacteria,bacterial-taxa,float64,0,0.0,46,False,0.8936170212765957
BF_g_321_Candidatus_Nostocoida,bacterial-taxa,float64,0,0.0,57,False,0.8676122931442081
BF_g_322_Candidatus_Nucleicultrix,bacterial-taxa,float64,0,0.0,12,False,0.9739952718676123
BF_g_324_Candidatus_Odyssella,bacterial-taxa,float64,0,0.0,6,False,0.9881796690307328
BF_g_325_Candidatus_Omnitrophus,bacterial-taxa,float64,0,0.0,29,False,0.933806146572104
BF_g_326_Candidatus_Ovatusbacter,bacterial-taxa,float64,0,0.0,181,False,0.5721040189125296
BF_g_327_Candidatus_Pacebacteria,bacterial-taxa,float64,0,0.0,82,False,0.8014184397163121
BF_g_330_Candidatus_Paracaedibacter,bacterial-taxa,float64,0,0.0,25,False,0.9432624113475178
BF_g_331_Candidatus_Peregrinibacteria,bacterial-taxa,float64,0,0.0,30,False,0.9314420803782506
BF_g_332_Candidatus_Peribacteria,bacterial-taxa,float64,0,0.0,111,False,0.735224586288416
BF_g_333_Candidatus_Protochlamydia,bacterial-taxa,float64,0,0.0,182,False,0.5721040189125296
BF_g_336_Candidatus_Roizmanbacteria,bacterial-taxa,float64,0,0.0,15,False,0.9645390070921985
BF_g_338_Candidatus_Ryanbacteria,bacterial-taxa,float64,0,0.0,14,False,0.9692671394799054
BF_g_341_Candidatus_Soleaferrea,bacterial-taxa,float64,0,0.0,16,False,0.9645390070921985
BF_g_342_Candidatus_Solibacter,bacterial-taxa,float64,0,0.0,423,False,0.002364066193853428
BF_g_343_Candidatus_Spiroplasma,bacterial-taxa,float64,0,0.0,150,False,0.6477541371158393
BF_g_344_Candidatus_Staskawiczbacteria,bacterial-taxa,float64,0,0.0,59,False,0.8628841607565012
BF_g_348_Candidatus_Udaeobacter,bacterial-taxa,float64,0,0.0,416,False,0.018912529550827423
BF_g_350_Candidatus_Vogelbacteria,bacterial-taxa,float64,0,0.0,15,False,0.966903073286052
BF_g_351_Candidatus_Woesebacteria,bacterial-taxa,float64,0,0.0,129,False,0.6903073286052009
BF_g_353_Candidatus_Woykebacteria,bacterial-taxa,float64,0,0.0,16,False,0.9645390070921985
BF_g_354_Candidatus_Xiphinematobacter,bacterial-taxa,float64,0,0.0,236,False,0.4444444444444444
BF_g_355_Candidatus_Yanofskybacteria,bacterial-taxa,float64,0,0.0,176,False,0.5862884160756501
BF_g_356_Candidatus_Zambryskibacteria,bacterial-taxa,float64,0,0.0,18,False,0.9598108747044918
BF_g_357_Candidimonas,bacterial-taxa,float64,0,0.0,7,False,0.9858156028368794
BF_g_358_Caproiciproducens,bacterial-taxa,float64,0,0.0,20,False,0.9550827423167849
BF_g_360_Caryophanon,bacterial-taxa,float64,0,0.0,10,False,0.9787234042553191
BF_g_361_Castellaniella,bacterial-taxa,float64,0,0.0,42,False,0.9030732860520094
BF_g_362_Catellatospora,bacterial-taxa,float64,0,0.0,89,False,0.7919621749408984
BF_g_363_Catenulispora,bacterial-taxa,float64,0,0.0,159,False,0.6264775413711584
BF_g_364_Catenuloplanes,bacterial-taxa,float64,0,0.0,10,False,0.9787234042553191
BF_g_365_Caulobacter,bacterial-taxa,float64,0,0.0,141,False,0.6690307328605201
BF_g_366_Cavicella,bacterial-taxa,float64,0,0.0,23,False,0.9479905437352246
BF_g_367_CCD24,bacterial-taxa,float64,0,0.0,297,False,0.30023640661938533
BF_g_370_Cellulomonas,bacterial-taxa,float64,0,0.0,293,False,0.3073286052009456
BF_g_371_Cellulosilyticum,bacterial-taxa,float64,0,0.0,6,False,0.9881796690307328
BF_g_372_Cellulosimicrobium,bacterial-taxa,float64,0,0.0,58,False,0.8652482269503546
BF_g_373_Cellvibrio,bacterial-taxa,float64,0,0.0,251,False,0.408983451536643
BF_g_374_CENA518,bacterial-taxa,float64,0,0.0,12,False,0.9739952718676123
BF_g_375_Cephaloticoccus,bacterial-taxa,float64,0,0.0,23,False,0.9479905437352246
BF_g_376_Cerasicoccus,bacterial-taxa,float64,0,0.0,7,False,0.9858156028368794
BF_g_379_CHAB-XI-27,bacterial-taxa,float64,0,0.0,3,False,0.9952718676122931
BF_g_382_Chiayiivirga,bacterial-taxa,float64,0,0.0,16,False,0.9645390070921985
BF_g_385_Chitinimonas,bacterial-taxa,float64,0,0.0,19,False,0.9574468085106383
BF_g_388_Chitinophaga,bacterial-taxa,float64,0,0.0,157,False,0.6312056737588653
BF_g_389_Chitinophagaceae,bacterial-taxa,float64,0,0.0,33,False,0.9243498817966903
BF_g_390_Chlamydiaceae,bacterial-taxa,float64,0,0.0,7,False,0.9858156028368794
BF_g_394_Chloronema,bacterial-taxa,float64,0,0.0,11,False,0.9763593380614657
BF_g_395_Chloroplast,bacterial-taxa,float64,0,0.0,388,False,0.0851063829787234
BF_g_397_Christensenellaceae_R-7_group,bacterial-taxa,float64,0,0.0,6,False,0.9881796690307328
BF_g_398_Chryseobacterium,bacterial-taxa,float64,0,0.0,178,False,0.5815602836879432
BF_g_399_Chryseolinea,bacterial-taxa,float64,0,0.0,260,False,0.3877068557919622
BF_g_400_Chthoniobacter,bacterial-taxa,float64,0,0.0,398,False,0.061465721040189124
BF_g_402_Chthonobacter,bacterial-taxa,float64,0,0.0,6,False,0.9881796690307328
BF_g_403_Chthonomonadales,bacterial-taxa,float64,0,0.0,190,False,0.5508274231678487
BF_g_404_Chthonomonas,bacterial-taxa,float64,0,0.0,286,False,0.3262411347517731
BF_g_405_Chujaibacter,bacterial-taxa,float64,0,0.0,170,False,0.6004728132387707
BF_g_406_Chungangia,bacterial-taxa,float64,0,0.0,14,False,0.9692671394799054
BF_g_408_Citrifermentans,bacterial-taxa,float64,0,0.0,70,False,0.8368794326241135
BF_g_411_CL500-29_marine_group,bacterial-taxa,float64,0,0.0,406,False,0.0425531914893617
BF_g_412_CL500-3,bacterial-taxa,float64,0,0.0,28,False,0.9361702127659575
BF_g_416_Clostridia_UCG-014,bacterial-taxa,float64,0,0.0,4,False,0.9929078014184397
BF_g_418_Clostridioides,bacterial-taxa,float64,0,0.0,9,False,0.9810874704491725
BF_g_419_Clostridium_sensu_stricto_1,bacterial-taxa,float64,0,0.0,288,False,0.3215130023640662
BF_g_420_Clostridium_sensu_stricto_10,bacterial-taxa,float64,0,0.0,18,False,0.9598108747044918
BF_g_421_Clostridium_sensu_stricto_11,bacterial-taxa,float64,0,0.0,7,False,0.9858156028368794
BF_g_422_Clostridium_sensu_stricto_12,bacterial-taxa,float64,0,0.0,59,False,0.8628841607565012
BF_g_423_Clostridium_sensu_stricto_13,bacterial-taxa,float64,0,0.0,412,False,0.028368794326241134
BF_g_424_Clostridium_sensu_stricto_19,bacterial-taxa,float64,0,0.0,7,False,0.9858156028368794
BF_g_425_Clostridium_sensu_stricto_2,bacterial-taxa,float64,0,0.0,7,False,0.9858156028368794
BF_g_426_Clostridium_sensu_stricto_3,bacterial-taxa,float64,0,0.0,13,False,0.9716312056737588
BF_g_427_Clostridium_sensu_stricto_5,bacterial-taxa,float64,0,0.0,15,False,0.966903073286052
BF_g_430_Clostridium_sensu_stricto_8,bacterial-taxa,float64,0,0.0,9,False,0.9810874704491725
BF_g_431_Clostridium_sensu_stricto_9,bacterial-taxa,float64,0,0.0,25,False,0.9432624113475178
BF_g_434_Cohnella,bacterial-taxa,float64,0,0.0,227,False,0.4657210401891253
BF_g_435_Collimonas,bacterial-taxa,float64,0,0.0,13,False,0.9716312056737588
BF_g_437_Comamonas,bacterial-taxa,float64,0,0.0,11,False,0.9763593380614657
BF_g_438_Conexibacter,bacterial-taxa,float64,0,0.0,408,False,0.037825059101654845
BF_g_441_Corallococcus,bacterial-taxa,float64,0,0.0,184,False,0.5673758865248227
BF_g_444_Coxiella,bacterial-taxa,float64,0,0.0,73,False,0.8274231678486997
BF_g_447_Craurococcus-Caldovatus,bacterial-taxa,float64,0,0.0,120,False,0.7186761229314421
BF_g_451_Crinalium_SAG_22.89,bacterial-taxa,float64,0,0.0,28,False,0.9361702127659575
BF_g_453_Crocinitomix,bacterial-taxa,float64,0,0.0,25,False,0.9432624113475178
BF_g_454_Crossiella,bacterial-taxa,float64,0,0.0,233,False,0.4515366430260047
BF_g_455_Cryobacterium,bacterial-taxa,float64,0,0.0,294,False,0.3073286052009456
BF_g_457_Cryptosporangium,bacterial-taxa,float64,0,0.0,19,False,0.9574468085106383
BF_g_458_Cupriavidus,bacterial-taxa,float64,0,0.0,50,False,0.8841607565011821
BF_g_459_Curtobacterium,bacterial-taxa,float64,0,0.0,43,False,0.900709219858156
BF_g_461_cvE6,bacterial-taxa,float64,0,0.0,83,False,0.806146572104019
BF_g_462_CWT_CU03-E12,bacterial-taxa,float64,0,0.0,84,False,0.8037825059101655
BF_g_463_Cyanobacteriaceae,bacterial-taxa,float64,0,0.0,8,False,0.983451536643026
BF_g_467_Cystobacter,bacterial-taxa,float64,0,0.0,108,False,0.7470449172576832
BF_g_468_Cytophaga,bacterial-taxa,float64,0,0.0,185,False,0.5650118203309693
BF_g_469_Cytophagaceae,bacterial-taxa,float64,0,0.0,21,False,0.9527186761229315
BF_g_470_D05-2,bacterial-taxa,float64,0,0.0,46,False,0.8936170212765957
BF_g_472_Dactylosporangium,bacterial-taxa,float64,0,0.0,375,False,0.11583924349881797
BF_g_474_Dechloromonas,bacterial-taxa,float64,0,0.0,24,False,0.9456264775413712
BF_g_478_Defluviicoccus,bacterial-taxa,float64,0,0.0,37,False,0.9148936170212766
BF_g_483_Deinococcus,bacterial-taxa,float64,0,0.0,264,False,0.375886524822695
BF_g_484_Delftia,bacterial-taxa,float64,0,0.0,8,False,0.983451536643026
BF_g_496_Desulfitobacterium,bacterial-taxa,float64,0,0.0,10,False,0.9787234042553191
BF_g_504_Desulfosporosinus,bacterial-taxa,float64,0,0.0,106,False,0.7494089834515366
BF_g_511_Desulfuromonas,bacterial-taxa,float64,0,0.0,7,False,0.9858156028368794
BF_g_514_DEV008,bacterial-taxa,float64,0,0.0,58,False,0.8652482269503546
BF_g_515_DEV114,bacterial-taxa,float64,0,0.0,42,False,0.9030732860520094
BF_g_516_Devosia,bacterial-taxa,float64,0,0.0,415,False,0.02127659574468085
BF_g_519_Dinghuibacter,bacterial-taxa,float64,0,0.0,56,False,0.8699763593380615
BF_g_521_Dojkabacteria,bacterial-taxa,float64,0,0.0,235,False,0.44208037825059104
BF_g_522_Dokdonella,bacterial-taxa,float64,0,0.0,358,False,0.15602836879432624
BF_g_523_Domibacillus,bacterial-taxa,float64,0,0.0,74,False,0.8274231678486997
BF_g_524_Dongia,bacterial-taxa,float64,0,0.0,248,False,0.4160756501182033
BF_g_525_DS-100,bacterial-taxa,float64,0,0.0,226,False,0.46808510638297873
BF_g_529_Duganella,bacterial-taxa,float64,0,0.0,78,False,0.817966903073286
BF_g_530_Dyadobacter,bacterial-taxa,float64,0,0.0,247,False,0.41843971631205673
BF_g_531_Dyella,bacterial-taxa,float64,0,0.0,122,False,0.7139479905437353
BF_g_533_Dysgonomonas,bacterial-taxa,float64,0,0.0,12,False,0.9739952718676123
BF_g_534_E1B-B3-114,bacterial-taxa,float64,0,0.0,21,False,0.950354609929078
BF_g_535_EC3,bacterial-taxa,float64,0,0.0,14,False,0.9692671394799054
BF_g_536_Edaphobacter,bacterial-taxa,float64,0,0.0,153,False,0.640661938534279
BF_g_537_Edaphobaculum,bacterial-taxa,float64,0,0.0,347,False,0.18203309692671396
BF_g_538_Eel-36e1D6,bacterial-taxa,float64,0,0.0,16,False,0.9645390070921985
BF_g_540_Effusibacillus,bacterial-taxa,float64,0,0.0,7,False,0.9858156028368794
BF_g_541_Elev-1554,bacterial-taxa,float64,0,0.0,208,False,0.5106382978723404
BF_g_542_Elev-16S-1166,bacterial-taxa,float64,0,0.0,37,False,0.9148936170212766
BF_g_543_Elev-16S-573,bacterial-taxa,float64,0,0.0,169,False,0.5957446808510638
BF_g_546_Ellin516,bacterial-taxa,float64,0,0.0,253,False,0.40425531914893614
BF_g_547_Ellin517,bacterial-taxa,float64,0,0.0,272,False,0.35933806146572106
BF_g_548_Ellin6055,bacterial-taxa,float64,0,0.0,121,False,0.7163120567375887
BF_g_549_Ellin6067,bacterial-taxa,float64,0,0.0,390,False,0.08037825059101655
BF_g_551_Emticicia,bacterial-taxa,float64,0,0.0,76,False,0.8226950354609929
BF_g_554_Ensifer,bacterial-taxa,float64,0,0.0,28,False,0.9361702127659575
BF_g_556_Enterobacter,bacterial-taxa,float64,0,0.0,18,False,0.9598108747044918
BF_g_558_Entotheonellaceae,bacterial-taxa,float64,0,0.0,64,False,0.851063829787234
BF_g_559_env.OPS_17,bacterial-taxa,float64,0,0.0,362,False,0.14657210401891252
BF_g_566_Erysipelatoclostridium,bacterial-taxa,float64,0,0.0,10,False,0.9787234042553191
BF_g_571_Ethanoligenens,bacterial-taxa,float64,0,0.0,7,False,0.9858156028368794
BF_g_573_EV818SWSAP88,bacterial-taxa,float64,0,0.0,12,False,0.9739952718676123
BF_g_574_Exiguobacterium,bacterial-taxa,float64,0,0.0,18,False,0.9598108747044918
BF_g_577_Falsirhodobacter,bacterial-taxa,float64,0,0.0,43,False,0.900709219858156
BF_g_581_FCPS473,bacterial-taxa,float64,0,0.0,222,False,0.475177304964539
BF_g_582_FCPU426,bacterial-taxa,float64,0,0.0,251,False,0.408983451536643
BF_g_583_FCPU453,bacterial-taxa,float64,0,0.0,90,False,0.789598108747045
BF_g_586_Ferrovibrio,bacterial-taxa,float64,0,0.0,9,False,0.9810874704491725
BF_g_587_Ferruginibacter,bacterial-taxa,float64,0,0.0,353,False,0.16784869976359337
BF_g_589_FFCH16767,bacterial-taxa,float64,0,0.0,7,False,0.9858156028368794
BF_g_590_FFCH5858,bacterial-taxa,float64,0,0.0,8,False,0.983451536643026
BF_g_591_FFCH7168,bacterial-taxa,float64,0,0.0,252,False,0.4066193853427896
BF_g_592_FFCH9454,bacterial-taxa,float64,0,0.0,58,False,0.8652482269503546
BF_g_593_Fibrella,bacterial-taxa,float64,0,0.0,81,False,0.8108747044917257
BF_g_595_Fictibacillus,bacterial-taxa,float64,0,0.0,7,False,0.9858156028368794
BF_g_596_Filimonas,bacterial-taxa,float64,0,0.0,31,False,0.9290780141843972
BF_g_597_Filomicrobium,bacterial-taxa,float64,0,0.0,6,False,0.9881796690307328
BF_g_599_Fimbriimonadaceae,bacterial-taxa,float64,0,0.0,261,False,0.38534278959810875
BF_g_600_Fimbriimonadales,bacterial-taxa,float64,0,0.0,7,False,0.9858156028368794
BF_g_603_Flaviaesturariibacter,bacterial-taxa,float64,0,0.0,27,False,0.9385342789598109
BF_g_604_Flavihumibacter,bacterial-taxa,float64,0,0.0,36,False,0.91725768321513
BF_g_605_Flavisolibacter,bacterial-taxa,float64,0,0.0,379,False,0.10638297872340426
BF_g_606_Flavitalea,bacterial-taxa,float64,0,0.0,246,False,0.42080378250591016
BF_g_607_Flavobacterium,bacterial-taxa,float64,0,0.0,388,False,0.0851063829787234
BF_g_608_Flexibacter,bacterial-taxa,float64,0,0.0,28,False,0.9361702127659575
BF_g_609_Flexivirga,bacterial-taxa,float64,0,0.0,55,False,0.8723404255319149
BF_g_611_Fluviicola,bacterial-taxa,float64,0,0.0,93,False,0.7825059101654847
BF_g_613_Fonticella,bacterial-taxa,float64,0,0.0,14,False,0.9692671394799054
BF_g_615_Frankia,bacterial-taxa,float64,0,0.0,52,False,0.8794326241134752
BF_g_616_Frankiales,bacterial-taxa,float64,0,0.0,17,False,0.9621749408983451
BF_g_617_Frateuria,bacterial-taxa,float64,0,0.0,5,False,0.9905437352245863
BF_g_618_Friedmanniella,bacterial-taxa,float64,0,0.0,170,False,0.6004728132387707
BF_g_622_FukuN18_freshwater_group,bacterial-taxa,float64,0,0.0,10,False,0.9787234042553191
BF_g_628_G12-WMSP1,bacterial-taxa,float64,0,0.0,93,False,0.7825059101654847
BF_g_629_Ga0074140,bacterial-taxa,float64,0,0.0,10,False,0.9787234042553191
BF_g_630_Ga0077536,bacterial-taxa,float64,0,0.0,7,False,0.9858156028368794
BF_g_631_Gaiella,bacterial-taxa,float64,0,0.0,389,False,0.08274231678486997
BF_g_632_GAL15,bacterial-taxa,float64,0,0.0,35,False,0.9196217494089834
BF_g_633_Galbitalea,bacterial-taxa,float64,0,0.0,34,False,0.9219858156028369
BF_g_637_Geminicoccus,bacterial-taxa,float64,0,0.0,111,False,0.7399527186761229
BF_g_638_Gemmata,bacterial-taxa,float64,0,0.0,262,False,0.3829787234042553
BF_g_641_Gemmatimonas,bacterial-taxa,float64,0,0.0,423,False,0.002364066193853428
BF_g_643_Geobacillus,bacterial-taxa,float64,0,0.0,16,False,0.9645390070921985
BF_g_644_Geobacter,bacterial-taxa,float64,0,0.0,25,False,0.9432624113475178
BF_g_646_Geodermatophilus,bacterial-taxa,float64,0,0.0,348,False,0.17966903073286053
BF_g_648_Georgfuchsia,bacterial-taxa,float64,0,0.0,10,False,0.9787234042553191
BF_g_652_Geothrix,bacterial-taxa,float64,0,0.0,23,False,0.9479905437352246
BF_g_655_Gitt-GS-136,bacterial-taxa,float64,0,0.0,353,False,0.16784869976359337
BF_g_658_Glutamicibacter,bacterial-taxa,float64,0,0.0,7,False,0.9858156028368794
BF_g_659_Glycomyces,bacterial-taxa,float64,0,0.0,12,False,0.9739952718676123
BF_g_660_Gordonia,bacterial-taxa,float64,0,0.0,32,False,0.9267139479905437
BF_g_662_GOUTA6,bacterial-taxa,float64,0,0.0,13,False,0.9716312056737588
BF_g_666_Gracilibacteria,bacterial-taxa,float64,0,0.0,56,False,0.8699763593380615
BF_g_668_Granulicella,bacterial-taxa,float64,0,0.0,218,False,0.48699763593380613
BF_g_669_Group_1.1c,bacterial-taxa,float64,0,0.0,12,False,0.9739952718676123
BF_g_670_Gryllotalpicola,bacterial-taxa,float64,0,0.0,6,False,0.9881796690307328
BF_g_672_GW2011_GWC1_47_15,bacterial-taxa,float64,0,0.0,7,False,0.9858156028368794
BF_g_678_Haliangium,bacterial-taxa,float64,0,0.0,417,False,0.016548463356973995
BF_g_680_Halocella,bacterial-taxa,float64,0,0.0,4,False,0.9929078014184397
BF_g_681_Halomonas,bacterial-taxa,float64,0,0.0,23,False,0.9479905437352246
BF_g_683_Hamadaea,bacterial-taxa,float64,0,0.0,8,False,0.983451536643026
BF_g_685_Heliimonas,bacterial-taxa,float64,0,0.0,10,False,0.9787234042553191
BF_g_686_Herbaspirillum,bacterial-taxa,float64,0,0.0,22,False,0.950354609929078
BF_g_687_Herbinix,bacterial-taxa,float64,0,0.0,24,False,0.9456264775413712
BF_g_688_Herminiimonas,bacterial-taxa,float64,0,0.0,39,False,0.9101654846335697
BF_g_689_Herpetosiphon,bacterial-taxa,float64,0,0.0,134,False,0.6855791962174941
BF_g_691_Hirschia,bacterial-taxa,float64,0,0.0,151,False,0.6453900709219859
BF_g_694_Holophaga,bacterial-taxa,float64,0,0.0,114,False,0.7328605200945626
BF_g_698_HSB_OF53-F07,bacterial-taxa,float64,0,0.0,137,False,0.6784869976359338
BF_g_700_Humibacter,bacterial-taxa,float64,0,0.0,6,False,0.9881796690307328
BF_g_702_Hydrogenedensaceae,bacterial-taxa,float64,0,0.0,68,False,0.8416075650118203
BF_g_703_Hydrogenispora,bacterial-taxa,float64,0,0.0,42,False,0.9030732860520094
BF_g_704_Hydrogenophaga,bacterial-taxa,float64,0,0.0,14,False,0.9692671394799054
BF_g_706_Hymenobacter,bacterial-taxa,float64,0,0.0,250,False,0.408983451536643
BF_g_708_Hyphomicrobium,bacterial-taxa,float64,0,0.0,414,False,0.02364066193853428
BF_g_710_I-8,bacterial-taxa,float64,0,0.0,19,False,0.9574468085106383
BF_g_711_Iamia,bacterial-taxa,float64,0,0.0,380,False,0.10401891252955082
BF_g_712_Ideonella,bacterial-taxa,float64,0,0.0,22,False,0.950354609929078
BF_g_716_Ilumatobacter,bacterial-taxa,float64,0,0.0,209,False,0.508274231678487
BF_g_717_Ilumatobacteraceae,bacterial-taxa,float64,0,0.0,10,False,0.9787234042553191
BF_g_718_IMCC26134,bacterial-taxa,float64,0,0.0,11,False,0.9763593380614657
BF_g_719_IMCC26207,bacterial-taxa,float64,0,0.0,48,False,0.8888888888888888
BF_g_720_IMCC26256,bacterial-taxa,float64,0,0.0,423,False,0.002364066193853428
BF_g_721_Incertae_Sedis,bacterial-taxa,float64,0,0.0,16,False,0.9645390070921985
BF_g_723_Inquilinus,bacterial-taxa,float64,0,0.0,43,False,0.900709219858156
BF_g_727_Intrasporangium,bacterial-taxa,float64,0,0.0,18,False,0.9598108747044918
BF_g_728_IS-44,bacterial-taxa,float64,0,0.0,335,False,0.21040189125295508
BF_g_730_Isosphaera,bacterial-taxa,float64,0,0.0,4,False,0.9929078014184397
BF_g_732_Jahnella,bacterial-taxa,float64,0,0.0,8,False,0.983451536643026
BF_g_733_Janthinobacterium,bacterial-taxa,float64,0,0.0,7,False,0.9858156028368794
BF_g_734_Jatrophihabitans,bacterial-taxa,float64,0,0.0,412,False,0.028368794326241134
BF_g_735_JCM_18997,bacterial-taxa,float64,0,0.0,124,False,0.7092198581560284
BF_g_736_JG30-KF-AS9,bacterial-taxa,float64,0,0.0,369,False,0.13002364066193853
BF_g_737_JG30-KF-CM45,bacterial-taxa,float64,0,0.0,421,False,0.0070921985815602835
BF_g_738_JG30-KF-CM66,bacterial-taxa,float64,0,0.0,414,False,0.02364066193853428
BF_g_739_JG30a-KF-32,bacterial-taxa,float64,0,0.0,188,False,0.557919621749409
BF_g_740_JG36-GS-52,bacterial-taxa,float64,0,0.0,26,False,0.9408983451536643
BF_g_741_JG36-TzT-191,bacterial-taxa,float64,0,0.0,120,False,0.7186761229314421
BF_g_743_JGI_0001001-H03,bacterial-taxa,float64,0,0.0,330,False,0.2222222222222222
BF_g_748_JTB255_marine_benthic_group,bacterial-taxa,float64,0,0.0,39,False,0.9101654846335697
BF_g_749_Kaistia,bacterial-taxa,float64,0,0.0,209,False,0.508274231678487
BF_g_751_Kapabacteriales,bacterial-taxa,float64,0,0.0,336,False,0.20567375886524822
BF_g_752_Kazania,bacterial-taxa,float64,0,0.0,44,False,0.8983451536643026
BF_g_754_KD3-10,bacterial-taxa,float64,0,0.0,300,False,0.29314420803782504
BF_g_755_KD3-93,bacterial-taxa,float64,0,0.0,150,False,0.6477541371158393
BF_g_756_KD4-96,bacterial-taxa,float64,0,0.0,423,False,0.002364066193853428
BF_g_758_KF-JG30-B3,bacterial-taxa,float64,0,0.0,334,False,0.2127659574468085
BF_g_759_KF-JG30-C25,bacterial-taxa,float64,0,0.0,143,False,0.6643026004728132
BF_g_760_KI89A_clade,bacterial-taxa,float64,0,0.0,62,False,0.8557919621749409
BF_g_762_Kineococcus,bacterial-taxa,float64,0,0.0,51,False,0.8817966903073287
BF_g_763_Kineosporia,bacterial-taxa,float64,0,0.0,380,False,0.10401891252955082
BF_g_766_Kitasatospora,bacterial-taxa,float64,0,0.0,204,False,0.5200945626477541
BF_g_768_Klenkia,bacterial-taxa,float64,0,0.0,40,False,0.9078014184397163
BF_g_771_Kouleothrix,bacterial-taxa,float64,0,0.0,55,False,0.8723404255319149
BF_g_772_Krasilnikovia,bacterial-taxa,float64,0,0.0,53,False,0.8770685579196218
BF_g_773_Kribbella,bacterial-taxa,float64,0,0.0,138,False,0.6761229314420804
BF_g_774_Kroppenstedtia,bacterial-taxa,float64,0,0.0,9,False,0.9810874704491725
BF_g_775_Ktedonobacter,bacterial-taxa,float64,0,0.0,87,False,0.7966903073286052
BF_g_776_Ktedonobacteraceae,bacterial-taxa,float64,0,0.0,11,False,0.9763593380614657
BF_g_777_Kurthia,bacterial-taxa,float64,0,0.0,40,False,0.9078014184397163
BF_g_778_Kutzneria,bacterial-taxa,float64,0,0.0,47,False,0.8912529550827423
BF_g_780_Labilithrix,bacterial-taxa,float64,0,0.0,16,False,0.9645390070921985
BF_g_781_Labrys,bacterial-taxa,float64,0,0.0,326,False,0.23167848699763594
BF_g_783_Lachnoclostridium,bacterial-taxa,float64,0,0.0,111,False,0.7399527186761229
BF_g_788_Lacibacter,bacterial-taxa,float64,0,0.0,10,False,0.9787234042553191
BF_g_793_Lacunisphaera,bacterial-taxa,float64,0,0.0,289,False,0.3191489361702128
BF_g_795_Lapillicoccus,bacterial-taxa,float64,0,0.0,10,False,0.9787234042553191
BF_g_796_Larkinella,bacterial-taxa,float64,0,0.0,95,False,0.7777777777777778
BF_g_797_Latescibacteraceae,bacterial-taxa,float64,0,0.0,145,False,0.6595744680851063
BF_g_798_Latescibacterota,bacterial-taxa,float64,0,0.0,350,False,0.17257683215130024
BF_g_799_Lautropia,bacterial-taxa,float64,0,0.0,74,False,0.8274231678486997
BF_g_802_LD29,bacterial-taxa,float64,0,0.0,71,False,0.83451536643026
BF_g_804_Lechevalieria,bacterial-taxa,float64,0,0.0,51,False,0.8817966903073287
BF_g_806_Legionella,bacterial-taxa,float64,0,0.0,263,False,0.3806146572104019
BF_g_807_Leifsonia,bacterial-taxa,float64,0,0.0,124,False,0.7092198581560284
BF_g_811_Leptolyngbya_ANT.L52.2,bacterial-taxa,float64,0,0.0,30,False,0.9314420803782506
BF_g_812_Leptolyngbya_EcFYyyy-00,bacterial-taxa,float64,0,0.0,120,False,0.7186761229314421
BF_g_813_Leptolyngbya_Es-Yyy1000,bacterial-taxa,float64,0,0.0,98,False,0.7706855791962175
BF_g_814_Leptolyngbya_PCC-6306,bacterial-taxa,float64,0,0.0,7,False,0.9858156028368794
BF_g_816_Leptospira,bacterial-taxa,float64,0,0.0,8,False,0.983451536643026
BF_g_817_Leptospiraceae,bacterial-taxa,float64,0,0.0,8,False,0.983451536643026
BF_g_819_Leptothrix,bacterial-taxa,float64,0,0.0,10,False,0.9787234042553191
BF_g_821_Leuconostoc,bacterial-taxa,float64,0,0.0,8,False,0.983451536643026
BF_g_824_LH041,bacterial-taxa,float64,0,0.0,12,False,0.9739952718676123
BF_g_826_Limnobacter,bacterial-taxa,float64,0,0.0,54,False,0.8747044917257684
BF_g_828_Limnochordaceae,bacterial-taxa,float64,0,0.0,10,False,0.9787234042553191
BF_g_831_Lineage_IIa,bacterial-taxa,float64,0,0.0,291,False,0.3144208037825059
BF_g_832_Lineage_IIb,bacterial-taxa,float64,0,0.0,178,False,0.5815602836879432
BF_g_833_Lineage_IIc,bacterial-taxa,float64,0,0.0,38,False,0.9125295508274232
BF_g_834_Lineage_IV,bacterial-taxa,float64,0,0.0,303,False,0.2860520094562648
BF_g_835_Litorilinea,bacterial-taxa,float64,0,0.0,31,False,0.9290780141843972
BF_g_836_LiUU-11-161,bacterial-taxa,float64,0,0.0,30,False,0.9314420803782506
BF_g_838_Longimicrobiaceae,bacterial-taxa,float64,0,0.0,193,False,0.5460992907801419
BF_g_839_Longimicrobium,bacterial-taxa,float64,0,0.0,26,False,0.9408983451536643
BF_g_840_Longispora,bacterial-taxa,float64,0,0.0,19,False,0.9574468085106383
BF_g_841_Longivirga,bacterial-taxa,float64,0,0.0,14,False,0.9692671394799054
BF_g_842_Luedemannella,bacterial-taxa,float64,0,0.0,125,False,0.706855791962175
BF_g_843_Luteibacter,bacterial-taxa,float64,0,0.0,39,False,0.9101654846335697
BF_g_844_Luteimonas,bacterial-taxa,float64,0,0.0,139,False,0.6737588652482269
BF_g_845_Luteitalea,bacterial-taxa,float64,0,0.0,141,False,0.6690307328605201
BF_g_846_Luteolibacter,bacterial-taxa,float64,0,0.0,312,False,0.2647754137115839
BF_g_849_LWQ8,bacterial-taxa,float64,0,0.0,395,False,0.06855791962174941
BF_g_850_Lysinibacillus,bacterial-taxa,float64,0,0.0,171,False,0.5981087470449172
BF_g_852_Lysobacter,bacterial-taxa,float64,0,0.0,295,False,0.3049645390070922
BF_g_857_Margulisbacteria,bacterial-taxa,float64,0,0.0,5,False,0.9905437352245863
BF_g_859_Marine_Group_II,bacterial-taxa,float64,0,0.0,83,False,0.806146572104019
BF_g_860_Marmoricola,bacterial-taxa,float64,0,0.0,376,False,0.11347517730496454
BF_g_861_Massilia,bacterial-taxa,float64,0,0.0,398,False,0.061465721040189124
BF_g_862_MB-A2-108,bacterial-taxa,float64,0,0.0,351,False,0.17257683215130024
BF_g_865_MBNT15,bacterial-taxa,float64,0,0.0,106,False,0.75177304964539
BF_g_869_Mesorhizobium,bacterial-taxa,float64,0,0.0,411,False,0.030732860520094562
BF_g_876_Methylobacillus,bacterial-taxa,float64,0,0.0,19,False,0.9574468085106383
BF_g_878_Methylobacterium-Methylorubrum,bacterial-taxa,float64,0,0.0,385,False,0.09219858156028368
BF_g_879_Methylocaldum,bacterial-taxa,float64,0,0.0,4,False,0.9929078014184397
BF_g_884_Methyloligellaceae,bacterial-taxa,float64,0,0.0,253,False,0.40425531914893614
BF_g_890_Methylophilus,bacterial-taxa,float64,0,0.0,7,False,0.9858156028368794
BF_g_891_Methylorosula,bacterial-taxa,float64,0,0.0,7,False,0.9858156028368794
BF_g_893_Methylotenera,bacterial-taxa,float64,0,0.0,132,False,0.6903073286052009
BF_g_894_Methylovirgula,bacterial-taxa,float64,0,0.0,53,False,0.8770685579196218
BF_g_896_Micrarchaeales,bacterial-taxa,float64,0,0.0,8,False,0.983451536643026
BF_g_897_Microbacterium,bacterial-taxa,float64,0,0.0,285,False,0.32860520094562645
BF_g_898_Microbispora,bacterial-taxa,float64,0,0.0,156,False,0.6335697399527187
BF_g_900_Microcoleus_PCC-7113,bacterial-taxa,float64,0,0.0,82,False,0.8085106382978723
BF_g_902_Microgenomatia,bacterial-taxa,float64,0,0.0,69,False,0.8392434988179669
BF_g_903_Microlunatus,bacterial-taxa,float64,0,0.0,343,False,0.19148936170212766
BF_g_904_Micromonospora,bacterial-taxa,float64,0,0.0,157,False,0.6312056737588653
BF_g_905_Micropepsaceae,bacterial-taxa,float64,0,0.0,50,False,0.8841607565011821
BF_g_906_Micropepsis,bacterial-taxa,float64,0,0.0,83,False,0.8037825059101655
BF_g_907_Micropruina,bacterial-taxa,float64,0,0.0,15,False,0.966903073286052
BF_g_908_Microtrichales,bacterial-taxa,float64,0,0.0,6,False,0.9881796690307328
BF_g_909_Microvirga,bacterial-taxa,float64,0,0.0,352,False,0.1702127659574468
BF_g_910_Minicystis,bacterial-taxa,float64,0,0.0,123,False,0.7115839243498818
BF_g_911_Mitochondria,bacterial-taxa,float64,0,0.0,298,False,0.29314420803782504
BF_g_913_Mizugakiibacter,bacterial-taxa,float64,0,0.0,123,False,0.7115839243498818
BF_g_914_mle1-27,bacterial-taxa,float64,0,0.0,313,False,0.2624113475177305
BF_g_915_mle1-7,bacterial-taxa,float64,0,0.0,336,False,0.20803782505910165
BF_g_917_MND1,bacterial-taxa,float64,0,0.0,347,False,0.18203309692671396
BF_g_918_Mobilitalea,bacterial-taxa,float64,0,0.0,59,False,0.8628841607565012
BF_g_919_Modestobacter,bacterial-taxa,float64,0,0.0,94,False,0.7801418439716312
BF_g_921_Moheibacter,bacterial-taxa,float64,0,0.0,12,False,0.9739952718676123
BF_g_924_Motilibacter,bacterial-taxa,float64,0,0.0,66,False,0.8463356973995272
BF_g_926_MSB-4B10,bacterial-taxa,float64,0,0.0,38,False,0.9125295508274232
BF_g_929_Mucilaginibacter,bacterial-taxa,float64,0,0.0,294,False,0.3073286052009456
BF_g_933_MVP-88,bacterial-taxa,float64,0,0.0,147,False,0.6524822695035462
BF_g_936_Mycobacterium,bacterial-taxa,float64,0,0.0,412,False,0.028368794326241134
BF_g_939_Myxococcaceae,bacterial-taxa,float64,0,0.0,88,False,0.7943262411347518
BF_g_940_Myxococcus,bacterial-taxa,float64,0,0.0,84,False,0.8037825059101655
BF_g_941_Nakamurella,bacterial-taxa,float64,0,0.0,408,False,0.037825059101654845
BF_g_942_Nannocystaceae,bacterial-taxa,float64,0,0.0,16,False,0.9645390070921985
BF_g_943_Nannocystis,bacterial-taxa,float64,0,0.0,165,False,0.6122931442080378
BF_g_944_NB1-j,bacterial-taxa,float64,0,0.0,109,False,0.7446808510638298
BF_g_945_Neo-b11,bacterial-taxa,float64,0,0.0,19,False,0.9574468085106383
BF_g_946_Neochlamydia,bacterial-taxa,float64,0,0.0,294,False,0.3049645390070922
BF_g_947_Neorhizobium,bacterial-taxa,float64,0,0.0,7,False,0.9858156028368794
BF_g_948_Nevskia,bacterial-taxa,float64,0,0.0,29,False,0.933806146572104
BF_g_949_Niabella,bacterial-taxa,float64,0,0.0,14,False,0.9692671394799054
BF_g_950_Niastella,bacterial-taxa,float64,0,0.0,318,False,0.25059101654846333
BF_g_951_Nibrella,bacterial-taxa,float64,0,0.0,21,False,0.9527186761229315
BF_g_954_Nitrolancea,bacterial-taxa,float64,0,0.0,237,False,0.44208037825059104
BF_g_956_Nitrosomonas,bacterial-taxa,float64,0,0.0,40,False,0.9078014184397163
BF_g_958_Nitrosospira,bacterial-taxa,float64,0,0.0,389,False,0.08274231678486997
BF_g_960_Nitrospira,bacterial-taxa,float64,0,0.0,423,False,0.0
BF_g_966_Nocardia,bacterial-taxa,float64,0,0.0,117,False,0.723404255319149
BF_g_967_Nocardioides,bacterial-taxa,float64,0,0.0,418,False,0.014184397163120567
BF_g_968_Nocardiopsis,bacterial-taxa,float64,0,0.0,25,False,0.9432624113475178
BF_g_969_Nodosilinea_PCC-7104,bacterial-taxa,float64,0,0.0,11,False,0.9763593380614657
BF_g_970_Nonomuraea,bacterial-taxa,float64,0,0.0,235,False,0.44680851063829785
BF_g_971_Nordella,bacterial-taxa,float64,0,0.0,337,False,0.20567375886524822
BF_g_973_Nostoc_PCC-73102,bacterial-taxa,float64,0,0.0,59,False,0.8628841607565012
BF_g_974_Nostoc_PCC-7524,bacterial-taxa,float64,0,0.0,12,False,0.9739952718676123
BF_g_977_Noviherbaspirillum,bacterial-taxa,float64,0,0.0,315,False,0.2576832151300236
BF_g_978_Novosphingobium,bacterial-taxa,float64,0,0.0,271,False,0.3617021276595745
BF_g_980_NS11-12_marine_group,bacterial-taxa,float64,0,0.0,220,False,0.48226950354609927
BF_g_981_NS9_marine_group,bacterial-taxa,float64,0,0.0,162,False,0.6193853427895981
BF_g_983_Obscuribacteraceae,bacterial-taxa,float64,0,0.0,278,False,0.34515366430260047
BF_g_986_Occallatibacter,bacterial-taxa,float64,0,0.0,227,False,0.4657210401891253
BF_g_988_Oceanobacillus,bacterial-taxa,float64,0,0.0,28,False,0.9361702127659575
BF_g_989_Ochrobactrum,bacterial-taxa,float64,0,0.0,29,False,0.933806146572104
BF_g_990_Oerskovia,bacterial-taxa,float64,0,0.0,10,False,0.9787234042553191
BF_g_991_Ohtaekwangia,bacterial-taxa,float64,0,0.0,225,False,0.47044917257683216
BF_g_992_Oikopleura,bacterial-taxa,float64,0,0.0,6,False,0.9881796690307328
BF_g_993_OLB12,bacterial-taxa,float64,0,0.0,55,False,0.8723404255319149
BF_g_994_OLB13,bacterial-taxa,float64,0,0.0,40,False,0.9078014184397163
BF_g_995_OLB14,bacterial-taxa,float64,0,0.0,400,False,0.05673758865248227
BF_g_996_OLB17,bacterial-taxa,float64,0,0.0,5,False,0.9905437352245863
BF_g_1000_Oligoflexus,bacterial-taxa,float64,0,0.0,271,False,0.3617021276595745
BF_g_1003_OM190,bacterial-taxa,float64,0,0.0,237,False,0.44208037825059104
BF_g_1004_OM27_clade,bacterial-taxa,float64,0,0.0,244,False,0.4231678486997636
BF_g_1005_OM60(NOR5)_clade,bacterial-taxa,float64,0,0.0,22,False,0.950354609929078
BF_g_1006_Omnitrophales,bacterial-taxa,float64,0,0.0,80,False,0.8132387706855791
BF_g_1009_Opitutus,bacterial-taxa,float64,0,0.0,282,False,0.33569739952718675
BF_g_1010_Ornithinibacillus,bacterial-taxa,float64,0,0.0,7,False,0.9858156028368794
BF_g_1014_Oryzihumus,bacterial-taxa,float64,0,0.0,172,False,0.5957446808510638
BF_g_1017_Oscillatoria_SAG_1459-8,bacterial-taxa,float64,0,0.0,8,False,0.983451536643026
BF_g_1018_Oscillochloris,bacterial-taxa,float64,0,0.0,22,False,0.950354609929078
BF_g_1019_Ottowia,bacterial-taxa,float64,0,0.0,5,False,0.9905437352245863
BF_g_1021_Oxalophagus,bacterial-taxa,float64,0,0.0,9,False,0.9810874704491725
BF_g_1023_P2-11E,bacterial-taxa,float64,0,0.0,195,False,0.5390070921985816
BF_g_1024_P3OB-42,bacterial-taxa,float64,0,0.0,355,False,0.16312056737588654
BF_g_1025_P3OB-51,bacterial-taxa,float64,0,0.0,6,False,0.9881796690307328
BF_g_1027_Paenarthrobacter,bacterial-taxa,float64,0,0.0,268,False,0.36879432624113473
BF_g_1028_Paenibacillaceae,bacterial-taxa,float64,0,0.0,9,False,0.9810874704491725
BF_g_1029_Paenibacillus,bacterial-taxa,float64,0,0.0,418,False,0.014184397163120567
BF_g_1030_Paeniclostridium,bacterial-taxa,float64,0,0.0,31,False,0.9290780141843972
BF_g_1031_Paeniglutamicibacter,bacterial-taxa,float64,0,0.0,20,False,0.9550827423167849
BF_g_1032_Paenisporosarcina,bacterial-taxa,float64,0,0.0,20,False,0.9550827423167849
BF_g_1034_Pajaroellobacter,bacterial-taxa,float64,0,0.0,367,False,0.1347517730496454
BF_g_1035_Paludibacter,bacterial-taxa,float64,0,0.0,15,False,0.966903073286052
BF_g_1037_Paludibaculum,bacterial-taxa,float64,0,0.0,39,False,0.9101654846335697
BF_g_1038_Paludisphaera,bacterial-taxa,float64,0,0.0,50,False,0.8841607565011821
BF_g_1042_Pantoea,bacterial-taxa,float64,0,0.0,97,False,0.7730496453900709
BF_g_1045_Parablastomonas,bacterial-taxa,float64,0,0.0,26,False,0.9408983451536643
BF_g_1048_Parachlamydiaceae,bacterial-taxa,float64,0,0.0,5,False,0.9905437352245863
BF_g_1049_Paraclostridium,bacterial-taxa,float64,0,0.0,64,False,0.851063829787234
BF_g_1050_Paracoccus,bacterial-taxa,float64,0,0.0,44,False,0.8983451536643026
BF_g_1051_Parafilimonas,bacterial-taxa,float64,0,0.0,290,False,0.31678486997635935
BF_g_1052_Parafrigoribacterium,bacterial-taxa,float64,0,0.0,6,False,0.9881796690307328
BF_g_1056_Parapusillimonas,bacterial-taxa,float64,0,0.0,10,False,0.9787234042553191
BF_g_1058_Parasegetibacter,bacterial-taxa,float64,0,0.0,88,False,0.7943262411347518
BF_g_1059_Parcubacteria,bacterial-taxa,float64,0,0.0,368,False,0.13238770685579196
BF_g_1061_Parvibaculum,bacterial-taxa,float64,0,0.0,4,False,0.9929078014184397
BF_g_1062_Parviterribacter,bacterial-taxa,float64,0,0.0,31,False,0.9290780141843972
BF_g_1063_Pasteuria,bacterial-taxa,float64,0,0.0,15,False,0.966903073286052
BF_g_1064_Patulibacter,bacterial-taxa,float64,0,0.0,49,False,0.8865248226950354
BF_g_1065_PAUC26f,bacterial-taxa,float64,0,0.0,46,False,0.8936170212765957
BF_g_1066_Paucibacter,bacterial-taxa,float64,0,0.0,13,False,0.9716312056737588
BF_g_1068_Paucisalibacillus,bacterial-taxa,float64,0,0.0,7,False,0.9858156028368794
BF_g_1069_PB19,bacterial-taxa,float64,0,0.0,59,False,0.8628841607565012
BF_g_1072_Pedobacter,bacterial-taxa,float64,0,0.0,353,False,0.16784869976359337
BF_g_1073_Pedomicrobium,bacterial-taxa,float64,0,0.0,301,False,0.28841607565011823
BF_g_1074_Pedosphaera,bacterial-taxa,float64,0,0.0,134,False,0.6855791962174941
BF_g_1075_Pedosphaeraceae,bacterial-taxa,float64,0,0.0,374,False,0.1182033096926714
BF_g_1078_Pelomonas,bacterial-taxa,float64,0,0.0,42,False,0.9030732860520094
BF_g_1079_Pelosinus,bacterial-taxa,float64,0,0.0,79,False,0.8132387706855791
BF_g_1081_PeM15,bacterial-taxa,float64,0,0.0,19,False,0.9574468085106383
BF_g_1084_Peredibacter,bacterial-taxa,float64,0,0.0,172,False,0.5957446808510638
BF_g_1087_Persicitalea,bacterial-taxa,float64,0,0.0,6,False,0.9881796690307328
BF_g_1088_Phaeodactylibacter,bacterial-taxa,float64,0,0.0,24,False,0.9456264775413712
BF_g_1090_Phaselicystis,bacterial-taxa,float64,0,0.0,289,False,0.3191489361702128
BF_g_1091_Phenylobacterium,bacterial-taxa,float64,0,0.0,386,False,0.08747044917257683
BF_g_1092_Phormidesmis_ANT.L52.6,bacterial-taxa,float64,0,0.0,34,False,0.9219858156028369
BF_g_1095_Phormidium_IAM_M-71,bacterial-taxa,float64,0,0.0,14,False,0.9692671394799054
BF_g_1096_Phormidium_SAG_37.90,bacterial-taxa,float64,0,0.0,20,False,0.9550827423167849
BF_g_1098_Phreatobacter,bacterial-taxa,float64,0,0.0,6,False,0.9881796690307328
BF_g_1099_Phycicoccus,bacterial-taxa,float64,0,0.0,374,False,0.1182033096926714
BF_g_1100_Phycisphaera,bacterial-taxa,float64,0,0.0,30,False,0.9314420803782506
BF_g_1101_Phyllobacterium,bacterial-taxa,float64,0,0.0,64,False,0.851063829787234
BF_g_1102_Pigmentiphaga,bacterial-taxa,float64,0,0.0,6,False,0.9881796690307328
BF_g_1105_Pir4_lineage,bacterial-taxa,float64,0,0.0,18,False,0.9598108747044918
BF_g_1106_Pirellula,bacterial-taxa,float64,0,0.0,31,False,0.9290780141843972
BF_g_1107_Piscinibacter,bacterial-taxa,float64,0,0.0,18,False,0.9598108747044918
BF_g_1109_Pla3_lineage,bacterial-taxa,float64,0,0.0,18,False,0.9598108747044918
BF_g_1110_Pla4_lineage,bacterial-taxa,float64,0,0.0,194,False,0.541371158392435
BF_g_1113_Planifilum,bacterial-taxa,float64,0,0.0,4,False,0.9929078014184397
BF_g_1114_Planktothrix_NIVA-CYA_15,bacterial-taxa,float64,0,0.0,14,False,0.9692671394799054
BF_g_1119_Plantactinospora,bacterial-taxa,float64,0,0.0,7,False,0.9858156028368794
BF_g_1120_Plantibacter,bacterial-taxa,float64,0,0.0,6,False,0.9881796690307328
BF_g_1121_Plasticicumulans,bacterial-taxa,float64,0,0.0,9,False,0.9810874704491725
BF_g_1122_Plot4-2H12,bacterial-taxa,float64,0,0.0,20,False,0.9550827423167849
BF_g_1123_PLTA13,bacterial-taxa,float64,0,0.0,140,False,0.6713947990543735
BF_g_1124_PMMR1,bacterial-taxa,float64,0,0.0,3,False,0.9952718676122931
BF_g_1125_Polaromonas,bacterial-taxa,float64,0,0.0,86,False,0.7990543735224587
BF_g_1127_Polyangium,bacterial-taxa,float64,0,0.0,99,False,0.7683215130023641
BF_g_1129_Polycyclovorans,bacterial-taxa,float64,0,0.0,172,False,0.5933806146572104
BF_g_1131_Pontibacter,bacterial-taxa,float64,0,0.0,27,False,0.9385342789598109
BF_g_1133_Porphyrobacter,bacterial-taxa,float64,0,0.0,55,False,0.8723404255319149
BF_g_1136_possible_genus_04,bacterial-taxa,float64,0,0.0,278,False,0.34515366430260047
BF_g_1140_Promicromonospora,bacterial-taxa,float64,0,0.0,6,False,0.9881796690307328
BF_g_1143_Propionicimonas,bacterial-taxa,float64,0,0.0,8,False,0.983451536643026
BF_g_1146_Prosthecobacter,bacterial-taxa,float64,0,0.0,121,False,0.7163120567375887
BF_g_1152_Pseudanabaena_PCC-7429,bacterial-taxa,float64,0,0.0,6,False,0.9881796690307328
BF_g_1154_Pseudarthrobacter,bacterial-taxa,float64,0,0.0,333,False,0.21513002364066194
BF_g_1155_Pseudenhygromyxa,bacterial-taxa,float64,0,0.0,55,False,0.8723404255319149
BF_g_1160_Pseudoduganella,bacterial-taxa,float64,0,0.0,11,False,0.9763593380614657
BF_g_1161_Pseudoflavitalea,bacterial-taxa,float64,0,0.0,73,False,0.8297872340425532
BF_g_1163_Pseudogracilibacillus,bacterial-taxa,float64,0,0.0,7,False,0.9858156028368794
BF_g_1164_Pseudogulbenkiania,bacterial-taxa,float64,0,0.0,6,False,0.9881796690307328
BF_g_1166_Pseudokineococcus,bacterial-taxa,float64,0,0.0,8,False,0.983451536643026
BF_g_1167_Pseudolabrys,bacterial-taxa,float64,0,0.0,370,False,0.1276595744680851
BF_g_1168_Pseudomonas,bacterial-taxa,float64,0,0.0,358,False,0.15602836879432624
BF_g_1169_Pseudonocardia,bacterial-taxa,float64,0,0.0,420,False,0.009456264775413711
BF_g_1172_Pseudorhodobacter,bacterial-taxa,float64,0,0.0,7,False,0.9858156028368794
BF_g_1173_Pseudorhodoferax,bacterial-taxa,float64,0,0.0,60,False,0.8605200945626478
BF_g_1174_Pseudorhodoplanes,bacterial-taxa,float64,0,0.0,67,False,0.8439716312056738
BF_g_1175_Pseudoxanthomonas,bacterial-taxa,float64,0,0.0,73,False,0.8297872340425532
BF_g_1176_Psychrobacillus,bacterial-taxa,float64,0,0.0,97,False,0.7730496453900709
BF_g_1178_Psychroglaciecola,bacterial-taxa,float64,0,0.0,185,False,0.5650118203309693
BF_g_1179_Puia,bacterial-taxa,float64,0,0.0,308,False,0.27423167848699764
BF_g_1180_Pullulanibacillus,bacterial-taxa,float64,0,0.0,103,False,0.7588652482269503
BF_g_1181_Qipengyuania,bacterial-taxa,float64,0,0.0,75,False,0.8250591016548463
BF_g_1182_Quadrisphaera,bacterial-taxa,float64,0,0.0,41,False,0.9054373522458629
BF_g_1183_R7C24,bacterial-taxa,float64,0,0.0,213,False,0.4988179669030733
BF_g_1184_Rahnella1,bacterial-taxa,float64,0,0.0,11,False,0.9763593380614657
BF_g_1186_Ralstonia,bacterial-taxa,float64,0,0.0,47,False,0.8912529550827423
BF_g_1187_Ramlibacter,bacterial-taxa,float64,0,0.0,352,False,0.1702127659574468
BF_g_1189_Rathayibacter,bacterial-taxa,float64,0,0.0,17,False,0.9621749408983451
BF_g_1190_RB41,bacterial-taxa,float64,0,0.0,374,False,0.1182033096926714
BF_g_1192_RBG-13-54-9,bacterial-taxa,float64,0,0.0,394,False,0.07092198581560284
BF_g_1196_RCP2-54,bacterial-taxa,float64,0,0.0,340,False,0.19858156028368795
BF_g_1199_Reyranella,bacterial-taxa,float64,0,0.0,415,False,0.02127659574468085
BF_g_1204_Rhizobacter,bacterial-taxa,float64,0,0.0,386,False,0.08983451536643026
BF_g_1207_Rhizocola,bacterial-taxa,float64,0,0.0,30,False,0.9314420803782506
BF_g_1208_Rhizomicrobium,bacterial-taxa,float64,0,0.0,5,False,0.9905437352245863
BF_g_1209_Rhizorhapis,bacterial-taxa,float64,0,0.0,18,False,0.9598108747044918
BF_g_1210_Rhodanobacter,bacterial-taxa,float64,0,0.0,383,False,0.09692671394799054
BF_g_1211_Rhodobacter,bacterial-taxa,float64,0,0.0,16,False,0.9645390070921985
BF_g_1212_Rhodoblastus,bacterial-taxa,float64,0,0.0,7,False,0.9858156028368794
BF_g_1213_Rhodococcus,bacterial-taxa,float64,0,0.0,307,False,0.2765957446808511
BF_g_1214_Rhodocytophaga,bacterial-taxa,float64,0,0.0,74,False,0.8250591016548463
BF_g_1215_Rhodoferax,bacterial-taxa,float64,0,0.0,56,False,0.8699763593380615
BF_g_1216_Rhodomicrobium,bacterial-taxa,float64,0,0.0,150,False,0.6477541371158393
BF_g_1217_Rhodopila,bacterial-taxa,float64,0,0.0,31,False,0.9290780141843972
BF_g_1219_Rhodoplanes,bacterial-taxa,float64,0,0.0,365,False,0.13947990543735225
BF_g_1220_Rhodopseudomonas,bacterial-taxa,float64,0,0.0,251,False,0.408983451536643
BF_g_1221_Rhodothermaceae,bacterial-taxa,float64,0,0.0,9,False,0.9810874704491725
BF_g_1223_Rhodovastum,bacterial-taxa,float64,0,0.0,128,False,0.6997635933806147
BF_g_1226_Rickettsia,bacterial-taxa,float64,0,0.0,14,False,0.9692671394799054
BF_g_1227_Rickettsiella,bacterial-taxa,float64,0,0.0,6,False,0.9881796690307328
BF_g_1230_Robbsia,bacterial-taxa,float64,0,0.0,17,False,0.9621749408983451
BF_g_1232_Rokubacteriales,bacterial-taxa,float64,0,0.0,394,False,0.07092198581560284
BF_g_1233_Romboutsia,bacterial-taxa,float64,0,0.0,90,False,0.789598108747045
BF_g_1234_Roseateles,bacterial-taxa,float64,0,0.0,47,False,0.8912529550827423
BF_g_1236_Roseiarcus,bacterial-taxa,float64,0,0.0,274,False,0.3546099290780142
BF_g_1240_Roseimicrobium,bacterial-taxa,float64,0,0.0,328,False,0.22695035460992907
BF_g_1241_Roseisolibacter,bacterial-taxa,float64,0,0.0,271,False,0.3617021276595745
BF_g_1242_Roseococcus,bacterial-taxa,float64,0,0.0,5,False,0.9905437352245863
BF_g_1243_Roseomonas,bacterial-taxa,float64,0,0.0,244,False,0.425531914893617
BF_g_1246_Rubellimicrobium,bacterial-taxa,float64,0,0.0,160,False,0.624113475177305
BF_g_1248_Rubritepida,bacterial-taxa,float64,0,0.0,6,False,0.9881796690307328
BF_g_1249_Rubrivirga,bacterial-taxa,float64,0,0.0,5,False,0.9905437352245863
BF_g_1250_Rubrivivax,bacterial-taxa,float64,0,0.0,14,False,0.9692671394799054
BF_g_1251_Rubrobacter,bacterial-taxa,float64,0,0.0,80,False,0.8132387706855791
BF_g_1252_Rudaea,bacterial-taxa,float64,0,0.0,54,False,0.8747044917257684
BF_g_1256_Ruminiclostridium,bacterial-taxa,float64,0,0.0,32,False,0.9267139479905437
BF_g_1257_Ruminococcus,bacterial-taxa,float64,0,0.0,15,False,0.966903073286052
BF_g_1258_Rummeliibacillus,bacterial-taxa,float64,0,0.0,127,False,0.7021276595744681
BF_g_1259_Runella,bacterial-taxa,float64,0,0.0,9,False,0.9810874704491725
BF_g_1260_Rurimicrobium,bacterial-taxa,float64,0,0.0,8,False,0.983451536643026
BF_g_1261_S-BQ2-57_soil_group,bacterial-taxa,float64,0,0.0,110,False,0.7423167848699763
BF_g_1262_S0134_terrestrial_group,bacterial-taxa,float64,0,0.0,251,False,0.40425531914893614
BF_g_1263_S085,bacterial-taxa,float64,0,0.0,380,False,0.10401891252955082
BF_g_1264_S15-21,bacterial-taxa,float64,0,0.0,8,False,0.983451536643026
BF_g_1268_Saccharimonadales,bacterial-taxa,float64,0,0.0,406,False,0.0425531914893617
BF_g_1270_Saccharopolyspora,bacterial-taxa,float64,0,0.0,8,False,0.983451536643026
BF_g_1271_Saccharothrix,bacterial-taxa,float64,0,0.0,10,False,0.9787234042553191
BF_g_1272_Salana,bacterial-taxa,float64,0,0.0,9,False,0.9810874704491725
BF_g_1274_Salinispira,bacterial-taxa,float64,0,0.0,8,False,0.983451536643026
BF_g_1277_Sandaracinus,bacterial-taxa,float64,0,0.0,175,False,0.5886524822695035
BF_g_1278_Sanguibacter,bacterial-taxa,float64,0,0.0,39,False,0.9101654846335697
BF_g_1279_SAR202_clade,bacterial-taxa,float64,0,0.0,13,False,0.9716312056737588
BF_g_1280_SAR324_clade(Marine_group_B),bacterial-taxa,float64,0,0.0,215,False,0.48936170212765956
BF_g_1282_SBR1031,bacterial-taxa,float64,0,0.0,421,False,0.0070921985815602835
BF_g_1283_SC-I-84,bacterial-taxa,float64,0,0.0,423,False,0.002364066193853428
BF_g_1286_Schumannella,bacterial-taxa,float64,0,0.0,8,False,0.983451536643026
BF_g_1289_Sediminibacterium,bacterial-taxa,float64,0,0.0,48,False,0.8888888888888888
BF_g_1292_Segetibacter,bacterial-taxa,float64,0,0.0,302,False,0.28841607565011823
BF_g_1295_Sericytochromatia,bacterial-taxa,float64,0,0.0,318,False,0.24822695035460993
BF_g_1297_Serratia,bacterial-taxa,float64,0,0.0,24,False,0.9456264775413712
BF_g_1299_SH3-11,bacterial-taxa,float64,0,0.0,11,False,0.9763593380614657
BF_g_1302_SHA-26,bacterial-taxa,float64,0,0.0,83,False,0.806146572104019
BF_g_1304_Shimazuella,bacterial-taxa,float64,0,0.0,169,False,0.6004728132387707
BF_g_1305_Shinella,bacterial-taxa,float64,0,0.0,12,False,0.9739952718676123
BF_g_1308_Silvanigrella,bacterial-taxa,float64,0,0.0,53,False,0.8747044917257684
BF_g_1312_Singulisphaera,bacterial-taxa,float64,0,0.0,236,False,0.4444444444444444
BF_g_1313_Sinibacillus,bacterial-taxa,float64,0,0.0,3,False,0.9952718676122931
BF_g_1314_Sinomonas,bacterial-taxa,float64,0,0.0,39,False,0.9101654846335697
BF_g_1315_Siphonobacter,bacterial-taxa,float64,0,0.0,3,False,0.9952718676122931
BF_g_1317_SJA-28,bacterial-taxa,float64,0,0.0,185,False,0.5650118203309693
BF_g_1318_Skermanella,bacterial-taxa,float64,0,0.0,316,False,0.2553191489361702
BF_g_1319_SM1A02,bacterial-taxa,float64,0,0.0,308,False,0.27423167848699764
BF_g_1320_SM1A07,bacterial-taxa,float64,0,0.0,33,False,0.9243498817966903
BF_g_1322_SM2D12,bacterial-taxa,float64,0,0.0,159,False,0.6264775413711584
BF_g_1326_Solibacillus,bacterial-taxa,float64,0,0.0,61,False,0.8581560283687943
BF_g_1328_Solimonas,bacterial-taxa,float64,0,0.0,9,False,0.9810874704491725
BF_g_1329_Solirubrobacter,bacterial-taxa,float64,0,0.0,357,False,0.15839243498817968
BF_g_1330_Solirubrobacteraceae,bacterial-taxa,float64,0,0.0,47,False,0.8912529550827423
BF_g_1331_Solitalea,bacterial-taxa,float64,0,0.0,72,False,0.8321513002364066
BF_g_1333_Sorangium,bacterial-taxa,float64,0,0.0,227,False,0.4657210401891253
BF_g_1334_Sphaerisporangium,bacterial-taxa,float64,0,0.0,95,False,0.7777777777777778
BF_g_1335_Sphaerobacter,bacterial-taxa,float64,0,0.0,72,False,0.8321513002364066
BF_g_1338_Sphingoaurantiacus,bacterial-taxa,float64,0,0.0,7,False,0.9858156028368794
BF_g_1339_Sphingobacteriaceae,bacterial-taxa,float64,0,0.0,8,False,0.983451536643026
BF_g_1340_Sphingobacteriales,bacterial-taxa,float64,0,0.0,17,False,0.9621749408983451
BF_g_1341_Sphingobacterium,bacterial-taxa,float64,0,0.0,64,False,0.851063829787234
BF_g_1342_Sphingobium,bacterial-taxa,float64,0,0.0,86,False,0.7990543735224587
BF_g_1343_Sphingomonas,bacterial-taxa,float64,0,0.0,423,False,0.0
BF_g_1344_Sphingopyxis,bacterial-taxa,float64,0,0.0,51,False,0.8817966903073287
BF_g_1346_Spirochaeta,bacterial-taxa,float64,0,0.0,12,False,0.9716312056737588
BF_g_1347_Spirochaeta_2,bacterial-taxa,float64,0,0.0,41,False,0.9054373522458629
BF_g_1349_Spirosoma,bacterial-taxa,float64,0,0.0,179,False,0.5791962174940898
BF_g_1350_Sporacetigenium,bacterial-taxa,float64,0,0.0,17,False,0.9621749408983451
BF_g_1351_Sporichthya,bacterial-taxa,float64,0,0.0,15,False,0.966903073286052
BF_g_1354_Sporocytophaga,bacterial-taxa,float64,0,0.0,109,False,0.7446808510638298
BF_g_1355_Sporolactobacillus,bacterial-taxa,float64,0,0.0,20,False,0.9550827423167849
BF_g_1356_Sporomusa,bacterial-taxa,float64,0,0.0,91,False,0.7872340425531915
BF_g_1358_Sporosarcina,bacterial-taxa,float64,0,0.0,373,False,0.12056737588652482
BF_g_1361_Starkeya,bacterial-taxa,float64,0,0.0,21,False,0.9527186761229315
BF_g_1363_Stenotrophobacter,bacterial-taxa,float64,0,0.0,131,False,0.6926713947990544
BF_g_1364_Stenotrophomonas,bacterial-taxa,float64,0,0.0,115,False,0.7304964539007093
BF_g_1365_Steroidobacter,bacterial-taxa,float64,0,0.0,323,False,0.23877068557919623
BF_g_1367_Stigmatella,bacterial-taxa,float64,0,0.0,5,False,0.9905437352245863
BF_g_1370_Streptomyces,bacterial-taxa,float64,0,0.0,415,False,0.02127659574468085
BF_g_1371_Streptosporangium,bacterial-taxa,float64,0,0.0,363,False,0.14420803782505912
BF_g_1372_Subgroup_10,bacterial-taxa,float64,0,0.0,390,False,0.08037825059101655
BF_g_1373_Subgroup_11,bacterial-taxa,float64,0,0.0,110,False,0.7423167848699763
BF_g_1374_Subgroup_12,bacterial-taxa,float64,0,0.0,15,False,0.966903073286052
BF_g_1375_Subgroup_13,bacterial-taxa,float64,0,0.0,210,False,0.5059101654846335
BF_g_1376_Subgroup_15,bacterial-taxa,float64,0,0.0,111,False,0.7399527186761229
BF_g_1377_Subgroup_17,bacterial-taxa,float64,0,0.0,312,False,0.2647754137115839
BF_g_1378_Subgroup_18,bacterial-taxa,float64,0,0.0,40,False,0.9078014184397163
BF_g_1379_Subgroup_2,bacterial-taxa,float64,0,0.0,325,False,0.23404255319148937
BF_g_1382_Subgroup_22,bacterial-taxa,float64,0,0.0,175,False,0.5886524822695035
BF_g_1384_Subgroup_25,bacterial-taxa,float64,0,0.0,217,False,0.48699763593380613
BF_g_1385_Subgroup_5,bacterial-taxa,float64,0,0.0,249,False,0.41371158392434987
BF_g_1386_Subgroup_7,bacterial-taxa,float64,0,0.0,405,False,0.04491725768321513
BF_g_1394_Sulfurifustis,bacterial-taxa,float64,0,0.0,38,False,0.9125295508274232
BF_g_1399_Sumerlaea,bacterial-taxa,float64,0,0.0,122,False,0.7139479905437353
BF_g_1403_SWB02,bacterial-taxa,float64,0,0.0,276,False,0.34988179669030733
BF_g_1404_Symbiobacterium,bacterial-taxa,float64,0,0.0,15,False,0.966903073286052
BF_g_1414_Tahibacter,bacterial-taxa,float64,0,0.0,90,False,0.789598108747045
BF_g_1415_Taibaiella,bacterial-taxa,float64,0,0.0,105,False,0.7541371158392435
BF_g_1417_Tardiphaga,bacterial-taxa,float64,0,0.0,104,False,0.7565011820330969
BF_g_1419_Tellurimicrobium,bacterial-taxa,float64,0,0.0,74,False,0.8274231678486997
BF_g_1421_Telmatospirillum,bacterial-taxa,float64,0,0.0,7,False,0.9858156028368794
BF_g_1423_Tepidimicrobium,bacterial-taxa,float64,0,0.0,5,False,0.9905437352245863
BF_g_1426_Terrabacter,bacterial-taxa,float64,0,0.0,403,False,0.04964539007092199
BF_g_1427_Terracidiphilus,bacterial-taxa,float64,0,0.0,70,False,0.8368794326241135
BF_g_1428_Terribacillus,bacterial-taxa,float64,0,0.0,138,False,0.6761229314420804
BF_g_1429_Terriglobus,bacterial-taxa,float64,0,0.0,5,False,0.9905437352245863
BF_g_1430_Terrimicrobium,bacterial-taxa,float64,0,0.0,83,False,0.806146572104019
BF_g_1431_Terrimonas,bacterial-taxa,float64,0,0.0,295,False,0.3049645390070922
BF_g_1432_Terrisporobacter,bacterial-taxa,float64,0,0.0,5,False,0.9905437352245863
BF_g_1439_Thermincola,bacterial-taxa,float64,0,0.0,20,False,0.9550827423167849
BF_g_1441_Thermoactinomyces,bacterial-taxa,float64,0,0.0,57,False,0.8676122931442081
BF_g_1444_Thermobacillus,bacterial-taxa,float64,0,0.0,7,False,0.9858156028368794
BF_g_1448_Thermoflavimicrobium,bacterial-taxa,float64,0,0.0,10,False,0.9787234042553191
BF_g_1451_Thermomonas,bacterial-taxa,float64,0,0.0,66,False,0.8463356973995272
BF_g_1452_Thermomonosporaceae,bacterial-taxa,float64,0,0.0,14,False,0.9692671394799054
BF_g_1456_Thermosporothrix,bacterial-taxa,float64,0,0.0,47,False,0.8912529550827423
BF_g_1458_Thiobacillus,bacterial-taxa,float64,0,0.0,16,False,0.9645390070921985
BF_g_1464_Tissierella,bacterial-taxa,float64,0,0.0,11,False,0.9763593380614657
BF_g_1465_TK10,bacterial-taxa,float64,0,0.0,422,False,0.004728132387706856
BF_g_1466_TM7,bacterial-taxa,float64,0,0.0,132,False,0.6903073286052009
BF_g_1467_TM7a,bacterial-taxa,float64,0,0.0,297,False,0.30023640661938533
BF_g_1471_TRA3-20,bacterial-taxa,float64,0,0.0,326,False,0.23167848699763594
BF_g_1476_Truepera,bacterial-taxa,float64,0,0.0,44,False,0.8983451536643026
BF_g_1479_Tumebacillus,bacterial-taxa,float64,0,0.0,401,False,0.054373522458628844
BF_g_1480_Tundrisphaera,bacterial-taxa,float64,0,0.0,192,False,0.5484633569739953
BF_g_1481_Turicibacter,bacterial-taxa,float64,0,0.0,115,False,0.7257683215130024
BF_g_1482_Turneriella,bacterial-taxa,float64,0,0.0,36,False,0.91725768321513
BF_g_1485_TX1A-33,bacterial-taxa,float64,0,0.0,6,False,0.9881796690307328
BF_g_1486_Tychonema_CCAP_1459-11B,bacterial-taxa,float64,0,0.0,142,False,0.6666666666666666
BF_g_1487_type_III,bacterial-taxa,float64,0,0.0,170,False,0.6004728132387707
BF_g_1488_Tyzzerella,bacterial-taxa,float64,0,0.0,29,False,0.933806146572104
BF_g_1490_UA11,bacterial-taxa,float64,0,0.0,16,False,0.9645390070921985
BF_g_1492_UBA12409,bacterial-taxa,float64,0,0.0,65,False,0.8463356973995272
BF_g_1493_UBA12411,bacterial-taxa,float64,0,0.0,5,False,0.9905437352245863
BF_g_1495_UCG-010,bacterial-taxa,float64,0,0.0,6,False,0.9881796690307328
BF_g_1498_Uliginosibacterium,bacterial-taxa,float64,0,0.0,32,False,0.9267139479905437
BF_g_1499_Umezawaea,bacterial-taxa,float64,0,0.0,20,False,0.9550827423167849
BF_g_1500_uncultured,bacterial-taxa,float64,0,0.0,423,False,0.0
BF_g_1501_Undibacterium,bacterial-taxa,float64,0,0.0,13,False,0.9716312056737588
BF_g_1502_Unknown_Family,bacterial-taxa,float64,0,0.0,61,False,0.8557919621749409
BF_g_1505_URHD0088,bacterial-taxa,float64,0,0.0,295,False,0.3049645390070922
BF_g_1506_UTBCD1,bacterial-taxa,float64,0,0.0,192,False,0.5484633569739953
BF_g_1507_UTCFX1,bacterial-taxa,float64,0,0.0,32,False,0.9267139479905437
BF_g_1510_vadinHA49,bacterial-taxa,float64,0,0.0,98,False,0.7706855791962175
BF_g_1512_Vampirovibrio,bacterial-taxa,float64,0,0.0,78,False,0.817966903073286
BF_g_1513_Vampirovibrionaceae,bacterial-taxa,float64,0,0.0,168,False,0.6052009456264775
BF_g_1514_Vampirovibrionales,bacterial-taxa,float64,0,0.0,86,False,0.7990543735224587
BF_g_1516_Variovorax,bacterial-taxa,float64,0,0.0,331,False,0.21749408983451538
BF_g_1517_Vermiphilaceae,bacterial-taxa,float64,0,0.0,244,False,0.425531914893617
BF_g_1518_Verruc-01,bacterial-taxa,float64,0,0.0,24,False,0.9456264775413712
BF_g_1519_Verrucomicrobium,bacterial-taxa,float64,0,0.0,101,False,0.7635933806146572
BF_g_1520_Verticiella,bacterial-taxa,float64,0,0.0,19,False,0.9574468085106383
BF_g_1521_VHS-B3-70,bacterial-taxa,float64,0,0.0,8,False,0.983451536643026
BF_g_1522_Vicinamibacter,bacterial-taxa,float64,0,0.0,303,False,0.2860520094562648
BF_g_1523_Vicinamibacteraceae,bacterial-taxa,float64,0,0.0,399,False,0.0591016548463357
BF_g_1525_Virgibacillus,bacterial-taxa,float64,0,0.0,81,False,0.8108747044917257
BF_g_1526_Virgisporangium,bacterial-taxa,float64,0,0.0,76,False,0.8226950354609929
BF_g_1528_Vogesella,bacterial-taxa,float64,0,0.0,9,False,0.9810874704491725
BF_g_1529_Vulgatibacter,bacterial-taxa,float64,0,0.0,108,False,0.7470449172576832
BF_g_1530_Waddlia,bacterial-taxa,float64,0,0.0,11,False,0.9763593380614657
BF_g_1532_WCHB1-32,bacterial-taxa,float64,0,0.0,13,False,0.9716312056737588
BF_g_1533_WCHB1-41,bacterial-taxa,float64,0,0.0,18,False,0.9598108747044918
BF_g_1535_WD2101_soil_group,bacterial-taxa,float64,0,0.0,11,False,0.9763593380614657
BF_g_1536_WD260,bacterial-taxa,float64,0,0.0,122,False,0.7139479905437353
BF_g_1538_Williamsia,bacterial-taxa,float64,0,0.0,28,False,0.9361702127659575
BF_g_1539_Wilmottia_Ant-Ph58,bacterial-taxa,float64,0,0.0,11,False,0.9763593380614657
BF_g_1541_Woesearchaeales,bacterial-taxa,float64,0,0.0,33,False,0.9243498817966903
BF_g_1544_WPS-2,bacterial-taxa,float64,0,0.0,321,False,0.24349881796690306
BF_g_1545_WS2,bacterial-taxa,float64,0,0.0,214,False,0.49645390070921985
BF_g_1547_WWE3,bacterial-taxa,float64,0,0.0,180,False,0.574468085106383
BF_g_1548_WWH38,bacterial-taxa,float64,0,0.0,374,False,0.1182033096926714
BF_g_1549_WX65,bacterial-taxa,float64,0,0.0,140,False,0.6713947990543735
BF_g_1550_Xanthobacter,bacterial-taxa,float64,0,0.0,10,False,0.9787234042553191
BF_g_1551_Xanthobacteraceae,bacterial-taxa,float64,0,0.0,88,False,0.7943262411347518
BF_g_1552_Xanthomonas,bacterial-taxa,float64,0,0.0,13,False,0.9716312056737588
BF_g_1555_YC-ZSS-LKJ147,bacterial-taxa,float64,0,0.0,143,False,0.6643026004728132
BF_g_1559_Zixibacteria,bacterial-taxa,float64,0,0.0,68,False,0.8416075650118203
BF_g_1561_ZOR0006,bacterial-taxa,float64,0,0.0,46,False,0.8936170212765957
FF_g_1_Absidia,fungal-taxa,float64,0,0.0,18,False,0.9598108747044918
FF_g_3_Acaulospora,fungal-taxa,float64,0,0.0,5,False,0.9905437352245863
FF_g_4_Acephala,fungal-taxa,float64,0,0.0,11,False,0.9763593380614657
FF_g_6_Achaetomium,fungal-taxa,float64,0,0.0,12,False,0.9739952718676123
FF_g_8_Achroiostachys,fungal-taxa,float64,0,0.0,28,False,0.9361702127659575
FF_g_9_Acidomelania,fungal-taxa,float64,0,0.0,146,False,0.6572104018912529
FF_g_11_Acremonium,fungal-taxa,float64,0,0.0,368,False,0.13238770685579196
FF_g_12_Acrobeloides,fungal-taxa,float64,0,0.0,9,False,0.9810874704491725
FF_g_13_Acrocalymma,fungal-taxa,float64,0,0.0,10,False,0.9787234042553191
FF_g_14_Acrodontium,fungal-taxa,float64,0,0.0,20,False,0.9550827423167849
FF_g_16_Acrostalagmus,fungal-taxa,float64,0,0.0,34,False,0.9219858156028369
FF_g_17_Actinochloris,fungal-taxa,float64,0,0.0,15,False,0.966903073286052
FF_g_18_Actinomucor,fungal-taxa,float64,0,0.0,16,False,0.9645390070921985
FF_g_19_Acutodesmus,fungal-taxa,float64,0,0.0,7,False,0.9858156028368794
FF_g_20_Agaricus,fungal-taxa,float64,0,0.0,36,False,0.9148936170212766
FF_g_21_Agrocybe,fungal-taxa,float64,0,0.0,66,False,0.8463356973995272
FF_g_24_Aleurodiscus,fungal-taxa,float64,0,0.0,5,False,0.9905437352245863
FF_g_27_Allovahlkampfia,fungal-taxa,float64,0,0.0,13,False,0.9716312056737588
FF_g_28_Alnicola,fungal-taxa,float64,0,0.0,26,False,0.9408983451536643
FF_g_31_Alternaria,fungal-taxa,float64,0,0.0,416,False,0.018912529550827423
FF_g_33_Amanita,fungal-taxa,float64,0,0.0,32,False,0.9267139479905437
FF_g_37_Ampelomyces,fungal-taxa,float64,0,0.0,21,False,0.9527186761229315
FF_g_38_Amphinema,fungal-taxa,float64,0,0.0,21,False,0.9527186761229315
FF_g_39_Ampulloclitocybe,fungal-taxa,float64,0,0.0,57,False,0.8676122931442081
FF_g_41_Amyloxenasma,fungal-taxa,float64,0,0.0,6,False,0.9881796690307328
FF_g_42_Angustimassarina,fungal-taxa,float64,0,0.0,6,False,0.9881796690307328
FF_g_48_Anthracocystis,fungal-taxa,float64,0,0.0,35,False,0.9196217494089834
FF_g_49_Antrodia,fungal-taxa,float64,0,0.0,6,False,0.9881796690307328
FF_g_50_Antrodiella,fungal-taxa,float64,0,0.0,17,False,0.9621749408983451
FF_g_53_Aphanoascus,fungal-taxa,float64,0,0.0,15,False,0.966903073286052
FF_g_56_Apiosordaria,fungal-taxa,float64,0,0.0,154,False,0.6382978723404256
FF_g_57_Apiotrichum,fungal-taxa,float64,0,0.0,185,False,0.5650118203309693
FF_g_60_Apodus,fungal-taxa,float64,0,0.0,242,False,0.4302600472813239
FF_g_65_Arachnomyces,fungal-taxa,float64,0,0.0,80,False,0.8132387706855791
FF_g_67_Arbusculina,fungal-taxa,float64,0,0.0,5,False,0.9905437352245863
FF_g_68_Archaeorhizomyces,fungal-taxa,float64,0,0.0,19,False,0.9574468085106383
FF_g_69_Archaeospora,fungal-taxa,float64,0,0.0,32,False,0.9267139479905437
FF_g_70_Arcopilus,fungal-taxa,float64,0,0.0,25,False,0.9432624113475178
FF_g_71_Armillaria,fungal-taxa,float64,0,0.0,7,False,0.9858156028368794
FF_g_74_Arthrinium,fungal-taxa,float64,0,0.0,57,False,0.8676122931442081
FF_g_75_Arthrobotrys,fungal-taxa,float64,0,0.0,403,False,0.04964539007092199
FF_g_79_Arthrographis,fungal-taxa,float64,0,0.0,122,False,0.7139479905437353
FF_g_81_Articulospora,fungal-taxa,float64,0,0.0,249,False,0.41371158392434987
FF_g_83_Arxiella,fungal-taxa,float64,0,0.0,19,False,0.9574468085106383
FF_g_84_Ascobolus,fungal-taxa,float64,0,0.0,158,False,0.6264775413711584
FF_g_86_Ascocorticium,fungal-taxa,float64,0,0.0,7,False,0.9858156028368794
FF_g_87_Ascocoryne,fungal-taxa,float64,0,0.0,11,False,0.9763593380614657
FF_g_89_Aspergillus,fungal-taxa,float64,0,0.0,339,False,0.20094562647754138
FF_g_93_Athelia,fungal-taxa,float64,0,0.0,45,False,0.8959810874704491
FF_g_95_Atractiella,fungal-taxa,float64,0,0.0,215,False,0.4940898345153664
FF_g_98_Aureobasidium,fungal-taxa,float64,0,0.0,115,False,0.7281323877068558
FF_g_99_Auricularia,fungal-taxa,float64,0,0.0,8,False,0.983451536643026
FF_g_105_Badarisama,fungal-taxa,float64,0,0.0,168,False,0.6052009456264775
FF_g_106_Baeospora,fungal-taxa,float64,0,0.0,9,False,0.9810874704491725
FF_g_112_Barnettozyma,fungal-taxa,float64,0,0.0,206,False,0.5153664302600472
FF_g_114_Basidiobolus,fungal-taxa,float64,0,0.0,59,False,0.8628841607565012
FF_g_116_Beauveria,fungal-taxa,float64,0,0.0,16,False,0.9645390070921985
FF_g_117_Bensingtonia,fungal-taxa,float64,0,0.0,9,False,0.9810874704491725
FF_g_118_Betamyces,fungal-taxa,float64,0,0.0,19,False,0.9574468085106383
FF_g_119_Biappendiculispora,fungal-taxa,float64,0,0.0,6,False,0.9881796690307328
FF_g_121_Bifiguratus,fungal-taxa,float64,0,0.0,10,False,0.9787234042553191
FF_g_122_Bimuria,fungal-taxa,float64,0,0.0,16,False,0.9645390070921985
FF_g_123_Bipolaris,fungal-taxa,float64,0,0.0,185,False,0.5650118203309693
FF_g_126_Bjerkandera,fungal-taxa,float64,0,0.0,38,False,0.9125295508274232
FF_g_127_Blakeslea,fungal-taxa,float64,0,0.0,16,False,0.9645390070921985
FF_g_134_Bolbitius,fungal-taxa,float64,0,0.0,103,False,0.7588652482269503
FF_g_135_Boletinellus,fungal-taxa,float64,0,0.0,5,False,0.9905437352245863
FF_g_137_Boletus,fungal-taxa,float64,0,0.0,8,False,0.983451536643026
FF_g_138_Boothiomyces,fungal-taxa,float64,0,0.0,80,False,0.8132387706855791
FF_g_139_Botryobasidium,fungal-taxa,float64,0,0.0,21,False,0.9527186761229315
FF_g_142_Botryotrichum,fungal-taxa,float64,0,0.0,32,False,0.9267139479905437
FF_g_143_Boubovia,fungal-taxa,float64,0,0.0,29,False,0.933806146572104
FF_g_146_Bovista,fungal-taxa,float64,0,0.0,23,False,0.9479905437352246
FF_g_148_Bracteacoccus,fungal-taxa,float64,0,0.0,19,False,0.9574468085106383
FF_g_149_Brevicellicium,fungal-taxa,float64,0,0.0,7,False,0.9858156028368794
FF_g_153_Buckleyzyma,fungal-taxa,float64,0,0.0,7,False,0.9858156028368794
FF_g_154_Bullera,fungal-taxa,float64,0,0.0,12,False,0.9739952718676123
FF_g_155_Bulleribasidium,fungal-taxa,float64,0,0.0,71,False,0.8321513002364066
FF_g_156_Bulleromyces,fungal-taxa,float64,0,0.0,303,False,0.2860520094562648
FF_g_158_Byssochlamys,fungal-taxa,float64,0,0.0,28,False,0.9361702127659575
FF_g_161_Byssonectria,fungal-taxa,float64,0,0.0,10,False,0.9787234042553191
FF_g_164_Cabalodontia,fungal-taxa,float64,0,0.0,16,False,0.9645390070921985
FF_g_165_Cadophora,fungal-taxa,float64,0,0.0,202,False,0.524822695035461
FF_g_166_Calcarisporiella,fungal-taxa,float64,0,0.0,43,False,0.900709219858156
FF_g_170_Calvatia,fungal-taxa,float64,0,0.0,139,False,0.6690307328605201
FF_g_172_Calyptella,fungal-taxa,float64,0,0.0,11,False,0.9763593380614657
FF_g_175_Candelabrum,fungal-taxa,float64,0,0.0,199,False,0.5319148936170213
FF_g_178_Candida,fungal-taxa,float64,0,0.0,246,False,0.41843971631205673
FF_g_181_Capronia,fungal-taxa,float64,0,0.0,12,False,0.9739952718676123
FF_g_183_Caryophylloseptoria,fungal-taxa,float64,0,0.0,16,False,0.9645390070921985
FF_g_185_Catinella,fungal-taxa,float64,0,0.0,5,False,0.9905437352245863
FF_g_188_Cephaliophora,fungal-taxa,float64,0,0.0,5,False,0.9905437352245863
FF_g_191_Cephalotrichiella,fungal-taxa,float64,0,0.0,41,False,0.9054373522458629
FF_g_192_Cephalotrichum,fungal-taxa,float64,0,0.0,214,False,0.49645390070921985
FF_g_193_Ceraceomyces,fungal-taxa,float64,0,0.0,9,False,0.9810874704491725
FF_g_195_Ceratobasidium,fungal-taxa,float64,0,0.0,90,False,0.789598108747045
FF_g_199_Cercophora,fungal-taxa,float64,0,0.0,265,False,0.375886524822695
FF_g_200_Cercospora,fungal-taxa,float64,0,0.0,76,False,0.8226950354609929
FF_g_203_Ceriporia,fungal-taxa,float64,0,0.0,23,False,0.9479905437352246
FF_g_204_Ceriporiopsis,fungal-taxa,float64,0,0.0,12,False,0.9739952718676123
FF_g_205_Cerrena,fungal-taxa,float64,0,0.0,9,False,0.9810874704491725
FF_g_207_Chaetomium,fungal-taxa,float64,0,0.0,354,False,0.16548463356973994
FF_g_209_Chaetosphaeria,fungal-taxa,float64,0,0.0,91,False,0.7872340425531915
FF_g_211_Chalara,fungal-taxa,float64,0,0.0,128,False,0.6973995271867612
FF_g_212_Chalciporus,fungal-taxa,float64,0,0.0,9,False,0.9810874704491725
FF_g_213_Cheilymenia,fungal-taxa,float64,0,0.0,37,False,0.9148936170212766
FF_g_214_Chlamydocillium,fungal-taxa,float64,0,0.0,173,False,0.5933806146572104
FF_g_215_Chlamydomonas,fungal-taxa,float64,0,0.0,19,False,0.9574468085106383
FF_g_216_Chlorella,fungal-taxa,float64,0,0.0,14,False,0.9692671394799054
FF_g_217_Chloridium,fungal-taxa,float64,0,0.0,403,False,0.04964539007092199
FF_g_219_Chlorococcum,fungal-taxa,float64,0,0.0,15,False,0.966903073286052
FF_g_222_Chlorosarcinopsis,fungal-taxa,float64,0,0.0,16,False,0.9645390070921985
FF_g_223_Choanephora,fungal-taxa,float64,0,0.0,9,False,0.9810874704491725
FF_g_224_Chordomyces,fungal-taxa,float64,0,0.0,385,False,0.09219858156028368
FF_g_227_Chrysanthotrichum,fungal-taxa,float64,0,0.0,31,False,0.9290780141843972
FF_g_228_Chrysosporium,fungal-taxa,float64,0,0.0,309,False,0.2718676122931442
FF_g_229_Chrysozyma,fungal-taxa,float64,0,0.0,43,False,0.900709219858156
FF_g_230_Chytriomyces,fungal-taxa,float64,0,0.0,21,False,0.9527186761229315
FF_g_233_Cirrenalia,fungal-taxa,float64,0,0.0,16,False,0.9645390070921985
FF_g_234_Cistella,fungal-taxa,float64,0,0.0,299,False,0.29550827423167847
FF_g_236_Cladophialophora,fungal-taxa,float64,0,0.0,189,False,0.5555555555555556
FF_g_237_Cladorrhinum,fungal-taxa,float64,0,0.0,138,False,0.6761229314420804
FF_g_238_Cladosporium,fungal-taxa,float64,0,0.0,423,False,0.002364066193853428
FF_g_239_Claroideoglomus,fungal-taxa,float64,0,0.0,85,False,0.7990543735224587
FF_g_240_Clathrosphaerina,fungal-taxa,float64,0,0.0,67,False,0.8439716312056738
FF_g_243_Clavaria,fungal-taxa,float64,0,0.0,10,False,0.9787234042553191
FF_g_246_Clavispora,fungal-taxa,float64,0,0.0,22,False,0.950354609929078
FF_g_251_Clitocella,fungal-taxa,float64,0,0.0,19,False,0.9574468085106383
FF_g_252_Clitocybe,fungal-taxa,float64,0,0.0,55,False,0.8699763593380615
FF_g_253_Clitopilus,fungal-taxa,float64,0,0.0,28,False,0.9361702127659575
FF_g_254_Clohesyomyces,fungal-taxa,float64,0,0.0,376,False,0.11347517730496454
FF_g_255_Clonostachys,fungal-taxa,float64,0,0.0,327,False,0.2293144208037825
FF_g_257_Coccomyxa,fungal-taxa,float64,0,0.0,7,False,0.9858156028368794
FF_g_258_Codinaea,fungal-taxa,float64,0,0.0,7,False,0.9858156028368794
FF_g_259_Coelastrella,fungal-taxa,float64,0,0.0,13,False,0.9716312056737588
FF_g_260_Coemansia,fungal-taxa,float64,0,0.0,13,False,0.9716312056737588
FF_g_262_Colacogloea,fungal-taxa,float64,0,0.0,27,False,0.9385342789598109
FF_g_265_Colletotrichum,fungal-taxa,float64,0,0.0,372,False,0.12293144208037825
FF_g_268_Coniochaeta,fungal-taxa,float64,0,0.0,411,False,0.030732860520094562
FF_g_269_Coniophora,fungal-taxa,float64,0,0.0,16,False,0.9645390070921985
FF_g_270_Conioscypha,fungal-taxa,float64,0,0.0,179,False,0.5768321513002365
FF_g_271_Coniothyrium,fungal-taxa,float64,0,0.0,177,False,0.5815602836879432
FF_g_272_Conlarium,fungal-taxa,float64,0,0.0,331,False,0.21749408983451538
FF_g_273_Connersia,fungal-taxa,float64,0,0.0,6,False,0.9881796690307328
FF_g_274_Conocybe,fungal-taxa,float64,0,0.0,143,False,0.6643026004728132
FF_g_275_Coprinellus,fungal-taxa,float64,0,0.0,201,False,0.524822695035461
FF_g_276_Coprinopsis,fungal-taxa,float64,0,0.0,226,False,0.46099290780141844
FF_g_277_Coprinus,fungal-taxa,float64,0,0.0,32,False,0.9267139479905437
FF_g_280_Coralloidiomyces,fungal-taxa,float64,0,0.0,42,False,0.9030732860520094
FF_g_281_Cordana,fungal-taxa,float64,0,0.0,8,False,0.983451536643026
FF_g_282_Cordyceps,fungal-taxa,float64,0,0.0,38,False,0.9125295508274232
FF_g_283_Cornuvesica,fungal-taxa,float64,0,0.0,8,False,0.983451536643026
FF_g_285_Corticium,fungal-taxa,float64,0,0.0,62,False,0.8557919621749409
FF_g_286_Cortinarius,fungal-taxa,float64,0,0.0,159,False,0.6217494089834515
FF_g_287_Corynespora,fungal-taxa,float64,0,0.0,71,False,0.83451536643026
FF_g_288_Cotylidia,fungal-taxa,float64,0,0.0,13,False,0.9716312056737588
FF_g_290_Crepidotus,fungal-taxa,float64,0,0.0,84,False,0.7966903073286052
FF_g_292_Cristinia,fungal-taxa,float64,0,0.0,9,False,0.9810874704491725
FF_g_293_Crocicreas,fungal-taxa,float64,0,0.0,62,False,0.8557919621749409
FF_g_296_Cryptococcus,fungal-taxa,float64,0,0.0,102,False,0.7612293144208038
FF_g_305_Curvibasidium,fungal-taxa,float64,0,0.0,12,False,0.9716312056737588
FF_g_306_Curvularia,fungal-taxa,float64,0,0.0,217,False,0.4846335697399527
FF_g_307_Cutaneotrichosporon,fungal-taxa,float64,0,0.0,128,False,0.6973995271867612
FF_g_309_Cyathus,fungal-taxa,float64,0,0.0,26,False,0.9408983451536643
FF_g_310_Cyberlindnera,fungal-taxa,float64,0,0.0,134,False,0.6855791962174941
FF_g_312_Cylindrobasidium,fungal-taxa,float64,0,0.0,44,False,0.8983451536643026
FF_g_313_Cylindrocarpon,fungal-taxa,float64,0,0.0,22,False,0.950354609929078
FF_g_314_Cyphellophora,fungal-taxa,float64,0,0.0,247,False,0.41843971631205673
FF_g_318_Cystobasidiopsis,fungal-taxa,float64,0,0.0,12,False,0.9739952718676123
FF_g_319_Cystobasidium,fungal-taxa,float64,0,0.0,56,False,0.8699763593380615
FF_g_321_Cystoderma,fungal-taxa,float64,0,0.0,7,False,0.9858156028368794
FF_g_323_Cystofilobasidium,fungal-taxa,float64,0,0.0,142,False,0.6666666666666666
FF_g_326_Cytospora,fungal-taxa,float64,0,0.0,3,False,0.9952718676122931
FF_g_328_Dacryobolus,fungal-taxa,float64,0,0.0,7,False,0.9858156028368794
FF_g_331_Dactylella,fungal-taxa,float64,0,0.0,76,False,0.8203309692671394
FF_g_332_Dactylellina,fungal-taxa,float64,0,0.0,7,False,0.9858156028368794
FF_g_333_Dactylonectria,fungal-taxa,float64,0,0.0,49,False,0.8865248226950354
FF_g_335_Daldinia,fungal-taxa,float64,0,0.0,21,False,0.9527186761229315
FF_g_337_Datronia,fungal-taxa,float64,0,0.0,18,False,0.9598108747044918
FF_g_338_Deasonia,fungal-taxa,float64,0,0.0,10,False,0.9787234042553191
FF_g_339_Debaryomyces,fungal-taxa,float64,0,0.0,11,False,0.9763593380614657
FF_g_340_Deconica,fungal-taxa,float64,0,0.0,117,False,0.7257683215130024
FF_g_344_Dendrochytridium,fungal-taxa,float64,0,0.0,10,False,0.9787234042553191
FF_g_346_Dendryphion,fungal-taxa,float64,0,0.0,389,False,0.08274231678486997
FF_g_348_Dentipellis,fungal-taxa,float64,0,0.0,6,False,0.9858156028368794
FF_g_350_Dentocorticium,fungal-taxa,float64,0,0.0,9,False,0.9810874704491725
FF_g_352_Devriesia,fungal-taxa,float64,0,0.0,7,False,0.9858156028368794
FF_g_353_Diaporthe,fungal-taxa,float64,0,0.0,40,False,0.9078014184397163
FF_g_354_Diatrype,fungal-taxa,float64,0,0.0,13,False,0.9716312056737588
FF_g_356_Dichostereum,fungal-taxa,float64,0,0.0,15,False,0.966903073286052
FF_g_357_Dichotomophthora,fungal-taxa,float64,0,0.0,8,False,0.983451536643026
FF_g_358_Dichotomopilus,fungal-taxa,float64,0,0.0,67,False,0.8439716312056738
FF_g_361_Dictyosporella,fungal-taxa,float64,0,0.0,10,False,0.9787234042553191
FF_g_362_Dictyosporium,fungal-taxa,float64,0,0.0,14,False,0.9692671394799054
FF_g_363_Didymella,fungal-taxa,float64,0,0.0,324,False,0.2364066193853428
FF_g_364_Didymocyrtis,fungal-taxa,float64,0,0.0,11,False,0.9763593380614657
FF_g_367_Dinemasporium,fungal-taxa,float64,0,0.0,39,False,0.9101654846335697
FF_g_368_Dioszegia,fungal-taxa,float64,0,0.0,194,False,0.5437352245862884
FF_g_369_Diplodia,fungal-taxa,float64,0,0.0,11,False,0.9763593380614657
FF_g_370_Diplogelasinospora,fungal-taxa,float64,0,0.0,19,False,0.9574468085106383
FF_g_373_Dipodascus,fungal-taxa,float64,0,0.0,156,False,0.6335697399527187
FF_g_374_Dissoconium,fungal-taxa,float64,0,0.0,15,False,0.966903073286052
FF_g_377_Diversispora,fungal-taxa,float64,0,0.0,10,False,0.9787234042553191
FF_g_378_Dominikia,fungal-taxa,float64,0,0.0,11,False,0.9763593380614657
FF_g_379_Donadinia,fungal-taxa,float64,0,0.0,15,False,0.966903073286052
FF_g_384_Drechslera,fungal-taxa,float64,0,0.0,88,False,0.7943262411347518
FF_g_386_Duddingtonia,fungal-taxa,float64,0,0.0,6,False,0.9881796690307328
FF_g_388_Echria,fungal-taxa,float64,0,0.0,10,False,0.9787234042553191
FF_g_392_Elaphomyces,fungal-taxa,float64,0,0.0,7,False,0.9858156028368794
FF_g_397_Emericellopsis,fungal-taxa,float64,0,0.0,137,False,0.6784869976359338
FF_g_401_Endophragmiella,fungal-taxa,float64,0,0.0,13,False,0.9716312056737588
FF_g_406_Entoloma,fungal-taxa,float64,0,0.0,262,False,0.3806146572104019
FF_g_409_Entorrhiza,fungal-taxa,float64,0,0.0,5,False,0.9905437352245863
FF_g_411_Entyloma,fungal-taxa,float64,0,0.0,24,False,0.9456264775413712
FF_g_412_Eocronartium,fungal-taxa,float64,0,0.0,46,False,0.8936170212765957
FF_g_413_Erysiphe,fungal-taxa,float64,0,0.0,6,False,0.9881796690307328
FF_g_415_Erythrobasidium,fungal-taxa,float64,0,0.0,60,False,0.8605200945626478
FF_g_416_Eucasphaeria,fungal-taxa,float64,0,0.0,331,False,0.2198581560283688
FF_g_420_Eutypella,fungal-taxa,float64,0,0.0,13,False,0.9692671394799054
FF_g_421_Exidia,fungal-taxa,float64,0,0.0,19,False,0.9574468085106383
FF_g_424_Exophiala,fungal-taxa,float64,0,0.0,414,False,0.02364066193853428
FF_g_425_Exserohilum,fungal-taxa,float64,0,0.0,46,False,0.8936170212765957
FF_g_431_Fibroporia,fungal-taxa,float64,0,0.0,12,False,0.9739952718676123
FF_g_432_Fibulochlamys,fungal-taxa,float64,0,0.0,46,False,0.8936170212765957
FF_g_434_Filobasidium,fungal-taxa,float64,0,0.0,248,False,0.4160756501182033
FF_g_441_Flammulina,fungal-taxa,float64,0,0.0,8,False,0.983451536643026
FF_g_446_Fomitopsis,fungal-taxa,float64,0,0.0,8,False,0.983451536643026
FF_g_453_Funneliformis,fungal-taxa,float64,0,0.0,21,False,0.9527186761229315
FF_g_454_Fusariella,fungal-taxa,float64,0,0.0,137,False,0.6784869976359338
FF_g_455_Fusarium,fungal-taxa,float64,0,0.0,422,False,0.004728132387706856
FF_g_457_Fuscoboletinus,fungal-taxa,float64,0,0.0,63,False,0.851063829787234
FF_g_459_Fuscostagonospora,fungal-taxa,float64,0,0.0,8,False,0.983451536643026
FF_g_461_Fusicolla,fungal-taxa,float64,0,0.0,382,False,0.09929078014184398
FF_g_462_Fusidium,fungal-taxa,float64,0,0.0,84,False,0.8037825059101655
FF_g_464_Gaertneriomyces,fungal-taxa,float64,0,0.0,15,False,0.966903073286052
FF_g_466_Gaeumannomyces,fungal-taxa,float64,0,0.0,63,False,0.8534278959810875
FF_g_467_Galactomyces,fungal-taxa,float64,0,0.0,54,False,0.8747044917257684
FF_g_469_Galerina,fungal-taxa,float64,0,0.0,96,False,0.7730496453900709
FF_g_471_Gamsia,fungal-taxa,float64,0,0.0,8,False,0.983451536643026
FF_g_472_Ganoderma,fungal-taxa,float64,0,0.0,352,False,0.1702127659574468
FF_g_474_Geastrum,fungal-taxa,float64,0,0.0,89,False,0.7872340425531915
FF_g_476_Geminibasidium,fungal-taxa,float64,0,0.0,68,False,0.8416075650118203
FF_g_477_Genolevuria,fungal-taxa,float64,0,0.0,15,False,0.966903073286052
FF_g_478_Geoglossum,fungal-taxa,float64,0,0.0,7,False,0.9858156028368794
FF_g_482_Gibberella,fungal-taxa,float64,0,0.0,418,False,0.014184397163120567
FF_g_483_Gibellulopsis,fungal-taxa,float64,0,0.0,423,False,0.0
FF_g_484_Gigaspora,fungal-taxa,float64,0,0.0,15,False,0.966903073286052
FF_g_485_Glaciozyma,fungal-taxa,float64,0,0.0,132,False,0.6903073286052009
FF_g_486_Glarea,fungal-taxa,float64,0,0.0,21,False,0.9527186761229315
FF_g_487_Gliomastix,fungal-taxa,float64,0,0.0,229,False,0.458628841607565
FF_g_488_Gloeocystidiellum,fungal-taxa,float64,0,0.0,19,False,0.9574468085106383
FF_g_494_Gloiothele,fungal-taxa,float64,0,0.0,9,False,0.9810874704491725
FF_g_495_Glomosporium,fungal-taxa,float64,0,0.0,11,False,0.9763593380614657
FF_g_496_Glomus,fungal-taxa,float64,0,0.0,90,False,0.789598108747045
FF_g_498_Goffeauzyma,fungal-taxa,float64,0,0.0,127,False,0.6997635933806147
FF_g_499_Golovinomyces,fungal-taxa,float64,0,0.0,9,False,0.9810874704491725
FF_g_501_Gongronella,fungal-taxa,float64,0,0.0,30,False,0.9314420803782506
FF_g_503_Granulobasidium,fungal-taxa,float64,0,0.0,11,False,0.9763593380614657
FF_g_505_Gremmenia,fungal-taxa,float64,0,0.0,22,False,0.950354609929078
FF_g_506_Grifola,fungal-taxa,float64,0,0.0,29,False,0.933806146572104
FF_g_508_Gymnoascus,fungal-taxa,float64,0,0.0,21,False,0.9527186761229315
FF_g_509_Gymnopilus,fungal-taxa,float64,0,0.0,32,False,0.9243498817966903
FF_g_511_Gymnostellatospora,fungal-taxa,float64,0,0.0,11,False,0.9763593380614657
FF_g_512_Gyoerffyella,fungal-taxa,float64,0,0.0,43,False,0.900709219858156
FF_g_516_Hamamotoa,fungal-taxa,float64,0,0.0,19,False,0.9574468085106383
FF_g_518_Hannaella,fungal-taxa,float64,0,0.0,365,False,0.13947990543735225
FF_g_519_Hanseniaspora,fungal-taxa,float64,0,0.0,53,False,0.8770685579196218
FF_g_520_Hansfordia,fungal-taxa,float64,0,0.0,8,False,0.983451536643026
FF_g_522_Haptocillium,fungal-taxa,float64,0,0.0,157,False,0.6312056737588653
FF_g_525_Harposporium,fungal-taxa,float64,0,0.0,9,False,0.9810874704491725
FF_g_527_Hebeloma,fungal-taxa,float64,0,0.0,23,False,0.9479905437352246
FF_g_528_Helicogloea,fungal-taxa,float64,0,0.0,32,False,0.9267139479905437
FF_g_529_Helicosporium,fungal-taxa,float64,0,0.0,71,False,0.83451536643026
FF_g_537_Hericium,fungal-taxa,float64,0,0.0,7,False,0.9858156028368794
FF_g_539_Herpotrichia,fungal-taxa,float64,0,0.0,16,False,0.9645390070921985
FF_g_542_Heterochaete,fungal-taxa,float64,0,0.0,4,False,0.9929078014184397
FF_g_545_Heterogastridium,fungal-taxa,float64,0,0.0,21,False,0.9527186761229315
FF_g_546_Heterospora,fungal-taxa,float64,0,0.0,21,False,0.9527186761229315
FF_g_547_Heydenia,fungal-taxa,float64,0,0.0,73,False,0.8274231678486997
FF_g_548_Hirsutella,fungal-taxa,float64,0,0.0,86,False,0.7990543735224587
FF_g_550_Holocotylon,fungal-taxa,float64,0,0.0,6,False,0.9881796690307328
FF_g_551_Holtermanniella,fungal-taxa,float64,0,0.0,392,False,0.07565011820330969
FF_g_553_Homophron,fungal-taxa,float64,0,0.0,23,False,0.9479905437352246
FF_g_555_Hormonema,fungal-taxa,float64,0,0.0,13,False,0.9716312056737588
FF_g_558_Humicola,fungal-taxa,float64,0,0.0,419,False,0.01182033096926714
FF_g_560_Hyaloscypha,fungal-taxa,float64,0,0.0,7,False,0.9858156028368794
FF_g_566_Hygrocybe,fungal-taxa,float64,0,0.0,6,False,0.9881796690307328
FF_g_567_Hygrophoropsis,fungal-taxa,float64,0,0.0,8,False,0.983451536643026
FF_g_569_Hymenochaete,fungal-taxa,float64,0,0.0,14,False,0.9692671394799054
FF_g_570_Hymenochaetopsis,fungal-taxa,float64,0,0.0,22,False,0.950354609929078
FF_g_572_Hymenoscyphus,fungal-taxa,float64,0,0.0,134,False,0.6855791962174941
FF_g_573_Hymenula,fungal-taxa,float64,0,0.0,10,False,0.9787234042553191
FF_g_575_Hyphoderma,fungal-taxa,float64,0,0.0,24,False,0.9456264775413712
FF_g_576_Hyphodermella,fungal-taxa,float64,0,0.0,27,False,0.9385342789598109
FF_g_577_Hyphodontia,fungal-taxa,float64,0,0.0,135,False,0.6761229314420804
FF_g_579_Hypholoma,fungal-taxa,float64,0,0.0,131,False,0.6879432624113475
FF_g_580_Hypochniciellum,fungal-taxa,float64,0,0.0,13,False,0.9716312056737588
FF_g_581_Hypochnicium,fungal-taxa,float64,0,0.0,30,False,0.9314420803782506
FF_g_583_Hypoxylon,fungal-taxa,float64,0,0.0,41,False,0.9054373522458629
FF_g_584_Hypsizygus,fungal-taxa,float64,0,0.0,12,False,0.9739952718676123
FF_g_587_Idriella,fungal-taxa,float64,0,0.0,293,False,0.30969267139479906
FF_g_588_Ilyonectria,fungal-taxa,float64,0,0.0,123,False,0.7115839243498818
FF_g_590_Infundichalara,fungal-taxa,float64,0,0.0,15,False,0.966903073286052
FF_g_592_Inocybe,fungal-taxa,float64,0,0.0,58,False,0.8652482269503546
FF_g_593_Inonotus,fungal-taxa,float64,0,0.0,17,False,0.9621749408983451
FF_g_595_Iodophanus,fungal-taxa,float64,0,0.0,21,False,0.9527186761229315
FF_g_596_Irpex,fungal-taxa,float64,0,0.0,46,False,0.8936170212765957
FF_g_597_Ischnoderma,fungal-taxa,float64,0,0.0,106,False,0.7494089834515366
FF_g_598_Issatchenkia,fungal-taxa,float64,0,0.0,24,False,0.9456264775413712
FF_g_599_Isthmolongispora,fungal-taxa,float64,0,0.0,60,False,0.8581560283687943
FF_g_600_Itersonilia,fungal-taxa,float64,0,0.0,185,False,0.5602836879432624
FF_g_601_Jaapia,fungal-taxa,float64,0,0.0,8,False,0.983451536643026
FF_g_603_Junghuhnia,fungal-taxa,float64,0,0.0,9,False,0.9810874704491725
FF_g_606_Kalmusia,fungal-taxa,float64,0,0.0,18,False,0.9598108747044918
FF_g_607_Karstenia,fungal-taxa,float64,0,0.0,11,False,0.9763593380614657
FF_g_608_Kavinia,fungal-taxa,float64,0,0.0,7,False,0.9858156028368794
FF_g_609_Kazachstania,fungal-taxa,float64,0,0.0,50,False,0.8817966903073287
FF_g_610_Keissleriella,fungal-taxa,float64,0,0.0,103,False,0.7588652482269503
FF_g_611_Kernia,fungal-taxa,float64,0,0.0,72,False,0.8321513002364066
FF_g_613_Knufia,fungal-taxa,float64,0,0.0,55,False,0.8723404255319149
FF_g_614_Kochiomyces,fungal-taxa,float64,0,0.0,245,False,0.4231678486997636
FF_g_617_Kondoa,fungal-taxa,float64,0,0.0,52,False,0.8794326241134752
FF_g_619_Kuehneromyces,fungal-taxa,float64,0,0.0,7,False,0.9858156028368794
FF_g_620_Kurtzmaniella,fungal-taxa,float64,0,0.0,12,False,0.9739952718676123
FF_g_621_Kurtzmanomyces,fungal-taxa,float64,0,0.0,65,False,0.8486997635933806
FF_g_624_Laccaria,fungal-taxa,float64,0,0.0,20,False,0.9550827423167849
FF_g_625_Lachancea,fungal-taxa,float64,0,0.0,8,False,0.983451536643026
FF_g_627_Lachnellula,fungal-taxa,float64,0,0.0,29,False,0.933806146572104
FF_g_628_Lachnum,fungal-taxa,float64,0,0.0,29,False,0.933806146572104
FF_g_629_Lacrymaria,fungal-taxa,float64,0,0.0,9,False,0.9810874704491725
FF_g_630_Lactarius,fungal-taxa,float64,0,0.0,12,False,0.9739952718676123
FF_g_631_Laetiporus,fungal-taxa,float64,0,0.0,8,False,0.983451536643026
FF_g_632_Laetisaria,fungal-taxa,float64,0,0.0,29,False,0.933806146572104
FF_g_635_Lapidomyces,fungal-taxa,float64,0,0.0,7,False,0.9858156028368794
FF_g_637_Lasiobolidium,fungal-taxa,float64,0,0.0,9,False,0.9810874704491725
FF_g_639_Lasionectria,fungal-taxa,float64,0,0.0,13,False,0.9716312056737588
FF_g_641_Lasiosphaeris,fungal-taxa,float64,0,0.0,93,False,0.7825059101654847
FF_g_642_Lecanicillium,fungal-taxa,float64,0,0.0,54,False,0.8747044917257684
FF_g_644_Leccinum,fungal-taxa,float64,0,0.0,11,False,0.9763593380614657
FF_g_645_Lectera,fungal-taxa,float64,0,0.0,384,False,0.09456264775413711
FF_g_646_Lecythophora,fungal-taxa,float64,0,0.0,209,False,0.508274231678487
FF_g_648_Lentinellus,fungal-taxa,float64,0,0.0,38,False,0.9101654846335697
FF_g_652_Leohumicola,fungal-taxa,float64,0,0.0,69,False,0.8392434988179669
FF_g_653_Lepiota,fungal-taxa,float64,0,0.0,9,False,0.9810874704491725
FF_g_654_Lepista,fungal-taxa,float64,0,0.0,89,False,0.789598108747045
FF_g_656_Leptodiscella,fungal-taxa,float64,0,0.0,63,False,0.8534278959810875
FF_g_657_Leptodontidium,fungal-taxa,float64,0,0.0,17,False,0.9621749408983451
FF_g_658_Leptosphaeria,fungal-taxa,float64,0,0.0,176,False,0.5862884160756501
FF_g_659_Leptospora,fungal-taxa,float64,0,0.0,113,False,0.7328605200945626
FF_g_661_Leucoagaricus,fungal-taxa,float64,0,0.0,6,False,0.9881796690307328
FF_g_662_Leucogyrophana,fungal-taxa,float64,0,0.0,28,False,0.9361702127659575
FF_g_665_Leucosporidium,fungal-taxa,float64,0,0.0,232,False,0.45390070921985815
FF_g_666_Leucothecium,fungal-taxa,float64,0,0.0,60,False,0.8605200945626478
FF_g_668_Limonomyces,fungal-taxa,float64,0,0.0,10,False,0.9787234042553191
FF_g_670_Lipomyces,fungal-taxa,float64,0,0.0,133,False,0.6808510638297872
FF_g_672_Lobulomyces,fungal-taxa,float64,0,0.0,28,False,0.9361702127659575
FF_g_673_Lopadostoma,fungal-taxa,float64,0,0.0,16,False,0.9645390070921985
FF_g_674_Lophiostoma,fungal-taxa,float64,0,0.0,3,False,0.9952718676122931
FF_g_677_Lophotrichus,fungal-taxa,float64,0,0.0,89,False,0.7919621749408984
FF_g_680_Lycoperdon,fungal-taxa,float64,0,0.0,366,False,0.1347517730496454
FF_g_681_Lyomyces,fungal-taxa,float64,0,0.0,31,False,0.9290780141843972
FF_g_682_Lyophyllum,fungal-taxa,float64,0,0.0,8,False,0.983451536643026
FF_g_683_Lysurus,fungal-taxa,float64,0,0.0,84,False,0.8037825059101655
FF_g_686_Macrocystidia,fungal-taxa,float64,0,0.0,39,False,0.9101654846335697
FF_g_692_Malassezia,fungal-taxa,float64,0,0.0,16,False,0.9645390070921985
FF_g_695_Marasmius,fungal-taxa,float64,0,0.0,25,False,0.9432624113475178
FF_g_697_Mariannaea,fungal-taxa,float64,0,0.0,159,False,0.624113475177305
FF_g_704_Mastigobasidium,fungal-taxa,float64,0,0.0,144,False,0.6619385342789598
FF_g_706_Melanocarpus,fungal-taxa,float64,0,0.0,9,False,0.9810874704491725
FF_g_708_Melanoleuca,fungal-taxa,float64,0,0.0,45,False,0.8959810874704491
FF_g_710_Melanopsichium,fungal-taxa,float64,0,0.0,13,False,0.9716312056737588
FF_g_714_Merismodes,fungal-taxa,float64,0,0.0,7,False,0.9858156028368794
FF_g_716_Merulius,fungal-taxa,float64,0,0.0,28,False,0.933806146572104
FF_g_717_Metacordyceps,fungal-taxa,float64,0,0.0,181,False,0.574468085106383
FF_g_719_Metapochonia,fungal-taxa,float64,0,0.0,116,False,0.7281323877068558
FF_g_720_Metarhizium,fungal-taxa,float64,0,0.0,388,False,0.0851063829787234
FF_g_721_Metschnikowia,fungal-taxa,float64,0,0.0,12,False,0.9739952718676123
FF_g_722_Meyerozyma,fungal-taxa,float64,0,0.0,39,False,0.9101654846335697
FF_g_723_Micractinium,fungal-taxa,float64,0,0.0,12,False,0.9739952718676123
FF_g_724_Microascus,fungal-taxa,float64,0,0.0,14,False,0.9692671394799054
FF_g_725_Microbotryum,fungal-taxa,float64,0,0.0,31,False,0.9290780141843972
FF_g_727_Microdochium,fungal-taxa,float64,0,0.0,342,False,0.1938534278959811
FF_g_728_Microscypha,fungal-taxa,float64,0,0.0,27,False,0.9385342789598109
FF_g_730_Microstroma,fungal-taxa,float64,0,0.0,12,False,0.9739952718676123
FF_g_731_Minimedusa,fungal-taxa,float64,0,0.0,312,False,0.2647754137115839
FF_g_732_Minimelanolocus,fungal-taxa,float64,0,0.0,7,False,0.9858156028368794
FF_g_733_Minutisphaera,fungal-taxa,float64,0,0.0,15,False,0.966903073286052
FF_g_735_Moesziomyces,fungal-taxa,float64,0,0.0,83,False,0.806146572104019
FF_g_736_Mollisia,fungal-taxa,float64,0,0.0,7,False,0.9858156028368794
FF_g_740_Monochaetia,fungal-taxa,float64,0,0.0,8,False,0.983451536643026
FF_g_741_Monocillium,fungal-taxa,float64,0,0.0,409,False,0.03546099290780142
FF_g_743_Monosporascus,fungal-taxa,float64,0,0.0,8,False,0.983451536643026
FF_g_746_Mortierella,fungal-taxa,float64,0,0.0,421,False,0.0070921985815602835
FF_g_747_Mrakia,fungal-taxa,float64,0,0.0,390,False,0.08037825059101655
FF_g_749_Mucor,fungal-taxa,float64,0,0.0,272,False,0.35933806146572106
FF_g_751_Muriformistrickeria,fungal-taxa,float64,0,0.0,12,False,0.9739952718676123
FF_g_752_Murispora,fungal-taxa,float64,0,0.0,17,False,0.9621749408983451
FF_g_753_Mutinus,fungal-taxa,float64,0,0.0,25,False,0.9432624113475178
FF_g_755_Mycena,fungal-taxa,float64,0,0.0,78,False,0.817966903073286
FF_g_756_Mycenastrum,fungal-taxa,float64,0,0.0,10,False,0.9763593380614657
FF_g_758_Mycoacia,fungal-taxa,float64,0,0.0,23,False,0.9479905437352246
FF_g_760_Mycocalia,fungal-taxa,float64,0,0.0,42,False,0.9030732860520094
FF_g_763_Mycothermus,fungal-taxa,float64,0,0.0,16,False,0.9645390070921985
FF_g_767_Myrmecridium,fungal-taxa,float64,0,0.0,284,False,0.3309692671394799
FF_g_768_Myrothecium,fungal-taxa,float64,0,0.0,312,False,0.2647754137115839
FF_g_770_Myxarium,fungal-taxa,float64,0,0.0,19,False,0.9574468085106383
FF_g_774_Nadsonia,fungal-taxa,float64,0,0.0,27,False,0.9385342789598109
FF_g_776_Naganishia,fungal-taxa,float64,0,0.0,198,False,0.5342789598108747
FF_g_779_Nanoscypha,fungal-taxa,float64,0,0.0,14,False,0.9692671394799054
FF_g_781_Natantispora,fungal-taxa,float64,0,0.0,98,False,0.7706855791962175
FF_g_782_Naucoria,fungal-taxa,float64,0,0.0,13,False,0.9716312056737588
FF_g_783_Nectria,fungal-taxa,float64,0,0.0,317,False,0.25295508274231676
FF_g_784_Nectriopsis,fungal-taxa,float64,0,0.0,46,False,0.8912529550827423
FF_g_785_Nemania,fungal-taxa,float64,0,0.0,9,False,0.9810874704491725
FF_g_788_Neoascochyta,fungal-taxa,float64,0,0.0,80,False,0.8132387706855791
FF_g_790_Neobulgaria,fungal-taxa,float64,0,0.0,64,False,0.851063829787234
FF_g_794_Neocucurbitaria,fungal-taxa,float64,0,0.0,6,False,0.9881796690307328
FF_g_795_Neodendryphiella,fungal-taxa,float64,0,0.0,19,False,0.9574468085106383
FF_g_796_Neodevriesia,fungal-taxa,float64,0,0.0,10,False,0.9787234042553191
FF_g_798_Neohelicomyces,fungal-taxa,float64,0,0.0,27,False,0.9385342789598109
FF_g_799_Neonectria,fungal-taxa,float64,0,0.0,77,False,0.8203309692671394
FF_g_802_Neosetophoma,fungal-taxa,float64,0,0.0,381,False,0.1016548463356974
FF_g_804_Neurospora,fungal-taxa,float64,0,0.0,20,False,0.9550827423167849
FF_g_807_Nigrospora,fungal-taxa,float64,0,0.0,135,False,0.6808510638297872
FF_g_808_Nodulisporium,fungal-taxa,float64,0,0.0,7,False,0.9858156028368794
FF_g_810_Occultifur,fungal-taxa,float64,0,0.0,212,False,0.4988179669030733
FF_g_811_Ochroconis,fungal-taxa,float64,0,0.0,86,False,0.7990543735224587
FF_g_814_Oehlia,fungal-taxa,float64,0,0.0,31,False,0.9290780141843972
FF_g_816_Oidiodendron,fungal-taxa,float64,0,0.0,163,False,0.6122931442080378
FF_g_817_Oliveonia,fungal-taxa,float64,0,0.0,117,False,0.7257683215130024
FF_g_818_Olpidium,fungal-taxa,float64,0,0.0,115,False,0.7304964539007093
FF_g_819_Olpitrichum,fungal-taxa,float64,0,0.0,8,False,0.983451536643026
FF_g_820_Omphalotus,fungal-taxa,float64,0,0.0,50,False,0.8841607565011821
FF_g_825_Operculomyces,fungal-taxa,float64,0,0.0,23,False,0.9479905437352246
FF_g_827_Ophiocordyceps,fungal-taxa,float64,0,0.0,9,False,0.9810874704491725
FF_g_828_Ophiosphaerella,fungal-taxa,float64,0,0.0,154,False,0.6382978723404256
FF_g_829_Orbilia,fungal-taxa,float64,0,0.0,17,False,0.9621749408983451
FF_g_836_Paecilomyces,fungal-taxa,float64,0,0.0,11,False,0.9763593380614657
FF_g_837_Panaeolus,fungal-taxa,float64,0,0.0,81,False,0.8108747044917257
FF_g_838_Panellus,fungal-taxa,float64,0,0.0,41,False,0.9054373522458629
FF_g_839_Papiliotrema,fungal-taxa,float64,0,0.0,312,False,0.2624113475177305
FF_g_840_Papulaspora,fungal-taxa,float64,0,0.0,23,False,0.9479905437352246
FF_g_841_Paraconiothyrium,fungal-taxa,float64,0,0.0,47,False,0.8912529550827423
FF_g_842_Paracremonium,fungal-taxa,float64,0,0.0,74,False,0.8274231678486997
FF_g_843_Paracylindrocarpon,fungal-taxa,float64,0,0.0,9,False,0.9810874704491725
FF_g_845_Paraglomus,fungal-taxa,float64,0,0.0,136,False,0.6808510638297872
FF_g_848_Paramyrothecium,fungal-taxa,float64,0,0.0,63,False,0.8534278959810875
FF_g_849_Paranamyces,fungal-taxa,float64,0,0.0,94,False,0.7801418439716312
FF_g_850_Paraophiobolus,fungal-taxa,float64,0,0.0,9,False,0.9810874704491725
FF_g_851_Paraphaeosphaeria,fungal-taxa,float64,0,0.0,387,False,0.08747044917257683
FF_g_853_Paraphoma,fungal-taxa,float64,0,0.0,370,False,0.1276595744680851
FF_g_856_Parasola,fungal-taxa,float64,0,0.0,20,False,0.9550827423167849
FF_g_857_Parastagonospora,fungal-taxa,float64,0,0.0,21,False,0.9527186761229315
FF_g_858_Parathyridaria,fungal-taxa,float64,0,0.0,15,False,0.966903073286052
FF_g_861_Parietochloris,fungal-taxa,float64,0,0.0,19,False,0.9574468085106383
FF_g_863_Passeriniella,fungal-taxa,float64,0,0.0,21,False,0.9527186761229315
FF_g_864_Paurocotylis,fungal-taxa,float64,0,0.0,12,False,0.9739952718676123
FF_g_867_Pellidiscus,fungal-taxa,float64,0,0.0,8,False,0.983451536643026
FF_g_870_Penicillifer,fungal-taxa,float64,0,0.0,49,False,0.8865248226950354
FF_g_871_Penicillium,fungal-taxa,float64,0,0.0,393,False,0.07328605200945626
FF_g_872_Peniophora,fungal-taxa,float64,0,0.0,149,False,0.6477541371158393
FF_g_873_Peniophorella,fungal-taxa,float64,0,0.0,15,False,0.966903073286052
FF_g_874_Perenniporia,fungal-taxa,float64,0,0.0,79,False,0.8132387706855791
FF_g_875_Periconia,fungal-taxa,float64,0,0.0,257,False,0.3947990543735225
FF_g_876_Perusta,fungal-taxa,float64,0,0.0,7,False,0.9858156028368794
FF_g_880_Peziza,fungal-taxa,float64,0,0.0,169,False,0.6028368794326241
FF_g_885_Phaeocytostroma,fungal-taxa,float64,0,0.0,5,False,0.9905437352245863
FF_g_886_Phaeodactylium,fungal-taxa,float64,0,0.0,5,False,0.9905437352245863
FF_g_890_Phaeophyscia,fungal-taxa,float64,0,0.0,15,False,0.966903073286052
FF_g_891_Phaeosphaeria,fungal-taxa,float64,0,0.0,114,False,0.7328605200945626
FF_g_895_Phallus,fungal-taxa,float64,0,0.0,219,False,0.4846335697399527
FF_g_896_Phanerochaete,fungal-taxa,float64,0,0.0,35,False,0.91725768321513
FF_g_897_Phellinopsis,fungal-taxa,float64,0,0.0,31,False,0.9290780141843972
FF_g_898_Phellinus,fungal-taxa,float64,0,0.0,33,False,0.9219858156028369
FF_g_900_Phenoliferia,fungal-taxa,float64,0,0.0,86,False,0.7990543735224587
FF_g_902_Phialemonium,fungal-taxa,float64,0,0.0,34,False,0.9219858156028369
FF_g_903_Phialocephala,fungal-taxa,float64,0,0.0,126,False,0.7044917257683215
FF_g_904_Phialomyces,fungal-taxa,float64,0,0.0,6,False,0.9881796690307328
FF_g_905_Phialophora,fungal-taxa,float64,0,0.0,29,False,0.933806146572104
FF_g_906_Phlebia,fungal-taxa,float64,0,0.0,36,False,0.91725768321513
FF_g_907_Phlebiopsis,fungal-taxa,float64,0,0.0,8,False,0.983451536643026
FF_g_908_Phlyctochytrium,fungal-taxa,float64,0,0.0,53,False,0.8770685579196218
FF_g_909_Pholiota,fungal-taxa,float64,0,0.0,140,False,0.6619385342789598
FF_g_910_Pholiotina,fungal-taxa,float64,0,0.0,10,False,0.9787234042553191
FF_g_912_Phomatospora,fungal-taxa,float64,0,0.0,146,False,0.6548463356973995
FF_g_915_Phyllozyma,fungal-taxa,float64,0,0.0,43,False,0.900709219858156
FF_g_916_Physcia,fungal-taxa,float64,0,0.0,5,False,0.9905437352245863
FF_g_918_Physisporinus,fungal-taxa,float64,0,0.0,21,False,0.9527186761229315
FF_g_919_Physoderma,fungal-taxa,float64,0,0.0,11,False,0.9763593380614657
FF_g_920_Physodontia,fungal-taxa,float64,0,0.0,7,False,0.9858156028368794
FF_g_921_Pichia,fungal-taxa,float64,0,0.0,22,False,0.950354609929078
FF_g_925_Piloderma,fungal-taxa,float64,0,0.0,27,False,0.9361702127659575
FF_g_928_Piptoporus,fungal-taxa,float64,0,0.0,32,False,0.9267139479905437
FF_g_933_Planophila,fungal-taxa,float64,0,0.0,11,False,0.9763593380614657
FF_g_936_Plectosphaerella,fungal-taxa,float64,0,0.0,420,False,0.009456264775413711
FF_g_937_Plenodomus,fungal-taxa,float64,0,0.0,299,False,0.29550827423167847
FF_g_941_Pleurocatena,fungal-taxa,float64,0,0.0,7,False,0.9858156028368794
FF_g_943_Pleurophragmium,fungal-taxa,float64,0,0.0,190,False,0.5531914893617021
FF_g_944_Pleurostoma,fungal-taxa,float64,0,0.0,6,False,0.9881796690307328
FF_g_945_Pleurotus,fungal-taxa,float64,0,0.0,21,False,0.9527186761229315
FF_g_946_Plicaturopsis,fungal-taxa,float64,0,0.0,62,False,0.8557919621749409
FF_g_947_Pluteus,fungal-taxa,float64,0,0.0,103,False,0.7541371158392435
FF_g_951_Podospora,fungal-taxa,float64,0,0.0,378,False,0.10874704491725769
FF_g_952_Poitrasia,fungal-taxa,float64,0,0.0,16,False,0.9645390070921985
FF_g_953_Polycephalomyces,fungal-taxa,float64,0,0.0,8,False,0.983451536643026
FF_g_960_Postia,fungal-taxa,float64,0,0.0,83,False,0.8014184397163121
FF_g_962_Powellomyces,fungal-taxa,float64,0,0.0,264,False,0.37825059101654845
FF_g_965_Preussia,fungal-taxa,float64,0,0.0,276,False,0.3475177304964539
FF_g_967_Protocreopsis,fungal-taxa,float64,0,0.0,40,False,0.9078014184397163
FF_g_968_Protomonostroma,fungal-taxa,float64,0,0.0,9,False,0.9810874704491725
FF_g_969_Protomyces,fungal-taxa,float64,0,0.0,7,False,0.9858156028368794
FF_g_972_Psathyrella,fungal-taxa,float64,0,0.0,174,False,0.5910165484633569
FF_g_974_Pseudaleuria,fungal-taxa,float64,0,0.0,64,False,0.851063829787234
FF_g_975_Pseudallescheria,fungal-taxa,float64,0,0.0,7,False,0.9858156028368794
FF_g_976_Pseudeurotium,fungal-taxa,float64,0,0.0,351,False,0.17257683215130024
FF_g_981_Pseudocoleophoma,fungal-taxa,float64,0,0.0,64,False,0.851063829787234
FF_g_983_Pseudocosmospora,fungal-taxa,float64,0,0.0,167,False,0.607565011820331
FF_g_985_Pseudogymnoascus,fungal-taxa,float64,0,0.0,423,False,0.0
FF_g_988_Pseudolachnella,fungal-taxa,float64,0,0.0,64,False,0.851063829787234
FF_g_991_Pseudomerulius,fungal-taxa,float64,0,0.0,21,False,0.9527186761229315
FF_g_992_Pseudomicrostroma,fungal-taxa,float64,0,0.0,16,False,0.9645390070921985
FF_g_995_Pseudopithomyces,fungal-taxa,float64,0,0.0,334,False,0.2127659574468085
FF_g_997_Pseudorobillarda,fungal-taxa,float64,0,0.0,71,False,0.83451536643026
FF_g_1005_Pseudozyma,fungal-taxa,float64,0,0.0,15,False,0.966903073286052
FF_g_1006_Psilocybe,fungal-taxa,float64,0,0.0,10,False,0.9787234042553191
FF_g_1011_Purpureocillium,fungal-taxa,float64,0,0.0,55,False,0.8723404255319149
FF_g_1013_Pyrenochaeta,fungal-taxa,float64,0,0.0,66,False,0.8463356973995272
FF_g_1014_Pyrenochaetopsis,fungal-taxa,float64,0,0.0,157,False,0.6288416075650118
FF_g_1015_Pyrenophora,fungal-taxa,float64,0,0.0,12,False,0.9739952718676123
FF_g_1017_Pyxidiophora,fungal-taxa,float64,0,0.0,70,False,0.8368794326241135
FF_g_1020_Radulodon,fungal-taxa,float64,0,0.0,7,False,0.9858156028368794
FF_g_1021_Radulomyces,fungal-taxa,float64,0,0.0,15,False,0.966903073286052
FF_g_1022_Ramaria,fungal-taxa,float64,0,0.0,10,False,0.9763593380614657
FF_g_1023_Ramariopsis,fungal-taxa,float64,0,0.0,8,False,0.983451536643026
FF_g_1024_Ramicandelaber,fungal-taxa,float64,0,0.0,158,False,0.6288416075650118
FF_g_1025_Ramophialophora,fungal-taxa,float64,0,0.0,121,False,0.7163120567375887
FF_g_1029_Remersonia,fungal-taxa,float64,0,0.0,17,False,0.9621749408983451
FF_g_1030_Resinicium,fungal-taxa,float64,0,0.0,10,False,0.9787234042553191
FF_g_1031_Resupinatus,fungal-taxa,float64,0,0.0,18,False,0.9598108747044918
FF_g_1033_Rhexoacrodictys,fungal-taxa,float64,0,0.0,11,False,0.9763593380614657
FF_g_1035_Rhinocladiella,fungal-taxa,float64,0,0.0,20,False,0.9550827423167849
FF_g_1036_Rhinocladium,fungal-taxa,float64,0,0.0,10,False,0.9787234042553191
FF_g_1037_Rhizochaete,fungal-taxa,float64,0,0.0,8,False,0.983451536643026
FF_g_1042_Rhizophagus,fungal-taxa,float64,0,0.0,99,False,0.7659574468085106
FF_g_1043_Rhizophlyctis,fungal-taxa,float64,0,0.0,299,False,0.29550827423167847
FF_g_1044_Rhizophydium,fungal-taxa,float64,0,0.0,166,False,0.6099290780141844
FF_g_1046_Rhizopus,fungal-taxa,float64,0,0.0,221,False,0.4799054373522459
FF_g_1049_Rhodosporidiobolus,fungal-taxa,float64,0,0.0,45,False,0.8959810874704491
FF_g_1050_Rhodotorula,fungal-taxa,float64,0,0.0,214,False,0.4940898345153664
FF_g_1053_Rigidoporus,fungal-taxa,float64,0,0.0,59,False,0.8605200945626478
FF_g_1058_Roussoella,fungal-taxa,float64,0,0.0,218,False,0.48699763593380613
FF_g_1060_Russula,fungal-taxa,float64,0,0.0,13,False,0.9716312056737588
FF_g_1062_Saccharomyces,fungal-taxa,float64,0,0.0,23,False,0.9479905437352246
FF_g_1064_Sagenomella,fungal-taxa,float64,0,0.0,281,False,0.3380614657210402
FF_g_1065_Saitozyma,fungal-taxa,float64,0,0.0,247,False,0.41843971631205673
FF_g_1066_Sakaguchia,fungal-taxa,float64,0,0.0,114,False,0.7304964539007093
FF_g_1067_Sampaiozyma,fungal-taxa,float64,0,0.0,280,False,0.3404255319148936
FF_g_1068_Sanchytrium,fungal-taxa,float64,0,0.0,411,False,0.030732860520094562
FF_g_1073_Sarcoporia,fungal-taxa,float64,0,0.0,43,False,0.900709219858156
FF_g_1075_Sarocladium,fungal-taxa,float64,0,0.0,308,False,0.27423167848699764
FF_g_1076_Saturnispora,fungal-taxa,float64,0,0.0,79,False,0.8156028368794326
FF_g_1079_Scedosporium,fungal-taxa,float64,0,0.0,14,False,0.9692671394799054
FF_g_1081_Schizophyllum,fungal-taxa,float64,0,0.0,16,False,0.9645390070921985
FF_g_1082_Schizopora,fungal-taxa,float64,0,0.0,36,False,0.91725768321513
FF_g_1083_Schizothecium,fungal-taxa,float64,0,0.0,394,False,0.07092198581560284
FF_g_1085_Scleroderma,fungal-taxa,float64,0,0.0,20,False,0.9527186761229315
FF_g_1088_Scolecobasidium,fungal-taxa,float64,0,0.0,282,False,0.33569739952718675
FF_g_1089_Scoliciosporum,fungal-taxa,float64,0,0.0,7,False,0.9858156028368794
FF_g_1090_Scopulariopsis,fungal-taxa,float64,0,0.0,50,False,0.8841607565011821
FF_g_1091_Scopuloides,fungal-taxa,float64,0,0.0,25,False,0.9432624113475178
FF_g_1092_Scutellinia,fungal-taxa,float64,0,0.0,48,False,0.8888888888888888
FF_g_1093_Scutellospora,fungal-taxa,float64,0,0.0,16,False,0.9645390070921985
FF_g_1094_Scytalidium,fungal-taxa,float64,0,0.0,337,False,0.20567375886524822
FF_g_1100_Septoglomus,fungal-taxa,float64,0,0.0,41,False,0.9054373522458629
FF_g_1102_Serendipita,fungal-taxa,float64,0,0.0,62,False,0.8557919621749409
FF_g_1103_Serpula,fungal-taxa,float64,0,0.0,19,False,0.9574468085106383
FF_g_1105_Setophaeosphaeria,fungal-taxa,float64,0,0.0,15,False,0.966903073286052
FF_g_1106_Setophoma,fungal-taxa,float64,0,0.0,300,False,0.29314420803782504
FF_g_1109_Sidera,fungal-taxa,float64,0,0.0,6,False,0.9881796690307328
FF_g_1110_Sigarispora,fungal-taxa,float64,0,0.0,5,False,0.9905437352245863
FF_g_1111_Simocybe,fungal-taxa,float64,0,0.0,13,False,0.9716312056737588
FF_g_1114_Sistotrema,fungal-taxa,float64,0,0.0,142,False,0.6643026004728132
FF_g_1115_Sistotremastrum,fungal-taxa,float64,0,0.0,19,False,0.9574468085106383
FF_g_1118_Slooffia,fungal-taxa,float64,0,0.0,8,False,0.983451536643026
FF_g_1119_Slopeiomyces,fungal-taxa,float64,0,0.0,12,False,0.9739952718676123
FF_g_1121_Sodiomyces,fungal-taxa,float64,0,0.0,10,False,0.9787234042553191
FF_g_1122_Solicoccozyma,fungal-taxa,float64,0,0.0,406,False,0.0425531914893617
FF_g_1123_Sonoraphlyctis,fungal-taxa,float64,0,0.0,23,False,0.9456264775413712
FF_g_1124_Spadicoides,fungal-taxa,float64,0,0.0,7,False,0.9858156028368794
FF_g_1125_Spegazzinia,fungal-taxa,float64,0,0.0,17,False,0.9621749408983451
FF_g_1127_Sphacelotheca,fungal-taxa,float64,0,0.0,7,False,0.9858156028368794
FF_g_1128_Sphaerellopsis,fungal-taxa,float64,0,0.0,12,False,0.9739952718676123
FF_g_1129_Sphaerobolus,fungal-taxa,float64,0,0.0,44,False,0.8983451536643026
FF_g_1130_Sphaeronaemella,fungal-taxa,float64,0,0.0,48,False,0.8888888888888888
FF_g_1132_Sphaerulina,fungal-taxa,float64,0,0.0,6,False,0.9881796690307328
FF_g_1134_Spiromastix,fungal-taxa,float64,0,0.0,7,False,0.9858156028368794
FF_g_1135_Spirosphaera,fungal-taxa,float64,0,0.0,37,False,0.9125295508274232
FF_g_1136_Spizellomyces,fungal-taxa,float64,0,0.0,268,False,0.36879432624113473
FF_g_1137_Spongiochloris,fungal-taxa,float64,0,0.0,16,False,0.9645390070921985
FF_g_1138_Sporidesmiella,fungal-taxa,float64,0,0.0,226,False,0.46808510638297873
FF_g_1141_Sporobolomyces,fungal-taxa,float64,0,0.0,232,False,0.45390070921985815
FF_g_1142_Sporormia,fungal-taxa,float64,0,0.0,9,False,0.9810874704491725
FF_g_1143_Sporormiella,fungal-taxa,float64,0,0.0,49,False,0.8865248226950354
FF_g_1144_Sporoschisma,fungal-taxa,float64,0,0.0,64,False,0.851063829787234
FF_g_1145_Sporothrix,fungal-taxa,float64,0,0.0,216,False,0.491725768321513
FF_g_1147_Stachybotrys,fungal-taxa,float64,0,0.0,190,False,0.5531914893617021
FF_g_1148_Stachylidium,fungal-taxa,float64,0,0.0,12,False,0.9739952718676123
FF_g_1149_Stachys,fungal-taxa,float64,0,0.0,17,False,0.9621749408983451
FF_g_1150_Stagonospora,fungal-taxa,float64,0,0.0,7,False,0.9858156028368794
FF_g_1151_Stagonosporopsis,fungal-taxa,float64,0,0.0,9,False,0.9810874704491725
FF_g_1152_Steccherinum,fungal-taxa,float64,0,0.0,76,False,0.8156028368794326
FF_g_1154_Stemphylium,fungal-taxa,float64,0,0.0,109,False,0.7446808510638298
FF_g_1156_Stephanonectria,fungal-taxa,float64,0,0.0,18,False,0.9598108747044918
FF_g_1157_Sterellum,fungal-taxa,float64,0,0.0,7,False,0.9858156028368794
FF_g_1158_Stereum,fungal-taxa,float64,0,0.0,81,False,0.8108747044917257
FF_g_1161_Stichococcus,fungal-taxa,float64,0,0.0,14,False,0.9692671394799054
FF_g_1165_Strelitziana,fungal-taxa,float64,0,0.0,9,False,0.9810874704491725
FF_g_1166_Striatibotrys,fungal-taxa,float64,0,0.0,72,False,0.8321513002364066
FF_g_1167_Striaticonidium,fungal-taxa,float64,0,0.0,16,False,0.9645390070921985
FF_g_1169_Stropharia,fungal-taxa,float64,0,0.0,103,False,0.7541371158392435
FF_g_1170_Strumella,fungal-taxa,float64,0,0.0,27,False,0.933806146572104
FF_g_1175_Subulicystidium,fungal-taxa,float64,0,0.0,57,False,0.8676122931442081
FF_g_1177_Suillus,fungal-taxa,float64,0,0.0,146,False,0.6477541371158393
FF_g_1178_Symmetrospora,fungal-taxa,float64,0,0.0,200,False,0.5271867612293144
FF_g_1180_Syncephalis,fungal-taxa,float64,0,0.0,192,False,0.5484633569739953
FF_g_1183_Talaromyces,fungal-taxa,float64,0,0.0,421,False,0.0070921985815602835
FF_g_1184_Taphrina,fungal-taxa,float64,0,0.0,35,False,0.91725768321513
FF_g_1185_Tapinella,fungal-taxa,float64,0,0.0,40,False,0.9078014184397163
FF_g_1187_Tausonia,fungal-taxa,float64,0,0.0,353,False,0.16784869976359337
FF_g_1190_Terfezia,fungal-taxa,float64,0,0.0,7,False,0.9858156028368794
FF_g_1192_Tetracladium,fungal-taxa,float64,0,0.0,420,False,0.009456264775413711
FF_g_1193_Tetracystis,fungal-taxa,float64,0,0.0,14,False,0.9692671394799054
FF_g_1196_Tetraplosphaeria,fungal-taxa,float64,0,0.0,17,False,0.9621749408983451
FF_g_1197_Thanatephorus,fungal-taxa,float64,0,0.0,114,False,0.7328605200945626
FF_g_1198_Thaumatomonas,fungal-taxa,float64,0,0.0,8,False,0.983451536643026
FF_g_1200_Thelebolus,fungal-taxa,float64,0,0.0,124,False,0.7092198581560284
FF_g_1201_Thelephora,fungal-taxa,float64,0,0.0,25,False,0.9408983451536643
FF_g_1202_Thelonectria,fungal-taxa,float64,0,0.0,9,False,0.9810874704491725
FF_g_1204_Thermomyces,fungal-taxa,float64,0,0.0,35,False,0.9196217494089834
FF_g_1205_Thermothielavioides,fungal-taxa,float64,0,0.0,6,False,0.9881796690307328
FF_g_1207_Thielavia,fungal-taxa,float64,0,0.0,13,False,0.9716312056737588
FF_g_1208_Tilachlidium,fungal-taxa,float64,0,0.0,7,False,0.9858156028368794
FF_g_1211_Tilletiopsis,fungal-taxa,float64,0,0.0,199,False,0.5295508274231678
FF_g_1212_Tolypocladium,fungal-taxa,float64,0,0.0,16,False,0.9645390070921985
FF_g_1213_Tomentella,fungal-taxa,float64,0,0.0,36,False,0.9125295508274232
FF_g_1214_Tomentellopsis,fungal-taxa,float64,0,0.0,7,False,0.9858156028368794
FF_g_1215_Torula,fungal-taxa,float64,0,0.0,222,False,0.475177304964539
FF_g_1216_Torulaspora,fungal-taxa,float64,0,0.0,56,False,0.8699763593380615
FF_g_1218_Trametes,fungal-taxa,float64,0,0.0,101,False,0.7635933806146572
FF_g_1219_Tranzscheliella,fungal-taxa,float64,0,0.0,32,False,0.9243498817966903
FF_g_1221_Trechispora,fungal-taxa,float64,0,0.0,194,False,0.5271867612293144
FF_g_1223_Tremella,fungal-taxa,float64,0,0.0,9,False,0.9810874704491725
FF_g_1224_Trichaptum,fungal-taxa,float64,0,0.0,74,False,0.8250591016548463
FF_g_1226_Trichobolus,fungal-taxa,float64,0,0.0,4,False,0.9929078014184397
FF_g_1228_Trichoderma,fungal-taxa,float64,0,0.0,418,False,0.014184397163120567
FF_g_1230_Tricholoma,fungal-taxa,float64,0,0.0,45,False,0.8936170212765957
FF_g_1232_Trichomerium,fungal-taxa,float64,0,0.0,6,False,0.9881796690307328
FF_g_1233_Trichometasphaeria,fungal-taxa,float64,0,0.0,11,False,0.9763593380614657
FF_g_1234_Trichopeziza,fungal-taxa,float64,0,0.0,74,False,0.8274231678486997
FF_g_1235_Trichophyton,fungal-taxa,float64,0,0.0,26,False,0.9408983451536643
FF_g_1236_Trichosporon,fungal-taxa,float64,0,0.0,59,False,0.8628841607565012
FF_g_1237_Trichothecium,fungal-taxa,float64,0,0.0,6,False,0.9881796690307328
FF_g_1239_Trimmatostroma,fungal-taxa,float64,0,0.0,40,False,0.9078014184397163
FF_g_1240_Trimorphomyces,fungal-taxa,float64,0,0.0,7,False,0.9858156028368794
FF_g_1241_Triparticalcar,fungal-taxa,float64,0,0.0,8,False,0.983451536643026
FF_g_1246_Tubaria,fungal-taxa,float64,0,0.0,10,False,0.9787234042553191
FF_g_1248_Tubeufia,fungal-taxa,float64,0,0.0,34,False,0.9219858156028369
FF_g_1250_Tulostoma,fungal-taxa,float64,0,0.0,16,False,0.9645390070921985
FF_g_1254_Tylopilus,fungal-taxa,float64,0,0.0,7,False,0.9858156028368794
FF_g_1255_Tylospora,fungal-taxa,float64,0,0.0,18,False,0.9598108747044918
FF_g_1257_Typhula,fungal-taxa,float64,0,0.0,273,False,0.3546099290780142
FF_g_1258_Tyromyces,fungal-taxa,float64,0,0.0,21,False,0.9527186761229315
FF_g_1259_Udeniomyces,fungal-taxa,float64,0,0.0,100,False,0.7635933806146572
FF_g_1260_Udeniozyma,fungal-taxa,float64,0,0.0,195,False,0.541371158392435
FF_g_1261_Umbelopsis,fungal-taxa,float64,0,0.0,99,False,0.7683215130023641
FF_g_1262_Uncobasidium,fungal-taxa,float64,0,0.0,7,False,0.9858156028368794
FF_g_1263_unidentified,fungal-taxa,float64,0,0.0,422,False,0.004728132387706856
FF_g_1264_Urnula,fungal-taxa,float64,0,0.0,87,False,0.7943262411347518
FF_g_1265_Urocystis,fungal-taxa,float64,0,0.0,39,False,0.9078014184397163
FF_g_1266_Uromyces,fungal-taxa,float64,0,0.0,7,False,0.9858156028368794
FF_g_1267_Ustilago,fungal-taxa,float64,0,0.0,241,False,0.4326241134751773
FF_g_1268_Ustilentyloma,fungal-taxa,float64,0,0.0,24,False,0.9456264775413712
FF_g_1272_Valsonectria,fungal-taxa,float64,0,0.0,64,False,0.851063829787234
FF_g_1273_Vanrija,fungal-taxa,float64,0,0.0,32,False,0.9243498817966903
FF_g_1274_Vararia,fungal-taxa,float64,0,0.0,20,False,0.9550827423167849
FF_g_1275_Venturia,fungal-taxa,float64,0,0.0,10,False,0.9787234042553191
FF_g_1276_Vermispora,fungal-taxa,float64,0,0.0,195,False,0.541371158392435
FF_g_1278_Veronaeopsis,fungal-taxa,float64,0,0.0,11,False,0.9763593380614657
FF_g_1279_Verticillium,fungal-taxa,float64,0,0.0,278,False,0.34515366430260047
FF_g_1282_Vishniacozyma,fungal-taxa,float64,0,0.0,346,False,0.18439716312056736
FF_g_1284_Volutella,fungal-taxa,float64,0,0.0,333,False,0.21513002364066194
FF_g_1285_Volvariella,fungal-taxa,float64,0,0.0,11,False,0.9763593380614657
FF_g_1288_Waitea,fungal-taxa,float64,0,0.0,45,False,0.8959810874704491
FF_g_1289_Wallemia,fungal-taxa,float64,0,0.0,11,False,0.9763593380614657
FF_g_1290_Wardomyces,fungal-taxa,float64,0,0.0,55,False,0.8723404255319149
FF_g_1291_Westerdykella,fungal-taxa,float64,0,0.0,70,False,0.8368794326241135
FF_g_1292_Wickerhamomyces,fungal-taxa,float64,0,0.0,57,False,0.8676122931442081
FF_g_1293_Wilcoxina,fungal-taxa,float64,0,0.0,4,False,0.9929078014184397
FF_g_1295_Wongia,fungal-taxa,float64,0,0.0,154,False,0.6382978723404256
FF_g_1296_Xanthoporia,fungal-taxa,float64,0,0.0,9,False,0.9810874704491725
FF_g_1298_Xenasmatella,fungal-taxa,float64,0,0.0,28,False,0.9361702127659575
FF_g_1305_Xylaria,fungal-taxa,float64,0,0.0,18,False,0.9598108747044918
FF_g_1307_Xylodon,fungal-taxa,float64,0,0.0,183,False,0.557919621749409
FF_g_1311_Zopfiella,fungal-taxa,float64,0,0.0,78,False,0.817966903073286
FF_g_1312_Zygoascus,fungal-taxa,float64,0,0.0,10,False,0.9787234042553191
FF_g_1314_Zymoseptoria,fungal-taxa,float64,0,0.0,16,False,0.9645390070921985
