CustomerID,Cluster,Segment,Customer Profit,Segment Churn Rate,Segment Discount Rate,Constructed CLV,Predicted CLV,Residual
22857,6,Declining Frequent Buyers,924.5636,0.0,0.01,93380.9236,93380.9236,0.0
17184,6,Declining Frequent Buyers,924.5636,0.0,0.01,93380.9236,93380.9236,0.0
17183,6,Declining Frequent Buyers,924.5636,0.0,0.01,93380.9236,93380.9236,0.0
17214,6,Declining Frequent Buyers,924.5636,0.0,0.01,93380.9236,93380.9236,0.0
17889,6,Declining Frequent Buyers,924.5636,0.0,0.01,93380.9236,93380.9236,0.0
17828,6,Declining Frequent Buyers,924.5636,0.0,0.01,93380.9236,93380.9236,0.0
17815,6,Declining Frequent Buyers,924.5636,0.0,0.01,93380.9236,93380.9236,0.0
17813,6,Declining Frequent Buyers,924.5636,0.0,0.01,93380.9236,93380.9236,0.0
17795,6,Declining Frequent Buyers,924.5636,0.0,0.01,93380.9236,93380.9236,0.0
17793,6,Declining Frequent Buyers,924.5636,0.0,0.01,93380.9236,93380.9236,0.0
16829,6,Declining Frequent Buyers,924.5636,0.0,0.01,93380.9236,93380.9236,0.0
13489,6,Declining Frequent Buyers,924.5636,0.0,0.01,93380.9236,93380.9236,0.0
16271,6,Declining Frequent Buyers,924.5636,0.0,0.01,93380.9236,93380.9236,0.0
13657,6,Declining Frequent Buyers,924.5636,0.0,0.01,93380.9236,93380.9236,0.0
22572,6,Declining Frequent Buyers,924.5636,0.0,0.01,93380.9236,93380.9236,0.0
16598,6,Declining Frequent Buyers,924.5636,0.0,0.01,93380.9236,93380.9236,0.0
14926,6,Declining Frequent Buyers,924.5636,0.0,0.01,93380.9236,93380.9236,0.0
22412,6,Declining Frequent Buyers,924.5636,0.0,0.01,93380.9236,93380.9236,0.0
16831,6,Declining Frequent Buyers,924.5636,0.0,0.01,93380.9236,93380.9236,0.0
14813,6,Declining Frequent Buyers,924.5636,0.0,0.01,93380.9236,93380.9236,0.0
16945,6,Declining Frequent Buyers,924.5636,0.0,0.01,93380.9236,93380.9236,0.0
17114,6,Declining Frequent Buyers,924.5636,0.0,0.01,93380.9236,93380.9236,0.0
17107,6,Declining Frequent Buyers,924.5636,0.0,0.01,93380.9236,93380.9236,0.0
17096,6,Declining Frequent Buyers,924.5636,0.0,0.01,93380.9236,93380.9236,0.0
17086,6,Declining Frequent Buyers,924.5636,0.0,0.01,93380.9236,93380.9236,0.0
26040,6,Declining Frequent Buyers,924.5636,0.0,0.01,93380.9236,93380.9236,0.0
26013,6,Declining Frequent Buyers,924.5636,0.0,0.01,93380.9236,93380.9236,0.0
25995,6,Declining Frequent Buyers,924.5636,0.0,0.01,93380.9236,93380.9236,0.0
12941,6,Declining Frequent Buyers,924.5636,0.0,0.01,93380.9236,93380.9236,0.0
12935,6,Declining Frequent Buyers,924.5636,0.0,0.01,93380.9236,93380.9236,0.0
12929,6,Declining Frequent Buyers,924.5636,0.0,0.01,93380.9236,93380.9236,0.0
12926,6,Declining Frequent Buyers,924.5636,0.0,0.01,93380.9236,93380.9236,0.0
12921,6,Declining Frequent Buyers,924.5636,0.0,0.01,93380.9236,93380.9236,0.0
12918,6,Declining Frequent Buyers,924.5636,0.0,0.01,93380.9236,93380.9236,0.0
16827,6,Declining Frequent Buyers,924.5636,0.0,0.01,93380.9236,93380.9236,0.0
16823,6,Declining Frequent Buyers,924.5636,0.0,0.01,93380.9236,93380.9236,0.0
16822,6,Declining Frequent Buyers,924.5636,0.0,0.01,93380.9236,93380.9236,0.0
16821,6,Declining Frequent Buyers,924.5636,0.0,0.01,93380.9236,93380.9236,0.0
25981,6,Declining Frequent Buyers,924.5636,0.0,0.01,93380.9236,93380.9236,0.0
12981,6,Declining Frequent Buyers,924.5636,0.0,0.01,93380.9236,93380.9236,0.0
12950,6,Declining Frequent Buyers,924.5636,0.0,0.01,93380.9236,93380.9236,0.0
13019,6,Declining Frequent Buyers,924.5636,0.0,0.01,93380.9236,93380.9236,0.0
13016,6,Declining Frequent Buyers,924.5636,0.0,0.01,93380.9236,93380.9236,0.0
13057,6,Declining Frequent Buyers,924.5636,0.0,0.01,93380.9236,93380.9236,0.0
13056,6,Declining Frequent Buyers,924.5636,0.0,0.01,93380.9236,93380.9236,0.0
13039,6,Declining Frequent Buyers,924.5636,0.0,0.01,93380.9236,93380.9236,0.0
13032,6,Declining Frequent Buyers,924.5636,0.0,0.01,93380.9236,93380.9236,0.0
13086,6,Declining Frequent Buyers,924.5636,0.0,0.01,93380.9236,93380.9236,0.0
13085,6,Declining Frequent Buyers,924.5636,0.0,0.01,93380.9236,93380.9236,0.0
13067,6,Declining Frequent Buyers,924.5636,0.0,0.01,93380.9236,93380.9236,0.0
13066,6,Declining Frequent Buyers,924.5636,0.0,0.01,93380.9236,93380.9236,0.0
13063,6,Declining Frequent Buyers,924.5636,0.0,0.01,93380.9236,93380.9236,0.0
16572,6,Declining Frequent Buyers,924.5636,0.0,0.01,93380.9236,93380.9236,0.0
16567,6,Declining Frequent Buyers,924.5636,0.0,0.01,93380.9236,93380.9236,0.0
16565,6,Declining Frequent Buyers,924.5636,0.0,0.01,93380.9236,93380.9236,0.0
16940,6,Declining Frequent Buyers,924.5636,0.0,0.01,93380.9236,93380.9236,0.0
16830,6,Declining Frequent Buyers,924.5636,0.0,0.01,93380.9236,93380.9236,0.0
16828,6,Declining Frequent Buyers,924.5636,0.0,0.01,93380.9236,93380.9236,0.0
13093,6,Declining Frequent Buyers,924.5636,0.0,0.01,93380.9236,93380.9236,0.0
13088,6,Declining Frequent Buyers,924.5636,0.0,0.01,93380.9236,93380.9236,0.0
13087,6,Declining Frequent Buyers,924.5636,0.0,0.01,93380.9236,93380.9236,0.0
13189,6,Declining Frequent Buyers,924.5636,0.0,0.01,93380.9236,93380.9236,0.0
13176,6,Declining Frequent Buyers,924.5636,0.0,0.01,93380.9236,93380.9236,0.0
13142,6,Declining Frequent Buyers,924.5636,0.0,0.01,93380.9236,93380.9236,0.0
13230,6,Declining Frequent Buyers,924.5636,0.0,0.01,93380.9236,93380.9236,0.0
13221,6,Declining Frequent Buyers,924.5636,0.0,0.01,93380.9236,93380.9236,0.0
13208,6,Declining Frequent Buyers,924.5636,0.0,0.01,93380.9236,93380.9236,0.0
13205,6,Declining Frequent Buyers,924.5636,0.0,0.01,93380.9236,93380.9236,0.0
13246,6,Declining Frequent Buyers,924.5636,0.0,0.01,93380.9236,93380.9236,0.0
13287,6,Declining Frequent Buyers,924.5636,0.0,0.01,93380.9236,93380.9236,0.0
13274,6,Declining Frequent Buyers,924.5636,0.0,0.01,93380.9236,93380.9236,0.0
13329,6,Declining Frequent Buyers,924.5636,0.0,0.01,93380.9236,93380.9236,0.0
13314,6,Declining Frequent Buyers,924.5636,0.0,0.01,93380.9236,93380.9236,0.0
13299,6,Declining Frequent Buyers,924.5636,0.0,0.01,93380.9236,93380.9236,0.0
13402,6,Declining Frequent Buyers,924.5636,0.0,0.01,93380.9236,93380.9236,0.0
13401,6,Declining Frequent Buyers,924.5636,0.0,0.01,93380.9236,93380.9236,0.0
13380,6,Declining Frequent Buyers,924.5636,0.0,0.01,93380.9236,93380.9236,0.0
16531,6,Declining Frequent Buyers,924.5636,0.0,0.01,93380.9236,93380.9236,0.0
16552,6,Declining Frequent Buyers,924.5636,0.0,0.01,93380.9236,93380.9236,0.0
16549,6,Declining Frequent Buyers,924.5636,0.0,0.01,93380.9236,93380.9236,0.0
16594,6,Declining Frequent Buyers,924.5636,0.0,0.01,93380.9236,93380.9236,0.0
16589,6,Declining Frequent Buyers,924.5636,0.0,0.01,93380.9236,93380.9236,0.0
16585,6,Declining Frequent Buyers,924.5636,0.0,0.01,93380.9236,93380.9236,0.0
16465,6,Declining Frequent Buyers,924.5636,0.0,0.01,93380.9236,93380.9236,0.0
16461,6,Declining Frequent Buyers,924.5636,0.0,0.01,93380.9236,93380.9236,0.0
16445,6,Declining Frequent Buyers,924.5636,0.0,0.01,93380.9236,93380.9236,0.0
16444,6,Declining Frequent Buyers,924.5636,0.0,0.01,93380.9236,93380.9236,0.0
16442,6,Declining Frequent Buyers,924.5636,0.0,0.01,93380.9236,93380.9236,0.0
16512,6,Declining Frequent Buyers,924.5636,0.0,0.01,93380.9236,93380.9236,0.0
16509,6,Declining Frequent Buyers,924.5636,0.0,0.01,93380.9236,93380.9236,0.0
13369,6,Declining Frequent Buyers,924.5636,0.0,0.01,93380.9236,93380.9236,0.0
13361,6,Declining Frequent Buyers,924.5636,0.0,0.01,93380.9236,93380.9236,0.0
13435,6,Declining Frequent Buyers,924.5636,0.0,0.01,93380.9236,93380.9236,0.0
13425,6,Declining Frequent Buyers,924.5636,0.0,0.01,93380.9236,93380.9236,0.0
13424,6,Declining Frequent Buyers,924.5636,0.0,0.01,93380.9236,93380.9236,0.0
13420,6,Declining Frequent Buyers,924.5636,0.0,0.01,93380.9236,93380.9236,0.0
13452,6,Declining Frequent Buyers,924.5636,0.0,0.01,93380.9236,93380.9236,0.0
13450,6,Declining Frequent Buyers,924.5636,0.0,0.01,93380.9236,93380.9236,0.0
13484,6,Declining Frequent Buyers,924.5636,0.0,0.01,93380.9236,93380.9236,0.0
13478,6,Declining Frequent Buyers,924.5636,0.0,0.01,93380.9236,93380.9236,0.0
16196,6,Declining Frequent Buyers,924.5636,0.0,0.01,93380.9236,93380.9236,0.0
16278,6,Declining Frequent Buyers,924.5636,0.0,0.01,93380.9236,93380.9236,0.0
16275,6,Declining Frequent Buyers,924.5636,0.0,0.01,93380.9236,93380.9236,0.0
16267,6,Declining Frequent Buyers,924.5636,0.0,0.01,93380.9236,93380.9236,0.0
16263,6,Declining Frequent Buyers,924.5636,0.0,0.01,93380.9236,93380.9236,0.0
16329,6,Declining Frequent Buyers,924.5636,0.0,0.01,93380.9236,93380.9236,0.0
16324,6,Declining Frequent Buyers,924.5636,0.0,0.01,93380.9236,93380.9236,0.0
16305,6,Declining Frequent Buyers,924.5636,0.0,0.01,93380.9236,93380.9236,0.0
16410,6,Declining Frequent Buyers,924.5636,0.0,0.01,93380.9236,93380.9236,0.0
16409,6,Declining Frequent Buyers,924.5636,0.0,0.01,93380.9236,93380.9236,0.0
16407,6,Declining Frequent Buyers,924.5636,0.0,0.01,93380.9236,93380.9236,0.0
16405,6,Declining Frequent Buyers,924.5636,0.0,0.01,93380.9236,93380.9236,0.0
16429,6,Declining Frequent Buyers,924.5636,0.0,0.01,93380.9236,93380.9236,0.0
16414,6,Declining Frequent Buyers,924.5636,0.0,0.01,93380.9236,93380.9236,0.0
16046,6,Declining Frequent Buyers,924.5636,0.0,0.01,93380.9236,93380.9236,0.0
16207,6,Declining Frequent Buyers,924.5636,0.0,0.01,93380.9236,93380.9236,0.0
16206,6,Declining Frequent Buyers,924.5636,0.0,0.01,93380.9236,93380.9236,0.0
13565,6,Declining Frequent Buyers,924.5636,0.0,0.01,93380.9236,93380.9236,0.0
13592,6,Declining Frequent Buyers,924.5636,0.0,0.01,93380.9236,93380.9236,0.0
25892,6,Declining Frequent Buyers,924.5636,0.0,0.01,93380.9236,93380.9236,0.0
13605,6,Declining Frequent Buyers,924.5636,0.0,0.01,93380.9236,93380.9236,0.0
13658,6,Declining Frequent Buyers,924.5636,0.0,0.01,93380.9236,93380.9236,0.0
13713,6,Declining Frequent Buyers,924.5636,0.0,0.01,93380.9236,93380.9236,0.0
13705,6,Declining Frequent Buyers,924.5636,0.0,0.01,93380.9236,93380.9236,0.0
25883,6,Declining Frequent Buyers,924.5636,0.0,0.01,93380.9236,93380.9236,0.0
25875,6,Declining Frequent Buyers,924.5636,0.0,0.01,93380.9236,93380.9236,0.0
25864,6,Declining Frequent Buyers,924.5636,0.0,0.01,93380.9236,93380.9236,0.0
13729,6,Declining Frequent Buyers,924.5636,0.0,0.01,93380.9236,93380.9236,0.0
13728,6,Declining Frequent Buyers,924.5636,0.0,0.01,93380.9236,93380.9236,0.0
13722,6,Declining Frequent Buyers,924.5636,0.0,0.01,93380.9236,93380.9236,0.0
13718,6,Declining Frequent Buyers,924.5636,0.0,0.01,93380.9236,93380.9236,0.0
13716,6,Declining Frequent Buyers,924.5636,0.0,0.01,93380.9236,93380.9236,0.0
13714,6,Declining Frequent Buyers,924.5636,0.0,0.01,93380.9236,93380.9236,0.0
13801,6,Declining Frequent Buyers,924.5636,0.0,0.01,93380.9236,93380.9236,0.0
13800,6,Declining Frequent Buyers,924.5636,0.0,0.01,93380.9236,93380.9236,0.0
13839,6,Declining Frequent Buyers,924.5636,0.0,0.01,93380.9236,93380.9236,0.0
13823,6,Declining Frequent Buyers,924.5636,0.0,0.01,93380.9236,93380.9236,0.0
13812,6,Declining Frequent Buyers,924.5636,0.0,0.01,93380.9236,93380.9236,0.0
21216,6,Declining Frequent Buyers,924.5636,0.0,0.01,93380.9236,93380.9236,0.0
21211,6,Declining Frequent Buyers,924.5636,0.0,0.01,93380.9236,93380.9236,0.0
21205,6,Declining Frequent Buyers,924.5636,0.0,0.01,93380.9236,93380.9236,0.0
21201,6,Declining Frequent Buyers,924.5636,0.0,0.01,93380.9236,93380.9236,0.0
21199,6,Declining Frequent Buyers,924.5636,0.0,0.01,93380.9236,93380.9236,0.0
21195,6,Declining Frequent Buyers,924.5636,0.0,0.01,93380.9236,93380.9236,0.0
21192,6,Declining Frequent Buyers,924.5636,0.0,0.01,93380.9236,93380.9236,0.0
21191,6,Declining Frequent Buyers,924.5636,0.0,0.01,93380.9236,93380.9236,0.0
21189,6,Declining Frequent Buyers,924.5636,0.0,0.01,93380.9236,93380.9236,0.0
21179,6,Declining Frequent Buyers,924.5636,0.0,0.01,93380.9236,93380.9236,0.0
21166,6,Declining Frequent Buyers,924.5636,0.0,0.01,93380.9236,93380.9236,0.0
21002,6,Declining Frequent Buyers,924.5636,0.0,0.01,93380.9236,93380.9236,0.0
21001,6,Declining Frequent Buyers,924.5636,0.0,0.01,93380.9236,93380.9236,0.0
15932,6,Declining Frequent Buyers,924.5636,0.0,0.01,93380.9236,93380.9236,0.0
15659,6,Declining Frequent Buyers,924.5636,0.0,0.01,93380.9236,93380.9236,0.0
15656,6,Declining Frequent Buyers,924.5636,0.0,0.01,93380.9236,93380.9236,0.0
15649,6,Declining Frequent Buyers,924.5636,0.0,0.01,93380.9236,93380.9236,0.0
15685,6,Declining Frequent Buyers,924.5636,0.0,0.01,93380.9236,93380.9236,0.0
15675,6,Declining Frequent Buyers,924.5636,0.0,0.01,93380.9236,93380.9236,0.0
15674,6,Declining Frequent Buyers,924.5636,0.0,0.01,93380.9236,93380.9236,0.0
15667,6,Declining Frequent Buyers,924.5636,0.0,0.01,93380.9236,93380.9236,0.0
15666,6,Declining Frequent Buyers,924.5636,0.0,0.01,93380.9236,93380.9236,0.0
21257,6,Declining Frequent Buyers,924.5636,0.0,0.01,93380.9236,93380.9236,0.0
21230,6,Declining Frequent Buyers,924.5636,0.0,0.01,93380.9236,93380.9236,0.0
21229,6,Declining Frequent Buyers,924.5636,0.0,0.01,93380.9236,93380.9236,0.0
21567,6,Declining Frequent Buyers,924.5636,0.0,0.01,93380.9236,93380.9236,0.0
21561,6,Declining Frequent Buyers,924.5636,0.0,0.01,93380.9236,93380.9236,0.0
21559,6,Declining Frequent Buyers,924.5636,0.0,0.01,93380.9236,93380.9236,0.0
21558,6,Declining Frequent Buyers,924.5636,0.0,0.01,93380.9236,93380.9236,0.0
21557,6,Declining Frequent Buyers,924.5636,0.0,0.01,93380.9236,93380.9236,0.0
21556,6,Declining Frequent Buyers,924.5636,0.0,0.01,93380.9236,93380.9236,0.0
21403,6,Declining Frequent Buyers,924.5636,0.0,0.01,93380.9236,93380.9236,0.0
21393,6,Declining Frequent Buyers,924.5636,0.0,0.01,93380.9236,93380.9236,0.0
21379,6,Declining Frequent Buyers,924.5636,0.0,0.01,93380.9236,93380.9236,0.0
15625,6,Declining Frequent Buyers,924.5636,0.0,0.01,93380.9236,93380.9236,0.0
15622,6,Declining Frequent Buyers,924.5636,0.0,0.01,93380.9236,93380.9236,0.0
21361,6,Declining Frequent Buyers,924.5636,0.0,0.01,93380.9236,93380.9236,0.0
21359,6,Declining Frequent Buyers,924.5636,0.0,0.01,93380.9236,93380.9236,0.0
13885,6,Declining Frequent Buyers,924.5636,0.0,0.01,93380.9236,93380.9236,0.0
13882,6,Declining Frequent Buyers,924.5636,0.0,0.01,93380.9236,93380.9236,0.0
13873,6,Declining Frequent Buyers,924.5636,0.0,0.01,93380.9236,93380.9236,0.0
13854,6,Declining Frequent Buyers,924.5636,0.0,0.01,93380.9236,93380.9236,0.0
25393,6,Declining Frequent Buyers,924.5636,0.0,0.01,93380.9236,93380.9236,0.0
25363,6,Declining Frequent Buyers,924.5636,0.0,0.01,93380.9236,93380.9236,0.0
25361,6,Declining Frequent Buyers,924.5636,0.0,0.01,93380.9236,93380.9236,0.0
25287,6,Declining Frequent Buyers,924.5636,0.0,0.01,93380.9236,93380.9236,0.0
21974,6,Declining Frequent Buyers,924.5636,0.0,0.01,93380.9236,93380.9236,0.0
21957,6,Declining Frequent Buyers,924.5636,0.0,0.01,93380.9236,93380.9236,0.0
21955,6,Declining Frequent Buyers,924.5636,0.0,0.01,93380.9236,93380.9236,0.0
21951,6,Declining Frequent Buyers,924.5636,0.0,0.01,93380.9236,93380.9236,0.0
21950,6,Declining Frequent Buyers,924.5636,0.0,0.01,93380.9236,93380.9236,0.0
21948,6,Declining Frequent Buyers,924.5636,0.0,0.01,93380.9236,93380.9236,0.0
21945,6,Declining Frequent Buyers,924.5636,0.0,0.01,93380.9236,93380.9236,0.0
15455,6,Declining Frequent Buyers,924.5636,0.0,0.01,93380.9236,93380.9236,0.0
21897,6,Declining Frequent Buyers,924.5636,0.0,0.01,93380.9236,93380.9236,0.0
21892,6,Declining Frequent Buyers,924.5636,0.0,0.01,93380.9236,93380.9236,0.0
21891,6,Declining Frequent Buyers,924.5636,0.0,0.01,93380.9236,93380.9236,0.0
21888,6,Declining Frequent Buyers,924.5636,0.0,0.01,93380.9236,93380.9236,0.0
21882,6,Declining Frequent Buyers,924.5636,0.0,0.01,93380.9236,93380.9236,0.0
15462,6,Declining Frequent Buyers,924.5636,0.0,0.01,93380.9236,93380.9236,0.0
21875,6,Declining Frequent Buyers,924.5636,0.0,0.01,93380.9236,93380.9236,0.0
21569,6,Declining Frequent Buyers,924.5636,0.0,0.01,93380.9236,93380.9236,0.0
22404,6,Declining Frequent Buyers,924.5636,0.0,0.01,93380.9236,93380.9236,0.0
22401,6,Declining Frequent Buyers,924.5636,0.0,0.01,93380.9236,93380.9236,0.0
22201,6,Declining Frequent Buyers,924.5636,0.0,0.01,93380.9236,93380.9236,0.0
22195,6,Declining Frequent Buyers,924.5636,0.0,0.01,93380.9236,93380.9236,0.0
22193,6,Declining Frequent Buyers,924.5636,0.0,0.01,93380.9236,93380.9236,0.0
22178,6,Declining Frequent Buyers,924.5636,0.0,0.01,93380.9236,93380.9236,0.0
22175,6,Declining Frequent Buyers,924.5636,0.0,0.01,93380.9236,93380.9236,0.0
22174,6,Declining Frequent Buyers,924.5636,0.0,0.01,93380.9236,93380.9236,0.0
22168,6,Declining Frequent Buyers,924.5636,0.0,0.01,93380.9236,93380.9236,0.0
22030,6,Declining Frequent Buyers,924.5636,0.0,0.01,93380.9236,93380.9236,0.0
15357,6,Declining Frequent Buyers,924.5636,0.0,0.01,93380.9236,93380.9236,0.0
21999,6,Declining Frequent Buyers,924.5636,0.0,0.01,93380.9236,93380.9236,0.0
21984,6,Declining Frequent Buyers,924.5636,0.0,0.01,93380.9236,93380.9236,0.0
21983,6,Declining Frequent Buyers,924.5636,0.0,0.01,93380.9236,93380.9236,0.0
21980,6,Declining Frequent Buyers,924.5636,0.0,0.01,93380.9236,93380.9236,0.0
21976,6,Declining Frequent Buyers,924.5636,0.0,0.01,93380.9236,93380.9236,0.0
14998,6,Declining Frequent Buyers,924.5636,0.0,0.01,93380.9236,93380.9236,0.0
15064,6,Declining Frequent Buyers,924.5636,0.0,0.01,93380.9236,93380.9236,0.0
15095,6,Declining Frequent Buyers,924.5636,0.0,0.01,93380.9236,93380.9236,0.0
15093,6,Declining Frequent Buyers,924.5636,0.0,0.01,93380.9236,93380.9236,0.0
15085,6,Declining Frequent Buyers,924.5636,0.0,0.01,93380.9236,93380.9236,0.0
15116,6,Declining Frequent Buyers,924.5636,0.0,0.01,93380.9236,93380.9236,0.0
22406,6,Declining Frequent Buyers,924.5636,0.0,0.01,93380.9236,93380.9236,0.0
28663,6,Declining Frequent Buyers,924.5636,0.0,0.01,93380.9236,93380.9236,0.0
28659,6,Declining Frequent Buyers,924.5636,0.0,0.01,93380.9236,93380.9236,0.0
22954,6,Declining Frequent Buyers,924.5636,0.0,0.01,93380.9236,93380.9236,0.0
22951,6,Declining Frequent Buyers,924.5636,0.0,0.01,93380.9236,93380.9236,0.0
22943,6,Declining Frequent Buyers,924.5636,0.0,0.01,93380.9236,93380.9236,0.0
22938,6,Declining Frequent Buyers,924.5636,0.0,0.01,93380.9236,93380.9236,0.0
22937,6,Declining Frequent Buyers,924.5636,0.0,0.01,93380.9236,93380.9236,0.0
14944,6,Declining Frequent Buyers,924.5636,0.0,0.01,93380.9236,93380.9236,0.0
22934,6,Declining Frequent Buyers,924.5636,0.0,0.01,93380.9236,93380.9236,0.0
22930,6,Declining Frequent Buyers,924.5636,0.0,0.01,93380.9236,93380.9236,0.0
22907,6,Declining Frequent Buyers,924.5636,0.0,0.01,93380.9236,93380.9236,0.0
15004,6,Declining Frequent Buyers,924.5636,0.0,0.01,93380.9236,93380.9236,0.0
15003,6,Declining Frequent Buyers,924.5636,0.0,0.01,93380.9236,93380.9236,0.0
28836,6,Declining Frequent Buyers,924.5636,0.0,0.01,93380.9236,93380.9236,0.0
28834,6,Declining Frequent Buyers,924.5636,0.0,0.01,93380.9236,93380.9236,0.0
28802,6,Declining Frequent Buyers,924.5636,0.0,0.01,93380.9236,93380.9236,0.0
28798,6,Declining Frequent Buyers,924.5636,0.0,0.01,93380.9236,93380.9236,0.0
28766,6,Declining Frequent Buyers,924.5636,0.0,0.01,93380.9236,93380.9236,0.0
23322,6,Declining Frequent Buyers,924.5636,0.0,0.01,93380.9236,93380.9236,0.0
23321,6,Declining Frequent Buyers,924.5636,0.0,0.01,93380.9236,93380.9236,0.0
14539,6,Declining Frequent Buyers,924.5636,0.0,0.01,93380.9236,93380.9236,0.0
14719,6,Declining Frequent Buyers,924.5636,0.0,0.01,93380.9236,93380.9236,0.0
14716,6,Declining Frequent Buyers,924.5636,0.0,0.01,93380.9236,93380.9236,0.0
14714,6,Declining Frequent Buyers,924.5636,0.0,0.01,93380.9236,93380.9236,0.0
23121,6,Declining Frequent Buyers,924.5636,0.0,0.01,93380.9236,93380.9236,0.0
23120,6,Declining Frequent Buyers,924.5636,0.0,0.01,93380.9236,93380.9236,0.0
14791,6,Declining Frequent Buyers,924.5636,0.0,0.01,93380.9236,93380.9236,0.0
14779,6,Declining Frequent Buyers,924.5636,0.0,0.01,93380.9236,93380.9236,0.0
23100,6,Declining Frequent Buyers,924.5636,0.0,0.01,93380.9236,93380.9236,0.0
23099,6,Declining Frequent Buyers,924.5636,0.0,0.01,93380.9236,93380.9236,0.0
22988,6,Declining Frequent Buyers,924.5636,0.0,0.01,93380.9236,93380.9236,0.0
14802,6,Declining Frequent Buyers,924.5636,0.0,0.01,93380.9236,93380.9236,0.0
22958,6,Declining Frequent Buyers,924.5636,0.0,0.01,93380.9236,93380.9236,0.0
29149,6,Declining Frequent Buyers,924.5636,0.0,0.01,93380.9236,93380.9236,0.0
28850,6,Declining Frequent Buyers,924.5636,0.0,0.01,93380.9236,93380.9236,0.0
25104,6,Declining Frequent Buyers,924.5636,0.0,0.01,93380.9236,93380.9236,0.0
25100,6,Declining Frequent Buyers,924.5636,0.0,0.01,93380.9236,93380.9236,0.0
25095,6,Declining Frequent Buyers,924.5636,0.0,0.01,93380.9236,93380.9236,0.0
25094,6,Declining Frequent Buyers,924.5636,0.0,0.01,93380.9236,93380.9236,0.0
25061,6,Declining Frequent Buyers,924.5636,0.0,0.01,93380.9236,93380.9236,0.0
23524,6,Declining Frequent Buyers,924.5636,0.0,0.01,93380.9236,93380.9236,0.0
23432,6,Declining Frequent Buyers,924.5636,0.0,0.01,93380.9236,93380.9236,0.0
23431,6,Declining Frequent Buyers,924.5636,0.0,0.01,93380.9236,93380.9236,0.0
23421,6,Declining Frequent Buyers,924.5636,0.0,0.01,93380.9236,93380.9236,0.0
23420,6,Declining Frequent Buyers,924.5636,0.0,0.01,93380.9236,93380.9236,0.0
23416,6,Declining Frequent Buyers,924.5636,0.0,0.01,93380.9236,93380.9236,0.0
23415,6,Declining Frequent Buyers,924.5636,0.0,0.01,93380.9236,93380.9236,0.0
23413,6,Declining Frequent Buyers,924.5636,0.0,0.01,93380.9236,93380.9236,0.0
23412,6,Declining Frequent Buyers,924.5636,0.0,0.01,93380.9236,93380.9236,0.0
23411,6,Declining Frequent Buyers,924.5636,0.0,0.01,93380.9236,93380.9236,0.0
23408,6,Declining Frequent Buyers,924.5636,0.0,0.01,93380.9236,93380.9236,0.0
23348,6,Declining Frequent Buyers,924.5636,0.0,0.01,93380.9236,93380.9236,0.0
23332,6,Declining Frequent Buyers,924.5636,0.0,0.01,93380.9236,93380.9236,0.0
23331,6,Declining Frequent Buyers,924.5636,0.0,0.01,93380.9236,93380.9236,0.0
23325,6,Declining Frequent Buyers,924.5636,0.0,0.01,93380.9236,93380.9236,0.0
23645,6,Declining Frequent Buyers,924.5636,0.0,0.01,93380.9236,93380.9236,0.0
23572,6,Declining Frequent Buyers,924.5636,0.0,0.01,93380.9236,93380.9236,0.0
23571,6,Declining Frequent Buyers,924.5636,0.0,0.01,93380.9236,93380.9236,0.0
23547,6,Declining Frequent Buyers,924.5636,0.0,0.01,93380.9236,93380.9236,0.0
23540,6,Declining Frequent Buyers,924.5636,0.0,0.01,93380.9236,93380.9236,0.0
23539,6,Declining Frequent Buyers,924.5636,0.0,0.01,93380.9236,93380.9236,0.0
23538,6,Declining Frequent Buyers,924.5636,0.0,0.01,93380.9236,93380.9236,0.0
23529,6,Declining Frequent Buyers,924.5636,0.0,0.01,93380.9236,93380.9236,0.0
23526,6,Declining Frequent Buyers,924.5636,0.0,0.01,93380.9236,93380.9236,0.0
29281,6,Declining Frequent Buyers,924.5636,0.0,0.01,93380.9236,93380.9236,0.0
29159,6,Declining Frequent Buyers,924.5636,0.0,0.01,93380.9236,93380.9236,0.0
25048,6,Declining Frequent Buyers,924.5636,0.0,0.01,93380.9236,93380.9236,0.0
24960,6,Declining Frequent Buyers,924.5636,0.0,0.01,93380.9236,93380.9236,0.0
24786,6,Declining Frequent Buyers,924.5636,0.0,0.01,93380.9236,93380.9236,0.0
14141,6,Declining Frequent Buyers,924.5636,0.0,0.01,93380.9236,93380.9236,0.0
14186,6,Declining Frequent Buyers,924.5636,0.0,0.01,93380.9236,93380.9236,0.0
14170,6,Declining Frequent Buyers,924.5636,0.0,0.01,93380.9236,93380.9236,0.0
14169,6,Declining Frequent Buyers,924.5636,0.0,0.01,93380.9236,93380.9236,0.0
22580,6,Declining Frequent Buyers,924.5636,0.0,0.01,93380.9236,93380.9236,0.0
22410,6,Declining Frequent Buyers,924.5636,0.0,0.01,93380.9236,93380.9236,0.0
22207,6,Declining Frequent Buyers,924.5636,0.0,0.01,93380.9236,93380.9236,0.0
17792,6,Declining Frequent Buyers,924.5636,0.0,0.01,93380.9236,93380.9236,0.0
17790,6,Declining Frequent Buyers,924.5636,0.0,0.01,93380.9236,93380.9236,0.0
17753,6,Declining Frequent Buyers,924.5636,0.0,0.01,93380.9236,93380.9236,0.0
17798,6,Declining Frequent Buyers,924.5636,0.0,0.01,93380.9236,93156.1837,224.7399
23534,6,Declining Frequent Buyers,924.5636,0.0,0.01,93380.9236,93156.1837,224.7399
23648,6,Declining Frequent Buyers,924.5636,0.0,0.01,93380.9236,93156.1837,224.7399
15623,6,Declining Frequent Buyers,924.5636,0.0,0.01,93380.9236,93156.1837,224.7399
13870,6,Declining Frequent Buyers,924.5636,0.0,0.01,93380.9236,93156.1837,224.7399
15676,6,Declining Frequent Buyers,924.5636,0.0,0.01,93380.9236,93156.1837,224.7399
22575,6,Declining Frequent Buyers,924.5636,0.0,0.01,93380.9236,93118.7271,262.1965
12350,6,Declining Frequent Buyers,805.8001,0.0,0.01,81385.8101,81385.8101,-0.0
12360,6,Declining Frequent Buyers,805.8001,0.0,0.01,81385.8101,81385.8101,-0.0
12353,6,Declining Frequent Buyers,805.8001,0.0,0.01,81385.8101,81385.8101,-0.0
12358,6,Declining Frequent Buyers,805.8001,0.0,0.01,81385.8101,81385.8101,-0.0
12574,6,Declining Frequent Buyers,805.8001,0.0,0.01,81385.8101,81385.8101,-0.0
12572,6,Declining Frequent Buyers,805.8001,0.0,0.01,81385.8101,81385.8101,-0.0
14065,6,Declining Frequent Buyers,805.8001,0.0,0.01,81385.8101,81385.8101,-0.0
14063,6,Declining Frequent Buyers,805.8001,0.0,0.01,81385.8101,81385.8101,-0.0
14058,6,Declining Frequent Buyers,805.8001,0.0,0.01,81385.8101,81385.8101,-0.0
14049,6,Declining Frequent Buyers,805.8001,0.0,0.01,81385.8101,81385.8101,-0.0
14048,6,Declining Frequent Buyers,805.8001,0.0,0.01,81385.8101,81385.8101,-0.0
14103,6,Declining Frequent Buyers,805.8001,0.0,0.01,81385.8101,81385.8101,-0.0
14102,6,Declining Frequent Buyers,805.8001,0.0,0.01,81385.8101,81385.8101,-0.0
26298,6,Declining Frequent Buyers,805.8001,0.0,0.01,81385.8101,81385.8101,-0.0
26296,6,Declining Frequent Buyers,805.8001,0.0,0.01,81385.8101,81385.8101,-0.0
14131,6,Declining Frequent Buyers,805.8001,0.0,0.01,81385.8101,81385.8101,-0.0
14128,6,Declining Frequent Buyers,805.8001,0.0,0.01,81385.8101,81385.8101,-0.0
26201,6,Declining Frequent Buyers,805.8001,0.0,0.01,81385.8101,81385.8101,-0.0
12404,6,Declining Frequent Buyers,805.8001,0.0,0.01,81385.8101,81385.8101,-0.0
12378,6,Declining Frequent Buyers,805.8001,0.0,0.01,81385.8101,81385.8101,-0.0
14219,6,Declining Frequent Buyers,805.8001,0.0,0.01,81385.8101,81385.8101,-0.0
14220,6,Declining Frequent Buyers,805.8001,0.0,0.01,81385.8101,81385.8101,-0.0
12571,6,Declining Frequent Buyers,805.8001,0.0,0.01,81385.8101,81385.8101,-0.0
29414,6,Declining Frequent Buyers,805.8001,0.0,0.01,81385.8101,81385.8101,-0.0
13082,6,Declining Frequent Buyers,805.8001,0.0,0.01,81385.8101,81385.8101,-0.0
26513,6,Declining Frequent Buyers,805.8001,0.0,0.01,81385.8101,81385.8101,-0.0
26320,6,Declining Frequent Buyers,805.8001,0.0,0.01,81385.8101,81385.8101,-0.0
29412,6,Declining Frequent Buyers,805.8001,0.0,0.01,81385.8101,81385.8101,-0.0
26317,6,Declining Frequent Buyers,805.8001,0.0,0.01,81385.8101,81385.8101,-0.0
26342,6,Declining Frequent Buyers,805.8001,0.0,0.01,81385.8101,81385.8101,-0.0
26330,6,Declining Frequent Buyers,805.8001,0.0,0.01,81385.8101,81385.8101,-0.0
26339,6,Declining Frequent Buyers,805.8001,0.0,0.01,81385.8101,81385.8101,-0.0
26325,6,Declining Frequent Buyers,805.8001,0.0,0.01,81385.8101,81385.8101,-0.0
26324,6,Declining Frequent Buyers,805.8001,0.0,0.01,81385.8101,81385.8101,-0.0
26322,6,Declining Frequent Buyers,805.8001,0.0,0.01,81385.8101,81385.8101,-0.0
26303,6,Declining Frequent Buyers,805.8001,0.0,0.01,81385.8101,81385.8101,-0.0
14210,6,Declining Frequent Buyers,805.8001,0.0,0.01,81385.8101,81385.8101,-0.0
14033,6,Declining Frequent Buyers,805.8001,0.0,0.01,81385.8101,81385.8101,-0.0
14032,6,Declining Frequent Buyers,805.8001,0.0,0.01,81385.8101,81385.8101,-0.0
29388,6,Declining Frequent Buyers,805.8001,0.0,0.01,81385.8101,81385.8101,-0.0
29380,6,Declining Frequent Buyers,805.8001,0.0,0.01,81385.8101,81385.8101,-0.0
29361,6,Declining Frequent Buyers,805.8001,0.0,0.01,81385.8101,81385.8101,-0.0
14030,6,Declining Frequent Buyers,805.8001,0.0,0.01,81385.8101,81385.8101,-0.0
26121,6,Declining Frequent Buyers,805.8001,0.0,0.01,81385.8101,81385.8101,-0.0
26120,6,Declining Frequent Buyers,805.8001,0.0,0.01,81385.8101,81385.8101,-0.0
12599,6,Declining Frequent Buyers,805.8001,0.0,0.01,81385.8101,81385.8101,-0.0
12129,6,Declining Frequent Buyers,805.8001,0.0,0.01,81385.8101,81385.8101,-0.0
26532,6,Declining Frequent Buyers,805.8001,0.0,0.01,81385.8101,81385.8101,-0.0
26499,6,Declining Frequent Buyers,805.8001,0.0,0.01,81385.8101,81385.8101,-0.0
14125,6,Declining Frequent Buyers,805.8001,0.0,0.01,81385.8101,81385.8101,-0.0
26183,6,Declining Frequent Buyers,805.8001,0.0,0.01,81385.8101,81385.8101,-0.0
12459,6,Declining Frequent Buyers,805.8001,0.0,0.01,81385.8101,81385.8101,-0.0
13960,6,Declining Frequent Buyers,805.8001,0.0,0.01,81385.8101,81385.8101,-0.0
13964,6,Declining Frequent Buyers,805.8001,0.0,0.01,81385.8101,81385.8101,-0.0
26485,6,Declining Frequent Buyers,805.8001,0.0,0.01,81385.8101,81385.8101,-0.0
14011,6,Declining Frequent Buyers,805.8001,0.0,0.01,81385.8101,81385.8101,-0.0
13994,6,Declining Frequent Buyers,805.8001,0.0,0.01,81385.8101,81385.8101,-0.0
14010,6,Declining Frequent Buyers,805.8001,0.0,0.01,81385.8101,81385.8101,-0.0
28885,6,Declining Frequent Buyers,805.8001,0.0,0.01,81385.8101,81385.8101,-0.0
13997,6,Declining Frequent Buyers,805.8001,0.0,0.01,81385.8101,81385.8101,-0.0
26484,6,Declining Frequent Buyers,805.8001,0.0,0.01,81385.8101,81385.8101,-0.0
26481,6,Declining Frequent Buyers,805.8001,0.0,0.01,81385.8101,81385.8101,-0.0
12218,6,Declining Frequent Buyers,805.8001,0.0,0.01,81385.8101,81385.8101,-0.0
12586,6,Declining Frequent Buyers,805.8001,0.0,0.01,81385.8101,81385.8101,-0.0
28751,6,Declining Frequent Buyers,805.8001,0.0,0.01,81385.8101,81385.8101,-0.0
12346,6,Declining Frequent Buyers,805.8001,0.0,0.01,81385.8101,81385.8101,-0.0
12339,6,Declining Frequent Buyers,805.8001,0.0,0.01,81385.8101,81385.8101,-0.0
12330,6,Declining Frequent Buyers,805.8001,0.0,0.01,81385.8101,81385.8101,-0.0
13965,6,Declining Frequent Buyers,805.8001,0.0,0.01,81385.8101,81385.8101,-0.0
12584,6,Declining Frequent Buyers,805.8001,0.0,0.01,81385.8101,81385.8101,-0.0
12583,6,Declining Frequent Buyers,805.8001,0.0,0.01,81385.8101,81385.8101,-0.0
12581,6,Declining Frequent Buyers,805.8001,0.0,0.01,81385.8101,81385.8101,-0.0
12630,6,Declining Frequent Buyers,805.8001,0.0,0.01,81385.8101,81385.8101,-0.0
12615,6,Declining Frequent Buyers,805.8001,0.0,0.01,81385.8101,81385.8101,-0.0
26538,6,Declining Frequent Buyers,805.8001,0.0,0.01,81385.8101,81385.8101,-0.0
26536,6,Declining Frequent Buyers,805.8001,0.0,0.01,81385.8101,81385.8101,-0.0
26511,6,Declining Frequent Buyers,805.8001,0.0,0.01,81385.8101,81385.8101,-0.0
26510,6,Declining Frequent Buyers,805.8001,0.0,0.01,81385.8101,81385.8101,-0.0
12675,6,Declining Frequent Buyers,805.8001,0.0,0.01,81385.8101,81385.8101,-0.0
12674,6,Declining Frequent Buyers,805.8001,0.0,0.01,81385.8101,81385.8101,-0.0
12668,6,Declining Frequent Buyers,805.8001,0.0,0.01,81385.8101,81385.8101,-0.0
13974,6,Declining Frequent Buyers,805.8001,0.0,0.01,81385.8101,81385.8101,-0.0
13973,6,Declining Frequent Buyers,805.8001,0.0,0.01,81385.8101,81385.8101,-0.0
13968,6,Declining Frequent Buyers,805.8001,0.0,0.01,81385.8101,81385.8101,-0.0
28520,6,Declining Frequent Buyers,805.8001,0.0,0.01,81385.8101,81385.8101,-0.0
26545,6,Declining Frequent Buyers,805.8001,0.0,0.01,81385.8101,81385.8101,-0.0
26546,6,Declining Frequent Buyers,805.8001,0.0,0.01,81385.8101,81385.8101,-0.0
28740,6,Declining Frequent Buyers,805.8001,0.0,0.01,81385.8101,81385.8101,-0.0
28727,6,Declining Frequent Buyers,805.8001,0.0,0.01,81385.8101,81385.8101,-0.0
28711,6,Declining Frequent Buyers,805.8001,0.0,0.01,81385.8101,81385.8101,-0.0
11568,6,Declining Frequent Buyers,805.8001,0.0,0.01,81385.8101,81385.8101,-0.0
11570,6,Declining Frequent Buyers,805.8001,0.0,0.01,81385.8101,81385.8101,-0.0
28707,6,Declining Frequent Buyers,805.8001,0.0,0.01,81385.8101,81385.8101,-0.0
12700,6,Declining Frequent Buyers,805.8001,0.0,0.01,81385.8101,81385.8101,-0.0
12698,6,Declining Frequent Buyers,805.8001,0.0,0.01,81385.8101,81385.8101,-0.0
12693,6,Declining Frequent Buyers,805.8001,0.0,0.01,81385.8101,81385.8101,-0.0
12689,6,Declining Frequent Buyers,805.8001,0.0,0.01,81385.8101,81385.8101,-0.0
12688,6,Declining Frequent Buyers,805.8001,0.0,0.01,81385.8101,81385.8101,-0.0
28708,6,Declining Frequent Buyers,805.8001,0.0,0.01,81385.8101,81385.8101,-0.0
28736,6,Declining Frequent Buyers,805.8001,0.0,0.01,81385.8101,81385.8101,-0.0
12686,6,Declining Frequent Buyers,805.8001,0.0,0.01,81385.8101,81385.8101,-0.0
12687,6,Declining Frequent Buyers,805.8001,0.0,0.01,81385.8101,81385.8101,-0.0
12683,6,Declining Frequent Buyers,805.8001,0.0,0.01,81385.8101,81385.8101,-0.0
26607,6,Declining Frequent Buyers,805.8001,0.0,0.01,81385.8101,81385.8101,-0.0
13953,6,Declining Frequent Buyers,805.8001,0.0,0.01,81385.8101,81385.8101,-0.0
28562,6,Declining Frequent Buyers,805.8001,0.0,0.01,81385.8101,81385.8101,-0.0
11598,6,Declining Frequent Buyers,805.8001,0.0,0.01,81385.8101,81385.8101,-0.0
13955,6,Declining Frequent Buyers,805.8001,0.0,0.01,81385.8101,81385.8101,-0.0
28553,6,Declining Frequent Buyers,805.8001,0.0,0.01,81385.8101,81385.8101,-0.0
28560,6,Declining Frequent Buyers,805.8001,0.0,0.01,81385.8101,81385.8101,-0.0
28532,6,Declining Frequent Buyers,805.8001,0.0,0.01,81385.8101,81385.8101,-0.0
26601,6,Declining Frequent Buyers,805.8001,0.0,0.01,81385.8101,81385.8101,-0.0
26619,6,Declining Frequent Buyers,805.8001,0.0,0.01,81385.8101,81385.8101,-0.0
26581,6,Declining Frequent Buyers,805.8001,0.0,0.01,81385.8101,81385.8101,-0.0
26611,6,Declining Frequent Buyers,805.8001,0.0,0.01,81385.8101,81385.8101,-0.0
26174,6,Declining Frequent Buyers,805.8001,0.0,0.01,81385.8101,81385.8101,-0.0
26617,6,Declining Frequent Buyers,805.8001,0.0,0.01,81385.8101,81385.8101,-0.0
28510,6,Declining Frequent Buyers,805.8001,0.0,0.01,81385.8101,81385.8101,-0.0
11613,6,Declining Frequent Buyers,805.8001,0.0,0.01,81385.8101,81385.8101,-0.0
13957,6,Declining Frequent Buyers,805.8001,0.0,0.01,81385.8101,81385.8101,-0.0
26610,6,Declining Frequent Buyers,805.8001,0.0,0.01,81385.8101,81385.8101,-0.0
26609,6,Declining Frequent Buyers,805.8001,0.0,0.01,81385.8101,81385.8101,-0.0
26608,6,Declining Frequent Buyers,805.8001,0.0,0.01,81385.8101,81385.8101,-0.0
11610,6,Declining Frequent Buyers,805.8001,0.0,0.01,81385.8101,81385.8101,-0.0
12677,6,Declining Frequent Buyers,805.8001,0.0,0.01,81385.8101,81385.8101,-0.0
12676,6,Declining Frequent Buyers,805.8001,0.0,0.01,81385.8101,81385.8101,-0.0
12701,6,Declining Frequent Buyers,805.8001,0.0,0.01,81385.8101,81385.8101,-0.0
12706,6,Declining Frequent Buyers,805.8001,0.0,0.01,81385.8101,81385.8101,-0.0
26634,6,Declining Frequent Buyers,805.8001,0.0,0.01,81385.8101,81385.8101,-0.0
26632,6,Declining Frequent Buyers,805.8001,0.0,0.01,81385.8101,81385.8101,-0.0
13644,6,Declining Frequent Buyers,805.8001,0.0,0.01,81385.8101,81385.8101,-0.0
13643,6,Declining Frequent Buyers,805.8001,0.0,0.01,81385.8101,81385.8101,-0.0
26631,6,Declining Frequent Buyers,805.8001,0.0,0.01,81385.8101,81385.8101,-0.0
26626,6,Declining Frequent Buyers,805.8001,0.0,0.01,81385.8101,81385.8101,-0.0
26625,6,Declining Frequent Buyers,805.8001,0.0,0.01,81385.8101,81385.8101,-0.0
26681,6,Declining Frequent Buyers,805.8001,0.0,0.01,81385.8101,81385.8101,-0.0
26650,6,Declining Frequent Buyers,805.8001,0.0,0.01,81385.8101,81385.8101,-0.0
26646,6,Declining Frequent Buyers,805.8001,0.0,0.01,81385.8101,81385.8101,-0.0
26642,6,Declining Frequent Buyers,805.8001,0.0,0.01,81385.8101,81385.8101,-0.0
26641,6,Declining Frequent Buyers,805.8001,0.0,0.01,81385.8101,81385.8101,-0.0
26726,6,Declining Frequent Buyers,805.8001,0.0,0.01,81385.8101,81385.8101,-0.0
26718,6,Declining Frequent Buyers,805.8001,0.0,0.01,81385.8101,81385.8101,-0.0
26717,6,Declining Frequent Buyers,805.8001,0.0,0.01,81385.8101,81385.8101,-0.0
26710,6,Declining Frequent Buyers,805.8001,0.0,0.01,81385.8101,81385.8101,-0.0
26708,6,Declining Frequent Buyers,805.8001,0.0,0.01,81385.8101,81385.8101,-0.0
26705,6,Declining Frequent Buyers,805.8001,0.0,0.01,81385.8101,81385.8101,-0.0
13525,6,Declining Frequent Buyers,805.8001,0.0,0.01,81385.8101,81385.8101,-0.0
13636,6,Declining Frequent Buyers,805.8001,0.0,0.01,81385.8101,81385.8101,-0.0
13632,6,Declining Frequent Buyers,805.8001,0.0,0.01,81385.8101,81385.8101,-0.0
13630,6,Declining Frequent Buyers,805.8001,0.0,0.01,81385.8101,81385.8101,-0.0
13622,6,Declining Frequent Buyers,805.8001,0.0,0.01,81385.8101,81385.8101,-0.0
26695,6,Declining Frequent Buyers,805.8001,0.0,0.01,81385.8101,81385.8101,-0.0
12316,6,Declining Frequent Buyers,805.8001,0.0,0.01,81385.8101,81385.8101,-0.0
12314,6,Declining Frequent Buyers,805.8001,0.0,0.01,81385.8101,81385.8101,-0.0
12305,6,Declining Frequent Buyers,805.8001,0.0,0.01,81385.8101,81385.8101,-0.0
12302,6,Declining Frequent Buyers,805.8001,0.0,0.01,81385.8101,81385.8101,-0.0
12299,6,Declining Frequent Buyers,805.8001,0.0,0.01,81385.8101,81385.8101,-0.0
12298,6,Declining Frequent Buyers,805.8001,0.0,0.01,81385.8101,81385.8101,-0.0
12291,6,Declining Frequent Buyers,805.8001,0.0,0.01,81385.8101,81385.8101,-0.0
27020,6,Declining Frequent Buyers,805.8001,0.0,0.01,81385.8101,81385.8101,-0.0
13526,6,Declining Frequent Buyers,805.8001,0.0,0.01,81385.8101,81385.8101,-0.0
26811,6,Declining Frequent Buyers,805.8001,0.0,0.01,81385.8101,81385.8101,-0.0
26805,6,Declining Frequent Buyers,805.8001,0.0,0.01,81385.8101,81385.8101,-0.0
26786,6,Declining Frequent Buyers,805.8001,0.0,0.01,81385.8101,81385.8101,-0.0
26735,6,Declining Frequent Buyers,805.8001,0.0,0.01,81385.8101,81385.8101,-0.0
12994,6,Declining Frequent Buyers,805.8001,0.0,0.01,81385.8101,81385.8101,-0.0
12990,6,Declining Frequent Buyers,805.8001,0.0,0.01,81385.8101,81385.8101,-0.0
27064,6,Declining Frequent Buyers,805.8001,0.0,0.01,81385.8101,81385.8101,-0.0
27063,6,Declining Frequent Buyers,805.8001,0.0,0.01,81385.8101,81385.8101,-0.0
27056,6,Declining Frequent Buyers,805.8001,0.0,0.01,81385.8101,81385.8101,-0.0
27054,6,Declining Frequent Buyers,805.8001,0.0,0.01,81385.8101,81385.8101,-0.0
27050,6,Declining Frequent Buyers,805.8001,0.0,0.01,81385.8101,81385.8101,-0.0
27021,6,Declining Frequent Buyers,805.8001,0.0,0.01,81385.8101,81385.8101,-0.0
12987,6,Declining Frequent Buyers,805.8001,0.0,0.01,81385.8101,81385.8101,-0.0
13021,6,Declining Frequent Buyers,805.8001,0.0,0.01,81385.8101,81385.8101,-0.0
12216,6,Declining Frequent Buyers,805.8001,0.0,0.01,81385.8101,81385.8101,-0.0
12215,6,Declining Frequent Buyers,805.8001,0.0,0.01,81385.8101,81385.8101,-0.0
12210,6,Declining Frequent Buyers,805.8001,0.0,0.01,81385.8101,81385.8101,-0.0
12133,6,Declining Frequent Buyers,805.8001,0.0,0.01,81385.8101,81385.8101,-0.0
12125,6,Declining Frequent Buyers,805.8001,0.0,0.01,81385.8101,81385.8101,-0.0
13524,6,Declining Frequent Buyers,805.8001,0.0,0.01,81385.8101,81385.8101,-0.0
13521,6,Declining Frequent Buyers,805.8001,0.0,0.01,81385.8101,81385.8101,-0.0
13520,6,Declining Frequent Buyers,805.8001,0.0,0.01,81385.8101,81385.8101,-0.0
13529,6,Declining Frequent Buyers,805.8001,0.0,0.01,81385.8101,81385.8101,-0.0
13528,6,Declining Frequent Buyers,805.8001,0.0,0.01,81385.8101,81385.8101,-0.0
13018,6,Declining Frequent Buyers,805.8001,0.0,0.01,81385.8101,81385.8101,-0.0
27078,6,Declining Frequent Buyers,805.8001,0.0,0.01,81385.8101,81385.8101,-0.0
27077,6,Declining Frequent Buyers,805.8001,0.0,0.01,81385.8101,81385.8101,-0.0
27076,6,Declining Frequent Buyers,805.8001,0.0,0.01,81385.8101,81385.8101,-0.0
13012,6,Declining Frequent Buyers,805.8001,0.0,0.01,81385.8101,81385.8101,-0.0
13010,6,Declining Frequent Buyers,805.8001,0.0,0.01,81385.8101,81385.8101,-0.0
13007,6,Declining Frequent Buyers,805.8001,0.0,0.01,81385.8101,81385.8101,-0.0
13000,6,Declining Frequent Buyers,805.8001,0.0,0.01,81385.8101,81385.8101,-0.0
12999,6,Declining Frequent Buyers,805.8001,0.0,0.01,81385.8101,81385.8101,-0.0
13051,6,Declining Frequent Buyers,805.8001,0.0,0.01,81385.8101,81385.8101,-0.0
13050,6,Declining Frequent Buyers,805.8001,0.0,0.01,81385.8101,81385.8101,-0.0
13114,6,Declining Frequent Buyers,805.8001,0.0,0.01,81385.8101,81385.8101,-0.0
13113,6,Declining Frequent Buyers,805.8001,0.0,0.01,81385.8101,81385.8101,-0.0
13160,6,Declining Frequent Buyers,805.8001,0.0,0.01,81385.8101,81385.8101,-0.0
13156,6,Declining Frequent Buyers,805.8001,0.0,0.01,81385.8101,81385.8101,-0.0
13139,6,Declining Frequent Buyers,805.8001,0.0,0.01,81385.8101,81385.8101,-0.0
12239,6,Declining Frequent Buyers,805.8001,0.0,0.01,81385.8101,81385.8101,-0.0
12237,6,Declining Frequent Buyers,805.8001,0.0,0.01,81385.8101,81385.8101,-0.0
12232,6,Declining Frequent Buyers,805.8001,0.0,0.01,81385.8101,81385.8101,-0.0
12229,6,Declining Frequent Buyers,805.8001,0.0,0.01,81385.8101,81385.8101,-0.0
12228,6,Declining Frequent Buyers,805.8001,0.0,0.01,81385.8101,81385.8101,-0.0
12225,6,Declining Frequent Buyers,805.8001,0.0,0.01,81385.8101,81385.8101,-0.0
13089,6,Declining Frequent Buyers,805.8001,0.0,0.01,81385.8101,81385.8101,-0.0
13122,6,Declining Frequent Buyers,805.8001,0.0,0.01,81385.8101,81385.8101,-0.0
13119,6,Declining Frequent Buyers,805.8001,0.0,0.01,81385.8101,81385.8101,-0.0
13049,6,Declining Frequent Buyers,805.8001,0.0,0.01,81385.8101,81385.8101,-0.0
13038,6,Declining Frequent Buyers,805.8001,0.0,0.01,81385.8101,81385.8101,-0.0
13025,6,Declining Frequent Buyers,805.8001,0.0,0.01,81385.8101,81385.8101,-0.0
13078,6,Declining Frequent Buyers,805.8001,0.0,0.01,81385.8101,81385.8101,-0.0
13075,6,Declining Frequent Buyers,805.8001,0.0,0.01,81385.8101,81385.8101,-0.0
13111,6,Declining Frequent Buyers,805.8001,0.0,0.01,81385.8101,81385.8101,-0.0
12284,6,Declining Frequent Buyers,805.8001,0.0,0.01,81385.8101,81385.8101,-0.0
12277,6,Declining Frequent Buyers,805.8001,0.0,0.01,81385.8101,81385.8101,-0.0
12276,6,Declining Frequent Buyers,805.8001,0.0,0.01,81385.8101,81385.8101,-0.0
12275,6,Declining Frequent Buyers,805.8001,0.0,0.01,81385.8101,81385.8101,-0.0
12266,6,Declining Frequent Buyers,805.8001,0.0,0.01,81385.8101,81385.8101,-0.0
12263,6,Declining Frequent Buyers,805.8001,0.0,0.01,81385.8101,81385.8101,-0.0
12317,6,Declining Frequent Buyers,805.8001,0.0,0.01,81385.8101,81385.8101,-0.0
13108,6,Declining Frequent Buyers,805.8001,0.0,0.01,81385.8101,81385.8101,-0.0
13106,6,Declining Frequent Buyers,805.8001,0.0,0.01,81385.8101,81385.8101,-0.0
13104,6,Declining Frequent Buyers,805.8001,0.0,0.01,81385.8101,81385.8101,-0.0
13091,6,Declining Frequent Buyers,805.8001,0.0,0.01,81385.8101,81385.8101,-0.0
12473,6,Declining Frequent Buyers,805.8001,0.0,0.01,81385.8101,81385.8101,-0.0
12463,6,Declining Frequent Buyers,805.8001,0.0,0.01,81385.8101,81385.8101,-0.0
26534,6,Declining Frequent Buyers,805.8001,0.0,0.01,81385.8101,81385.8101,-0.0
26521,6,Declining Frequent Buyers,805.8001,0.0,0.01,81385.8101,81385.8101,-0.0
26301,6,Declining Frequent Buyers,805.8001,0.0,0.01,81385.8101,81385.8101,-0.0
26277,6,Declining Frequent Buyers,805.8001,0.0,0.01,81385.8101,81385.8101,-0.0
26249,6,Declining Frequent Buyers,805.8001,0.0,0.01,81385.8101,81385.8101,-0.0
26245,6,Declining Frequent Buyers,805.8001,0.0,0.01,81385.8101,81385.8101,-0.0
26241,6,Declining Frequent Buyers,805.8001,0.0,0.01,81385.8101,81385.8101,-0.0
26290,6,Declining Frequent Buyers,805.8001,0.0,0.01,81385.8101,81385.8101,-0.0
26285,6,Declining Frequent Buyers,805.8001,0.0,0.01,81385.8101,81385.8101,-0.0
26283,6,Declining Frequent Buyers,805.8001,0.0,0.01,81385.8101,81385.8101,-0.0
26281,6,Declining Frequent Buyers,805.8001,0.0,0.01,81385.8101,81385.8101,-0.0
12386,6,Declining Frequent Buyers,805.8001,0.0,0.01,81385.8101,81385.8101,-0.0
12385,6,Declining Frequent Buyers,805.8001,0.0,0.01,81385.8101,81385.8101,-0.0
12382,6,Declining Frequent Buyers,805.8001,0.0,0.01,81385.8101,81385.8101,-0.0
12381,6,Declining Frequent Buyers,805.8001,0.0,0.01,81385.8101,81385.8101,-0.0
20188,6,Declining Frequent Buyers,805.8001,0.0,0.01,81385.8101,81381.4251,4.385
20318,6,Declining Frequent Buyers,805.8001,0.0,0.01,81385.8101,81381.4251,4.385
20350,6,Declining Frequent Buyers,805.8001,0.0,0.01,81385.8101,81381.4251,4.385
20186,6,Declining Frequent Buyers,805.8001,0.0,0.01,81385.8101,81377.0401,8.77
20708,6,Declining Frequent Buyers,805.8001,0.0,0.01,81385.8101,81374.1167,11.6934
20656,6,Declining Frequent Buyers,805.8001,0.0,0.01,81385.8101,81370.4625,15.3476
21272,6,Declining Frequent Buyers,805.8001,0.0,0.01,81385.8101,81370.4625,15.3476
20373,6,Declining Frequent Buyers,805.8001,0.0,0.01,81385.8101,81243.4525,142.3576
20375,6,Declining Frequent Buyers,805.8001,0.0,0.01,81385.8101,81243.4525,142.3576
20470,6,Declining Frequent Buyers,805.8001,0.0,0.01,81385.8101,81138.8768,246.9333
21138,6,Declining Frequent Buyers,797.1169,0.0,0.01,80508.8069,80513.1919,-4.385
21266,6,Declining Frequent Buyers,797.1169,0.0,0.01,80508.8069,80512.4611,-3.6542
21284,6,Declining Frequent Buyers,797.1169,0.0,0.01,80508.8069,80512.4611,-3.6542
20651,6,Declining Frequent Buyers,797.1169,0.0,0.01,80508.8069,80510.9994,-2.1925
20665,6,Declining Frequent Buyers,797.1169,0.0,0.01,80508.8069,80510.9994,-2.1925
20669,6,Declining Frequent Buyers,797.1169,0.0,0.01,80508.8069,80510.9994,-2.1925
20670,6,Declining Frequent Buyers,797.1169,0.0,0.01,80508.8069,80510.9994,-2.1925
20680,6,Declining Frequent Buyers,797.1169,0.0,0.01,80508.8069,80510.9994,-2.1925
20736,6,Declining Frequent Buyers,797.1169,0.0,0.01,80508.8069,80510.9994,-2.1925
21305,6,Declining Frequent Buyers,797.1169,0.0,0.01,80508.8069,80510.9994,-2.1925
21148,6,Declining Frequent Buyers,797.1169,0.0,0.01,80508.8069,80510.9994,-2.1925
21311,6,Declining Frequent Buyers,797.1169,0.0,0.01,80508.8069,80510.9994,-2.1925
21332,6,Declining Frequent Buyers,797.1169,0.0,0.01,80508.8069,80510.9994,-2.1925
12391,6,Declining Frequent Buyers,797.1169,0.0,0.01,80508.8069,80508.8069,-0.0
12394,6,Declining Frequent Buyers,797.1169,0.0,0.01,80508.8069,80508.8069,-0.0
12402,6,Declining Frequent Buyers,797.1169,0.0,0.01,80508.8069,80508.8069,-0.0
26286,6,Declining Frequent Buyers,797.1169,0.0,0.01,80508.8069,80508.8069,-0.0
26292,6,Declining Frequent Buyers,797.1169,0.0,0.01,80508.8069,80508.8069,-0.0
26293,6,Declining Frequent Buyers,797.1169,0.0,0.01,80508.8069,80508.8069,-0.0
26295,6,Declining Frequent Buyers,797.1169,0.0,0.01,80508.8069,80508.8069,-0.0
26247,6,Declining Frequent Buyers,797.1169,0.0,0.01,80508.8069,80508.8069,-0.0
26252,6,Declining Frequent Buyers,797.1169,0.0,0.01,80508.8069,80508.8069,-0.0
26276,6,Declining Frequent Buyers,797.1169,0.0,0.01,80508.8069,80508.8069,-0.0
26280,6,Declining Frequent Buyers,797.1169,0.0,0.01,80508.8069,80508.8069,-0.0
26299,6,Declining Frequent Buyers,797.1169,0.0,0.01,80508.8069,80508.8069,-0.0
14051,6,Declining Frequent Buyers,797.1169,0.0,0.01,80508.8069,80508.8069,-0.0
14055,6,Declining Frequent Buyers,797.1169,0.0,0.01,80508.8069,80508.8069,-0.0
14062,6,Declining Frequent Buyers,797.1169,0.0,0.01,80508.8069,80508.8069,-0.0
14070,6,Declining Frequent Buyers,797.1169,0.0,0.01,80508.8069,80508.8069,-0.0
12573,6,Declining Frequent Buyers,797.1169,0.0,0.01,80508.8069,80508.8069,-0.0
12575,6,Declining Frequent Buyers,797.1169,0.0,0.01,80508.8069,80508.8069,-0.0
12348,6,Declining Frequent Buyers,797.1169,0.0,0.01,80508.8069,80508.8069,-0.0
12349,6,Declining Frequent Buyers,797.1169,0.0,0.01,80508.8069,80508.8069,-0.0
12354,6,Declining Frequent Buyers,797.1169,0.0,0.01,80508.8069,80508.8069,-0.0
12355,6,Declining Frequent Buyers,797.1169,0.0,0.01,80508.8069,80508.8069,-0.0
26234,6,Declining Frequent Buyers,797.1169,0.0,0.01,80508.8069,80508.8069,-0.0
26238,6,Declining Frequent Buyers,797.1169,0.0,0.01,80508.8069,80508.8069,-0.0
12356,6,Declining Frequent Buyers,797.1169,0.0,0.01,80508.8069,80508.8069,-0.0
12486,6,Declining Frequent Buyers,797.1169,0.0,0.01,80508.8069,80508.8069,-0.0
26305,6,Declining Frequent Buyers,797.1169,0.0,0.01,80508.8069,80508.8069,-0.0
13036,6,Declining Frequent Buyers,797.1169,0.0,0.01,80508.8069,80508.8069,-0.0
13115,6,Declining Frequent Buyers,797.1169,0.0,0.01,80508.8069,80508.8069,-0.0
13117,6,Declining Frequent Buyers,797.1169,0.0,0.01,80508.8069,80508.8069,-0.0
13118,6,Declining Frequent Buyers,797.1169,0.0,0.01,80508.8069,80508.8069,-0.0
13123,6,Declining Frequent Buyers,797.1169,0.0,0.01,80508.8069,80508.8069,-0.0
13126,6,Declining Frequent Buyers,797.1169,0.0,0.01,80508.8069,80508.8069,-0.0
13128,6,Declining Frequent Buyers,797.1169,0.0,0.01,80508.8069,80508.8069,-0.0
13129,6,Declining Frequent Buyers,797.1169,0.0,0.01,80508.8069,80508.8069,-0.0
13130,6,Declining Frequent Buyers,797.1169,0.0,0.01,80508.8069,80508.8069,-0.0
13131,6,Declining Frequent Buyers,797.1169,0.0,0.01,80508.8069,80508.8069,-0.0
13132,6,Declining Frequent Buyers,797.1169,0.0,0.01,80508.8069,80508.8069,-0.0
13133,6,Declining Frequent Buyers,797.1169,0.0,0.01,80508.8069,80508.8069,-0.0
13134,6,Declining Frequent Buyers,797.1169,0.0,0.01,80508.8069,80508.8069,-0.0
13090,6,Declining Frequent Buyers,797.1169,0.0,0.01,80508.8069,80508.8069,-0.0
12222,6,Declining Frequent Buyers,797.1169,0.0,0.01,80508.8069,80508.8069,-0.0
12226,6,Declining Frequent Buyers,797.1169,0.0,0.01,80508.8069,80508.8069,-0.0
12230,6,Declining Frequent Buyers,797.1169,0.0,0.01,80508.8069,80508.8069,-0.0
12231,6,Declining Frequent Buyers,797.1169,0.0,0.01,80508.8069,80508.8069,-0.0
13135,6,Declining Frequent Buyers,797.1169,0.0,0.01,80508.8069,80508.8069,-0.0
13001,6,Declining Frequent Buyers,797.1169,0.0,0.01,80508.8069,80508.8069,-0.0
13006,6,Declining Frequent Buyers,797.1169,0.0,0.01,80508.8069,80508.8069,-0.0
13011,6,Declining Frequent Buyers,797.1169,0.0,0.01,80508.8069,80508.8069,-0.0
27074,6,Declining Frequent Buyers,797.1169,0.0,0.01,80508.8069,80508.8069,-0.0
13020,6,Declining Frequent Buyers,797.1169,0.0,0.01,80508.8069,80508.8069,-0.0
13518,6,Declining Frequent Buyers,797.1169,0.0,0.01,80508.8069,80508.8069,-0.0
12123,6,Declining Frequent Buyers,797.1169,0.0,0.01,80508.8069,80508.8069,-0.0
12128,6,Declining Frequent Buyers,797.1169,0.0,0.01,80508.8069,80508.8069,-0.0
12213,6,Declining Frequent Buyers,797.1169,0.0,0.01,80508.8069,80508.8069,-0.0
12214,6,Declining Frequent Buyers,797.1169,0.0,0.01,80508.8069,80508.8069,-0.0
13022,6,Declining Frequent Buyers,797.1169,0.0,0.01,80508.8069,80508.8069,-0.0
13024,6,Declining Frequent Buyers,797.1169,0.0,0.01,80508.8069,80508.8069,-0.0
12988,6,Declining Frequent Buyers,797.1169,0.0,0.01,80508.8069,80508.8069,-0.0
27045,6,Declining Frequent Buyers,797.1169,0.0,0.01,80508.8069,80508.8069,-0.0
27047,6,Declining Frequent Buyers,797.1169,0.0,0.01,80508.8069,80508.8069,-0.0
27058,6,Declining Frequent Buyers,797.1169,0.0,0.01,80508.8069,80508.8069,-0.0
27068,6,Declining Frequent Buyers,797.1169,0.0,0.01,80508.8069,80508.8069,-0.0
27069,6,Declining Frequent Buyers,797.1169,0.0,0.01,80508.8069,80508.8069,-0.0
27073,6,Declining Frequent Buyers,797.1169,0.0,0.01,80508.8069,80508.8069,-0.0
12989,6,Declining Frequent Buyers,797.1169,0.0,0.01,80508.8069,80508.8069,-0.0
12991,6,Declining Frequent Buyers,797.1169,0.0,0.01,80508.8069,80508.8069,-0.0
12995,6,Declining Frequent Buyers,797.1169,0.0,0.01,80508.8069,80508.8069,-0.0
12996,6,Declining Frequent Buyers,797.1169,0.0,0.01,80508.8069,80508.8069,-0.0
12998,6,Declining Frequent Buyers,797.1169,0.0,0.01,80508.8069,80508.8069,-0.0
26731,6,Declining Frequent Buyers,797.1169,0.0,0.01,80508.8069,80508.8069,-0.0
26734,6,Declining Frequent Buyers,797.1169,0.0,0.01,80508.8069,80508.8069,-0.0
26801,6,Declining Frequent Buyers,797.1169,0.0,0.01,80508.8069,80508.8069,-0.0
26814,6,Declining Frequent Buyers,797.1169,0.0,0.01,80508.8069,80508.8069,-0.0
13527,6,Declining Frequent Buyers,797.1169,0.0,0.01,80508.8069,80508.8069,-0.0
26815,6,Declining Frequent Buyers,797.1169,0.0,0.01,80508.8069,80508.8069,-0.0
27017,6,Declining Frequent Buyers,797.1169,0.0,0.01,80508.8069,80508.8069,-0.0
12286,6,Declining Frequent Buyers,797.1169,0.0,0.01,80508.8069,80508.8069,-0.0
12287,6,Declining Frequent Buyers,797.1169,0.0,0.01,80508.8069,80508.8069,-0.0
12289,6,Declining Frequent Buyers,797.1169,0.0,0.01,80508.8069,80508.8069,-0.0
12292,6,Declining Frequent Buyers,797.1169,0.0,0.01,80508.8069,80508.8069,-0.0
12297,6,Declining Frequent Buyers,797.1169,0.0,0.01,80508.8069,80508.8069,-0.0
13650,6,Declining Frequent Buyers,797.1169,0.0,0.01,80508.8069,80508.8069,-0.0
13651,6,Declining Frequent Buyers,797.1169,0.0,0.01,80508.8069,80508.8069,-0.0
13616,6,Declining Frequent Buyers,797.1169,0.0,0.01,80508.8069,80508.8069,-0.0
13618,6,Declining Frequent Buyers,797.1169,0.0,0.01,80508.8069,80508.8069,-0.0
13619,6,Declining Frequent Buyers,797.1169,0.0,0.01,80508.8069,80508.8069,-0.0
13620,6,Declining Frequent Buyers,797.1169,0.0,0.01,80508.8069,80508.8069,-0.0
13625,6,Declining Frequent Buyers,797.1169,0.0,0.01,80508.8069,80508.8069,-0.0
13626,6,Declining Frequent Buyers,797.1169,0.0,0.01,80508.8069,80508.8069,-0.0
13629,6,Declining Frequent Buyers,797.1169,0.0,0.01,80508.8069,80508.8069,-0.0
13631,6,Declining Frequent Buyers,797.1169,0.0,0.01,80508.8069,80508.8069,-0.0
13633,6,Declining Frequent Buyers,797.1169,0.0,0.01,80508.8069,80508.8069,-0.0
26698,6,Declining Frequent Buyers,797.1169,0.0,0.01,80508.8069,80508.8069,-0.0
26703,6,Declining Frequent Buyers,797.1169,0.0,0.01,80508.8069,80508.8069,-0.0
26711,6,Declining Frequent Buyers,797.1169,0.0,0.01,80508.8069,80508.8069,-0.0
26723,6,Declining Frequent Buyers,797.1169,0.0,0.01,80508.8069,80508.8069,-0.0
26724,6,Declining Frequent Buyers,797.1169,0.0,0.01,80508.8069,80508.8069,-0.0
26725,6,Declining Frequent Buyers,797.1169,0.0,0.01,80508.8069,80508.8069,-0.0
26727,6,Declining Frequent Buyers,797.1169,0.0,0.01,80508.8069,80508.8069,-0.0
26728,6,Declining Frequent Buyers,797.1169,0.0,0.01,80508.8069,80508.8069,-0.0
26729,6,Declining Frequent Buyers,797.1169,0.0,0.01,80508.8069,80508.8069,-0.0
26644,6,Declining Frequent Buyers,797.1169,0.0,0.01,80508.8069,80508.8069,-0.0
26645,6,Declining Frequent Buyers,797.1169,0.0,0.01,80508.8069,80508.8069,-0.0
26647,6,Declining Frequent Buyers,797.1169,0.0,0.01,80508.8069,80508.8069,-0.0
26649,6,Declining Frequent Buyers,797.1169,0.0,0.01,80508.8069,80508.8069,-0.0
26676,6,Declining Frequent Buyers,797.1169,0.0,0.01,80508.8069,80508.8069,-0.0
26684,6,Declining Frequent Buyers,797.1169,0.0,0.01,80508.8069,80508.8069,-0.0
26694,6,Declining Frequent Buyers,797.1169,0.0,0.01,80508.8069,80508.8069,-0.0
26624,6,Declining Frequent Buyers,797.1169,0.0,0.01,80508.8069,80508.8069,-0.0
26627,6,Declining Frequent Buyers,797.1169,0.0,0.01,80508.8069,80508.8069,-0.0
13637,6,Declining Frequent Buyers,797.1169,0.0,0.01,80508.8069,80508.8069,-0.0
13638,6,Declining Frequent Buyers,797.1169,0.0,0.01,80508.8069,80508.8069,-0.0
13645,6,Declining Frequent Buyers,797.1169,0.0,0.01,80508.8069,80508.8069,-0.0
13646,6,Declining Frequent Buyers,797.1169,0.0,0.01,80508.8069,80508.8069,-0.0
13647,6,Declining Frequent Buyers,797.1169,0.0,0.01,80508.8069,80508.8069,-0.0
13648,6,Declining Frequent Buyers,797.1169,0.0,0.01,80508.8069,80508.8069,-0.0
13649,6,Declining Frequent Buyers,797.1169,0.0,0.01,80508.8069,80508.8069,-0.0
26633,6,Declining Frequent Buyers,797.1169,0.0,0.01,80508.8069,80508.8069,-0.0
26635,6,Declining Frequent Buyers,797.1169,0.0,0.01,80508.8069,80508.8069,-0.0
26638,6,Declining Frequent Buyers,797.1169,0.0,0.01,80508.8069,80508.8069,-0.0
12702,6,Declining Frequent Buyers,797.1169,0.0,0.01,80508.8069,80508.8069,-0.0
12703,6,Declining Frequent Buyers,797.1169,0.0,0.01,80508.8069,80508.8069,-0.0
12705,6,Declining Frequent Buyers,797.1169,0.0,0.01,80508.8069,80508.8069,-0.0
12680,6,Declining Frequent Buyers,797.1169,0.0,0.01,80508.8069,80508.8069,-0.0
11609,6,Declining Frequent Buyers,797.1169,0.0,0.01,80508.8069,80508.8069,-0.0
11612,6,Declining Frequent Buyers,797.1169,0.0,0.01,80508.8069,80508.8069,-0.0
11614,6,Declining Frequent Buyers,797.1169,0.0,0.01,80508.8069,80508.8069,-0.0
13958,6,Declining Frequent Buyers,797.1169,0.0,0.01,80508.8069,80508.8069,-0.0
13959,6,Declining Frequent Buyers,797.1169,0.0,0.01,80508.8069,80508.8069,-0.0
28506,6,Declining Frequent Buyers,797.1169,0.0,0.01,80508.8069,80508.8069,-0.0
28512,6,Declining Frequent Buyers,797.1169,0.0,0.01,80508.8069,80508.8069,-0.0
28519,6,Declining Frequent Buyers,797.1169,0.0,0.01,80508.8069,80508.8069,-0.0
12492,6,Declining Frequent Buyers,797.1169,0.0,0.01,80508.8069,80508.8069,-0.0
12388,6,Declining Frequent Buyers,797.1169,0.0,0.01,80508.8069,80508.8069,-0.0
26614,6,Declining Frequent Buyers,797.1169,0.0,0.01,80508.8069,80508.8069,-0.0
26616,6,Declining Frequent Buyers,797.1169,0.0,0.01,80508.8069,80508.8069,-0.0
26618,6,Declining Frequent Buyers,797.1169,0.0,0.01,80508.8069,80508.8069,-0.0
26622,6,Declining Frequent Buyers,797.1169,0.0,0.01,80508.8069,80508.8069,-0.0
26623,6,Declining Frequent Buyers,797.1169,0.0,0.01,80508.8069,80508.8069,-0.0
26575,6,Declining Frequent Buyers,797.1169,0.0,0.01,80508.8069,80508.8069,-0.0
26579,6,Declining Frequent Buyers,797.1169,0.0,0.01,80508.8069,80508.8069,-0.0
26600,6,Declining Frequent Buyers,797.1169,0.0,0.01,80508.8069,80508.8069,-0.0
26602,6,Declining Frequent Buyers,797.1169,0.0,0.01,80508.8069,80508.8069,-0.0
26603,6,Declining Frequent Buyers,797.1169,0.0,0.01,80508.8069,80508.8069,-0.0
26604,6,Declining Frequent Buyers,797.1169,0.0,0.01,80508.8069,80508.8069,-0.0
28529,6,Declining Frequent Buyers,797.1169,0.0,0.01,80508.8069,80508.8069,-0.0
28540,6,Declining Frequent Buyers,797.1169,0.0,0.01,80508.8069,80508.8069,-0.0
28541,6,Declining Frequent Buyers,797.1169,0.0,0.01,80508.8069,80508.8069,-0.0
28547,6,Declining Frequent Buyers,797.1169,0.0,0.01,80508.8069,80508.8069,-0.0
28559,6,Declining Frequent Buyers,797.1169,0.0,0.01,80508.8069,80508.8069,-0.0
28569,6,Declining Frequent Buyers,797.1169,0.0,0.01,80508.8069,80508.8069,-0.0
11603,6,Declining Frequent Buyers,797.1169,0.0,0.01,80508.8069,80508.8069,-0.0
11604,6,Declining Frequent Buyers,797.1169,0.0,0.01,80508.8069,80508.8069,-0.0
11605,6,Declining Frequent Buyers,797.1169,0.0,0.01,80508.8069,80508.8069,-0.0
26606,6,Declining Frequent Buyers,797.1169,0.0,0.01,80508.8069,80508.8069,-0.0
12681,6,Declining Frequent Buyers,797.1169,0.0,0.01,80508.8069,80508.8069,-0.0
12684,6,Declining Frequent Buyers,797.1169,0.0,0.01,80508.8069,80508.8069,-0.0
12685,6,Declining Frequent Buyers,797.1169,0.0,0.01,80508.8069,80508.8069,-0.0
12694,6,Declining Frequent Buyers,797.1169,0.0,0.01,80508.8069,80508.8069,-0.0
12699,6,Declining Frequent Buyers,797.1169,0.0,0.01,80508.8069,80508.8069,-0.0
28713,6,Declining Frequent Buyers,797.1169,0.0,0.01,80508.8069,80508.8069,-0.0
28724,6,Declining Frequent Buyers,797.1169,0.0,0.01,80508.8069,80508.8069,-0.0
28728,6,Declining Frequent Buyers,797.1169,0.0,0.01,80508.8069,80508.8069,-0.0
28739,6,Declining Frequent Buyers,797.1169,0.0,0.01,80508.8069,80508.8069,-0.0
11561,6,Declining Frequent Buyers,797.1169,0.0,0.01,80508.8069,80508.8069,-0.0
11564,6,Declining Frequent Buyers,797.1169,0.0,0.01,80508.8069,80508.8069,-0.0
11575,6,Declining Frequent Buyers,797.1169,0.0,0.01,80508.8069,80508.8069,-0.0
12667,6,Declining Frequent Buyers,797.1169,0.0,0.01,80508.8069,80508.8069,-0.0
12669,6,Declining Frequent Buyers,797.1169,0.0,0.01,80508.8069,80508.8069,-0.0
12670,6,Declining Frequent Buyers,797.1169,0.0,0.01,80508.8069,80508.8069,-0.0
12671,6,Declining Frequent Buyers,797.1169,0.0,0.01,80508.8069,80508.8069,-0.0
12673,6,Declining Frequent Buyers,797.1169,0.0,0.01,80508.8069,80508.8069,-0.0
26530,6,Declining Frequent Buyers,797.1169,0.0,0.01,80508.8069,80508.8069,-0.0
26537,6,Declining Frequent Buyers,797.1169,0.0,0.01,80508.8069,80508.8069,-0.0
26539,6,Declining Frequent Buyers,797.1169,0.0,0.01,80508.8069,80508.8069,-0.0
26540,6,Declining Frequent Buyers,797.1169,0.0,0.01,80508.8069,80508.8069,-0.0
12612,6,Declining Frequent Buyers,797.1169,0.0,0.01,80508.8069,80508.8069,-0.0
12619,6,Declining Frequent Buyers,797.1169,0.0,0.01,80508.8069,80508.8069,-0.0
12622,6,Declining Frequent Buyers,797.1169,0.0,0.01,80508.8069,80508.8069,-0.0
12576,6,Declining Frequent Buyers,797.1169,0.0,0.01,80508.8069,80508.8069,-0.0
12577,6,Declining Frequent Buyers,797.1169,0.0,0.01,80508.8069,80508.8069,-0.0
12578,6,Declining Frequent Buyers,797.1169,0.0,0.01,80508.8069,80508.8069,-0.0
12579,6,Declining Frequent Buyers,797.1169,0.0,0.01,80508.8069,80508.8069,-0.0
12580,6,Declining Frequent Buyers,797.1169,0.0,0.01,80508.8069,80508.8069,-0.0
12585,6,Declining Frequent Buyers,797.1169,0.0,0.01,80508.8069,80508.8069,-0.0
13966,6,Declining Frequent Buyers,797.1169,0.0,0.01,80508.8069,80508.8069,-0.0
13967,6,Declining Frequent Buyers,797.1169,0.0,0.01,80508.8069,80508.8069,-0.0
13970,6,Declining Frequent Buyers,797.1169,0.0,0.01,80508.8069,80508.8069,-0.0
13971,6,Declining Frequent Buyers,797.1169,0.0,0.01,80508.8069,80508.8069,-0.0
28749,6,Declining Frequent Buyers,797.1169,0.0,0.01,80508.8069,80508.8069,-0.0
28750,6,Declining Frequent Buyers,797.1169,0.0,0.01,80508.8069,80508.8069,-0.0
28756,6,Declining Frequent Buyers,797.1169,0.0,0.01,80508.8069,80508.8069,-0.0
28683,6,Declining Frequent Buyers,797.1169,0.0,0.01,80508.8069,80508.8069,-0.0
28685,6,Declining Frequent Buyers,797.1169,0.0,0.01,80508.8069,80508.8069,-0.0
28689,6,Declining Frequent Buyers,797.1169,0.0,0.01,80508.8069,80508.8069,-0.0
28690,6,Declining Frequent Buyers,797.1169,0.0,0.01,80508.8069,80508.8069,-0.0
12588,6,Declining Frequent Buyers,797.1169,0.0,0.01,80508.8069,80508.8069,-0.0
12589,6,Declining Frequent Buyers,797.1169,0.0,0.01,80508.8069,80508.8069,-0.0
12318,6,Declining Frequent Buyers,797.1169,0.0,0.01,80508.8069,80508.8069,-0.0
12328,6,Declining Frequent Buyers,797.1169,0.0,0.01,80508.8069,80508.8069,-0.0
12335,6,Declining Frequent Buyers,797.1169,0.0,0.01,80508.8069,80508.8069,-0.0
12340,6,Declining Frequent Buyers,797.1169,0.0,0.01,80508.8069,80508.8069,-0.0
12341,6,Declining Frequent Buyers,797.1169,0.0,0.01,80508.8069,80508.8069,-0.0
12342,6,Declining Frequent Buyers,797.1169,0.0,0.01,80508.8069,80508.8069,-0.0
12343,6,Declining Frequent Buyers,797.1169,0.0,0.01,80508.8069,80508.8069,-0.0
14214,6,Declining Frequent Buyers,797.1169,0.0,0.01,80508.8069,80508.8069,-0.0
14215,6,Declining Frequent Buyers,797.1169,0.0,0.01,80508.8069,80508.8069,-0.0
14216,6,Declining Frequent Buyers,797.1169,0.0,0.01,80508.8069,80508.8069,-0.0
11470,6,Declining Frequent Buyers,797.1169,0.0,0.01,80508.8069,80508.8069,-0.0
14038,6,Declining Frequent Buyers,797.1169,0.0,0.01,80508.8069,80508.8069,-0.0
14039,6,Declining Frequent Buyers,797.1169,0.0,0.01,80508.8069,80508.8069,-0.0
14045,6,Declining Frequent Buyers,797.1169,0.0,0.01,80508.8069,80508.8069,-0.0
28904,6,Declining Frequent Buyers,797.1169,0.0,0.01,80508.8069,80508.8069,-0.0
11492,6,Declining Frequent Buyers,797.1169,0.0,0.01,80508.8069,80508.8069,-0.0
12347,6,Declining Frequent Buyers,797.1169,0.0,0.01,80508.8069,80508.8069,-0.0
26486,6,Declining Frequent Buyers,797.1169,0.0,0.01,80508.8069,80508.8069,-0.0
26487,6,Declining Frequent Buyers,797.1169,0.0,0.01,80508.8069,80508.8069,-0.0
26490,6,Declining Frequent Buyers,797.1169,0.0,0.01,80508.8069,80508.8069,-0.0
26491,6,Declining Frequent Buyers,797.1169,0.0,0.01,80508.8069,80508.8069,-0.0
26509,6,Declining Frequent Buyers,797.1169,0.0,0.01,80508.8069,80508.8069,-0.0
26520,6,Declining Frequent Buyers,797.1169,0.0,0.01,80508.8069,80508.8069,-0.0
12608,6,Declining Frequent Buyers,797.1169,0.0,0.01,80508.8069,80508.8069,-0.0
12609,6,Declining Frequent Buyers,797.1169,0.0,0.01,80508.8069,80508.8069,-0.0
14134,6,Declining Frequent Buyers,797.1169,0.0,0.01,80508.8069,80508.8069,-0.0
14031,6,Declining Frequent Buyers,797.1169,0.0,0.01,80508.8069,80508.8069,-0.0
29364,6,Declining Frequent Buyers,797.1169,0.0,0.01,80508.8069,80508.8069,-0.0
29389,6,Declining Frequent Buyers,797.1169,0.0,0.01,80508.8069,80508.8069,-0.0
29390,6,Declining Frequent Buyers,797.1169,0.0,0.01,80508.8069,80508.8069,-0.0
29397,6,Declining Frequent Buyers,797.1169,0.0,0.01,80508.8069,80508.8069,-0.0
14211,6,Declining Frequent Buyers,797.1169,0.0,0.01,80508.8069,80508.8069,-0.0
26127,6,Declining Frequent Buyers,797.1169,0.0,0.01,80508.8069,80508.8069,-0.0
12526,6,Declining Frequent Buyers,797.1169,0.0,0.01,80508.8069,80508.8069,-0.0
12559,6,Declining Frequent Buyers,797.1169,0.0,0.01,80508.8069,80508.8069,-0.0
12560,6,Declining Frequent Buyers,797.1169,0.0,0.01,80508.8069,80508.8069,-0.0
12570,6,Declining Frequent Buyers,797.1169,0.0,0.01,80508.8069,80508.8069,-0.0
26326,6,Declining Frequent Buyers,797.1169,0.0,0.01,80508.8069,80508.8069,-0.0
26327,6,Declining Frequent Buyers,797.1169,0.0,0.01,80508.8069,80508.8069,-0.0
26328,6,Declining Frequent Buyers,797.1169,0.0,0.01,80508.8069,80508.8069,-0.0
26329,6,Declining Frequent Buyers,797.1169,0.0,0.01,80508.8069,80508.8069,-0.0
26331,6,Declining Frequent Buyers,797.1169,0.0,0.01,80508.8069,80508.8069,-0.0
26338,6,Declining Frequent Buyers,797.1169,0.0,0.01,80508.8069,80508.8069,-0.0
26343,6,Declining Frequent Buyers,797.1169,0.0,0.01,80508.8069,80508.8069,-0.0
26344,6,Declining Frequent Buyers,797.1169,0.0,0.01,80508.8069,80508.8069,-0.0
26351,6,Declining Frequent Buyers,797.1169,0.0,0.01,80508.8069,80508.8069,-0.0
26304,6,Declining Frequent Buyers,797.1169,0.0,0.01,80508.8069,80508.8069,-0.0
26300,6,Declining Frequent Buyers,797.1169,0.0,0.01,80508.8069,80508.8069,-0.0
12380,6,Declining Frequent Buyers,797.1169,0.0,0.01,80508.8069,80508.8069,-0.0
13103,6,Declining Frequent Buyers,797.1169,0.0,0.01,80508.8069,80508.8069,-0.0
13105,6,Declining Frequent Buyers,797.1169,0.0,0.01,80508.8069,80508.8069,-0.0
13107,6,Declining Frequent Buyers,797.1169,0.0,0.01,80508.8069,80508.8069,-0.0
12270,6,Declining Frequent Buyers,797.1169,0.0,0.01,80508.8069,80508.8069,-0.0
12282,6,Declining Frequent Buyers,797.1169,0.0,0.01,80508.8069,80508.8069,-0.0
12283,6,Declining Frequent Buyers,797.1169,0.0,0.01,80508.8069,80508.8069,-0.0
13109,6,Declining Frequent Buyers,797.1169,0.0,0.01,80508.8069,80508.8069,-0.0
13110,6,Declining Frequent Buyers,797.1169,0.0,0.01,80508.8069,80508.8069,-0.0
13112,6,Declining Frequent Buyers,797.1169,0.0,0.01,80508.8069,80508.8069,-0.0
13076,6,Declining Frequent Buyers,797.1169,0.0,0.01,80508.8069,80508.8069,-0.0
13077,6,Declining Frequent Buyers,797.1169,0.0,0.01,80508.8069,80508.8069,-0.0
13079,6,Declining Frequent Buyers,797.1169,0.0,0.01,80508.8069,80508.8069,-0.0
13081,6,Declining Frequent Buyers,797.1169,0.0,0.01,80508.8069,80508.8069,-0.0
12460,6,Declining Frequent Buyers,797.1169,0.0,0.01,80508.8069,80508.8069,-0.0
13035,6,Declining Frequent Buyers,797.1169,0.0,0.01,80508.8069,80508.8069,-0.0
26313,6,Declining Frequent Buyers,797.1169,0.0,0.01,80508.8069,80508.8069,-0.0
26315,6,Declining Frequent Buyers,797.1169,0.0,0.01,80508.8069,80508.8069,-0.0
26319,6,Declining Frequent Buyers,797.1169,0.0,0.01,80508.8069,80508.8069,-0.0
13080,6,Declining Frequent Buyers,797.1169,0.0,0.01,80508.8069,80508.8069,-0.0
29404,6,Declining Frequent Buyers,797.1169,0.0,0.01,80508.8069,80508.8069,-0.0
29415,6,Declining Frequent Buyers,797.1169,0.0,0.01,80508.8069,80508.8069,-0.0
14071,6,Declining Frequent Buyers,797.1169,0.0,0.01,80508.8069,80508.8069,-0.0
14218,6,Declining Frequent Buyers,797.1169,0.0,0.01,80508.8069,80508.8069,-0.0
14127,6,Declining Frequent Buyers,797.1169,0.0,0.01,80508.8069,80508.8069,-0.0
14129,6,Declining Frequent Buyers,797.1169,0.0,0.01,80508.8069,80508.8069,-0.0
14130,6,Declining Frequent Buyers,797.1169,0.0,0.01,80508.8069,80508.8069,-0.0
14132,6,Declining Frequent Buyers,797.1169,0.0,0.01,80508.8069,80508.8069,-0.0
14133,6,Declining Frequent Buyers,797.1169,0.0,0.01,80508.8069,80508.8069,-0.0
26297,6,Declining Frequent Buyers,797.1169,0.0,0.01,80508.8069,80508.8069,-0.0
26302,6,Declining Frequent Buyers,797.1169,0.0,0.01,80508.8069,80508.8069,-0.0
27051,6,Declining Frequent Buyers,797.1169,0.0,0.01,80508.8069,80508.8069,-0.0
12623,6,Declining Frequent Buyers,797.1169,0.0,0.01,80508.8069,80508.8069,-0.0
27067,6,Declining Frequent Buyers,797.1169,0.0,0.01,80508.8069,80508.8069,-0.0
13975,6,Declining Frequent Buyers,797.1169,0.0,0.01,80508.8069,80508.8069,-0.0
14012,6,Declining Frequent Buyers,797.1169,0.0,0.01,80508.8069,80508.8069,-0.0
20209,6,Declining Frequent Buyers,797.1169,0.0,0.01,80508.8069,80375.2193,133.5876
20208,6,Declining Frequent Buyers,797.1169,0.0,0.01,80508.8069,80370.8343,137.9726
20206,6,Declining Frequent Buyers,797.1169,0.0,0.01,80508.8069,80370.8343,137.9726
20546,6,Declining Frequent Buyers,797.1169,0.0,0.01,80508.8069,80136.2808,372.5261
20483,6,Declining Frequent Buyers,797.1169,0.0,0.01,80508.8069,80136.2808,372.5261
20468,6,Declining Frequent Buyers,797.1169,0.0,0.01,80508.8069,79967.1038,541.7031
30107,3,Inactive Low-Value Customers,22003.8403,0.2381,0.1079,70457.6666,66792.402,3665.2646
29818,3,Inactive Low-Value Customers,24595.8475,0.2381,0.1079,78757.4348,66778.2871,11979.1478
29580,3,Inactive Low-Value Customers,21319.7138,0.2381,0.1079,68267.0508,64469.7676,3797.2832
29497,3,Inactive Low-Value Customers,19641.6925,0.2381,0.1079,62893.9222,63522.7486,-628.8265
13871,6,Declining Frequent Buyers,626.6146,0.0,0.01,63288.0746,63288.0746,0.0
17627,6,Declining Frequent Buyers,626.6146,0.0,0.01,63288.0746,63288.0746,0.0
13855,6,Declining Frequent Buyers,626.6146,0.0,0.01,63288.0746,63288.0746,0.0
16260,6,Declining Frequent Buyers,626.6146,0.0,0.01,63288.0746,63288.0746,0.0
16053,6,Declining Frequent Buyers,626.6146,0.0,0.01,63288.0746,63288.0746,0.0
13866,6,Declining Frequent Buyers,626.6146,0.0,0.01,63288.0746,63288.0746,0.0
17747,6,Declining Frequent Buyers,626.6146,0.0,0.01,63288.0746,63288.0746,0.0
17744,6,Declining Frequent Buyers,626.6146,0.0,0.01,63288.0746,63288.0746,0.0
17743,6,Declining Frequent Buyers,626.6146,0.0,0.01,63288.0746,63288.0746,0.0
17829,6,Declining Frequent Buyers,626.6146,0.0,0.01,63288.0746,63288.0746,0.0
17812,6,Declining Frequent Buyers,626.6146,0.0,0.01,63288.0746,63288.0746,0.0
17782,6,Declining Frequent Buyers,626.6146,0.0,0.01,63288.0746,63288.0746,0.0
17632,6,Declining Frequent Buyers,626.6146,0.0,0.01,63288.0746,63288.0746,0.0
20997,6,Declining Frequent Buyers,626.6146,0.0,0.01,63288.0746,63288.0746,0.0
15933,6,Declining Frequent Buyers,626.6146,0.0,0.01,63288.0746,63288.0746,0.0
15929,6,Declining Frequent Buyers,626.6146,0.0,0.01,63288.0746,63288.0746,0.0
14203,6,Declining Frequent Buyers,626.6146,0.0,0.01,63288.0746,63288.0746,0.0
16287,6,Declining Frequent Buyers,626.6146,0.0,0.01,63288.0746,63288.0746,0.0
16277,6,Declining Frequent Buyers,626.6146,0.0,0.01,63288.0746,63288.0746,0.0
16272,6,Declining Frequent Buyers,626.6146,0.0,0.01,63288.0746,63288.0746,0.0
13856,6,Declining Frequent Buyers,626.6146,0.0,0.01,63288.0746,63288.0746,0.0
15451,6,Declining Frequent Buyers,626.6146,0.0,0.01,63288.0746,63288.0746,0.0
21899,6,Declining Frequent Buyers,626.6146,0.0,0.01,63288.0746,63288.0746,0.0
21895,6,Declining Frequent Buyers,626.6146,0.0,0.01,63288.0746,63288.0746,0.0
21894,6,Declining Frequent Buyers,626.6146,0.0,0.01,63288.0746,63288.0746,0.0
15463,6,Declining Frequent Buyers,626.6146,0.0,0.01,63288.0746,63288.0746,0.0
15460,6,Declining Frequent Buyers,626.6146,0.0,0.01,63288.0746,63288.0746,0.0
15457,6,Declining Frequent Buyers,626.6146,0.0,0.01,63288.0746,63288.0746,0.0
21874,6,Declining Frequent Buyers,626.6146,0.0,0.01,63288.0746,63288.0746,0.0
21873,6,Declining Frequent Buyers,626.6146,0.0,0.01,63288.0746,63288.0746,0.0
21949,6,Declining Frequent Buyers,626.6146,0.0,0.01,63288.0746,63288.0746,0.0
22582,6,Declining Frequent Buyers,626.6146,0.0,0.01,63288.0746,63288.0746,0.0
21947,6,Declining Frequent Buyers,626.6146,0.0,0.01,63288.0746,63288.0746,0.0
21946,6,Declining Frequent Buyers,626.6146,0.0,0.01,63288.0746,63288.0746,0.0
21944,6,Declining Frequent Buyers,626.6146,0.0,0.01,63288.0746,63288.0746,0.0
21562,6,Declining Frequent Buyers,626.6146,0.0,0.01,63288.0746,63288.0746,0.0
21560,6,Declining Frequent Buyers,626.6146,0.0,0.01,63288.0746,63288.0746,0.0
29152,6,Declining Frequent Buyers,626.6146,0.0,0.01,63288.0746,63288.0746,0.0
25288,6,Declining Frequent Buyers,626.6146,0.0,0.01,63288.0746,63288.0746,0.0
13806,6,Declining Frequent Buyers,626.6146,0.0,0.01,63288.0746,63288.0746,0.0
13799,6,Declining Frequent Buyers,626.6146,0.0,0.01,63288.0746,63288.0746,0.0
13793,6,Declining Frequent Buyers,626.6146,0.0,0.01,63288.0746,63288.0746,0.0
13779,6,Declining Frequent Buyers,626.6146,0.0,0.01,63288.0746,63288.0746,0.0
28669,6,Declining Frequent Buyers,626.6146,0.0,0.01,63288.0746,63288.0746,0.0
16045,6,Declining Frequent Buyers,626.6146,0.0,0.01,63288.0746,63288.0746,0.0
16033,6,Declining Frequent Buyers,626.6146,0.0,0.01,63288.0746,63288.0746,0.0
15456,6,Declining Frequent Buyers,626.6146,0.0,0.01,63288.0746,63288.0746,0.0
15454,6,Declining Frequent Buyers,626.6146,0.0,0.01,63288.0746,63288.0746,0.0
22004,6,Declining Frequent Buyers,626.6146,0.0,0.01,63288.0746,63288.0746,0.0
22000,6,Declining Frequent Buyers,626.6146,0.0,0.01,63288.0746,63288.0746,0.0
21996,6,Declining Frequent Buyers,626.6146,0.0,0.01,63288.0746,63288.0746,0.0
17225,6,Declining Frequent Buyers,626.6146,0.0,0.01,63288.0746,63288.0746,0.0
21994,6,Declining Frequent Buyers,626.6146,0.0,0.01,63288.0746,63288.0746,0.0
21987,6,Declining Frequent Buyers,626.6146,0.0,0.01,63288.0746,63288.0746,0.0
21986,6,Declining Frequent Buyers,626.6146,0.0,0.01,63288.0746,63288.0746,0.0
21985,6,Declining Frequent Buyers,626.6146,0.0,0.01,63288.0746,63288.0746,0.0
21982,6,Declining Frequent Buyers,626.6146,0.0,0.01,63288.0746,63288.0746,0.0
21979,6,Declining Frequent Buyers,626.6146,0.0,0.01,63288.0746,63288.0746,0.0
21969,6,Declining Frequent Buyers,626.6146,0.0,0.01,63288.0746,63288.0746,0.0
21968,6,Declining Frequent Buyers,626.6146,0.0,0.01,63288.0746,63288.0746,0.0
21966,6,Declining Frequent Buyers,626.6146,0.0,0.01,63288.0746,63288.0746,0.0
21959,6,Declining Frequent Buyers,626.6146,0.0,0.01,63288.0746,63288.0746,0.0
21958,6,Declining Frequent Buyers,626.6146,0.0,0.01,63288.0746,63288.0746,0.0
21956,6,Declining Frequent Buyers,626.6146,0.0,0.01,63288.0746,63288.0746,0.0
22198,6,Declining Frequent Buyers,626.6146,0.0,0.01,63288.0746,63288.0746,0.0
22197,6,Declining Frequent Buyers,626.6146,0.0,0.01,63288.0746,63288.0746,0.0
22196,6,Declining Frequent Buyers,626.6146,0.0,0.01,63288.0746,63288.0746,0.0
17182,6,Declining Frequent Buyers,626.6146,0.0,0.01,63288.0746,63288.0746,0.0
17115,6,Declining Frequent Buyers,626.6146,0.0,0.01,63288.0746,63288.0746,0.0
17890,6,Declining Frequent Buyers,626.6146,0.0,0.01,63288.0746,63288.0746,0.0
17849,6,Declining Frequent Buyers,626.6146,0.0,0.01,63288.0746,63288.0746,0.0
21555,6,Declining Frequent Buyers,626.6146,0.0,0.01,63288.0746,63288.0746,0.0
21553,6,Declining Frequent Buyers,626.6146,0.0,0.01,63288.0746,63288.0746,0.0
21552,6,Declining Frequent Buyers,626.6146,0.0,0.01,63288.0746,63288.0746,0.0
21418,6,Declining Frequent Buyers,626.6146,0.0,0.01,63288.0746,63288.0746,0.0
21408,6,Declining Frequent Buyers,626.6146,0.0,0.01,63288.0746,63288.0746,0.0
21404,6,Declining Frequent Buyers,626.6146,0.0,0.01,63288.0746,63288.0746,0.0
21402,6,Declining Frequent Buyers,626.6146,0.0,0.01,63288.0746,63288.0746,0.0
21394,6,Declining Frequent Buyers,626.6146,0.0,0.01,63288.0746,63288.0746,0.0
22031,6,Declining Frequent Buyers,626.6146,0.0,0.01,63288.0746,63288.0746,0.0
13725,6,Declining Frequent Buyers,626.6146,0.0,0.01,63288.0746,63288.0746,0.0
13724,6,Declining Frequent Buyers,626.6146,0.0,0.01,63288.0746,63288.0746,0.0
13721,6,Declining Frequent Buyers,626.6146,0.0,0.01,63288.0746,63288.0746,0.0
13715,6,Declining Frequent Buyers,626.6146,0.0,0.01,63288.0746,63288.0746,0.0
13769,6,Declining Frequent Buyers,626.6146,0.0,0.01,63288.0746,63288.0746,0.0
13768,6,Declining Frequent Buyers,626.6146,0.0,0.01,63288.0746,63288.0746,0.0
13766,6,Declining Frequent Buyers,626.6146,0.0,0.01,63288.0746,63288.0746,0.0
17218,6,Declining Frequent Buyers,626.6146,0.0,0.01,63288.0746,63288.0746,0.0
17207,6,Declining Frequent Buyers,626.6146,0.0,0.01,63288.0746,63288.0746,0.0
21389,6,Declining Frequent Buyers,626.6146,0.0,0.01,63288.0746,63288.0746,0.0
21387,6,Declining Frequent Buyers,626.6146,0.0,0.01,63288.0746,63288.0746,0.0
21384,6,Declining Frequent Buyers,626.6146,0.0,0.01,63288.0746,63288.0746,0.0
21380,6,Declining Frequent Buyers,626.6146,0.0,0.01,63288.0746,63288.0746,0.0
22200,6,Declining Frequent Buyers,626.6146,0.0,0.01,63288.0746,63288.0746,0.0
22199,6,Declining Frequent Buyers,626.6146,0.0,0.01,63288.0746,63288.0746,0.0
22171,6,Declining Frequent Buyers,626.6146,0.0,0.01,63288.0746,63288.0746,0.0
22170,6,Declining Frequent Buyers,626.6146,0.0,0.01,63288.0746,63288.0746,0.0
22033,6,Declining Frequent Buyers,626.6146,0.0,0.01,63288.0746,63288.0746,0.0
22032,6,Declining Frequent Buyers,626.6146,0.0,0.01,63288.0746,63288.0746,0.0
15637,6,Declining Frequent Buyers,626.6146,0.0,0.01,63288.0746,63288.0746,0.0
15627,6,Declining Frequent Buyers,626.6146,0.0,0.01,63288.0746,63288.0746,0.0
17192,6,Declining Frequent Buyers,626.6146,0.0,0.01,63288.0746,63288.0746,0.0
17191,6,Declining Frequent Buyers,626.6146,0.0,0.01,63288.0746,63288.0746,0.0
17185,6,Declining Frequent Buyers,626.6146,0.0,0.01,63288.0746,63288.0746,0.0
25093,6,Declining Frequent Buyers,626.6146,0.0,0.01,63288.0746,63288.0746,0.0
28848,6,Declining Frequent Buyers,626.6146,0.0,0.01,63288.0746,63288.0746,0.0
28837,6,Declining Frequent Buyers,626.6146,0.0,0.01,63288.0746,63288.0746,0.0
28832,6,Declining Frequent Buyers,626.6146,0.0,0.01,63288.0746,63288.0746,0.0
28819,6,Declining Frequent Buyers,626.6146,0.0,0.01,63288.0746,63288.0746,0.0
28818,6,Declining Frequent Buyers,626.6146,0.0,0.01,63288.0746,63288.0746,0.0
13726,6,Declining Frequent Buyers,626.6146,0.0,0.01,63288.0746,63288.0746,0.0
15626,6,Declining Frequent Buyers,626.6146,0.0,0.01,63288.0746,63288.0746,0.0
15624,6,Declining Frequent Buyers,626.6146,0.0,0.01,63288.0746,63288.0746,0.0
21259,6,Declining Frequent Buyers,626.6146,0.0,0.01,63288.0746,63288.0746,0.0
15655,6,Declining Frequent Buyers,626.6146,0.0,0.01,63288.0746,63288.0746,0.0
22399,6,Declining Frequent Buyers,626.6146,0.0,0.01,63288.0746,63288.0746,0.0
15651,6,Declining Frequent Buyers,626.6146,0.0,0.01,63288.0746,63288.0746,0.0
15684,6,Declining Frequent Buyers,626.6146,0.0,0.01,63288.0746,63288.0746,0.0
17085,6,Declining Frequent Buyers,626.6146,0.0,0.01,63288.0746,63288.0746,0.0
17082,6,Declining Frequent Buyers,626.6146,0.0,0.01,63288.0746,63288.0746,0.0
17203,6,Declining Frequent Buyers,626.6146,0.0,0.01,63288.0746,63288.0746,0.0
17202,6,Declining Frequent Buyers,626.6146,0.0,0.01,63288.0746,63288.0746,0.0
22194,6,Declining Frequent Buyers,626.6146,0.0,0.01,63288.0746,63288.0746,0.0
22181,6,Declining Frequent Buyers,626.6146,0.0,0.01,63288.0746,63288.0746,0.0
22180,6,Declining Frequent Buyers,626.6146,0.0,0.01,63288.0746,63288.0746,0.0
22173,6,Declining Frequent Buyers,626.6146,0.0,0.01,63288.0746,63288.0746,0.0
22172,6,Declining Frequent Buyers,626.6146,0.0,0.01,63288.0746,63288.0746,0.0
15071,6,Declining Frequent Buyers,626.6146,0.0,0.01,63288.0746,63288.0746,0.0
22409,6,Declining Frequent Buyers,626.6146,0.0,0.01,63288.0746,63288.0746,0.0
22408,6,Declining Frequent Buyers,626.6146,0.0,0.01,63288.0746,63288.0746,0.0
22407,6,Declining Frequent Buyers,626.6146,0.0,0.01,63288.0746,63288.0746,0.0
22402,6,Declining Frequent Buyers,626.6146,0.0,0.01,63288.0746,63288.0746,0.0
15117,6,Declining Frequent Buyers,626.6146,0.0,0.01,63288.0746,63288.0746,0.0
15114,6,Declining Frequent Buyers,626.6146,0.0,0.01,63288.0746,63288.0746,0.0
15101,6,Declining Frequent Buyers,626.6146,0.0,0.01,63288.0746,63288.0746,0.0
15100,6,Declining Frequent Buyers,626.6146,0.0,0.01,63288.0746,63288.0746,0.0
15094,6,Declining Frequent Buyers,626.6146,0.0,0.01,63288.0746,63288.0746,0.0
15086,6,Declining Frequent Buyers,626.6146,0.0,0.01,63288.0746,63288.0746,0.0
15084,6,Declining Frequent Buyers,626.6146,0.0,0.01,63288.0746,63288.0746,0.0
15082,6,Declining Frequent Buyers,626.6146,0.0,0.01,63288.0746,63288.0746,0.0
17103,6,Declining Frequent Buyers,626.6146,0.0,0.01,63288.0746,63288.0746,0.0
17097,6,Declining Frequent Buyers,626.6146,0.0,0.01,63288.0746,63288.0746,0.0
22203,6,Declining Frequent Buyers,626.6146,0.0,0.01,63288.0746,63288.0746,0.0
21228,6,Declining Frequent Buyers,626.6146,0.0,0.01,63288.0746,63288.0746,0.0
15002,6,Declining Frequent Buyers,626.6146,0.0,0.01,63288.0746,63288.0746,0.0
14995,6,Declining Frequent Buyers,626.6146,0.0,0.01,63288.0746,63288.0746,0.0
12934,6,Declining Frequent Buyers,626.6146,0.0,0.01,63288.0746,63288.0746,0.0
17094,6,Declining Frequent Buyers,626.6146,0.0,0.01,63288.0746,63288.0746,0.0
22583,6,Declining Frequent Buyers,626.6146,0.0,0.01,63288.0746,63288.0746,0.0
22581,6,Declining Frequent Buyers,626.6146,0.0,0.01,63288.0746,63288.0746,0.0
22579,6,Declining Frequent Buyers,626.6146,0.0,0.01,63288.0746,63288.0746,0.0
22578,6,Declining Frequent Buyers,626.6146,0.0,0.01,63288.0746,63288.0746,0.0
22577,6,Declining Frequent Buyers,626.6146,0.0,0.01,63288.0746,63288.0746,0.0
22573,6,Declining Frequent Buyers,626.6146,0.0,0.01,63288.0746,63288.0746,0.0
16824,6,Declining Frequent Buyers,626.6146,0.0,0.01,63288.0746,63288.0746,0.0
16946,6,Declining Frequent Buyers,626.6146,0.0,0.01,63288.0746,63288.0746,0.0
22845,6,Declining Frequent Buyers,626.6146,0.0,0.01,63288.0746,63288.0746,0.0
15079,6,Declining Frequent Buyers,626.6146,0.0,0.01,63288.0746,63288.0746,0.0
15072,6,Declining Frequent Buyers,626.6146,0.0,0.01,63288.0746,63288.0746,0.0
16938,6,Declining Frequent Buyers,626.6146,0.0,0.01,63288.0746,63288.0746,0.0
22906,6,Declining Frequent Buyers,626.6146,0.0,0.01,63288.0746,63288.0746,0.0
22905,6,Declining Frequent Buyers,626.6146,0.0,0.01,63288.0746,63288.0746,0.0
22854,6,Declining Frequent Buyers,626.6146,0.0,0.01,63288.0746,63288.0746,0.0
22851,6,Declining Frequent Buyers,626.6146,0.0,0.01,63288.0746,63288.0746,0.0
22850,6,Declining Frequent Buyers,626.6146,0.0,0.01,63288.0746,63288.0746,0.0
14957,6,Declining Frequent Buyers,626.6146,0.0,0.01,63288.0746,63288.0746,0.0
15070,6,Declining Frequent Buyers,626.6146,0.0,0.01,63288.0746,63288.0746,0.0
15067,6,Declining Frequent Buyers,626.6146,0.0,0.01,63288.0746,63288.0746,0.0
15061,6,Declining Frequent Buyers,626.6146,0.0,0.01,63288.0746,63288.0746,0.0
15665,6,Declining Frequent Buyers,626.6146,0.0,0.01,63288.0746,63288.0746,0.0
15664,6,Declining Frequent Buyers,626.6146,0.0,0.01,63288.0746,63288.0746,0.0
15663,6,Declining Frequent Buyers,626.6146,0.0,0.01,63288.0746,63288.0746,0.0
21258,6,Declining Frequent Buyers,626.6146,0.0,0.01,63288.0746,63288.0746,0.0
21256,6,Declining Frequent Buyers,626.6146,0.0,0.01,63288.0746,63288.0746,0.0
21231,6,Declining Frequent Buyers,626.6146,0.0,0.01,63288.0746,63288.0746,0.0
16199,6,Declining Frequent Buyers,626.6146,0.0,0.01,63288.0746,63288.0746,0.0
16197,6,Declining Frequent Buyers,626.6146,0.0,0.01,63288.0746,63288.0746,0.0
16253,6,Declining Frequent Buyers,626.6146,0.0,0.01,63288.0746,63288.0746,0.0
16252,6,Declining Frequent Buyers,626.6146,0.0,0.01,63288.0746,63288.0746,0.0
13736,6,Declining Frequent Buyers,626.6146,0.0,0.01,63288.0746,63288.0746,0.0
13735,6,Declining Frequent Buyers,626.6146,0.0,0.01,63288.0746,63288.0746,0.0
13734,6,Declining Frequent Buyers,626.6146,0.0,0.01,63288.0746,63288.0746,0.0
12930,6,Declining Frequent Buyers,626.6146,0.0,0.01,63288.0746,63288.0746,0.0
12923,6,Declining Frequent Buyers,626.6146,0.0,0.01,63288.0746,63288.0746,0.0
12922,6,Declining Frequent Buyers,626.6146,0.0,0.01,63288.0746,63288.0746,0.0
22936,6,Declining Frequent Buyers,626.6146,0.0,0.01,63288.0746,63288.0746,0.0
14948,6,Declining Frequent Buyers,626.6146,0.0,0.01,63288.0746,63288.0746,0.0
14946,6,Declining Frequent Buyers,626.6146,0.0,0.01,63288.0746,63288.0746,0.0
12980,6,Declining Frequent Buyers,626.6146,0.0,0.01,63288.0746,63288.0746,0.0
12975,6,Declining Frequent Buyers,626.6146,0.0,0.01,63288.0746,63288.0746,0.0
12949,6,Declining Frequent Buyers,626.6146,0.0,0.01,63288.0746,63288.0746,0.0
22933,6,Declining Frequent Buyers,626.6146,0.0,0.01,63288.0746,63288.0746,0.0
22929,6,Declining Frequent Buyers,626.6146,0.0,0.01,63288.0746,63288.0746,0.0
22927,6,Declining Frequent Buyers,626.6146,0.0,0.01,63288.0746,63288.0746,0.0
22926,6,Declining Frequent Buyers,626.6146,0.0,0.01,63288.0746,63288.0746,0.0
22921,6,Declining Frequent Buyers,626.6146,0.0,0.01,63288.0746,63288.0746,0.0
22913,6,Declining Frequent Buyers,626.6146,0.0,0.01,63288.0746,63288.0746,0.0
22912,6,Declining Frequent Buyers,626.6146,0.0,0.01,63288.0746,63288.0746,0.0
22910,6,Declining Frequent Buyers,626.6146,0.0,0.01,63288.0746,63288.0746,0.0
22909,6,Declining Frequent Buyers,626.6146,0.0,0.01,63288.0746,63288.0746,0.0
16201,6,Declining Frequent Buyers,626.6146,0.0,0.01,63288.0746,63288.0746,0.0
21217,6,Declining Frequent Buyers,626.6146,0.0,0.01,63288.0746,63288.0746,0.0
21215,6,Declining Frequent Buyers,626.6146,0.0,0.01,63288.0746,63288.0746,0.0
21214,6,Declining Frequent Buyers,626.6146,0.0,0.01,63288.0746,63288.0746,0.0
15702,6,Declining Frequent Buyers,626.6146,0.0,0.01,63288.0746,63288.0746,0.0
22961,6,Declining Frequent Buyers,626.6146,0.0,0.01,63288.0746,63288.0746,0.0
22959,6,Declining Frequent Buyers,626.6146,0.0,0.01,63288.0746,63288.0746,0.0
22908,6,Declining Frequent Buyers,626.6146,0.0,0.01,63288.0746,63288.0746,0.0
14976,6,Declining Frequent Buyers,626.6146,0.0,0.01,63288.0746,63288.0746,0.0
14966,6,Declining Frequent Buyers,626.6146,0.0,0.01,63288.0746,63288.0746,0.0
14965,6,Declining Frequent Buyers,626.6146,0.0,0.01,63288.0746,63288.0746,0.0
14960,6,Declining Frequent Buyers,626.6146,0.0,0.01,63288.0746,63288.0746,0.0
22953,6,Declining Frequent Buyers,626.6146,0.0,0.01,63288.0746,63288.0746,0.0
22950,6,Declining Frequent Buyers,626.6146,0.0,0.01,63288.0746,63288.0746,0.0
22946,6,Declining Frequent Buyers,626.6146,0.0,0.01,63288.0746,63288.0746,0.0
22942,6,Declining Frequent Buyers,626.6146,0.0,0.01,63288.0746,63288.0746,0.0
22939,6,Declining Frequent Buyers,626.6146,0.0,0.01,63288.0746,63288.0746,0.0
23106,6,Declining Frequent Buyers,626.6146,0.0,0.01,63288.0746,63288.0746,0.0
23102,6,Declining Frequent Buyers,626.6146,0.0,0.01,63288.0746,63288.0746,0.0
14798,6,Declining Frequent Buyers,626.6146,0.0,0.01,63288.0746,63288.0746,0.0
14796,6,Declining Frequent Buyers,626.6146,0.0,0.01,63288.0746,63288.0746,0.0
14790,6,Declining Frequent Buyers,626.6146,0.0,0.01,63288.0746,63288.0746,0.0
23101,6,Declining Frequent Buyers,626.6146,0.0,0.01,63288.0746,63288.0746,0.0
12947,6,Declining Frequent Buyers,626.6146,0.0,0.01,63288.0746,63288.0746,0.0
12942,6,Declining Frequent Buyers,626.6146,0.0,0.01,63288.0746,63288.0746,0.0
14931,6,Declining Frequent Buyers,626.6146,0.0,0.01,63288.0746,63288.0746,0.0
14848,6,Declining Frequent Buyers,626.6146,0.0,0.01,63288.0746,63288.0746,0.0
22935,6,Declining Frequent Buyers,626.6146,0.0,0.01,63288.0746,63288.0746,0.0
21226,6,Declining Frequent Buyers,626.6146,0.0,0.01,63288.0746,63288.0746,0.0
21225,6,Declining Frequent Buyers,626.6146,0.0,0.01,63288.0746,63288.0746,0.0
21222,6,Declining Frequent Buyers,626.6146,0.0,0.01,63288.0746,63288.0746,0.0
21219,6,Declining Frequent Buyers,626.6146,0.0,0.01,63288.0746,63288.0746,0.0
21218,6,Declining Frequent Buyers,626.6146,0.0,0.01,63288.0746,63288.0746,0.0
24824,6,Declining Frequent Buyers,626.6146,0.0,0.01,63288.0746,63288.0746,0.0
24817,6,Declining Frequent Buyers,626.6146,0.0,0.01,63288.0746,63288.0746,0.0
24781,6,Declining Frequent Buyers,626.6146,0.0,0.01,63288.0746,63288.0746,0.0
24778,6,Declining Frequent Buyers,626.6146,0.0,0.01,63288.0746,63288.0746,0.0
29135,6,Declining Frequent Buyers,626.6146,0.0,0.01,63288.0746,63288.0746,0.0
29013,6,Declining Frequent Buyers,626.6146,0.0,0.01,63288.0746,63288.0746,0.0
13733,6,Declining Frequent Buyers,626.6146,0.0,0.01,63288.0746,63288.0746,0.0
13730,6,Declining Frequent Buyers,626.6146,0.0,0.01,63288.0746,63288.0746,0.0
16250,6,Declining Frequent Buyers,626.6146,0.0,0.01,63288.0746,63288.0746,0.0
13029,6,Declining Frequent Buyers,626.6146,0.0,0.01,63288.0746,63288.0746,0.0
13083,6,Declining Frequent Buyers,626.6146,0.0,0.01,63288.0746,63288.0746,0.0
13060,6,Declining Frequent Buyers,626.6146,0.0,0.01,63288.0746,63288.0746,0.0
13055,6,Declining Frequent Buyers,626.6146,0.0,0.01,63288.0746,63288.0746,0.0
23117,6,Declining Frequent Buyers,626.6146,0.0,0.01,63288.0746,63288.0746,0.0
23116,6,Declining Frequent Buyers,626.6146,0.0,0.01,63288.0746,63288.0746,0.0
23107,6,Declining Frequent Buyers,626.6146,0.0,0.01,63288.0746,63288.0746,0.0
16573,6,Declining Frequent Buyers,626.6146,0.0,0.01,63288.0746,63288.0746,0.0
13190,6,Declining Frequent Buyers,626.6146,0.0,0.01,63288.0746,63288.0746,0.0
13178,6,Declining Frequent Buyers,626.6146,0.0,0.01,63288.0746,63288.0746,0.0
13177,6,Declining Frequent Buyers,626.6146,0.0,0.01,63288.0746,63288.0746,0.0
13174,6,Declining Frequent Buyers,626.6146,0.0,0.01,63288.0746,63288.0746,0.0
16550,6,Declining Frequent Buyers,626.6146,0.0,0.01,63288.0746,63288.0746,0.0
16546,6,Declining Frequent Buyers,626.6146,0.0,0.01,63288.0746,63288.0746,0.0
16541,6,Declining Frequent Buyers,626.6146,0.0,0.01,63288.0746,63288.0746,0.0
16540,6,Declining Frequent Buyers,626.6146,0.0,0.01,63288.0746,63288.0746,0.0
16538,6,Declining Frequent Buyers,626.6146,0.0,0.01,63288.0746,63288.0746,0.0
16603,6,Declining Frequent Buyers,626.6146,0.0,0.01,63288.0746,63288.0746,0.0
21943,6,Declining Frequent Buyers,626.6146,0.0,0.01,63288.0746,63288.0746,0.0
25046,6,Declining Frequent Buyers,626.6146,0.0,0.01,63288.0746,63288.0746,0.0
24977,6,Declining Frequent Buyers,626.6146,0.0,0.01,63288.0746,63288.0746,0.0
24976,6,Declining Frequent Buyers,626.6146,0.0,0.01,63288.0746,63288.0746,0.0
24832,6,Declining Frequent Buyers,626.6146,0.0,0.01,63288.0746,63288.0746,0.0
23097,6,Declining Frequent Buyers,626.6146,0.0,0.01,63288.0746,63288.0746,0.0
22987,6,Declining Frequent Buyers,626.6146,0.0,0.01,63288.0746,63288.0746,0.0
22986,6,Declining Frequent Buyers,626.6146,0.0,0.01,63288.0746,63288.0746,0.0
22966,6,Declining Frequent Buyers,626.6146,0.0,0.01,63288.0746,63288.0746,0.0
14701,6,Declining Frequent Buyers,626.6146,0.0,0.01,63288.0746,63288.0746,0.0
14555,6,Declining Frequent Buyers,626.6146,0.0,0.01,63288.0746,63288.0746,0.0
14773,6,Declining Frequent Buyers,626.6146,0.0,0.01,63288.0746,63288.0746,0.0
14708,6,Declining Frequent Buyers,626.6146,0.0,0.01,63288.0746,63288.0746,0.0
16530,6,Declining Frequent Buyers,626.6146,0.0,0.01,63288.0746,63288.0746,0.0
16562,6,Declining Frequent Buyers,626.6146,0.0,0.01,63288.0746,63288.0746,0.0
16561,6,Declining Frequent Buyers,626.6146,0.0,0.01,63288.0746,63288.0746,0.0
13069,6,Declining Frequent Buyers,626.6146,0.0,0.01,63288.0746,63288.0746,0.0
13068,6,Declining Frequent Buyers,626.6146,0.0,0.01,63288.0746,63288.0746,0.0
13064,6,Declining Frequent Buyers,626.6146,0.0,0.01,63288.0746,63288.0746,0.0
13062,6,Declining Frequent Buyers,626.6146,0.0,0.01,63288.0746,63288.0746,0.0
16575,6,Declining Frequent Buyers,626.6146,0.0,0.01,63288.0746,63288.0746,0.0
15699,6,Declining Frequent Buyers,626.6146,0.0,0.01,63288.0746,63288.0746,0.0
15697,6,Declining Frequent Buyers,626.6146,0.0,0.01,63288.0746,63288.0746,0.0
15693,6,Declining Frequent Buyers,626.6146,0.0,0.01,63288.0746,63288.0746,0.0
23409,6,Declining Frequent Buyers,626.6146,0.0,0.01,63288.0746,63288.0746,0.0
13210,6,Declining Frequent Buyers,626.6146,0.0,0.01,63288.0746,63288.0746,0.0
13203,6,Declining Frequent Buyers,626.6146,0.0,0.01,63288.0746,63288.0746,0.0
13202,6,Declining Frequent Buyers,626.6146,0.0,0.01,63288.0746,63288.0746,0.0
13173,6,Declining Frequent Buyers,626.6146,0.0,0.01,63288.0746,63288.0746,0.0
13165,6,Declining Frequent Buyers,626.6146,0.0,0.01,63288.0746,63288.0746,0.0
16534,6,Declining Frequent Buyers,626.6146,0.0,0.01,63288.0746,63288.0746,0.0
23344,6,Declining Frequent Buyers,626.6146,0.0,0.01,63288.0746,63288.0746,0.0
23343,6,Declining Frequent Buyers,626.6146,0.0,0.01,63288.0746,63288.0746,0.0
23324,6,Declining Frequent Buyers,626.6146,0.0,0.01,63288.0746,63288.0746,0.0
16595,6,Declining Frequent Buyers,626.6146,0.0,0.01,63288.0746,63288.0746,0.0
16587,6,Declining Frequent Buyers,626.6146,0.0,0.01,63288.0746,63288.0746,0.0
23098,6,Declining Frequent Buyers,626.6146,0.0,0.01,63288.0746,63288.0746,0.0
23314,6,Declining Frequent Buyers,626.6146,0.0,0.01,63288.0746,63288.0746,0.0
23313,6,Declining Frequent Buyers,626.6146,0.0,0.01,63288.0746,63288.0746,0.0
23311,6,Declining Frequent Buyers,626.6146,0.0,0.01,63288.0746,63288.0746,0.0
23417,6,Declining Frequent Buyers,626.6146,0.0,0.01,63288.0746,63288.0746,0.0
23414,6,Declining Frequent Buyers,626.6146,0.0,0.01,63288.0746,63288.0746,0.0
14538,6,Declining Frequent Buyers,626.6146,0.0,0.01,63288.0746,63288.0746,0.0
14524,6,Declining Frequent Buyers,626.6146,0.0,0.01,63288.0746,63288.0746,0.0
23410,6,Declining Frequent Buyers,626.6146,0.0,0.01,63288.0746,63288.0746,0.0
13292,6,Declining Frequent Buyers,626.6146,0.0,0.01,63288.0746,63288.0746,0.0
13288,6,Declining Frequent Buyers,626.6146,0.0,0.01,63288.0746,63288.0746,0.0
13286,6,Declining Frequent Buyers,626.6146,0.0,0.01,63288.0746,63288.0746,0.0
13283,6,Declining Frequent Buyers,626.6146,0.0,0.01,63288.0746,63288.0746,0.0
13280,6,Declining Frequent Buyers,626.6146,0.0,0.01,63288.0746,63288.0746,0.0
16553,6,Declining Frequent Buyers,626.6146,0.0,0.01,63288.0746,63288.0746,0.0
23119,6,Declining Frequent Buyers,626.6146,0.0,0.01,63288.0746,63288.0746,0.0
23118,6,Declining Frequent Buyers,626.6146,0.0,0.01,63288.0746,63288.0746,0.0
13237,6,Declining Frequent Buyers,626.6146,0.0,0.01,63288.0746,63288.0746,0.0
13233,6,Declining Frequent Buyers,626.6146,0.0,0.01,63288.0746,63288.0746,0.0
13226,6,Declining Frequent Buyers,626.6146,0.0,0.01,63288.0746,63288.0746,0.0
13225,6,Declining Frequent Buyers,626.6146,0.0,0.01,63288.0746,63288.0746,0.0
13224,6,Declining Frequent Buyers,626.6146,0.0,0.01,63288.0746,63288.0746,0.0
13220,6,Declining Frequent Buyers,626.6146,0.0,0.01,63288.0746,63288.0746,0.0
13214,6,Declining Frequent Buyers,626.6146,0.0,0.01,63288.0746,63288.0746,0.0
13212,6,Declining Frequent Buyers,626.6146,0.0,0.01,63288.0746,63288.0746,0.0
13348,6,Declining Frequent Buyers,626.6146,0.0,0.01,63288.0746,63288.0746,0.0
13346,6,Declining Frequent Buyers,626.6146,0.0,0.01,63288.0746,63288.0746,0.0
13340,6,Declining Frequent Buyers,626.6146,0.0,0.01,63288.0746,63288.0746,0.0
13326,6,Declining Frequent Buyers,626.6146,0.0,0.01,63288.0746,63288.0746,0.0
13325,6,Declining Frequent Buyers,626.6146,0.0,0.01,63288.0746,63288.0746,0.0
23323,6,Declining Frequent Buyers,626.6146,0.0,0.01,63288.0746,63288.0746,0.0
23320,6,Declining Frequent Buyers,626.6146,0.0,0.01,63288.0746,63288.0746,0.0
23316,6,Declining Frequent Buyers,626.6146,0.0,0.01,63288.0746,63288.0746,0.0
13250,6,Declining Frequent Buyers,626.6146,0.0,0.01,63288.0746,63288.0746,0.0
13248,6,Declining Frequent Buyers,626.6146,0.0,0.01,63288.0746,63288.0746,0.0
13247,6,Declining Frequent Buyers,626.6146,0.0,0.01,63288.0746,63288.0746,0.0
13243,6,Declining Frequent Buyers,626.6146,0.0,0.01,63288.0746,63288.0746,0.0
13298,6,Declining Frequent Buyers,626.6146,0.0,0.01,63288.0746,63288.0746,0.0
16446,6,Declining Frequent Buyers,626.6146,0.0,0.01,63288.0746,63288.0746,0.0
13315,6,Declining Frequent Buyers,626.6146,0.0,0.01,63288.0746,63288.0746,0.0
13304,6,Declining Frequent Buyers,626.6146,0.0,0.01,63288.0746,63288.0746,0.0
13279,6,Declining Frequent Buyers,626.6146,0.0,0.01,63288.0746,63288.0746,0.0
13278,6,Declining Frequent Buyers,626.6146,0.0,0.01,63288.0746,63288.0746,0.0
13277,6,Declining Frequent Buyers,626.6146,0.0,0.01,63288.0746,63288.0746,0.0
13273,6,Declining Frequent Buyers,626.6146,0.0,0.01,63288.0746,63288.0746,0.0
13269,6,Declining Frequent Buyers,626.6146,0.0,0.01,63288.0746,63288.0746,0.0
13161,6,Declining Frequent Buyers,626.6146,0.0,0.01,63288.0746,63288.0746,0.0
13152,6,Declining Frequent Buyers,626.6146,0.0,0.01,63288.0746,63288.0746,0.0
13238,6,Declining Frequent Buyers,626.6146,0.0,0.01,63288.0746,63288.0746,0.0
13354,6,Declining Frequent Buyers,626.6146,0.0,0.01,63288.0746,63288.0746,0.0
13353,6,Declining Frequent Buyers,626.6146,0.0,0.01,63288.0746,63288.0746,0.0
13351,6,Declining Frequent Buyers,626.6146,0.0,0.01,63288.0746,63288.0746,0.0
23533,6,Declining Frequent Buyers,626.6146,0.0,0.01,63288.0746,63288.0746,0.0
23532,6,Declining Frequent Buyers,626.6146,0.0,0.01,63288.0746,63288.0746,0.0
23531,6,Declining Frequent Buyers,626.6146,0.0,0.01,63288.0746,63288.0746,0.0
23523,6,Declining Frequent Buyers,626.6146,0.0,0.01,63288.0746,63288.0746,0.0
23436,6,Declining Frequent Buyers,626.6146,0.0,0.01,63288.0746,63288.0746,0.0
23434,6,Declining Frequent Buyers,626.6146,0.0,0.01,63288.0746,63288.0746,0.0
23433,6,Declining Frequent Buyers,626.6146,0.0,0.01,63288.0746,63288.0746,0.0
23429,6,Declining Frequent Buyers,626.6146,0.0,0.01,63288.0746,63288.0746,0.0
13431,6,Declining Frequent Buyers,626.6146,0.0,0.01,63288.0746,63288.0746,0.0
13429,6,Declining Frequent Buyers,626.6146,0.0,0.01,63288.0746,63288.0746,0.0
13324,6,Declining Frequent Buyers,626.6146,0.0,0.01,63288.0746,63288.0746,0.0
13319,6,Declining Frequent Buyers,626.6146,0.0,0.01,63288.0746,63288.0746,0.0
13316,6,Declining Frequent Buyers,626.6146,0.0,0.01,63288.0746,63288.0746,0.0
13426,6,Declining Frequent Buyers,626.6146,0.0,0.01,63288.0746,63288.0746,0.0
13419,6,Declining Frequent Buyers,626.6146,0.0,0.01,63288.0746,63288.0746,0.0
13403,6,Declining Frequent Buyers,626.6146,0.0,0.01,63288.0746,63288.0746,0.0
16411,6,Declining Frequent Buyers,626.6146,0.0,0.01,63288.0746,63288.0746,0.0
16475,6,Declining Frequent Buyers,626.6146,0.0,0.01,63288.0746,63288.0746,0.0
16470,6,Declining Frequent Buyers,626.6146,0.0,0.01,63288.0746,63288.0746,0.0
16466,6,Declining Frequent Buyers,626.6146,0.0,0.01,63288.0746,63288.0746,0.0
16452,6,Declining Frequent Buyers,626.6146,0.0,0.01,63288.0746,63288.0746,0.0
16451,6,Declining Frequent Buyers,626.6146,0.0,0.01,63288.0746,63288.0746,0.0
16448,6,Declining Frequent Buyers,626.6146,0.0,0.01,63288.0746,63288.0746,0.0
16447,6,Declining Frequent Buyers,626.6146,0.0,0.01,63288.0746,63288.0746,0.0
13449,6,Declining Frequent Buyers,626.6146,0.0,0.01,63288.0746,63288.0746,0.0
13447,6,Declining Frequent Buyers,626.6146,0.0,0.01,63288.0746,63288.0746,0.0
13400,6,Declining Frequent Buyers,626.6146,0.0,0.01,63288.0746,63288.0746,0.0
13385,6,Declining Frequent Buyers,626.6146,0.0,0.01,63288.0746,63288.0746,0.0
13384,6,Declining Frequent Buyers,626.6146,0.0,0.01,63288.0746,63288.0746,0.0
13443,6,Declining Frequent Buyers,626.6146,0.0,0.01,63288.0746,63288.0746,0.0
13442,6,Declining Frequent Buyers,626.6146,0.0,0.01,63288.0746,63288.0746,0.0
13438,6,Declining Frequent Buyers,626.6146,0.0,0.01,63288.0746,63288.0746,0.0
13383,6,Declining Frequent Buyers,626.6146,0.0,0.01,63288.0746,63288.0746,0.0
13382,6,Declining Frequent Buyers,626.6146,0.0,0.01,63288.0746,63288.0746,0.0
13378,6,Declining Frequent Buyers,626.6146,0.0,0.01,63288.0746,63288.0746,0.0
13367,6,Declining Frequent Buyers,626.6146,0.0,0.01,63288.0746,63288.0746,0.0
13362,6,Declining Frequent Buyers,626.6146,0.0,0.01,63288.0746,63288.0746,0.0
13359,6,Declining Frequent Buyers,626.6146,0.0,0.01,63288.0746,63288.0746,0.0
13357,6,Declining Frequent Buyers,626.6146,0.0,0.01,63288.0746,63288.0746,0.0
13355,6,Declining Frequent Buyers,626.6146,0.0,0.01,63288.0746,63288.0746,0.0
13433,6,Declining Frequent Buyers,626.6146,0.0,0.01,63288.0746,63288.0746,0.0
13436,6,Declining Frequent Buyers,626.6146,0.0,0.01,63288.0746,63288.0746,0.0
13492,6,Declining Frequent Buyers,626.6146,0.0,0.01,63288.0746,63288.0746,0.0
13487,6,Declining Frequent Buyers,626.6146,0.0,0.01,63288.0746,63288.0746,0.0
13482,6,Declining Frequent Buyers,626.6146,0.0,0.01,63288.0746,63288.0746,0.0
23575,6,Declining Frequent Buyers,626.6146,0.0,0.01,63288.0746,63288.0746,0.0
23574,6,Declining Frequent Buyers,626.6146,0.0,0.01,63288.0746,63288.0746,0.0
23546,6,Declining Frequent Buyers,626.6146,0.0,0.01,63288.0746,63288.0746,0.0
13477,6,Declining Frequent Buyers,626.6146,0.0,0.01,63288.0746,63288.0746,0.0
13468,6,Declining Frequent Buyers,626.6146,0.0,0.01,63288.0746,63288.0746,0.0
13464,6,Declining Frequent Buyers,626.6146,0.0,0.01,63288.0746,63288.0746,0.0
13462,6,Declining Frequent Buyers,626.6146,0.0,0.01,63288.0746,63288.0746,0.0
13461,6,Declining Frequent Buyers,626.6146,0.0,0.01,63288.0746,63288.0746,0.0
13456,6,Declining Frequent Buyers,626.6146,0.0,0.01,63288.0746,63288.0746,0.0
13453,6,Declining Frequent Buyers,626.6146,0.0,0.01,63288.0746,63288.0746,0.0
16428,6,Declining Frequent Buyers,626.6146,0.0,0.01,63288.0746,63288.0746,0.0
16427,6,Declining Frequent Buyers,626.6146,0.0,0.01,63288.0746,63288.0746,0.0
16422,6,Declining Frequent Buyers,626.6146,0.0,0.01,63288.0746,63288.0746,0.0
16420,6,Declining Frequent Buyers,626.6146,0.0,0.01,63288.0746,63288.0746,0.0
16417,6,Declining Frequent Buyers,626.6146,0.0,0.01,63288.0746,63288.0746,0.0
13446,6,Declining Frequent Buyers,626.6146,0.0,0.01,63288.0746,63288.0746,0.0
14192,6,Declining Frequent Buyers,626.6146,0.0,0.01,63288.0746,63288.0746,0.0
14185,6,Declining Frequent Buyers,626.6146,0.0,0.01,63288.0746,63288.0746,0.0
14154,6,Declining Frequent Buyers,626.6146,0.0,0.01,63288.0746,63288.0746,0.0
17755,6,Declining Frequent Buyers,626.6146,0.0,0.01,63288.0746,63288.0746,0.0
13702,6,Declining Frequent Buyers,626.6146,0.0,0.01,63288.0746,63288.0746,0.0
13667,6,Declining Frequent Buyers,626.6146,0.0,0.01,63288.0746,63288.0746,0.0
15928,6,Declining Frequent Buyers,626.6146,0.0,0.01,63288.0746,63288.0746,0.0
15927,6,Declining Frequent Buyers,626.6146,0.0,0.01,63288.0746,63288.0746,0.0
15926,6,Declining Frequent Buyers,626.6146,0.0,0.01,63288.0746,63288.0746,0.0
23423,6,Declining Frequent Buyers,626.6146,0.0,0.01,63288.0746,63288.0746,0.0
23418,6,Declining Frequent Buyers,626.6146,0.0,0.01,63288.0746,63288.0746,0.0
23541,6,Declining Frequent Buyers,626.6146,0.0,0.01,63288.0746,63288.0746,0.0
14424,6,Declining Frequent Buyers,626.6146,0.0,0.01,63288.0746,63288.0746,0.0
23649,6,Declining Frequent Buyers,626.6146,0.0,0.01,63288.0746,63288.0746,0.0
23640,6,Declining Frequent Buyers,626.6146,0.0,0.01,63288.0746,63288.0746,0.0
23593,6,Declining Frequent Buyers,626.6146,0.0,0.01,63288.0746,63288.0746,0.0
20998,6,Declining Frequent Buyers,626.6146,0.0,0.01,63288.0746,63288.0746,0.0
23545,6,Declining Frequent Buyers,626.6146,0.0,0.01,63288.0746,63288.0746,0.0
23542,6,Declining Frequent Buyers,626.6146,0.0,0.01,63288.0746,63288.0746,0.0
21206,6,Declining Frequent Buyers,626.6146,0.0,0.01,63288.0746,63288.0746,0.0
21203,6,Declining Frequent Buyers,626.6146,0.0,0.01,63288.0746,63288.0746,0.0
21202,6,Declining Frequent Buyers,626.6146,0.0,0.01,63288.0746,63288.0746,0.0
21200,6,Declining Frequent Buyers,626.6146,0.0,0.01,63288.0746,63288.0746,0.0
21197,6,Declining Frequent Buyers,626.6146,0.0,0.01,63288.0746,63288.0746,0.0
21194,6,Declining Frequent Buyers,626.6146,0.0,0.01,63288.0746,63288.0746,0.0
21193,6,Declining Frequent Buyers,626.6146,0.0,0.01,63288.0746,63288.0746,0.0
21183,6,Declining Frequent Buyers,626.6146,0.0,0.01,63288.0746,63288.0746,0.0
13595,6,Declining Frequent Buyers,626.6146,0.0,0.01,63288.0746,63288.0746,0.0
13577,6,Declining Frequent Buyers,626.6146,0.0,0.01,63288.0746,63288.0746,0.0
13575,6,Declining Frequent Buyers,626.6146,0.0,0.01,63288.0746,63288.0746,0.0
16290,6,Declining Frequent Buyers,626.6146,0.0,0.01,63288.0746,63288.0746,0.0
16406,6,Declining Frequent Buyers,626.6146,0.0,0.01,63288.0746,63288.0746,0.0
16269,6,Declining Frequent Buyers,626.6146,0.0,0.01,63288.0746,63288.0746,0.0
16328,6,Declining Frequent Buyers,626.6146,0.0,0.01,63288.0746,63288.0746,0.0
16318,6,Declining Frequent Buyers,626.6146,0.0,0.01,63288.0746,63288.0746,0.0
16317,6,Declining Frequent Buyers,626.6146,0.0,0.01,63288.0746,63288.0746,0.0
14200,6,Declining Frequent Buyers,626.6146,0.0,0.01,63288.0746,63288.0746,0.0
21180,6,Declining Frequent Buyers,626.6146,0.0,0.01,63288.0746,63288.0746,0.0
21173,6,Declining Frequent Buyers,626.6146,0.0,0.01,63288.0746,63288.0746,0.0
21169,6,Declining Frequent Buyers,626.6146,0.0,0.01,63288.0746,63288.0746,0.0
21168,6,Declining Frequent Buyers,626.6146,0.0,0.01,63288.0746,63288.0746,0.0
21167,6,Declining Frequent Buyers,626.6146,0.0,0.01,63288.0746,63288.0746,0.0
21165,6,Declining Frequent Buyers,626.6146,0.0,0.01,63288.0746,63288.0746,0.0
16308,6,Declining Frequent Buyers,626.6146,0.0,0.01,63288.0746,63288.0746,0.0
16298,6,Declining Frequent Buyers,626.6146,0.0,0.01,63288.0746,63288.0746,0.0
16297,6,Declining Frequent Buyers,626.6146,0.0,0.01,63288.0746,63288.0746,0.0
21000,6,Declining Frequent Buyers,626.6146,0.0,0.01,63288.0746,63288.0746,0.0
20999,6,Declining Frequent Buyers,626.6146,0.0,0.01,63288.0746,63288.0746,0.0
16054,6,Declining Frequent Buyers,626.6146,0.0,0.01,63288.0746,63288.0746,0.0
17626,6,Declining Frequent Buyers,626.6146,0.0,0.01,63288.0746,63288.0746,0.0
17720,6,Declining Frequent Buyers,626.6146,0.0,0.01,63288.0746,63288.0746,0.0
17717,6,Declining Frequent Buyers,626.6146,0.0,0.01,63288.0746,63288.0746,0.0
17715,6,Declining Frequent Buyers,626.6146,0.0,0.01,63288.0746,63288.0746,0.0
17639,6,Declining Frequent Buyers,626.6146,0.0,0.01,63288.0746,63288.0746,0.0
21572,6,Declining Frequent Buyers,626.6146,0.0,0.01,63288.0746,63288.0746,0.0
21571,6,Declining Frequent Buyers,626.6146,0.0,0.01,63288.0746,63288.0746,0.0
21570,6,Declining Frequent Buyers,626.6146,0.0,0.01,63288.0746,63288.0746,0.0
21568,6,Declining Frequent Buyers,626.6146,0.0,0.01,63288.0746,63288.0746,0.0
14818,6,Declining Frequent Buyers,626.6146,0.0,0.01,63288.0746,63288.0746,0.0
13886,6,Declining Frequent Buyers,626.6146,0.0,0.01,63288.0746,63288.0746,0.0
13840,6,Declining Frequent Buyers,626.6146,0.0,0.01,63288.0746,63288.0746,0.0
13811,6,Declining Frequent Buyers,626.6146,0.0,0.01,63288.0746,63288.0746,0.0
17772,6,Declining Frequent Buyers,626.6146,0.0,0.01,63288.0746,63288.0746,0.0
13865,6,Declining Frequent Buyers,626.6146,0.0,0.01,63288.0746,63288.0746,0.0
13862,6,Declining Frequent Buyers,626.6146,0.0,0.01,63288.0746,63288.0746,0.0
22571,6,Declining Frequent Buyers,626.6146,0.0,0.01,63288.0746,63288.0746,0.0
22202,6,Declining Frequent Buyers,626.6146,0.0,0.01,63288.0746,63288.0746,0.0
17750,6,Declining Frequent Buyers,626.6146,0.0,0.01,63288.0746,63288.0746,0.0
21893,6,Declining Frequent Buyers,626.6146,0.0,0.01,63288.0746,63288.0746,0.0
21889,6,Declining Frequent Buyers,626.6146,0.0,0.01,63288.0746,63288.0746,0.0
21886,6,Declining Frequent Buyers,626.6146,0.0,0.01,63288.0746,63288.0746,0.0
21885,6,Declining Frequent Buyers,626.6146,0.0,0.01,63288.0746,63288.0746,0.0
21878,6,Declining Frequent Buyers,626.6146,0.0,0.01,63288.0746,63288.0746,0.0
21877,6,Declining Frequent Buyers,626.6146,0.0,0.01,63288.0746,63288.0746,0.0
21876,6,Declining Frequent Buyers,626.6146,0.0,0.01,63288.0746,63288.0746,0.0
25408,6,Declining Frequent Buyers,626.6146,0.0,0.01,63288.0746,63288.0746,0.0
25371,6,Declining Frequent Buyers,626.6146,0.0,0.01,63288.0746,63288.0746,0.0
13884,6,Declining Frequent Buyers,626.6146,0.0,0.01,63288.0746,63288.0746,0.0
13883,6,Declining Frequent Buyers,626.6146,0.0,0.01,63288.0746,63288.0746,0.0
16270,6,Declining Frequent Buyers,626.6146,0.0,0.01,63288.0746,63288.0746,0.0
17803,6,Declining Frequent Buyers,626.6146,0.0,0.01,63288.0746,63194.5924,93.4822
23435,6,Declining Frequent Buyers,626.6146,0.0,0.01,63288.0746,63194.5924,93.4822
23525,6,Declining Frequent Buyers,626.6146,0.0,0.01,63288.0746,63194.5924,93.4822
23422,6,Declining Frequent Buyers,626.6146,0.0,0.01,63288.0746,63194.5924,93.4822
17093,6,Declining Frequent Buyers,626.6146,0.0,0.01,63288.0746,63194.5924,93.4822
13877,6,Declining Frequent Buyers,626.6146,0.0,0.01,63288.0746,63194.5924,93.4822
22904,6,Declining Frequent Buyers,626.6146,0.0,0.01,63288.0746,63163.4317,124.6429
13704,6,Declining Frequent Buyers,626.6146,0.0,0.01,63288.0746,63163.4317,124.6429
13653,6,Declining Frequent Buyers,626.6146,0.0,0.01,63288.0746,63163.4317,124.6429
25971,6,Declining Frequent Buyers,626.6146,0.0,0.01,63288.0746,63025.8233,262.2513
14851,6,Declining Frequent Buyers,626.6146,0.0,0.01,63288.0746,63025.8233,262.2513
14930,6,Declining Frequent Buyers,626.6146,0.0,0.01,63288.0746,63025.8233,262.2513
16309,6,Declining Frequent Buyers,626.6146,0.0,0.01,63288.0746,63025.8233,262.2513
16554,6,Declining Frequent Buyers,626.6146,0.0,0.01,63288.0746,63025.8233,262.2513
16307,6,Declining Frequent Buyers,626.6146,0.0,0.01,63288.0746,62861.9162,426.1584
13712,6,Declining Frequent Buyers,626.6146,0.0,0.01,63288.0746,62861.9162,426.1584
25911,6,Declining Frequent Buyers,626.6146,0.0,0.01,63288.0746,62698.0091,590.0655
22576,6,Declining Frequent Buyers,626.6146,0.0,0.01,63288.0746,62424.8306,863.244
25991,6,Declining Frequent Buyers,626.6146,0.0,0.01,63288.0746,62370.1949,917.8797
16588,6,Declining Frequent Buyers,626.6146,0.0,0.01,63288.0746,62178.9699,1109.1047
22400,6,Declining Frequent Buyers,626.6146,0.0,0.01,63288.0746,62178.9699,1109.1047
29523,3,Inactive Low-Value Customers,20813.6409,0.2381,0.1079,66646.5738,62133.1491,4513.4247
25992,6,Declining Frequent Buyers,626.6146,0.0,0.01,63288.0746,61976.8179,1311.2567
22411,6,Declining Frequent Buyers,626.6146,0.0,0.01,63288.0746,61761.1986,1526.876
22860,6,Declining Frequent Buyers,626.6146,0.0,0.01,63288.0746,61761.1986,1526.876
25989,6,Declining Frequent Buyers,626.6146,0.0,0.01,63288.0746,61430.4609,1857.6137
14925,6,Declining Frequent Buyers,626.6146,0.0,0.01,63288.0746,61324.9483,1963.1263
13700,6,Declining Frequent Buyers,626.6146,0.0,0.01,63288.0746,61324.9483,1963.1263
23425,6,Declining Frequent Buyers,626.6146,0.0,0.01,63288.0746,61253.7238,2034.3508
17794,6,Declining Frequent Buyers,626.6146,0.0,0.01,63288.0746,61253.7238,2034.3508
16390,6,Declining Frequent Buyers,626.6146,0.0,0.01,63288.0746,61200.3054,2087.7692
29336,6,Declining Frequent Buyers,626.6146,0.0,0.01,63288.0746,60971.521,2316.5536
16389,6,Declining Frequent Buyers,626.6146,0.0,0.01,63288.0746,60461.7043,2826.3703
29522,3,Inactive Low-Value Customers,19734.7837,0.2381,0.1079,63192.006,59967.747,3224.2589
29154,6,Declining Frequent Buyers,626.6146,0.0,0.01,63288.0746,59836.6595,3451.4151
23573,6,Declining Frequent Buyers,626.6146,0.0,0.01,63288.0746,58742.1686,4545.906
16826,6,Declining Frequent Buyers,626.6146,0.0,0.01,63288.0746,58742.1686,4545.906
26113,6,Declining Frequent Buyers,626.6146,0.0,0.01,63288.0746,57787.8209,5500.2537
26049,6,Declining Frequent Buyers,626.6146,0.0,0.01,63288.0746,57787.8209,5500.2537
25999,6,Declining Frequent Buyers,626.6146,0.0,0.01,63288.0746,57787.8209,5500.2537
29997,3,Inactive Low-Value Customers,18302.2084,0.2381,0.1079,58604.8106,57493.9083,1110.9022
29507,3,Inactive Low-Value Customers,23103.2139,0.2381,0.1079,73977.9292,57416.6365,16561.2927
29712,3,Inactive Low-Value Customers,18473.9056,0.2381,0.1079,59154.5959,54165.6004,4988.9955
29734,3,Inactive Low-Value Customers,18044.8537,0.2381,0.1079,57780.7449,54064.3431,3716.4019
30048,3,Inactive Low-Value Customers,16923.3761,0.2381,0.1079,54189.7039,53896.4277,293.2763
29861,3,Inactive Low-Value Customers,22079.0094,0.2381,0.1079,70698.3625,52683.4287,18014.9338
29624,3,Inactive Low-Value Customers,20518.7003,0.2381,0.1079,65702.1557,51931.9763,13770.1794
29901,3,Inactive Low-Value Customers,17257.9581,0.2381,0.1079,55261.0564,51295.6802,3965.3762
29825,3,Inactive Low-Value Customers,14886.869,0.2381,0.1079,47668.6812,47860.0476,-191.3664
29913,3,Inactive Low-Value Customers,12656.3548,0.2381,0.1079,40526.4359,47765.9136,-7239.4777
29515,3,Inactive Low-Value Customers,15805.3923,0.2381,0.1079,50609.8501,47277.166,3332.6841
29955,3,Inactive Low-Value Customers,14565.5924,0.2381,0.1079,46639.9336,44714.3793,1925.5543
30000,3,Inactive Low-Value Customers,12870.043,0.2381,0.1079,41210.679,44686.9456,-3476.2666
30101,7,Lost Customers,6016.5241,0.0,0.15,46126.685,42879.8997,3246.7853
30067,3,Inactive Low-Value Customers,14079.4246,0.2381,0.1079,45083.1942,41859.4134,3223.7808
29725,7,Lost Customers,5712.3188,0.0,0.15,43794.4445,41552.918,2241.5265
29918,7,Lost Customers,3776.0336,0.0,0.15,28949.5909,40989.4882,-12039.8972
29941,7,Lost Customers,5731.197,0.0,0.15,43939.177,40575.3486,3363.8284
29744,3,Inactive Low-Value Customers,13721.9509,0.2381,0.1079,43938.5411,36513.9897,7424.5513
30111,3,Inactive Low-Value Customers,17465.8228,0.2381,0.1079,55926.6521,35527.2382,20399.4139
29793,3,Inactive Low-Value Customers,10218.156,0.2381,0.1079,32719.1717,35183.47,-2464.2983
29996,3,Inactive Low-Value Customers,10391.6425,0.2381,0.1079,33274.6861,34396.0036,-1121.3175
29774,3,Inactive Low-Value Customers,10893.4021,0.2381,0.1079,34881.3517,33605.7414,1275.6103
30016,6,Declining Frequent Buyers,-22.5224,0.0,0.01,-2274.7624,31760.2653,-34035.0277
29582,3,Inactive Low-Value Customers,8910.1066,0.2381,0.1079,28530.716,31463.4982,-2932.7821
29898,3,Inactive Low-Value Customers,9109.5661,0.2381,0.1079,29169.3978,30820.3299,-1650.9322
30056,3,Inactive Low-Value Customers,8648.3092,0.2381,0.1079,27692.4245,29863.3109,-2170.8865
29532,6,Declining Frequent Buyers,-45.5354,0.0,0.01,-4599.0754,29762.4576,-34361.533
29792,3,Inactive Low-Value Customers,9156.7705,0.2381,0.1079,29320.5492,29415.9901,-95.4409
30055,3,Inactive Low-Value Customers,8469.4044,0.2381,0.1079,27119.5602,27687.5958,-568.0357
29647,3,Inactive Low-Value Customers,8914.4489,0.2381,0.1079,28544.6203,27462.2065,1082.4138
29742,3,Inactive Low-Value Customers,7625.7784,0.2381,0.1079,24418.2172,27190.0341,-2771.8169
29621,6,Declining Frequent Buyers,-113.8385,0.0,0.01,-11497.6885,26497.7539,-37995.4424
29925,3,Inactive Low-Value Customers,9516.9205,0.2381,0.1079,30473.7719,26474.7096,3999.0623
29549,3,Inactive Low-Value Customers,9021.047,0.2381,0.1079,28885.9542,25582.5984,3303.3558
29521,3,Inactive Low-Value Customers,9037.189,0.2381,0.1079,28937.6418,24865.1574,4072.4844
29811,3,Inactive Low-Value Customers,9025.6983,0.2381,0.1079,28900.8478,24629.4046,4271.4432
29787,3,Inactive Low-Value Customers,8513.0901,0.2381,0.1079,27259.4445,24589.4283,2670.0162
29958,3,Inactive Low-Value Customers,9156.3534,0.2381,0.1079,29319.2136,24480.8847,4838.3289
29910,3,Inactive Low-Value Customers,7641.0737,0.2381,0.1079,24467.1937,24428.8137,38.38
29658,3,Inactive Low-Value Customers,7522.7128,0.2381,0.1079,24088.1946,24105.5388,-17.3442
29945,3,Inactive Low-Value Customers,9028.3634,0.2381,0.1079,28909.3817,23675.7708,5233.6109
11109,1,High Value but Cooling,2633.8175,0.0,0.1241,23850.7058,23649.6084,201.0974
11101,1,High Value but Cooling,2617.3261,0.0,0.1241,23701.3669,23644.8884,56.4784
29511,3,Inactive Low-Value Customers,8067.7866,0.2381,0.1079,25833.555,23567.482,2266.0729
11452,1,High Value but Cooling,2595.0243,0.0,0.1241,23499.4115,23545.12,-45.7085
11007,1,High Value but Cooling,2591.5412,0.0,0.1241,23467.87,23524.9553,-57.0853
11456,1,High Value but Cooling,2591.2156,0.0,0.1241,23464.9215,23524.2199,-59.2984
11025,1,High Value but Cooling,2584.7766,0.0,0.1241,23406.6127,23463.2206,-56.6078
11004,1,High Value but Cooling,2577.8693,0.0,0.1241,23344.0632,23348.8773,-4.8141
11054,1,High Value but Cooling,2577.6857,0.0,0.1241,23342.4006,23342.6658,-0.2652
29904,3,Inactive Low-Value Customers,7038.807,0.2381,0.1079,22538.6984,23339.3086,-800.6103
11058,1,High Value but Cooling,2576.6298,0.0,0.1241,23332.8389,23327.4859,5.3529
11076,1,High Value but Cooling,2576.6298,0.0,0.1241,23332.8389,23324.4642,8.3747
11451,1,High Value but Cooling,2575.8849,0.0,0.1241,23326.0934,23315.2773,10.8161
11243,1,High Value but Cooling,2574.658,0.0,0.1241,23314.9831,23313.2317,1.7514
11240,1,High Value but Cooling,2573.4872,0.0,0.1241,23304.3808,23310.6049,-6.224
11093,1,High Value but Cooling,2572.1352,0.0,0.1241,23292.1377,23300.9364,-8.7987
11001,1,High Value but Cooling,2568.8884,0.0,0.1241,23262.7361,23267.3613,-4.6252
11453,1,High Value but Cooling,2570.6665,0.0,0.1241,23278.8378,23259.8718,18.9661
11072,1,High Value but Cooling,2568.3833,0.0,0.1241,23258.1621,23254.2657,3.8965
11117,1,High Value but Cooling,2567.4107,0.0,0.1241,23249.3547,23246.2167,3.138
11107,1,High Value but Cooling,2566.9293,0.0,0.1241,23244.9954,23245.163,-0.1676
11444,1,High Value but Cooling,2566.9293,0.0,0.1241,23244.9954,23244.2778,0.7176
11077,1,High Value but Cooling,2565.6898,0.0,0.1241,23233.771,23236.315,-2.5441
11244,1,High Value but Cooling,2564.1161,0.0,0.1241,23219.5202,23227.9274,-8.4072
11338,1,High Value but Cooling,2562.5472,0.0,0.1241,23205.313,23224.2143,-18.9013
11446,1,High Value but Cooling,2564.1098,0.0,0.1241,23219.4632,23218.9713,0.4919
29559,3,Inactive Low-Value Customers,6455.2163,0.2381,0.1079,20670.0043,23216.3553,-2546.351
11061,1,High Value but Cooling,2562.5472,0.0,0.1241,23205.313,23210.1841,-4.8711
11450,1,High Value but Cooling,2562.71,0.0,0.1241,23206.7872,23207.3999,-0.6127
11070,1,High Value but Cooling,2562.2882,0.0,0.1241,23202.9676,23205.0114,-2.0439
11332,1,High Value but Cooling,2564.1098,0.0,0.1241,23219.4632,23199.5065,19.9567
11103,1,High Value but Cooling,2557.0301,0.0,0.1241,23155.3525,23174.6926,-19.3401
11003,1,High Value but Cooling,2542.2894,0.0,0.1241,23021.8671,23172.5521,-150.6849
11295,1,High Value but Cooling,2561.5,0.0,0.1241,23195.83,23170.4404,25.3896
11333,1,High Value but Cooling,2557.3991,0.0,0.1241,23158.694,23158.4351,0.259
11449,1,High Value but Cooling,2557.7333,0.0,0.1241,23161.7204,23157.383,4.3374
11005,1,High Value but Cooling,2557.7333,0.0,0.1241,23161.7204,23155.1602,6.5601
11018,1,High Value but Cooling,2555.9656,0.0,0.1241,23145.7129,23147.2117,-1.4988
11000,1,High Value but Cooling,2555.9656,0.0,0.1241,23145.7129,23147.1159,-1.403
11080,1,High Value but Cooling,2556.2998,0.0,0.1241,23148.7392,23141.5744,7.1649
11104,1,High Value but Cooling,2555.878,0.0,0.1241,23144.9196,23139.7917,5.1279
11337,1,High Value but Cooling,2553.0612,0.0,0.1241,23119.4119,23138.5808,-19.1689
11006,1,High Value but Cooling,2551.5835,0.0,0.1241,23106.0305,23135.1157,-29.0852
11341,1,High Value but Cooling,2554.8157,0.0,0.1241,23135.2999,23134.644,0.6558
30004,3,Inactive Low-Value Customers,6752.0353,0.2381,0.1079,21620.4374,23127.2334,-1506.7961
11239,1,High Value but Cooling,2553.2531,0.0,0.1241,23121.1496,23123.1448,-1.9952
11387,1,High Value but Cooling,2553.1698,0.0,0.1241,23120.3953,23118.9428,1.4525
11238,1,High Value but Cooling,2552.748,0.0,0.1241,23116.5757,23110.1292,6.4465
11334,1,High Value but Cooling,2551.5835,0.0,0.1241,23106.0305,23105.5984,0.432
11335,1,High Value but Cooling,2557.3991,0.0,0.1241,23158.694,23102.2398,56.4542
11247,1,High Value but Cooling,2548.2245,0.0,0.1241,23075.6128,23061.696,13.9169
11060,1,High Value but Cooling,2542.2061,0.0,0.1241,23021.1128,23061.3838,-40.271
11069,1,High Value but Cooling,2542.2061,0.0,0.1241,23021.1128,23061.3564,-40.2436
11052,1,High Value but Cooling,2546.3715,0.0,0.1241,23058.8329,23053.811,5.0218
11388,1,High Value but Cooling,2545.6202,0.0,0.1241,23052.0294,23047.9768,4.0527
11092,1,High Value but Cooling,2545.0256,0.0,0.1241,23046.645,23045.5324,1.1125
11095,1,High Value but Cooling,2541.6994,0.0,0.1241,23016.5244,23045.4891,-28.9647
11124,1,High Value but Cooling,2540.2217,0.0,0.1241,23003.1429,23016.7754,-13.6324
11108,1,High Value but Cooling,2541.8143,0.0,0.1241,23017.5648,23015.1536,2.4113
11249,1,High Value but Cooling,2540.2217,0.0,0.1241,23003.1429,23008.2856,-5.1426
11245,1,High Value but Cooling,2540.6435,0.0,0.1241,23006.9626,22994.3051,12.6575
11246,1,High Value but Cooling,2537.5198,0.0,0.1241,22978.6757,22984.6572,-5.9815
11445,1,High Value but Cooling,2537.098,0.0,0.1241,22974.8561,22983.0821,-8.226
11282,1,High Value but Cooling,2528.5287,0.0,0.1241,22897.2562,22975.7981,-78.5418
11448,1,High Value but Cooling,2531.3494,0.0,0.1241,22922.7993,22950.3536,-27.5543
11017,1,High Value but Cooling,2533.6638,0.0,0.1241,22943.7575,22935.4819,8.2756
11259,1,High Value but Cooling,2525.1045,0.0,0.1241,22866.2482,22934.2155,-67.9673
11008,1,High Value but Cooling,2530.7152,0.0,0.1241,22917.0562,22923.4854,-6.4291
11400,1,High Value but Cooling,2531.3494,0.0,0.1241,22922.7993,22922.8427,-0.0435
11057,1,High Value but Cooling,2531.2661,0.0,0.1241,22922.0449,22920.6233,1.4216
11455,1,High Value but Cooling,2531.2661,0.0,0.1241,22922.0449,22920.3673,1.6777
11105,1,High Value but Cooling,2530.8443,0.0,0.1241,22918.2253,22917.5898,0.6355
11106,1,High Value but Cooling,2530.8443,0.0,0.1241,22918.2253,22917.0356,1.1897
11237,1,High Value but Cooling,2531.2661,0.0,0.1241,22922.0449,22916.4805,5.5644
11447,1,High Value but Cooling,2529.2817,0.0,0.1241,22904.0751,22910.0244,-5.9493
11468,1,High Value but Cooling,2531.2661,0.0,0.1241,22922.0449,22909.4714,12.5736
11002,1,High Value but Cooling,2530.8443,0.0,0.1241,22918.2253,22902.832,15.3933
11010,1,High Value but Cooling,2530.8443,0.0,0.1241,22918.2253,22901.1432,17.0821
11011,1,High Value but Cooling,2530.8443,0.0,0.1241,22918.2253,22901.0452,17.1801
11009,1,High Value but Cooling,2521.3378,0.0,0.1241,22832.1386,22846.3802,-14.2416
11075,1,High Value but Cooling,2519.9043,0.0,0.1241,22819.1574,22835.9482,-16.7908
11454,1,High Value but Cooling,2519.9043,0.0,0.1241,22819.1574,22833.0768,-13.9194
11272,1,High Value but Cooling,2509.5295,0.0,0.1241,22725.2077,22681.4869,43.7208
11263,1,High Value but Cooling,2508.2837,0.0,0.1241,22713.9263,22676.9966,36.9297
11271,1,High Value but Cooling,2508.2837,0.0,0.1241,22713.9263,22670.7721,43.1542
11171,1,High Value but Cooling,2504.4214,0.0,0.1241,22678.951,22666.3638,12.5872
29732,3,Inactive Low-Value Customers,6983.5291,0.2381,0.1079,22361.6949,22662.5933,-300.8983
11090,1,High Value but Cooling,2499.7389,0.0,0.1241,22636.5483,22632.6036,3.9447
11275,1,High Value but Cooling,2497.0095,0.0,0.1241,22611.8321,22611.6006,0.2315
11267,1,High Value but Cooling,2493.7856,0.0,0.1241,22582.6378,22585.3444,-2.7066
11270,1,High Value but Cooling,2498.0654,0.0,0.1241,22621.3938,22513.2221,108.1718
11191,1,High Value but Cooling,2486.38,0.0,0.1241,22515.5759,22492.1875,23.3884
11290,1,High Value but Cooling,2483.25,0.0,0.1241,22487.232,22461.0619,26.1701
11278,1,High Value but Cooling,2471.8882,0.0,0.1241,22384.3445,22453.556,-69.2115
11266,1,High Value but Cooling,2472.7914,0.0,0.1241,22392.5235,22451.127,-58.6036
11224,1,High Value but Cooling,2471.8882,0.0,0.1241,22384.3445,22448.0127,-63.6682
29880,3,Inactive Low-Value Customers,8219.3543,0.2381,0.1079,26318.884,22439.9597,3878.9243
11292,1,High Value but Cooling,2473.1214,0.0,0.1241,22395.5118,22382.9601,12.5517
11281,1,High Value but Cooling,2475.7004,0.0,0.1241,22418.8661,22377.3854,41.4808
11252,1,High Value but Cooling,2475.1058,0.0,0.1241,22413.4817,22370.1916,43.2901
11261,1,High Value but Cooling,2471.8882,0.0,0.1241,22384.3445,22368.9343,15.4102
11175,1,High Value but Cooling,2475.1058,0.0,0.1241,22413.4817,22365.6094,47.8723
11289,1,High Value but Cooling,2470.1542,0.0,0.1241,22368.6421,22355.8764,12.7658
11286,1,High Value but Cooling,2477.3094,0.0,0.1241,22433.4365,22317.763,115.6736
11129,1,High Value but Cooling,2449.9845,0.0,0.1241,22185.9941,22266.6392,-80.6451
11257,1,High Value but Cooling,2451.418,0.0,0.1241,22198.9753,22253.7238,-54.7485
11291,1,High Value but Cooling,2449.9845,0.0,0.1241,22185.9941,22213.7533,-27.7592
29953,3,Inactive Low-Value Customers,6221.5489,0.2381,0.1079,19921.787,21868.8614,-1947.0744
29909,3,Inactive Low-Value Customers,6596.6206,0.2381,0.1079,21122.7897,21817.3805,-694.5909
29974,3,Inactive Low-Value Customers,4844.2622,0.2381,0.1079,15511.6291,21603.3239,-6091.6948
12132,1,High Value but Cooling,2340.1869,0.0,0.1241,21191.7148,21376.072,-184.3572
30044,3,Inactive Low-Value Customers,6130.6263,0.2381,0.1079,19630.6471,21367.9233,-1737.2762
30075,3,Inactive Low-Value Customers,6429.5613,0.2381,0.1079,20587.8556,21323.1697,-735.3141
16687,1,High Value but Cooling,2326.033,0.0,0.1241,21063.5432,21313.3859,-249.8427
18242,1,High Value but Cooling,2358.0342,0.0,0.1241,21353.3322,21291.6574,61.6748
18214,1,High Value but Cooling,2340.1869,0.0,0.1241,21191.7148,21240.1375,-48.4227
14198,1,High Value but Cooling,2339.763,0.0,0.1241,21187.8761,21166.9308,20.9453
16688,1,High Value but Cooling,2332.6123,0.0,0.1241,21123.1225,21137.7061,-14.5835
18213,1,High Value but Cooling,2326.033,0.0,0.1241,21063.5432,21137.0263,-73.483
14181,1,High Value but Cooling,2333.0793,0.0,0.1241,21127.3515,21120.4595,6.8919
12308,1,High Value but Cooling,2331.1162,0.0,0.1241,21109.5745,21119.0641,-9.4896
12300,1,High Value but Cooling,2329.8016,0.0,0.1241,21097.67,21106.7556,-9.0856
14775,1,High Value but Cooling,2331.0116,0.0,0.1241,21108.6273,21093.8716,14.7556
14189,1,High Value but Cooling,2331.0116,0.0,0.1241,21108.6273,21055.0817,53.5456
18301,1,High Value but Cooling,2317.2816,0.0,0.1241,20984.2944,21043.7645,-59.4702
18240,1,High Value but Cooling,2318.6147,0.0,0.1241,20996.3663,21025.9696,-29.6032
12301,1,High Value but Cooling,2319.7167,0.0,0.1241,21006.3456,21005.3448,1.0008
16693,1,High Value but Cooling,2319.7167,0.0,0.1241,21006.3456,21003.2395,3.1061
29786,3,Inactive Low-Value Customers,5913.0043,0.2381,0.1079,18933.8079,20998.8003,-2064.9923
18243,1,High Value but Cooling,2318.2832,0.0,0.1241,20993.3644,20994.1864,-0.822
18241,1,High Value but Cooling,2318.2832,0.0,0.1241,20993.3644,20992.6536,0.7108
18207,1,High Value but Cooling,2316.547,0.0,0.1241,20977.6421,20987.018,-9.3759
18209,1,High Value but Cooling,2317.2816,0.0,0.1241,20984.2944,20985.5689,-1.2745
18217,1,High Value but Cooling,2317.2816,0.0,0.1241,20984.2944,20984.2276,0.0668
18205,1,High Value but Cooling,2317.2816,0.0,0.1241,20984.2944,20983.1379,1.1565
22109,1,High Value but Cooling,2311.1756,0.0,0.1241,20929.0011,20962.6083,-33.6072
29491,3,Inactive Low-Value Customers,5158.3602,0.2381,0.1079,16517.3905,20919.6647,-4402.2742
18222,1,High Value but Cooling,2306.197,0.0,0.1241,20883.917,20885.8073,-1.8903
18210,1,High Value but Cooling,2306.197,0.0,0.1241,20883.917,20882.6185,1.2986
18208,1,High Value but Cooling,2304.1293,0.0,0.1241,20865.1929,20882.062,-16.8691
18219,1,High Value but Cooling,2305.9823,0.0,0.1241,20881.9728,20880.2375,1.7353
22895,1,High Value but Cooling,2300.3546,0.0,0.1241,20831.0108,20853.0646,-22.0538
18246,1,High Value but Cooling,2301.0056,0.0,0.1241,20836.906,20841.6256,-4.7196
18212,1,High Value but Cooling,2300.3546,0.0,0.1241,20831.0108,20837.1292,-6.1183
12296,1,High Value but Cooling,2300.3546,0.0,0.1241,20831.0108,20835.4752,-4.4644
18238,1,High Value but Cooling,2301.0056,0.0,0.1241,20836.906,20815.279,21.6269
12307,1,High Value but Cooling,2295.3779,0.0,0.1241,20785.944,20802.4857,-16.5417
18244,1,High Value but Cooling,2295.3779,0.0,0.1241,20785.944,20799.441,-13.497
16702,1,High Value but Cooling,2295.3779,0.0,0.1241,20785.944,20784.1531,1.7909
18220,1,High Value but Cooling,2295.3779,0.0,0.1241,20785.944,20780.1191,5.8248
18218,1,High Value but Cooling,2295.3779,0.0,0.1241,20785.944,20778.7183,7.2257
22785,1,High Value but Cooling,2300.3546,0.0,0.1241,20831.0108,20774.8864,56.1244
18239,1,High Value but Cooling,2301.0056,0.0,0.1241,20836.906,20773.5687,63.3373
12131,1,High Value but Cooling,2295.3779,0.0,0.1241,20785.944,20748.9701,36.9739
29605,3,Inactive Low-Value Customers,6209.0373,0.2381,0.1079,19881.7239,20604.0019,-722.278
12124,1,High Value but Cooling,3226.4581,0.0,0.1241,29217.4013,20021.6523,9195.749
29896,3,Inactive Low-Value Customers,6166.7729,0.2381,0.1079,19746.3906,19953.8286,-207.438
30065,3,Inactive Low-Value Customers,6204.6915,0.2381,0.1079,19867.8084,19810.13,57.6783
29807,3,Inactive Low-Value Customers,4335.3562,0.2381,0.1079,13882.0805,18769.1523,-4887.0718
18698,1,High Value but Cooling,2047.3595,0.0,0.1241,18539.9972,18677.144,-137.1468
29935,3,Inactive Low-Value Customers,5468.5735,0.2381,0.1079,17510.7129,18641.9465,-1131.2336
18697,1,High Value but Cooling,2025.4558,0.0,0.1241,18341.6468,18524.8671,-183.2202
18467,1,High Value but Cooling,2025.4558,0.0,0.1241,18341.6468,18511.1666,-169.5198
18468,1,High Value but Cooling,2037.8735,0.0,0.1241,18454.0961,18490.8072,-36.711
22998,1,High Value but Cooling,2036.9535,0.0,0.1241,18445.765,18261.4045,184.3605
30050,3,Inactive Low-Value Customers,4848.5949,0.2381,0.1079,15525.5027,17728.8137,-2203.311
11417,1,High Value but Cooling,1940.3669,0.0,0.1241,17571.1188,17356.6732,214.4455
11402,1,High Value but Cooling,1906.0394,0.0,0.1241,17260.2639,17335.5663,-75.3025
11409,1,High Value but Cooling,1898.4248,0.0,0.1241,17191.3093,17303.0522,-111.7428
29500,3,Inactive Low-Value Customers,4462.9416,0.2381,0.1079,14290.6168,17257.0927,-2966.4758
11401,1,High Value but Cooling,1898.5632,0.0,0.1241,17192.5626,17222.7411,-30.1784
29836,3,Inactive Low-Value Customers,4794.48,0.2381,0.1079,15352.2233,17188.2606,-1836.0373
12384,1,High Value but Cooling,1898.3288,0.0,0.1241,17190.44,17128.2004,62.2396
11336,1,High Value but Cooling,1891.4517,0.0,0.1241,17128.164,17109.1519,19.0121
12461,1,High Value but Cooling,1891.4517,0.0,0.1241,17128.164,17098.7824,29.3815
12462,1,High Value but Cooling,1889.254,0.0,0.1241,17108.2626,17090.4492,17.8133
11403,1,High Value but Cooling,1884.0334,0.0,0.1241,17060.9871,17063.0586,-2.0715
12390,1,High Value but Cooling,1880.0899,0.0,0.1241,17025.2765,17012.5324,12.7441
11345,1,High Value but Cooling,1873.3974,0.0,0.1241,16964.6721,16960.7957,3.8764
11340,1,High Value but Cooling,1861.9207,0.0,0.1241,16860.7441,16923.7159,-62.9718
11339,1,High Value but Cooling,1862.0293,0.0,0.1241,16861.7275,16825.1616,36.5659
11241,1,High Value but Cooling,1862.0293,0.0,0.1241,16861.7275,16805.5046,56.2229
12397,1,High Value but Cooling,1857.7411,0.0,0.1241,16822.8955,16796.339,26.5565
16400,1,High Value but Cooling,1857.7747,0.0,0.1241,16823.1997,16793.4045,29.7952
11484,1,High Value but Cooling,1892.6225,0.0,0.1241,17138.7662,16774.2321,364.5342
11481,1,High Value but Cooling,1885.9111,0.0,0.1241,17077.9907,16757.831,320.1598
28298,1,High Value but Cooling,1888.5787,0.0,0.1241,17102.1473,16704.3494,397.798
11242,1,High Value but Cooling,1851.4874,0.0,0.1241,16766.2647,16693.3582,72.9065
30045,3,Inactive Low-Value Customers,4930.0099,0.2381,0.1079,15786.1986,16683.0527,-896.854
16313,1,High Value but Cooling,1855.1185,0.0,0.1241,16799.1463,16646.4747,152.6716
16291,1,High Value but Cooling,1834.8694,0.0,0.1241,16615.7793,16593.0453,22.734
15630,1,High Value but Cooling,1780.0183,0.0,0.1241,16119.0716,16031.8763,87.1952
29929,3,Inactive Low-Value Customers,3948.0868,0.2381,0.1079,12642.0197,16009.7409,-3367.7212
13778,1,High Value but Cooling,1768.1851,0.0,0.1241,16011.9153,16007.3273,4.588
13774,1,High Value but Cooling,1784.8448,0.0,0.1241,16162.7783,15987.4247,175.3536
13789,1,High Value but Cooling,1768.1851,0.0,0.1241,16011.9153,15973.3164,38.5988
16662,1,High Value but Cooling,1761.6641,0.0,0.1241,15952.8639,15896.6458,56.2182
17513,1,High Value but Cooling,1741.2656,0.0,0.1241,15768.144,15649.7418,118.4022
14945,1,High Value but Cooling,1741.2656,0.0,0.1241,15768.144,15626.3499,141.7941
14146,1,High Value but Cooling,1721.2824,0.0,0.1241,15587.1848,15560.8191,26.3657
28672,1,High Value but Cooling,1709.7847,0.0,0.1241,15483.0666,15498.351,-15.2843
12315,1,High Value but Cooling,1721.1527,0.0,0.1241,15586.0103,15414.8327,171.1776
28667,1,High Value but Cooling,1699.3787,0.0,0.1241,15388.8344,15411.3043,-22.4698
28671,1,High Value but Cooling,1687.881,0.0,0.1241,15284.7163,15335.2946,-50.5783
13841,1,High Value but Cooling,1693.5087,0.0,0.1241,15335.6783,15332.2578,3.4205
30046,3,Inactive Low-Value Customers,4461.5169,0.2381,0.1079,14286.0549,15280.3847,-994.3298
13519,1,High Value but Cooling,1685.519,0.0,0.1241,15263.327,15226.8927,36.4343
17512,1,High Value but Cooling,1680.8251,0.0,0.1241,15220.8211,15208.8553,11.9658
17511,1,High Value but Cooling,1672.587,0.0,0.1241,15146.2204,15194.0605,-47.8401
11439,1,High Value but Cooling,2626.9894,0.0,0.1241,23788.8735,15172.895,8615.9785
11037,4,Frequent Low-Spend Customers,1092.6128,0.0,0.0777,15148.0723,15151.7361,-3.6638
11021,4,Frequent Low-Spend Customers,1091.1919,0.0,0.0777,15128.3728,15136.7168,-8.344
11136,4,Frequent Low-Spend Customers,1096.5192,0.0,0.0777,15202.2309,15131.2731,70.9578
11041,4,Frequent Low-Spend Customers,1096.5192,0.0,0.0777,15202.2309,15127.8215,74.4094
14927,1,High Value but Cooling,1677.6433,0.0,0.1241,15192.0081,15123.5761,68.432
11156,4,Frequent Low-Spend Customers,1102.4661,0.0,0.0777,15284.6792,15083.3896,201.2896
11015,4,Frequent Low-Spend Customers,1167.664,0.0,0.0777,16188.5882,15052.5578,1136.0304
11083,4,Frequent Low-Spend Customers,1101.3079,0.0,0.0777,15268.6219,15040.0916,228.5303
11088,4,Frequent Low-Spend Customers,1083.4607,0.0,0.0777,15021.1868,15035.1975,-14.0107
11168,4,Frequent Low-Spend Customers,1083.2354,0.0,0.0777,15018.0632,15006.0367,12.0265
11089,4,Frequent Low-Spend Customers,1078.6719,0.0,0.0777,14954.7945,14968.4456,-13.651
11062,4,Frequent Low-Spend Customers,1078.6719,0.0,0.0777,14954.7945,14962.5116,-7.7171
11265,4,Frequent Low-Spend Customers,1078.6719,0.0,0.0777,14954.7945,14961.5942,-6.7996
11739,4,Frequent Low-Spend Customers,1079.4042,0.0,0.0777,14964.9472,14958.0145,6.9327
11316,4,Frequent Low-Spend Customers,1077.4324,0.0,0.0777,14937.61,14957.8158,-20.2058
11036,4,Frequent Low-Spend Customers,1076.2742,0.0,0.0777,14921.5526,14924.9132,-3.3606
11158,4,Frequent Low-Spend Customers,1080.5477,0.0,0.0777,14980.8008,14873.1773,107.6235
11264,4,Frequent Low-Spend Customers,1070.3336,0.0,0.0777,14839.1916,14869.5905,-30.3988
11063,4,Frequent Low-Spend Customers,1066.8715,0.0,0.0777,14791.1928,14860.3754,-69.1825
29586,1,High Value but Cooling,1526.6357,0.0,0.1241,13824.549,14860.0726,-1035.5236
11144,4,Frequent Low-Spend Customers,1088.9301,0.0,0.0777,15097.015,14857.2212,239.7938
24661,1,High Value but Cooling,1643.0672,0.0,0.1241,14878.902,14849.7139,29.1881
29968,3,Inactive Low-Value Customers,4987.8468,0.2381,0.1079,15971.3959,14811.3445,1160.0514
18906,1,High Value but Cooling,1645.469,0.0,0.1241,14900.6516,14800.4005,100.2512
18907,1,High Value but Cooling,1633.9713,0.0,0.1241,14796.5335,14778.6405,17.8929
11082,4,Frequent Low-Spend Customers,1064.9187,0.0,0.0777,14764.119,14763.8173,0.3018
11053,4,Frequent Low-Spend Customers,1064.9124,0.0,0.0777,14764.0317,14761.5257,2.506
11167,4,Frequent Low-Spend Customers,1064.9187,0.0,0.0777,14764.119,14761.3489,2.7701
19763,1,High Value but Cooling,1625.2199,0.0,0.1241,14717.2846,14745.5449,-28.2603
19271,1,High Value but Cooling,1625.2199,0.0,0.1241,14717.2846,14739.7596,-22.475
18903,1,High Value but Cooling,1619.2666,0.0,0.1241,14663.3741,14729.1157,-65.7416
23859,1,High Value but Cooling,1625.2199,0.0,0.1241,14717.2846,14726.273,-8.9885
24386,1,High Value but Cooling,1619.2666,0.0,0.1241,14663.3741,14719.8971,-56.523
29937,3,Inactive Low-Value Customers,4110.9568,0.2381,0.1079,13163.5396,14716.8136,-1553.274
18902,1,High Value but Cooling,1624.4853,0.0,0.1241,14710.6324,14685.26,25.3724
11433,1,High Value but Cooling,2620.3739,0.0,0.1241,23728.9664,14682.3803,9046.5861
11835,4,Frequent Low-Spend Customers,1058.2017,0.0,0.0777,14670.994,14657.1109,13.8831
11020,4,Frequent Low-Spend Customers,1056.7682,0.0,0.0777,14651.1198,14636.0052,15.1146
11084,4,Frequent Low-Spend Customers,1055.804,0.0,0.0777,14637.7521,14634.3205,3.4316
11022,4,Frequent Low-Spend Customers,1055.804,0.0,0.0777,14637.7521,14631.6333,6.1188
11042,4,Frequent Low-Spend Customers,1054.3705,0.0,0.0777,14617.8779,14606.4089,11.469
11328,4,Frequent Low-Spend Customers,1054.3705,0.0,0.0777,14617.8779,14604.1186,13.7593
11155,4,Frequent Low-Spend Customers,1054.3705,0.0,0.0777,14617.8779,14603.6074,14.2705
11145,4,Frequent Low-Spend Customers,1052.3861,0.0,0.0777,14590.3661,14603.1577,-12.7916
11154,4,Frequent Low-Spend Customers,1054.3705,0.0,0.0777,14617.8779,14594.7708,23.1072
11064,4,Frequent Low-Spend Customers,1049.2624,0.0,0.0777,14547.0588,14592.0144,-44.9556
18900,1,High Value but Cooling,1612.0676,0.0,0.1241,14598.1831,14591.1203,7.0627
19264,1,High Value but Cooling,1612.0676,0.0,0.1241,14598.1831,14588.6474,9.5357
19765,1,High Value but Cooling,1612.0676,0.0,0.1241,14598.1831,14568.1093,30.0738
11693,4,Frequent Low-Spend Customers,1043.0087,0.0,0.0777,14460.357,14566.0541,-105.697
19270,1,High Value but Cooling,1608.9439,0.0,0.1241,14569.8962,14556.0879,13.8083
11152,4,Frequent Low-Spend Customers,1043.0087,0.0,0.0777,14460.357,14554.6066,-94.2495
19269,1,High Value but Cooling,1603.3162,0.0,0.1241,14518.9342,14502.6199,16.3143
18899,1,High Value but Cooling,1603.3162,0.0,0.1241,14518.9342,14502.238,16.6962
29717,3,Inactive Low-Value Customers,5013.4781,0.2381,0.1079,16053.469,14435.169,1618.2999
29868,4,Frequent Low-Spend Customers,877.964,0.0,0.0777,12172.1639,14416.8054,-2244.6414
16944,1,High Value but Cooling,1591.7757,0.0,0.1241,14414.4285,14376.6795,37.749
22932,1,High Value but Cooling,1558.6873,0.0,0.1241,14114.7943,14195.859,-81.0647
22940,1,High Value but Cooling,1557.529,0.0,0.1241,14104.3052,14183.6464,-79.3411
16570,1,High Value but Cooling,1570.185,0.0,0.1241,14218.9125,13991.4464,227.466
16316,1,High Value but Cooling,1536.8578,0.0,0.1241,13917.1158,13887.7771,29.3388
16388,1,High Value but Cooling,1545.6718,0.0,0.1241,13996.9316,13886.1753,110.7563
16394,1,High Value but Cooling,1536.9204,0.0,0.1241,13917.6827,13780.5018,137.1809
16327,1,High Value but Cooling,1525.8358,0.0,0.1241,13817.3054,13777.2483,40.0571
16391,1,High Value but Cooling,1515.0167,0.0,0.1241,13719.3323,13768.4176,-49.0853
29828,3,Inactive Low-Value Customers,3193.3082,0.2381,0.1079,10225.1716,13682.6065,-3457.4349
30060,3,Inactive Low-Value Customers,3514.1539,0.2381,0.1079,11252.5395,13660.5425,-2408.003
22430,4,Frequent Low-Spend Customers,1010.8414,0.0,0.0777,14014.387,13629.1281,385.2589
20036,4,Frequent Low-Spend Customers,998.121,0.0,0.0777,13838.0303,13610.4124,227.6179
11942,1,High Value but Cooling,1775.8888,0.0,0.1241,16081.6766,13607.8572,2473.8194
20037,4,Frequent Low-Spend Customers,983.9297,0.0,0.0777,13641.281,13528.5528,112.7282
11943,1,High Value but Cooling,1722.3059,0.0,0.1241,15596.4532,13351.5822,2244.871
23606,4,Frequent Low-Spend Customers,951.0584,0.0,0.0777,13185.5506,13190.0784,-4.5278
24417,4,Frequent Low-Spend Customers,954.0586,0.0,0.0777,13227.1456,13129.7266,97.419
28207,4,Frequent Low-Spend Customers,950.6345,0.0,0.0777,13179.6736,13116.8345,62.8392
24433,4,Frequent Low-Spend Customers,938.7342,0.0,0.0777,13014.6869,13045.3448,-30.6578
26381,4,Frequent Low-Spend Customers,936.9045,0.0,0.0777,12989.3198,12999.8276,-10.5078
25625,4,Frequent Low-Spend Customers,932.7872,0.0,0.0777,12932.2372,12957.3527,-25.1155
25769,4,Frequent Low-Spend Customers,933.2111,0.0,0.0777,12938.1142,12930.6105,7.5037
29042,4,Frequent Low-Spend Customers,924.837,0.0,0.0777,12822.015,12908.978,-86.963
26115,4,Frequent Low-Spend Customers,924.5636,0.0,0.0777,12818.2246,12832.1674,-13.9428
24405,4,Frequent Low-Spend Customers,924.0358,0.0,0.0777,12810.9071,12823.8252,-12.9181
13984,4,Frequent Low-Spend Customers,924.5636,0.0,0.0777,12818.2246,12821.5412,-3.3166
16580,4,Frequent Low-Spend Customers,924.5636,0.0,0.0777,12818.2246,12821.215,-2.9904
16547,4,Frequent Low-Spend Customers,924.5636,0.0,0.0777,12818.2246,12821.215,-2.9904
16416,4,Frequent Low-Spend Customers,924.5636,0.0,0.0777,12818.2246,12821.215,-2.9904
16415,4,Frequent Low-Spend Customers,924.5636,0.0,0.0777,12818.2246,12821.215,-2.9904
13917,4,Frequent Low-Spend Customers,924.5636,0.0,0.0777,12818.2246,12821.2138,-2.9892
13925,4,Frequent Low-Spend Customers,924.5636,0.0,0.0777,12818.2246,12821.2138,-2.9892
13887,4,Frequent Low-Spend Customers,924.5636,0.0,0.0777,12818.2246,12821.2138,-2.9892
28201,4,Frequent Low-Spend Customers,924.0358,0.0,0.0777,12810.9071,12821.1661,-10.259
24425,4,Frequent Low-Spend Customers,924.0358,0.0,0.0777,12810.9071,12821.0854,-10.1783
16551,4,Frequent Low-Spend Customers,924.5636,0.0,0.0777,12818.2246,12820.8786,-2.654
27819,4,Frequent Low-Spend Customers,924.0358,0.0,0.0777,12810.9071,12820.1487,-9.2416
27820,4,Frequent Low-Spend Customers,924.0358,0.0,0.0777,12810.9071,12819.6077,-8.7006
28202,4,Frequent Low-Spend Customers,924.0358,0.0,0.0777,12810.9071,12819.5346,-8.6275
16532,4,Frequent Low-Spend Customers,924.5636,0.0,0.0777,12818.2246,12819.532,-1.3074
28204,4,Frequent Low-Spend Customers,924.0358,0.0,0.0777,12810.9071,12819.3516,-8.4445
24251,4,Frequent Low-Spend Customers,924.5636,0.0,0.0777,12818.2246,12819.2469,-1.0223
24244,4,Frequent Low-Spend Customers,924.5636,0.0,0.0777,12818.2246,12819.2469,-1.0223
24174,4,Frequent Low-Spend Customers,924.5636,0.0,0.0777,12818.2246,12819.2469,-1.0223
17984,4,Frequent Low-Spend Customers,924.5636,0.0,0.0777,12818.2246,12818.5096,-0.285
17824,4,Frequent Low-Spend Customers,924.5636,0.0,0.0777,12818.2246,12818.2246,-0.0
24367,4,Frequent Low-Spend Customers,924.5636,0.0,0.0777,12818.2246,12818.2246,-0.0
24366,4,Frequent Low-Spend Customers,924.5636,0.0,0.0777,12818.2246,12818.2246,-0.0
17741,4,Frequent Low-Spend Customers,924.5636,0.0,0.0777,12818.2246,12818.2246,-0.0
24301,4,Frequent Low-Spend Customers,924.5636,0.0,0.0777,12818.2246,12818.2246,-0.0
24300,4,Frequent Low-Spend Customers,924.5636,0.0,0.0777,12818.2246,12818.2246,-0.0
24307,4,Frequent Low-Spend Customers,924.5636,0.0,0.0777,12818.2246,12818.2246,-0.0
24303,4,Frequent Low-Spend Customers,924.5636,0.0,0.0777,12818.2246,12818.2246,-0.0
17847,4,Frequent Low-Spend Customers,924.5636,0.0,0.0777,12818.2246,12818.2246,-0.0
18000,4,Frequent Low-Spend Customers,924.5636,0.0,0.0777,12818.2246,12818.2246,-0.0
17981,4,Frequent Low-Spend Customers,924.5636,0.0,0.0777,12818.2246,12818.2246,-0.0
17980,4,Frequent Low-Spend Customers,924.5636,0.0,0.0777,12818.2246,12818.2246,-0.0
17777,4,Frequent Low-Spend Customers,924.5636,0.0,0.0777,12818.2246,12818.2246,-0.0
26294,4,Frequent Low-Spend Customers,924.5636,0.0,0.0777,12818.2246,12818.2246,-0.0
17742,4,Frequent Low-Spend Customers,924.5636,0.0,0.0777,12818.2246,12818.2246,-0.0
17221,4,Frequent Low-Spend Customers,924.5636,0.0,0.0777,12818.2246,12818.2246,-0.0
17781,4,Frequent Low-Spend Customers,924.5636,0.0,0.0777,12818.2246,12818.2246,-0.0
17635,4,Frequent Low-Spend Customers,924.5636,0.0,0.0777,12818.2246,12818.2246,-0.0
15925,4,Frequent Low-Spend Customers,924.5636,0.0,0.0777,12818.2246,12818.2246,-0.0
24360,4,Frequent Low-Spend Customers,924.5636,0.0,0.0777,12818.2246,12818.2246,-0.0
24362,4,Frequent Low-Spend Customers,924.5636,0.0,0.0777,12818.2246,12818.2246,-0.0
15921,4,Frequent Low-Spend Customers,924.5636,0.0,0.0777,12818.2246,12818.2246,-0.0
16261,4,Frequent Low-Spend Customers,924.5636,0.0,0.0777,12818.2246,12818.2246,-0.0
17209,4,Frequent Low-Spend Customers,924.5636,0.0,0.0777,12818.2246,12818.2246,-0.0
17969,4,Frequent Low-Spend Customers,924.5636,0.0,0.0777,12818.2246,12818.2246,-0.0
24274,4,Frequent Low-Spend Customers,924.5636,0.0,0.0777,12818.2246,12818.2246,-0.0
15931,4,Frequent Low-Spend Customers,924.5636,0.0,0.0777,12818.2246,12818.2246,-0.0
15923,4,Frequent Low-Spend Customers,924.5636,0.0,0.0777,12818.2246,12818.2246,-0.0
18173,4,Frequent Low-Spend Customers,924.5636,0.0,0.0777,12818.2246,12818.2246,-0.0
24506,4,Frequent Low-Spend Customers,924.5636,0.0,0.0777,12818.2246,12818.2246,-0.0
24504,4,Frequent Low-Spend Customers,924.5636,0.0,0.0777,12818.2246,12818.2246,-0.0
24596,4,Frequent Low-Spend Customers,924.5636,0.0,0.0777,12818.2246,12818.2246,-0.0
24586,4,Frequent Low-Spend Customers,924.5636,0.0,0.0777,12818.2246,12818.2246,-0.0
24598,4,Frequent Low-Spend Customers,924.5636,0.0,0.0777,12818.2246,12818.2246,-0.0
24371,4,Frequent Low-Spend Customers,924.5636,0.0,0.0777,12818.2246,12818.2246,-0.0
24458,4,Frequent Low-Spend Customers,924.5636,0.0,0.0777,12818.2246,12818.2246,-0.0
24378,4,Frequent Low-Spend Customers,924.5636,0.0,0.0777,12818.2246,12818.2246,-0.0
24480,4,Frequent Low-Spend Customers,924.5636,0.0,0.0777,12818.2246,12818.2246,-0.0
24476,4,Frequent Low-Spend Customers,924.5636,0.0,0.0777,12818.2246,12818.2246,-0.0
24462,4,Frequent Low-Spend Customers,924.5636,0.0,0.0777,12818.2246,12818.2246,-0.0
24468,4,Frequent Low-Spend Customers,924.5636,0.0,0.0777,12818.2246,12818.2246,-0.0
24170,4,Frequent Low-Spend Customers,924.5636,0.0,0.0777,12818.2246,12818.2246,-0.0
24167,4,Frequent Low-Spend Customers,924.5636,0.0,0.0777,12818.2246,12818.2246,-0.0
24165,4,Frequent Low-Spend Customers,924.5636,0.0,0.0777,12818.2246,12818.2246,-0.0
15678,4,Frequent Low-Spend Customers,924.5636,0.0,0.0777,12818.2246,12818.2246,-0.0
18166,4,Frequent Low-Spend Customers,924.5636,0.0,0.0777,12818.2246,12818.2246,-0.0
17198,4,Frequent Low-Spend Customers,924.5636,0.0,0.0777,12818.2246,12818.2246,-0.0
24241,4,Frequent Low-Spend Customers,924.5636,0.0,0.0777,12818.2246,12818.2246,-0.0
24179,4,Frequent Low-Spend Customers,924.5636,0.0,0.0777,12818.2246,12818.2246,-0.0
24176,4,Frequent Low-Spend Customers,924.5636,0.0,0.0777,12818.2246,12818.2246,-0.0
24171,4,Frequent Low-Spend Customers,924.5636,0.0,0.0777,12818.2246,12818.2246,-0.0
23992,4,Frequent Low-Spend Customers,924.5636,0.0,0.0777,12818.2246,12818.2246,-0.0
16404,4,Frequent Low-Spend Customers,924.5636,0.0,0.0777,12818.2246,12818.2246,-0.0
17968,4,Frequent Low-Spend Customers,924.5636,0.0,0.0777,12818.2246,12818.2246,-0.0
17966,4,Frequent Low-Spend Customers,924.5636,0.0,0.0777,12818.2246,12818.2246,-0.0
17948,4,Frequent Low-Spend Customers,924.5636,0.0,0.0777,12818.2246,12818.2246,-0.0
17937,4,Frequent Low-Spend Customers,924.5636,0.0,0.0777,12818.2246,12818.2246,-0.0
17933,4,Frequent Low-Spend Customers,924.5636,0.0,0.0777,12818.2246,12818.2246,-0.0
17902,4,Frequent Low-Spend Customers,924.5636,0.0,0.0777,12818.2246,12818.2246,-0.0
17898,4,Frequent Low-Spend Customers,924.5636,0.0,0.0777,12818.2246,12818.2246,-0.0
17896,4,Frequent Low-Spend Customers,924.5636,0.0,0.0777,12818.2246,12818.2246,-0.0
16412,4,Frequent Low-Spend Customers,924.5636,0.0,0.0777,12818.2246,12818.2246,-0.0
15677,4,Frequent Low-Spend Customers,924.5636,0.0,0.0777,12818.2246,12818.2246,-0.0
24481,4,Frequent Low-Spend Customers,924.5636,0.0,0.0777,12818.2246,12818.2246,-0.0
24484,4,Frequent Low-Spend Customers,924.5636,0.0,0.0777,12818.2246,12818.2246,-0.0
23656,4,Frequent Low-Spend Customers,924.5636,0.0,0.0777,12818.2246,12818.2246,-0.0
17873,4,Frequent Low-Spend Customers,924.5636,0.0,0.0777,12818.2246,12818.2246,-0.0
24503,4,Frequent Low-Spend Customers,924.5636,0.0,0.0777,12818.2246,12818.2246,-0.0
24502,4,Frequent Low-Spend Customers,924.5636,0.0,0.0777,12818.2246,12818.2246,-0.0
23659,4,Frequent Low-Spend Customers,924.5636,0.0,0.0777,12818.2246,12818.2246,-0.0
23665,4,Frequent Low-Spend Customers,924.5636,0.0,0.0777,12818.2246,12818.2246,-0.0
18627,4,Frequent Low-Spend Customers,924.5636,0.0,0.0777,12818.2246,12818.2246,-0.0
18621,4,Frequent Low-Spend Customers,924.5636,0.0,0.0777,12818.2246,12818.2246,-0.0
23655,4,Frequent Low-Spend Customers,924.5636,0.0,0.0777,12818.2246,12818.2246,-0.0
24162,4,Frequent Low-Spend Customers,924.5636,0.0,0.0777,12818.2246,12818.2246,-0.0
24000,4,Frequent Low-Spend Customers,924.5636,0.0,0.0777,12818.2246,12818.2246,-0.0
16204,4,Frequent Low-Spend Customers,924.5636,0.0,0.0777,12818.2246,12818.2246,-0.0
24161,4,Frequent Low-Spend Customers,924.5636,0.0,0.0777,12818.2246,12818.2246,-0.0
24160,4,Frequent Low-Spend Customers,924.5636,0.0,0.0777,12818.2246,12818.2246,-0.0
24007,4,Frequent Low-Spend Customers,924.5636,0.0,0.0777,12818.2246,12818.2246,-0.0
24001,4,Frequent Low-Spend Customers,924.5636,0.0,0.0777,12818.2246,12818.2246,-0.0
23995,4,Frequent Low-Spend Customers,924.5636,0.0,0.0777,12818.2246,12818.2246,-0.0
23993,4,Frequent Low-Spend Customers,924.5636,0.0,0.0777,12818.2246,12818.2246,-0.0
19031,4,Frequent Low-Spend Customers,924.5636,0.0,0.0777,12818.2246,12818.2246,-0.0
19037,4,Frequent Low-Spend Customers,924.5636,0.0,0.0777,12818.2246,12818.2246,-0.0
19070,4,Frequent Low-Spend Customers,924.5636,0.0,0.0777,12818.2246,12818.2246,-0.0
19073,4,Frequent Low-Spend Customers,924.5636,0.0,0.0777,12818.2246,12818.2246,-0.0
13977,4,Frequent Low-Spend Customers,924.5636,0.0,0.0777,12818.2246,12818.2246,-0.0
19048,4,Frequent Low-Spend Customers,924.5636,0.0,0.0777,12818.2246,12818.2246,-0.0
13894,4,Frequent Low-Spend Customers,924.5636,0.0,0.0777,12818.2246,12818.2246,-0.0
13896,4,Frequent Low-Spend Customers,924.5636,0.0,0.0777,12818.2246,12818.2246,-0.0
13898,4,Frequent Low-Spend Customers,924.5636,0.0,0.0777,12818.2246,12818.2246,-0.0
17629,4,Frequent Low-Spend Customers,924.5636,0.0,0.0777,12818.2246,12818.2246,-0.0
13979,4,Frequent Low-Spend Customers,924.5636,0.0,0.0777,12818.2246,12818.0344,0.1902
13978,4,Frequent Low-Spend Customers,924.5636,0.0,0.0777,12818.2246,12817.9734,0.2512
17998,4,Frequent Low-Spend Customers,924.5636,0.0,0.0777,12818.2246,12815.4996,2.7249
17985,4,Frequent Low-Spend Customers,924.5636,0.0,0.0777,12818.2246,12815.3961,2.8285
19036,4,Frequent Low-Spend Customers,924.5636,0.0,0.0777,12818.2246,12814.826,3.3986
19049,4,Frequent Low-Spend Customers,924.5636,0.0,0.0777,12818.2246,12814.826,3.3986
29137,4,Frequent Low-Spend Customers,924.0358,0.0,0.0777,12810.9071,12812.094,-1.1868
16231,4,Frequent Low-Spend Customers,920.3074,0.0,0.0777,12759.2163,12807.2911,-48.0748
24061,4,Frequent Low-Spend Customers,920.2798,0.0,0.0777,12758.8336,12800.2747,-41.441
29043,4,Frequent Low-Spend Customers,916.6175,0.0,0.0777,12708.0592,12793.833,-85.7738
24421,4,Frequent Low-Spend Customers,916.6175,0.0,0.0777,12708.0592,12781.7743,-73.7151
21858,4,Frequent Low-Spend Customers,919.0572,0.0,0.0777,12741.8834,12748.9102,-7.0268
20180,4,Frequent Low-Spend Customers,916.2841,0.0,0.0777,12703.4369,12722.1369,-18.7
24413,4,Frequent Low-Spend Customers,912.9512,0.0,0.0777,12657.2293,12707.5549,-50.3256
22445,4,Frequent Low-Spend Customers,917.7176,0.0,0.0777,12723.3111,12701.6316,21.6795
21857,4,Frequent Low-Spend Customers,912.3735,0.0,0.0777,12649.22,12660.7789,-11.5589
25795,4,Frequent Low-Spend Customers,912.7409,0.0,0.0777,12654.3137,12659.0426,-4.7289
24883,4,Frequent Low-Spend Customers,912.3735,0.0,0.0777,12649.22,12649.9064,-0.6864
23597,4,Frequent Low-Spend Customers,912.7409,0.0,0.0777,12654.3137,12643.5002,10.8135
25793,4,Frequent Low-Spend Customers,911.3074,0.0,0.0777,12634.4395,12638.4211,-3.9816
25780,4,Frequent Low-Spend Customers,911.3074,0.0,0.0777,12634.4395,12637.2098,-2.7703
25779,4,Frequent Low-Spend Customers,911.3074,0.0,0.0777,12634.4395,12634.1526,0.287
24427,4,Frequent Low-Spend Customers,912.317,0.0,0.0777,12648.4367,12633.7832,14.6535
22312,4,Frequent Low-Spend Customers,910.2432,0.0,0.0777,12619.6854,12621.5258,-1.8404
28206,4,Frequent Low-Spend Customers,910.8835,0.0,0.0777,12628.5626,12617.8742,10.6883
24414,4,Frequent Low-Spend Customers,910.8835,0.0,0.0777,12628.5626,12616.3203,12.2422
24434,4,Frequent Low-Spend Customers,910.8835,0.0,0.0777,12628.5626,12613.0008,15.5618
25618,4,Frequent Low-Spend Customers,910.8835,0.0,0.0777,12628.5626,12612.42,16.1425
24404,4,Frequent Low-Spend Customers,902.1321,0.0,0.0777,12507.2324,12609.4911,-102.2587
20200,4,Frequent Low-Spend Customers,911.3074,0.0,0.0777,12634.4395,12605.1967,29.2428
24420,4,Frequent Low-Spend Customers,907.7598,0.0,0.0777,12585.2553,12603.6949,-18.4396
28311,4,Frequent Low-Spend Customers,907.7598,0.0,0.0777,12585.2553,12603.647,-18.3917
28203,4,Frequent Low-Spend Customers,902.1321,0.0,0.0777,12507.2324,12602.6584,-95.426
29499,3,Inactive Low-Value Customers,3652.6297,0.2381,0.1079,11695.9476,12600.1454,-904.1978
24339,4,Frequent Low-Spend Customers,902.1321,0.0,0.0777,12507.2324,12598.6144,-91.382
28136,4,Frequent Low-Spend Customers,902.1321,0.0,0.0777,12507.2324,12590.8249,-83.5925
22808,4,Frequent Low-Spend Customers,910.3058,0.0,0.0777,12620.5533,12568.8416,51.7117
23759,4,Frequent Low-Spend Customers,908.8097,0.0,0.0777,12599.8112,12564.7352,35.0761
28694,4,Frequent Low-Spend Customers,904.1998,0.0,0.0777,12535.8992,12564.2558,-28.3566
24403,4,Frequent Low-Spend Customers,904.1998,0.0,0.0777,12535.8992,12560.4378,-24.5386
23234,4,Frequent Low-Spend Customers,910.3058,0.0,0.0777,12620.5533,12550.1996,70.3537
22822,4,Frequent Low-Spend Customers,908.8097,0.0,0.0777,12599.8112,12548.3509,51.4603
16132,4,Frequent Low-Spend Customers,898.587,0.0,0.0777,12458.0829,12482.8245,-24.7416
20039,4,Frequent Low-Spend Customers,897.1535,0.0,0.0777,12438.2087,12461.6763,-23.4675
16310,1,High Value but Cooling,1406.1665,0.0,0.1241,12733.6323,12426.1551,307.4772
23607,4,Frequent Low-Spend Customers,893.3788,0.0,0.0777,12385.876,12388.3927,-2.5167
22828,4,Frequent Low-Spend Customers,893.3788,0.0,0.0777,12385.876,12388.3927,-2.5167
14007,1,High Value but Cooling,1424.2801,0.0,0.1241,12897.6612,12353.5105,544.1506
26382,4,Frequent Low-Spend Customers,888.4021,0.0,0.0777,12316.8786,12263.8856,52.9931
22323,4,Frequent Low-Spend Customers,888.4021,0.0,0.0777,12316.8786,12258.615,58.2636
17833,1,High Value but Cooling,1406.9677,0.0,0.1241,12740.8876,12255.3264,485.5612
20181,4,Frequent Low-Spend Customers,888.4021,0.0,0.0777,12316.8786,12239.3454,77.5332
24605,1,High Value but Cooling,1372.0189,0.0,0.1241,12424.4065,12190.3477,234.0587
20038,4,Frequent Low-Spend Customers,888.4021,0.0,0.0777,12316.8786,12186.8026,130.076
29579,3,Inactive Low-Value Customers,3594.3971,0.2381,0.1079,11509.4832,12046.0426,-536.5594
24604,1,High Value but Cooling,1384.4366,0.0,0.1241,12536.8557,11924.8339,612.0219
13745,1,High Value but Cooling,1318.0763,0.0,0.1241,11935.9257,11888.7048,47.221
29757,3,Inactive Low-Value Customers,4090.7202,0.2381,0.1079,13098.7407,11849.6899,1249.0508
13746,1,High Value but Cooling,1297.6061,0.0,0.1241,11750.5565,11770.183,-19.6265
16937,1,High Value but Cooling,1269.066,0.0,0.1241,11492.1098,11607.0759,-114.9661
22931,1,High Value but Cooling,1245.0946,0.0,0.1241,11275.0352,11606.331,-331.2958
14046,1,High Value but Cooling,1277.917,0.0,0.1241,11572.2606,11597.5412,-25.2806
14047,1,High Value but Cooling,1287.403,0.0,0.1241,11658.1617,11590.8349,67.3268
14050,1,High Value but Cooling,1267.567,0.0,0.1241,11478.5355,11498.0857,-19.5502
12271,1,High Value but Cooling,1277.917,0.0,0.1241,11572.2606,11475.5234,96.7372
12264,1,High Value but Cooling,1274.9638,0.0,0.1241,11545.5177,11456.2444,89.2733
16569,1,High Value but Cooling,1257.5123,0.0,0.1241,11387.4845,11339.3096,48.1749
16339,1,High Value but Cooling,1204.5271,0.0,0.1241,10907.6736,11217.4262,-309.7526
15832,4,Frequent Low-Spend Customers,805.8001,0.0,0.0777,11171.6778,11172.6793,-1.0015
11483,4,Frequent Low-Spend Customers,805.8001,0.0,0.0777,11171.6778,11172.6793,-1.0015
11547,4,Frequent Low-Spend Customers,805.8001,0.0,0.0777,11171.6778,11172.6793,-1.0015
15757,4,Frequent Low-Spend Customers,805.8001,0.0,0.0777,11171.6778,11172.6793,-1.0015
11480,4,Frequent Low-Spend Customers,805.8001,0.0,0.0777,11171.6778,11172.6793,-1.0015
15734,4,Frequent Low-Spend Customers,805.8001,0.0,0.0777,11171.6778,11172.6793,-1.0015
27568,4,Frequent Low-Spend Customers,805.8001,0.0,0.0777,11171.6778,11172.6793,-1.0015
15756,4,Frequent Low-Spend Customers,805.8001,0.0,0.0777,11171.6778,11172.6793,-1.0015
27117,4,Frequent Low-Spend Customers,805.8001,0.0,0.0777,11171.6778,11172.3972,-0.7194
27239,4,Frequent Low-Spend Customers,805.8001,0.0,0.0777,11171.6778,11172.3972,-0.7194
15170,4,Frequent Low-Spend Customers,805.8001,0.0,0.0777,11171.6778,11172.3972,-0.7194
27286,4,Frequent Low-Spend Customers,805.8001,0.0,0.0777,11171.6778,11171.6778,-0.0
27287,4,Frequent Low-Spend Customers,805.8001,0.0,0.0777,11171.6778,11171.6778,-0.0
27289,4,Frequent Low-Spend Customers,805.8001,0.0,0.0777,11171.6778,11171.6778,-0.0
27291,4,Frequent Low-Spend Customers,805.8001,0.0,0.0777,11171.6778,11171.6778,-0.0
27294,4,Frequent Low-Spend Customers,805.8001,0.0,0.0777,11171.6778,11171.6778,-0.0
27296,4,Frequent Low-Spend Customers,805.8001,0.0,0.0777,11171.6778,11171.6778,-0.0
15790,4,Frequent Low-Spend Customers,805.8001,0.0,0.0777,11171.6778,11171.6778,-0.0
15732,4,Frequent Low-Spend Customers,805.8001,0.0,0.0777,11171.6778,11171.6778,-0.0
15751,4,Frequent Low-Spend Customers,805.8001,0.0,0.0777,11171.6778,11171.6778,-0.0
15752,4,Frequent Low-Spend Customers,805.8001,0.0,0.0777,11171.6778,11171.6778,-0.0
15754,4,Frequent Low-Spend Customers,805.8001,0.0,0.0777,11171.6778,11171.6778,-0.0
27256,4,Frequent Low-Spend Customers,805.8001,0.0,0.0777,11171.6778,11171.6778,-0.0
11571,4,Frequent Low-Spend Customers,805.8001,0.0,0.0777,11171.6778,11171.6778,-0.0
11572,4,Frequent Low-Spend Customers,805.8001,0.0,0.0777,11171.6778,11171.6778,-0.0
11576,4,Frequent Low-Spend Customers,805.8001,0.0,0.0777,11171.6778,11171.6778,-0.0
15028,4,Frequent Low-Spend Customers,805.8001,0.0,0.0777,11171.6778,11171.6778,-0.0
15029,4,Frequent Low-Spend Customers,805.8001,0.0,0.0777,11171.6778,11171.6778,-0.0
15030,4,Frequent Low-Spend Customers,805.8001,0.0,0.0777,11171.6778,11171.6778,-0.0
15033,4,Frequent Low-Spend Customers,805.8001,0.0,0.0777,11171.6778,11171.6778,-0.0
11479,4,Frequent Low-Spend Customers,805.8001,0.0,0.0777,11171.6778,11171.6778,-0.0
27418,4,Frequent Low-Spend Customers,805.8001,0.0,0.0777,11171.6778,11171.6778,-0.0
27423,4,Frequent Low-Spend Customers,805.8001,0.0,0.0777,11171.6778,11171.6778,-0.0
27427,4,Frequent Low-Spend Customers,805.8001,0.0,0.0777,11171.6778,11171.6778,-0.0
27447,4,Frequent Low-Spend Customers,805.8001,0.0,0.0777,11171.6778,11171.6778,-0.0
27448,4,Frequent Low-Spend Customers,805.8001,0.0,0.0777,11171.6778,11171.6778,-0.0
13252,4,Frequent Low-Spend Customers,805.8001,0.0,0.0777,11171.6778,11171.6778,-0.0
13253,4,Frequent Low-Spend Customers,805.8001,0.0,0.0777,11171.6778,11171.6778,-0.0
13256,4,Frequent Low-Spend Customers,805.8001,0.0,0.0777,11171.6778,11171.6778,-0.0
14523,4,Frequent Low-Spend Customers,805.8001,0.0,0.0777,11171.6778,11171.6778,-0.0
27277,4,Frequent Low-Spend Customers,805.8001,0.0,0.0777,11171.6778,11171.6778,-0.0
27279,4,Frequent Low-Spend Customers,805.8001,0.0,0.0777,11171.6778,11171.6778,-0.0
12858,4,Frequent Low-Spend Customers,805.8001,0.0,0.0777,11171.6778,11171.6778,-0.0
12859,4,Frequent Low-Spend Customers,805.8001,0.0,0.0777,11171.6778,11171.6778,-0.0
12863,4,Frequent Low-Spend Customers,805.8001,0.0,0.0777,11171.6778,11171.6778,-0.0
12867,4,Frequent Low-Spend Customers,805.8001,0.0,0.0777,11171.6778,11171.6778,-0.0
12873,4,Frequent Low-Spend Customers,805.8001,0.0,0.0777,11171.6778,11171.6778,-0.0
12874,4,Frequent Low-Spend Customers,805.8001,0.0,0.0777,11171.6778,11171.6778,-0.0
15014,4,Frequent Low-Spend Customers,805.8001,0.0,0.0777,11171.6778,11171.6778,-0.0
13411,4,Frequent Low-Spend Customers,805.8001,0.0,0.0777,11171.6778,11171.6778,-0.0
27405,4,Frequent Low-Spend Customers,805.8001,0.0,0.0777,11171.6778,11171.6778,-0.0
27407,4,Frequent Low-Spend Customers,805.8001,0.0,0.0777,11171.6778,11171.6778,-0.0
11429,4,Frequent Low-Spend Customers,805.8001,0.0,0.0777,11171.6778,11171.6778,-0.0
15022,4,Frequent Low-Spend Customers,805.8001,0.0,0.0777,11171.6778,11171.6778,-0.0
15035,4,Frequent Low-Spend Customers,805.8001,0.0,0.0777,11171.6778,11171.6778,-0.0
15037,4,Frequent Low-Spend Customers,805.8001,0.0,0.0777,11171.6778,11171.6778,-0.0
15040,4,Frequent Low-Spend Customers,805.8001,0.0,0.0777,11171.6778,11171.6778,-0.0
15041,4,Frequent Low-Spend Customers,805.8001,0.0,0.0777,11171.6778,11171.6778,-0.0
15042,4,Frequent Low-Spend Customers,805.8001,0.0,0.0777,11171.6778,11171.6778,-0.0
15043,4,Frequent Low-Spend Customers,805.8001,0.0,0.0777,11171.6778,11171.6778,-0.0
12826,4,Frequent Low-Spend Customers,805.8001,0.0,0.0777,11171.6778,11171.6778,-0.0
12827,4,Frequent Low-Spend Customers,805.8001,0.0,0.0777,11171.6778,11171.6778,-0.0
13557,4,Frequent Low-Spend Customers,805.8001,0.0,0.0777,11171.6778,11171.6778,-0.0
14020,4,Frequent Low-Spend Customers,805.8001,0.0,0.0777,11171.6778,11171.6778,-0.0
27450,4,Frequent Low-Spend Customers,805.8001,0.0,0.0777,11171.6778,11171.6778,-0.0
27452,4,Frequent Low-Spend Customers,805.8001,0.0,0.0777,11171.6778,11171.6778,-0.0
11432,4,Frequent Low-Spend Customers,805.8001,0.0,0.0777,11171.6778,11171.6778,-0.0
27455,4,Frequent Low-Spend Customers,805.8001,0.0,0.0777,11171.6778,11171.6778,-0.0
27460,4,Frequent Low-Spend Customers,805.8001,0.0,0.0777,11171.6778,11171.6778,-0.0
27468,4,Frequent Low-Spend Customers,805.8001,0.0,0.0777,11171.6778,11171.6778,-0.0
27504,4,Frequent Low-Spend Customers,805.8001,0.0,0.0777,11171.6778,11171.6778,-0.0
27508,4,Frequent Low-Spend Customers,805.8001,0.0,0.0777,11171.6778,11171.6778,-0.0
27527,4,Frequent Low-Spend Customers,805.8001,0.0,0.0777,11171.6778,11171.6778,-0.0
27531,4,Frequent Low-Spend Customers,805.8001,0.0,0.0777,11171.6778,11171.6778,-0.0
27534,4,Frequent Low-Spend Customers,805.8001,0.0,0.0777,11171.6778,11171.6778,-0.0
13553,4,Frequent Low-Spend Customers,805.8001,0.0,0.0777,11171.6778,11171.6778,-0.0
13554,4,Frequent Low-Spend Customers,805.8001,0.0,0.0777,11171.6778,11171.6778,-0.0
15127,4,Frequent Low-Spend Customers,805.8001,0.0,0.0777,11171.6778,11171.6778,-0.0
15129,4,Frequent Low-Spend Customers,805.8001,0.0,0.0777,11171.6778,11171.6778,-0.0
15133,4,Frequent Low-Spend Customers,805.8001,0.0,0.0777,11171.6778,11171.6778,-0.0
15134,4,Frequent Low-Spend Customers,805.8001,0.0,0.0777,11171.6778,11171.6778,-0.0
15135,4,Frequent Low-Spend Customers,805.8001,0.0,0.0777,11171.6778,11171.6778,-0.0
27087,4,Frequent Low-Spend Customers,805.8001,0.0,0.0777,11171.6778,11171.6778,-0.0
15145,4,Frequent Low-Spend Customers,805.8001,0.0,0.0777,11171.6778,11171.6778,-0.0
14347,4,Frequent Low-Spend Customers,805.8001,0.0,0.0777,11171.6778,11171.6778,-0.0
14348,4,Frequent Low-Spend Customers,805.8001,0.0,0.0777,11171.6778,11171.6778,-0.0
14301,4,Frequent Low-Spend Customers,805.8001,0.0,0.0777,11171.6778,11171.6778,-0.0
14302,4,Frequent Low-Spend Customers,805.8001,0.0,0.0777,11171.6778,11171.6778,-0.0
14306,4,Frequent Low-Spend Customers,805.8001,0.0,0.0777,11171.6778,11171.6778,-0.0
15764,4,Frequent Low-Spend Customers,805.8001,0.0,0.0777,11171.6778,11171.6778,-0.0
15785,4,Frequent Low-Spend Customers,805.8001,0.0,0.0777,11171.6778,11171.6778,-0.0
15788,4,Frequent Low-Spend Customers,805.8001,0.0,0.0777,11171.6778,11171.6778,-0.0
12495,4,Frequent Low-Spend Customers,805.8001,0.0,0.0777,11171.6778,11171.6778,-0.0
11578,4,Frequent Low-Spend Customers,805.8001,0.0,0.0777,11171.6778,11171.6778,-0.0
11583,4,Frequent Low-Spend Customers,805.8001,0.0,0.0777,11171.6778,11171.6778,-0.0
15180,4,Frequent Low-Spend Customers,805.8001,0.0,0.0777,11171.6778,11171.6778,-0.0
16159,4,Frequent Low-Spend Customers,805.8001,0.0,0.0777,11171.6778,11171.6778,-0.0
16163,4,Frequent Low-Spend Customers,805.8001,0.0,0.0777,11171.6778,11171.6778,-0.0
15181,4,Frequent Low-Spend Customers,805.8001,0.0,0.0777,11171.6778,11171.6778,-0.0
15182,4,Frequent Low-Spend Customers,805.8001,0.0,0.0777,11171.6778,11171.6778,-0.0
15183,4,Frequent Low-Spend Customers,805.8001,0.0,0.0777,11171.6778,11171.6778,-0.0
15184,4,Frequent Low-Spend Customers,805.8001,0.0,0.0777,11171.6778,11171.6778,-0.0
15185,4,Frequent Low-Spend Customers,805.8001,0.0,0.0777,11171.6778,11171.6778,-0.0
15121,4,Frequent Low-Spend Customers,805.8001,0.0,0.0777,11171.6778,11171.6778,-0.0
15122,4,Frequent Low-Spend Customers,805.8001,0.0,0.0777,11171.6778,11171.6778,-0.0
14323,4,Frequent Low-Spend Customers,805.8001,0.0,0.0777,11171.6778,11171.6778,-0.0
14326,4,Frequent Low-Spend Customers,805.8001,0.0,0.0777,11171.6778,11171.6778,-0.0
12500,4,Frequent Low-Spend Customers,805.8001,0.0,0.0777,11171.6778,11171.6778,-0.0
14277,4,Frequent Low-Spend Customers,805.8001,0.0,0.0777,11171.6778,11171.6778,-0.0
12501,4,Frequent Low-Spend Customers,805.8001,0.0,0.0777,11171.6778,11171.6778,-0.0
14346,4,Frequent Low-Spend Customers,805.8001,0.0,0.0777,11171.6778,11171.6778,-0.0
15169,4,Frequent Low-Spend Customers,805.8001,0.0,0.0777,11171.6778,11171.6778,-0.0
15179,4,Frequent Low-Spend Customers,805.8001,0.0,0.0777,11171.6778,11171.6778,-0.0
12846,4,Frequent Low-Spend Customers,805.8001,0.0,0.0777,11171.6778,11171.6778,-0.0
12855,4,Frequent Low-Spend Customers,805.8001,0.0,0.0777,11171.6778,11171.6778,-0.0
12856,4,Frequent Low-Spend Customers,805.8001,0.0,0.0777,11171.6778,11171.6778,-0.0
12807,4,Frequent Low-Spend Customers,805.8001,0.0,0.0777,11171.6778,11171.6778,-0.0
15644,4,Frequent Low-Spend Customers,805.8001,0.0,0.0777,11171.6778,11171.6778,-0.0
15648,4,Frequent Low-Spend Customers,805.8001,0.0,0.0777,11171.6778,11171.6778,-0.0
15221,4,Frequent Low-Spend Customers,805.8001,0.0,0.0777,11171.6778,11171.6778,-0.0
15223,4,Frequent Low-Spend Customers,805.8001,0.0,0.0777,11171.6778,11171.6778,-0.0
15225,4,Frequent Low-Spend Customers,805.8001,0.0,0.0777,11171.6778,11171.6778,-0.0
15226,4,Frequent Low-Spend Customers,805.8001,0.0,0.0777,11171.6778,11171.6778,-0.0
15205,4,Frequent Low-Spend Customers,805.8001,0.0,0.0777,11171.6778,11171.6778,-0.0
15207,4,Frequent Low-Spend Customers,805.8001,0.0,0.0777,11171.6778,11171.6778,-0.0
21336,4,Frequent Low-Spend Customers,805.8001,0.0,0.0777,11171.6778,11171.6778,-0.0
21352,4,Frequent Low-Spend Customers,805.8001,0.0,0.0777,11171.6778,11171.6778,-0.0
21354,4,Frequent Low-Spend Customers,805.8001,0.0,0.0777,11171.6778,11171.6778,-0.0
15262,4,Frequent Low-Spend Customers,805.8001,0.0,0.0777,11171.6778,11171.6778,-0.0
15266,4,Frequent Low-Spend Customers,805.8001,0.0,0.0777,11171.6778,11171.6778,-0.0
15268,4,Frequent Low-Spend Customers,805.8001,0.0,0.0777,11171.6778,11171.6778,-0.0
21620,4,Frequent Low-Spend Customers,805.8001,0.0,0.0777,11171.6778,11171.6778,-0.0
21642,4,Frequent Low-Spend Customers,805.8001,0.0,0.0777,11171.6778,11171.6778,-0.0
15797,4,Frequent Low-Spend Customers,805.8001,0.0,0.0777,11171.6778,11171.6778,-0.0
15799,4,Frequent Low-Spend Customers,805.8001,0.0,0.0777,11171.6778,11171.6778,-0.0
15830,4,Frequent Low-Spend Customers,805.8001,0.0,0.0777,11171.6778,11171.6778,-0.0
12487,4,Frequent Low-Spend Customers,805.8001,0.0,0.0777,11171.6778,11171.6778,-0.0
15833,4,Frequent Low-Spend Customers,805.8001,0.0,0.0777,11171.6778,11171.6778,-0.0
14310,4,Frequent Low-Spend Customers,805.8001,0.0,0.0777,11171.6778,11171.6778,-0.0
15210,4,Frequent Low-Spend Customers,805.8001,0.0,0.0777,11171.6778,11171.6778,-0.0
15211,4,Frequent Low-Spend Customers,805.8001,0.0,0.0777,11171.6778,11171.6778,-0.0
15214,4,Frequent Low-Spend Customers,805.8001,0.0,0.0777,11171.6778,11171.6778,-0.0
12713,4,Frequent Low-Spend Customers,805.8001,0.0,0.0777,11171.6778,11171.6778,-0.0
12736,4,Frequent Low-Spend Customers,805.8001,0.0,0.0777,11171.6778,11171.6778,-0.0
12742,4,Frequent Low-Spend Customers,805.8001,0.0,0.0777,11171.6778,11171.6778,-0.0
12745,4,Frequent Low-Spend Customers,805.8001,0.0,0.0777,11171.6778,11171.6778,-0.0
15642,4,Frequent Low-Spend Customers,805.8001,0.0,0.0777,11171.6778,11171.6778,-0.0
15643,4,Frequent Low-Spend Customers,805.8001,0.0,0.0777,11171.6778,11171.6778,-0.0
15580,4,Frequent Low-Spend Customers,805.8001,0.0,0.0777,11171.6778,11171.6778,-0.0
14236,4,Frequent Low-Spend Customers,805.8001,0.0,0.0777,11171.6778,11171.6778,-0.0
14260,4,Frequent Low-Spend Customers,805.8001,0.0,0.0777,11171.6778,11171.6778,-0.0
14262,4,Frequent Low-Spend Customers,805.8001,0.0,0.0777,11171.6778,11171.6778,-0.0
14226,4,Frequent Low-Spend Customers,805.8001,0.0,0.0777,11171.6778,11171.6778,-0.0
27549,4,Frequent Low-Spend Customers,805.8001,0.0,0.0777,11171.6778,11171.6778,-0.0
27552,4,Frequent Low-Spend Customers,805.8001,0.0,0.0777,11171.6778,11171.6778,-0.0
27554,4,Frequent Low-Spend Customers,805.8001,0.0,0.0777,11171.6778,11171.6778,-0.0
14299,4,Frequent Low-Spend Customers,805.8001,0.0,0.0777,11171.6778,11171.6778,-0.0
14300,4,Frequent Low-Spend Customers,805.8001,0.0,0.0777,11171.6778,11171.6778,-0.0
12645,4,Frequent Low-Spend Customers,805.8001,0.0,0.0777,11171.6778,11171.6778,-0.0
27228,4,Frequent Low-Spend Customers,805.8001,0.0,0.0777,11171.6778,11171.6778,-0.0
15586,4,Frequent Low-Spend Customers,805.8001,0.0,0.0777,11171.6778,11171.6778,-0.0
15587,4,Frequent Low-Spend Customers,805.8001,0.0,0.0777,11171.6778,11171.6778,-0.0
15589,4,Frequent Low-Spend Customers,805.8001,0.0,0.0777,11171.6778,11171.6778,-0.0
15597,4,Frequent Low-Spend Customers,805.8001,0.0,0.0777,11171.6778,11171.6778,-0.0
15600,4,Frequent Low-Spend Customers,805.8001,0.0,0.0777,11171.6778,11171.6778,-0.0
12658,4,Frequent Low-Spend Customers,805.8001,0.0,0.0777,11171.6778,11171.6778,-0.0
14234,4,Frequent Low-Spend Customers,805.8001,0.0,0.0777,11171.6778,11171.6778,-0.0
14235,4,Frequent Low-Spend Customers,805.8001,0.0,0.0777,11171.6778,11171.6778,-0.0
27094,4,Frequent Low-Spend Customers,805.8001,0.0,0.0777,11171.6778,11171.6778,-0.0
27096,4,Frequent Low-Spend Customers,805.8001,0.0,0.0777,11171.6778,11171.6778,-0.0
14672,4,Frequent Low-Spend Customers,805.8001,0.0,0.0777,11171.6778,11171.6778,-0.0
12479,4,Frequent Low-Spend Customers,805.8001,0.0,0.0777,11171.6778,11171.6778,-0.0
27271,4,Frequent Low-Spend Customers,805.8001,0.0,0.0777,11171.6778,11171.6778,-0.0
27273,4,Frequent Low-Spend Customers,805.8001,0.0,0.0777,11171.6778,11171.6778,-0.0
27576,4,Frequent Low-Spend Customers,805.8001,0.0,0.0777,11171.6778,11171.6778,-0.0
27206,4,Frequent Low-Spend Customers,805.8001,0.0,0.0777,11171.6778,11171.6778,-0.0
27211,4,Frequent Low-Spend Customers,805.8001,0.0,0.0777,11171.6778,11171.6778,-0.0
27212,4,Frequent Low-Spend Customers,805.8001,0.0,0.0777,11171.6778,11171.6778,-0.0
21400,4,Frequent Low-Spend Customers,805.8001,0.0,0.0777,11171.6778,11171.6778,-0.0
15575,4,Frequent Low-Spend Customers,805.8001,0.0,0.0777,11171.6778,11171.6778,-0.0
15578,4,Frequent Low-Spend Customers,805.8001,0.0,0.0777,11171.6778,11171.6778,-0.0
27227,4,Frequent Low-Spend Customers,805.8001,0.0,0.0777,11171.6778,11171.6778,-0.0
27257,4,Frequent Low-Spend Customers,805.8001,0.0,0.0777,11171.6778,11171.6778,-0.0
27258,4,Frequent Low-Spend Customers,805.8001,0.0,0.0777,11171.6778,11171.6778,-0.0
27264,4,Frequent Low-Spend Customers,805.8001,0.0,0.0777,11171.6778,11171.6778,-0.0
27266,4,Frequent Low-Spend Customers,805.8001,0.0,0.0777,11171.6778,11171.6778,-0.0
14668,4,Frequent Low-Spend Customers,805.8001,0.0,0.0777,11171.6778,11171.6778,-0.0
14670,4,Frequent Low-Spend Customers,805.8001,0.0,0.0777,11171.6778,11171.6778,-0.0
14671,4,Frequent Low-Spend Customers,805.8001,0.0,0.0777,11171.6778,11171.6778,-0.0
27572,4,Frequent Low-Spend Customers,805.8001,0.0,0.0777,11171.6778,11171.6778,-0.0
11420,4,Frequent Low-Spend Customers,805.8001,0.0,0.0777,11171.6778,11171.6778,-0.0
14673,4,Frequent Low-Spend Customers,805.8001,0.0,0.0777,11171.6778,11171.6778,-0.0
11546,4,Frequent Low-Spend Customers,805.8001,0.0,0.0777,11171.6778,11171.6778,-0.0
27079,4,Frequent Low-Spend Customers,805.8001,0.0,0.0777,11171.6778,11171.6778,-0.0
27080,4,Frequent Low-Spend Customers,805.8001,0.0,0.0777,11171.6778,11171.6778,-0.0
27234,4,Frequent Low-Spend Customers,805.8001,0.0,0.0777,11171.6778,11171.6778,-0.0
15143,4,Frequent Low-Spend Customers,805.8001,0.0,0.0777,11171.6778,11171.6778,-0.0
27250,4,Frequent Low-Spend Customers,805.8001,0.0,0.0777,11171.6778,11171.6778,-0.0
15725,4,Frequent Low-Spend Customers,805.8001,0.0,0.0777,11171.6778,11171.6778,-0.0
27088,4,Frequent Low-Spend Customers,805.8001,0.0,0.0777,11171.6778,11171.6778,-0.0
27091,4,Frequent Low-Spend Customers,805.8001,0.0,0.0777,11171.6778,11171.6778,-0.0
27092,4,Frequent Low-Spend Customers,805.8001,0.0,0.0777,11171.6778,11171.6778,-0.0
27573,4,Frequent Low-Spend Customers,805.8001,0.0,0.0777,11171.6778,11171.6778,-0.0
16157,4,Frequent Low-Spend Customers,805.8001,0.0,0.0777,11171.6778,11171.6778,-0.0
27093,4,Frequent Low-Spend Customers,805.8001,0.0,0.0777,11171.6778,11171.6778,-0.0
15425,4,Frequent Low-Spend Customers,805.8001,0.0,0.0777,11171.6778,11171.6778,-0.0
15435,4,Frequent Low-Spend Customers,805.8001,0.0,0.0777,11171.6778,11171.6778,-0.0
15436,4,Frequent Low-Spend Customers,805.8001,0.0,0.0777,11171.6778,11171.6778,-0.0
27106,4,Frequent Low-Spend Customers,805.8001,0.0,0.0777,11171.6778,11171.6778,-0.0
27537,4,Frequent Low-Spend Customers,805.8001,0.0,0.0777,11171.6778,11171.6778,-0.0
27540,4,Frequent Low-Spend Customers,805.8001,0.0,0.0777,11171.6778,11171.6778,-0.0
27541,4,Frequent Low-Spend Customers,805.8001,0.0,0.0777,11171.6778,11171.6778,-0.0
27542,4,Frequent Low-Spend Customers,805.8001,0.0,0.0777,11171.6778,11171.6778,-0.0
27544,4,Frequent Low-Spend Customers,805.8001,0.0,0.0777,11171.6778,11171.6778,-0.0
27107,4,Frequent Low-Spend Customers,805.8001,0.0,0.0777,11171.6778,11171.6778,-0.0
27569,4,Frequent Low-Spend Customers,805.8001,0.0,0.0777,11171.6778,11171.6778,-0.0
27570,4,Frequent Low-Spend Customers,805.8001,0.0,0.0777,11171.6778,11171.6778,-0.0
12475,4,Frequent Low-Spend Customers,805.8001,0.0,0.0777,11171.6778,11171.6778,-0.0
27097,4,Frequent Low-Spend Customers,805.8001,0.0,0.0777,11171.6778,11171.6778,-0.0
27575,4,Frequent Low-Spend Customers,805.8001,0.0,0.0777,11171.6778,11171.6778,-0.0
27108,4,Frequent Low-Spend Customers,805.8001,0.0,0.0777,11171.6778,11171.6778,-0.0
27114,4,Frequent Low-Spend Customers,805.8001,0.0,0.0777,11171.6778,11171.6778,-0.0
14064,4,Frequent Low-Spend Customers,805.8001,0.0,0.0777,11171.6778,11171.6778,-0.0
27116,4,Frequent Low-Spend Customers,805.8001,0.0,0.0777,11171.6778,11171.6778,-0.0
15438,4,Frequent Low-Spend Customers,805.8001,0.0,0.0777,11171.6778,11171.6778,-0.0
12521,4,Frequent Low-Spend Customers,805.8001,0.0,0.0777,11171.6778,11171.6778,-0.0
12546,4,Frequent Low-Spend Customers,805.8001,0.0,0.0777,11171.6778,11171.6778,-0.0
27195,4,Frequent Low-Spend Customers,805.8001,0.0,0.0777,11171.6778,11171.6778,-0.0
12634,4,Frequent Low-Spend Customers,805.8001,0.0,0.0777,11171.6778,11171.6778,-0.0
16027,4,Frequent Low-Spend Customers,805.8001,0.0,0.0777,11171.6778,11171.6778,-0.0
16028,4,Frequent Low-Spend Customers,805.8001,0.0,0.0777,11171.6778,11171.6778,-0.0
16029,4,Frequent Low-Spend Customers,805.8001,0.0,0.0777,11171.6778,11171.6778,-0.0
27281,4,Frequent Low-Spend Customers,805.8001,0.0,0.0777,11171.6778,11171.6778,-0.0
11378,4,Frequent Low-Spend Customers,805.8001,0.0,0.0777,11171.6778,11171.6778,-0.0
16025,4,Frequent Low-Spend Customers,805.8001,0.0,0.0777,11171.6778,11171.2765,0.4013
15792,4,Frequent Low-Spend Customers,805.8001,0.0,0.0777,11171.6778,11171.2765,0.4013
21658,4,Frequent Low-Spend Customers,805.8001,0.0,0.0777,11171.6778,11155.3005,16.3773
27547,4,Frequent Low-Spend Customers,805.8001,0.0,0.0777,11171.6778,11155.3005,16.3773
15729,4,Frequent Low-Spend Customers,805.8001,0.0,0.0777,11171.6778,11154.1006,17.5772
27571,4,Frequent Low-Spend Customers,805.8001,0.0,0.0777,11171.6778,11154.1006,17.5772
12850,4,Frequent Low-Spend Customers,805.8001,0.0,0.0777,11171.6778,11154.1006,17.5772
21349,1,High Value but Cooling,1227.0738,0.0,0.1241,11111.8467,11092.4722,19.3745
16031,4,Frequent Low-Spend Customers,797.1169,0.0,0.0777,11051.2932,11051.4939,-0.2006
15808,4,Frequent Low-Spend Customers,797.1169,0.0,0.0777,11051.2932,11051.4939,-0.2006
12624,4,Frequent Low-Spend Customers,797.1169,0.0,0.0777,11051.2932,11051.2932,-0.0
21629,4,Frequent Low-Spend Customers,797.1169,0.0,0.0777,11051.2932,11051.2932,-0.0
21622,4,Frequent Low-Spend Customers,797.1169,0.0,0.0777,11051.2932,11051.2932,-0.0
21621,4,Frequent Low-Spend Customers,797.1169,0.0,0.0777,11051.2932,11051.2932,-0.0
21618,4,Frequent Low-Spend Customers,797.1169,0.0,0.0777,11051.2932,11051.2932,-0.0
21614,4,Frequent Low-Spend Customers,797.1169,0.0,0.0777,11051.2932,11051.2932,-0.0
21613,4,Frequent Low-Spend Customers,797.1169,0.0,0.0777,11051.2932,11051.2932,-0.0
21595,4,Frequent Low-Spend Customers,797.1169,0.0,0.0777,11051.2932,11051.2932,-0.0
15596,4,Frequent Low-Spend Customers,797.1169,0.0,0.0777,11051.2932,11051.2932,-0.0
15601,4,Frequent Low-Spend Customers,797.1169,0.0,0.0777,11051.2932,11051.2932,-0.0
21423,4,Frequent Low-Spend Customers,797.1169,0.0,0.0777,11051.2932,11051.2932,-0.0
12644,4,Frequent Low-Spend Customers,797.1169,0.0,0.0777,11051.2932,11051.2932,-0.0
11379,4,Frequent Low-Spend Customers,797.1169,0.0,0.0777,11051.2932,11051.2932,-0.0
12747,4,Frequent Low-Spend Customers,797.1169,0.0,0.0777,11051.2932,11051.2932,-0.0
12712,4,Frequent Low-Spend Customers,797.1169,0.0,0.0777,11051.2932,11051.2932,-0.0
12735,4,Frequent Low-Spend Customers,797.1169,0.0,0.0777,11051.2932,11051.2932,-0.0
21589,4,Frequent Low-Spend Customers,797.1169,0.0,0.0777,11051.2932,11051.2932,-0.0
21582,4,Frequent Low-Spend Customers,797.1169,0.0,0.0777,11051.2932,11051.2932,-0.0
12648,4,Frequent Low-Spend Customers,797.1169,0.0,0.0777,11051.2932,11051.2932,-0.0
12653,4,Frequent Low-Spend Customers,797.1169,0.0,0.0777,11051.2932,11051.2932,-0.0
15588,4,Frequent Low-Spend Customers,797.1169,0.0,0.0777,11051.2932,11051.2932,-0.0
15590,4,Frequent Low-Spend Customers,797.1169,0.0,0.0777,11051.2932,11051.2932,-0.0
15591,4,Frequent Low-Spend Customers,797.1169,0.0,0.0777,11051.2932,11051.2932,-0.0
15595,4,Frequent Low-Spend Customers,797.1169,0.0,0.0777,11051.2932,11051.2932,-0.0
15218,4,Frequent Low-Spend Customers,797.1169,0.0,0.0777,11051.2932,11051.2932,-0.0
15215,4,Frequent Low-Spend Customers,797.1169,0.0,0.0777,11051.2932,11051.2932,-0.0
15585,4,Frequent Low-Spend Customers,797.1169,0.0,0.0777,11051.2932,11051.2932,-0.0
15219,4,Frequent Low-Spend Customers,797.1169,0.0,0.0777,11051.2932,11051.2932,-0.0
12839,4,Frequent Low-Spend Customers,797.1169,0.0,0.0777,11051.2932,11051.2932,-0.0
12852,4,Frequent Low-Spend Customers,797.1169,0.0,0.0777,11051.2932,11051.2932,-0.0
12854,4,Frequent Low-Spend Customers,797.1169,0.0,0.0777,11051.2932,11051.2932,-0.0
15582,4,Frequent Low-Spend Customers,797.1169,0.0,0.0777,11051.2932,11051.2932,-0.0
12806,4,Frequent Low-Spend Customers,797.1169,0.0,0.0777,11051.2932,11051.2932,-0.0
12829,4,Frequent Low-Spend Customers,797.1169,0.0,0.0777,11051.2932,11051.2932,-0.0
12833,4,Frequent Low-Spend Customers,797.1169,0.0,0.0777,11051.2932,11051.2932,-0.0
11382,4,Frequent Low-Spend Customers,797.1169,0.0,0.0777,11051.2932,11051.2932,-0.0
12860,4,Frequent Low-Spend Customers,797.1169,0.0,0.0777,11051.2932,11051.2932,-0.0
12861,4,Frequent Low-Spend Customers,797.1169,0.0,0.0777,11051.2932,11051.2932,-0.0
15229,4,Frequent Low-Spend Customers,797.1169,0.0,0.0777,11051.2932,11051.2932,-0.0
12857,4,Frequent Low-Spend Customers,797.1169,0.0,0.0777,11051.2932,11051.2932,-0.0
15192,4,Frequent Low-Spend Customers,797.1169,0.0,0.0777,11051.2932,11051.2932,-0.0
15204,4,Frequent Low-Spend Customers,797.1169,0.0,0.0777,11051.2932,11051.2932,-0.0
15209,4,Frequent Low-Spend Customers,797.1169,0.0,0.0777,11051.2932,11051.2932,-0.0
15208,4,Frequent Low-Spend Customers,797.1169,0.0,0.0777,11051.2932,11051.2932,-0.0
21348,4,Frequent Low-Spend Customers,797.1169,0.0,0.0777,11051.2932,11051.2932,-0.0
15265,4,Frequent Low-Spend Customers,797.1169,0.0,0.0777,11051.2932,11051.2932,-0.0
15267,4,Frequent Low-Spend Customers,797.1169,0.0,0.0777,11051.2932,11051.2932,-0.0
11406,4,Frequent Low-Spend Customers,797.1169,0.0,0.0777,11051.2932,11051.2932,-0.0
11410,4,Frequent Low-Spend Customers,797.1169,0.0,0.0777,11051.2932,11051.2932,-0.0
27081,4,Frequent Low-Spend Customers,797.1169,0.0,0.0777,11051.2932,11051.2932,-0.0
27083,4,Frequent Low-Spend Customers,797.1169,0.0,0.0777,11051.2932,11051.2932,-0.0
27086,4,Frequent Low-Spend Customers,797.1169,0.0,0.0777,11051.2932,11051.2932,-0.0
27089,4,Frequent Low-Spend Customers,797.1169,0.0,0.0777,11051.2932,11051.2932,-0.0
27090,4,Frequent Low-Spend Customers,797.1169,0.0,0.0777,11051.2932,11051.2932,-0.0
27105,4,Frequent Low-Spend Customers,797.1169,0.0,0.0777,11051.2932,11051.2932,-0.0
27193,4,Frequent Low-Spend Customers,797.1169,0.0,0.0777,11051.2932,11051.2932,-0.0
27199,4,Frequent Low-Spend Customers,797.1169,0.0,0.0777,11051.2932,11051.2932,-0.0
15151,4,Frequent Low-Spend Customers,797.1169,0.0,0.0777,11051.2932,11051.2932,-0.0
15152,4,Frequent Low-Spend Customers,797.1169,0.0,0.0777,11051.2932,11051.2932,-0.0
15171,4,Frequent Low-Spend Customers,797.1169,0.0,0.0777,11051.2932,11051.2932,-0.0
15178,4,Frequent Low-Spend Customers,797.1169,0.0,0.0777,11051.2932,11051.2932,-0.0
15645,4,Frequent Low-Spend Customers,797.1169,0.0,0.0777,11051.2932,11051.2932,-0.0
15646,4,Frequent Low-Spend Customers,797.1169,0.0,0.0777,11051.2932,11051.2932,-0.0
15647,4,Frequent Low-Spend Customers,797.1169,0.0,0.0777,11051.2932,11051.2932,-0.0
15220,4,Frequent Low-Spend Customers,797.1169,0.0,0.0777,11051.2932,11051.2932,-0.0
15227,4,Frequent Low-Spend Customers,797.1169,0.0,0.0777,11051.2932,11051.2932,-0.0
15228,4,Frequent Low-Spend Customers,797.1169,0.0,0.0777,11051.2932,11051.2932,-0.0
15038,4,Frequent Low-Spend Customers,797.1169,0.0,0.0777,11051.2932,11051.2932,-0.0
15044,4,Frequent Low-Spend Customers,797.1169,0.0,0.0777,11051.2932,11051.2932,-0.0
15130,4,Frequent Low-Spend Customers,797.1169,0.0,0.0777,11051.2932,11051.2932,-0.0
15144,4,Frequent Low-Spend Customers,797.1169,0.0,0.0777,11051.2932,11051.2932,-0.0
11587,4,Frequent Low-Spend Customers,797.1169,0.0,0.0777,11051.2932,11051.2932,-0.0
11588,4,Frequent Low-Spend Customers,797.1169,0.0,0.0777,11051.2932,11051.2932,-0.0
11590,4,Frequent Low-Spend Customers,797.1169,0.0,0.0777,11051.2932,11051.2932,-0.0
15120,4,Frequent Low-Spend Customers,797.1169,0.0,0.0777,11051.2932,11051.2932,-0.0
15150,4,Frequent Low-Spend Customers,797.1169,0.0,0.0777,11051.2932,11051.2932,-0.0
27231,4,Frequent Low-Spend Customers,797.1169,0.0,0.0777,11051.2932,11051.2932,-0.0
27232,4,Frequent Low-Spend Customers,797.1169,0.0,0.0777,11051.2932,11051.2932,-0.0
27235,4,Frequent Low-Spend Customers,797.1169,0.0,0.0777,11051.2932,11051.2932,-0.0
27240,4,Frequent Low-Spend Customers,797.1169,0.0,0.0777,11051.2932,11051.2932,-0.0
12738,4,Frequent Low-Spend Customers,797.1169,0.0,0.0777,11051.2932,11051.2932,-0.0
12808,4,Frequent Low-Spend Customers,797.1169,0.0,0.0777,11051.2932,11051.2932,-0.0
12813,4,Frequent Low-Spend Customers,797.1169,0.0,0.0777,11051.2932,11051.2932,-0.0
12816,4,Frequent Low-Spend Customers,797.1169,0.0,0.0777,11051.2932,11051.2932,-0.0
12825,4,Frequent Low-Spend Customers,797.1169,0.0,0.0777,11051.2932,11051.2932,-0.0
15213,4,Frequent Low-Spend Customers,797.1169,0.0,0.0777,11051.2932,11051.2932,-0.0
12484,4,Frequent Low-Spend Customers,797.1169,0.0,0.0777,11051.2932,11051.2932,-0.0
12499,4,Frequent Low-Spend Customers,797.1169,0.0,0.0777,11051.2932,11051.2932,-0.0
15723,4,Frequent Low-Spend Customers,797.1169,0.0,0.0777,11051.2932,11051.2932,-0.0
15722,4,Frequent Low-Spend Customers,797.1169,0.0,0.0777,11051.2932,11051.2932,-0.0
15719,4,Frequent Low-Spend Customers,797.1169,0.0,0.0777,11051.2932,11051.2932,-0.0
15717,4,Frequent Low-Spend Customers,797.1169,0.0,0.0777,11051.2932,11051.2932,-0.0
15716,4,Frequent Low-Spend Customers,797.1169,0.0,0.0777,11051.2932,11051.2932,-0.0
27103,4,Frequent Low-Spend Customers,797.1169,0.0,0.0777,11051.2932,11051.2932,-0.0
27095,4,Frequent Low-Spend Customers,797.1169,0.0,0.0777,11051.2932,11051.2932,-0.0
27251,4,Frequent Low-Spend Customers,797.1169,0.0,0.0777,11051.2932,11051.2932,-0.0
27201,4,Frequent Low-Spend Customers,797.1169,0.0,0.0777,11051.2932,11051.2932,-0.0
27205,4,Frequent Low-Spend Customers,797.1169,0.0,0.0777,11051.2932,11051.2932,-0.0
27226,4,Frequent Low-Spend Customers,797.1169,0.0,0.0777,11051.2932,11051.2932,-0.0
15724,4,Frequent Low-Spend Customers,797.1169,0.0,0.0777,11051.2932,11051.2932,-0.0
15015,4,Frequent Low-Spend Customers,797.1169,0.0,0.0777,11051.2932,11051.2932,-0.0
27104,4,Frequent Low-Spend Customers,797.1169,0.0,0.0777,11051.2932,11051.2932,-0.0
15027,4,Frequent Low-Spend Customers,797.1169,0.0,0.0777,11051.2932,11051.2932,-0.0
14855,4,Frequent Low-Spend Customers,797.1169,0.0,0.0777,11051.2932,11051.2932,-0.0
27262,4,Frequent Low-Spend Customers,797.1169,0.0,0.0777,11051.2932,11051.2932,-0.0
27263,4,Frequent Low-Spend Customers,797.1169,0.0,0.0777,11051.2932,11051.2932,-0.0
27268,4,Frequent Low-Spend Customers,797.1169,0.0,0.0777,11051.2932,11051.2932,-0.0
15726,4,Frequent Low-Spend Customers,797.1169,0.0,0.0777,11051.2932,11051.2932,-0.0
15733,4,Frequent Low-Spend Customers,797.1169,0.0,0.0777,11051.2932,11051.2932,-0.0
15753,4,Frequent Low-Spend Customers,797.1169,0.0,0.0777,11051.2932,11051.2932,-0.0
15755,4,Frequent Low-Spend Customers,797.1169,0.0,0.0777,11051.2932,11051.2932,-0.0
14666,4,Frequent Low-Spend Customers,797.1169,0.0,0.0777,11051.2932,11051.2932,-0.0
14667,4,Frequent Low-Spend Customers,797.1169,0.0,0.0777,11051.2932,11051.2932,-0.0
14676,4,Frequent Low-Spend Customers,797.1169,0.0,0.0777,11051.2932,11051.2932,-0.0
27276,4,Frequent Low-Spend Customers,797.1169,0.0,0.0777,11051.2932,11051.2932,-0.0
27254,4,Frequent Low-Spend Customers,797.1169,0.0,0.0777,11051.2932,11051.2932,-0.0
27255,4,Frequent Low-Spend Customers,797.1169,0.0,0.0777,11051.2932,11051.2932,-0.0
27260,4,Frequent Low-Spend Customers,797.1169,0.0,0.0777,11051.2932,11051.2932,-0.0
27269,4,Frequent Low-Spend Customers,797.1169,0.0,0.0777,11051.2932,11051.2932,-0.0
15032,4,Frequent Low-Spend Customers,797.1169,0.0,0.0777,11051.2932,11051.2932,-0.0
27274,4,Frequent Low-Spend Customers,797.1169,0.0,0.0777,11051.2932,11051.2932,-0.0
27295,4,Frequent Low-Spend Customers,797.1169,0.0,0.0777,11051.2932,11051.2932,-0.0
13254,4,Frequent Low-Spend Customers,797.1169,0.0,0.0777,11051.2932,11051.2932,-0.0
27275,4,Frequent Low-Spend Customers,797.1169,0.0,0.0777,11051.2932,11051.2932,-0.0
27416,4,Frequent Low-Spend Customers,797.1169,0.0,0.0777,11051.2932,11051.2932,-0.0
27421,4,Frequent Low-Spend Customers,797.1169,0.0,0.0777,11051.2932,11051.2932,-0.0
27424,4,Frequent Low-Spend Customers,797.1169,0.0,0.0777,11051.2932,11051.2932,-0.0
13251,4,Frequent Low-Spend Customers,797.1169,0.0,0.0777,11051.2932,11051.2932,-0.0
27425,4,Frequent Low-Spend Customers,797.1169,0.0,0.0777,11051.2932,11051.2932,-0.0
14305,4,Frequent Low-Spend Customers,797.1169,0.0,0.0777,11051.2932,11051.2932,-0.0
15767,4,Frequent Low-Spend Customers,797.1169,0.0,0.0777,11051.2932,11051.2932,-0.0
15765,4,Frequent Low-Spend Customers,797.1169,0.0,0.0777,11051.2932,11051.2932,-0.0
15784,4,Frequent Low-Spend Customers,797.1169,0.0,0.0777,11051.2932,11051.2932,-0.0
15789,4,Frequent Low-Spend Customers,797.1169,0.0,0.0777,11051.2932,11051.2932,-0.0
15793,4,Frequent Low-Spend Customers,797.1169,0.0,0.0777,11051.2932,11051.2932,-0.0
13255,4,Frequent Low-Spend Customers,797.1169,0.0,0.0777,11051.2932,11051.2932,-0.0
15800,4,Frequent Low-Spend Customers,797.1169,0.0,0.0777,11051.2932,11051.2932,-0.0
15801,4,Frequent Low-Spend Customers,797.1169,0.0,0.0777,11051.2932,11051.2932,-0.0
15802,4,Frequent Low-Spend Customers,797.1169,0.0,0.0777,11051.2932,11051.2932,-0.0
15831,4,Frequent Low-Spend Customers,797.1169,0.0,0.0777,11051.2932,11051.2932,-0.0
14308,4,Frequent Low-Spend Customers,797.1169,0.0,0.0777,11051.2932,11051.2932,-0.0
14316,4,Frequent Low-Spend Customers,797.1169,0.0,0.0777,11051.2932,11051.2932,-0.0
14322,4,Frequent Low-Spend Customers,797.1169,0.0,0.0777,11051.2932,11051.2932,-0.0
14324,4,Frequent Low-Spend Customers,797.1169,0.0,0.0777,11051.2932,11051.2932,-0.0
14325,4,Frequent Low-Spend Customers,797.1169,0.0,0.0777,11051.2932,11051.2932,-0.0
14276,4,Frequent Low-Spend Customers,797.1169,0.0,0.0777,11051.2932,11051.2932,-0.0
14345,4,Frequent Low-Spend Customers,797.1169,0.0,0.0777,11051.2932,11051.2932,-0.0
27280,4,Frequent Low-Spend Customers,797.1169,0.0,0.0777,11051.2932,11051.2932,-0.0
27288,4,Frequent Low-Spend Customers,797.1169,0.0,0.0777,11051.2932,11051.2932,-0.0
27292,4,Frequent Low-Spend Customers,797.1169,0.0,0.0777,11051.2932,11051.2932,-0.0
27261,4,Frequent Low-Spend Customers,797.1169,0.0,0.0777,11051.2932,11051.2932,-0.0
27272,4,Frequent Low-Spend Customers,797.1169,0.0,0.0777,11051.2932,11051.2932,-0.0
14279,4,Frequent Low-Spend Customers,797.1169,0.0,0.0777,11051.2932,11051.2932,-0.0
14230,4,Frequent Low-Spend Customers,797.1169,0.0,0.0777,11051.2932,11051.2932,-0.0
14225,4,Frequent Low-Spend Customers,797.1169,0.0,0.0777,11051.2932,11051.2932,-0.0
14304,4,Frequent Low-Spend Customers,797.1169,0.0,0.0777,11051.2932,11051.2932,-0.0
14303,4,Frequent Low-Spend Customers,797.1169,0.0,0.0777,11051.2932,11051.2932,-0.0
14286,4,Frequent Low-Spend Customers,797.1169,0.0,0.0777,11051.2932,11051.2932,-0.0
27431,4,Frequent Low-Spend Customers,797.1169,0.0,0.0777,11051.2932,11051.2932,-0.0
14287,4,Frequent Low-Spend Customers,797.1169,0.0,0.0777,11051.2932,11051.2932,-0.0
13408,4,Frequent Low-Spend Customers,797.1169,0.0,0.0777,11051.2932,11051.2932,-0.0
13517,4,Frequent Low-Spend Customers,797.1169,0.0,0.0777,11051.2932,11051.2932,-0.0
27453,4,Frequent Low-Spend Customers,797.1169,0.0,0.0777,11051.2932,11051.2932,-0.0
27439,4,Frequent Low-Spend Customers,797.1169,0.0,0.0777,11051.2932,11051.2932,-0.0
27440,4,Frequent Low-Spend Customers,797.1169,0.0,0.0777,11051.2932,11051.2932,-0.0
27446,4,Frequent Low-Spend Customers,797.1169,0.0,0.0777,11051.2932,11051.2932,-0.0
27449,4,Frequent Low-Spend Customers,797.1169,0.0,0.0777,11051.2932,11051.2932,-0.0
13404,4,Frequent Low-Spend Customers,797.1169,0.0,0.0777,11051.2932,11051.2932,-0.0
13561,4,Frequent Low-Spend Customers,797.1169,0.0,0.0777,11051.2932,11051.2932,-0.0
29482,4,Frequent Low-Spend Customers,797.1169,0.0,0.0777,11051.2932,11051.2932,-0.0
29483,4,Frequent Low-Spend Customers,797.1169,0.0,0.0777,11051.2932,11051.2932,-0.0
11425,4,Frequent Low-Spend Customers,797.1169,0.0,0.0777,11051.2932,11051.2932,-0.0
14238,4,Frequent Low-Spend Customers,797.1169,0.0,0.0777,11051.2932,11051.2932,-0.0
14259,4,Frequent Low-Spend Customers,797.1169,0.0,0.0777,11051.2932,11051.2932,-0.0
14261,4,Frequent Low-Spend Customers,797.1169,0.0,0.0777,11051.2932,11051.2932,-0.0
14263,4,Frequent Low-Spend Customers,797.1169,0.0,0.0777,11051.2932,11051.2932,-0.0
14224,4,Frequent Low-Spend Customers,797.1169,0.0,0.0777,11051.2932,11051.2932,-0.0
13562,4,Frequent Low-Spend Customers,797.1169,0.0,0.0777,11051.2932,11051.2932,-0.0
13551,4,Frequent Low-Spend Customers,797.1169,0.0,0.0777,11051.2932,11051.2932,-0.0
27459,4,Frequent Low-Spend Customers,797.1169,0.0,0.0777,11051.2932,11051.2932,-0.0
27467,4,Frequent Low-Spend Customers,797.1169,0.0,0.0777,11051.2932,11051.2932,-0.0
27521,4,Frequent Low-Spend Customers,797.1169,0.0,0.0777,11051.2932,11051.2932,-0.0
27523,4,Frequent Low-Spend Customers,797.1169,0.0,0.0777,11051.2932,11051.2932,-0.0
27524,4,Frequent Low-Spend Customers,797.1169,0.0,0.0777,11051.2932,11051.2932,-0.0
27553,4,Frequent Low-Spend Customers,797.1169,0.0,0.0777,11051.2932,11051.2932,-0.0
27551,4,Frequent Low-Spend Customers,797.1169,0.0,0.0777,11051.2932,11051.2932,-0.0
29479,4,Frequent Low-Spend Customers,797.1169,0.0,0.0777,11051.2932,11051.2932,-0.0
29450,4,Frequent Low-Spend Customers,797.1169,0.0,0.0777,11051.2932,11051.2932,-0.0
11346,4,Frequent Low-Spend Customers,797.1169,0.0,0.0777,11051.2932,11051.2932,-0.0
27543,4,Frequent Low-Spend Customers,797.1169,0.0,0.0777,11051.2932,11051.2932,-0.0
27539,4,Frequent Low-Spend Customers,797.1169,0.0,0.0777,11051.2932,11051.2932,-0.0
27555,4,Frequent Low-Spend Customers,797.1169,0.0,0.0777,11051.2932,11051.2932,-0.0
27556,4,Frequent Low-Spend Customers,797.1169,0.0,0.0777,11051.2932,11051.2932,-0.0
27546,4,Frequent Low-Spend Customers,797.1169,0.0,0.0777,11051.2932,11051.2932,-0.0
27559,4,Frequent Low-Spend Customers,797.1169,0.0,0.0777,11051.2932,11051.2932,-0.0
27558,4,Frequent Low-Spend Customers,797.1169,0.0,0.0777,11051.2932,11051.2932,-0.0
27574,4,Frequent Low-Spend Customers,797.1169,0.0,0.0777,11051.2932,11051.2932,-0.0
16176,4,Frequent Low-Spend Customers,797.1169,0.0,0.0777,11051.2932,11051.2932,-0.0
27535,4,Frequent Low-Spend Customers,797.1169,0.0,0.0777,11051.2932,11051.2932,-0.0
11416,4,Frequent Low-Spend Customers,797.1169,0.0,0.0777,11051.2932,11051.2932,-0.0
16026,4,Frequent Low-Spend Customers,797.1169,0.0,0.0777,11051.2932,11051.2932,-0.0
16180,4,Frequent Low-Spend Customers,797.1169,0.0,0.0777,11051.2932,11051.2932,-0.0
16158,4,Frequent Low-Spend Customers,797.1169,0.0,0.0777,11051.2932,11051.2932,-0.0
16155,4,Frequent Low-Spend Customers,797.1169,0.0,0.0777,11051.2932,11051.2932,-0.0
16161,4,Frequent Low-Spend Customers,797.1169,0.0,0.0777,11051.2932,11051.2932,-0.0
16164,4,Frequent Low-Spend Customers,797.1169,0.0,0.0777,11051.2932,11051.2932,-0.0
16169,4,Frequent Low-Spend Customers,797.1169,0.0,0.0777,11051.2932,11051.2932,-0.0
16160,4,Frequent Low-Spend Customers,797.1169,0.0,0.0777,11051.2932,11051.2932,-0.0
21652,4,Frequent Low-Spend Customers,797.1169,0.0,0.0777,11051.2932,11051.2932,-0.0
15036,4,Frequent Low-Spend Customers,797.1169,0.0,0.0777,11051.2932,11051.2932,-0.0
12548,4,Frequent Low-Spend Customers,797.1169,0.0,0.0777,11051.2932,11051.2932,-0.0
12853,4,Frequent Low-Spend Customers,797.1169,0.0,0.0777,11051.2932,11051.2932,-0.0
12637,4,Frequent Low-Spend Customers,797.1169,0.0,0.0777,11051.2932,11051.2932,-0.0
12640,4,Frequent Low-Spend Customers,797.1169,0.0,0.0777,11051.2932,11051.2932,-0.0
15576,4,Frequent Low-Spend Customers,797.1169,0.0,0.0777,11051.2932,11051.2932,-0.0
15439,4,Frequent Low-Spend Customers,797.1169,0.0,0.0777,11051.2932,11051.2932,-0.0
12647,4,Frequent Low-Spend Customers,797.1169,0.0,0.0777,11051.2932,11050.6002,0.693
14681,4,Frequent Low-Spend Customers,797.1169,0.0,0.0777,11051.2932,11050.6002,0.693
14101,4,Frequent Low-Spend Customers,797.1169,0.0,0.0777,11051.2932,11050.3692,0.924
27044,4,Frequent Low-Spend Customers,797.1169,0.0,0.0777,11051.2932,11050.3692,0.924
11577,4,Frequent Low-Spend Customers,797.1169,0.0,0.0777,11051.2932,11049.6336,1.6596
11582,4,Frequent Low-Spend Customers,797.1169,0.0,0.0777,11051.2932,11049.6336,1.6596
12130,1,High Value but Cooling,1227.6957,0.0,0.1241,11117.4783,11048.1794,69.2989
13059,1,High Value but Cooling,1232.3296,0.0,0.1241,11159.4409,11016.7761,142.6648
16156,4,Frequent Low-Spend Customers,797.1169,0.0,0.0777,11051.2932,11002.2765,49.0167
15786,4,Frequent Low-Spend Customers,797.1169,0.0,0.0777,11051.2932,11002.2765,49.0167
13407,4,Frequent Low-Spend Customers,797.1169,0.0,0.0777,11051.2932,11002.2765,49.0167
21655,4,Frequent Low-Spend Customers,797.1169,0.0,0.0777,11051.2932,11002.2765,49.0167
19341,1,High Value but Cooling,1210.1835,0.0,0.1241,10958.8955,10990.0391,-31.1436
19360,1,High Value but Cooling,1196.9289,0.0,0.1241,10838.8676,10905.1912,-66.3237
19437,1,High Value but Cooling,1198.6651,0.0,0.1241,10854.5898,10892.4381,-37.8482
29984,4,Frequent Low-Spend Customers,749.2356,0.0,0.0777,10387.463,10891.4598,-503.9968
29891,3,Inactive Low-Value Customers,3260.0348,0.2381,0.1079,10438.8343,10886.7943,-447.96
19424,1,High Value but Cooling,1196.9289,0.0,0.1241,10838.8676,10884.8097,-45.9421
19433,1,High Value but Cooling,1197.6635,0.0,0.1241,10845.5198,10864.1901,-18.6703
19359,1,High Value but Cooling,1197.6635,0.0,0.1241,10845.5198,10848.5754,-3.0556
19418,1,High Value but Cooling,1196.1674,0.0,0.1241,10831.9717,10833.2999,-1.3282
19416,1,High Value but Cooling,1196.1674,0.0,0.1241,10831.9717,10826.63,5.3417
19361,1,High Value but Cooling,1197.6635,0.0,0.1241,10845.5198,10821.4628,24.0569
14066,1,High Value but Cooling,1168.7259,0.0,0.1241,10583.4735,10740.068,-156.5945
19435,1,High Value but Cooling,1184.5112,0.0,0.1241,10726.4183,10728.8707,-2.4524
17644,1,High Value but Cooling,1183.4034,0.0,0.1241,10716.3865,10712.4891,3.8974
30118,3,Inactive Low-Value Customers,2845.3777,0.2381,0.1079,9111.0767,10682.2141,-1571.1374
19382,1,High Value but Cooling,1175.7598,0.0,0.1241,10647.1694,10665.4216,-18.2522
19362,1,High Value but Cooling,1175.7598,0.0,0.1241,10647.1694,10636.1261,11.0433
13058,1,High Value but Cooling,1192.7808,0.0,0.1241,10801.3042,10618.1606,183.1436
26098,0,Active Minimal Buyers,1487.8356,0.0,0.1637,10576.7242,10592.3352,-15.611
12240,0,Active Minimal Buyers,1487.8356,0.0,0.1637,10576.7242,10592.3352,-15.611
11494,0,Active Minimal Buyers,1487.8356,0.0,0.1637,10576.7242,10585.0105,-8.2863
11549,0,Active Minimal Buyers,1487.8356,0.0,0.1637,10576.7242,10582.6268,-5.9026
26096,0,Active Minimal Buyers,1487.8356,0.0,0.1637,10576.7242,10580.2547,-3.5305
11413,0,Active Minimal Buyers,1487.8356,0.0,0.1637,10576.7242,10579.9688,-3.2446
11398,0,Active Minimal Buyers,1487.8356,0.0,0.1637,10576.7242,10579.9688,-3.2446
11394,0,Active Minimal Buyers,1487.8356,0.0,0.1637,10576.7242,10579.9688,-3.2446
11414,0,Active Minimal Buyers,1487.8356,0.0,0.1637,10576.7242,10579.9688,-3.2446
11422,0,Active Minimal Buyers,1487.8356,0.0,0.1637,10576.7242,10579.9688,-3.2446
11485,0,Active Minimal Buyers,1487.8356,0.0,0.1637,10576.7242,10579.9688,-3.2446
11493,0,Active Minimal Buyers,1487.8356,0.0,0.1637,10576.7242,10579.9688,-3.2446
11496,0,Active Minimal Buyers,1487.8356,0.0,0.1637,10576.7242,10579.9688,-3.2446
11381,0,Active Minimal Buyers,1487.8356,0.0,0.1637,10576.7242,10579.3518,-2.6276
11431,0,Active Minimal Buyers,1487.8356,0.0,0.1637,10576.7242,10579.0873,-2.3631
11343,0,Active Minimal Buyers,1487.8356,0.0,0.1637,10576.7242,10578.7149,-1.9907
11250,0,Active Minimal Buyers,1487.8356,0.0,0.1637,10576.7242,10578.7149,-1.9907
11344,0,Active Minimal Buyers,1487.8356,0.0,0.1637,10576.7242,10578.7149,-1.9907
11427,0,Active Minimal Buyers,1487.8356,0.0,0.1637,10576.7242,10577.4286,-0.7045
25861,0,Active Minimal Buyers,1487.8356,0.0,0.1637,10576.7242,10576.7242,0.0
25857,0,Active Minimal Buyers,1487.8356,0.0,0.1637,10576.7242,10576.7242,0.0
11992,0,Active Minimal Buyers,1487.8356,0.0,0.1637,10576.7242,10576.7242,0.0
12248,0,Active Minimal Buyers,1487.8356,0.0,0.1637,10576.7242,10576.7242,0.0
26005,0,Active Minimal Buyers,1487.8356,0.0,0.1637,10576.7242,10576.7242,0.0
26004,0,Active Minimal Buyers,1487.8356,0.0,0.1637,10576.7242,10576.7242,0.0
26001,0,Active Minimal Buyers,1487.8356,0.0,0.1637,10576.7242,10576.7242,0.0
25998,0,Active Minimal Buyers,1487.8356,0.0,0.1637,10576.7242,10576.7242,0.0
25997,0,Active Minimal Buyers,1487.8356,0.0,0.1637,10576.7242,10576.7242,0.0
12337,0,Active Minimal Buyers,1487.8356,0.0,0.1637,10576.7242,10576.7242,0.0
26018,0,Active Minimal Buyers,1487.8356,0.0,0.1637,10576.7242,10576.7242,0.0
12000,0,Active Minimal Buyers,1487.8356,0.0,0.1637,10576.7242,10576.7242,0.0
11997,0,Active Minimal Buyers,1487.8356,0.0,0.1637,10576.7242,10576.7242,0.0
11999,0,Active Minimal Buyers,1487.8356,0.0,0.1637,10576.7242,10576.7242,0.0
11995,0,Active Minimal Buyers,1487.8356,0.0,0.1637,10576.7242,10576.7242,0.0
25879,0,Active Minimal Buyers,1487.8356,0.0,0.1637,10576.7242,10576.7242,0.0
26057,0,Active Minimal Buyers,1487.8356,0.0,0.1637,10576.7242,10576.7242,0.0
29385,0,Active Minimal Buyers,1487.8356,0.0,0.1637,10576.7242,10576.7242,0.0
29398,0,Active Minimal Buyers,1487.8356,0.0,0.1637,10576.7242,10576.7242,0.0
28420,0,Active Minimal Buyers,1487.8356,0.0,0.1637,10576.7242,10576.7242,0.0
26015,0,Active Minimal Buyers,1487.8356,0.0,0.1637,10576.7242,10576.7242,0.0
26014,0,Active Minimal Buyers,1487.8356,0.0,0.1637,10576.7242,10576.7242,0.0
26061,0,Active Minimal Buyers,1487.8356,0.0,0.1637,10576.7242,10576.7242,0.0
26058,0,Active Minimal Buyers,1487.8356,0.0,0.1637,10576.7242,10576.7242,0.0
11917,0,Active Minimal Buyers,1487.8356,0.0,0.1637,10576.7242,10576.7242,0.0
26056,0,Active Minimal Buyers,1487.8356,0.0,0.1637,10576.7242,10576.7242,0.0
26055,0,Active Minimal Buyers,1487.8356,0.0,0.1637,10576.7242,10576.7242,0.0
11918,0,Active Minimal Buyers,1487.8356,0.0,0.1637,10576.7242,10576.7242,0.0
28470,0,Active Minimal Buyers,1487.8356,0.0,0.1637,10576.7242,10576.7242,0.0
28389,0,Active Minimal Buyers,1487.8356,0.0,0.1637,10576.7242,10576.7242,0.0
28394,0,Active Minimal Buyers,1487.8356,0.0,0.1637,10576.7242,10576.7242,0.0
28414,0,Active Minimal Buyers,1487.8356,0.0,0.1637,10576.7242,10576.7242,0.0
11766,0,Active Minimal Buyers,1487.8356,0.0,0.1637,10576.7242,10576.7242,0.0
11898,0,Active Minimal Buyers,1487.8356,0.0,0.1637,10576.7242,10576.7242,0.0
26107,0,Active Minimal Buyers,1487.8356,0.0,0.1637,10576.7242,10576.7242,0.0
26041,0,Active Minimal Buyers,1487.8356,0.0,0.1637,10576.7242,10576.7242,0.0
11764,0,Active Minimal Buyers,1487.8356,0.0,0.1637,10576.7242,10576.7242,0.0
11380,0,Active Minimal Buyers,1487.8356,0.0,0.1637,10576.7242,10576.7242,0.0
11761,0,Active Minimal Buyers,1487.8356,0.0,0.1637,10576.7242,10576.7242,0.0
11762,0,Active Minimal Buyers,1487.8356,0.0,0.1637,10576.7242,10576.7242,0.0
11900,0,Active Minimal Buyers,1487.8356,0.0,0.1637,10576.7242,10576.7242,0.0
11897,0,Active Minimal Buyers,1487.8356,0.0,0.1637,10576.7242,10576.7242,0.0
12021,0,Active Minimal Buyers,1487.8356,0.0,0.1637,10576.7242,10576.7242,0.0
12014,0,Active Minimal Buyers,1487.8356,0.0,0.1637,10576.7242,10576.7242,0.0
29449,0,Active Minimal Buyers,1487.8356,0.0,0.1637,10576.7242,10576.7242,0.0
29448,0,Active Minimal Buyers,1487.8356,0.0,0.1637,10576.7242,10576.7242,0.0
29410,0,Active Minimal Buyers,1487.8356,0.0,0.1637,10576.7242,10576.7242,0.0
25886,0,Active Minimal Buyers,1487.8356,0.0,0.1637,10576.7242,10576.7242,0.0
11395,0,Active Minimal Buyers,1487.8356,0.0,0.1637,10576.7242,10576.7242,0.0
20075,0,Active Minimal Buyers,1487.8356,0.0,0.1637,10576.7242,10576.7242,0.0
25917,0,Active Minimal Buyers,1487.8356,0.0,0.1637,10576.7242,10576.7242,0.0
25916,0,Active Minimal Buyers,1487.8356,0.0,0.1637,10576.7242,10576.7242,0.0
25872,0,Active Minimal Buyers,1487.8356,0.0,0.1637,10576.7242,10576.7242,0.0
25878,0,Active Minimal Buyers,1487.8356,0.0,0.1637,10576.7242,10576.7242,0.0
25868,0,Active Minimal Buyers,1487.8356,0.0,0.1637,10576.7242,10576.7242,0.0
25863,0,Active Minimal Buyers,1487.8356,0.0,0.1637,10576.7242,10576.7242,0.0
25990,0,Active Minimal Buyers,1487.8356,0.0,0.1637,10576.7242,10576.7242,0.0
25980,0,Active Minimal Buyers,1487.8356,0.0,0.1637,10576.7242,10576.7242,0.0
25982,0,Active Minimal Buyers,1487.8356,0.0,0.1637,10576.7242,10576.7242,0.0
11901,0,Active Minimal Buyers,1487.8356,0.0,0.1637,10576.7242,10576.7242,0.0
11904,0,Active Minimal Buyers,1487.8356,0.0,0.1637,10576.7242,10576.7242,0.0
11907,0,Active Minimal Buyers,1487.8356,0.0,0.1637,10576.7242,10576.7242,0.0
28419,0,Active Minimal Buyers,1487.8356,0.0,0.1637,10576.7242,10576.7242,0.0
25867,0,Active Minimal Buyers,1487.8356,0.0,0.1637,10576.7242,10576.7242,0.0
11126,0,Active Minimal Buyers,1487.8356,0.0,0.1637,10576.7242,10576.7242,0.0
11964,0,Active Minimal Buyers,1487.8356,0.0,0.1637,10576.7242,10576.7242,0.0
11421,0,Active Minimal Buyers,1487.8356,0.0,0.1637,10576.7242,10576.7242,0.0
11110,0,Active Minimal Buyers,1487.8356,0.0,0.1637,10576.7242,10576.7242,0.0
11946,0,Active Minimal Buyers,1487.8356,0.0,0.1637,10576.7242,10576.7242,0.0
11930,0,Active Minimal Buyers,1487.8356,0.0,0.1637,10576.7242,10576.7242,0.0
11134,0,Active Minimal Buyers,1487.8356,0.0,0.1637,10576.7242,10576.7242,0.0
12250,0,Active Minimal Buyers,1487.8356,0.0,0.1637,10576.7242,10576.7242,0.0
25979,0,Active Minimal Buyers,1487.8356,0.0,0.1637,10576.7242,10576.7242,0.0
25975,0,Active Minimal Buyers,1487.8356,0.0,0.1637,10576.7242,10576.7242,0.0
25974,0,Active Minimal Buyers,1487.8356,0.0,0.1637,10576.7242,10576.7242,0.0
12005,0,Active Minimal Buyers,1487.8356,0.0,0.1637,10576.7242,10576.7242,0.0
12013,0,Active Minimal Buyers,1487.8356,0.0,0.1637,10576.7242,10576.7242,0.0
12009,0,Active Minimal Buyers,1487.8356,0.0,0.1637,10576.7242,10576.7242,0.0
12007,0,Active Minimal Buyers,1487.8356,0.0,0.1637,10576.7242,10576.7242,0.0
11099,0,Active Minimal Buyers,1487.8356,0.0,0.1637,10576.7242,10576.7242,0.0
25973,0,Active Minimal Buyers,1487.8356,0.0,0.1637,10576.7242,10576.7242,0.0
12253,0,Active Minimal Buyers,1487.8356,0.0,0.1637,10576.7242,10576.7242,0.0
25889,0,Active Minimal Buyers,1487.8356,0.0,0.1637,10576.7242,10576.7242,0.0
25924,0,Active Minimal Buyers,1487.8356,0.0,0.1637,10576.7242,10576.7242,0.0
25901,0,Active Minimal Buyers,1487.8356,0.0,0.1637,10576.7242,10576.7242,0.0
25910,0,Active Minimal Buyers,1487.8356,0.0,0.1637,10576.7242,10576.7242,0.0
25887,0,Active Minimal Buyers,1487.8356,0.0,0.1637,10576.7242,10576.7242,0.0
25895,0,Active Minimal Buyers,1487.8356,0.0,0.1637,10576.7242,10576.7242,0.0
25964,0,Active Minimal Buyers,1487.8356,0.0,0.1637,10576.7242,10576.7242,0.0
25962,0,Active Minimal Buyers,1487.8356,0.0,0.1637,10576.7242,10576.7242,0.0
19988,0,Active Minimal Buyers,1487.8356,0.0,0.1637,10576.7242,10576.7242,0.0
11026,0,Active Minimal Buyers,1487.8356,0.0,0.1637,10576.7242,10576.7242,0.0
11027,0,Active Minimal Buyers,1487.8356,0.0,0.1637,10576.7242,10576.7242,0.0
20034,0,Active Minimal Buyers,1487.8356,0.0,0.1637,10576.7242,10576.7242,0.0
11029,0,Active Minimal Buyers,1487.8356,0.0,0.1637,10576.7242,10576.7242,0.0
25969,0,Active Minimal Buyers,1487.8356,0.0,0.1637,10576.7242,10576.7242,0.0
19884,0,Active Minimal Buyers,1487.8356,0.0,0.1637,10576.7242,10576.7242,0.0
19855,0,Active Minimal Buyers,1487.8356,0.0,0.1637,10576.7242,10576.7242,0.0
11986,0,Active Minimal Buyers,1487.8356,0.0,0.1637,10576.7242,10576.7242,0.0
11977,0,Active Minimal Buyers,1487.8356,0.0,0.1637,10576.7242,10576.7242,0.0
12241,0,Active Minimal Buyers,1487.8356,0.0,0.1637,10576.7242,10576.7242,0.0
11034,0,Active Minimal Buyers,1487.8356,0.0,0.1637,10576.7242,10576.7242,0.0
11031,0,Active Minimal Buyers,1487.8356,0.0,0.1637,10576.7242,10576.7242,0.0
11030,0,Active Minimal Buyers,1487.8356,0.0,0.1637,10576.7242,10576.7242,0.0
11039,0,Active Minimal Buyers,1487.8356,0.0,0.1637,10576.7242,10576.7242,0.0
11428,0,Active Minimal Buyers,1487.8356,0.0,0.1637,10576.7242,10576.7242,0.0
11465,0,Active Minimal Buyers,1487.8356,0.0,0.1637,10576.7242,10576.7242,0.0
11472,0,Active Minimal Buyers,1487.8356,0.0,0.1637,10576.7242,10576.7242,0.0
11459,0,Active Minimal Buyers,1487.8356,0.0,0.1637,10576.7242,10576.7242,0.0
11460,0,Active Minimal Buyers,1487.8356,0.0,0.1637,10576.7242,10576.7242,0.0
11047,0,Active Minimal Buyers,1487.8356,0.0,0.1637,10576.7242,10576.7242,0.0
12245,0,Active Minimal Buyers,1487.8356,0.0,0.1637,10576.7242,10576.7242,0.0
11968,0,Active Minimal Buyers,1487.8356,0.0,0.1637,10576.7242,10576.7242,0.0
29476,0,Active Minimal Buyers,1487.8356,0.0,0.1637,10576.7242,10576.7242,0.0
29475,0,Active Minimal Buyers,1487.8356,0.0,0.1637,10576.7242,10576.7242,0.0
11969,0,Active Minimal Buyers,1487.8356,0.0,0.1637,10576.7242,10576.7242,0.0
26090,0,Active Minimal Buyers,1487.8356,0.0,0.1637,10576.7242,10576.7242,0.0
11363,0,Active Minimal Buyers,1487.8356,0.0,0.1637,10576.7242,10576.7242,0.0
11360,0,Active Minimal Buyers,1487.8356,0.0,0.1637,10576.7242,10576.7242,0.0
26089,0,Active Minimal Buyers,1487.8356,0.0,0.1637,10576.7242,10576.7242,0.0
11751,0,Active Minimal Buyers,1487.8356,0.0,0.1637,10576.7242,10576.7242,0.0
11750,0,Active Minimal Buyers,1487.8356,0.0,0.1637,10576.7242,10576.7242,0.0
26114,0,Active Minimal Buyers,1487.8356,0.0,0.1637,10576.7242,10576.7242,0.0
11754,0,Active Minimal Buyers,1487.8356,0.0,0.1637,10576.7242,10576.7242,0.0
11111,0,Active Minimal Buyers,1487.8356,0.0,0.1637,10576.7242,10576.7242,0.0
11767,0,Active Minimal Buyers,1487.8356,0.0,0.1637,10576.7242,10576.7242,0.0
11768,0,Active Minimal Buyers,1487.8356,0.0,0.1637,10576.7242,10576.7242,0.0
11892,0,Active Minimal Buyers,1487.8356,0.0,0.1637,10576.7242,10576.7242,0.0
12039,0,Active Minimal Buyers,1476.8956,0.0,0.1637,10498.9539,10519.9672,-21.0132
12037,0,Active Minimal Buyers,1476.8956,0.0,0.1637,10498.9539,10519.9672,-21.0132
26106,0,Active Minimal Buyers,1476.8956,0.0,0.1637,10498.9539,10505.3276,-6.3736
26097,0,Active Minimal Buyers,1476.8956,0.0,0.1637,10498.9539,10503.3332,-4.3792
26111,0,Active Minimal Buyers,1476.8956,0.0,0.1637,10498.9539,10501.1556,-2.2016
26091,0,Active Minimal Buyers,1476.8956,0.0,0.1637,10498.9539,10498.9539,0.0
11368,0,Active Minimal Buyers,1476.8956,0.0,0.1637,10498.9539,10498.9539,0.0
11365,0,Active Minimal Buyers,1476.8956,0.0,0.1637,10498.9539,10498.9539,0.0
26116,0,Active Minimal Buyers,1476.8956,0.0,0.1637,10498.9539,10498.9539,0.0
11372,0,Active Minimal Buyers,1476.8956,0.0,0.1637,10498.9539,10498.9539,0.0
26094,0,Active Minimal Buyers,1476.8956,0.0,0.1637,10498.9539,10498.9539,0.0
11893,0,Active Minimal Buyers,1476.8956,0.0,0.1637,10498.9539,10498.9539,0.0
11364,0,Active Minimal Buyers,1476.8956,0.0,0.1637,10498.9539,10498.9539,0.0
11359,0,Active Minimal Buyers,1476.8956,0.0,0.1637,10498.9539,10498.9539,0.0
26082,0,Active Minimal Buyers,1476.8956,0.0,0.1637,10498.9539,10498.9539,0.0
26112,0,Active Minimal Buyers,1476.8956,0.0,0.1637,10498.9539,10498.9539,0.0
26110,0,Active Minimal Buyers,1476.8956,0.0,0.1637,10498.9539,10498.9539,0.0
11976,0,Active Minimal Buyers,1476.8956,0.0,0.1637,10498.9539,10498.9539,0.0
29474,0,Active Minimal Buyers,1476.8956,0.0,0.1637,10498.9539,10498.9539,0.0
11457,0,Active Minimal Buyers,1476.8956,0.0,0.1637,10498.9539,10498.9539,0.0
11464,0,Active Minimal Buyers,1476.8956,0.0,0.1637,10498.9539,10498.9539,0.0
11462,0,Active Minimal Buyers,1476.8956,0.0,0.1637,10498.9539,10498.9539,0.0
11461,0,Active Minimal Buyers,1476.8956,0.0,0.1637,10498.9539,10498.9539,0.0
11443,0,Active Minimal Buyers,1476.8956,0.0,0.1637,10498.9539,10498.9539,0.0
11044,0,Active Minimal Buyers,1476.8956,0.0,0.1637,10498.9539,10498.9539,0.0
11050,0,Active Minimal Buyers,1476.8956,0.0,0.1637,10498.9539,10498.9539,0.0
12246,0,Active Minimal Buyers,1476.8956,0.0,0.1637,10498.9539,10498.9539,0.0
11038,0,Active Minimal Buyers,1476.8956,0.0,0.1637,10498.9539,10498.9539,0.0
19802,0,Active Minimal Buyers,1476.8956,0.0,0.1637,10498.9539,10498.9539,0.0
11990,0,Active Minimal Buyers,1476.8956,0.0,0.1637,10498.9539,10498.9539,0.0
19830,0,Active Minimal Buyers,1476.8956,0.0,0.1637,10498.9539,10498.9539,0.0
12242,0,Active Minimal Buyers,1476.8956,0.0,0.1637,10498.9539,10498.9539,0.0
11048,0,Active Minimal Buyers,1476.8956,0.0,0.1637,10498.9539,10498.9539,0.0
11046,0,Active Minimal Buyers,1476.8956,0.0,0.1637,10498.9539,10498.9539,0.0
19844,0,Active Minimal Buyers,1476.8956,0.0,0.1637,10498.9539,10498.9539,0.0
19874,0,Active Minimal Buyers,1476.8956,0.0,0.1637,10498.9539,10498.9539,0.0
11989,0,Active Minimal Buyers,1476.8956,0.0,0.1637,10498.9539,10498.9539,0.0
11988,0,Active Minimal Buyers,1476.8956,0.0,0.1637,10498.9539,10498.9539,0.0
19829,0,Active Minimal Buyers,1476.8956,0.0,0.1637,10498.9539,10498.9539,0.0
11919,0,Active Minimal Buyers,1476.8956,0.0,0.1637,10498.9539,10498.9539,0.0
11035,0,Active Minimal Buyers,1476.8956,0.0,0.1637,10498.9539,10498.9539,0.0
11759,0,Active Minimal Buyers,1476.8956,0.0,0.1637,10498.9539,10498.9539,0.0
11756,0,Active Minimal Buyers,1476.8956,0.0,0.1637,10498.9539,10498.9539,0.0
26093,0,Active Minimal Buyers,1476.8956,0.0,0.1637,10498.9539,10498.9539,0.0
28390,0,Active Minimal Buyers,1476.8956,0.0,0.1637,10498.9539,10498.9539,0.0
26012,0,Active Minimal Buyers,1476.8956,0.0,0.1637,10498.9539,10498.9539,0.0
26070,0,Active Minimal Buyers,1476.8956,0.0,0.1637,10498.9539,10498.9539,0.0
26011,0,Active Minimal Buyers,1476.8956,0.0,0.1637,10498.9539,10498.9539,0.0
26060,0,Active Minimal Buyers,1476.8956,0.0,0.1637,10498.9539,10498.9539,0.0
25952,0,Active Minimal Buyers,1476.8956,0.0,0.1637,10498.9539,10498.9539,0.0
11032,0,Active Minimal Buyers,1476.8956,0.0,0.1637,10498.9539,10498.9539,0.0
11033,0,Active Minimal Buyers,1476.8956,0.0,0.1637,10498.9539,10498.9539,0.0
19987,0,Active Minimal Buyers,1476.8956,0.0,0.1637,10498.9539,10498.9539,0.0
19997,0,Active Minimal Buyers,1476.8956,0.0,0.1637,10498.9539,10498.9539,0.0
25942,0,Active Minimal Buyers,1476.8956,0.0,0.1637,10498.9539,10498.9539,0.0
25943,0,Active Minimal Buyers,1476.8956,0.0,0.1637,10498.9539,10498.9539,0.0
11963,0,Active Minimal Buyers,1476.8956,0.0,0.1637,10498.9539,10498.9539,0.0
11423,0,Active Minimal Buyers,1476.8956,0.0,0.1637,10498.9539,10498.9539,0.0
25955,0,Active Minimal Buyers,1476.8956,0.0,0.1637,10498.9539,10498.9539,0.0
11028,0,Active Minimal Buyers,1476.8956,0.0,0.1637,10498.9539,10498.9539,0.0
11929,0,Active Minimal Buyers,1476.8956,0.0,0.1637,10498.9539,10498.9539,0.0
11920,0,Active Minimal Buyers,1476.8956,0.0,0.1637,10498.9539,10498.9539,0.0
12001,0,Active Minimal Buyers,1476.8956,0.0,0.1637,10498.9539,10498.9539,0.0
11147,0,Active Minimal Buyers,1476.8956,0.0,0.1637,10498.9539,10498.9539,0.0
11952,0,Active Minimal Buyers,1476.8956,0.0,0.1637,10498.9539,10498.9539,0.0
11947,0,Active Minimal Buyers,1476.8956,0.0,0.1637,10498.9539,10498.9539,0.0
11358,0,Active Minimal Buyers,1476.8956,0.0,0.1637,10498.9539,10498.9539,0.0
25951,0,Active Minimal Buyers,1476.8956,0.0,0.1637,10498.9539,10498.9539,0.0
11097,0,Active Minimal Buyers,1476.8956,0.0,0.1637,10498.9539,10498.9539,0.0
11100,0,Active Minimal Buyers,1476.8956,0.0,0.1637,10498.9539,10498.9539,0.0
12011,0,Active Minimal Buyers,1476.8956,0.0,0.1637,10498.9539,10498.9539,0.0
11096,0,Active Minimal Buyers,1476.8956,0.0,0.1637,10498.9539,10498.9539,0.0
11412,0,Active Minimal Buyers,1476.8956,0.0,0.1637,10498.9539,10498.9539,0.0
11944,0,Active Minimal Buyers,1476.8956,0.0,0.1637,10498.9539,10498.9539,0.0
11967,0,Active Minimal Buyers,1476.8956,0.0,0.1637,10498.9539,10498.9539,0.0
25970,0,Active Minimal Buyers,1476.8956,0.0,0.1637,10498.9539,10498.9539,0.0
11991,0,Active Minimal Buyers,1476.8956,0.0,0.1637,10498.9539,10498.9539,0.0
25972,0,Active Minimal Buyers,1476.8956,0.0,0.1637,10498.9539,10498.9539,0.0
12251,0,Active Minimal Buyers,1476.8956,0.0,0.1637,10498.9539,10498.9539,0.0
26084,0,Active Minimal Buyers,1476.8956,0.0,0.1637,10498.9539,10498.9539,0.0
11055,0,Active Minimal Buyers,1476.8956,0.0,0.1637,10498.9539,10498.9539,0.0
11056,0,Active Minimal Buyers,1476.8956,0.0,0.1637,10498.9539,10498.9539,0.0
29481,0,Active Minimal Buyers,1476.8956,0.0,0.1637,10498.9539,10498.9539,0.0
29466,0,Active Minimal Buyers,1476.8956,0.0,0.1637,10498.9539,10498.9539,0.0
25978,0,Active Minimal Buyers,1476.8956,0.0,0.1637,10498.9539,10498.9539,0.0
12002,0,Active Minimal Buyers,1476.8956,0.0,0.1637,10498.9539,10498.9539,0.0
11357,0,Active Minimal Buyers,1476.8956,0.0,0.1637,10498.9539,10498.9539,0.0
11356,0,Active Minimal Buyers,1476.8956,0.0,0.1637,10498.9539,10498.9539,0.0
25976,0,Active Minimal Buyers,1476.8956,0.0,0.1637,10498.9539,10498.9539,0.0
25977,0,Active Minimal Buyers,1476.8956,0.0,0.1637,10498.9539,10498.9539,0.0
12004,0,Active Minimal Buyers,1476.8956,0.0,0.1637,10498.9539,10498.9539,0.0
12003,0,Active Minimal Buyers,1476.8956,0.0,0.1637,10498.9539,10498.9539,0.0
25905,0,Active Minimal Buyers,1476.8956,0.0,0.1637,10498.9539,10498.9539,0.0
29403,0,Active Minimal Buyers,1476.8956,0.0,0.1637,10498.9539,10498.9539,0.0
29400,0,Active Minimal Buyers,1476.8956,0.0,0.1637,10498.9539,10498.9539,0.0
29399,0,Active Minimal Buyers,1476.8956,0.0,0.1637,10498.9539,10498.9539,0.0
25903,0,Active Minimal Buyers,1476.8956,0.0,0.1637,10498.9539,10498.9539,0.0
25909,0,Active Minimal Buyers,1476.8956,0.0,0.1637,10498.9539,10498.9539,0.0
25984,0,Active Minimal Buyers,1476.8956,0.0,0.1637,10498.9539,10498.9539,0.0
25985,0,Active Minimal Buyers,1476.8956,0.0,0.1637,10498.9539,10498.9539,0.0
11906,0,Active Minimal Buyers,1476.8956,0.0,0.1637,10498.9539,10498.9539,0.0
25987,0,Active Minimal Buyers,1476.8956,0.0,0.1637,10498.9539,10498.9539,0.0
11903,0,Active Minimal Buyers,1476.8956,0.0,0.1637,10498.9539,10498.9539,0.0
11905,0,Active Minimal Buyers,1476.8956,0.0,0.1637,10498.9539,10498.9539,0.0
25888,0,Active Minimal Buyers,1476.8956,0.0,0.1637,10498.9539,10498.9539,0.0
11120,0,Active Minimal Buyers,1476.8956,0.0,0.1637,10498.9539,10498.9539,0.0
25891,0,Active Minimal Buyers,1476.8956,0.0,0.1637,10498.9539,10498.9539,0.0
11151,0,Active Minimal Buyers,1476.8956,0.0,0.1637,10498.9539,10498.9539,0.0
26042,0,Active Minimal Buyers,1476.8956,0.0,0.1637,10498.9539,10498.9539,0.0
11915,0,Active Minimal Buyers,1476.8956,0.0,0.1637,10498.9539,10498.9539,0.0
11912,0,Active Minimal Buyers,1476.8956,0.0,0.1637,10498.9539,10498.9539,0.0
11914,0,Active Minimal Buyers,1476.8956,0.0,0.1637,10498.9539,10498.9539,0.0
11909,0,Active Minimal Buyers,1476.8956,0.0,0.1637,10498.9539,10498.9539,0.0
11112,0,Active Minimal Buyers,1476.8956,0.0,0.1637,10498.9539,10498.9539,0.0
11916,0,Active Minimal Buyers,1476.8956,0.0,0.1637,10498.9539,10498.9539,0.0
26066,0,Active Minimal Buyers,1476.8956,0.0,0.1637,10498.9539,10498.9539,0.0
28471,0,Active Minimal Buyers,1476.8956,0.0,0.1637,10498.9539,10498.9539,0.0
28458,0,Active Minimal Buyers,1476.8956,0.0,0.1637,10498.9539,10498.9539,0.0
28418,0,Active Minimal Buyers,1476.8956,0.0,0.1637,10498.9539,10498.9539,0.0
28504,0,Active Minimal Buyers,1476.8956,0.0,0.1637,10498.9539,10498.9539,0.0
28492,0,Active Minimal Buyers,1476.8956,0.0,0.1637,10498.9539,10498.9539,0.0
28491,0,Active Minimal Buyers,1476.8956,0.0,0.1637,10498.9539,10498.9539,0.0
25876,0,Active Minimal Buyers,1476.8956,0.0,0.1637,10498.9539,10498.9539,0.0
25986,0,Active Minimal Buyers,1476.8956,0.0,0.1637,10498.9539,10498.9539,0.0
25865,0,Active Minimal Buyers,1476.8956,0.0,0.1637,10498.9539,10498.9539,0.0
26083,0,Active Minimal Buyers,1476.8956,0.0,0.1637,10498.9539,10498.9539,0.0
26003,0,Active Minimal Buyers,1476.8956,0.0,0.1637,10498.9539,10498.9539,0.0
26002,0,Active Minimal Buyers,1476.8956,0.0,0.1637,10498.9539,10498.9539,0.0
25996,0,Active Minimal Buyers,1476.8956,0.0,0.1637,10498.9539,10498.9539,0.0
25994,0,Active Minimal Buyers,1476.8956,0.0,0.1637,10498.9539,10498.9539,0.0
25993,0,Active Minimal Buyers,1476.8956,0.0,0.1637,10498.9539,10498.9539,0.0
26016,0,Active Minimal Buyers,1476.8956,0.0,0.1637,10498.9539,10498.9539,0.0
11993,0,Active Minimal Buyers,1476.8956,0.0,0.1637,10498.9539,10498.9539,0.0
11998,0,Active Minimal Buyers,1476.8956,0.0,0.1637,10498.9539,10498.9539,0.0
11996,0,Active Minimal Buyers,1476.8956,0.0,0.1637,10498.9539,10498.9539,0.0
11994,0,Active Minimal Buyers,1476.8956,0.0,0.1637,10498.9539,10498.9539,0.0
29391,0,Active Minimal Buyers,1476.8956,0.0,0.1637,10498.9539,10498.9539,0.0
29467,0,Active Minimal Buyers,1476.8956,0.0,0.1637,10498.9539,10498.9539,0.0
28443,0,Active Minimal Buyers,1476.8956,0.0,0.1637,10498.9539,10498.9539,0.0
25866,0,Active Minimal Buyers,1476.8956,0.0,0.1637,10498.9539,10498.9539,0.0
11899,0,Active Minimal Buyers,1476.8956,0.0,0.1637,10498.9539,10498.9539,0.0
11896,0,Active Minimal Buyers,1476.8956,0.0,0.1637,10498.9539,10498.9539,0.0
11765,0,Active Minimal Buyers,1476.8956,0.0,0.1637,10498.9539,10498.9539,0.0
11894,0,Active Minimal Buyers,1476.8956,0.0,0.1637,10498.9539,10498.9539,0.0
28401,0,Active Minimal Buyers,1476.8956,0.0,0.1637,10498.9539,10498.9539,0.0
11908,0,Active Minimal Buyers,1476.8956,0.0,0.1637,10498.9539,10498.9539,0.0
26050,0,Active Minimal Buyers,1476.8956,0.0,0.1637,10498.9539,10498.9539,0.0
11910,0,Active Minimal Buyers,1476.8956,0.0,0.1637,10498.9539,10498.9539,0.0
11895,0,Active Minimal Buyers,1476.8956,0.0,0.1637,10498.9539,10498.9539,0.0
26075,0,Active Minimal Buyers,1476.8956,0.0,0.1637,10498.9539,10498.9539,0.0
28449,0,Active Minimal Buyers,1476.8956,0.0,0.1637,10498.9539,10498.9539,0.0
28407,0,Active Minimal Buyers,1476.8956,0.0,0.1637,10498.9539,10498.9539,0.0
28393,0,Active Minimal Buyers,1476.8956,0.0,0.1637,10498.9539,10498.9539,0.0
28395,0,Active Minimal Buyers,1476.8956,0.0,0.1637,10498.9539,10498.9539,0.0
28478,0,Active Minimal Buyers,1476.8956,0.0,0.1637,10498.9539,10498.9539,0.0
11491,0,Active Minimal Buyers,1476.8956,0.0,0.1637,10498.9539,10498.6945,0.2594
11548,0,Active Minimal Buyers,1476.8956,0.0,0.1637,10498.9539,10498.6945,0.2594
11482,0,Active Minimal Buyers,1476.8956,0.0,0.1637,10498.9539,10498.4475,0.5065
11489,0,Active Minimal Buyers,1476.8956,0.0,0.1637,10498.9539,10498.4475,0.5065
11488,0,Active Minimal Buyers,1476.8956,0.0,0.1637,10498.9539,10498.4475,0.5065
11353,0,Active Minimal Buyers,1476.8956,0.0,0.1637,10498.9539,10498.4475,0.5065
11351,0,Active Minimal Buyers,1476.8956,0.0,0.1637,10498.9539,10498.4475,0.5065
12252,0,Active Minimal Buyers,1476.8956,0.0,0.1637,10498.9539,10497.8773,1.0766
19989,0,Active Minimal Buyers,1476.8956,0.0,0.1637,10498.9539,10497.4947,1.4592
20000,0,Active Minimal Buyers,1476.8956,0.0,0.1637,10498.9539,10497.4947,1.4592
12010,0,Active Minimal Buyers,1476.8956,0.0,0.1637,10498.9539,10496.9595,1.9944
23104,1,High Value but Cooling,1151.7002,0.0,0.1241,10429.2961,10496.3228,-67.0266
12243,0,Active Minimal Buyers,1476.8956,0.0,0.1637,10498.9539,10494.5621,4.3918
12338,0,Active Minimal Buyers,1476.8956,0.0,0.1637,10498.9539,10494.5621,4.3918
20035,0,Active Minimal Buyers,1476.8956,0.0,0.1637,10498.9539,10494.4551,4.4988
20007,0,Active Minimal Buyers,1476.8956,0.0,0.1637,10498.9539,10493.8467,5.1073
29813,3,Inactive Low-Value Customers,3075.2074,0.2381,0.1079,9847.0055,10492.2059,-645.2004
20023,0,Active Minimal Buyers,1476.8956,0.0,0.1637,10498.9539,10491.6578,7.2961
20182,0,Active Minimal Buyers,1476.8956,0.0,0.1637,10498.9539,10491.6578,7.2961
29739,3,Inactive Low-Value Customers,3100.5856,0.2381,0.1079,9928.2681,10346.7123,-418.4441
30108,3,Inactive Low-Value Customers,3219.895,0.2381,0.1079,10310.3042,10203.1099,107.1944
29665,4,Frequent Low-Spend Customers,659.4045,0.0,0.0777,9142.0374,10168.6335,-1026.5962
11616,1,High Value but Cooling,1112.9534,0.0,0.1241,10078.422,10059.1277,19.2943
16392,1,High Value but Cooling,1108.2175,0.0,0.1241,10035.5357,10054.3175,-18.7818
26312,1,High Value but Cooling,1107.8744,0.0,0.1241,10032.4287,10047.1127,-14.684
11615,1,High Value but Cooling,1108.609,0.0,0.1241,10039.081,10039.6759,-0.5949
26307,1,High Value but Cooling,1108.609,0.0,0.1241,10039.081,10030.2093,8.8717
20818,0,Active Minimal Buyers,1406.9758,0.0,0.1637,10001.9081,10004.0424,-2.1343
24501,0,Active Minimal Buyers,1406.9758,0.0,0.1637,10001.9081,10004.0424,-2.1343
12912,0,Active Minimal Buyers,1406.9758,0.0,0.1637,10001.9081,10004.0424,-2.1343
24664,0,Active Minimal Buyers,1406.9758,0.0,0.1637,10001.9081,10004.0424,-2.1343
12773,0,Active Minimal Buyers,1406.9758,0.0,0.1637,10001.9081,10004.0424,-2.1343
15691,0,Active Minimal Buyers,1406.9758,0.0,0.1637,10001.9081,10003.9733,-2.0652
16624,0,Active Minimal Buyers,1406.9758,0.0,0.1637,10001.9081,10001.9081,0.0
21768,0,Active Minimal Buyers,1406.9758,0.0,0.1637,10001.9081,10001.9081,0.0
27645,0,Active Minimal Buyers,1406.9758,0.0,0.1637,10001.9081,10001.9081,0.0
13591,0,Active Minimal Buyers,1406.9758,0.0,0.1637,10001.9081,10001.9081,0.0
16351,0,Active Minimal Buyers,1406.9758,0.0,0.1637,10001.9081,10001.9081,0.0
16517,0,Active Minimal Buyers,1406.9758,0.0,0.1637,10001.9081,10001.9081,0.0
16483,0,Active Minimal Buyers,1406.9758,0.0,0.1637,10001.9081,10001.9081,0.0
27601,0,Active Minimal Buyers,1406.9758,0.0,0.1637,10001.9081,10001.9081,0.0
27621,0,Active Minimal Buyers,1406.9758,0.0,0.1637,10001.9081,10001.9081,0.0
27616,0,Active Minimal Buyers,1406.9758,0.0,0.1637,10001.9081,10001.9081,0.0
27606,0,Active Minimal Buyers,1406.9758,0.0,0.1637,10001.9081,10001.9081,0.0
13513,0,Active Minimal Buyers,1406.9758,0.0,0.1637,10001.9081,10001.9081,0.0
16529,0,Active Minimal Buyers,1406.9758,0.0,0.1637,10001.9081,10001.9081,0.0
15050,0,Active Minimal Buyers,1406.9758,0.0,0.1637,10001.9081,10001.9081,0.0
12207,0,Active Minimal Buyers,1406.9758,0.0,0.1637,10001.9081,10001.9081,0.0
12762,0,Active Minimal Buyers,1406.9758,0.0,0.1637,10001.9081,10001.9081,0.0
12188,0,Active Minimal Buyers,1406.9758,0.0,0.1637,10001.9081,10001.9081,0.0
24757,0,Active Minimal Buyers,1406.9758,0.0,0.1637,10001.9081,10001.9081,0.0
27671,0,Active Minimal Buyers,1406.9758,0.0,0.1637,10001.9081,10001.9081,0.0
27670,0,Active Minimal Buyers,1406.9758,0.0,0.1637,10001.9081,10001.9081,0.0
27668,0,Active Minimal Buyers,1406.9758,0.0,0.1637,10001.9081,10001.9081,0.0
13552,0,Active Minimal Buyers,1406.9758,0.0,0.1637,10001.9081,10001.9081,0.0
16616,0,Active Minimal Buyers,1406.9758,0.0,0.1637,10001.9081,10001.9081,0.0
11592,0,Active Minimal Buyers,1406.9758,0.0,0.1637,10001.9081,10001.9081,0.0
12913,0,Active Minimal Buyers,1406.9758,0.0,0.1637,10001.9081,10001.9081,0.0
12904,0,Active Minimal Buyers,1406.9758,0.0,0.1637,10001.9081,10001.9081,0.0
13261,0,Active Minimal Buyers,1406.9758,0.0,0.1637,10001.9081,10001.9081,0.0
12707,0,Active Minimal Buyers,1406.9758,0.0,0.1637,10001.9081,10001.9081,0.0
11606,0,Active Minimal Buyers,1406.9758,0.0,0.1637,10001.9081,10001.9081,0.0
13257,0,Active Minimal Buyers,1406.9758,0.0,0.1637,10001.9081,10001.9081,0.0
13265,0,Active Minimal Buyers,1406.9758,0.0,0.1637,10001.9081,10001.9081,0.0
13264,0,Active Minimal Buyers,1406.9758,0.0,0.1637,10001.9081,10001.9081,0.0
16514,0,Active Minimal Buyers,1406.9758,0.0,0.1637,10001.9081,10001.9081,0.0
16629,0,Active Minimal Buyers,1406.9758,0.0,0.1637,10001.9081,10001.9081,0.0
16482,0,Active Minimal Buyers,1406.9758,0.0,0.1637,10001.9081,10001.9081,0.0
11591,0,Active Minimal Buyers,1406.9758,0.0,0.1637,10001.9081,10001.9081,0.0
16493,0,Active Minimal Buyers,1406.9758,0.0,0.1637,10001.9081,10001.9081,0.0
12761,0,Active Minimal Buyers,1406.9758,0.0,0.1637,10001.9081,10001.9081,0.0
16607,0,Active Minimal Buyers,1406.9758,0.0,0.1637,10001.9081,10001.9081,0.0
16527,0,Active Minimal Buyers,1406.9758,0.0,0.1637,10001.9081,10001.9081,0.0
12769,0,Active Minimal Buyers,1406.9758,0.0,0.1637,10001.9081,10001.9081,0.0
13576,0,Active Minimal Buyers,1406.9758,0.0,0.1637,10001.9081,10001.9081,0.0
12789,0,Active Minimal Buyers,1406.9758,0.0,0.1637,10001.9081,10001.9081,0.0
20625,0,Active Minimal Buyers,1406.9758,0.0,0.1637,10001.9081,10001.9081,0.0
20622,0,Active Minimal Buyers,1406.9758,0.0,0.1637,10001.9081,10001.9081,0.0
16352,0,Active Minimal Buyers,1406.9758,0.0,0.1637,10001.9081,10001.9081,0.0
13590,0,Active Minimal Buyers,1406.9758,0.0,0.1637,10001.9081,10001.9081,0.0
13581,0,Active Minimal Buyers,1406.9758,0.0,0.1637,10001.9081,10001.9081,0.0
27604,0,Active Minimal Buyers,1406.9758,0.0,0.1637,10001.9081,10001.9081,0.0
14978,0,Active Minimal Buyers,1406.9758,0.0,0.1637,10001.9081,10001.9081,0.0
12178,0,Active Minimal Buyers,1406.9758,0.0,0.1637,10001.9081,10001.9081,0.0
27577,0,Active Minimal Buyers,1406.9758,0.0,0.1637,10001.9081,10001.9081,0.0
13555,0,Active Minimal Buyers,1406.9758,0.0,0.1637,10001.9081,10001.9081,0.0
12187,0,Active Minimal Buyers,1406.9758,0.0,0.1637,10001.9081,10001.9081,0.0
12186,0,Active Minimal Buyers,1406.9758,0.0,0.1637,10001.9081,10001.9081,0.0
27612,0,Active Minimal Buyers,1406.9758,0.0,0.1637,10001.9081,10001.9081,0.0
12450,0,Active Minimal Buyers,1406.9758,0.0,0.1637,10001.9081,10001.9081,0.0
27666,0,Active Minimal Buyers,1406.9758,0.0,0.1637,10001.9081,10001.9081,0.0
27646,0,Active Minimal Buyers,1406.9758,0.0,0.1637,10001.9081,10001.9081,0.0
27636,0,Active Minimal Buyers,1406.9758,0.0,0.1637,10001.9081,10001.9081,0.0
27625,0,Active Minimal Buyers,1406.9758,0.0,0.1637,10001.9081,10001.9081,0.0
27623,0,Active Minimal Buyers,1406.9758,0.0,0.1637,10001.9081,10001.9081,0.0
27617,0,Active Minimal Buyers,1406.9758,0.0,0.1637,10001.9081,10001.9081,0.0
13536,0,Active Minimal Buyers,1406.9758,0.0,0.1637,10001.9081,10001.9081,0.0
13563,0,Active Minimal Buyers,1406.9758,0.0,0.1637,10001.9081,10001.9081,0.0
13258,0,Active Minimal Buyers,1406.9758,0.0,0.1637,10001.9081,10001.9081,0.0
16522,0,Active Minimal Buyers,1406.9758,0.0,0.1637,10001.9081,10001.9081,0.0
16520,0,Active Minimal Buyers,1406.9758,0.0,0.1637,10001.9081,10001.9081,0.0
12364,0,Active Minimal Buyers,1406.9758,0.0,0.1637,10001.9081,10001.9081,0.0
12448,0,Active Minimal Buyers,1406.9758,0.0,0.1637,10001.9081,10001.9081,0.0
16631,0,Active Minimal Buyers,1406.9758,0.0,0.1637,10001.9081,10001.9081,0.0
12184,0,Active Minimal Buyers,1406.9758,0.0,0.1637,10001.9081,10001.9081,0.0
16612,0,Active Minimal Buyers,1406.9758,0.0,0.1637,10001.9081,10001.9081,0.0
24671,0,Active Minimal Buyers,1406.9758,0.0,0.1637,10001.9081,10001.9081,0.0
12766,0,Active Minimal Buyers,1406.9758,0.0,0.1637,10001.9081,10001.9081,0.0
12784,0,Active Minimal Buyers,1406.9758,0.0,0.1637,10001.9081,10001.9081,0.0
20990,0,Active Minimal Buyers,1406.9758,0.0,0.1637,10001.9081,10001.9081,0.0
20985,0,Active Minimal Buyers,1406.9758,0.0,0.1637,10001.9081,10001.9081,0.0
20815,0,Active Minimal Buyers,1406.9758,0.0,0.1637,10001.9081,10001.9081,0.0
20822,0,Active Minimal Buyers,1406.9758,0.0,0.1637,10001.9081,10001.9081,0.0
15063,0,Active Minimal Buyers,1406.9758,0.0,0.1637,10001.9081,10001.9081,0.0
12780,0,Active Minimal Buyers,1406.9758,0.0,0.1637,10001.9081,10001.9081,0.0
24646,0,Active Minimal Buyers,1406.9758,0.0,0.1637,10001.9081,10001.9081,0.0
12418,0,Active Minimal Buyers,1406.9758,0.0,0.1637,10001.9081,10001.9081,0.0
12200,0,Active Minimal Buyers,1406.9758,0.0,0.1637,10001.9081,10001.9081,0.0
12452,0,Active Minimal Buyers,1406.9758,0.0,0.1637,10001.9081,10001.9081,0.0
12423,0,Active Minimal Buyers,1406.9758,0.0,0.1637,10001.9081,10001.9081,0.0
16525,0,Active Minimal Buyers,1406.9758,0.0,0.1637,10001.9081,10001.9081,0.0
20620,0,Active Minimal Buyers,1406.9758,0.0,0.1637,10001.9081,10001.9081,0.0
20617,0,Active Minimal Buyers,1406.9758,0.0,0.1637,10001.9081,10001.9081,0.0
12774,0,Active Minimal Buyers,1406.9758,0.0,0.1637,10001.9081,10001.9081,0.0
12917,0,Active Minimal Buyers,1406.9758,0.0,0.1637,10001.9081,10001.9081,0.0
13556,0,Active Minimal Buyers,1406.9758,0.0,0.1637,10001.9081,10001.9081,0.0
16518,0,Active Minimal Buyers,1406.9758,0.0,0.1637,10001.9081,10001.9081,0.0
27578,0,Active Minimal Buyers,1406.9758,0.0,0.1637,10001.9081,10001.9081,0.0
16516,0,Active Minimal Buyers,1406.9758,0.0,0.1637,10001.9081,10001.9081,0.0
16515,0,Active Minimal Buyers,1406.9758,0.0,0.1637,10001.9081,10001.9081,0.0
12770,0,Active Minimal Buyers,1406.9758,0.0,0.1637,10001.9081,10001.9081,0.0
12768,0,Active Minimal Buyers,1406.9758,0.0,0.1637,10001.9081,10001.9081,0.0
12764,0,Active Minimal Buyers,1406.9758,0.0,0.1637,10001.9081,10001.9081,0.0
14979,0,Active Minimal Buyers,1406.9758,0.0,0.1637,10001.9081,10001.9081,0.0
24666,0,Active Minimal Buyers,1406.9758,0.0,0.1637,10001.9081,10001.9081,0.0
16661,0,Active Minimal Buyers,1406.9758,0.0,0.1637,10001.9081,10001.9081,0.0
16660,0,Active Minimal Buyers,1406.9758,0.0,0.1637,10001.9081,10001.9081,0.0
13661,0,Active Minimal Buyers,1406.9758,0.0,0.1637,10001.9081,10001.9081,0.0
13687,0,Active Minimal Buyers,1406.9758,0.0,0.1637,10001.9081,10001.9081,0.0
16703,0,Active Minimal Buyers,1406.9758,0.0,0.1637,10001.9081,10001.9081,0.0
12180,0,Active Minimal Buyers,1406.9758,0.0,0.1637,10001.9081,10001.9081,0.0
12179,0,Active Minimal Buyers,1406.9758,0.0,0.1637,10001.9081,10001.9081,0.0
12709,0,Active Minimal Buyers,1406.9758,0.0,0.1637,10001.9081,10001.9081,0.0
12771,0,Active Minimal Buyers,1406.9758,0.0,0.1637,10001.9081,10001.9081,0.0
11611,0,Active Minimal Buyers,1406.9758,0.0,0.1637,10001.9081,10001.9081,0.0
11607,0,Active Minimal Buyers,1406.9758,0.0,0.1637,10001.9081,10001.9081,0.0
11601,0,Active Minimal Buyers,1406.9758,0.0,0.1637,10001.9081,10001.9081,0.0
11599,0,Active Minimal Buyers,1406.9758,0.0,0.1637,10001.9081,10001.9081,0.0
11593,0,Active Minimal Buyers,1406.9758,0.0,0.1637,10001.9081,10001.9081,0.0
16744,0,Active Minimal Buyers,1406.9758,0.0,0.1637,10001.9081,10001.9081,0.0
16743,0,Active Minimal Buyers,1406.9758,0.0,0.1637,10001.9081,10001.9081,0.0
16741,0,Active Minimal Buyers,1406.9758,0.0,0.1637,10001.9081,10001.9081,0.0
16740,0,Active Minimal Buyers,1406.9758,0.0,0.1637,10001.9081,10001.9081,0.0
16712,0,Active Minimal Buyers,1406.9758,0.0,0.1637,10001.9081,10001.9081,0.0
12438,0,Active Minimal Buyers,1406.9758,0.0,0.1637,10001.9081,10001.9081,0.0
20816,0,Active Minimal Buyers,1406.9758,0.0,0.1637,10001.9081,10001.9081,0.0
20628,0,Active Minimal Buyers,1406.9758,0.0,0.1637,10001.9081,10001.9081,0.0
20627,0,Active Minimal Buyers,1406.9758,0.0,0.1637,10001.9081,10001.9081,0.0
20626,0,Active Minimal Buyers,1406.9758,0.0,0.1637,10001.9081,10001.9081,0.0
17047,0,Active Minimal Buyers,1406.9758,0.0,0.1637,10001.9081,10001.9081,0.0
20624,0,Active Minimal Buyers,1406.9758,0.0,0.1637,10001.9081,10001.9081,0.0
20623,0,Active Minimal Buyers,1406.9758,0.0,0.1637,10001.9081,10001.9081,0.0
13545,0,Active Minimal Buyers,1406.9758,0.0,0.1637,10001.9081,10001.9081,0.0
13540,0,Active Minimal Buyers,1406.9758,0.0,0.1637,10001.9081,10001.9081,0.0
27667,0,Active Minimal Buyers,1406.9758,0.0,0.1637,10001.9081,10001.9081,0.0
28030,0,Active Minimal Buyers,1406.9758,0.0,0.1637,10001.9081,10001.9081,0.0
28022,0,Active Minimal Buyers,1406.9758,0.0,0.1637,10001.9081,10001.9081,0.0
28018,0,Active Minimal Buyers,1406.9758,0.0,0.1637,10001.9081,10001.9081,0.0
28017,0,Active Minimal Buyers,1406.9758,0.0,0.1637,10001.9081,10001.9081,0.0
16350,0,Active Minimal Buyers,1406.9758,0.0,0.1637,10001.9081,10001.9081,0.0
13600,0,Active Minimal Buyers,1406.9758,0.0,0.1637,10001.9081,10001.9081,0.0
28014,0,Active Minimal Buyers,1406.9758,0.0,0.1637,10001.9081,10001.9081,0.0
27920,0,Active Minimal Buyers,1406.9758,0.0,0.1637,10001.9081,10001.9081,0.0
13585,0,Active Minimal Buyers,1406.9758,0.0,0.1637,10001.9081,10001.9081,0.0
13584,0,Active Minimal Buyers,1406.9758,0.0,0.1637,10001.9081,10001.9081,0.0
13583,0,Active Minimal Buyers,1406.9758,0.0,0.1637,10001.9081,10001.9081,0.0
21813,0,Active Minimal Buyers,1406.9758,0.0,0.1637,10001.9081,10001.9081,0.0
27918,0,Active Minimal Buyers,1406.9758,0.0,0.1637,10001.9081,10001.9081,0.0
20989,0,Active Minimal Buyers,1406.9758,0.0,0.1637,10001.9081,10001.9081,0.0
27673,0,Active Minimal Buyers,1406.9758,0.0,0.1637,10001.9081,10001.9081,0.0
20983,0,Active Minimal Buyers,1406.9758,0.0,0.1637,10001.9081,10001.9081,0.0
27669,0,Active Minimal Buyers,1406.9758,0.0,0.1637,10001.9081,10001.9081,0.0
20814,0,Active Minimal Buyers,1406.9758,0.0,0.1637,10001.9081,10001.9081,0.0
20812,0,Active Minimal Buyers,1406.9758,0.0,0.1637,10001.9081,10001.9081,0.0
12915,0,Active Minimal Buyers,1406.9758,0.0,0.1637,10001.9081,10001.9081,0.0
20821,0,Active Minimal Buyers,1406.9758,0.0,0.1637,10001.9081,10001.9081,0.0
13260,0,Active Minimal Buyers,1406.9758,0.0,0.1637,10001.9081,10001.9081,0.0
12898,0,Active Minimal Buyers,1406.9758,0.0,0.1637,10001.9081,10001.9081,0.0
13558,0,Active Minimal Buyers,1406.9758,0.0,0.1637,10001.9081,10001.9081,0.0
12886,0,Active Minimal Buyers,1406.9758,0.0,0.1637,10001.9081,10001.9081,0.0
13406,0,Active Minimal Buyers,1406.9758,0.0,0.1637,10001.9081,10001.9081,0.0
27605,0,Active Minimal Buyers,1406.9758,0.0,0.1637,10001.9081,10001.9081,0.0
12208,0,Active Minimal Buyers,1406.9758,0.0,0.1637,10001.9081,10001.9081,0.0
24491,0,Active Minimal Buyers,1406.9758,0.0,0.1637,10001.9081,10001.9081,0.0
16496,0,Active Minimal Buyers,1406.9758,0.0,0.1637,10001.9081,10001.9081,0.0
16495,0,Active Minimal Buyers,1406.9758,0.0,0.1637,10001.9081,10001.9081,0.0
16349,0,Active Minimal Buyers,1406.9758,0.0,0.1637,10001.9081,10001.9081,0.0
16348,0,Active Minimal Buyers,1406.9758,0.0,0.1637,10001.9081,10001.9081,0.0
22041,0,Active Minimal Buyers,1406.9758,0.0,0.1637,10001.9081,10001.9081,0.0
16630,0,Active Minimal Buyers,1406.9758,0.0,0.1637,10001.9081,10001.9081,0.0
16494,0,Active Minimal Buyers,1406.9758,0.0,0.1637,10001.9081,10001.9081,0.0
13602,0,Active Minimal Buyers,1406.9758,0.0,0.1637,10001.9081,10001.9081,0.0
28040,0,Active Minimal Buyers,1406.9758,0.0,0.1637,10001.9081,10001.9081,0.0
16484,0,Active Minimal Buyers,1406.9758,0.0,0.1637,10001.9081,10001.9081,0.0
24431,0,Active Minimal Buyers,1406.9758,0.0,0.1637,10001.9081,10001.9081,0.0
24418,0,Active Minimal Buyers,1406.9758,0.0,0.1637,10001.9081,10001.9081,0.0
28039,0,Active Minimal Buyers,1406.9758,0.0,0.1637,10001.9081,10001.9081,0.0
28038,0,Active Minimal Buyers,1406.9758,0.0,0.1637,10001.9081,10001.9081,0.0
28083,0,Active Minimal Buyers,1406.9758,0.0,0.1637,10001.9081,10001.9081,0.0
28076,0,Active Minimal Buyers,1406.9758,0.0,0.1637,10001.9081,10001.9081,0.0
28071,0,Active Minimal Buyers,1406.9758,0.0,0.1637,10001.9081,10001.9081,0.0
28070,0,Active Minimal Buyers,1406.9758,0.0,0.1637,10001.9081,10001.9081,0.0
28068,0,Active Minimal Buyers,1406.9758,0.0,0.1637,10001.9081,10001.9081,0.0
28067,0,Active Minimal Buyers,1406.9758,0.0,0.1637,10001.9081,10001.9081,0.0
28066,0,Active Minimal Buyers,1406.9758,0.0,0.1637,10001.9081,10001.9081,0.0
16623,0,Active Minimal Buyers,1406.9758,0.0,0.1637,10001.9081,10001.9081,0.0
15669,0,Active Minimal Buyers,1406.9758,0.0,0.1637,10001.9081,10001.9081,0.0
16929,0,Active Minimal Buyers,1406.9758,0.0,0.1637,10001.9081,10001.9081,0.0
27614,0,Active Minimal Buyers,1406.9758,0.0,0.1637,10001.9081,10001.9081,0.0
16620,0,Active Minimal Buyers,1406.9758,0.0,0.1637,10001.9081,10001.9081,0.0
27611,0,Active Minimal Buyers,1406.9758,0.0,0.1637,10001.9081,10001.9081,0.0
12756,0,Active Minimal Buyers,1406.9758,0.0,0.1637,10001.9081,10001.9081,0.0
27726,0,Active Minimal Buyers,1406.9758,0.0,0.1637,10001.9081,10001.9081,0.0
27681,0,Active Minimal Buyers,1406.9758,0.0,0.1637,10001.9081,10001.9081,0.0
28063,0,Active Minimal Buyers,1406.9758,0.0,0.1637,10001.9081,10001.9081,0.0
17051,0,Active Minimal Buyers,1406.9758,0.0,0.1637,10001.9081,10001.9081,0.0
28061,0,Active Minimal Buyers,1406.9758,0.0,0.1637,10001.9081,10001.9081,0.0
28047,0,Active Minimal Buyers,1406.9758,0.0,0.1637,10001.9081,10001.9081,0.0
21741,0,Active Minimal Buyers,1406.9758,0.0,0.1637,10001.9081,10001.9081,0.0
21727,0,Active Minimal Buyers,1406.9758,0.0,0.1637,10001.9081,10001.9081,0.0
21710,0,Active Minimal Buyers,1406.9758,0.0,0.1637,10001.9081,10001.9081,0.0
21659,0,Active Minimal Buyers,1406.9758,0.0,0.1637,10001.9081,10001.9081,0.0
28044,0,Active Minimal Buyers,1406.9758,0.0,0.1637,10001.9081,10001.9081,0.0
28042,0,Active Minimal Buyers,1406.9758,0.0,0.1637,10001.9081,10001.9081,0.0
12755,0,Active Minimal Buyers,1406.9758,0.0,0.1637,10001.9081,10001.9081,0.0
27663,0,Active Minimal Buyers,1406.9758,0.0,0.1637,10001.9081,10001.9081,0.0
27662,0,Active Minimal Buyers,1406.9758,0.0,0.1637,10001.9081,10001.9081,0.0
27651,0,Active Minimal Buyers,1406.9758,0.0,0.1637,10001.9081,10001.9081,0.0
27649,0,Active Minimal Buyers,1406.9758,0.0,0.1637,10001.9081,10001.9081,0.0
14969,0,Active Minimal Buyers,1406.9758,0.0,0.1637,10001.9081,10001.9081,0.0
28031,0,Active Minimal Buyers,1406.9758,0.0,0.1637,10001.9081,10001.9081,0.0
27641,0,Active Minimal Buyers,1406.9758,0.0,0.1637,10001.9081,10001.9081,0.0
12885,0,Active Minimal Buyers,1406.9758,0.0,0.1637,10001.9081,10001.9081,0.0
21939,0,Active Minimal Buyers,1406.9758,0.0,0.1637,10001.9081,10001.9081,0.0
12883,0,Active Minimal Buyers,1406.9758,0.0,0.1637,10001.9081,10001.9081,0.0
12882,0,Active Minimal Buyers,1406.9758,0.0,0.1637,10001.9081,10001.9081,0.0
12881,0,Active Minimal Buyers,1406.9758,0.0,0.1637,10001.9081,10001.9081,0.0
12198,0,Active Minimal Buyers,1406.9758,0.0,0.1637,10001.9081,10001.9081,0.0
28065,0,Active Minimal Buyers,1406.9758,0.0,0.1637,10001.9081,10001.9081,0.0
27615,0,Active Minimal Buyers,1406.9758,0.0,0.1637,10001.9081,10001.9081,0.0
12190,0,Active Minimal Buyers,1406.9758,0.0,0.1637,10001.9081,10001.9081,0.0
12189,0,Active Minimal Buyers,1406.9758,0.0,0.1637,10001.9081,10001.9081,0.0
12209,0,Active Minimal Buyers,1406.9758,0.0,0.1637,10001.9081,10001.9081,0.0
13259,0,Active Minimal Buyers,1406.9758,0.0,0.1637,10001.9081,10001.9081,0.0
16696,0,Active Minimal Buyers,1406.9758,0.0,0.1637,10001.9081,10001.9081,0.0
16526,0,Active Minimal Buyers,1406.9758,0.0,0.1637,10001.9081,10001.9081,0.0
16686,0,Active Minimal Buyers,1406.9758,0.0,0.1637,10001.9081,10001.9081,0.0
16524,0,Active Minimal Buyers,1406.9758,0.0,0.1637,10001.9081,10001.9081,0.0
16523,0,Active Minimal Buyers,1406.9758,0.0,0.1637,10001.9081,10001.9081,0.0
16685,0,Active Minimal Buyers,1406.9758,0.0,0.1637,10001.9081,10001.9081,0.0
16521,0,Active Minimal Buyers,1406.9758,0.0,0.1637,10001.9081,10001.9081,0.0
16684,0,Active Minimal Buyers,1406.9758,0.0,0.1637,10001.9081,10001.9081,0.0
16519,0,Active Minimal Buyers,1406.9758,0.0,0.1637,10001.9081,10001.9081,0.0
16675,0,Active Minimal Buyers,1406.9758,0.0,0.1637,10001.9081,10001.9081,0.0
12446,0,Active Minimal Buyers,1406.9758,0.0,0.1637,10001.9081,10001.9081,0.0
13546,0,Active Minimal Buyers,1406.9758,0.0,0.1637,10001.9081,10001.9081,0.0
13548,0,Active Minimal Buyers,1406.9758,0.0,0.1637,10001.9081,10001.9081,0.0
16664,0,Active Minimal Buyers,1406.9758,0.0,0.1637,10001.9081,10001.9081,0.0
24759,0,Active Minimal Buyers,1406.9758,0.0,0.1637,10001.9081,10001.9081,0.0
16659,0,Active Minimal Buyers,1406.9758,0.0,0.1637,10001.9081,10001.9081,0.0
16658,0,Active Minimal Buyers,1406.9758,0.0,0.1637,10001.9081,10001.9081,0.0
16657,0,Active Minimal Buyers,1406.9758,0.0,0.1637,10001.9081,10001.9081,0.0
16639,0,Active Minimal Buyers,1406.9758,0.0,0.1637,10001.9081,10001.9081,0.0
16638,0,Active Minimal Buyers,1406.9758,0.0,0.1637,10001.9081,10001.9081,0.0
16636,0,Active Minimal Buyers,1406.9758,0.0,0.1637,10001.9081,10001.9081,0.0
16745,0,Active Minimal Buyers,1406.9758,0.0,0.1637,10001.9081,10001.9081,0.0
16347,0,Active Minimal Buyers,1406.9758,0.0,0.1637,10001.9081,10001.9081,0.0
16528,0,Active Minimal Buyers,1406.9758,0.0,0.1637,10001.9081,10001.9081,0.0
16345,0,Active Minimal Buyers,1406.9758,0.0,0.1637,10001.9081,10001.9081,0.0
24392,0,Active Minimal Buyers,1406.9758,0.0,0.1637,10001.9081,10001.9081,0.0
12437,0,Active Minimal Buyers,1406.9758,0.0,0.1637,10001.9081,10001.9081,0.0
13515,0,Active Minimal Buyers,1406.9758,0.0,0.1637,10001.9081,10001.9081,0.0
13541,0,Active Minimal Buyers,1406.9758,0.0,0.1637,10001.9081,10001.9081,0.0
13538,0,Active Minimal Buyers,1406.9758,0.0,0.1637,10001.9081,10001.9081,0.0
17310,0,Active Minimal Buyers,1406.9758,0.0,0.1637,10001.9081,10001.9081,0.0
17309,0,Active Minimal Buyers,1406.9758,0.0,0.1637,10001.9081,10001.9081,0.0
17308,0,Active Minimal Buyers,1406.9758,0.0,0.1637,10001.9081,10001.9081,0.0
17299,0,Active Minimal Buyers,1406.9758,0.0,0.1637,10001.9081,10001.9081,0.0
17294,0,Active Minimal Buyers,1406.9758,0.0,0.1637,10001.9081,10001.9081,0.0
12362,0,Active Minimal Buyers,1406.9758,0.0,0.1637,10001.9081,10001.9081,0.0
17328,0,Active Minimal Buyers,1406.9758,0.0,0.1637,10001.9081,10001.9081,0.0
13567,0,Active Minimal Buyers,1406.9758,0.0,0.1637,10001.9081,10001.9081,0.0
13564,0,Active Minimal Buyers,1406.9758,0.0,0.1637,10001.9081,10001.9081,0.0
24344,0,Active Minimal Buyers,1406.9758,0.0,0.1637,10001.9081,10001.9081,0.0
24342,0,Active Minimal Buyers,1406.9758,0.0,0.1637,10001.9081,10001.9081,0.0
12442,0,Active Minimal Buyers,1406.9758,0.0,0.1637,10001.9081,10001.9081,0.0
12441,0,Active Minimal Buyers,1406.9758,0.0,0.1637,10001.9081,10001.9081,0.0
13542,0,Active Minimal Buyers,1406.9758,0.0,0.1637,10001.9081,10001.9081,0.0
17046,0,Active Minimal Buyers,1406.9758,0.0,0.1637,10001.9081,10001.9081,0.0
17045,0,Active Minimal Buyers,1406.9758,0.0,0.1637,10001.9081,10001.9081,0.0
21921,0,Active Minimal Buyers,1406.9758,0.0,0.1637,10001.9081,10001.9081,0.0
27919,0,Active Minimal Buyers,1406.9758,0.0,0.1637,10001.9081,10001.9081,0.0
27917,0,Active Minimal Buyers,1406.9758,0.0,0.1637,10001.9081,10001.9081,0.0
27759,0,Active Minimal Buyers,1406.9758,0.0,0.1637,10001.9081,10001.9081,0.0
17050,0,Active Minimal Buyers,1406.9758,0.0,0.1637,10001.9081,10001.9081,0.0
17049,0,Active Minimal Buyers,1406.9758,0.0,0.1637,10001.9081,10001.9081,0.0
17048,0,Active Minimal Buyers,1406.9758,0.0,0.1637,10001.9081,10001.9081,0.0
27678,0,Active Minimal Buyers,1406.9758,0.0,0.1637,10001.9081,10001.9081,0.0
17071,0,Active Minimal Buyers,1406.9758,0.0,0.1637,10001.9081,10001.9081,0.0
17065,0,Active Minimal Buyers,1406.9758,0.0,0.1637,10001.9081,10001.9081,0.0
17055,0,Active Minimal Buyers,1406.9758,0.0,0.1637,10001.9081,10001.9081,0.0
28062,0,Active Minimal Buyers,1406.9758,0.0,0.1637,10001.9081,10001.9081,0.0
28041,0,Active Minimal Buyers,1406.9758,0.0,0.1637,10001.9081,10001.9081,0.0
22008,0,Active Minimal Buyers,1406.9758,0.0,0.1637,10001.9081,10001.9081,0.0
12094,0,Active Minimal Buyers,1406.9758,0.0,0.1637,10001.9081,10001.9081,0.0
12084,0,Active Minimal Buyers,1406.9758,0.0,0.1637,10001.9081,10001.9081,0.0
12082,0,Active Minimal Buyers,1406.9758,0.0,0.1637,10001.9081,10001.9081,0.0
12079,0,Active Minimal Buyers,1406.9758,0.0,0.1637,10001.9081,10001.9081,0.0
12076,0,Active Minimal Buyers,1406.9758,0.0,0.1637,10001.9081,10001.9081,0.0
12072,0,Active Minimal Buyers,1406.9758,0.0,0.1637,10001.9081,10001.9081,0.0
12058,0,Active Minimal Buyers,1406.9758,0.0,0.1637,10001.9081,10001.9081,0.0
12052,0,Active Minimal Buyers,1406.9758,0.0,0.1637,10001.9081,10001.9081,0.0
12050,0,Active Minimal Buyers,1406.9758,0.0,0.1637,10001.9081,10001.9081,0.0
12042,0,Active Minimal Buyers,1406.9758,0.0,0.1637,10001.9081,10001.9081,0.0
12041,0,Active Minimal Buyers,1406.9758,0.0,0.1637,10001.9081,10001.9081,0.0
12030,0,Active Minimal Buyers,1406.9758,0.0,0.1637,10001.9081,10001.9081,0.0
28112,0,Active Minimal Buyers,1406.9758,0.0,0.1637,10001.9081,10001.9081,0.0
28097,0,Active Minimal Buyers,1406.9758,0.0,0.1637,10001.9081,10001.9081,0.0
28088,0,Active Minimal Buyers,1406.9758,0.0,0.1637,10001.9081,10001.9081,0.0
28078,0,Active Minimal Buyers,1406.9758,0.0,0.1637,10001.9081,10001.9081,0.0
28064,0,Active Minimal Buyers,1406.9758,0.0,0.1637,10001.9081,10001.9081,0.0
28156,0,Active Minimal Buyers,1406.9758,0.0,0.1637,10001.9081,10001.9081,0.0
28145,0,Active Minimal Buyers,1406.9758,0.0,0.1637,10001.9081,10001.9081,0.0
28131,0,Active Minimal Buyers,1406.9758,0.0,0.1637,10001.9081,10001.9081,0.0
15638,0,Active Minimal Buyers,1406.9758,0.0,0.1637,10001.9081,10001.9081,0.0
15632,0,Active Minimal Buyers,1406.9758,0.0,0.1637,10001.9081,10001.9081,0.0
28172,0,Active Minimal Buyers,1406.9758,0.0,0.1637,10001.9081,10001.9081,0.0
28168,0,Active Minimal Buyers,1406.9758,0.0,0.1637,10001.9081,10001.9081,0.0
15662,0,Active Minimal Buyers,1406.9758,0.0,0.1637,10001.9081,10001.9081,0.0
15661,0,Active Minimal Buyers,1406.9758,0.0,0.1637,10001.9081,10001.9081,0.0
15657,0,Active Minimal Buyers,1406.9758,0.0,0.1637,10001.9081,10001.9081,0.0
15653,0,Active Minimal Buyers,1406.9758,0.0,0.1637,10001.9081,10001.9081,0.0
15652,0,Active Minimal Buyers,1406.9758,0.0,0.1637,10001.9081,10001.9081,0.0
28193,0,Active Minimal Buyers,1406.9758,0.0,0.1637,10001.9081,10001.9081,0.0
28186,0,Active Minimal Buyers,1406.9758,0.0,0.1637,10001.9081,10001.9081,0.0
28185,0,Active Minimal Buyers,1406.9758,0.0,0.1637,10001.9081,10001.9081,0.0
28183,0,Active Minimal Buyers,1406.9758,0.0,0.1637,10001.9081,10001.9081,0.0
28182,0,Active Minimal Buyers,1406.9758,0.0,0.1637,10001.9081,10001.9081,0.0
16931,0,Active Minimal Buyers,1406.9758,0.0,0.1637,10001.9081,10001.9081,0.0
16928,0,Active Minimal Buyers,1406.9758,0.0,0.1637,10001.9081,10001.9081,0.0
12027,0,Active Minimal Buyers,1406.9758,0.0,0.1637,10001.9081,10001.9081,0.0
12025,0,Active Minimal Buyers,1406.9758,0.0,0.1637,10001.9081,10001.9081,0.0
12016,0,Active Minimal Buyers,1406.9758,0.0,0.1637,10001.9081,10001.9081,0.0
28181,0,Active Minimal Buyers,1406.9758,0.0,0.1637,10001.9081,10001.9081,0.0
28179,0,Active Minimal Buyers,1406.9758,0.0,0.1637,10001.9081,10001.9081,0.0
15692,0,Active Minimal Buyers,1406.9758,0.0,0.1637,10001.9081,10001.9081,0.0
11983,0,Active Minimal Buyers,1406.9758,0.0,0.1637,10001.9081,10001.9081,0.0
11956,0,Active Minimal Buyers,1406.9758,0.0,0.1637,10001.9081,10001.9081,0.0
11954,0,Active Minimal Buyers,1406.9758,0.0,0.1637,10001.9081,10001.9081,0.0
12841,0,Active Minimal Buyers,1406.9758,0.0,0.1637,10001.9081,10001.9081,0.0
24496,0,Active Minimal Buyers,1406.9758,0.0,0.1637,10001.9081,10001.9081,0.0
24493,0,Active Minimal Buyers,1406.9758,0.0,0.1637,10001.9081,10001.9081,0.0
22114,0,Active Minimal Buyers,1406.9758,0.0,0.1637,10001.9081,10001.9081,0.0
22058,0,Active Minimal Buyers,1406.9758,0.0,0.1637,10001.9081,10001.9081,0.0
22050,0,Active Minimal Buyers,1406.9758,0.0,0.1637,10001.9081,10001.9081,0.0
11939,0,Active Minimal Buyers,1406.9758,0.0,0.1637,10001.9081,10001.9081,0.0
11934,0,Active Minimal Buyers,1406.9758,0.0,0.1637,10001.9081,10001.9081,0.0
20994,0,Active Minimal Buyers,1406.9758,0.0,0.1637,10001.9081,10001.9081,0.0
20993,0,Active Minimal Buyers,1406.9758,0.0,0.1637,10001.9081,10001.9081,0.0
20992,0,Active Minimal Buyers,1406.9758,0.0,0.1637,10001.9081,10001.9081,0.0
20991,0,Active Minimal Buyers,1406.9758,0.0,0.1637,10001.9081,10001.9081,0.0
12110,0,Active Minimal Buyers,1406.9758,0.0,0.1637,10001.9081,10001.9081,0.0
12109,0,Active Minimal Buyers,1406.9758,0.0,0.1637,10001.9081,10001.9081,0.0
12108,0,Active Minimal Buyers,1406.9758,0.0,0.1637,10001.9081,10001.9081,0.0
12105,0,Active Minimal Buyers,1406.9758,0.0,0.1637,10001.9081,10001.9081,0.0
12102,0,Active Minimal Buyers,1406.9758,0.0,0.1637,10001.9081,10001.9081,0.0
12096,0,Active Minimal Buyers,1406.9758,0.0,0.1637,10001.9081,10001.9081,0.0
12078,0,Active Minimal Buyers,1406.9758,0.0,0.1637,10001.9081,10001.9081,0.0
12153,0,Active Minimal Buyers,1406.9758,0.0,0.1637,10001.9081,10001.9081,0.0
20995,0,Active Minimal Buyers,1406.9758,0.0,0.1637,10001.9081,10001.9081,0.0
12103,0,Active Minimal Buyers,1406.9758,0.0,0.1637,10001.9081,10001.9081,0.0
15695,0,Active Minimal Buyers,1406.9758,0.0,0.1637,10001.9081,10001.9081,0.0
12112,0,Active Minimal Buyers,1406.9758,0.0,0.1637,10001.9081,10001.9081,0.0
13537,0,Active Minimal Buyers,1406.9758,0.0,0.1637,10001.9081,10001.9081,0.0
12142,0,Active Minimal Buyers,1406.9758,0.0,0.1637,10001.9081,10001.9081,0.0
20444,0,Active Minimal Buyers,1406.9758,0.0,0.1637,10001.9081,10001.9081,0.0
12440,0,Active Minimal Buyers,1406.9758,0.0,0.1637,10001.9081,10001.9081,0.0
20988,0,Active Minimal Buyers,1406.9758,0.0,0.1637,10001.9081,10001.9081,0.0
20987,0,Active Minimal Buyers,1406.9758,0.0,0.1637,10001.9081,10001.9081,0.0
20984,0,Active Minimal Buyers,1406.9758,0.0,0.1637,10001.9081,10001.9081,0.0
20996,0,Active Minimal Buyers,1406.9758,0.0,0.1637,10001.9081,10001.9081,0.0
20820,0,Active Minimal Buyers,1406.9758,0.0,0.1637,10001.9081,10001.9081,0.0
20819,0,Active Minimal Buyers,1406.9758,0.0,0.1637,10001.9081,10001.9081,0.0
20817,0,Active Minimal Buyers,1406.9758,0.0,0.1637,10001.9081,10001.9081,0.0
20629,0,Active Minimal Buyers,1406.9758,0.0,0.1637,10001.9081,10001.9081,0.0
20610,0,Active Minimal Buyers,1406.9758,0.0,0.1637,10001.9081,10001.9081,0.0
20608,0,Active Minimal Buyers,1406.9758,0.0,0.1637,10001.9081,10001.9081,0.0
20606,0,Active Minimal Buyers,1406.9758,0.0,0.1637,10001.9081,10001.9081,0.0
20600,0,Active Minimal Buyers,1406.9758,0.0,0.1637,10001.9081,10001.9081,0.0
20621,0,Active Minimal Buyers,1406.9758,0.0,0.1637,10001.9081,10001.9081,0.0
20456,0,Active Minimal Buyers,1406.9758,0.0,0.1637,10001.9081,10001.9081,0.0
20451,0,Active Minimal Buyers,1406.9758,0.0,0.1637,10001.9081,10001.9081,0.0
20450,0,Active Minimal Buyers,1406.9758,0.0,0.1637,10001.9081,10001.9081,0.0
20448,0,Active Minimal Buyers,1406.9758,0.0,0.1637,10001.9081,10001.9081,0.0
20616,0,Active Minimal Buyers,1406.9758,0.0,0.1637,10001.9081,10001.9081,0.0
20615,0,Active Minimal Buyers,1406.9758,0.0,0.1637,10001.9081,10001.9081,0.0
20614,0,Active Minimal Buyers,1406.9758,0.0,0.1637,10001.9081,10001.9081,0.0
20613,0,Active Minimal Buyers,1406.9758,0.0,0.1637,10001.9081,10001.9081,0.0
20612,0,Active Minimal Buyers,1406.9758,0.0,0.1637,10001.9081,10001.9081,0.0
20416,0,Active Minimal Buyers,1406.9758,0.0,0.1637,10001.9081,10001.9081,0.0
20284,0,Active Minimal Buyers,1406.9758,0.0,0.1637,10001.9081,10001.9081,0.0
20283,0,Active Minimal Buyers,1406.9758,0.0,0.1637,10001.9081,10001.9081,0.0
20261,0,Active Minimal Buyers,1406.9758,0.0,0.1637,10001.9081,10001.9081,0.0
20445,0,Active Minimal Buyers,1406.9758,0.0,0.1637,10001.9081,10001.9081,0.0
20430,0,Active Minimal Buyers,1406.9758,0.0,0.1637,10001.9081,10001.9081,0.0
20418,0,Active Minimal Buyers,1406.9758,0.0,0.1637,10001.9081,10001.9081,0.0
20427,0,Active Minimal Buyers,1406.9758,0.0,0.1637,10001.9081,10001.9081,0.0
20452,0,Active Minimal Buyers,1406.9758,0.0,0.1637,10001.9081,10001.9081,0.0
12033,0,Active Minimal Buyers,1406.9758,0.0,0.1637,10001.9081,10001.9081,0.0
12071,0,Active Minimal Buyers,1406.9758,0.0,0.1637,10001.9081,10001.9081,0.0
20609,0,Active Minimal Buyers,1406.9758,0.0,0.1637,10001.9081,10001.9081,0.0
12160,0,Active Minimal Buyers,1406.9758,0.0,0.1637,10001.9081,10001.9081,0.0
12156,0,Active Minimal Buyers,1406.9758,0.0,0.1637,10001.9081,10001.9081,0.0
12155,0,Active Minimal Buyers,1406.9758,0.0,0.1637,10001.9081,10001.9081,0.0
12151,0,Active Minimal Buyers,1406.9758,0.0,0.1637,10001.9081,10001.9081,0.0
12143,0,Active Minimal Buyers,1406.9758,0.0,0.1637,10001.9081,10001.9081,0.0
12141,0,Active Minimal Buyers,1406.9758,0.0,0.1637,10001.9081,10001.9081,0.0
12121,0,Active Minimal Buyers,1406.9758,0.0,0.1637,10001.9081,10001.9081,0.0
12120,0,Active Minimal Buyers,1406.9758,0.0,0.1637,10001.9081,10001.9081,0.0
12118,0,Active Minimal Buyers,1406.9758,0.0,0.1637,10001.9081,10001.9081,0.0
12116,0,Active Minimal Buyers,1406.9758,0.0,0.1637,10001.9081,10001.9081,0.0
20429,0,Active Minimal Buyers,1406.9758,0.0,0.1637,10001.9081,10001.9081,0.0
20426,0,Active Minimal Buyers,1406.9758,0.0,0.1637,10001.9081,10001.9081,0.0
20425,0,Active Minimal Buyers,1406.9758,0.0,0.1637,10001.9081,10001.9081,0.0
20424,0,Active Minimal Buyers,1406.9758,0.0,0.1637,10001.9081,10001.9081,0.0
20423,0,Active Minimal Buyers,1406.9758,0.0,0.1637,10001.9081,10001.9081,0.0
20420,0,Active Minimal Buyers,1406.9758,0.0,0.1637,10001.9081,10001.9081,0.0
20260,0,Active Minimal Buyers,1406.9758,0.0,0.1637,10001.9081,10001.9081,0.0
20259,0,Active Minimal Buyers,1406.9758,0.0,0.1637,10001.9081,10001.9081,0.0
20256,0,Active Minimal Buyers,1406.9758,0.0,0.1637,10001.9081,10001.9081,0.0
13772,0,Active Minimal Buyers,1406.9758,0.0,0.1637,10001.9081,10001.9081,0.0
12163,0,Active Minimal Buyers,1406.9758,0.0,0.1637,10001.9081,10001.9081,0.0
12162,0,Active Minimal Buyers,1406.9758,0.0,0.1637,10001.9081,10001.9081,0.0
17246,0,Active Minimal Buyers,1406.9758,0.0,0.1637,10001.9081,10001.9081,0.0
17242,0,Active Minimal Buyers,1406.9758,0.0,0.1637,10001.9081,10001.9081,0.0
12059,0,Active Minimal Buyers,1406.9758,0.0,0.1637,10001.9081,10001.9081,0.0
14951,0,Active Minimal Buyers,1406.9758,0.0,0.1637,10001.9081,10001.9081,0.0
12164,0,Active Minimal Buyers,1406.9758,0.0,0.1637,10001.9081,10001.9081,0.0
12170,0,Active Minimal Buyers,1406.9758,0.0,0.1637,10001.9081,10001.9081,0.0
12026,0,Active Minimal Buyers,1406.9758,0.0,0.1637,10001.9081,10001.9081,0.0
14952,0,Active Minimal Buyers,1406.9758,0.0,0.1637,10001.9081,10001.9081,0.0
23868,0,Active Minimal Buyers,1406.9758,0.0,0.1637,10001.9081,10001.9081,0.0
23867,0,Active Minimal Buyers,1406.9758,0.0,0.1637,10001.9081,10001.9081,0.0
23866,0,Active Minimal Buyers,1406.9758,0.0,0.1637,10001.9081,10001.9081,0.0
13559,0,Active Minimal Buyers,1406.9758,0.0,0.1637,10001.9081,10001.9081,0.0
24235,0,Active Minimal Buyers,1406.9758,0.0,0.1637,10001.9081,10001.9081,0.0
13572,0,Active Minimal Buyers,1406.9758,0.0,0.1637,10001.9081,10001.9081,0.0
16742,0,Active Minimal Buyers,1406.9758,0.0,0.1637,10001.9081,10001.9081,0.0
16713,0,Active Minimal Buyers,1406.9758,0.0,0.1637,10001.9081,10001.9081,0.0
16663,0,Active Minimal Buyers,1406.9758,0.0,0.1637,10001.9081,10001.9081,0.0
13693,0,Active Minimal Buyers,1406.9758,0.0,0.1637,10001.9081,10001.9081,0.0
13691,0,Active Minimal Buyers,1406.9758,0.0,0.1637,10001.9081,10001.9081,0.0
13690,0,Active Minimal Buyers,1406.9758,0.0,0.1637,10001.9081,10001.9081,0.0
13689,0,Active Minimal Buyers,1406.9758,0.0,0.1637,10001.9081,10001.9081,0.0
16708,0,Active Minimal Buyers,1406.9758,0.0,0.1637,10001.9081,10001.9081,0.0
16707,0,Active Minimal Buyers,1406.9758,0.0,0.1637,10001.9081,10001.9081,0.0
12174,0,Active Minimal Buyers,1406.9758,0.0,0.1637,10001.9081,10001.9081,0.0
12173,0,Active Minimal Buyers,1406.9758,0.0,0.1637,10001.9081,10001.9081,0.0
12172,0,Active Minimal Buyers,1406.9758,0.0,0.1637,10001.9081,10001.9081,0.0
12171,0,Active Minimal Buyers,1406.9758,0.0,0.1637,10001.9081,10001.9081,0.0
12075,0,Active Minimal Buyers,1406.9758,0.0,0.1637,10001.9081,10001.9081,0.0
12817,0,Active Minimal Buyers,1406.9758,0.0,0.1637,10001.9081,10001.9081,0.0
12083,0,Active Minimal Buyers,1406.9758,0.0,0.1637,10001.9081,10001.9081,0.0
20264,0,Active Minimal Buyers,1406.9758,0.0,0.1637,10001.9081,10001.9081,0.0
20258,0,Active Minimal Buyers,1406.9758,0.0,0.1637,10001.9081,10001.9081,0.0
23865,0,Active Minimal Buyers,1406.9758,0.0,0.1637,10001.9081,10001.9081,0.0
13680,0,Active Minimal Buyers,1406.9758,0.0,0.1637,10001.9081,10001.9081,0.0
13679,0,Active Minimal Buyers,1406.9758,0.0,0.1637,10001.9081,10001.9081,0.0
13678,0,Active Minimal Buyers,1406.9758,0.0,0.1637,10001.9081,10001.9081,0.0
17229,0,Active Minimal Buyers,1406.9758,0.0,0.1637,10001.9081,10001.9081,0.0
12772,0,Active Minimal Buyers,1406.9758,0.0,0.1637,10001.9081,10001.9081,0.0
12181,0,Active Minimal Buyers,1406.9758,0.0,0.1637,10001.9081,10001.9081,0.0
14956,0,Active Minimal Buyers,1406.9758,0.0,0.1637,10001.9081,10001.9081,0.0
14997,0,Active Minimal Buyers,1406.9758,0.0,0.1637,10001.9081,10001.9081,0.0
15054,0,Active Minimal Buyers,1406.9758,0.0,0.1637,10001.9081,10001.9081,0.0
14990,0,Active Minimal Buyers,1406.9758,0.0,0.1637,10001.9081,10001.9081,0.0
15073,0,Active Minimal Buyers,1406.9758,0.0,0.1637,10001.9081,10001.9081,0.0
15055,0,Active Minimal Buyers,1406.9758,0.0,0.1637,10001.9081,10001.9081,0.0
13765,0,Active Minimal Buyers,1406.9758,0.0,0.1637,10001.9081,10001.9081,0.0
16701,0,Active Minimal Buyers,1406.9758,0.0,0.1637,10001.9081,10001.9081,0.0
16691,0,Active Minimal Buyers,1406.9758,0.0,0.1637,10001.9081,10001.9081,0.0
12866,0,Active Minimal Buyers,1406.9758,0.0,0.1637,10001.9081,10001.9081,0.0
12820,0,Active Minimal Buyers,1406.9758,0.0,0.1637,10001.9081,10001.9081,0.0
12819,0,Active Minimal Buyers,1406.9758,0.0,0.1637,10001.9081,10001.9081,0.0
12779,0,Active Minimal Buyers,1406.9758,0.0,0.1637,10001.9081,10001.9081,0.0
14838,0,Active Minimal Buyers,1406.9758,0.0,0.1637,10001.9081,10001.9081,0.0
14834,0,Active Minimal Buyers,1406.9758,0.0,0.1637,10001.9081,10001.9081,0.0
14940,0,Active Minimal Buyers,1406.9758,0.0,0.1637,10001.9081,10001.9081,0.0
14939,0,Active Minimal Buyers,1406.9758,0.0,0.1637,10001.9081,10001.9081,0.0
14967,0,Active Minimal Buyers,1406.9758,0.0,0.1637,10001.9081,10001.9081,0.0
12884,0,Active Minimal Buyers,1406.9758,0.0,0.1637,10001.9081,10001.9081,0.0
13792,0,Active Minimal Buyers,1406.9758,0.0,0.1637,10001.9081,10001.9081,0.0
12220,0,Active Minimal Buyers,1406.9758,0.0,0.1637,10001.9081,10001.9081,0.0
12211,0,Active Minimal Buyers,1406.9758,0.0,0.1637,10001.9081,10001.9081,0.0
12901,0,Active Minimal Buyers,1406.9758,0.0,0.1637,10001.9081,10001.9081,0.0
12777,0,Active Minimal Buyers,1406.9758,0.0,0.1637,10001.9081,10001.9081,0.0
12849,0,Active Minimal Buyers,1406.9758,0.0,0.1637,10001.9081,10001.9081,0.0
12843,0,Active Minimal Buyers,1406.9758,0.0,0.1637,10001.9081,10001.9081,0.0
12834,0,Active Minimal Buyers,1406.9758,0.0,0.1637,10001.9081,10001.9081,0.0
12830,0,Active Minimal Buyers,1406.9758,0.0,0.1637,10001.9081,10001.9081,0.0
13263,0,Active Minimal Buyers,1406.9758,0.0,0.1637,10001.9081,10001.9081,0.0
13405,0,Active Minimal Buyers,1406.9758,0.0,0.1637,10001.9081,10001.9081,0.0
13514,0,Active Minimal Buyers,1406.9758,0.0,0.1637,10001.9081,10001.9081,0.0
13511,0,Active Minimal Buyers,1406.9758,0.0,0.1637,10001.9081,10001.9081,0.0
13784,0,Active Minimal Buyers,1406.9758,0.0,0.1637,10001.9081,10001.9081,0.0
17320,0,Active Minimal Buyers,1406.9758,0.0,0.1637,10001.9081,10001.9081,0.0
17315,0,Active Minimal Buyers,1406.9758,0.0,0.1637,10001.9081,10001.9081,0.0
12221,0,Active Minimal Buyers,1406.9758,0.0,0.1637,10001.9081,10001.9081,0.0
13504,0,Active Minimal Buyers,1406.9758,0.0,0.1637,10001.9081,10001.9081,0.0
16656,0,Active Minimal Buyers,1406.9758,0.0,0.1637,10001.9081,10001.9081,0.0
16637,0,Active Minimal Buyers,1406.9758,0.0,0.1637,10001.9081,10001.9081,0.0
24332,0,Active Minimal Buyers,1406.9758,0.0,0.1637,10001.9081,10001.9081,0.0
24310,0,Active Minimal Buyers,1406.9758,0.0,0.1637,10001.9081,10001.9081,0.0
24309,0,Active Minimal Buyers,1406.9758,0.0,0.1637,10001.9081,10001.9081,0.0
12435,0,Active Minimal Buyers,1406.9758,0.0,0.1637,10001.9081,10001.9081,0.0
13543,0,Active Minimal Buyers,1406.9758,0.0,0.1637,10001.9081,10001.9081,0.0
13821,0,Active Minimal Buyers,1406.9758,0.0,0.1637,10001.9081,10001.9081,0.0
12485,0,Active Minimal Buyers,1406.9758,0.0,0.1637,10001.9081,10001.9081,0.0
13822,0,Active Minimal Buyers,1406.9758,0.0,0.1637,10001.9081,10001.9081,0.0
13829,0,Active Minimal Buyers,1406.9758,0.0,0.1637,10001.9081,10001.9081,0.0
13836,0,Active Minimal Buyers,1406.9758,0.0,0.1637,10001.9081,10001.9081,0.0
13842,0,Active Minimal Buyers,1406.9758,0.0,0.1637,10001.9081,10001.9081,0.0
13844,0,Active Minimal Buyers,1406.9758,0.0,0.1637,10001.9081,10001.9081,0.0
13845,0,Active Minimal Buyers,1406.9758,0.0,0.1637,10001.9081,10001.9081,0.0
13846,0,Active Minimal Buyers,1406.9758,0.0,0.1637,10001.9081,10001.9081,0.0
11274,0,Active Minimal Buyers,1406.9758,0.0,0.1637,10001.9081,10001.9081,0.0
12332,0,Active Minimal Buyers,1406.9758,0.0,0.1637,10001.9081,10001.9081,0.0
17725,0,Active Minimal Buyers,1406.9758,0.0,0.1637,10001.9081,10001.9081,0.0
17726,0,Active Minimal Buyers,1406.9758,0.0,0.1637,10001.9081,10001.9081,0.0
17728,0,Active Minimal Buyers,1406.9758,0.0,0.1637,10001.9081,10001.9081,0.0
17730,0,Active Minimal Buyers,1406.9758,0.0,0.1637,10001.9081,10001.9081,0.0
17732,0,Active Minimal Buyers,1406.9758,0.0,0.1637,10001.9081,10001.9081,0.0
17295,0,Active Minimal Buyers,1406.9758,0.0,0.1637,10001.9081,10001.9081,0.0
17370,0,Active Minimal Buyers,1406.9758,0.0,0.1637,10001.9081,10001.9081,0.0
17354,0,Active Minimal Buyers,1406.9758,0.0,0.1637,10001.9081,10001.9081,0.0
17353,0,Active Minimal Buyers,1406.9758,0.0,0.1637,10001.9081,10001.9081,0.0
12333,0,Active Minimal Buyers,1406.9758,0.0,0.1637,10001.9081,10001.9081,0.0
17736,0,Active Minimal Buyers,1406.9758,0.0,0.1637,10001.9081,10001.9081,0.0
17735,0,Active Minimal Buyers,1406.9758,0.0,0.1637,10001.9081,10001.9081,0.0
17734,0,Active Minimal Buyers,1406.9758,0.0,0.1637,10001.9081,10001.9081,0.0
17247,0,Active Minimal Buyers,1406.9758,0.0,0.1637,10001.9081,10001.9081,0.0
12280,0,Active Minimal Buyers,1406.9758,0.0,0.1637,10001.9081,10001.9081,0.0
12279,0,Active Minimal Buyers,1406.9758,0.0,0.1637,10001.9081,10001.9081,0.0
12267,0,Active Minimal Buyers,1406.9758,0.0,0.1637,10001.9081,10001.9081,0.0
12265,0,Active Minimal Buyers,1406.9758,0.0,0.1637,10001.9081,10001.9081,0.0
12261,0,Active Minimal Buyers,1406.9758,0.0,0.1637,10001.9081,10001.9081,0.0
12256,0,Active Minimal Buyers,1406.9758,0.0,0.1637,10001.9081,10001.9081,0.0
17352,0,Active Minimal Buyers,1406.9758,0.0,0.1637,10001.9081,10001.9081,0.0
19598,0,Active Minimal Buyers,1406.9758,0.0,0.1637,10001.9081,10001.9081,0.0
19596,0,Active Minimal Buyers,1406.9758,0.0,0.1637,10001.9081,10001.9081,0.0
29275,0,Active Minimal Buyers,1406.9758,0.0,0.1637,10001.9081,10001.9081,0.0
29274,0,Active Minimal Buyers,1406.9758,0.0,0.1637,10001.9081,10001.9081,0.0
29265,0,Active Minimal Buyers,1406.9758,0.0,0.1637,10001.9081,10001.9081,0.0
29264,0,Active Minimal Buyers,1406.9758,0.0,0.1637,10001.9081,10001.9081,0.0
29261,0,Active Minimal Buyers,1406.9758,0.0,0.1637,10001.9081,10001.9081,0.0
29258,0,Active Minimal Buyers,1406.9758,0.0,0.1637,10001.9081,10001.9081,0.0
29255,0,Active Minimal Buyers,1406.9758,0.0,0.1637,10001.9081,10001.9081,0.0
29254,0,Active Minimal Buyers,1406.9758,0.0,0.1637,10001.9081,10001.9081,0.0
19560,0,Active Minimal Buyers,1406.9758,0.0,0.1637,10001.9081,10001.9081,0.0
19559,0,Active Minimal Buyers,1406.9758,0.0,0.1637,10001.9081,10001.9081,0.0
19558,0,Active Minimal Buyers,1406.9758,0.0,0.1637,10001.9081,10001.9081,0.0
19557,0,Active Minimal Buyers,1406.9758,0.0,0.1637,10001.9081,10001.9081,0.0
19556,0,Active Minimal Buyers,1406.9758,0.0,0.1637,10001.9081,10001.9081,0.0
19555,0,Active Minimal Buyers,1406.9758,0.0,0.1637,10001.9081,10001.9081,0.0
19631,0,Active Minimal Buyers,1406.9758,0.0,0.1637,10001.9081,10001.9081,0.0
19628,0,Active Minimal Buyers,1406.9758,0.0,0.1637,10001.9081,10001.9081,0.0
29239,0,Active Minimal Buyers,1406.9758,0.0,0.1637,10001.9081,10001.9081,0.0
29238,0,Active Minimal Buyers,1406.9758,0.0,0.1637,10001.9081,10001.9081,0.0
29237,0,Active Minimal Buyers,1406.9758,0.0,0.1637,10001.9081,10001.9081,0.0
29236,0,Active Minimal Buyers,1406.9758,0.0,0.1637,10001.9081,10001.9081,0.0
29225,0,Active Minimal Buyers,1406.9758,0.0,0.1637,10001.9081,10001.9081,0.0
29223,0,Active Minimal Buyers,1406.9758,0.0,0.1637,10001.9081,10001.9081,0.0
29222,0,Active Minimal Buyers,1406.9758,0.0,0.1637,10001.9081,10001.9081,0.0
29221,0,Active Minimal Buyers,1406.9758,0.0,0.1637,10001.9081,10001.9081,0.0
29208,0,Active Minimal Buyers,1406.9758,0.0,0.1637,10001.9081,10001.9081,0.0
29207,0,Active Minimal Buyers,1406.9758,0.0,0.1637,10001.9081,10001.9081,0.0
29204,0,Active Minimal Buyers,1406.9758,0.0,0.1637,10001.9081,10001.9081,0.0
29203,0,Active Minimal Buyers,1406.9758,0.0,0.1637,10001.9081,10001.9081,0.0
29202,0,Active Minimal Buyers,1406.9758,0.0,0.1637,10001.9081,10001.9081,0.0
29201,0,Active Minimal Buyers,1406.9758,0.0,0.1637,10001.9081,10001.9081,0.0
19601,0,Active Minimal Buyers,1406.9758,0.0,0.1637,10001.9081,10001.9081,0.0
19599,0,Active Minimal Buyers,1406.9758,0.0,0.1637,10001.9081,10001.9081,0.0
19595,0,Active Minimal Buyers,1406.9758,0.0,0.1637,10001.9081,10001.9081,0.0
19594,0,Active Minimal Buyers,1406.9758,0.0,0.1637,10001.9081,10001.9081,0.0
19593,0,Active Minimal Buyers,1406.9758,0.0,0.1637,10001.9081,10001.9081,0.0
19592,0,Active Minimal Buyers,1406.9758,0.0,0.1637,10001.9081,10001.9081,0.0
19588,0,Active Minimal Buyers,1406.9758,0.0,0.1637,10001.9081,10001.9081,0.0
19586,0,Active Minimal Buyers,1406.9758,0.0,0.1637,10001.9081,10001.9081,0.0
19577,0,Active Minimal Buyers,1406.9758,0.0,0.1637,10001.9081,10001.9081,0.0
19576,0,Active Minimal Buyers,1406.9758,0.0,0.1637,10001.9081,10001.9081,0.0
19568,0,Active Minimal Buyers,1406.9758,0.0,0.1637,10001.9081,10001.9081,0.0
19565,0,Active Minimal Buyers,1406.9758,0.0,0.1637,10001.9081,10001.9081,0.0
19564,0,Active Minimal Buyers,1406.9758,0.0,0.1637,10001.9081,10001.9081,0.0
19563,0,Active Minimal Buyers,1406.9758,0.0,0.1637,10001.9081,10001.9081,0.0
19562,0,Active Minimal Buyers,1406.9758,0.0,0.1637,10001.9081,10001.9081,0.0
19561,0,Active Minimal Buyers,1406.9758,0.0,0.1637,10001.9081,10001.9081,0.0
19653,0,Active Minimal Buyers,1406.9758,0.0,0.1637,10001.9081,10001.9081,0.0
19652,0,Active Minimal Buyers,1406.9758,0.0,0.1637,10001.9081,10001.9081,0.0
19794,0,Active Minimal Buyers,1406.9758,0.0,0.1637,10001.9081,10001.9081,0.0
19793,0,Active Minimal Buyers,1406.9758,0.0,0.1637,10001.9081,10001.9081,0.0
19621,0,Active Minimal Buyers,1406.9758,0.0,0.1637,10001.9081,10001.9081,0.0
19620,0,Active Minimal Buyers,1406.9758,0.0,0.1637,10001.9081,10001.9081,0.0
19616,0,Active Minimal Buyers,1406.9758,0.0,0.1637,10001.9081,10001.9081,0.0
19615,0,Active Minimal Buyers,1406.9758,0.0,0.1637,10001.9081,10001.9081,0.0
19614,0,Active Minimal Buyers,1406.9758,0.0,0.1637,10001.9081,10001.9081,0.0
19613,0,Active Minimal Buyers,1406.9758,0.0,0.1637,10001.9081,10001.9081,0.0
19612,0,Active Minimal Buyers,1406.9758,0.0,0.1637,10001.9081,10001.9081,0.0
19611,0,Active Minimal Buyers,1406.9758,0.0,0.1637,10001.9081,10001.9081,0.0
19609,0,Active Minimal Buyers,1406.9758,0.0,0.1637,10001.9081,10001.9081,0.0
19607,0,Active Minimal Buyers,1406.9758,0.0,0.1637,10001.9081,10001.9081,0.0
19605,0,Active Minimal Buyers,1406.9758,0.0,0.1637,10001.9081,10001.9081,0.0
19602,0,Active Minimal Buyers,1406.9758,0.0,0.1637,10001.9081,10001.9081,0.0
29279,0,Active Minimal Buyers,1406.9758,0.0,0.1637,10001.9081,10001.9081,0.0
29278,0,Active Minimal Buyers,1406.9758,0.0,0.1637,10001.9081,10001.9081,0.0
19797,0,Active Minimal Buyers,1406.9758,0.0,0.1637,10001.9081,10001.9081,0.0
19795,0,Active Minimal Buyers,1406.9758,0.0,0.1637,10001.9081,10001.9081,0.0
19788,0,Active Minimal Buyers,1406.9758,0.0,0.1637,10001.9081,10001.9081,0.0
19787,0,Active Minimal Buyers,1406.9758,0.0,0.1637,10001.9081,10001.9081,0.0
19786,0,Active Minimal Buyers,1406.9758,0.0,0.1637,10001.9081,10001.9081,0.0
19785,0,Active Minimal Buyers,1406.9758,0.0,0.1637,10001.9081,10001.9081,0.0
19784,0,Active Minimal Buyers,1406.9758,0.0,0.1637,10001.9081,10001.9081,0.0
19783,0,Active Minimal Buyers,1406.9758,0.0,0.1637,10001.9081,10001.9081,0.0
19782,0,Active Minimal Buyers,1406.9758,0.0,0.1637,10001.9081,10001.9081,0.0
19773,0,Active Minimal Buyers,1406.9758,0.0,0.1637,10001.9081,10001.9081,0.0
19772,0,Active Minimal Buyers,1406.9758,0.0,0.1637,10001.9081,10001.9081,0.0
19771,0,Active Minimal Buyers,1406.9758,0.0,0.1637,10001.9081,10001.9081,0.0
19770,0,Active Minimal Buyers,1406.9758,0.0,0.1637,10001.9081,10001.9081,0.0
19766,0,Active Minimal Buyers,1406.9758,0.0,0.1637,10001.9081,10001.9081,0.0
29150,0,Active Minimal Buyers,1406.9758,0.0,0.1637,10001.9081,10001.9081,0.0
29148,0,Active Minimal Buyers,1406.9758,0.0,0.1637,10001.9081,10001.9081,0.0
19792,0,Active Minimal Buyers,1406.9758,0.0,0.1637,10001.9081,10001.9081,0.0
19791,0,Active Minimal Buyers,1406.9758,0.0,0.1637,10001.9081,10001.9081,0.0
19790,0,Active Minimal Buyers,1406.9758,0.0,0.1637,10001.9081,10001.9081,0.0
19789,0,Active Minimal Buyers,1406.9758,0.0,0.1637,10001.9081,10001.9081,0.0
14164,0,Active Minimal Buyers,1406.9758,0.0,0.1637,10001.9081,10001.9081,0.0
14163,0,Active Minimal Buyers,1406.9758,0.0,0.1637,10001.9081,10001.9081,0.0
14162,0,Active Minimal Buyers,1406.9758,0.0,0.1637,10001.9081,10001.9081,0.0
29350,0,Active Minimal Buyers,1406.9758,0.0,0.1637,10001.9081,10001.9081,0.0
29340,0,Active Minimal Buyers,1406.9758,0.0,0.1637,10001.9081,10001.9081,0.0
29335,0,Active Minimal Buyers,1406.9758,0.0,0.1637,10001.9081,10001.9081,0.0
29334,0,Active Minimal Buyers,1406.9758,0.0,0.1637,10001.9081,10001.9081,0.0
29326,0,Active Minimal Buyers,1406.9758,0.0,0.1637,10001.9081,10001.9081,0.0
29285,0,Active Minimal Buyers,1406.9758,0.0,0.1637,10001.9081,10001.9081,0.0
29280,0,Active Minimal Buyers,1406.9758,0.0,0.1637,10001.9081,10001.9081,0.0
29198,0,Active Minimal Buyers,1406.9758,0.0,0.1637,10001.9081,10001.9081,0.0
29175,0,Active Minimal Buyers,1406.9758,0.0,0.1637,10001.9081,10001.9081,0.0
29174,0,Active Minimal Buyers,1406.9758,0.0,0.1637,10001.9081,10001.9081,0.0
29170,0,Active Minimal Buyers,1406.9758,0.0,0.1637,10001.9081,10001.9081,0.0
29169,0,Active Minimal Buyers,1406.9758,0.0,0.1637,10001.9081,10001.9081,0.0
29168,0,Active Minimal Buyers,1406.9758,0.0,0.1637,10001.9081,10001.9081,0.0
29167,0,Active Minimal Buyers,1406.9758,0.0,0.1637,10001.9081,10001.9081,0.0
29276,0,Active Minimal Buyers,1406.9758,0.0,0.1637,10001.9081,10001.9081,0.0
29354,0,Active Minimal Buyers,1406.9758,0.0,0.1637,10001.9081,10001.9081,0.0
29166,0,Active Minimal Buyers,1406.9758,0.0,0.1637,10001.9081,10001.9081,0.0
29163,0,Active Minimal Buyers,1406.9758,0.0,0.1637,10001.9081,10001.9081,0.0
29158,0,Active Minimal Buyers,1406.9758,0.0,0.1637,10001.9081,10001.9081,0.0
29157,0,Active Minimal Buyers,1406.9758,0.0,0.1637,10001.9081,10001.9081,0.0
29156,0,Active Minimal Buyers,1406.9758,0.0,0.1637,10001.9081,10001.9081,0.0
29155,0,Active Minimal Buyers,1406.9758,0.0,0.1637,10001.9081,10001.9081,0.0
29151,0,Active Minimal Buyers,1406.9758,0.0,0.1637,10001.9081,10001.9081,0.0
19968,0,Active Minimal Buyers,1406.9758,0.0,0.1637,10001.9081,10001.9081,0.0
19967,0,Active Minimal Buyers,1406.9758,0.0,0.1637,10001.9081,10001.9081,0.0
19966,0,Active Minimal Buyers,1406.9758,0.0,0.1637,10001.9081,10001.9081,0.0
19965,0,Active Minimal Buyers,1406.9758,0.0,0.1637,10001.9081,10001.9081,0.0
19964,0,Active Minimal Buyers,1406.9758,0.0,0.1637,10001.9081,10001.9081,0.0
19963,0,Active Minimal Buyers,1406.9758,0.0,0.1637,10001.9081,10001.9081,0.0
19960,0,Active Minimal Buyers,1406.9758,0.0,0.1637,10001.9081,10001.9081,0.0
19959,0,Active Minimal Buyers,1406.9758,0.0,0.1637,10001.9081,10001.9081,0.0
19958,0,Active Minimal Buyers,1406.9758,0.0,0.1637,10001.9081,10001.9081,0.0
19957,0,Active Minimal Buyers,1406.9758,0.0,0.1637,10001.9081,10001.9081,0.0
19956,0,Active Minimal Buyers,1406.9758,0.0,0.1637,10001.9081,10001.9081,0.0
19951,0,Active Minimal Buyers,1406.9758,0.0,0.1637,10001.9081,10001.9081,0.0
19950,0,Active Minimal Buyers,1406.9758,0.0,0.1637,10001.9081,10001.9081,0.0
19949,0,Active Minimal Buyers,1406.9758,0.0,0.1637,10001.9081,10001.9081,0.0
19948,0,Active Minimal Buyers,1406.9758,0.0,0.1637,10001.9081,10001.9081,0.0
19947,0,Active Minimal Buyers,1406.9758,0.0,0.1637,10001.9081,10001.9081,0.0
11536,0,Active Minimal Buyers,1406.9758,0.0,0.1637,10001.9081,10001.9081,0.0
11535,0,Active Minimal Buyers,1406.9758,0.0,0.1637,10001.9081,10001.9081,0.0
11534,0,Active Minimal Buyers,1406.9758,0.0,0.1637,10001.9081,10001.9081,0.0
11531,0,Active Minimal Buyers,1406.9758,0.0,0.1637,10001.9081,10001.9081,0.0
11529,0,Active Minimal Buyers,1406.9758,0.0,0.1637,10001.9081,10001.9081,0.0
11528,0,Active Minimal Buyers,1406.9758,0.0,0.1637,10001.9081,10001.9081,0.0
11525,0,Active Minimal Buyers,1406.9758,0.0,0.1637,10001.9081,10001.9081,0.0
11522,0,Active Minimal Buyers,1406.9758,0.0,0.1637,10001.9081,10001.9081,0.0
11516,0,Active Minimal Buyers,1406.9758,0.0,0.1637,10001.9081,10001.9081,0.0
11515,0,Active Minimal Buyers,1406.9758,0.0,0.1637,10001.9081,10001.9081,0.0
19978,0,Active Minimal Buyers,1406.9758,0.0,0.1637,10001.9081,10001.9081,0.0
19977,0,Active Minimal Buyers,1406.9758,0.0,0.1637,10001.9081,10001.9081,0.0
19975,0,Active Minimal Buyers,1406.9758,0.0,0.1637,10001.9081,10001.9081,0.0
19974,0,Active Minimal Buyers,1406.9758,0.0,0.1637,10001.9081,10001.9081,0.0
19971,0,Active Minimal Buyers,1406.9758,0.0,0.1637,10001.9081,10001.9081,0.0
19970,0,Active Minimal Buyers,1406.9758,0.0,0.1637,10001.9081,10001.9081,0.0
14207,0,Active Minimal Buyers,1406.9758,0.0,0.1637,10001.9081,10001.9081,0.0
20159,0,Active Minimal Buyers,1406.9758,0.0,0.1637,10001.9081,10001.9081,0.0
20158,0,Active Minimal Buyers,1406.9758,0.0,0.1637,10001.9081,10001.9081,0.0
20157,0,Active Minimal Buyers,1406.9758,0.0,0.1637,10001.9081,10001.9081,0.0
20156,0,Active Minimal Buyers,1406.9758,0.0,0.1637,10001.9081,10001.9081,0.0
20154,0,Active Minimal Buyers,1406.9758,0.0,0.1637,10001.9081,10001.9081,0.0
20152,0,Active Minimal Buyers,1406.9758,0.0,0.1637,10001.9081,10001.9081,0.0
20151,0,Active Minimal Buyers,1406.9758,0.0,0.1637,10001.9081,10001.9081,0.0
11541,0,Active Minimal Buyers,1406.9758,0.0,0.1637,10001.9081,10001.9081,0.0
20160,0,Active Minimal Buyers,1406.9758,0.0,0.1637,10001.9081,10001.9081,0.0
19979,0,Active Minimal Buyers,1406.9758,0.0,0.1637,10001.9081,10001.9081,0.0
29352,0,Active Minimal Buyers,1406.9758,0.0,0.1637,10001.9081,10001.9081,0.0
11540,0,Active Minimal Buyers,1406.9758,0.0,0.1637,10001.9081,10001.9081,0.0
11539,0,Active Minimal Buyers,1406.9758,0.0,0.1637,10001.9081,10001.9081,0.0
11538,0,Active Minimal Buyers,1406.9758,0.0,0.1637,10001.9081,10001.9081,0.0
11537,0,Active Minimal Buyers,1406.9758,0.0,0.1637,10001.9081,10001.9081,0.0
20220,0,Active Minimal Buyers,1406.9758,0.0,0.1637,10001.9081,10001.9081,0.0
20219,0,Active Minimal Buyers,1406.9758,0.0,0.1637,10001.9081,10001.9081,0.0
13579,0,Active Minimal Buyers,1406.9758,0.0,0.1637,10001.9081,10001.9081,0.0
11326,0,Active Minimal Buyers,1406.9758,0.0,0.1637,10001.9081,10001.9081,0.0
11325,0,Active Minimal Buyers,1406.9758,0.0,0.1637,10001.9081,10001.9081,0.0
13607,0,Active Minimal Buyers,1406.9758,0.0,0.1637,10001.9081,10001.9081,0.0
13606,0,Active Minimal Buyers,1406.9758,0.0,0.1637,10001.9081,10001.9081,0.0
13666,0,Active Minimal Buyers,1406.9758,0.0,0.1637,10001.9081,10001.9081,0.0
11629,0,Active Minimal Buyers,1406.9758,0.0,0.1637,10001.9081,10001.9081,0.0
11628,0,Active Minimal Buyers,1406.9758,0.0,0.1637,10001.9081,10001.9081,0.0
11626,0,Active Minimal Buyers,1406.9758,0.0,0.1637,10001.9081,10001.9081,0.0
11625,0,Active Minimal Buyers,1406.9758,0.0,0.1637,10001.9081,10001.9081,0.0
11624,0,Active Minimal Buyers,1406.9758,0.0,0.1637,10001.9081,10001.9081,0.0
11623,0,Active Minimal Buyers,1406.9758,0.0,0.1637,10001.9081,10001.9081,0.0
13697,0,Active Minimal Buyers,1406.9758,0.0,0.1637,10001.9081,10001.9081,0.0
24284,0,Active Minimal Buyers,1406.9758,0.0,0.1637,10001.9081,10001.9081,0.0
20245,0,Active Minimal Buyers,1406.9758,0.0,0.1637,10001.9081,10001.9081,0.0
20244,0,Active Minimal Buyers,1406.9758,0.0,0.1637,10001.9081,10001.9081,0.0
20238,0,Active Minimal Buyers,1406.9758,0.0,0.1637,10001.9081,10001.9081,0.0
20236,0,Active Minimal Buyers,1406.9758,0.0,0.1637,10001.9081,10001.9081,0.0
11617,0,Active Minimal Buyers,1406.9758,0.0,0.1637,10001.9081,10001.9081,0.0
11708,0,Active Minimal Buyers,1406.9758,0.0,0.1637,10001.9081,10001.9081,0.0
11707,0,Active Minimal Buyers,1406.9758,0.0,0.1637,10001.9081,10001.9081,0.0
11705,0,Active Minimal Buyers,1406.9758,0.0,0.1637,10001.9081,10001.9081,0.0
11696,0,Active Minimal Buyers,1406.9758,0.0,0.1637,10001.9081,10001.9081,0.0
11690,0,Active Minimal Buyers,1406.9758,0.0,0.1637,10001.9081,10001.9081,0.0
11688,0,Active Minimal Buyers,1406.9758,0.0,0.1637,10001.9081,10001.9081,0.0
20228,0,Active Minimal Buyers,1406.9758,0.0,0.1637,10001.9081,10001.9081,0.0
20227,0,Active Minimal Buyers,1406.9758,0.0,0.1637,10001.9081,10001.9081,0.0
20226,0,Active Minimal Buyers,1406.9758,0.0,0.1637,10001.9081,10001.9081,0.0
20225,0,Active Minimal Buyers,1406.9758,0.0,0.1637,10001.9081,10001.9081,0.0
20221,0,Active Minimal Buyers,1406.9758,0.0,0.1637,10001.9081,10001.9081,0.0
29132,0,Active Minimal Buyers,1406.9758,0.0,0.1637,10001.9081,10001.9081,0.0
20242,0,Active Minimal Buyers,1406.9758,0.0,0.1637,10001.9081,10001.9081,0.0
20241,0,Active Minimal Buyers,1406.9758,0.0,0.1637,10001.9081,10001.9081,0.0
20239,0,Active Minimal Buyers,1406.9758,0.0,0.1637,10001.9081,10001.9081,0.0
20447,0,Active Minimal Buyers,1406.9758,0.0,0.1637,10001.9081,10001.9081,0.0
20446,0,Active Minimal Buyers,1406.9758,0.0,0.1637,10001.9081,10001.9081,0.0
20217,0,Active Minimal Buyers,1406.9758,0.0,0.1637,10001.9081,10001.9081,0.0
20216,0,Active Minimal Buyers,1406.9758,0.0,0.1637,10001.9081,10001.9081,0.0
20215,0,Active Minimal Buyers,1406.9758,0.0,0.1637,10001.9081,10001.9081,0.0
20214,0,Active Minimal Buyers,1406.9758,0.0,0.1637,10001.9081,10001.9081,0.0
20213,0,Active Minimal Buyers,1406.9758,0.0,0.1637,10001.9081,10001.9081,0.0
20211,0,Active Minimal Buyers,1406.9758,0.0,0.1637,10001.9081,10001.9081,0.0
20253,0,Active Minimal Buyers,1406.9758,0.0,0.1637,10001.9081,10001.9081,0.0
20249,0,Active Minimal Buyers,1406.9758,0.0,0.1637,10001.9081,10001.9081,0.0
20247,0,Active Minimal Buyers,1406.9758,0.0,0.1637,10001.9081,10001.9081,0.0
20246,0,Active Minimal Buyers,1406.9758,0.0,0.1637,10001.9081,10001.9081,0.0
11796,0,Active Minimal Buyers,1406.9758,0.0,0.1637,10001.9081,10001.9081,0.0
11780,0,Active Minimal Buyers,1406.9758,0.0,0.1637,10001.9081,10001.9081,0.0
11779,0,Active Minimal Buyers,1406.9758,0.0,0.1637,10001.9081,10001.9081,0.0
11778,0,Active Minimal Buyers,1406.9758,0.0,0.1637,10001.9081,10001.9081,0.0
11777,0,Active Minimal Buyers,1406.9758,0.0,0.1637,10001.9081,10001.9081,0.0
29147,0,Active Minimal Buyers,1406.9758,0.0,0.1637,10001.9081,10001.9081,0.0
29146,0,Active Minimal Buyers,1406.9758,0.0,0.1637,10001.9081,10001.9081,0.0
29145,0,Active Minimal Buyers,1406.9758,0.0,0.1637,10001.9081,10001.9081,0.0
29144,0,Active Minimal Buyers,1406.9758,0.0,0.1637,10001.9081,10001.9081,0.0
29143,0,Active Minimal Buyers,1406.9758,0.0,0.1637,10001.9081,10001.9081,0.0
29142,0,Active Minimal Buyers,1406.9758,0.0,0.1637,10001.9081,10001.9081,0.0
29141,0,Active Minimal Buyers,1406.9758,0.0,0.1637,10001.9081,10001.9081,0.0
29140,0,Active Minimal Buyers,1406.9758,0.0,0.1637,10001.9081,10001.9081,0.0
29139,0,Active Minimal Buyers,1406.9758,0.0,0.1637,10001.9081,10001.9081,0.0
29138,0,Active Minimal Buyers,1406.9758,0.0,0.1637,10001.9081,10001.9081,0.0
29136,0,Active Minimal Buyers,1406.9758,0.0,0.1637,10001.9081,10001.9081,0.0
11825,0,Active Minimal Buyers,1406.9758,0.0,0.1637,10001.9081,10001.9081,0.0
11818,0,Active Minimal Buyers,1406.9758,0.0,0.1637,10001.9081,10001.9081,0.0
29126,0,Active Minimal Buyers,1406.9758,0.0,0.1637,10001.9081,10001.9081,0.0
29111,0,Active Minimal Buyers,1406.9758,0.0,0.1637,10001.9081,10001.9081,0.0
29110,0,Active Minimal Buyers,1406.9758,0.0,0.1637,10001.9081,10001.9081,0.0
11683,0,Active Minimal Buyers,1406.9758,0.0,0.1637,10001.9081,10001.9081,0.0
11678,0,Active Minimal Buyers,1406.9758,0.0,0.1637,10001.9081,10001.9081,0.0
11675,0,Active Minimal Buyers,1406.9758,0.0,0.1637,10001.9081,10001.9081,0.0
11671,0,Active Minimal Buyers,1406.9758,0.0,0.1637,10001.9081,10001.9081,0.0
11666,0,Active Minimal Buyers,1406.9758,0.0,0.1637,10001.9081,10001.9081,0.0
11665,0,Active Minimal Buyers,1406.9758,0.0,0.1637,10001.9081,10001.9081,0.0
11664,0,Active Minimal Buyers,1406.9758,0.0,0.1637,10001.9081,10001.9081,0.0
11663,0,Active Minimal Buyers,1406.9758,0.0,0.1637,10001.9081,10001.9081,0.0
11654,0,Active Minimal Buyers,1406.9758,0.0,0.1637,10001.9081,10001.9081,0.0
11630,0,Active Minimal Buyers,1406.9758,0.0,0.1637,10001.9081,10001.9081,0.0
11797,0,Active Minimal Buyers,1406.9758,0.0,0.1637,10001.9081,10001.9081,0.0
29070,0,Active Minimal Buyers,1406.9758,0.0,0.1637,10001.9081,10001.9081,0.0
29128,0,Active Minimal Buyers,1406.9758,0.0,0.1637,10001.9081,10001.9081,0.0
11776,0,Active Minimal Buyers,1406.9758,0.0,0.1637,10001.9081,10001.9081,0.0
11775,0,Active Minimal Buyers,1406.9758,0.0,0.1637,10001.9081,10001.9081,0.0
11774,0,Active Minimal Buyers,1406.9758,0.0,0.1637,10001.9081,10001.9081,0.0
11773,0,Active Minimal Buyers,1406.9758,0.0,0.1637,10001.9081,10001.9081,0.0
11772,0,Active Minimal Buyers,1406.9758,0.0,0.1637,10001.9081,10001.9081,0.0
11745,0,Active Minimal Buyers,1406.9758,0.0,0.1637,10001.9081,10001.9081,0.0
11743,0,Active Minimal Buyers,1406.9758,0.0,0.1637,10001.9081,10001.9081,0.0
11742,0,Active Minimal Buyers,1406.9758,0.0,0.1637,10001.9081,10001.9081,0.0
11741,0,Active Minimal Buyers,1406.9758,0.0,0.1637,10001.9081,10001.9081,0.0
11727,0,Active Minimal Buyers,1406.9758,0.0,0.1637,10001.9081,10001.9081,0.0
11834,0,Active Minimal Buyers,1406.9758,0.0,0.1637,10001.9081,10001.9081,0.0
11831,0,Active Minimal Buyers,1406.9758,0.0,0.1637,10001.9081,10001.9081,0.0
11830,0,Active Minimal Buyers,1406.9758,0.0,0.1637,10001.9081,10001.9081,0.0
11826,0,Active Minimal Buyers,1406.9758,0.0,0.1637,10001.9081,10001.9081,0.0
29060,0,Active Minimal Buyers,1406.9758,0.0,0.1637,10001.9081,10001.9081,0.0
29059,0,Active Minimal Buyers,1406.9758,0.0,0.1637,10001.9081,10001.9081,0.0
29058,0,Active Minimal Buyers,1406.9758,0.0,0.1637,10001.9081,10001.9081,0.0
29056,0,Active Minimal Buyers,1406.9758,0.0,0.1637,10001.9081,10001.9081,0.0
29048,0,Active Minimal Buyers,1406.9758,0.0,0.1637,10001.9081,10001.9081,0.0
29044,0,Active Minimal Buyers,1406.9758,0.0,0.1637,10001.9081,10001.9081,0.0
29032,0,Active Minimal Buyers,1406.9758,0.0,0.1637,10001.9081,10001.9081,0.0
29019,0,Active Minimal Buyers,1406.9758,0.0,0.1637,10001.9081,10001.9081,0.0
29017,0,Active Minimal Buyers,1406.9758,0.0,0.1637,10001.9081,10001.9081,0.0
29016,0,Active Minimal Buyers,1406.9758,0.0,0.1637,10001.9081,10001.9081,0.0
29011,0,Active Minimal Buyers,1406.9758,0.0,0.1637,10001.9081,10001.9081,0.0
29010,0,Active Minimal Buyers,1406.9758,0.0,0.1637,10001.9081,10001.9081,0.0
29008,0,Active Minimal Buyers,1406.9758,0.0,0.1637,10001.9081,10001.9081,0.0
20611,0,Active Minimal Buyers,1406.9758,0.0,0.1637,10001.9081,10001.9081,0.0
29108,0,Active Minimal Buyers,1406.9758,0.0,0.1637,10001.9081,10001.9081,0.0
29106,0,Active Minimal Buyers,1406.9758,0.0,0.1637,10001.9081,10001.9081,0.0
14160,0,Active Minimal Buyers,1406.9758,0.0,0.1637,10001.9081,10001.9081,0.0
14159,0,Active Minimal Buyers,1406.9758,0.0,0.1637,10001.9081,10001.9081,0.0
14158,0,Active Minimal Buyers,1406.9758,0.0,0.1637,10001.9081,10001.9081,0.0
14157,0,Active Minimal Buyers,1406.9758,0.0,0.1637,10001.9081,10001.9081,0.0
14155,0,Active Minimal Buyers,1406.9758,0.0,0.1637,10001.9081,10001.9081,0.0
29004,0,Active Minimal Buyers,1406.9758,0.0,0.1637,10001.9081,10001.9081,0.0
28997,0,Active Minimal Buyers,1406.9758,0.0,0.1637,10001.9081,10001.9081,0.0
28993,0,Active Minimal Buyers,1406.9758,0.0,0.1637,10001.9081,10001.9081,0.0
28990,0,Active Minimal Buyers,1406.9758,0.0,0.1637,10001.9081,10001.9081,0.0
28989,0,Active Minimal Buyers,1406.9758,0.0,0.1637,10001.9081,10001.9081,0.0
28988,0,Active Minimal Buyers,1406.9758,0.0,0.1637,10001.9081,10001.9081,0.0
28966,0,Active Minimal Buyers,1406.9758,0.0,0.1637,10001.9081,10001.9081,0.0
28871,0,Active Minimal Buyers,1406.9758,0.0,0.1637,10001.9081,10001.9081,0.0
28870,0,Active Minimal Buyers,1406.9758,0.0,0.1637,10001.9081,10001.9081,0.0
28869,0,Active Minimal Buyers,1406.9758,0.0,0.1637,10001.9081,10001.9081,0.0
28859,0,Active Minimal Buyers,1406.9758,0.0,0.1637,10001.9081,10001.9081,0.0
28851,0,Active Minimal Buyers,1406.9758,0.0,0.1637,10001.9081,10001.9081,0.0
28849,0,Active Minimal Buyers,1406.9758,0.0,0.1637,10001.9081,10001.9081,0.0
28847,0,Active Minimal Buyers,1406.9758,0.0,0.1637,10001.9081,10001.9081,0.0
28846,0,Active Minimal Buyers,1406.9758,0.0,0.1637,10001.9081,10001.9081,0.0
28845,0,Active Minimal Buyers,1406.9758,0.0,0.1637,10001.9081,10001.9081,0.0
11817,0,Active Minimal Buyers,1406.9758,0.0,0.1637,10001.9081,10001.9081,0.0
11816,0,Active Minimal Buyers,1406.9758,0.0,0.1637,10001.9081,10001.9081,0.0
11815,0,Active Minimal Buyers,1406.9758,0.0,0.1637,10001.9081,10001.9081,0.0
11813,0,Active Minimal Buyers,1406.9758,0.0,0.1637,10001.9081,10001.9081,0.0
11812,0,Active Minimal Buyers,1406.9758,0.0,0.1637,10001.9081,10001.9081,0.0
11811,0,Active Minimal Buyers,1406.9758,0.0,0.1637,10001.9081,10001.9081,0.0
11810,0,Active Minimal Buyers,1406.9758,0.0,0.1637,10001.9081,10001.9081,0.0
11809,0,Active Minimal Buyers,1406.9758,0.0,0.1637,10001.9081,10001.9081,0.0
11799,0,Active Minimal Buyers,1406.9758,0.0,0.1637,10001.9081,10001.9081,0.0
11798,0,Active Minimal Buyers,1406.9758,0.0,0.1637,10001.9081,10001.9081,0.0
14161,0,Active Minimal Buyers,1406.9758,0.0,0.1637,10001.9081,10001.9081,0.0
28839,0,Active Minimal Buyers,1406.9758,0.0,0.1637,10001.9081,10001.9081,0.0
28838,0,Active Minimal Buyers,1406.9758,0.0,0.1637,10001.9081,10001.9081,0.0
28835,0,Active Minimal Buyers,1406.9758,0.0,0.1637,10001.9081,10001.9081,0.0
28833,0,Active Minimal Buyers,1406.9758,0.0,0.1637,10001.9081,10001.9081,0.0
28831,0,Active Minimal Buyers,1406.9758,0.0,0.1637,10001.9081,10001.9081,0.0
28830,0,Active Minimal Buyers,1406.9758,0.0,0.1637,10001.9081,10001.9081,0.0
28829,0,Active Minimal Buyers,1406.9758,0.0,0.1637,10001.9081,10001.9081,0.0
28828,0,Active Minimal Buyers,1406.9758,0.0,0.1637,10001.9081,10001.9081,0.0
28827,0,Active Minimal Buyers,1406.9758,0.0,0.1637,10001.9081,10001.9081,0.0
28826,0,Active Minimal Buyers,1406.9758,0.0,0.1637,10001.9081,10001.9081,0.0
28825,0,Active Minimal Buyers,1406.9758,0.0,0.1637,10001.9081,10001.9081,0.0
28857,0,Active Minimal Buyers,1406.9758,0.0,0.1637,10001.9081,10001.9081,0.0
28856,0,Active Minimal Buyers,1406.9758,0.0,0.1637,10001.9081,10001.9081,0.0
28854,0,Active Minimal Buyers,1406.9758,0.0,0.1637,10001.9081,10001.9081,0.0
28853,0,Active Minimal Buyers,1406.9758,0.0,0.1637,10001.9081,10001.9081,0.0
28852,0,Active Minimal Buyers,1406.9758,0.0,0.1637,10001.9081,10001.9081,0.0
28807,0,Active Minimal Buyers,1406.9758,0.0,0.1637,10001.9081,10001.9081,0.0
28805,0,Active Minimal Buyers,1406.9758,0.0,0.1637,10001.9081,10001.9081,0.0
28804,0,Active Minimal Buyers,1406.9758,0.0,0.1637,10001.9081,10001.9081,0.0
28799,0,Active Minimal Buyers,1406.9758,0.0,0.1637,10001.9081,10001.9081,0.0
28797,0,Active Minimal Buyers,1406.9758,0.0,0.1637,10001.9081,10001.9081,0.0
28795,0,Active Minimal Buyers,1406.9758,0.0,0.1637,10001.9081,10001.9081,0.0
28794,0,Active Minimal Buyers,1406.9758,0.0,0.1637,10001.9081,10001.9081,0.0
28792,0,Active Minimal Buyers,1406.9758,0.0,0.1637,10001.9081,10001.9081,0.0
28790,0,Active Minimal Buyers,1406.9758,0.0,0.1637,10001.9081,10001.9081,0.0
28778,0,Active Minimal Buyers,1406.9758,0.0,0.1637,10001.9081,10001.9081,0.0
28775,0,Active Minimal Buyers,1406.9758,0.0,0.1637,10001.9081,10001.9081,0.0
28844,0,Active Minimal Buyers,1406.9758,0.0,0.1637,10001.9081,10001.9081,0.0
28843,0,Active Minimal Buyers,1406.9758,0.0,0.1637,10001.9081,10001.9081,0.0
28842,0,Active Minimal Buyers,1406.9758,0.0,0.1637,10001.9081,10001.9081,0.0
28841,0,Active Minimal Buyers,1406.9758,0.0,0.1637,10001.9081,10001.9081,0.0
28840,0,Active Minimal Buyers,1406.9758,0.0,0.1637,10001.9081,10001.9081,0.0
28769,0,Active Minimal Buyers,1406.9758,0.0,0.1637,10001.9081,10001.9081,0.0
28765,0,Active Minimal Buyers,1406.9758,0.0,0.1637,10001.9081,10001.9081,0.0
28763,0,Active Minimal Buyers,1406.9758,0.0,0.1637,10001.9081,10001.9081,0.0
28761,0,Active Minimal Buyers,1406.9758,0.0,0.1637,10001.9081,10001.9081,0.0
28678,0,Active Minimal Buyers,1406.9758,0.0,0.1637,10001.9081,10001.9081,0.0
28676,0,Active Minimal Buyers,1406.9758,0.0,0.1637,10001.9081,10001.9081,0.0
28675,0,Active Minimal Buyers,1406.9758,0.0,0.1637,10001.9081,10001.9081,0.0
28674,0,Active Minimal Buyers,1406.9758,0.0,0.1637,10001.9081,10001.9081,0.0
28673,0,Active Minimal Buyers,1406.9758,0.0,0.1637,10001.9081,10001.9081,0.0
28670,0,Active Minimal Buyers,1406.9758,0.0,0.1637,10001.9081,10001.9081,0.0
28666,0,Active Minimal Buyers,1406.9758,0.0,0.1637,10001.9081,10001.9081,0.0
28824,0,Active Minimal Buyers,1406.9758,0.0,0.1637,10001.9081,10001.9081,0.0
28823,0,Active Minimal Buyers,1406.9758,0.0,0.1637,10001.9081,10001.9081,0.0
28822,0,Active Minimal Buyers,1406.9758,0.0,0.1637,10001.9081,10001.9081,0.0
28821,0,Active Minimal Buyers,1406.9758,0.0,0.1637,10001.9081,10001.9081,0.0
28820,0,Active Minimal Buyers,1406.9758,0.0,0.1637,10001.9081,10001.9081,0.0
28661,0,Active Minimal Buyers,1406.9758,0.0,0.1637,10001.9081,10001.9081,0.0
28660,0,Active Minimal Buyers,1406.9758,0.0,0.1637,10001.9081,10001.9081,0.0
28658,0,Active Minimal Buyers,1406.9758,0.0,0.1637,10001.9081,10001.9081,0.0
28657,0,Active Minimal Buyers,1406.9758,0.0,0.1637,10001.9081,10001.9081,0.0
28656,0,Active Minimal Buyers,1406.9758,0.0,0.1637,10001.9081,10001.9081,0.0
28655,0,Active Minimal Buyers,1406.9758,0.0,0.1637,10001.9081,10001.9081,0.0
28654,0,Active Minimal Buyers,1406.9758,0.0,0.1637,10001.9081,10001.9081,0.0
28653,0,Active Minimal Buyers,1406.9758,0.0,0.1637,10001.9081,10001.9081,0.0
28652,0,Active Minimal Buyers,1406.9758,0.0,0.1637,10001.9081,10001.9081,0.0
28651,0,Active Minimal Buyers,1406.9758,0.0,0.1637,10001.9081,10001.9081,0.0
28650,0,Active Minimal Buyers,1406.9758,0.0,0.1637,10001.9081,10001.9081,0.0
28649,0,Active Minimal Buyers,1406.9758,0.0,0.1637,10001.9081,10001.9081,0.0
28648,0,Active Minimal Buyers,1406.9758,0.0,0.1637,10001.9081,10001.9081,0.0
28774,0,Active Minimal Buyers,1406.9758,0.0,0.1637,10001.9081,10001.9081,0.0
28772,0,Active Minimal Buyers,1406.9758,0.0,0.1637,10001.9081,10001.9081,0.0
28770,0,Active Minimal Buyers,1406.9758,0.0,0.1637,10001.9081,10001.9081,0.0
28625,0,Active Minimal Buyers,1406.9758,0.0,0.1637,10001.9081,10001.9081,0.0
28624,0,Active Minimal Buyers,1406.9758,0.0,0.1637,10001.9081,10001.9081,0.0
28621,0,Active Minimal Buyers,1406.9758,0.0,0.1637,10001.9081,10001.9081,0.0
28620,0,Active Minimal Buyers,1406.9758,0.0,0.1637,10001.9081,10001.9081,0.0
28619,0,Active Minimal Buyers,1406.9758,0.0,0.1637,10001.9081,10001.9081,0.0
28618,0,Active Minimal Buyers,1406.9758,0.0,0.1637,10001.9081,10001.9081,0.0
28598,0,Active Minimal Buyers,1406.9758,0.0,0.1637,10001.9081,10001.9081,0.0
28588,0,Active Minimal Buyers,1406.9758,0.0,0.1637,10001.9081,10001.9081,0.0
28587,0,Active Minimal Buyers,1406.9758,0.0,0.1637,10001.9081,10001.9081,0.0
28647,0,Active Minimal Buyers,1406.9758,0.0,0.1637,10001.9081,10001.9081,0.0
28646,0,Active Minimal Buyers,1406.9758,0.0,0.1637,10001.9081,10001.9081,0.0
28645,0,Active Minimal Buyers,1406.9758,0.0,0.1637,10001.9081,10001.9081,0.0
28644,0,Active Minimal Buyers,1406.9758,0.0,0.1637,10001.9081,10001.9081,0.0
28665,0,Active Minimal Buyers,1406.9758,0.0,0.1637,10001.9081,10001.9081,0.0
28664,0,Active Minimal Buyers,1406.9758,0.0,0.1637,10001.9081,10001.9081,0.0
28662,0,Active Minimal Buyers,1406.9758,0.0,0.1637,10001.9081,10001.9081,0.0
11925,0,Active Minimal Buyers,1406.9758,0.0,0.1637,10001.9081,10001.9081,0.0
11924,0,Active Minimal Buyers,1406.9758,0.0,0.1637,10001.9081,10001.9081,0.0
11886,0,Active Minimal Buyers,1406.9758,0.0,0.1637,10001.9081,10001.9081,0.0
11885,0,Active Minimal Buyers,1406.9758,0.0,0.1637,10001.9081,10001.9081,0.0
11873,0,Active Minimal Buyers,1406.9758,0.0,0.1637,10001.9081,10001.9081,0.0
11872,0,Active Minimal Buyers,1406.9758,0.0,0.1637,10001.9081,10001.9081,0.0
28339,0,Active Minimal Buyers,1406.9758,0.0,0.1637,10001.9081,10001.9081,0.0
28299,0,Active Minimal Buyers,1406.9758,0.0,0.1637,10001.9081,10001.9081,0.0
28297,0,Active Minimal Buyers,1406.9758,0.0,0.1637,10001.9081,10001.9081,0.0
28643,0,Active Minimal Buyers,1406.9758,0.0,0.1637,10001.9081,10001.9081,0.0
28635,0,Active Minimal Buyers,1406.9758,0.0,0.1637,10001.9081,10001.9081,0.0
28630,0,Active Minimal Buyers,1406.9758,0.0,0.1637,10001.9081,10001.9081,0.0
28629,0,Active Minimal Buyers,1406.9758,0.0,0.1637,10001.9081,10001.9081,0.0
28628,0,Active Minimal Buyers,1406.9758,0.0,0.1637,10001.9081,10001.9081,0.0
28627,0,Active Minimal Buyers,1406.9758,0.0,0.1637,10001.9081,10001.9081,0.0
28626,0,Active Minimal Buyers,1406.9758,0.0,0.1637,10001.9081,10001.9081,0.0
28580,0,Active Minimal Buyers,1406.9758,0.0,0.1637,10001.9081,10001.9081,0.0
28574,0,Active Minimal Buyers,1406.9758,0.0,0.1637,10001.9081,10001.9081,0.0
28573,0,Active Minimal Buyers,1406.9758,0.0,0.1637,10001.9081,10001.9081,0.0
28363,0,Active Minimal Buyers,1406.9758,0.0,0.1637,10001.9081,10001.9081,0.0
28362,0,Active Minimal Buyers,1406.9758,0.0,0.1637,10001.9081,10001.9081,0.0
28355,0,Active Minimal Buyers,1406.9758,0.0,0.1637,10001.9081,10001.9081,0.0
28354,0,Active Minimal Buyers,1406.9758,0.0,0.1637,10001.9081,10001.9081,0.0
28340,0,Active Minimal Buyers,1406.9758,0.0,0.1637,10001.9081,10001.9081,0.0
14150,0,Active Minimal Buyers,1406.9758,0.0,0.1637,10001.9081,10001.9081,0.0
14149,0,Active Minimal Buyers,1406.9758,0.0,0.1637,10001.9081,10001.9081,0.0
14148,0,Active Minimal Buyers,1406.9758,0.0,0.1637,10001.9081,10001.9081,0.0
14147,0,Active Minimal Buyers,1406.9758,0.0,0.1637,10001.9081,10001.9081,0.0
19084,0,Active Minimal Buyers,1406.9758,0.0,0.1637,10001.9081,10001.9081,0.0
19083,0,Active Minimal Buyers,1406.9758,0.0,0.1637,10001.9081,10001.9081,0.0
11937,0,Active Minimal Buyers,1406.9758,0.0,0.1637,10001.9081,10001.9081,0.0
11933,0,Active Minimal Buyers,1406.9758,0.0,0.1637,10001.9081,10001.9081,0.0
19095,0,Active Minimal Buyers,1406.9758,0.0,0.1637,10001.9081,10001.9081,0.0
19094,0,Active Minimal Buyers,1406.9758,0.0,0.1637,10001.9081,10001.9081,0.0
19093,0,Active Minimal Buyers,1406.9758,0.0,0.1637,10001.9081,10001.9081,0.0
28268,0,Active Minimal Buyers,1406.9758,0.0,0.1637,10001.9081,10001.9081,0.0
28264,0,Active Minimal Buyers,1406.9758,0.0,0.1637,10001.9081,10001.9081,0.0
28259,0,Active Minimal Buyers,1406.9758,0.0,0.1637,10001.9081,10001.9081,0.0
28257,0,Active Minimal Buyers,1406.9758,0.0,0.1637,10001.9081,10001.9081,0.0
28255,0,Active Minimal Buyers,1406.9758,0.0,0.1637,10001.9081,10001.9081,0.0
28250,0,Active Minimal Buyers,1406.9758,0.0,0.1637,10001.9081,10001.9081,0.0
28247,0,Active Minimal Buyers,1406.9758,0.0,0.1637,10001.9081,10001.9081,0.0
11329,0,Active Minimal Buyers,1406.9758,0.0,0.1637,10001.9081,10001.9081,0.0
11327,0,Active Minimal Buyers,1406.9758,0.0,0.1637,10001.9081,10001.9081,0.0
13580,0,Active Minimal Buyers,1406.9758,0.0,0.1637,10001.9081,10001.9081,0.0
28586,0,Active Minimal Buyers,1406.9758,0.0,0.1637,10001.9081,10001.9081,0.0
28584,0,Active Minimal Buyers,1406.9758,0.0,0.1637,10001.9081,10001.9081,0.0
28583,0,Active Minimal Buyers,1406.9758,0.0,0.1637,10001.9081,10001.9081,0.0
28294,0,Active Minimal Buyers,1406.9758,0.0,0.1637,10001.9081,10001.9081,0.0
28293,0,Active Minimal Buyers,1406.9758,0.0,0.1637,10001.9081,10001.9081,0.0
28288,0,Active Minimal Buyers,1406.9758,0.0,0.1637,10001.9081,10001.9081,0.0
28285,0,Active Minimal Buyers,1406.9758,0.0,0.1637,10001.9081,10001.9081,0.0
28273,0,Active Minimal Buyers,1406.9758,0.0,0.1637,10001.9081,10001.9081,0.0
28271,0,Active Minimal Buyers,1406.9758,0.0,0.1637,10001.9081,10001.9081,0.0
28270,0,Active Minimal Buyers,1406.9758,0.0,0.1637,10001.9081,10001.9081,0.0
11854,0,Active Minimal Buyers,1406.9758,0.0,0.1637,10001.9081,10001.9081,0.0
11839,0,Active Minimal Buyers,1406.9758,0.0,0.1637,10001.9081,10001.9081,0.0
11837,0,Active Minimal Buyers,1406.9758,0.0,0.1637,10001.9081,10001.9081,0.0
11955,0,Active Minimal Buyers,1406.9758,0.0,0.1637,10001.9081,10001.9081,0.0
11945,0,Active Minimal Buyers,1406.9758,0.0,0.1637,10001.9081,10001.9081,0.0
19105,0,Active Minimal Buyers,1406.9758,0.0,0.1637,10001.9081,10001.9081,0.0
19102,0,Active Minimal Buyers,1406.9758,0.0,0.1637,10001.9081,10001.9081,0.0
19099,0,Active Minimal Buyers,1406.9758,0.0,0.1637,10001.9081,10001.9081,0.0
19096,0,Active Minimal Buyers,1406.9758,0.0,0.1637,10001.9081,10001.9081,0.0
28246,0,Active Minimal Buyers,1406.9758,0.0,0.1637,10001.9081,10001.9081,0.0
28244,0,Active Minimal Buyers,1406.9758,0.0,0.1637,10001.9081,10001.9081,0.0
28243,0,Active Minimal Buyers,1406.9758,0.0,0.1637,10001.9081,10001.9081,0.0
28240,0,Active Minimal Buyers,1406.9758,0.0,0.1637,10001.9081,10001.9081,0.0
28234,0,Active Minimal Buyers,1406.9758,0.0,0.1637,10001.9081,10001.9081,0.0
28224,0,Active Minimal Buyers,1406.9758,0.0,0.1637,10001.9081,10001.9081,0.0
28223,0,Active Minimal Buyers,1406.9758,0.0,0.1637,10001.9081,10001.9081,0.0
28222,0,Active Minimal Buyers,1406.9758,0.0,0.1637,10001.9081,10001.9081,0.0
28221,0,Active Minimal Buyers,1406.9758,0.0,0.1637,10001.9081,10001.9081,0.0
28200,0,Active Minimal Buyers,1406.9758,0.0,0.1637,10001.9081,10001.9081,0.0
28199,0,Active Minimal Buyers,1406.9758,0.0,0.1637,10001.9081,10001.9081,0.0
28198,0,Active Minimal Buyers,1406.9758,0.0,0.1637,10001.9081,10001.9081,0.0
28197,0,Active Minimal Buyers,1406.9758,0.0,0.1637,10001.9081,10001.9081,0.0
28196,0,Active Minimal Buyers,1406.9758,0.0,0.1637,10001.9081,10001.9081,0.0
28296,0,Active Minimal Buyers,1406.9758,0.0,0.1637,10001.9081,10001.9081,0.0
28295,0,Active Minimal Buyers,1406.9758,0.0,0.1637,10001.9081,10001.9081,0.0
28184,0,Active Minimal Buyers,1406.9758,0.0,0.1637,10001.9081,10001.9081,0.0
19089,0,Active Minimal Buyers,1406.9758,0.0,0.1637,10001.9081,10001.9081,0.0
18768,0,Active Minimal Buyers,1406.9758,0.0,0.1637,10001.9081,10001.9081,0.0
18767,0,Active Minimal Buyers,1406.9758,0.0,0.1637,10001.9081,10001.9081,0.0
18766,0,Active Minimal Buyers,1406.9758,0.0,0.1637,10001.9081,10001.9081,0.0
18747,0,Active Minimal Buyers,1406.9758,0.0,0.1637,10001.9081,10001.9081,0.0
18931,0,Active Minimal Buyers,1406.9758,0.0,0.1637,10001.9081,10001.9081,0.0
12023,0,Active Minimal Buyers,1406.9758,0.0,0.1637,10001.9081,10001.9081,0.0
12018,0,Active Minimal Buyers,1406.9758,0.0,0.1637,10001.9081,10001.9081,0.0
18735,0,Active Minimal Buyers,1406.9758,0.0,0.1637,10001.9081,10001.9081,0.0
18731,0,Active Minimal Buyers,1406.9758,0.0,0.1637,10001.9081,10001.9081,0.0
28180,0,Active Minimal Buyers,1406.9758,0.0,0.1637,10001.9081,10001.9081,0.0
28178,0,Active Minimal Buyers,1406.9758,0.0,0.1637,10001.9081,10001.9081,0.0
28177,0,Active Minimal Buyers,1406.9758,0.0,0.1637,10001.9081,10001.9081,0.0
28176,0,Active Minimal Buyers,1406.9758,0.0,0.1637,10001.9081,10001.9081,0.0
28173,0,Active Minimal Buyers,1406.9758,0.0,0.1637,10001.9081,10001.9081,0.0
28171,0,Active Minimal Buyers,1406.9758,0.0,0.1637,10001.9081,10001.9081,0.0
28170,0,Active Minimal Buyers,1406.9758,0.0,0.1637,10001.9081,10001.9081,0.0
28169,0,Active Minimal Buyers,1406.9758,0.0,0.1637,10001.9081,10001.9081,0.0
28167,0,Active Minimal Buyers,1406.9758,0.0,0.1637,10001.9081,10001.9081,0.0
28166,0,Active Minimal Buyers,1406.9758,0.0,0.1637,10001.9081,10001.9081,0.0
28165,0,Active Minimal Buyers,1406.9758,0.0,0.1637,10001.9081,10001.9081,0.0
28164,0,Active Minimal Buyers,1406.9758,0.0,0.1637,10001.9081,10001.9081,0.0
28163,0,Active Minimal Buyers,1406.9758,0.0,0.1637,10001.9081,10001.9081,0.0
28162,0,Active Minimal Buyers,1406.9758,0.0,0.1637,10001.9081,10001.9081,0.0
28161,0,Active Minimal Buyers,1406.9758,0.0,0.1637,10001.9081,10001.9081,0.0
15620,0,Active Minimal Buyers,1406.9758,0.0,0.1637,10001.9081,10001.9081,0.0
15619,0,Active Minimal Buyers,1406.9758,0.0,0.1637,10001.9081,10001.9081,0.0
15614,0,Active Minimal Buyers,1406.9758,0.0,0.1637,10001.9081,10001.9081,0.0
28194,0,Active Minimal Buyers,1406.9758,0.0,0.1637,10001.9081,10001.9081,0.0
28191,0,Active Minimal Buyers,1406.9758,0.0,0.1637,10001.9081,10001.9081,0.0
28190,0,Active Minimal Buyers,1406.9758,0.0,0.1637,10001.9081,10001.9081,0.0
18769,0,Active Minimal Buyers,1406.9758,0.0,0.1637,10001.9081,10001.9081,0.0
18702,0,Active Minimal Buyers,1406.9758,0.0,0.1637,10001.9081,10001.9081,0.0
18701,0,Active Minimal Buyers,1406.9758,0.0,0.1637,10001.9081,10001.9081,0.0
28158,0,Active Minimal Buyers,1406.9758,0.0,0.1637,10001.9081,10001.9081,0.0
28155,0,Active Minimal Buyers,1406.9758,0.0,0.1637,10001.9081,10001.9081,0.0
28154,0,Active Minimal Buyers,1406.9758,0.0,0.1637,10001.9081,10001.9081,0.0
28152,0,Active Minimal Buyers,1406.9758,0.0,0.1637,10001.9081,10001.9081,0.0
28150,0,Active Minimal Buyers,1406.9758,0.0,0.1637,10001.9081,10001.9081,0.0
28149,0,Active Minimal Buyers,1406.9758,0.0,0.1637,10001.9081,10001.9081,0.0
28148,0,Active Minimal Buyers,1406.9758,0.0,0.1637,10001.9081,10001.9081,0.0
28147,0,Active Minimal Buyers,1406.9758,0.0,0.1637,10001.9081,10001.9081,0.0
28142,0,Active Minimal Buyers,1406.9758,0.0,0.1637,10001.9081,10001.9081,0.0
28130,0,Active Minimal Buyers,1406.9758,0.0,0.1637,10001.9081,10001.9081,0.0
28129,0,Active Minimal Buyers,1406.9758,0.0,0.1637,10001.9081,10001.9081,0.0
15631,0,Active Minimal Buyers,1406.9758,0.0,0.1637,10001.9081,10001.9081,0.0
15621,0,Active Minimal Buyers,1406.9758,0.0,0.1637,10001.9081,10001.9081,0.0
28096,0,Active Minimal Buyers,1406.9758,0.0,0.1637,10001.9081,10001.9081,0.0
28092,0,Active Minimal Buyers,1406.9758,0.0,0.1637,10001.9081,10001.9081,0.0
28159,0,Active Minimal Buyers,1406.9758,0.0,0.1637,10001.9081,10001.9081,0.0
18729,0,Active Minimal Buyers,1406.9758,0.0,0.1637,10001.9081,10001.9081,0.0
18726,0,Active Minimal Buyers,1406.9758,0.0,0.1637,10001.9081,10001.9081,0.0
18725,0,Active Minimal Buyers,1406.9758,0.0,0.1637,10001.9081,10001.9081,0.0
18724,0,Active Minimal Buyers,1406.9758,0.0,0.1637,10001.9081,10001.9081,0.0
18723,0,Active Minimal Buyers,1406.9758,0.0,0.1637,10001.9081,10001.9081,0.0
18722,0,Active Minimal Buyers,1406.9758,0.0,0.1637,10001.9081,10001.9081,0.0
18721,0,Active Minimal Buyers,1406.9758,0.0,0.1637,10001.9081,10001.9081,0.0
18718,0,Active Minimal Buyers,1406.9758,0.0,0.1637,10001.9081,10001.9081,0.0
18930,0,Active Minimal Buyers,1406.9758,0.0,0.1637,10001.9081,10001.9081,0.0
18929,0,Active Minimal Buyers,1406.9758,0.0,0.1637,10001.9081,10001.9081,0.0
18928,0,Active Minimal Buyers,1406.9758,0.0,0.1637,10001.9081,10001.9081,0.0
18909,0,Active Minimal Buyers,1406.9758,0.0,0.1637,10001.9081,10001.9081,0.0
18908,0,Active Minimal Buyers,1406.9758,0.0,0.1637,10001.9081,10001.9081,0.0
18699,0,Active Minimal Buyers,1406.9758,0.0,0.1637,10001.9081,10001.9081,0.0
18696,0,Active Minimal Buyers,1406.9758,0.0,0.1637,10001.9081,10001.9081,0.0
18695,0,Active Minimal Buyers,1406.9758,0.0,0.1637,10001.9081,10001.9081,0.0
18694,0,Active Minimal Buyers,1406.9758,0.0,0.1637,10001.9081,10001.9081,0.0
18693,0,Active Minimal Buyers,1406.9758,0.0,0.1637,10001.9081,10001.9081,0.0
18692,0,Active Minimal Buyers,1406.9758,0.0,0.1637,10001.9081,10001.9081,0.0
18691,0,Active Minimal Buyers,1406.9758,0.0,0.1637,10001.9081,10001.9081,0.0
18746,0,Active Minimal Buyers,1406.9758,0.0,0.1637,10001.9081,10001.9081,0.0
18740,0,Active Minimal Buyers,1406.9758,0.0,0.1637,10001.9081,10001.9081,0.0
18739,0,Active Minimal Buyers,1406.9758,0.0,0.1637,10001.9081,10001.9081,0.0
18738,0,Active Minimal Buyers,1406.9758,0.0,0.1637,10001.9081,10001.9081,0.0
18737,0,Active Minimal Buyers,1406.9758,0.0,0.1637,10001.9081,10001.9081,0.0
18736,0,Active Minimal Buyers,1406.9758,0.0,0.1637,10001.9081,10001.9081,0.0
18495,0,Active Minimal Buyers,1406.9758,0.0,0.1637,10001.9081,10001.9081,0.0
18494,0,Active Minimal Buyers,1406.9758,0.0,0.1637,10001.9081,10001.9081,0.0
28099,0,Active Minimal Buyers,1406.9758,0.0,0.1637,10001.9081,10001.9081,0.0
27752,0,Active Minimal Buyers,1406.9758,0.0,0.1637,10001.9081,10001.9081,0.0
18493,0,Active Minimal Buyers,1406.9758,0.0,0.1637,10001.9081,10001.9081,0.0
18491,0,Active Minimal Buyers,1406.9758,0.0,0.1637,10001.9081,10001.9081,0.0
18490,0,Active Minimal Buyers,1406.9758,0.0,0.1637,10001.9081,10001.9081,0.0
18489,0,Active Minimal Buyers,1406.9758,0.0,0.1637,10001.9081,10001.9081,0.0
17069,0,Active Minimal Buyers,1406.9758,0.0,0.1637,10001.9081,10001.9081,0.0
17064,0,Active Minimal Buyers,1406.9758,0.0,0.1637,10001.9081,10001.9081,0.0
18716,0,Active Minimal Buyers,1406.9758,0.0,0.1637,10001.9081,10001.9081,0.0
18710,0,Active Minimal Buyers,1406.9758,0.0,0.1637,10001.9081,10001.9081,0.0
18709,0,Active Minimal Buyers,1406.9758,0.0,0.1637,10001.9081,10001.9081,0.0
18708,0,Active Minimal Buyers,1406.9758,0.0,0.1637,10001.9081,10001.9081,0.0
18706,0,Active Minimal Buyers,1406.9758,0.0,0.1637,10001.9081,10001.9081,0.0
18703,0,Active Minimal Buyers,1406.9758,0.0,0.1637,10001.9081,10001.9081,0.0
28051,0,Active Minimal Buyers,1406.9758,0.0,0.1637,10001.9081,10001.9081,0.0
28036,0,Active Minimal Buyers,1406.9758,0.0,0.1637,10001.9081,10001.9081,0.0
18700,0,Active Minimal Buyers,1406.9758,0.0,0.1637,10001.9081,10001.9081,0.0
18332,0,Active Minimal Buyers,1406.9758,0.0,0.1637,10001.9081,10001.9081,0.0
17056,0,Active Minimal Buyers,1406.9758,0.0,0.1637,10001.9081,10001.9081,0.0
18331,0,Active Minimal Buyers,1406.9758,0.0,0.1637,10001.9081,10001.9081,0.0
18309,0,Active Minimal Buyers,1406.9758,0.0,0.1637,10001.9081,10001.9081,0.0
27672,0,Active Minimal Buyers,1406.9758,0.0,0.1637,10001.9081,10001.9081,0.0
18488,0,Active Minimal Buyers,1406.9758,0.0,0.1637,10001.9081,10001.9081,0.0
18487,0,Active Minimal Buyers,1406.9758,0.0,0.1637,10001.9081,10001.9081,0.0
18486,0,Active Minimal Buyers,1406.9758,0.0,0.1637,10001.9081,10001.9081,0.0
18485,0,Active Minimal Buyers,1406.9758,0.0,0.1637,10001.9081,10001.9081,0.0
18484,0,Active Minimal Buyers,1406.9758,0.0,0.1637,10001.9081,10001.9081,0.0
18483,0,Active Minimal Buyers,1406.9758,0.0,0.1637,10001.9081,10001.9081,0.0
18482,0,Active Minimal Buyers,1406.9758,0.0,0.1637,10001.9081,10001.9081,0.0
18496,0,Active Minimal Buyers,1406.9758,0.0,0.1637,10001.9081,10001.9081,0.0
18469,0,Active Minimal Buyers,1406.9758,0.0,0.1637,10001.9081,10001.9081,0.0
18465,0,Active Minimal Buyers,1406.9758,0.0,0.1637,10001.9081,10001.9081,0.0
28013,0,Active Minimal Buyers,1406.9758,0.0,0.1637,10001.9081,10001.9081,0.0
18248,0,Active Minimal Buyers,1406.9758,0.0,0.1637,10001.9081,10001.9081,0.0
18245,0,Active Minimal Buyers,1406.9758,0.0,0.1637,10001.9081,10001.9081,0.0
15453,0,Active Minimal Buyers,1406.9758,0.0,0.1637,10001.9081,10001.9081,0.0
15440,0,Active Minimal Buyers,1406.9758,0.0,0.1637,10001.9081,10001.9081,0.0
18464,0,Active Minimal Buyers,1406.9758,0.0,0.1637,10001.9081,10001.9081,0.0
18463,0,Active Minimal Buyers,1406.9758,0.0,0.1637,10001.9081,10001.9081,0.0
18462,0,Active Minimal Buyers,1406.9758,0.0,0.1637,10001.9081,10001.9081,0.0
18461,0,Active Minimal Buyers,1406.9758,0.0,0.1637,10001.9081,10001.9081,0.0
18458,0,Active Minimal Buyers,1406.9758,0.0,0.1637,10001.9081,10001.9081,0.0
18457,0,Active Minimal Buyers,1406.9758,0.0,0.1637,10001.9081,10001.9081,0.0
18452,0,Active Minimal Buyers,1406.9758,0.0,0.1637,10001.9081,10001.9081,0.0
18338,0,Active Minimal Buyers,1406.9758,0.0,0.1637,10001.9081,10001.9081,0.0
18337,0,Active Minimal Buyers,1406.9758,0.0,0.1637,10001.9081,10001.9081,0.0
18336,0,Active Minimal Buyers,1406.9758,0.0,0.1637,10001.9081,10001.9081,0.0
18335,0,Active Minimal Buyers,1406.9758,0.0,0.1637,10001.9081,10001.9081,0.0
18334,0,Active Minimal Buyers,1406.9758,0.0,0.1637,10001.9081,10001.9081,0.0
12069,0,Active Minimal Buyers,1406.9758,0.0,0.1637,10001.9081,10001.9081,0.0
12053,0,Active Minimal Buyers,1406.9758,0.0,0.1637,10001.9081,10001.9081,0.0
18308,0,Active Minimal Buyers,1406.9758,0.0,0.1637,10001.9081,10001.9081,0.0
18307,0,Active Minimal Buyers,1406.9758,0.0,0.1637,10001.9081,10001.9081,0.0
18303,0,Active Minimal Buyers,1406.9758,0.0,0.1637,10001.9081,10001.9081,0.0
18302,0,Active Minimal Buyers,1406.9758,0.0,0.1637,10001.9081,10001.9081,0.0
18297,0,Active Minimal Buyers,1406.9758,0.0,0.1637,10001.9081,10001.9081,0.0
18296,0,Active Minimal Buyers,1406.9758,0.0,0.1637,10001.9081,10001.9081,0.0
18288,0,Active Minimal Buyers,1406.9758,0.0,0.1637,10001.9081,10001.9081,0.0
18284,0,Active Minimal Buyers,1406.9758,0.0,0.1637,10001.9081,10001.9081,0.0
18281,0,Active Minimal Buyers,1406.9758,0.0,0.1637,10001.9081,10001.9081,0.0
18277,0,Active Minimal Buyers,1406.9758,0.0,0.1637,10001.9081,10001.9081,0.0
18276,0,Active Minimal Buyers,1406.9758,0.0,0.1637,10001.9081,10001.9081,0.0
18275,0,Active Minimal Buyers,1406.9758,0.0,0.1637,10001.9081,10001.9081,0.0
18273,0,Active Minimal Buyers,1406.9758,0.0,0.1637,10001.9081,10001.9081,0.0
18470,0,Active Minimal Buyers,1406.9758,0.0,0.1637,10001.9081,10001.9081,0.0
18193,0,Active Minimal Buyers,1406.9758,0.0,0.1637,10001.9081,10001.9081,0.0
18189,0,Active Minimal Buyers,1406.9758,0.0,0.1637,10001.9081,10001.9081,0.0
18188,0,Active Minimal Buyers,1406.9758,0.0,0.1637,10001.9081,10001.9081,0.0
18272,0,Active Minimal Buyers,1406.9758,0.0,0.1637,10001.9081,10001.9081,0.0
18269,0,Active Minimal Buyers,1406.9758,0.0,0.1637,10001.9081,10001.9081,0.0
18268,0,Active Minimal Buyers,1406.9758,0.0,0.1637,10001.9081,10001.9081,0.0
18260,0,Active Minimal Buyers,1406.9758,0.0,0.1637,10001.9081,10001.9081,0.0
18255,0,Active Minimal Buyers,1406.9758,0.0,0.1637,10001.9081,10001.9081,0.0
18254,0,Active Minimal Buyers,1406.9758,0.0,0.1637,10001.9081,10001.9081,0.0
18252,0,Active Minimal Buyers,1406.9758,0.0,0.1637,10001.9081,10001.9081,0.0
22121,0,Active Minimal Buyers,1406.9758,0.0,0.1637,10001.9081,10001.9081,0.0
22120,0,Active Minimal Buyers,1406.9758,0.0,0.1637,10001.9081,10001.9081,0.0
22118,0,Active Minimal Buyers,1406.9758,0.0,0.1637,10001.9081,10001.9081,0.0
22117,0,Active Minimal Buyers,1406.9758,0.0,0.1637,10001.9081,10001.9081,0.0
22112,0,Active Minimal Buyers,1406.9758,0.0,0.1637,10001.9081,10001.9081,0.0
15354,0,Active Minimal Buyers,1406.9758,0.0,0.1637,10001.9081,10001.9081,0.0
17232,0,Active Minimal Buyers,1406.9758,0.0,0.1637,10001.9081,10001.9081,0.0
12152,0,Active Minimal Buyers,1406.9758,0.0,0.1637,10001.9081,10001.9081,0.0
14140,0,Active Minimal Buyers,1406.9758,0.0,0.1637,10001.9081,10001.9081,0.0
14139,0,Active Minimal Buyers,1406.9758,0.0,0.1637,10001.9081,10001.9081,0.0
14138,0,Active Minimal Buyers,1406.9758,0.0,0.1637,10001.9081,10001.9081,0.0
18251,0,Active Minimal Buyers,1406.9758,0.0,0.1637,10001.9081,10001.9081,0.0
18250,0,Active Minimal Buyers,1406.9758,0.0,0.1637,10001.9081,10001.9081,0.0
18249,0,Active Minimal Buyers,1406.9758,0.0,0.1637,10001.9081,10001.9081,0.0
12104,0,Active Minimal Buyers,1406.9758,0.0,0.1637,10001.9081,10001.9081,0.0
17079,0,Active Minimal Buyers,1406.9758,0.0,0.1637,10001.9081,10001.9081,0.0
18204,0,Active Minimal Buyers,1406.9758,0.0,0.1637,10001.9081,10001.9081,0.0
18203,0,Active Minimal Buyers,1406.9758,0.0,0.1637,10001.9081,10001.9081,0.0
22251,0,Active Minimal Buyers,1406.9758,0.0,0.1637,10001.9081,10001.9081,0.0
22247,0,Active Minimal Buyers,1406.9758,0.0,0.1637,10001.9081,10001.9081,0.0
18198,0,Active Minimal Buyers,1406.9758,0.0,0.1637,10001.9081,10001.9081,0.0
18196,0,Active Minimal Buyers,1406.9758,0.0,0.1637,10001.9081,10001.9081,0.0
23725,0,Active Minimal Buyers,1406.9758,0.0,0.1637,10001.9081,10001.9081,0.0
22234,0,Active Minimal Buyers,1406.9758,0.0,0.1637,10001.9081,10001.9081,0.0
22233,0,Active Minimal Buyers,1406.9758,0.0,0.1637,10001.9081,10001.9081,0.0
22232,0,Active Minimal Buyers,1406.9758,0.0,0.1637,10001.9081,10001.9081,0.0
22230,0,Active Minimal Buyers,1406.9758,0.0,0.1637,10001.9081,10001.9081,0.0
22182,0,Active Minimal Buyers,1406.9758,0.0,0.1637,10001.9081,10001.9081,0.0
22128,0,Active Minimal Buyers,1406.9758,0.0,0.1637,10001.9081,10001.9081,0.0
22299,0,Active Minimal Buyers,1406.9758,0.0,0.1637,10001.9081,10001.9081,0.0
22268,0,Active Minimal Buyers,1406.9758,0.0,0.1637,10001.9081,10001.9081,0.0
22267,0,Active Minimal Buyers,1406.9758,0.0,0.1637,10001.9081,10001.9081,0.0
13560,0,Active Minimal Buyers,1406.9758,0.0,0.1637,10001.9081,10001.9081,0.0
22252,0,Active Minimal Buyers,1406.9758,0.0,0.1637,10001.9081,10001.9081,0.0
18202,0,Active Minimal Buyers,1406.9758,0.0,0.1637,10001.9081,10001.9081,0.0
18201,0,Active Minimal Buyers,1406.9758,0.0,0.1637,10001.9081,10001.9081,0.0
18200,0,Active Minimal Buyers,1406.9758,0.0,0.1637,10001.9081,10001.9081,0.0
17233,0,Active Minimal Buyers,1406.9758,0.0,0.1637,10001.9081,10001.9081,0.0
23846,0,Active Minimal Buyers,1406.9758,0.0,0.1637,10001.9081,10001.9081,0.0
23842,0,Active Minimal Buyers,1406.9758,0.0,0.1637,10001.9081,10001.9081,0.0
23830,0,Active Minimal Buyers,1406.9758,0.0,0.1637,10001.9081,10001.9081,0.0
23829,0,Active Minimal Buyers,1406.9758,0.0,0.1637,10001.9081,10001.9081,0.0
23819,0,Active Minimal Buyers,1406.9758,0.0,0.1637,10001.9081,10001.9081,0.0
14137,0,Active Minimal Buyers,1406.9758,0.0,0.1637,10001.9081,10001.9081,0.0
11189,0,Active Minimal Buyers,1406.9758,0.0,0.1637,10001.9081,10001.9081,0.0
13686,0,Active Minimal Buyers,1406.9758,0.0,0.1637,10001.9081,10001.9081,0.0
13685,0,Active Minimal Buyers,1406.9758,0.0,0.1637,10001.9081,10001.9081,0.0
11324,0,Active Minimal Buyers,1406.9758,0.0,0.1637,10001.9081,10001.9081,0.0
13777,0,Active Minimal Buyers,1406.9758,0.0,0.1637,10001.9081,10001.9081,0.0
17241,0,Active Minimal Buyers,1406.9758,0.0,0.1637,10001.9081,10001.9081,0.0
17240,0,Active Minimal Buyers,1406.9758,0.0,0.1637,10001.9081,10001.9081,0.0
23806,0,Active Minimal Buyers,1406.9758,0.0,0.1637,10001.9081,10001.9081,0.0
23731,0,Active Minimal Buyers,1406.9758,0.0,0.1637,10001.9081,10001.9081,0.0
23730,0,Active Minimal Buyers,1406.9758,0.0,0.1637,10001.9081,10001.9081,0.0
12620,0,Active Minimal Buyers,1406.9758,0.0,0.1637,10001.9081,10001.9081,0.0
12618,0,Active Minimal Buyers,1406.9758,0.0,0.1637,10001.9081,10001.9081,0.0
12614,0,Active Minimal Buyers,1406.9758,0.0,0.1637,10001.9081,10001.9081,0.0
15106,0,Active Minimal Buyers,1406.9758,0.0,0.1637,10001.9081,10001.9081,0.0
15097,0,Active Minimal Buyers,1406.9758,0.0,0.1637,10001.9081,10001.9081,0.0
15089,0,Active Minimal Buyers,1406.9758,0.0,0.1637,10001.9081,10001.9081,0.0
15088,0,Active Minimal Buyers,1406.9758,0.0,0.1637,10001.9081,10001.9081,0.0
15087,0,Active Minimal Buyers,1406.9758,0.0,0.1637,10001.9081,10001.9081,0.0
15083,0,Active Minimal Buyers,1406.9758,0.0,0.1637,10001.9081,10001.9081,0.0
12520,0,Active Minimal Buyers,1406.9758,0.0,0.1637,10001.9081,10001.9081,0.0
12510,0,Active Minimal Buyers,1406.9758,0.0,0.1637,10001.9081,10001.9081,0.0
12494,0,Active Minimal Buyers,1406.9758,0.0,0.1637,10001.9081,10001.9081,0.0
22373,0,Active Minimal Buyers,1406.9758,0.0,0.1637,10001.9081,10001.9081,0.0
12561,0,Active Minimal Buyers,1406.9758,0.0,0.1637,10001.9081,10001.9081,0.0
12549,0,Active Minimal Buyers,1406.9758,0.0,0.1637,10001.9081,10001.9081,0.0
23858,0,Active Minimal Buyers,1406.9758,0.0,0.1637,10001.9081,10001.9081,0.0
12655,0,Active Minimal Buyers,1406.9758,0.0,0.1637,10001.9081,10001.9081,0.0
12650,0,Active Minimal Buyers,1406.9758,0.0,0.1637,10001.9081,10001.9081,0.0
12717,0,Active Minimal Buyers,1406.9758,0.0,0.1637,10001.9081,10001.9081,0.0
12711,0,Active Minimal Buyers,1406.9758,0.0,0.1637,10001.9081,10001.9081,0.0
12547,0,Active Minimal Buyers,1406.9758,0.0,0.1637,10001.9081,10001.9081,0.0
12523,0,Active Minimal Buyers,1406.9758,0.0,0.1637,10001.9081,10001.9081,0.0
12169,0,Active Minimal Buyers,1406.9758,0.0,0.1637,10001.9081,10001.9081,0.0
12167,0,Active Minimal Buyers,1406.9758,0.0,0.1637,10001.9081,10001.9081,0.0
13771,0,Active Minimal Buyers,1406.9758,0.0,0.1637,10001.9081,10001.9081,0.0
13770,0,Active Minimal Buyers,1406.9758,0.0,0.1637,10001.9081,10001.9081,0.0
13767,0,Active Minimal Buyers,1406.9758,0.0,0.1637,10001.9081,10001.9081,0.0
12522,0,Active Minimal Buyers,1406.9758,0.0,0.1637,10001.9081,10001.9081,0.0
12607,0,Active Minimal Buyers,1406.9758,0.0,0.1637,10001.9081,10001.9081,0.0
12632,0,Active Minimal Buyers,1406.9758,0.0,0.1637,10001.9081,10001.9081,0.0
12631,0,Active Minimal Buyers,1406.9758,0.0,0.1637,10001.9081,10001.9081,0.0
12621,0,Active Minimal Buyers,1406.9758,0.0,0.1637,10001.9081,10001.9081,0.0
22893,0,Active Minimal Buyers,1406.9758,0.0,0.1637,10001.9081,10001.9081,0.0
22889,0,Active Minimal Buyers,1406.9758,0.0,0.1637,10001.9081,10001.9081,0.0
22881,0,Active Minimal Buyers,1406.9758,0.0,0.1637,10001.9081,10001.9081,0.0
22877,0,Active Minimal Buyers,1406.9758,0.0,0.1637,10001.9081,10001.9081,0.0
15056,0,Active Minimal Buyers,1406.9758,0.0,0.1637,10001.9081,10001.9081,0.0
15118,0,Active Minimal Buyers,1406.9758,0.0,0.1637,10001.9081,10001.9081,0.0
12613,0,Active Minimal Buyers,1406.9758,0.0,0.1637,10001.9081,10001.9081,0.0
11323,0,Active Minimal Buyers,1406.9758,0.0,0.1637,10001.9081,10001.9081,0.0
11319,0,Active Minimal Buyers,1406.9758,0.0,0.1637,10001.9081,10001.9081,0.0
11317,0,Active Minimal Buyers,1406.9758,0.0,0.1637,10001.9081,10001.9081,0.0
17926,0,Active Minimal Buyers,1406.9758,0.0,0.1637,10001.9081,10001.9081,0.0
17925,0,Active Minimal Buyers,1406.9758,0.0,0.1637,10001.9081,10001.9081,0.0
17924,0,Active Minimal Buyers,1406.9758,0.0,0.1637,10001.9081,10001.9081,0.0
17923,0,Active Minimal Buyers,1406.9758,0.0,0.1637,10001.9081,10001.9081,0.0
17922,0,Active Minimal Buyers,1406.9758,0.0,0.1637,10001.9081,10001.9081,0.0
17921,0,Active Minimal Buyers,1406.9758,0.0,0.1637,10001.9081,10001.9081,0.0
15048,0,Active Minimal Buyers,1406.9758,0.0,0.1637,10001.9081,10001.9081,0.0
15047,0,Active Minimal Buyers,1406.9758,0.0,0.1637,10001.9081,10001.9081,0.0
15046,0,Active Minimal Buyers,1406.9758,0.0,0.1637,10001.9081,10001.9081,0.0
15081,0,Active Minimal Buyers,1406.9758,0.0,0.1637,10001.9081,10001.9081,0.0
15078,0,Active Minimal Buyers,1406.9758,0.0,0.1637,10001.9081,10001.9081,0.0
15077,0,Active Minimal Buyers,1406.9758,0.0,0.1637,10001.9081,10001.9081,0.0
14861,0,Active Minimal Buyers,1406.9758,0.0,0.1637,10001.9081,10001.9081,0.0
14991,0,Active Minimal Buyers,1406.9758,0.0,0.1637,10001.9081,10001.9081,0.0
14984,0,Active Minimal Buyers,1406.9758,0.0,0.1637,10001.9081,10001.9081,0.0
15062,0,Active Minimal Buyers,1406.9758,0.0,0.1637,10001.9081,10001.9081,0.0
15059,0,Active Minimal Buyers,1406.9758,0.0,0.1637,10001.9081,10001.9081,0.0
15058,0,Active Minimal Buyers,1406.9758,0.0,0.1637,10001.9081,10001.9081,0.0
22765,0,Active Minimal Buyers,1406.9758,0.0,0.1637,10001.9081,10001.9081,0.0
22748,0,Active Minimal Buyers,1406.9758,0.0,0.1637,10001.9081,10001.9081,0.0
22732,0,Active Minimal Buyers,1406.9758,0.0,0.1637,10001.9081,10001.9081,0.0
22713,0,Active Minimal Buyers,1406.9758,0.0,0.1637,10001.9081,10001.9081,0.0
23057,0,Active Minimal Buyers,1406.9758,0.0,0.1637,10001.9081,10001.9081,0.0
22996,0,Active Minimal Buyers,1406.9758,0.0,0.1637,10001.9081,10001.9081,0.0
22995,0,Active Minimal Buyers,1406.9758,0.0,0.1637,10001.9081,10001.9081,0.0
14975,0,Active Minimal Buyers,1406.9758,0.0,0.1637,10001.9081,10001.9081,0.0
14950,0,Active Minimal Buyers,1406.9758,0.0,0.1637,10001.9081,10001.9081,0.0
14949,0,Active Minimal Buyers,1406.9758,0.0,0.1637,10001.9081,10001.9081,0.0
22903,0,Active Minimal Buyers,1406.9758,0.0,0.1637,10001.9081,10001.9081,0.0
22901,0,Active Minimal Buyers,1406.9758,0.0,0.1637,10001.9081,10001.9081,0.0
14832,0,Active Minimal Buyers,1406.9758,0.0,0.1637,10001.9081,10001.9081,0.0
14831,0,Active Minimal Buyers,1406.9758,0.0,0.1637,10001.9081,10001.9081,0.0
14830,0,Active Minimal Buyers,1406.9758,0.0,0.1637,10001.9081,10001.9081,0.0
14827,0,Active Minimal Buyers,1406.9758,0.0,0.1637,10001.9081,10001.9081,0.0
14824,0,Active Minimal Buyers,1406.9758,0.0,0.1637,10001.9081,10001.9081,0.0
14823,0,Active Minimal Buyers,1406.9758,0.0,0.1637,10001.9081,10001.9081,0.0
14822,0,Active Minimal Buyers,1406.9758,0.0,0.1637,10001.9081,10001.9081,0.0
15051,0,Active Minimal Buyers,1406.9758,0.0,0.1637,10001.9081,10001.9081,0.0
23172,0,Active Minimal Buyers,1406.9758,0.0,0.1637,10001.9081,10001.9081,0.0
23164,0,Active Minimal Buyers,1406.9758,0.0,0.1637,10001.9081,10001.9081,0.0
23137,0,Active Minimal Buyers,1406.9758,0.0,0.1637,10001.9081,10001.9081,0.0
23114,0,Active Minimal Buyers,1406.9758,0.0,0.1637,10001.9081,10001.9081,0.0
23113,0,Active Minimal Buyers,1406.9758,0.0,0.1637,10001.9081,10001.9081,0.0
14819,0,Active Minimal Buyers,1406.9758,0.0,0.1637,10001.9081,10001.9081,0.0
14803,0,Active Minimal Buyers,1406.9758,0.0,0.1637,10001.9081,10001.9081,0.0
14947,0,Active Minimal Buyers,1406.9758,0.0,0.1637,10001.9081,10001.9081,0.0
14941,0,Active Minimal Buyers,1406.9758,0.0,0.1637,10001.9081,10001.9081,0.0
14937,0,Active Minimal Buyers,1406.9758,0.0,0.1637,10001.9081,10001.9081,0.0
14929,0,Active Minimal Buyers,1406.9758,0.0,0.1637,10001.9081,10001.9081,0.0
14928,0,Active Minimal Buyers,1406.9758,0.0,0.1637,10001.9081,10001.9081,0.0
14778,0,Active Minimal Buyers,1406.9758,0.0,0.1637,10001.9081,10001.9081,0.0
14777,0,Active Minimal Buyers,1406.9758,0.0,0.1637,10001.9081,10001.9081,0.0
14776,0,Active Minimal Buyers,1406.9758,0.0,0.1637,10001.9081,10001.9081,0.0
23074,0,Active Minimal Buyers,1406.9758,0.0,0.1637,10001.9081,10001.9081,0.0
23283,0,Active Minimal Buyers,1406.9758,0.0,0.1637,10001.9081,10001.9081,0.0
23281,0,Active Minimal Buyers,1406.9758,0.0,0.1637,10001.9081,10001.9081,0.0
23267,0,Active Minimal Buyers,1406.9758,0.0,0.1637,10001.9081,10001.9081,0.0
23209,0,Active Minimal Buyers,1406.9758,0.0,0.1637,10001.9081,10001.9081,0.0
14702,0,Active Minimal Buyers,1406.9758,0.0,0.1637,10001.9081,10001.9081,0.0
14700,0,Active Minimal Buyers,1406.9758,0.0,0.1637,10001.9081,10001.9081,0.0
14697,0,Active Minimal Buyers,1406.9758,0.0,0.1637,10001.9081,10001.9081,0.0
22976,0,Active Minimal Buyers,1406.9758,0.0,0.1637,10001.9081,10001.9081,0.0
22975,0,Active Minimal Buyers,1406.9758,0.0,0.1637,10001.9081,10001.9081,0.0
22971,0,Active Minimal Buyers,1406.9758,0.0,0.1637,10001.9081,10001.9081,0.0
14847,0,Active Minimal Buyers,1406.9758,0.0,0.1637,10001.9081,10001.9081,0.0
14846,0,Active Minimal Buyers,1406.9758,0.0,0.1637,10001.9081,10001.9081,0.0
14843,0,Active Minimal Buyers,1406.9758,0.0,0.1637,10001.9081,10001.9081,0.0
14833,0,Active Minimal Buyers,1406.9758,0.0,0.1637,10001.9081,10001.9081,0.0
14709,0,Active Minimal Buyers,1406.9758,0.0,0.1637,10001.9081,10001.9081,0.0
14705,0,Active Minimal Buyers,1406.9758,0.0,0.1637,10001.9081,10001.9081,0.0
14713,0,Active Minimal Buyers,1406.9758,0.0,0.1637,10001.9081,10001.9081,0.0
14712,0,Active Minimal Buyers,1406.9758,0.0,0.1637,10001.9081,10001.9081,0.0
23397,0,Active Minimal Buyers,1406.9758,0.0,0.1637,10001.9081,10001.9081,0.0
23396,0,Active Minimal Buyers,1406.9758,0.0,0.1637,10001.9081,10001.9081,0.0
23385,0,Active Minimal Buyers,1406.9758,0.0,0.1637,10001.9081,10001.9081,0.0
23378,0,Active Minimal Buyers,1406.9758,0.0,0.1637,10001.9081,10001.9081,0.0
23376,0,Active Minimal Buyers,1406.9758,0.0,0.1637,10001.9081,10001.9081,0.0
23351,0,Active Minimal Buyers,1406.9758,0.0,0.1637,10001.9081,10001.9081,0.0
14801,0,Active Minimal Buyers,1406.9758,0.0,0.1637,10001.9081,10001.9081,0.0
14800,0,Active Minimal Buyers,1406.9758,0.0,0.1637,10001.9081,10001.9081,0.0
14797,0,Active Minimal Buyers,1406.9758,0.0,0.1637,10001.9081,10001.9081,0.0
14795,0,Active Minimal Buyers,1406.9758,0.0,0.1637,10001.9081,10001.9081,0.0
14794,0,Active Minimal Buyers,1406.9758,0.0,0.1637,10001.9081,10001.9081,0.0
14793,0,Active Minimal Buyers,1406.9758,0.0,0.1637,10001.9081,10001.9081,0.0
14792,0,Active Minimal Buyers,1406.9758,0.0,0.1637,10001.9081,10001.9081,0.0
14789,0,Active Minimal Buyers,1406.9758,0.0,0.1637,10001.9081,10001.9081,0.0
17904,0,Active Minimal Buyers,1406.9758,0.0,0.1637,10001.9081,10001.9081,0.0
17927,0,Active Minimal Buyers,1406.9758,0.0,0.1637,10001.9081,10001.9081,0.0
17293,0,Active Minimal Buyers,1406.9758,0.0,0.1637,10001.9081,10001.9081,0.0
17288,0,Active Minimal Buyers,1406.9758,0.0,0.1637,10001.9081,10001.9081,0.0
17286,0,Active Minimal Buyers,1406.9758,0.0,0.1637,10001.9081,10001.9081,0.0
17285,0,Active Minimal Buyers,1406.9758,0.0,0.1637,10001.9081,10001.9081,0.0
17280,0,Active Minimal Buyers,1406.9758,0.0,0.1637,10001.9081,10001.9081,0.0
17279,0,Active Minimal Buyers,1406.9758,0.0,0.1637,10001.9081,10001.9081,0.0
14525,0,Active Minimal Buyers,1406.9758,0.0,0.1637,10001.9081,10001.9081,0.0
14541,0,Active Minimal Buyers,1406.9758,0.0,0.1637,10001.9081,10001.9081,0.0
14774,0,Active Minimal Buyers,1406.9758,0.0,0.1637,10001.9081,10001.9081,0.0
14772,0,Active Minimal Buyers,1406.9758,0.0,0.1637,10001.9081,10001.9081,0.0
14771,0,Active Minimal Buyers,1406.9758,0.0,0.1637,10001.9081,10001.9081,0.0
14770,0,Active Minimal Buyers,1406.9758,0.0,0.1637,10001.9081,10001.9081,0.0
14769,0,Active Minimal Buyers,1406.9758,0.0,0.1637,10001.9081,10001.9081,0.0
14720,0,Active Minimal Buyers,1406.9758,0.0,0.1637,10001.9081,10001.9081,0.0
12217,0,Active Minimal Buyers,1406.9758,0.0,0.1637,10001.9081,10001.9081,0.0
12212,0,Active Minimal Buyers,1406.9758,0.0,0.1637,10001.9081,10001.9081,0.0
23306,0,Active Minimal Buyers,1406.9758,0.0,0.1637,10001.9081,10001.9081,0.0
12754,0,Active Minimal Buyers,1406.9758,0.0,0.1637,10001.9081,10001.9081,0.0
12750,0,Active Minimal Buyers,1406.9758,0.0,0.1637,10001.9081,10001.9081,0.0
12749,0,Active Minimal Buyers,1406.9758,0.0,0.1637,10001.9081,10001.9081,0.0
12805,0,Active Minimal Buyers,1406.9758,0.0,0.1637,10001.9081,10001.9081,0.0
12804,0,Active Minimal Buyers,1406.9758,0.0,0.1637,10001.9081,10001.9081,0.0
17916,0,Active Minimal Buyers,1406.9758,0.0,0.1637,10001.9081,10001.9081,0.0
17915,0,Active Minimal Buyers,1406.9758,0.0,0.1637,10001.9081,10001.9081,0.0
17914,0,Active Minimal Buyers,1406.9758,0.0,0.1637,10001.9081,10001.9081,0.0
17913,0,Active Minimal Buyers,1406.9758,0.0,0.1637,10001.9081,10001.9081,0.0
17912,0,Active Minimal Buyers,1406.9758,0.0,0.1637,10001.9081,10001.9081,0.0
17911,0,Active Minimal Buyers,1406.9758,0.0,0.1637,10001.9081,10001.9081,0.0
17910,0,Active Minimal Buyers,1406.9758,0.0,0.1637,10001.9081,10001.9081,0.0
17909,0,Active Minimal Buyers,1406.9758,0.0,0.1637,10001.9081,10001.9081,0.0
11299,0,Active Minimal Buyers,1406.9758,0.0,0.1637,10001.9081,10001.9081,0.0
11298,0,Active Minimal Buyers,1406.9758,0.0,0.1637,10001.9081,10001.9081,0.0
11297,0,Active Minimal Buyers,1406.9758,0.0,0.1637,10001.9081,10001.9081,0.0
13807,0,Active Minimal Buyers,1406.9758,0.0,0.1637,10001.9081,10001.9081,0.0
13795,0,Active Minimal Buyers,1406.9758,0.0,0.1637,10001.9081,10001.9081,0.0
13794,0,Active Minimal Buyers,1406.9758,0.0,0.1637,10001.9081,10001.9081,0.0
13790,0,Active Minimal Buyers,1406.9758,0.0,0.1637,10001.9081,10001.9081,0.0
17278,0,Active Minimal Buyers,1406.9758,0.0,0.1637,10001.9081,10001.9081,0.0
17277,0,Active Minimal Buyers,1406.9758,0.0,0.1637,10001.9081,10001.9081,0.0
17259,0,Active Minimal Buyers,1406.9758,0.0,0.1637,10001.9081,10001.9081,0.0
17258,0,Active Minimal Buyers,1406.9758,0.0,0.1637,10001.9081,10001.9081,0.0
17920,0,Active Minimal Buyers,1406.9758,0.0,0.1637,10001.9081,10001.9081,0.0
17919,0,Active Minimal Buyers,1406.9758,0.0,0.1637,10001.9081,10001.9081,0.0
17918,0,Active Minimal Buyers,1406.9758,0.0,0.1637,10001.9081,10001.9081,0.0
17917,0,Active Minimal Buyers,1406.9758,0.0,0.1637,10001.9081,10001.9081,0.0
12219,0,Active Minimal Buyers,1406.9758,0.0,0.1637,10001.9081,10001.9081,0.0
17255,0,Active Minimal Buyers,1406.9758,0.0,0.1637,10001.9081,10001.9081,0.0
17249,0,Active Minimal Buyers,1406.9758,0.0,0.1637,10001.9081,10001.9081,0.0
17248,0,Active Minimal Buyers,1406.9758,0.0,0.1637,10001.9081,10001.9081,0.0
23592,0,Active Minimal Buyers,1406.9758,0.0,0.1637,10001.9081,10001.9081,0.0
23583,0,Active Minimal Buyers,1406.9758,0.0,0.1637,10001.9081,10001.9081,0.0
23566,0,Active Minimal Buyers,1406.9758,0.0,0.1637,10001.9081,10001.9081,0.0
14429,0,Active Minimal Buyers,1406.9758,0.0,0.1637,10001.9081,10001.9081,0.0
14428,0,Active Minimal Buyers,1406.9758,0.0,0.1637,10001.9081,10001.9081,0.0
14427,0,Active Minimal Buyers,1406.9758,0.0,0.1637,10001.9081,10001.9081,0.0
14426,0,Active Minimal Buyers,1406.9758,0.0,0.1637,10001.9081,10001.9081,0.0
14425,0,Active Minimal Buyers,1406.9758,0.0,0.1637,10001.9081,10001.9081,0.0
23511,0,Active Minimal Buyers,1406.9758,0.0,0.1637,10001.9081,10001.9081,0.0
23486,0,Active Minimal Buyers,1406.9758,0.0,0.1637,10001.9081,10001.9081,0.0
11307,0,Active Minimal Buyers,1406.9758,0.0,0.1637,10001.9081,10001.9081,0.0
11303,0,Active Minimal Buyers,1406.9758,0.0,0.1637,10001.9081,10001.9081,0.0
11302,0,Active Minimal Buyers,1406.9758,0.0,0.1637,10001.9081,10001.9081,0.0
17351,0,Active Minimal Buyers,1406.9758,0.0,0.1637,10001.9081,10001.9081,0.0
17334,0,Active Minimal Buyers,1406.9758,0.0,0.1637,10001.9081,10001.9081,0.0
17332,0,Active Minimal Buyers,1406.9758,0.0,0.1637,10001.9081,10001.9081,0.0
17329,0,Active Minimal Buyers,1406.9758,0.0,0.1637,10001.9081,10001.9081,0.0
17326,0,Active Minimal Buyers,1406.9758,0.0,0.1637,10001.9081,10001.9081,0.0
12323,0,Active Minimal Buyers,1406.9758,0.0,0.1637,10001.9081,10001.9081,0.0
12321,0,Active Minimal Buyers,1406.9758,0.0,0.1637,10001.9081,10001.9081,0.0
13570,0,Active Minimal Buyers,1406.9758,0.0,0.1637,10001.9081,10001.9081,0.0
13783,0,Active Minimal Buyers,1406.9758,0.0,0.1637,10001.9081,10001.9081,0.0
13782,0,Active Minimal Buyers,1406.9758,0.0,0.1637,10001.9081,10001.9081,0.0
11296,0,Active Minimal Buyers,1406.9758,0.0,0.1637,10001.9081,10001.9081,0.0
17312,0,Active Minimal Buyers,1406.9758,0.0,0.1637,10001.9081,10001.9081,0.0
12255,0,Active Minimal Buyers,1406.9758,0.0,0.1637,10001.9081,10001.9081,0.0
12254,0,Active Minimal Buyers,1406.9758,0.0,0.1637,10001.9081,10001.9081,0.0
17257,0,Active Minimal Buyers,1406.9758,0.0,0.1637,10001.9081,10001.9081,0.0
17256,0,Active Minimal Buyers,1406.9758,0.0,0.1637,10001.9081,10001.9081,0.0
17733,0,Active Minimal Buyers,1406.9758,0.0,0.1637,10001.9081,10001.9081,0.0
13847,0,Active Minimal Buyers,1406.9758,0.0,0.1637,10001.9081,10001.9081,0.0
11216,0,Active Minimal Buyers,1406.9758,0.0,0.1637,10001.9081,10001.9081,0.0
13808,0,Active Minimal Buyers,1406.9758,0.0,0.1637,10001.9081,10001.9081,0.0
13820,0,Active Minimal Buyers,1406.9758,0.0,0.1637,10001.9081,10001.9081,0.0
12398,0,Active Minimal Buyers,1406.9758,0.0,0.1637,10001.9081,10001.9081,0.0
12395,0,Active Minimal Buyers,1406.9758,0.0,0.1637,10001.9081,10001.9081,0.0
12383,0,Active Minimal Buyers,1406.9758,0.0,0.1637,10001.9081,10001.9081,0.0
12373,0,Active Minimal Buyers,1406.9758,0.0,0.1637,10001.9081,10001.9081,0.0
12483,0,Active Minimal Buyers,1406.9758,0.0,0.1637,10001.9081,10001.9081,0.0
12480,0,Active Minimal Buyers,1406.9758,0.0,0.1637,10001.9081,10001.9081,0.0
12474,0,Active Minimal Buyers,1406.9758,0.0,0.1637,10001.9081,10001.9081,0.0
12468,0,Active Minimal Buyers,1406.9758,0.0,0.1637,10001.9081,10001.9081,0.0
12464,0,Active Minimal Buyers,1406.9758,0.0,0.1637,10001.9081,10001.9081,0.0
12290,0,Active Minimal Buyers,1406.9758,0.0,0.1637,10001.9081,10001.9081,0.0
12285,0,Active Minimal Buyers,1406.9758,0.0,0.1637,10001.9081,10001.9081,0.0
29252,0,Active Minimal Buyers,1406.9758,0.0,0.1637,10001.9081,10001.9081,0.0
29242,0,Active Minimal Buyers,1406.9758,0.0,0.1637,10001.9081,10001.9081,0.0
14195,0,Active Minimal Buyers,1406.9758,0.0,0.1637,10001.9081,10001.9081,0.0
14191,0,Active Minimal Buyers,1406.9758,0.0,0.1637,10001.9081,10001.9081,0.0
14183,0,Active Minimal Buyers,1406.9758,0.0,0.1637,10001.9081,10001.9081,0.0
14171,0,Active Minimal Buyers,1406.9758,0.0,0.1637,10001.9081,10001.9081,0.0
14167,0,Active Minimal Buyers,1406.9758,0.0,0.1637,10001.9081,10001.9081,0.0
14165,0,Active Minimal Buyers,1406.9758,0.0,0.1637,10001.9081,10001.9081,0.0
17515,0,Active Minimal Buyers,1406.9758,0.0,0.1637,10001.9081,10001.9081,0.0
17514,0,Active Minimal Buyers,1406.9758,0.0,0.1637,10001.9081,10001.9081,0.0
17510,0,Active Minimal Buyers,1406.9758,0.0,0.1637,10001.9081,10001.9081,0.0
17504,0,Active Minimal Buyers,1406.9758,0.0,0.1637,10001.9081,10001.9081,0.0
17502,0,Active Minimal Buyers,1406.9758,0.0,0.1637,10001.9081,10001.9081,0.0
17478,0,Active Minimal Buyers,1406.9758,0.0,0.1637,10001.9081,10001.9081,0.0
11227,0,Active Minimal Buyers,1406.9758,0.0,0.1637,10001.9081,10001.9081,0.0
11217,0,Active Minimal Buyers,1406.9758,0.0,0.1637,10001.9081,10001.9081,0.0
15668,0,Active Minimal Buyers,1406.9758,0.0,0.1637,10001.9081,10001.839,0.0691
15660,0,Active Minimal Buyers,1406.9758,0.0,0.1637,10001.9081,10001.839,0.0691
12206,0,Active Minimal Buyers,1406.9758,0.0,0.1637,10001.9081,9989.1115,12.7967
20823,0,Active Minimal Buyers,1406.9758,0.0,0.1637,10001.9081,9988.9442,12.9639
15080,0,Active Minimal Buyers,1406.9758,0.0,0.1637,10001.9081,9988.9442,12.9639
12281,1,High Value but Cooling,1099.9258,0.0,0.1241,9960.4497,9974.3307,-13.881
26308,1,High Value but Cooling,1099.123,0.0,0.1241,9953.1799,9968.0894,-14.9096
14264,1,High Value but Cooling,1092.333,0.0,0.1241,9891.6926,9955.1428,-63.4502
11550,1,High Value but Cooling,1099.9258,0.0,0.1241,9960.4497,9954.467,5.9827
13849,1,High Value but Cooling,1059.8909,0.0,0.1241,9597.911,9917.4294,-319.5184
12272,1,High Value but Cooling,1092.333,0.0,0.1241,9891.6926,9883.4526,8.24
26311,1,High Value but Cooling,1088.773,0.0,0.1241,9859.4548,9869.2633,-9.8085
29664,3,Inactive Low-Value Customers,2680.2627,0.2381,0.1079,8582.368,9860.4649,-1278.0969
21501,1,High Value but Cooling,1062.7081,0.0,0.1241,9623.4224,9822.9362,-199.5138
14275,1,High Value but Cooling,1083.6498,0.0,0.1241,9813.0613,9817.6925,-4.6312
26306,1,High Value but Cooling,1080.0898,0.0,0.1241,9780.8235,9803.1523,-22.3289
26309,1,High Value but Cooling,1083.6498,0.0,0.1241,9813.0613,9798.7738,14.2875
23105,1,High Value but Cooling,1071.2592,0.0,0.1241,9700.8574,9776.508,-75.6506
23310,1,High Value but Cooling,1053.5997,0.0,0.1241,9540.9407,9689.6629,-148.7222
13747,1,High Value but Cooling,1035.4706,0.0,0.1241,9376.7714,9646.1749,-269.4035
30113,3,Inactive Low-Value Customers,2549.5518,0.2381,0.1079,8163.8235,9518.026,-1354.2025
29571,3,Inactive Low-Value Customers,3830.2195,0.2381,0.1079,12264.6013,9514.6777,2749.9236
12657,1,High Value but Cooling,993.4573,0.0,0.1241,8996.3172,9474.0338,-477.7166
21331,1,High Value but Cooling,1039.3749,0.0,0.1241,9412.1271,9450.5347,-38.4076
29956,3,Inactive Low-Value Customers,2776.9539,0.2381,0.1079,8891.9793,9295.7349,-403.7557
13662,1,High Value but Cooling,1020.1399,0.0,0.1241,9237.9433,9291.5862,-53.6429
13742,1,High Value but Cooling,999.6571,0.0,0.1241,9052.4599,9163.7179,-111.258
16311,1,High Value but Cooling,999.6571,0.0,0.1241,9052.4599,9083.7789,-31.319
28758,1,High Value but Cooling,1002.2087,0.0,0.1241,9075.5661,9034.8553,40.7108
28757,1,High Value but Cooling,1002.1405,0.0,0.1241,9074.9485,9025.7954,49.1531
30096,3,Inactive Low-Value Customers,2803.2143,0.2381,0.1079,8976.0667,9000.1211,-24.0544
13744,1,High Value but Cooling,981.3029,0.0,0.1241,8886.2523,8955.7893,-69.537
16794,4,Frequent Low-Spend Customers,651.8814,0.0,0.0777,9037.7365,8948.5026,89.2339
24102,4,Frequent Low-Spend Customers,646.2284,0.0,0.0777,8959.3628,8946.3663,12.9965
20662,4,Frequent Low-Spend Customers,629.9777,0.0,0.0777,8734.0618,8879.6489,-145.5871
16805,4,Frequent Low-Spend Customers,639.6491,0.0,0.0777,8868.1469,8874.0665,-5.9196
16792,4,Frequent Low-Spend Customers,640.3837,0.0,0.0777,8878.3314,8864.4848,13.8466
16798,4,Frequent Low-Spend Customers,658.5251,0.0,0.0777,9129.8453,8856.5757,273.2695
13741,1,High Value but Cooling,976.3262,0.0,0.1241,8841.1855,8853.447,-12.2615
21056,1,High Value but Cooling,954.8085,0.0,0.1241,8646.3305,8811.0669,-164.7364
16804,4,Frequent Low-Spend Customers,635.5572,0.0,0.0777,8811.4165,8810.3601,1.0564
16793,4,Frequent Low-Spend Customers,650.1868,0.0,0.0777,9014.2424,8809.8523,204.3901
16797,4,Frequent Low-Spend Customers,638.0549,0.0,0.0777,8846.0448,8794.263,51.7818
16807,4,Frequent Low-Spend Customers,635.5572,0.0,0.0777,8811.4165,8764.8146,46.6019
24164,4,Frequent Low-Spend Customers,626.6146,0.0,0.0777,8687.4355,8703.7951,-16.3596
17972,4,Frequent Low-Spend Customers,626.6146,0.0,0.0777,8687.4355,8702.6586,-15.2231
24169,4,Frequent Low-Spend Customers,626.6146,0.0,0.0777,8687.4355,8702.6586,-15.2231
24252,4,Frequent Low-Spend Customers,626.6146,0.0,0.0777,8687.4355,8702.6586,-15.2231
16803,4,Frequent Low-Spend Customers,632.0454,0.0,0.0777,8762.7286,8691.4863,71.2423
26310,4,Frequent Low-Spend Customers,626.6146,0.0,0.0777,8687.4355,8688.9955,-1.56
26279,4,Frequent Low-Spend Customers,626.6146,0.0,0.0777,8687.4355,8688.9955,-1.56
17952,4,Frequent Low-Spend Customers,626.6146,0.0,0.0777,8687.4355,8688.1979,-0.7624
16559,4,Frequent Low-Spend Customers,626.6146,0.0,0.0777,8687.4355,8688.1979,-0.7624
16566,4,Frequent Low-Spend Customers,626.6146,0.0,0.0777,8687.4355,8688.1979,-0.7624
13949,4,Frequent Low-Spend Customers,626.6146,0.0,0.0777,8687.4355,8687.7615,-0.326
23994,4,Frequent Low-Spend Customers,626.6146,0.0,0.0777,8687.4355,8687.4355,0.0
24159,4,Frequent Low-Spend Customers,626.6146,0.0,0.0777,8687.4355,8687.4355,0.0
24004,4,Frequent Low-Spend Customers,626.6146,0.0,0.0777,8687.4355,8687.4355,0.0
24005,4,Frequent Low-Spend Customers,626.6146,0.0,0.0777,8687.4355,8687.4355,0.0
15924,4,Frequent Low-Spend Customers,626.6146,0.0,0.0777,8687.4355,8687.4355,0.0
24006,4,Frequent Low-Spend Customers,626.6146,0.0,0.0777,8687.4355,8687.4355,0.0
15687,4,Frequent Low-Spend Customers,626.6146,0.0,0.0777,8687.4355,8687.4355,0.0
15688,4,Frequent Low-Spend Customers,626.6146,0.0,0.0777,8687.4355,8687.4355,0.0
15700,4,Frequent Low-Spend Customers,626.6146,0.0,0.0777,8687.4355,8687.4355,0.0
24177,4,Frequent Low-Spend Customers,626.6146,0.0,0.0777,8687.4355,8687.4355,0.0
24175,4,Frequent Low-Spend Customers,626.6146,0.0,0.0777,8687.4355,8687.4355,0.0
15710,4,Frequent Low-Spend Customers,626.6146,0.0,0.0777,8687.4355,8687.4355,0.0
24178,4,Frequent Low-Spend Customers,626.6146,0.0,0.0777,8687.4355,8687.4355,0.0
24247,4,Frequent Low-Spend Customers,626.6146,0.0,0.0777,8687.4355,8687.4355,0.0
24248,4,Frequent Low-Spend Customers,626.6146,0.0,0.0777,8687.4355,8687.4355,0.0
24249,4,Frequent Low-Spend Customers,626.6146,0.0,0.0777,8687.4355,8687.4355,0.0
24250,4,Frequent Low-Spend Customers,626.6146,0.0,0.0777,8687.4355,8687.4355,0.0
24257,4,Frequent Low-Spend Customers,626.6146,0.0,0.0777,8687.4355,8687.4355,0.0
24008,4,Frequent Low-Spend Customers,626.6146,0.0,0.0777,8687.4355,8687.4355,0.0
24002,4,Frequent Low-Spend Customers,626.6146,0.0,0.0777,8687.4355,8687.4355,0.0
23998,4,Frequent Low-Spend Customers,626.6146,0.0,0.0777,8687.4355,8687.4355,0.0
23996,4,Frequent Low-Spend Customers,626.6146,0.0,0.0777,8687.4355,8687.4355,0.0
26200,4,Frequent Low-Spend Customers,626.6146,0.0,0.0777,8687.4355,8687.4355,0.0
23664,4,Frequent Low-Spend Customers,626.6146,0.0,0.0777,8687.4355,8687.4355,0.0
23663,4,Frequent Low-Spend Customers,626.6146,0.0,0.0777,8687.4355,8687.4355,0.0
23662,4,Frequent Low-Spend Customers,626.6146,0.0,0.0777,8687.4355,8687.4355,0.0
23661,4,Frequent Low-Spend Customers,626.6146,0.0,0.0777,8687.4355,8687.4355,0.0
23999,4,Frequent Low-Spend Customers,626.6146,0.0,0.0777,8687.4355,8687.4355,0.0
23658,4,Frequent Low-Spend Customers,626.6146,0.0,0.0777,8687.4355,8687.4355,0.0
24173,4,Frequent Low-Spend Customers,626.6146,0.0,0.0777,8687.4355,8687.4355,0.0
24168,4,Frequent Low-Spend Customers,626.6146,0.0,0.0777,8687.4355,8687.4355,0.0
24166,4,Frequent Low-Spend Customers,626.6146,0.0,0.0777,8687.4355,8687.4355,0.0
24163,4,Frequent Low-Spend Customers,626.6146,0.0,0.0777,8687.4355,8687.4355,0.0
24273,4,Frequent Low-Spend Customers,626.6146,0.0,0.0777,8687.4355,8687.4355,0.0
24272,4,Frequent Low-Spend Customers,626.6146,0.0,0.0777,8687.4355,8687.4355,0.0
24271,4,Frequent Low-Spend Customers,626.6146,0.0,0.0777,8687.4355,8687.4355,0.0
24270,4,Frequent Low-Spend Customers,626.6146,0.0,0.0777,8687.4355,8687.4355,0.0
24172,4,Frequent Low-Spend Customers,626.6146,0.0,0.0777,8687.4355,8687.4355,0.0
23651,4,Frequent Low-Spend Customers,626.6146,0.0,0.0777,8687.4355,8687.4355,0.0
23652,4,Frequent Low-Spend Customers,626.6146,0.0,0.0777,8687.4355,8687.4355,0.0
26235,4,Frequent Low-Spend Customers,626.6146,0.0,0.0777,8687.4355,8687.4355,0.0
23653,4,Frequent Low-Spend Customers,626.6146,0.0,0.0777,8687.4355,8687.4355,0.0
23660,4,Frequent Low-Spend Customers,626.6146,0.0,0.0777,8687.4355,8687.4355,0.0
26202,4,Frequent Low-Spend Customers,626.6146,0.0,0.0777,8687.4355,8687.4355,0.0
17825,4,Frequent Low-Spend Customers,626.6146,0.0,0.0777,8687.4355,8687.4355,0.0
16268,4,Frequent Low-Spend Customers,626.6146,0.0,0.0777,8687.4355,8687.4355,0.0
16286,4,Frequent Low-Spend Customers,626.6146,0.0,0.0777,8687.4355,8687.4355,0.0
16273,4,Frequent Low-Spend Customers,626.6146,0.0,0.0777,8687.4355,8687.4355,0.0
16289,4,Frequent Low-Spend Customers,626.6146,0.0,0.0777,8687.4355,8687.4355,0.0
24364,4,Frequent Low-Spend Customers,626.6146,0.0,0.0777,8687.4355,8687.4355,0.0
24365,4,Frequent Low-Spend Customers,626.6146,0.0,0.0777,8687.4355,8687.4355,0.0
16288,4,Frequent Low-Spend Customers,626.6146,0.0,0.0777,8687.4355,8687.4355,0.0
24372,4,Frequent Low-Spend Customers,626.6146,0.0,0.0777,8687.4355,8687.4355,0.0
24281,4,Frequent Low-Spend Customers,626.6146,0.0,0.0777,8687.4355,8687.4355,0.0
24282,4,Frequent Low-Spend Customers,626.6146,0.0,0.0777,8687.4355,8687.4355,0.0
24283,4,Frequent Low-Spend Customers,626.6146,0.0,0.0777,8687.4355,8687.4355,0.0
24304,4,Frequent Low-Spend Customers,626.6146,0.0,0.0777,8687.4355,8687.4355,0.0
24302,4,Frequent Low-Spend Customers,626.6146,0.0,0.0777,8687.4355,8687.4355,0.0
24305,4,Frequent Low-Spend Customers,626.6146,0.0,0.0777,8687.4355,8687.4355,0.0
24368,4,Frequent Low-Spend Customers,626.6146,0.0,0.0777,8687.4355,8687.4355,0.0
16052,4,Frequent Low-Spend Customers,626.6146,0.0,0.0777,8687.4355,8687.4355,0.0
24242,4,Frequent Low-Spend Customers,626.6146,0.0,0.0777,8687.4355,8687.4355,0.0
16393,4,Frequent Low-Spend Customers,626.6146,0.0,0.0777,8687.4355,8687.4355,0.0
16408,4,Frequent Low-Spend Customers,626.6146,0.0,0.0777,8687.4355,8687.4355,0.0
16205,4,Frequent Low-Spend Customers,626.6146,0.0,0.0777,8687.4355,8687.4355,0.0
16203,4,Frequent Low-Spend Customers,626.6146,0.0,0.0777,8687.4355,8687.4355,0.0
16051,4,Frequent Low-Spend Customers,626.6146,0.0,0.0777,8687.4355,8687.4355,0.0
16259,4,Frequent Low-Spend Customers,626.6146,0.0,0.0777,8687.4355,8687.4355,0.0
15920,4,Frequent Low-Spend Customers,626.6146,0.0,0.0777,8687.4355,8687.4355,0.0
24266,4,Frequent Low-Spend Customers,626.6146,0.0,0.0777,8687.4355,8687.4355,0.0
16433,4,Frequent Low-Spend Customers,626.6146,0.0,0.0777,8687.4355,8687.4355,0.0
16548,4,Frequent Low-Spend Customers,626.6146,0.0,0.0777,8687.4355,8687.4355,0.0
16430,4,Frequent Low-Spend Customers,626.6146,0.0,0.0777,8687.4355,8687.4355,0.0
16426,4,Frequent Low-Spend Customers,626.6146,0.0,0.0777,8687.4355,8687.4355,0.0
24361,4,Frequent Low-Spend Customers,626.6146,0.0,0.0777,8687.4355,8687.4355,0.0
16560,4,Frequent Low-Spend Customers,626.6146,0.0,0.0777,8687.4355,8687.4355,0.0
17199,4,Frequent Low-Spend Customers,626.6146,0.0,0.0777,8687.4355,8687.4355,0.0
24467,4,Frequent Low-Spend Customers,626.6146,0.0,0.0777,8687.4355,8687.4355,0.0
24475,4,Frequent Low-Spend Customers,626.6146,0.0,0.0777,8687.4355,8687.4355,0.0
24474,4,Frequent Low-Spend Customers,626.6146,0.0,0.0777,8687.4355,8687.4355,0.0
24377,4,Frequent Low-Spend Customers,626.6146,0.0,0.0777,8687.4355,8687.4355,0.0
24381,4,Frequent Low-Spend Customers,626.6146,0.0,0.0777,8687.4355,8687.4355,0.0
24466,4,Frequent Low-Spend Customers,626.6146,0.0,0.0777,8687.4355,8687.4355,0.0
24465,4,Frequent Low-Spend Customers,626.6146,0.0,0.0777,8687.4355,8687.4355,0.0
24463,4,Frequent Low-Spend Customers,626.6146,0.0,0.0777,8687.4355,8687.4355,0.0
24461,4,Frequent Low-Spend Customers,626.6146,0.0,0.0777,8687.4355,8687.4355,0.0
24460,4,Frequent Low-Spend Customers,626.6146,0.0,0.0777,8687.4355,8687.4355,0.0
24459,4,Frequent Low-Spend Customers,626.6146,0.0,0.0777,8687.4355,8687.4355,0.0
24457,4,Frequent Low-Spend Customers,626.6146,0.0,0.0777,8687.4355,8687.4355,0.0
24592,4,Frequent Low-Spend Customers,626.6146,0.0,0.0777,8687.4355,8687.4355,0.0
24590,4,Frequent Low-Spend Customers,626.6146,0.0,0.0777,8687.4355,8687.4355,0.0
24587,4,Frequent Low-Spend Customers,626.6146,0.0,0.0777,8687.4355,8687.4355,0.0
17979,4,Frequent Low-Spend Customers,626.6146,0.0,0.0777,8687.4355,8687.4355,0.0
18045,4,Frequent Low-Spend Customers,626.6146,0.0,0.0777,8687.4355,8687.4355,0.0
18027,4,Frequent Low-Spend Customers,626.6146,0.0,0.0777,8687.4355,8687.4355,0.0
18026,4,Frequent Low-Spend Customers,626.6146,0.0,0.0777,8687.4355,8687.4355,0.0
18021,4,Frequent Low-Spend Customers,626.6146,0.0,0.0777,8687.4355,8687.4355,0.0
18158,4,Frequent Low-Spend Customers,626.6146,0.0,0.0777,8687.4355,8687.4355,0.0
16431,4,Frequent Low-Spend Customers,626.6146,0.0,0.0777,8687.4355,8687.4355,0.0
16533,4,Frequent Low-Spend Customers,626.6146,0.0,0.0777,8687.4355,8687.4355,0.0
24478,4,Frequent Low-Spend Customers,626.6146,0.0,0.0777,8687.4355,8687.4355,0.0
16596,4,Frequent Low-Spend Customers,626.6146,0.0,0.0777,8687.4355,8687.4355,0.0
16436,4,Frequent Low-Spend Customers,626.6146,0.0,0.0777,8687.4355,8687.4355,0.0
16425,4,Frequent Low-Spend Customers,626.6146,0.0,0.0777,8687.4355,8687.4355,0.0
16513,4,Frequent Low-Spend Customers,626.6146,0.0,0.0777,8687.4355,8687.4355,0.0
16432,4,Frequent Low-Spend Customers,626.6146,0.0,0.0777,8687.4355,8687.4355,0.0
16476,4,Frequent Low-Spend Customers,626.6146,0.0,0.0777,8687.4355,8687.4355,0.0
16424,4,Frequent Low-Spend Customers,626.6146,0.0,0.0777,8687.4355,8687.4355,0.0
13889,4,Frequent Low-Spend Customers,626.6146,0.0,0.0777,8687.4355,8687.4355,0.0
17893,4,Frequent Low-Spend Customers,626.6146,0.0,0.0777,8687.4355,8687.4355,0.0
17789,4,Frequent Low-Spend Customers,626.6146,0.0,0.0777,8687.4355,8687.4355,0.0
17848,4,Frequent Low-Spend Customers,626.6146,0.0,0.0777,8687.4355,8687.4355,0.0
17986,4,Frequent Low-Spend Customers,626.6146,0.0,0.0777,8687.4355,8687.4355,0.0
17990,4,Frequent Low-Spend Customers,626.6146,0.0,0.0777,8687.4355,8687.4355,0.0
18005,4,Frequent Low-Spend Customers,626.6146,0.0,0.0777,8687.4355,8687.4355,0.0
17983,4,Frequent Low-Spend Customers,626.6146,0.0,0.0777,8687.4355,8687.4355,0.0
24597,4,Frequent Low-Spend Customers,626.6146,0.0,0.0777,8687.4355,8687.4355,0.0
24485,4,Frequent Low-Spend Customers,626.6146,0.0,0.0777,8687.4355,8687.4355,0.0
17947,4,Frequent Low-Spend Customers,626.6146,0.0,0.0777,8687.4355,8687.4355,0.0
17220,4,Frequent Low-Spend Customers,626.6146,0.0,0.0777,8687.4355,8687.4355,0.0
17945,4,Frequent Low-Spend Customers,626.6146,0.0,0.0777,8687.4355,8687.4355,0.0
17946,4,Frequent Low-Spend Customers,626.6146,0.0,0.0777,8687.4355,8687.4355,0.0
17974,4,Frequent Low-Spend Customers,626.6146,0.0,0.0777,8687.4355,8687.4355,0.0
17978,4,Frequent Low-Spend Customers,626.6146,0.0,0.0777,8687.4355,8687.4355,0.0
17962,4,Frequent Low-Spend Customers,626.6146,0.0,0.0777,8687.4355,8687.4355,0.0
17963,4,Frequent Low-Spend Customers,626.6146,0.0,0.0777,8687.4355,8687.4355,0.0
17959,4,Frequent Low-Spend Customers,626.6146,0.0,0.0777,8687.4355,8687.4355,0.0
17960,4,Frequent Low-Spend Customers,626.6146,0.0,0.0777,8687.4355,8687.4355,0.0
17942,4,Frequent Low-Spend Customers,626.6146,0.0,0.0777,8687.4355,8687.4355,0.0
17941,4,Frequent Low-Spend Customers,626.6146,0.0,0.0777,8687.4355,8687.4355,0.0
17940,4,Frequent Low-Spend Customers,626.6146,0.0,0.0777,8687.4355,8687.4355,0.0
17958,4,Frequent Low-Spend Customers,626.6146,0.0,0.0777,8687.4355,8687.4355,0.0
17934,4,Frequent Low-Spend Customers,626.6146,0.0,0.0777,8687.4355,8687.4355,0.0
17929,4,Frequent Low-Spend Customers,626.6146,0.0,0.0777,8687.4355,8687.4355,0.0
17892,4,Frequent Low-Spend Customers,626.6146,0.0,0.0777,8687.4355,8687.4355,0.0
17928,4,Frequent Low-Spend Customers,626.6146,0.0,0.0777,8687.4355,8687.4355,0.0
17965,4,Frequent Low-Spend Customers,626.6146,0.0,0.0777,8687.4355,8687.4355,0.0
17964,4,Frequent Low-Spend Customers,626.6146,0.0,0.0777,8687.4355,8687.4355,0.0
17976,4,Frequent Low-Spend Customers,626.6146,0.0,0.0777,8687.4355,8687.4355,0.0
17977,4,Frequent Low-Spend Customers,626.6146,0.0,0.0777,8687.4355,8687.4355,0.0
13911,4,Frequent Low-Spend Customers,626.6146,0.0,0.0777,8687.4355,8687.4355,0.0
13897,4,Frequent Low-Spend Customers,626.6146,0.0,0.0777,8687.4355,8687.4355,0.0
13895,4,Frequent Low-Spend Customers,626.6146,0.0,0.0777,8687.4355,8687.4355,0.0
13890,4,Frequent Low-Spend Customers,626.6146,0.0,0.0777,8687.4355,8687.4355,0.0
17784,4,Frequent Low-Spend Customers,626.6146,0.0,0.0777,8687.4355,8687.4355,0.0
17796,4,Frequent Low-Spend Customers,626.6146,0.0,0.0777,8687.4355,8687.4355,0.0
17769,4,Frequent Low-Spend Customers,626.6146,0.0,0.0777,8687.4355,8687.4355,0.0
17811,4,Frequent Low-Spend Customers,626.6146,0.0,0.0777,8687.4355,8687.4355,0.0
13910,4,Frequent Low-Spend Customers,626.6146,0.0,0.0777,8687.4355,8687.4355,0.0
17768,4,Frequent Low-Spend Customers,626.6146,0.0,0.0777,8687.4355,8687.4355,0.0
17764,4,Frequent Low-Spend Customers,626.6146,0.0,0.0777,8687.4355,8687.4355,0.0
17765,4,Frequent Low-Spend Customers,626.6146,0.0,0.0777,8687.4355,8687.4355,0.0
13907,4,Frequent Low-Spend Customers,626.6146,0.0,0.0777,8687.4355,8687.4355,0.0
17722,4,Frequent Low-Spend Customers,626.6146,0.0,0.0777,8687.4355,8687.4355,0.0
13906,4,Frequent Low-Spend Customers,626.6146,0.0,0.0777,8687.4355,8687.4355,0.0
17799,4,Frequent Low-Spend Customers,626.6146,0.0,0.0777,8687.4355,8687.4355,0.0
18019,4,Frequent Low-Spend Customers,626.6146,0.0,0.0777,8687.4355,8687.2541,0.1814
17989,4,Frequent Low-Spend Customers,626.6146,0.0,0.0777,8687.4355,8687.2541,0.1814
24601,4,Frequent Low-Spend Customers,626.6146,0.0,0.0777,8687.4355,8687.2541,0.1814
17762,4,Frequent Low-Spend Customers,626.6146,0.0,0.0777,8687.4355,8687.2238,0.2117
17761,4,Frequent Low-Spend Customers,626.6146,0.0,0.0777,8687.4355,8687.2238,0.2117
24009,4,Frequent Low-Spend Customers,626.6146,0.0,0.0777,8687.4355,8686.9961,0.4394
16262,4,Frequent Low-Spend Customers,626.6146,0.0,0.0777,8687.4355,8686.9961,0.4394
13903,4,Frequent Low-Spend Customers,626.6146,0.0,0.0777,8687.4355,8686.9613,0.4742
13904,4,Frequent Low-Spend Customers,626.6146,0.0,0.0777,8687.4355,8686.9613,0.4742
13905,4,Frequent Low-Spend Customers,626.6146,0.0,0.0777,8687.4355,8686.9613,0.4742
13939,4,Frequent Low-Spend Customers,626.6146,0.0,0.0777,8687.4355,8686.9613,0.4742
13948,4,Frequent Low-Spend Customers,626.6146,0.0,0.0777,8687.4355,8686.9613,0.4742
13938,4,Frequent Low-Spend Customers,626.6146,0.0,0.0777,8687.4355,8686.9613,0.4742
13927,4,Frequent Low-Spend Customers,626.6146,0.0,0.0777,8687.4355,8686.9613,0.4742
13915,4,Frequent Low-Spend Customers,626.6146,0.0,0.0777,8687.4355,8686.9613,0.4742
13912,4,Frequent Low-Spend Customers,626.6146,0.0,0.0777,8687.4355,8686.9613,0.4742
18028,4,Frequent Low-Spend Customers,626.6146,0.0,0.0777,8687.4355,8686.0273,1.4082
18126,4,Frequent Low-Spend Customers,626.6146,0.0,0.0777,8687.4355,8686.0273,1.4082
18147,4,Frequent Low-Spend Customers,626.6146,0.0,0.0777,8687.4355,8686.0273,1.4082
18160,4,Frequent Low-Spend Customers,626.6146,0.0,0.0777,8687.4355,8686.0273,1.4082
18127,4,Frequent Low-Spend Customers,626.6146,0.0,0.0777,8687.4355,8686.0273,1.4082
18136,4,Frequent Low-Spend Customers,626.6146,0.0,0.0777,8687.4355,8686.0273,1.4082
18135,4,Frequent Low-Spend Customers,626.6146,0.0,0.0777,8687.4355,8686.0273,1.4082
18168,4,Frequent Low-Spend Customers,626.6146,0.0,0.0777,8687.4355,8686.0273,1.4082
19032,4,Frequent Low-Spend Customers,626.6146,0.0,0.0777,8687.4355,8686.0273,1.4082
18177,4,Frequent Low-Spend Customers,626.6146,0.0,0.0777,8687.4355,8686.0273,1.4082
18625,4,Frequent Low-Spend Customers,626.6146,0.0,0.0777,8687.4355,8686.0273,1.4082
18620,4,Frequent Low-Spend Customers,626.6146,0.0,0.0777,8687.4355,8686.0273,1.4082
18633,4,Frequent Low-Spend Customers,626.6146,0.0,0.0777,8687.4355,8686.0273,1.4082
18141,4,Frequent Low-Spend Customers,626.6146,0.0,0.0777,8687.4355,8686.0273,1.4082
17943,4,Frequent Low-Spend Customers,626.6146,0.0,0.0777,8687.4355,8686.023,1.4126
24505,4,Frequent Low-Spend Customers,626.6146,0.0,0.0777,8687.4355,8685.5521,1.8834
24585,4,Frequent Low-Spend Customers,626.6146,0.0,0.0777,8687.4355,8685.5521,1.8834
24482,4,Frequent Low-Spend Customers,626.6146,0.0,0.0777,8687.4355,8685.5521,1.8834
13892,4,Frequent Low-Spend Customers,626.6146,0.0,0.0777,8687.4355,8684.647,2.7886
24003,4,Frequent Low-Spend Customers,626.6146,0.0,0.0777,8687.4355,8684.647,2.7886
17181,4,Frequent Low-Spend Customers,626.6146,0.0,0.0777,8687.4355,8684.2655,3.1701
23544,4,Frequent Low-Spend Customers,626.6146,0.0,0.0777,8687.4355,8684.2655,3.1701
17841,4,Frequent Low-Spend Customers,626.6146,0.0,0.0777,8687.4355,8682.8529,4.5826
13976,4,Frequent Low-Spend Customers,626.6146,0.0,0.0777,8687.4355,8678.92,8.5155
13947,4,Frequent Low-Spend Customers,626.6146,0.0,0.0777,8687.4355,8678.1576,9.278
16799,4,Frequent Low-Spend Customers,618.48,0.0,0.0777,8574.6568,8669.9781,-95.3213
24477,4,Frequent Low-Spend Customers,626.6146,0.0,0.0777,8687.4355,8669.5141,17.9214
24602,4,Frequent Low-Spend Customers,626.6146,0.0,0.0777,8687.4355,8649.9141,37.5214
19058,4,Frequent Low-Spend Customers,626.6146,0.0,0.0777,8687.4355,8647.0168,40.4187
20837,1,High Value but Cooling,954.8085,0.0,0.1241,8646.3305,8556.6548,89.6757
29830,1,High Value but Cooling,1288.3824,0.0,0.1241,11667.0307,8505.5501,3161.4806
29620,3,Inactive Low-Value Customers,3400.7759,0.2381,0.1079,10889.4961,8494.7142,2394.782
29770,3,Inactive Low-Value Customers,2450.7495,0.2381,0.1079,7847.4523,8434.5681,-587.1158
20834,1,High Value but Cooling,945.3225,0.0,0.1241,8560.4294,8404.4882,155.9412
21040,1,High Value but Cooling,945.3225,0.0,0.1241,8560.4294,8396.7827,163.6468
20832,1,High Value but Cooling,926.2611,0.0,0.1241,8387.8177,8367.6353,20.1823
29822,3,Inactive Low-Value Customers,2112.529,0.2381,0.1079,6764.4495,8251.0375,-1486.588
21039,1,High Value but Cooling,914.7634,0.0,0.1241,8283.6995,8230.3111,53.3884
20824,1,High Value but Cooling,932.9048,0.0,0.1241,8447.9801,8216.9511,231.0291
17700,1,High Value but Cooling,896.9521,0.0,0.1241,8122.4081,8144.2472,-21.8391
20982,1,High Value but Cooling,929.2488,0.0,0.1241,8414.873,8133.3423,281.5307
17098,1,High Value but Cooling,897.1462,0.0,0.1241,8124.1658,8109.1019,15.0639
29558,3,Inactive Low-Value Customers,2342.8419,0.2381,0.1079,7501.9256,7945.3669,-443.4413
29566,3,Inactive Low-Value Customers,1703.2888,0.2381,0.1079,5454.0368,7030.3412,-1576.3044
30024,4,Frequent Low-Spend Customers,445.1697,0.0,0.0777,6171.8684,6999.8907,-828.0222
29593,1,High Value but Cooling,896.4518,0.0,0.1241,8117.8776,6887.5307,1230.3469
29680,3,Inactive Low-Value Customers,3123.2108,0.2381,0.1079,10000.7154,6620.962,3379.7535
19320,1,High Value but Cooling,731.442,0.0,0.1241,6623.6206,6422.2458,201.3748
24606,1,High Value but Cooling,716.6716,0.0,0.1241,6489.8663,6420.84,69.0263
19335,1,High Value but Cooling,716.1113,0.0,0.1241,6484.7925,6342.0351,142.7574
29983,1,High Value but Cooling,1202.5896,0.0,0.1241,10890.1284,6178.486,4711.6424
30058,1,High Value but Cooling,705.1893,0.0,0.1241,6385.8876,6176.5196,209.368
19326,1,High Value but Cooling,703.6936,0.0,0.1241,6372.3432,6094.994,277.3492
29747,1,High Value but Cooling,759.5805,0.0,0.1241,6878.4307,6043.8853,834.5454
25086,8,Recent Low-Value Customers,518.205,0.0,0.1138,5071.8427,5953.5457,-881.703
21534,1,High Value but Cooling,689.7961,0.0,0.1241,6246.4935,5937.468,309.0255
17949,1,High Value but Cooling,648.567,0.0,0.1241,5873.1407,5922.0458,-48.9051
20722,1,High Value but Cooling,657.4927,0.0,0.1241,5953.9679,5920.598,33.37
29691,1,High Value but Cooling,674.358,0.0,0.1241,6106.6928,5890.6368,216.056
19428,1,High Value but Cooling,633.3672,0.0,0.1241,5735.4979,5851.5675,-116.0696
19417,1,High Value but Cooling,641.7055,0.0,0.1241,5811.0059,5834.247,-23.241
29626,1,High Value but Cooling,648.9946,0.0,0.1241,5877.0128,5808.2175,68.7953
29544,3,Inactive Low-Value Customers,1744.2984,0.2381,0.1079,5585.3521,5684.187,-98.8349
19422,1,High Value but Cooling,619.8018,0.0,0.1241,5612.6555,5670.2687,-57.6131
29816,1,High Value but Cooling,657.8173,0.0,0.1241,5956.9073,5630.0745,326.8328
30023,1,High Value but Cooling,571.1409,0.0,0.1241,5172.0037,5499.1212,-327.1175
20716,1,High Value but Cooling,599.0923,0.0,0.1241,5425.1193,5315.9118,109.2076
30114,1,High Value but Cooling,627.82,0.0,0.1241,5685.2649,5303.2005,382.0644
15552,1,High Value but Cooling,602.1839,0.0,0.1241,5453.1155,5278.7407,174.3748
19475,1,High Value but Cooling,586.7343,0.0,0.1241,5313.2106,5225.2677,87.9429
29977,4,Frequent Low-Spend Customers,342.3507,0.0,0.0777,4746.3778,5198.3074,-451.9296
29568,1,High Value but Cooling,519.7611,0.0,0.1241,4706.7305,5129.4078,-422.6774
15555,1,High Value but Cooling,564.5006,0.0,0.1241,5111.8719,5099.4105,12.4615
15553,1,High Value but Cooling,572.9748,0.0,0.1241,5188.6106,5091.779,96.8316
30017,1,High Value but Cooling,604.6716,0.0,0.1241,5475.643,5004.8453,470.7978
15554,1,High Value but Cooling,559.3092,0.0,0.1241,5064.8609,4995.6937,69.1672
15548,1,High Value but Cooling,551.0711,0.0,0.1241,4990.2602,4949.0353,41.2249
15557,1,High Value but Cooling,551.0711,0.0,0.1241,4990.2602,4921.7047,68.5555
15551,1,High Value but Cooling,570.1327,0.0,0.1241,5162.8738,4920.745,242.1288
29711,1,High Value but Cooling,509.4784,0.0,0.1241,4613.6148,4896.7171,-283.1023
25092,8,Recent Low-Value Customers,483.0383,0.0,0.1138,4727.6547,4852.867,-125.2124
26658,1,High Value but Cooling,513.7929,0.0,0.1241,4652.685,4829.6641,-176.9791
27873,8,Recent Low-Value Customers,481.6029,0.0,0.1138,4713.6059,4812.5322,-98.9263
25088,8,Recent Low-Value Customers,481.6029,0.0,0.1138,4713.6059,4804.9107,-91.3047
25087,8,Recent Low-Value Customers,481.6029,0.0,0.1138,4713.6059,4803.0226,-89.4166
26862,8,Recent Low-Value Customers,481.6029,0.0,0.1138,4713.6059,4787.1214,-73.5155
19225,8,Recent Low-Value Customers,469.0649,0.0,0.1138,4590.8924,4737.4336,-146.5412
26657,1,High Value but Cooling,514.5275,0.0,0.1241,4659.3373,4736.8237,-77.4864
26826,8,Recent Low-Value Customers,474.0783,0.0,0.1138,4639.9602,4734.7599,-94.7997
29797,3,Inactive Low-Value Customers,1285.6408,0.2381,0.1079,4116.7019,4729.9707,-613.2688
30003,1,High Value but Cooling,500.9891,0.0,0.1241,4536.7394,4720.5684,-183.829
30018,1,High Value but Cooling,589.8833,0.0,0.1241,5341.7268,4687.317,654.4098
26864,8,Recent Low-Value Customers,472.1169,0.0,0.1138,4620.7633,4674.1584,-53.3951
30028,1,High Value but Cooling,478.0432,0.0,0.1241,4328.9513,4656.4855,-327.5342
26654,1,High Value but Cooling,507.51,0.0,0.1241,4595.7898,4655.815,-60.0252
26666,1,High Value but Cooling,501.3752,0.0,0.1241,4540.2358,4651.163,-110.9272
25085,8,Recent Low-Value Customers,468.4506,0.0,0.1138,4584.88,4642.0549,-57.1748
23688,8,Recent Low-Value Customers,459.6992,0.0,0.1138,4499.2272,4636.2294,-137.0022
26831,8,Recent Low-Value Customers,471.1969,0.0,0.1138,4611.759,4636.0648,-24.3058
26656,1,High Value but Cooling,503.4429,0.0,0.1241,4558.96,4634.0991,-75.1392
26825,8,Recent Low-Value Customers,468.4506,0.0,0.1138,4584.88,4630.7778,-45.8977
29401,8,Recent Low-Value Customers,461.7669,0.0,0.1138,4519.4645,4628.7962,-109.3317
15276,1,High Value but Cooling,507.51,0.0,0.1241,4595.7898,4594.2207,1.5691
29780,3,Inactive Low-Value Customers,1293.7504,0.2381,0.1079,4142.6693,4575.648,-432.9787
29985,3,Inactive Low-Value Customers,681.1382,0.2381,0.1079,2181.0469,4481.9249,-2300.878
29518,3,Inactive Low-Value Customers,861.1589,0.2381,0.1079,2757.4844,4441.7454,-1684.261
29542,4,Frequent Low-Spend Customers,249.8444,0.0,0.0777,3463.863,4342.7929,-878.9299
26655,1,High Value but Cooling,492.6238,0.0,0.1241,4460.9869,4320.5848,140.4021
29869,3,Inactive Low-Value Customers,894.8272,0.2381,0.1079,2865.2924,4273.6002,-1408.3078
18544,8,Recent Low-Value Customers,429.3139,0.0,0.1138,4201.8363,4246.2764,-44.4401
19170,8,Recent Low-Value Customers,426.9851,0.0,0.1138,4179.0436,4230.9369,-51.8934
22630,8,Recent Low-Value Customers,431.3816,0.0,0.1138,4222.0736,4221.7332,0.3404
22614,8,Recent Low-Value Customers,429.3139,0.0,0.1138,4201.8363,4209.5402,-7.7039
19240,8,Recent Low-Value Customers,429.3139,0.0,0.1138,4201.8363,4208.8729,-7.0366
19213,8,Recent Low-Value Customers,429.3139,0.0,0.1138,4201.8363,4206.4363,-4.6
19198,8,Recent Low-Value Customers,429.3139,0.0,0.1138,4201.8363,4202.249,-0.4127
22631,8,Recent Low-Value Customers,425.5516,0.0,0.1138,4165.0134,4188.54,-23.5266
22687,8,Recent Low-Value Customers,429.3139,0.0,0.1138,4201.8363,4156.9508,44.8855
19413,8,Recent Low-Value Customers,423.0539,0.0,0.1138,4140.5676,4143.3754,-2.8077
26995,8,Recent Low-Value Customers,423.0539,0.0,0.1138,4140.5676,4132.5439,8.0237
22613,8,Recent Low-Value Customers,421.8956,0.0,0.1138,4129.231,4132.4675,-3.2366
22667,8,Recent Low-Value Customers,418.9079,0.0,0.1138,4099.9894,4132.3221,-32.3327
19160,8,Recent Low-Value Customers,421.8956,0.0,0.1138,4129.231,4131.6351,-2.4042
19199,8,Recent Low-Value Customers,416.1616,0.0,0.1138,4073.1104,4118.4685,-45.3581
19171,8,Recent Low-Value Customers,419.8279,0.0,0.1138,4108.9937,4115.0457,-6.052
27799,8,Recent Low-Value Customers,419.8279,0.0,0.1138,4108.9937,4114.3352,-5.3415
19212,8,Recent Low-Value Customers,419.8279,0.0,0.1138,4108.9937,4114.1145,-5.1208
22668,8,Recent Low-Value Customers,419.8279,0.0,0.1138,4108.9937,4113.2547,-4.261
19202,8,Recent Low-Value Customers,418.9079,0.0,0.1138,4099.9894,4100.0305,-0.0411
19169,8,Recent Low-Value Customers,418.9079,0.0,0.1138,4099.9894,4099.1144,0.8749
26994,8,Recent Low-Value Customers,416.1616,0.0,0.1138,4073.1104,4095.1183,-22.0079
19393,8,Recent Low-Value Customers,416.1616,0.0,0.1138,4073.1104,4091.2155,-18.1051
29771,1,High Value but Cooling,443.9226,0.0,0.1241,4019.97,4035.3128,-15.3428
29980,1,High Value but Cooling,455.242,0.0,0.1241,4122.4736,4021.8268,100.6467
29590,1,High Value but Cooling,421.6163,0.0,0.1241,3817.9738,3989.7461,-171.7723
19159,8,Recent Low-Value Customers,407.4102,0.0,0.1138,3987.4576,3982.8558,4.6018
21300,8,Recent Low-Value Customers,407.4102,0.0,0.1138,3987.4576,3982.8558,4.6018
19167,8,Recent Low-Value Customers,407.4102,0.0,0.1138,3987.4576,3981.6073,5.8503
22669,8,Recent Low-Value Customers,407.4102,0.0,0.1138,3987.4576,3957.976,29.4816
19211,8,Recent Low-Value Customers,407.4102,0.0,0.1138,3987.4576,3953.6604,33.7972
15017,1,High Value but Cooling,429.9011,0.0,0.1241,3892.9974,3952.9065,-59.9091
29654,3,Inactive Low-Value Customers,1140.0935,0.2381,0.1079,3650.6503,3938.732,-288.0817
19201,8,Recent Low-Value Customers,407.4102,0.0,0.1138,3987.4576,3932.0073,55.4503
29879,3,Inactive Low-Value Customers,707.2334,0.2381,0.1079,2264.6052,3871.1903,-1606.585
29835,1,High Value but Cooling,375.5449,0.0,0.1241,3400.7713,3851.0009,-450.2296
29619,1,High Value but Cooling,376.5147,0.0,0.1241,3409.5531,3663.9125,-254.3593
29826,1,High Value but Cooling,402.1788,0.0,0.1241,3641.9563,3625.3205,16.6358
29540,3,Inactive Low-Value Customers,828.9521,0.2381,0.1079,2654.3562,3609.0074,-954.6512
29494,1,High Value but Cooling,421.5793,0.0,0.1241,3817.6388,3546.9176,270.7212
14078,8,Recent Low-Value Customers,393.5253,0.0,0.1138,3851.5615,3505.5365,346.025
27766,8,Recent Low-Value Customers,314.3066,0.0,0.1138,3076.222,3268.7509,-192.5288
15518,2,Inactive Minimal Buyers,296.2834,0.0,0.1029,3174.2851,3187.4366,-13.1515
19930,2,Inactive Minimal Buyers,296.2834,0.0,0.1029,3174.2851,3183.634,-9.349
15502,2,Inactive Minimal Buyers,296.2834,0.0,0.1029,3174.2851,3180.1873,-5.9022
15480,2,Inactive Minimal Buyers,296.2834,0.0,0.1029,3174.2851,3180.1873,-5.9022
20576,2,Inactive Minimal Buyers,296.2834,0.0,0.1029,3174.2851,3176.0819,-1.7968
26019,2,Inactive Minimal Buyers,296.2834,0.0,0.1029,3174.2851,3176.0819,-1.7968
25961,2,Inactive Minimal Buyers,296.2834,0.0,0.1029,3174.2851,3176.0819,-1.7968
15199,2,Inactive Minimal Buyers,296.2834,0.0,0.1029,3174.2851,3176.0819,-1.7968
20880,2,Inactive Minimal Buyers,296.2834,0.0,0.1029,3174.2851,3175.8934,-1.6084
20841,2,Inactive Minimal Buyers,296.2834,0.0,0.1029,3174.2851,3175.8934,-1.6084
15481,2,Inactive Minimal Buyers,296.2834,0.0,0.1029,3174.2851,3175.8934,-1.6084
15482,2,Inactive Minimal Buyers,296.2834,0.0,0.1029,3174.2851,3174.2851,0.0
27253,2,Inactive Minimal Buyers,296.2834,0.0,0.1029,3174.2851,3174.2851,0.0
20717,2,Inactive Minimal Buyers,296.2834,0.0,0.1029,3174.2851,3174.2851,0.0
20718,2,Inactive Minimal Buyers,296.2834,0.0,0.1029,3174.2851,3174.2851,0.0
15422,2,Inactive Minimal Buyers,296.2834,0.0,0.1029,3174.2851,3174.2851,0.0
19052,2,Inactive Minimal Buyers,296.2834,0.0,0.1029,3174.2851,3174.2851,0.0
20825,2,Inactive Minimal Buyers,296.2834,0.0,0.1029,3174.2851,3174.2851,0.0
27027,2,Inactive Minimal Buyers,296.2834,0.0,0.1029,3174.2851,3174.2851,0.0
27043,2,Inactive Minimal Buyers,296.2834,0.0,0.1029,3174.2851,3174.2851,0.0
27053,2,Inactive Minimal Buyers,296.2834,0.0,0.1029,3174.2851,3174.2851,0.0
27060,2,Inactive Minimal Buyers,296.2834,0.0,0.1029,3174.2851,3174.2851,0.0
19174,2,Inactive Minimal Buyers,296.2834,0.0,0.1029,3174.2851,3174.2851,0.0
19181,2,Inactive Minimal Buyers,296.2834,0.0,0.1029,3174.2851,3174.2851,0.0
25958,2,Inactive Minimal Buyers,296.2834,0.0,0.1029,3174.2851,3174.2851,0.0
25960,2,Inactive Minimal Buyers,296.2834,0.0,0.1029,3174.2851,3174.2851,0.0
19194,2,Inactive Minimal Buyers,296.2834,0.0,0.1029,3174.2851,3174.2851,0.0
20848,2,Inactive Minimal Buyers,296.2834,0.0,0.1029,3174.2851,3174.2851,0.0
15339,2,Inactive Minimal Buyers,296.2834,0.0,0.1029,3174.2851,3174.2851,0.0
15351,2,Inactive Minimal Buyers,296.2834,0.0,0.1029,3174.2851,3174.2851,0.0
15322,2,Inactive Minimal Buyers,296.2834,0.0,0.1029,3174.2851,3174.2851,0.0
15325,2,Inactive Minimal Buyers,296.2834,0.0,0.1029,3174.2851,3174.2851,0.0
15328,2,Inactive Minimal Buyers,296.2834,0.0,0.1029,3174.2851,3174.2851,0.0
26585,2,Inactive Minimal Buyers,296.2834,0.0,0.1029,3174.2851,3174.2851,0.0
20850,2,Inactive Minimal Buyers,296.2834,0.0,0.1029,3174.2851,3174.2851,0.0
20851,2,Inactive Minimal Buyers,296.2834,0.0,0.1029,3174.2851,3174.2851,0.0
20852,2,Inactive Minimal Buyers,296.2834,0.0,0.1029,3174.2851,3174.2851,0.0
20856,2,Inactive Minimal Buyers,296.2834,0.0,0.1029,3174.2851,3174.2851,0.0
20859,2,Inactive Minimal Buyers,296.2834,0.0,0.1029,3174.2851,3174.2851,0.0
26587,2,Inactive Minimal Buyers,296.2834,0.0,0.1029,3174.2851,3174.2851,0.0
26588,2,Inactive Minimal Buyers,296.2834,0.0,0.1029,3174.2851,3174.2851,0.0
20556,2,Inactive Minimal Buyers,296.2834,0.0,0.1029,3174.2851,3174.2851,0.0
20560,2,Inactive Minimal Buyers,296.2834,0.0,0.1029,3174.2851,3174.2851,0.0
20584,2,Inactive Minimal Buyers,296.2834,0.0,0.1029,3174.2851,3174.2851,0.0
20590,2,Inactive Minimal Buyers,296.2834,0.0,0.1029,3174.2851,3174.2851,0.0
20592,2,Inactive Minimal Buyers,296.2834,0.0,0.1029,3174.2851,3174.2851,0.0
20598,2,Inactive Minimal Buyers,296.2834,0.0,0.1029,3174.2851,3174.2851,0.0
20548,2,Inactive Minimal Buyers,296.2834,0.0,0.1029,3174.2851,3174.2851,0.0
20549,2,Inactive Minimal Buyers,296.2834,0.0,0.1029,3174.2851,3174.2851,0.0
20051,2,Inactive Minimal Buyers,296.2834,0.0,0.1029,3174.2851,3174.2851,0.0
20062,2,Inactive Minimal Buyers,296.2834,0.0,0.1029,3174.2851,3174.2851,0.0
20162,2,Inactive Minimal Buyers,296.2834,0.0,0.1029,3174.2851,3174.2851,0.0
20163,2,Inactive Minimal Buyers,296.2834,0.0,0.1029,3174.2851,3174.2851,0.0
19069,2,Inactive Minimal Buyers,296.2834,0.0,0.1029,3174.2851,3174.2851,0.0
19076,2,Inactive Minimal Buyers,296.2834,0.0,0.1029,3174.2851,3174.2851,0.0
19255,2,Inactive Minimal Buyers,296.2834,0.0,0.1029,3174.2851,3174.2851,0.0
19256,2,Inactive Minimal Buyers,296.2834,0.0,0.1029,3174.2851,3174.2851,0.0
26021,2,Inactive Minimal Buyers,296.2834,0.0,0.1029,3174.2851,3174.2851,0.0
26022,2,Inactive Minimal Buyers,296.2834,0.0,0.1029,3174.2851,3174.2851,0.0
26025,2,Inactive Minimal Buyers,296.2834,0.0,0.1029,3174.2851,3174.2851,0.0
26027,2,Inactive Minimal Buyers,296.2834,0.0,0.1029,3174.2851,3174.2851,0.0
26028,2,Inactive Minimal Buyers,296.2834,0.0,0.1029,3174.2851,3174.2851,0.0
15303,2,Inactive Minimal Buyers,296.2834,0.0,0.1029,3174.2851,3174.2851,0.0
15308,2,Inactive Minimal Buyers,296.2834,0.0,0.1029,3174.2851,3174.2851,0.0
15309,2,Inactive Minimal Buyers,296.2834,0.0,0.1029,3174.2851,3174.2851,0.0
15329,2,Inactive Minimal Buyers,296.2834,0.0,0.1029,3174.2851,3174.2851,0.0
15333,2,Inactive Minimal Buyers,296.2834,0.0,0.1029,3174.2851,3174.2851,0.0
15337,2,Inactive Minimal Buyers,296.2834,0.0,0.1029,3174.2851,3174.2851,0.0
15338,2,Inactive Minimal Buyers,296.2834,0.0,0.1029,3174.2851,3174.2851,0.0
19280,2,Inactive Minimal Buyers,296.2834,0.0,0.1029,3174.2851,3174.2851,0.0
19282,2,Inactive Minimal Buyers,296.2834,0.0,0.1029,3174.2851,3174.2851,0.0
19287,2,Inactive Minimal Buyers,296.2834,0.0,0.1029,3174.2851,3174.2851,0.0
19292,2,Inactive Minimal Buyers,296.2834,0.0,0.1029,3174.2851,3174.2851,0.0
19293,2,Inactive Minimal Buyers,296.2834,0.0,0.1029,3174.2851,3174.2851,0.0
19295,2,Inactive Minimal Buyers,296.2834,0.0,0.1029,3174.2851,3174.2851,0.0
26138,2,Inactive Minimal Buyers,296.2834,0.0,0.1029,3174.2851,3174.2851,0.0
26140,2,Inactive Minimal Buyers,296.2834,0.0,0.1029,3174.2851,3174.2851,0.0
26029,2,Inactive Minimal Buyers,296.2834,0.0,0.1029,3174.2851,3174.2851,0.0
26033,2,Inactive Minimal Buyers,296.2834,0.0,0.1029,3174.2851,3174.2851,0.0
19309,2,Inactive Minimal Buyers,296.2834,0.0,0.1029,3174.2851,3174.2851,0.0
19310,2,Inactive Minimal Buyers,296.2834,0.0,0.1029,3174.2851,3174.2851,0.0
19313,2,Inactive Minimal Buyers,296.2834,0.0,0.1029,3174.2851,3174.2851,0.0
19315,2,Inactive Minimal Buyers,296.2834,0.0,0.1029,3174.2851,3174.2851,0.0
19276,2,Inactive Minimal Buyers,296.2834,0.0,0.1029,3174.2851,3174.2851,0.0
26020,2,Inactive Minimal Buyers,296.2834,0.0,0.1029,3174.2851,3174.2851,0.0
26142,2,Inactive Minimal Buyers,296.2834,0.0,0.1029,3174.2851,3174.2851,0.0
26023,2,Inactive Minimal Buyers,296.2834,0.0,0.1029,3174.2851,3174.2851,0.0
26024,2,Inactive Minimal Buyers,296.2834,0.0,0.1029,3174.2851,3174.2851,0.0
19318,2,Inactive Minimal Buyers,296.2834,0.0,0.1029,3174.2851,3174.2851,0.0
19296,2,Inactive Minimal Buyers,296.2834,0.0,0.1029,3174.2851,3174.2851,0.0
19297,2,Inactive Minimal Buyers,296.2834,0.0,0.1029,3174.2851,3174.2851,0.0
26134,2,Inactive Minimal Buyers,296.2834,0.0,0.1029,3174.2851,3174.2851,0.0
26135,2,Inactive Minimal Buyers,296.2834,0.0,0.1029,3174.2851,3174.2851,0.0
20166,2,Inactive Minimal Buyers,296.2834,0.0,0.1029,3174.2851,3174.2851,0.0
19944,2,Inactive Minimal Buyers,296.2834,0.0,0.1029,3174.2851,3174.2851,0.0
26547,2,Inactive Minimal Buyers,296.2834,0.0,0.1029,3174.2851,3174.2851,0.0
26548,2,Inactive Minimal Buyers,296.2834,0.0,0.1029,3174.2851,3174.2851,0.0
26549,2,Inactive Minimal Buyers,296.2834,0.0,0.1029,3174.2851,3174.2851,0.0
26560,2,Inactive Minimal Buyers,296.2834,0.0,0.1029,3174.2851,3174.2851,0.0
26561,2,Inactive Minimal Buyers,296.2834,0.0,0.1029,3174.2851,3174.2851,0.0
15311,2,Inactive Minimal Buyers,296.2834,0.0,0.1029,3174.2851,3174.2851,0.0
15312,2,Inactive Minimal Buyers,296.2834,0.0,0.1029,3174.2851,3174.2851,0.0
15314,2,Inactive Minimal Buyers,296.2834,0.0,0.1029,3174.2851,3174.2851,0.0
15320,2,Inactive Minimal Buyers,296.2834,0.0,0.1029,3174.2851,3174.2851,0.0
15321,2,Inactive Minimal Buyers,296.2834,0.0,0.1029,3174.2851,3174.2851,0.0
15410,2,Inactive Minimal Buyers,296.2834,0.0,0.1029,3174.2851,3174.2851,0.0
15411,2,Inactive Minimal Buyers,296.2834,0.0,0.1029,3174.2851,3174.2851,0.0
15419,2,Inactive Minimal Buyers,296.2834,0.0,0.1029,3174.2851,3174.2851,0.0
15341,2,Inactive Minimal Buyers,296.2834,0.0,0.1029,3174.2851,3174.2851,0.0
26189,2,Inactive Minimal Buyers,296.2834,0.0,0.1029,3174.2851,3174.2851,0.0
15252,2,Inactive Minimal Buyers,296.2834,0.0,0.1029,3174.2851,3174.2851,0.0
15155,2,Inactive Minimal Buyers,296.2834,0.0,0.1029,3174.2851,3174.2851,0.0
15166,2,Inactive Minimal Buyers,296.2834,0.0,0.1029,3174.2851,3174.2851,0.0
15167,2,Inactive Minimal Buyers,296.2834,0.0,0.1029,3174.2851,3174.2851,0.0
26204,2,Inactive Minimal Buyers,296.2834,0.0,0.1029,3174.2851,3174.2851,0.0
26148,2,Inactive Minimal Buyers,296.2834,0.0,0.1029,3174.2851,3174.2851,0.0
26150,2,Inactive Minimal Buyers,296.2834,0.0,0.1029,3174.2851,3174.2851,0.0
26152,2,Inactive Minimal Buyers,296.2834,0.0,0.1029,3174.2851,3174.2851,0.0
26153,2,Inactive Minimal Buyers,296.2834,0.0,0.1029,3174.2851,3174.2851,0.0
26154,2,Inactive Minimal Buyers,296.2834,0.0,0.1029,3174.2851,3174.2851,0.0
26160,2,Inactive Minimal Buyers,296.2834,0.0,0.1029,3174.2851,3174.2851,0.0
26161,2,Inactive Minimal Buyers,296.2834,0.0,0.1029,3174.2851,3174.2851,0.0
26187,2,Inactive Minimal Buyers,296.2834,0.0,0.1029,3174.2851,3174.2851,0.0
26188,2,Inactive Minimal Buyers,296.2834,0.0,0.1029,3174.2851,3174.2851,0.0
15188,2,Inactive Minimal Buyers,296.2834,0.0,0.1029,3174.2851,3174.2851,0.0
15189,2,Inactive Minimal Buyers,296.2834,0.0,0.1029,3174.2851,3174.2851,0.0
15191,2,Inactive Minimal Buyers,296.2834,0.0,0.1029,3174.2851,3174.2851,0.0
15193,2,Inactive Minimal Buyers,296.2834,0.0,0.1029,3174.2851,3174.2851,0.0
15194,2,Inactive Minimal Buyers,296.2834,0.0,0.1029,3174.2851,3174.2851,0.0
15195,2,Inactive Minimal Buyers,296.2834,0.0,0.1029,3174.2851,3174.2851,0.0
15196,2,Inactive Minimal Buyers,296.2834,0.0,0.1029,3174.2851,3174.2851,0.0
27102,2,Inactive Minimal Buyers,296.2834,0.0,0.1029,3174.2851,3174.2851,0.0
26131,2,Inactive Minimal Buyers,296.2834,0.0,0.1029,3174.2851,3174.2851,0.0
26133,2,Inactive Minimal Buyers,296.2834,0.0,0.1029,3174.2851,3174.2851,0.0
15200,2,Inactive Minimal Buyers,296.2834,0.0,0.1029,3174.2851,3174.2851,0.0
15203,2,Inactive Minimal Buyers,296.2834,0.0,0.1029,3174.2851,3174.2851,0.0
26190,2,Inactive Minimal Buyers,296.2834,0.0,0.1029,3174.2851,3174.2851,0.0
26191,2,Inactive Minimal Buyers,296.2834,0.0,0.1029,3174.2851,3174.2851,0.0
26192,2,Inactive Minimal Buyers,296.2834,0.0,0.1029,3174.2851,3174.2851,0.0
15473,2,Inactive Minimal Buyers,296.2834,0.0,0.1029,3174.2851,3174.2851,0.0
15474,2,Inactive Minimal Buyers,296.2834,0.0,0.1029,3174.2851,3174.2851,0.0
15346,2,Inactive Minimal Buyers,296.2834,0.0,0.1029,3174.2851,3174.2851,0.0
26162,2,Inactive Minimal Buyers,296.2834,0.0,0.1029,3174.2851,3174.2851,0.0
26165,2,Inactive Minimal Buyers,296.2834,0.0,0.1029,3174.2851,3174.2851,0.0
26167,2,Inactive Minimal Buyers,296.2834,0.0,0.1029,3174.2851,3174.2851,0.0
15287,2,Inactive Minimal Buyers,296.2834,0.0,0.1029,3174.2851,3174.2851,0.0
15288,2,Inactive Minimal Buyers,296.2834,0.0,0.1029,3174.2851,3174.2851,0.0
20892,2,Inactive Minimal Buyers,296.2834,0.0,0.1029,3174.2851,3174.2851,0.0
20710,2,Inactive Minimal Buyers,296.2834,0.0,0.1029,3174.2851,3174.2851,0.0
20711,2,Inactive Minimal Buyers,296.2834,0.0,0.1029,3174.2851,3174.2851,0.0
20712,2,Inactive Minimal Buyers,296.2834,0.0,0.1029,3174.2851,3174.2851,0.0
20713,2,Inactive Minimal Buyers,296.2834,0.0,0.1029,3174.2851,3174.2851,0.0
26652,2,Inactive Minimal Buyers,296.2834,0.0,0.1029,3174.2851,3174.2851,0.0
26653,2,Inactive Minimal Buyers,296.2834,0.0,0.1029,3174.2851,3174.2851,0.0
27259,2,Inactive Minimal Buyers,296.2834,0.0,0.1029,3174.2851,3174.2851,0.0
27265,2,Inactive Minimal Buyers,296.2834,0.0,0.1029,3174.2851,3174.2851,0.0
27242,2,Inactive Minimal Buyers,296.2834,0.0,0.1029,3174.2851,3174.2851,0.0
20555,2,Inactive Minimal Buyers,296.2834,0.0,0.1029,3174.2851,3174.2851,0.0
15289,2,Inactive Minimal Buyers,296.2834,0.0,0.1029,3174.2851,3174.2851,0.0
15290,2,Inactive Minimal Buyers,296.2834,0.0,0.1029,3174.2851,3174.2851,0.0
15302,2,Inactive Minimal Buyers,296.2834,0.0,0.1029,3174.2851,3174.2851,0.0
15429,2,Inactive Minimal Buyers,296.2834,0.0,0.1029,3174.2851,3174.2851,0.0
15432,2,Inactive Minimal Buyers,296.2834,0.0,0.1029,3174.2851,3174.2851,0.0
15433,2,Inactive Minimal Buyers,296.2834,0.0,0.1029,3174.2851,3174.2851,0.0
15371,2,Inactive Minimal Buyers,296.2834,0.0,0.1029,3174.2851,3174.2851,0.0
15372,2,Inactive Minimal Buyers,296.2834,0.0,0.1029,3174.2851,3174.2851,0.0
15374,2,Inactive Minimal Buyers,296.2834,0.0,0.1029,3174.2851,3174.2851,0.0
15379,2,Inactive Minimal Buyers,296.2834,0.0,0.1029,3174.2851,3174.2851,0.0
15380,2,Inactive Minimal Buyers,296.2834,0.0,0.1029,3174.2851,3174.2851,0.0
20808,2,Inactive Minimal Buyers,296.2834,0.0,0.1029,3174.2851,3174.2851,0.0
15342,2,Inactive Minimal Buyers,296.2834,0.0,0.1029,3174.2851,3174.2851,0.0
15343,2,Inactive Minimal Buyers,296.2834,0.0,0.1029,3174.2851,3174.2851,0.0
15345,2,Inactive Minimal Buyers,296.2834,0.0,0.1029,3174.2851,3174.2851,0.0
15364,2,Inactive Minimal Buyers,296.2834,0.0,0.1029,3174.2851,3174.2851,0.0
15365,2,Inactive Minimal Buyers,296.2834,0.0,0.1029,3174.2851,3174.2851,0.0
15367,2,Inactive Minimal Buyers,296.2834,0.0,0.1029,3174.2851,3174.2851,0.0
15369,2,Inactive Minimal Buyers,296.2834,0.0,0.1029,3174.2851,3174.2851,0.0
15492,2,Inactive Minimal Buyers,296.2834,0.0,0.1029,3174.2851,3174.2851,0.0
15493,2,Inactive Minimal Buyers,296.2834,0.0,0.1029,3174.2851,3174.2851,0.0
15497,2,Inactive Minimal Buyers,296.2834,0.0,0.1029,3174.2851,3174.2851,0.0
15499,2,Inactive Minimal Buyers,296.2834,0.0,0.1029,3174.2851,3174.2851,0.0
20171,2,Inactive Minimal Buyers,296.2834,0.0,0.1029,3174.2851,3174.2851,0.0
15491,2,Inactive Minimal Buyers,296.2834,0.0,0.1029,3174.2851,3174.2851,0.0
15398,2,Inactive Minimal Buyers,296.2834,0.0,0.1029,3174.2851,3174.2851,0.0
15399,2,Inactive Minimal Buyers,296.2834,0.0,0.1029,3174.2851,3174.2851,0.0
15404,2,Inactive Minimal Buyers,296.2834,0.0,0.1029,3174.2851,3174.2851,0.0
15256,2,Inactive Minimal Buyers,296.2834,0.0,0.1029,3174.2851,3174.2851,0.0
15280,2,Inactive Minimal Buyers,296.2834,0.0,0.1029,3174.2851,3174.2851,0.0
15284,2,Inactive Minimal Buyers,296.2834,0.0,0.1029,3174.2851,3174.2851,0.0
26437,2,Inactive Minimal Buyers,296.2834,0.0,0.1029,3174.2851,3174.2851,0.0
26438,2,Inactive Minimal Buyers,296.2834,0.0,0.1029,3174.2851,3174.2851,0.0
26439,2,Inactive Minimal Buyers,296.2834,0.0,0.1029,3174.2851,3174.2851,0.0
26440,2,Inactive Minimal Buyers,296.2834,0.0,0.1029,3174.2851,3174.2851,0.0
26442,2,Inactive Minimal Buyers,296.2834,0.0,0.1029,3174.2851,3174.2851,0.0
26443,2,Inactive Minimal Buyers,296.2834,0.0,0.1029,3174.2851,3174.2851,0.0
15347,2,Inactive Minimal Buyers,296.2834,0.0,0.1029,3174.2851,3174.2851,0.0
15348,2,Inactive Minimal Buyers,296.2834,0.0,0.1029,3174.2851,3174.2851,0.0
15349,2,Inactive Minimal Buyers,296.2834,0.0,0.1029,3174.2851,3174.2851,0.0
15350,2,Inactive Minimal Buyers,296.2834,0.0,0.1029,3174.2851,3174.2851,0.0
15428,2,Inactive Minimal Buyers,296.2834,0.0,0.1029,3174.2851,3174.2851,0.0
26444,2,Inactive Minimal Buyers,296.2834,0.0,0.1029,3174.2851,3174.2851,0.0
26445,2,Inactive Minimal Buyers,296.2834,0.0,0.1029,3174.2851,3174.2851,0.0
26447,2,Inactive Minimal Buyers,296.2834,0.0,0.1029,3174.2851,3174.2851,0.0
26375,2,Inactive Minimal Buyers,296.2834,0.0,0.1029,3174.2851,3174.2851,0.0
26422,2,Inactive Minimal Buyers,296.2834,0.0,0.1029,3174.2851,3174.2851,0.0
26423,2,Inactive Minimal Buyers,296.2834,0.0,0.1029,3174.2851,3174.2851,0.0
20866,2,Inactive Minimal Buyers,296.2834,0.0,0.1029,3174.2851,3174.2851,0.0
26567,2,Inactive Minimal Buyers,296.2834,0.0,0.1029,3174.2851,3174.2851,0.0
26566,2,Inactive Minimal Buyers,296.2834,0.0,0.1029,3174.2851,3174.2851,0.0
15254,2,Inactive Minimal Buyers,296.2834,0.0,0.1029,3174.2851,3174.2851,0.0
15255,2,Inactive Minimal Buyers,296.2834,0.0,0.1029,3174.2851,3174.2851,0.0
20862,2,Inactive Minimal Buyers,296.2834,0.0,0.1029,3174.2851,3174.2851,0.0
20863,2,Inactive Minimal Buyers,296.2834,0.0,0.1029,3174.2851,3174.2851,0.0
20864,2,Inactive Minimal Buyers,296.2834,0.0,0.1029,3174.2851,3174.2851,0.0
20869,2,Inactive Minimal Buyers,296.2834,0.0,0.1029,3174.2851,3174.2851,0.0
20872,2,Inactive Minimal Buyers,296.2834,0.0,0.1029,3174.2851,3174.2851,0.0
20875,2,Inactive Minimal Buyers,296.2834,0.0,0.1029,3174.2851,3174.2851,0.0
26568,2,Inactive Minimal Buyers,296.2834,0.0,0.1029,3174.2851,3174.2851,0.0
20885,2,Inactive Minimal Buyers,296.2834,0.0,0.1029,3174.2851,3174.2851,0.0
20839,2,Inactive Minimal Buyers,296.2834,0.0,0.1029,3174.2851,3174.2851,0.0
26429,2,Inactive Minimal Buyers,296.2834,0.0,0.1029,3174.2851,3174.2851,0.0
27071,2,Inactive Minimal Buyers,296.2834,0.0,0.1029,3174.2851,3174.2851,0.0
27075,2,Inactive Minimal Buyers,296.2834,0.0,0.1029,3174.2851,3174.2851,0.0
26433,2,Inactive Minimal Buyers,296.2834,0.0,0.1029,3174.2851,3174.2851,0.0
26435,2,Inactive Minimal Buyers,296.2834,0.0,0.1029,3174.2851,3174.2851,0.0
26436,2,Inactive Minimal Buyers,296.2834,0.0,0.1029,3174.2851,3174.2851,0.0
15417,2,Inactive Minimal Buyers,296.2834,0.0,0.1029,3174.2851,3174.2851,0.0
15427,2,Inactive Minimal Buyers,296.2834,0.0,0.1029,3174.2851,3174.2851,0.0
20879,2,Inactive Minimal Buyers,296.2834,0.0,0.1029,3174.2851,3174.2851,0.0
15503,2,Inactive Minimal Buyers,296.2834,0.0,0.1029,3174.2851,3174.2851,0.0
15388,2,Inactive Minimal Buyers,296.2834,0.0,0.1029,3174.2851,3174.2851,0.0
15389,2,Inactive Minimal Buyers,296.2834,0.0,0.1029,3174.2851,3174.2851,0.0
15489,2,Inactive Minimal Buyers,296.2834,0.0,0.1029,3174.2851,3174.2851,0.0
27084,2,Inactive Minimal Buyers,296.2834,0.0,0.1029,3174.2851,3174.2851,0.0
27085,2,Inactive Minimal Buyers,296.2834,0.0,0.1029,3174.2851,3174.2851,0.0
27099,2,Inactive Minimal Buyers,296.2834,0.0,0.1029,3174.2851,3174.2851,0.0
27101,2,Inactive Minimal Buyers,296.2834,0.0,0.1029,3174.2851,3174.2851,0.0
26562,2,Inactive Minimal Buyers,296.2834,0.0,0.1029,3174.2851,3174.2851,0.0
26563,2,Inactive Minimal Buyers,296.2834,0.0,0.1029,3174.2851,3174.2851,0.0
15409,2,Inactive Minimal Buyers,296.2834,0.0,0.1029,3174.2851,3174.2851,0.0
26569,2,Inactive Minimal Buyers,296.2834,0.0,0.1029,3174.2851,3174.2851,0.0
26570,2,Inactive Minimal Buyers,296.2834,0.0,0.1029,3174.2851,3174.2851,0.0
26571,2,Inactive Minimal Buyers,296.2834,0.0,0.1029,3174.2851,3174.2851,0.0
19910,2,Inactive Minimal Buyers,296.2834,0.0,0.1029,3174.2851,3174.2851,0.0
15475,2,Inactive Minimal Buyers,296.2834,0.0,0.1029,3174.2851,3174.2851,0.0
15517,2,Inactive Minimal Buyers,296.2834,0.0,0.1029,3174.2851,3174.2851,0.0
20831,2,Inactive Minimal Buyers,296.2834,0.0,0.1029,3174.2851,3174.2851,0.0
20719,2,Inactive Minimal Buyers,296.2834,0.0,0.1029,3174.2851,3174.2851,0.0
20720,2,Inactive Minimal Buyers,296.2834,0.0,0.1029,3174.2851,3174.2851,0.0
20726,2,Inactive Minimal Buyers,296.2834,0.0,0.1029,3174.2851,3174.2851,0.0
20807,2,Inactive Minimal Buyers,296.2834,0.0,0.1029,3174.2851,3174.2851,0.0
20811,2,Inactive Minimal Buyers,296.2834,0.0,0.1029,3174.2851,3174.2851,0.0
15520,2,Inactive Minimal Buyers,296.2834,0.0,0.1029,3174.2851,3174.2851,0.0
20886,2,Inactive Minimal Buyers,296.2834,0.0,0.1029,3174.2851,3174.2851,0.0
15394,2,Inactive Minimal Buyers,296.2834,0.0,0.1029,3174.2851,3174.2851,0.0
15396,2,Inactive Minimal Buyers,296.2834,0.0,0.1029,3174.2851,3174.2851,0.0
27082,2,Inactive Minimal Buyers,296.2834,0.0,0.1029,3174.2851,3174.2851,0.0
19924,2,Inactive Minimal Buyers,296.2834,0.0,0.1029,3174.2851,3174.2851,0.0
20838,2,Inactive Minimal Buyers,296.2834,0.0,0.1029,3174.2851,3174.2851,0.0
19931,2,Inactive Minimal Buyers,296.2834,0.0,0.1029,3174.2851,3174.2851,0.0
15483,2,Inactive Minimal Buyers,296.2834,0.0,0.1029,3174.2851,3174.2851,0.0
20829,2,Inactive Minimal Buyers,296.2834,0.0,0.1029,3174.2851,3174.2851,0.0
20830,2,Inactive Minimal Buyers,296.2834,0.0,0.1029,3174.2851,3174.2851,0.0
15466,2,Inactive Minimal Buyers,296.2834,0.0,0.1029,3174.2851,3174.2851,0.0
15467,2,Inactive Minimal Buyers,296.2834,0.0,0.1029,3174.2851,3174.2851,0.0
15471,2,Inactive Minimal Buyers,296.2834,0.0,0.1029,3174.2851,3174.2851,0.0
15472,2,Inactive Minimal Buyers,296.2834,0.0,0.1029,3174.2851,3174.2851,0.0
20828,2,Inactive Minimal Buyers,296.2834,0.0,0.1029,3174.2851,3174.2851,0.0
27062,2,Inactive Minimal Buyers,296.2834,0.0,0.1029,3174.2851,3174.2851,0.0
20833,2,Inactive Minimal Buyers,296.2834,0.0,0.1029,3174.2851,3174.2851,0.0
27252,2,Inactive Minimal Buyers,296.2834,0.0,0.1029,3174.2851,3174.2851,0.0
20577,2,Inactive Minimal Buyers,296.2834,0.0,0.1029,3174.2851,3173.4493,0.8358
20835,2,Inactive Minimal Buyers,296.2834,0.0,0.1029,3174.2851,3160.2172,14.0679
25722,8,Recent Low-Value Customers,302.8089,0.0,0.1138,2963.6903,3138.0128,-174.3225
25723,8,Recent Low-Value Customers,302.8089,0.0,0.1138,2963.6903,3134.7337,-171.0435
18047,2,Inactive Minimal Buyers,287.3577,0.0,0.1029,3078.658,3086.4994,-7.8414
18125,2,Inactive Minimal Buyers,287.3577,0.0,0.1029,3078.658,3080.1488,-1.4908
17187,2,Inactive Minimal Buyers,287.3577,0.0,0.1029,3078.658,3078.658,0.0
26503,2,Inactive Minimal Buyers,287.3577,0.0,0.1029,3078.658,3078.658,0.0
26496,2,Inactive Minimal Buyers,287.3577,0.0,0.1029,3078.658,3078.658,0.0
26482,2,Inactive Minimal Buyers,287.3577,0.0,0.1029,3078.658,3078.658,0.0
26316,2,Inactive Minimal Buyers,287.3577,0.0,0.1029,3078.658,3078.658,0.0
18139,2,Inactive Minimal Buyers,287.3577,0.0,0.1029,3078.658,3078.658,0.0
17651,2,Inactive Minimal Buyers,287.3577,0.0,0.1029,3078.658,3078.658,0.0
26512,2,Inactive Minimal Buyers,287.3577,0.0,0.1029,3078.658,3078.658,0.0
14026,2,Inactive Minimal Buyers,287.3577,0.0,0.1029,3078.658,3078.658,0.0
26321,2,Inactive Minimal Buyers,287.3577,0.0,0.1029,3078.658,3078.658,0.0
14121,2,Inactive Minimal Buyers,287.3577,0.0,0.1029,3078.658,3078.658,0.0
14006,2,Inactive Minimal Buyers,287.3577,0.0,0.1029,3078.658,3078.658,0.0
14017,2,Inactive Minimal Buyers,287.3577,0.0,0.1029,3078.658,3078.658,0.0
18167,2,Inactive Minimal Buyers,287.3577,0.0,0.1029,3078.658,3078.658,0.0
17206,2,Inactive Minimal Buyers,287.3577,0.0,0.1029,3078.658,3078.658,0.0
17080,2,Inactive Minimal Buyers,287.3577,0.0,0.1029,3078.658,3078.658,0.0
14005,2,Inactive Minimal Buyers,287.3577,0.0,0.1029,3078.658,3078.658,0.0
17195,2,Inactive Minimal Buyers,287.3577,0.0,0.1029,3078.658,3078.658,0.0
17188,2,Inactive Minimal Buyers,287.3577,0.0,0.1029,3078.658,3078.658,0.0
17109,2,Inactive Minimal Buyers,287.3577,0.0,0.1029,3078.658,3078.658,0.0
17099,2,Inactive Minimal Buyers,287.3577,0.0,0.1029,3078.658,3078.658,0.0
24917,2,Inactive Minimal Buyers,287.3577,0.0,0.1029,3078.658,3078.658,0.0
13999,2,Inactive Minimal Buyers,287.3577,0.0,0.1029,3078.658,3078.658,0.0
19305,2,Inactive Minimal Buyers,287.3577,0.0,0.1029,3078.658,3078.658,0.0
17196,2,Inactive Minimal Buyers,287.3577,0.0,0.1029,3078.658,3078.658,0.0
19302,2,Inactive Minimal Buyers,287.3577,0.0,0.1029,3078.658,3078.658,0.0
19301,2,Inactive Minimal Buyers,287.3577,0.0,0.1029,3078.658,3078.658,0.0
19322,2,Inactive Minimal Buyers,287.3577,0.0,0.1029,3078.658,3078.658,0.0
19299,2,Inactive Minimal Buyers,287.3577,0.0,0.1029,3078.658,3078.658,0.0
19278,2,Inactive Minimal Buyers,287.3577,0.0,0.1029,3078.658,3078.658,0.0
19312,2,Inactive Minimal Buyers,287.3577,0.0,0.1029,3078.658,3078.658,0.0
19308,2,Inactive Minimal Buyers,287.3577,0.0,0.1029,3078.658,3078.658,0.0
18140,2,Inactive Minimal Buyers,287.3577,0.0,0.1029,3078.658,3078.658,0.0
19290,2,Inactive Minimal Buyers,287.3577,0.0,0.1029,3078.658,3078.658,0.0
19173,2,Inactive Minimal Buyers,287.3577,0.0,0.1029,3078.658,3078.658,0.0
19260,2,Inactive Minimal Buyers,287.3577,0.0,0.1029,3078.658,3078.658,0.0
19263,2,Inactive Minimal Buyers,287.3577,0.0,0.1029,3078.658,3078.658,0.0
19258,2,Inactive Minimal Buyers,287.3577,0.0,0.1029,3078.658,3078.658,0.0
18134,2,Inactive Minimal Buyers,287.3577,0.0,0.1029,3078.658,3078.658,0.0
18133,2,Inactive Minimal Buyers,287.3577,0.0,0.1029,3078.658,3078.658,0.0
26373,2,Inactive Minimal Buyers,287.3577,0.0,0.1029,3078.658,3078.658,0.0
19193,2,Inactive Minimal Buyers,287.3577,0.0,0.1029,3078.658,3078.658,0.0
19195,2,Inactive Minimal Buyers,287.3577,0.0,0.1029,3078.658,3078.658,0.0
19253,2,Inactive Minimal Buyers,287.3577,0.0,0.1029,3078.658,3078.658,0.0
19192,2,Inactive Minimal Buyers,287.3577,0.0,0.1029,3078.658,3078.658,0.0
14239,2,Inactive Minimal Buyers,287.3577,0.0,0.1029,3078.658,3078.658,0.0
14272,2,Inactive Minimal Buyers,287.3577,0.0,0.1029,3078.658,3078.658,0.0
14240,2,Inactive Minimal Buyers,287.3577,0.0,0.1029,3078.658,3078.658,0.0
19186,2,Inactive Minimal Buyers,287.3577,0.0,0.1029,3078.658,3078.658,0.0
18164,2,Inactive Minimal Buyers,287.3577,0.0,0.1029,3078.658,3078.658,0.0
18157,2,Inactive Minimal Buyers,287.3577,0.0,0.1029,3078.658,3078.658,0.0
14116,2,Inactive Minimal Buyers,287.3577,0.0,0.1029,3078.658,3078.658,0.0
14120,2,Inactive Minimal Buyers,287.3577,0.0,0.1029,3078.658,3078.658,0.0
14095,2,Inactive Minimal Buyers,287.3577,0.0,0.1029,3078.658,3078.658,0.0
14089,2,Inactive Minimal Buyers,287.3577,0.0,0.1029,3078.658,3078.658,0.0
24888,2,Inactive Minimal Buyers,287.3577,0.0,0.1029,3078.658,3078.658,0.0
24887,2,Inactive Minimal Buyers,287.3577,0.0,0.1029,3078.658,3078.658,0.0
14289,2,Inactive Minimal Buyers,287.3577,0.0,0.1029,3078.658,3078.658,0.0
14112,2,Inactive Minimal Buyers,287.3577,0.0,0.1029,3078.658,3078.658,0.0
14109,2,Inactive Minimal Buyers,287.3577,0.0,0.1029,3078.658,3078.658,0.0
14267,2,Inactive Minimal Buyers,287.3577,0.0,0.1029,3078.658,3078.658,0.0
14255,2,Inactive Minimal Buyers,287.3577,0.0,0.1029,3078.658,3078.658,0.0
14253,2,Inactive Minimal Buyers,287.3577,0.0,0.1029,3078.658,3078.658,0.0
14117,2,Inactive Minimal Buyers,287.3577,0.0,0.1029,3078.658,3078.658,0.0
24913,2,Inactive Minimal Buyers,287.3577,0.0,0.1029,3078.658,3078.658,0.0
24912,2,Inactive Minimal Buyers,287.3577,0.0,0.1029,3078.658,3078.658,0.0
24910,2,Inactive Minimal Buyers,287.3577,0.0,0.1029,3078.658,3078.658,0.0
24909,2,Inactive Minimal Buyers,287.3577,0.0,0.1029,3078.658,3078.658,0.0
24609,2,Inactive Minimal Buyers,287.3577,0.0,0.1029,3078.658,3078.658,0.0
14024,2,Inactive Minimal Buyers,287.3577,0.0,0.1029,3078.658,3078.658,0.0
14023,2,Inactive Minimal Buyers,287.3577,0.0,0.1029,3078.658,3078.658,0.0
14088,2,Inactive Minimal Buyers,287.3577,0.0,0.1029,3078.658,3078.658,0.0
14083,2,Inactive Minimal Buyers,287.3577,0.0,0.1029,3078.658,3078.658,0.0
24900,2,Inactive Minimal Buyers,287.3577,0.0,0.1029,3078.658,3078.658,0.0
14022,2,Inactive Minimal Buyers,287.3577,0.0,0.1029,3078.658,3078.658,0.0
24889,2,Inactive Minimal Buyers,287.3577,0.0,0.1029,3078.658,3078.658,0.0
24905,2,Inactive Minimal Buyers,287.3577,0.0,0.1029,3078.658,3078.658,0.0
24902,2,Inactive Minimal Buyers,287.3577,0.0,0.1029,3078.658,3078.658,0.0
24901,2,Inactive Minimal Buyers,287.3577,0.0,0.1029,3078.658,3078.658,0.0
24904,2,Inactive Minimal Buyers,287.3577,0.0,0.1029,3078.658,3078.658,0.0
24903,2,Inactive Minimal Buyers,287.3577,0.0,0.1029,3078.658,3078.658,0.0
24613,2,Inactive Minimal Buyers,287.3577,0.0,0.1029,3078.658,3078.658,0.0
24612,2,Inactive Minimal Buyers,287.3577,0.0,0.1029,3078.658,3078.658,0.0
24611,2,Inactive Minimal Buyers,287.3577,0.0,0.1029,3078.658,3078.658,0.0
24920,2,Inactive Minimal Buyers,287.3577,0.0,0.1029,3078.658,3078.658,0.0
24615,2,Inactive Minimal Buyers,287.3577,0.0,0.1029,3078.658,3078.658,0.0
24614,2,Inactive Minimal Buyers,287.3577,0.0,0.1029,3078.658,3078.658,0.0
14081,2,Inactive Minimal Buyers,287.3577,0.0,0.1029,3078.658,3078.658,0.0
14080,2,Inactive Minimal Buyers,287.3577,0.0,0.1029,3078.658,3078.658,0.0
14106,2,Inactive Minimal Buyers,287.3577,0.0,0.1029,3078.658,3078.658,0.0
14115,2,Inactive Minimal Buyers,287.3577,0.0,0.1029,3078.658,3078.658,0.0
14104,2,Inactive Minimal Buyers,287.3577,0.0,0.1029,3078.658,3078.658,0.0
14105,2,Inactive Minimal Buyers,287.3577,0.0,0.1029,3078.658,3078.658,0.0
14025,2,Inactive Minimal Buyers,287.3577,0.0,0.1029,3078.658,3078.658,0.0
17216,2,Inactive Minimal Buyers,287.3577,0.0,0.1029,3078.658,3078.658,0.0
24908,2,Inactive Minimal Buyers,287.3577,0.0,0.1029,3078.658,3078.658,0.0
14098,2,Inactive Minimal Buyers,287.3577,0.0,0.1029,3078.658,3078.658,0.0
24907,2,Inactive Minimal Buyers,287.3577,0.0,0.1029,3078.658,3078.658,0.0
17633,2,Inactive Minimal Buyers,287.3577,0.0,0.1029,3078.658,3078.658,0.0
17641,2,Inactive Minimal Buyers,287.3577,0.0,0.1029,3078.658,3078.658,0.0
17647,2,Inactive Minimal Buyers,287.3577,0.0,0.1029,3078.658,3078.658,0.0
17634,2,Inactive Minimal Buyers,287.3577,0.0,0.1029,3078.658,3078.658,0.0
14037,2,Inactive Minimal Buyers,287.3577,0.0,0.1029,3078.658,3078.658,0.0
14044,2,Inactive Minimal Buyers,287.3577,0.0,0.1029,3078.658,3078.658,0.0
14036,2,Inactive Minimal Buyers,287.3577,0.0,0.1029,3078.658,3078.658,0.0
13992,2,Inactive Minimal Buyers,287.3577,0.0,0.1029,3078.658,3078.658,0.0
13986,2,Inactive Minimal Buyers,287.3577,0.0,0.1029,3078.658,3078.658,0.0
14003,2,Inactive Minimal Buyers,287.3577,0.0,0.1029,3078.658,3078.658,0.0
14284,2,Inactive Minimal Buyers,287.3577,0.0,0.1029,3078.658,3078.658,0.0
18130,2,Inactive Minimal Buyers,287.3577,0.0,0.1029,3078.658,3078.658,0.0
14256,2,Inactive Minimal Buyers,287.3577,0.0,0.1029,3078.658,3078.658,0.0
13993,2,Inactive Minimal Buyers,287.3577,0.0,0.1029,3078.658,3078.658,0.0
24918,2,Inactive Minimal Buyers,287.3577,0.0,0.1029,3078.658,3078.658,0.0
18176,2,Inactive Minimal Buyers,287.3577,0.0,0.1029,3078.658,3078.658,0.0
19337,2,Inactive Minimal Buyers,287.3577,0.0,0.1029,3078.658,3078.658,0.0
13990,2,Inactive Minimal Buyers,287.3577,0.0,0.1029,3078.658,3078.658,0.0
24608,2,Inactive Minimal Buyers,287.3577,0.0,0.1029,3078.658,3078.658,0.0
19029,2,Inactive Minimal Buyers,287.3577,0.0,0.1029,3078.658,3078.658,0.0
19172,2,Inactive Minimal Buyers,287.3577,0.0,0.1029,3078.658,3078.658,0.0
14242,2,Inactive Minimal Buyers,287.3577,0.0,0.1029,3078.658,3078.658,0.0
17646,2,Inactive Minimal Buyers,287.3577,0.0,0.1029,3078.658,3078.658,0.0
26504,2,Inactive Minimal Buyers,287.3577,0.0,0.1029,3078.658,3078.658,0.0
24919,2,Inactive Minimal Buyers,287.3577,0.0,0.1029,3078.658,3078.658,0.0
18185,2,Inactive Minimal Buyers,287.3577,0.0,0.1029,3078.658,3078.658,0.0
24916,2,Inactive Minimal Buyers,287.3577,0.0,0.1029,3078.658,3078.658,0.0
18183,2,Inactive Minimal Buyers,287.3577,0.0,0.1029,3078.658,3078.658,0.0
14270,2,Inactive Minimal Buyers,287.3577,0.0,0.1029,3078.658,3078.658,0.0
14283,2,Inactive Minimal Buyers,287.3577,0.0,0.1029,3078.658,3078.658,0.0
18626,2,Inactive Minimal Buyers,287.3577,0.0,0.1029,3078.658,3078.658,0.0
17648,2,Inactive Minimal Buyers,287.3577,0.0,0.1029,3078.658,3078.658,0.0
18171,2,Inactive Minimal Buyers,287.3577,0.0,0.1029,3078.658,3078.658,0.0
14335,2,Inactive Minimal Buyers,287.3577,0.0,0.1029,3078.658,3078.658,0.0
24915,2,Inactive Minimal Buyers,287.3577,0.0,0.1029,3078.658,3078.658,0.0
24914,2,Inactive Minimal Buyers,287.3577,0.0,0.1029,3078.658,3078.658,0.0
14268,2,Inactive Minimal Buyers,287.3577,0.0,0.1029,3078.658,3078.658,0.0
24923,2,Inactive Minimal Buyers,287.3577,0.0,0.1029,3078.658,3078.658,0.0
14336,2,Inactive Minimal Buyers,287.3577,0.0,0.1029,3078.658,3078.658,0.0
24924,2,Inactive Minimal Buyers,287.3577,0.0,0.1029,3078.658,3078.658,0.0
24922,2,Inactive Minimal Buyers,287.3577,0.0,0.1029,3078.658,3078.658,0.0
17716,2,Inactive Minimal Buyers,287.3577,0.0,0.1029,3078.658,3078.658,0.0
24921,2,Inactive Minimal Buyers,287.3577,0.0,0.1029,3078.658,3076.7899,1.8681
14285,2,Inactive Minimal Buyers,287.3577,0.0,0.1029,3078.658,3076.5782,2.0798
14288,2,Inactive Minimal Buyers,287.3577,0.0,0.1029,3078.658,3076.5782,2.0798
19034,2,Inactive Minimal Buyers,287.3577,0.0,0.1029,3078.658,3075.1701,3.4879
17095,2,Inactive Minimal Buyers,287.3577,0.0,0.1029,3078.658,3074.8681,3.7899
16942,2,Inactive Minimal Buyers,287.3577,0.0,0.1029,3078.658,3074.8681,3.7899
17714,2,Inactive Minimal Buyers,287.3577,0.0,0.1029,3078.658,3073.7401,4.9179
14298,2,Inactive Minimal Buyers,287.3577,0.0,0.1029,3078.658,3073.139,5.519
29688,1,High Value but Cooling,223.7457,0.0,0.1241,2026.1437,3042.2208,-1016.077
29613,3,Inactive Low-Value Customers,677.401,0.2381,0.1079,2169.0801,3013.0752,-843.995
27767,8,Recent Low-Value Customers,302.1766,0.0,0.1138,2957.5017,2965.5568,-8.0551
15959,8,Recent Low-Value Customers,296.2834,0.0,0.1138,2899.8231,2927.7629,-27.9398
26591,8,Recent Low-Value Customers,296.2834,0.0,0.1138,2899.8231,2925.3367,-25.5136
15992,8,Recent Low-Value Customers,296.2834,0.0,0.1138,2899.8231,2917.4142,-17.5911
20836,8,Recent Low-Value Customers,296.2834,0.0,0.1138,2899.8231,2904.5935,-4.7704
15500,8,Recent Low-Value Customers,296.2834,0.0,0.1138,2899.8231,2901.6201,-1.7971
15484,8,Recent Low-Value Customers,296.2834,0.0,0.1138,2899.8231,2901.6201,-1.7971
20842,8,Recent Low-Value Customers,296.2834,0.0,0.1138,2899.8231,2901.6201,-1.7971
26651,8,Recent Low-Value Customers,296.2834,0.0,0.1138,2899.8231,2901.6201,-1.7971
27500,8,Recent Low-Value Customers,296.2834,0.0,0.1138,2899.8231,2901.348,-1.525
27494,8,Recent Low-Value Customers,296.2834,0.0,0.1138,2899.8231,2901.348,-1.525
15985,8,Recent Low-Value Customers,296.2834,0.0,0.1138,2899.8231,2900.753,-0.9299
19943,8,Recent Low-Value Customers,296.2834,0.0,0.1138,2899.8231,2900.753,-0.9299
15506,8,Recent Low-Value Customers,296.2834,0.0,0.1138,2899.8231,2900.4765,-0.6535
27486,8,Recent Low-Value Customers,296.2834,0.0,0.1138,2899.8231,2899.8869,-0.0639
26763,8,Recent Low-Value Customers,296.2834,0.0,0.1138,2899.8231,2899.8231,-0.0
26761,8,Recent Low-Value Customers,296.2834,0.0,0.1138,2899.8231,2899.8231,-0.0
26917,8,Recent Low-Value Customers,296.2834,0.0,0.1138,2899.8231,2899.8231,-0.0
26916,8,Recent Low-Value Customers,296.2834,0.0,0.1138,2899.8231,2899.8231,-0.0
26797,8,Recent Low-Value Customers,296.2834,0.0,0.1138,2899.8231,2899.8231,-0.0
26796,8,Recent Low-Value Customers,296.2834,0.0,0.1138,2899.8231,2899.8231,-0.0
20861,8,Recent Low-Value Customers,296.2834,0.0,0.1138,2899.8231,2899.8231,-0.0
20860,8,Recent Low-Value Customers,296.2834,0.0,0.1138,2899.8231,2899.8231,-0.0
20854,8,Recent Low-Value Customers,296.2834,0.0,0.1138,2899.8231,2899.8231,-0.0
20847,8,Recent Low-Value Customers,296.2834,0.0,0.1138,2899.8231,2899.8231,-0.0
20845,8,Recent Low-Value Customers,296.2834,0.0,0.1138,2899.8231,2899.8231,-0.0
20876,8,Recent Low-Value Customers,296.2834,0.0,0.1138,2899.8231,2899.8231,-0.0
20870,8,Recent Low-Value Customers,296.2834,0.0,0.1138,2899.8231,2899.8231,-0.0
15953,8,Recent Low-Value Customers,296.2834,0.0,0.1138,2899.8231,2899.8231,-0.0
15952,8,Recent Low-Value Customers,296.2834,0.0,0.1138,2899.8231,2899.8231,-0.0
26760,8,Recent Low-Value Customers,296.2834,0.0,0.1138,2899.8231,2899.8231,-0.0
26758,8,Recent Low-Value Customers,296.2834,0.0,0.1138,2899.8231,2899.8231,-0.0
26757,8,Recent Low-Value Customers,296.2834,0.0,0.1138,2899.8231,2899.8231,-0.0
26754,8,Recent Low-Value Customers,296.2834,0.0,0.1138,2899.8231,2899.8231,-0.0
26753,8,Recent Low-Value Customers,296.2834,0.0,0.1138,2899.8231,2899.8231,-0.0
26752,8,Recent Low-Value Customers,296.2834,0.0,0.1138,2899.8231,2899.8231,-0.0
26751,8,Recent Low-Value Customers,296.2834,0.0,0.1138,2899.8231,2899.8231,-0.0
26750,8,Recent Low-Value Customers,296.2834,0.0,0.1138,2899.8231,2899.8231,-0.0
26749,8,Recent Low-Value Customers,296.2834,0.0,0.1138,2899.8231,2899.8231,-0.0
26747,8,Recent Low-Value Customers,296.2834,0.0,0.1138,2899.8231,2899.8231,-0.0
26746,8,Recent Low-Value Customers,296.2834,0.0,0.1138,2899.8231,2899.8231,-0.0
26745,8,Recent Low-Value Customers,296.2834,0.0,0.1138,2899.8231,2899.8231,-0.0
26744,8,Recent Low-Value Customers,296.2834,0.0,0.1138,2899.8231,2899.8231,-0.0
26743,8,Recent Low-Value Customers,296.2834,0.0,0.1138,2899.8231,2899.8231,-0.0
15948,8,Recent Low-Value Customers,296.2834,0.0,0.1138,2899.8231,2899.8231,-0.0
15944,8,Recent Low-Value Customers,296.2834,0.0,0.1138,2899.8231,2899.8231,-0.0
15941,8,Recent Low-Value Customers,296.2834,0.0,0.1138,2899.8231,2899.8231,-0.0
20970,8,Recent Low-Value Customers,296.2834,0.0,0.1138,2899.8231,2899.8231,-0.0
20945,8,Recent Low-Value Customers,296.2834,0.0,0.1138,2899.8231,2899.8231,-0.0
20933,8,Recent Low-Value Customers,296.2834,0.0,0.1138,2899.8231,2899.8231,-0.0
20931,8,Recent Low-Value Customers,296.2834,0.0,0.1138,2899.8231,2899.8231,-0.0
20930,8,Recent Low-Value Customers,296.2834,0.0,0.1138,2899.8231,2899.8231,-0.0
20923,8,Recent Low-Value Customers,296.2834,0.0,0.1138,2899.8231,2899.8231,-0.0
20922,8,Recent Low-Value Customers,296.2834,0.0,0.1138,2899.8231,2899.8231,-0.0
20921,8,Recent Low-Value Customers,296.2834,0.0,0.1138,2899.8231,2899.8231,-0.0
20917,8,Recent Low-Value Customers,296.2834,0.0,0.1138,2899.8231,2899.8231,-0.0
20914,8,Recent Low-Value Customers,296.2834,0.0,0.1138,2899.8231,2899.8231,-0.0
20913,8,Recent Low-Value Customers,296.2834,0.0,0.1138,2899.8231,2899.8231,-0.0
20912,8,Recent Low-Value Customers,296.2834,0.0,0.1138,2899.8231,2899.8231,-0.0
20896,8,Recent Low-Value Customers,296.2834,0.0,0.1138,2899.8231,2899.8231,-0.0
20890,8,Recent Low-Value Customers,296.2834,0.0,0.1138,2899.8231,2899.8231,-0.0
20980,8,Recent Low-Value Customers,296.2834,0.0,0.1138,2899.8231,2899.8231,-0.0
20979,8,Recent Low-Value Customers,296.2834,0.0,0.1138,2899.8231,2899.8231,-0.0
20975,8,Recent Low-Value Customers,296.2834,0.0,0.1138,2899.8231,2899.8231,-0.0
21034,8,Recent Low-Value Customers,296.2834,0.0,0.1138,2899.8231,2899.8231,-0.0
21029,8,Recent Low-Value Customers,296.2834,0.0,0.1138,2899.8231,2899.8231,-0.0
21027,8,Recent Low-Value Customers,296.2834,0.0,0.1138,2899.8231,2899.8231,-0.0
21020,8,Recent Low-Value Customers,296.2834,0.0,0.1138,2899.8231,2899.8231,-0.0
21018,8,Recent Low-Value Customers,296.2834,0.0,0.1138,2899.8231,2899.8231,-0.0
21016,8,Recent Low-Value Customers,296.2834,0.0,0.1138,2899.8231,2899.8231,-0.0
21015,8,Recent Low-Value Customers,296.2834,0.0,0.1138,2899.8231,2899.8231,-0.0
15984,8,Recent Low-Value Customers,296.2834,0.0,0.1138,2899.8231,2899.8231,-0.0
15983,8,Recent Low-Value Customers,296.2834,0.0,0.1138,2899.8231,2899.8231,-0.0
15980,8,Recent Low-Value Customers,296.2834,0.0,0.1138,2899.8231,2899.8231,-0.0
26667,8,Recent Low-Value Customers,296.2834,0.0,0.1138,2899.8231,2899.8231,-0.0
15976,8,Recent Low-Value Customers,296.2834,0.0,0.1138,2899.8231,2899.8231,-0.0
21012,8,Recent Low-Value Customers,296.2834,0.0,0.1138,2899.8231,2899.8231,-0.0
21011,8,Recent Low-Value Customers,296.2834,0.0,0.1138,2899.8231,2899.8231,-0.0
21008,8,Recent Low-Value Customers,296.2834,0.0,0.1138,2899.8231,2899.8231,-0.0
21006,8,Recent Low-Value Customers,296.2834,0.0,0.1138,2899.8231,2899.8231,-0.0
15902,8,Recent Low-Value Customers,296.2834,0.0,0.1138,2899.8231,2899.8231,-0.0
15901,8,Recent Low-Value Customers,296.2834,0.0,0.1138,2899.8231,2899.8231,-0.0
15899,8,Recent Low-Value Customers,296.2834,0.0,0.1138,2899.8231,2899.8231,-0.0
15897,8,Recent Low-Value Customers,296.2834,0.0,0.1138,2899.8231,2899.8231,-0.0
15893,8,Recent Low-Value Customers,296.2834,0.0,0.1138,2899.8231,2899.8231,-0.0
21092,8,Recent Low-Value Customers,296.2834,0.0,0.1138,2899.8231,2899.8231,-0.0
21071,8,Recent Low-Value Customers,296.2834,0.0,0.1138,2899.8231,2899.8231,-0.0
21067,8,Recent Low-Value Customers,296.2834,0.0,0.1138,2899.8231,2899.8231,-0.0
21060,8,Recent Low-Value Customers,296.2834,0.0,0.1138,2899.8231,2899.8231,-0.0
21053,8,Recent Low-Value Customers,296.2834,0.0,0.1138,2899.8231,2899.8231,-0.0
21044,8,Recent Low-Value Customers,296.2834,0.0,0.1138,2899.8231,2899.8231,-0.0
27267,8,Recent Low-Value Customers,296.2834,0.0,0.1138,2899.8231,2899.8231,-0.0
21037,8,Recent Low-Value Customers,296.2834,0.0,0.1138,2899.8231,2899.8231,-0.0
21036,8,Recent Low-Value Customers,296.2834,0.0,0.1138,2899.8231,2899.8231,-0.0
21035,8,Recent Low-Value Customers,296.2834,0.0,0.1138,2899.8231,2899.8231,-0.0
15842,8,Recent Low-Value Customers,296.2834,0.0,0.1138,2899.8231,2899.8231,-0.0
21130,8,Recent Low-Value Customers,296.2834,0.0,0.1138,2899.8231,2899.8231,-0.0
21106,8,Recent Low-Value Customers,296.2834,0.0,0.1138,2899.8231,2899.8231,-0.0
21105,8,Recent Low-Value Customers,296.2834,0.0,0.1138,2899.8231,2899.8231,-0.0
21104,8,Recent Low-Value Customers,296.2834,0.0,0.1138,2899.8231,2899.8231,-0.0
27298,8,Recent Low-Value Customers,296.2834,0.0,0.1138,2899.8231,2899.8231,-0.0
27297,8,Recent Low-Value Customers,296.2834,0.0,0.1138,2899.8231,2899.8231,-0.0
27285,8,Recent Low-Value Customers,296.2834,0.0,0.1138,2899.8231,2899.8231,-0.0
27270,8,Recent Low-Value Customers,296.2834,0.0,0.1138,2899.8231,2899.8231,-0.0
21103,8,Recent Low-Value Customers,296.2834,0.0,0.1138,2899.8231,2899.8231,-0.0
21093,8,Recent Low-Value Customers,296.2834,0.0,0.1138,2899.8231,2899.8231,-0.0
15918,8,Recent Low-Value Customers,296.2834,0.0,0.1138,2899.8231,2899.8231,-0.0
15915,8,Recent Low-Value Customers,296.2834,0.0,0.1138,2899.8231,2899.8231,-0.0
15914,8,Recent Low-Value Customers,296.2834,0.0,0.1138,2899.8231,2899.8231,-0.0
15909,8,Recent Low-Value Customers,296.2834,0.0,0.1138,2899.8231,2899.8231,-0.0
15908,8,Recent Low-Value Customers,296.2834,0.0,0.1138,2899.8231,2899.8231,-0.0
15904,8,Recent Low-Value Customers,296.2834,0.0,0.1138,2899.8231,2899.8231,-0.0
15903,8,Recent Low-Value Customers,296.2834,0.0,0.1138,2899.8231,2899.8231,-0.0
27365,8,Recent Low-Value Customers,296.2834,0.0,0.1138,2899.8231,2899.8231,-0.0
27362,8,Recent Low-Value Customers,296.2834,0.0,0.1138,2899.8231,2899.8231,-0.0
27359,8,Recent Low-Value Customers,296.2834,0.0,0.1138,2899.8231,2899.8231,-0.0
27356,8,Recent Low-Value Customers,296.2834,0.0,0.1138,2899.8231,2899.8231,-0.0
27355,8,Recent Low-Value Customers,296.2834,0.0,0.1138,2899.8231,2899.8231,-0.0
27354,8,Recent Low-Value Customers,296.2834,0.0,0.1138,2899.8231,2899.8231,-0.0
27353,8,Recent Low-Value Customers,296.2834,0.0,0.1138,2899.8231,2899.8231,-0.0
27352,8,Recent Low-Value Customers,296.2834,0.0,0.1138,2899.8231,2899.8231,-0.0
27348,8,Recent Low-Value Customers,296.2834,0.0,0.1138,2899.8231,2899.8231,-0.0
27346,8,Recent Low-Value Customers,296.2834,0.0,0.1138,2899.8231,2899.8231,-0.0
27342,8,Recent Low-Value Customers,296.2834,0.0,0.1138,2899.8231,2899.8231,-0.0
27341,8,Recent Low-Value Customers,296.2834,0.0,0.1138,2899.8231,2899.8231,-0.0
27340,8,Recent Low-Value Customers,296.2834,0.0,0.1138,2899.8231,2899.8231,-0.0
27339,8,Recent Low-Value Customers,296.2834,0.0,0.1138,2899.8231,2899.8231,-0.0
27338,8,Recent Low-Value Customers,296.2834,0.0,0.1138,2899.8231,2899.8231,-0.0
27299,8,Recent Low-Value Customers,296.2834,0.0,0.1138,2899.8231,2899.8231,-0.0
27406,8,Recent Low-Value Customers,296.2834,0.0,0.1138,2899.8231,2899.8231,-0.0
27404,8,Recent Low-Value Customers,296.2834,0.0,0.1138,2899.8231,2899.8231,-0.0
27371,8,Recent Low-Value Customers,296.2834,0.0,0.1138,2899.8231,2899.8231,-0.0
27370,8,Recent Low-Value Customers,296.2834,0.0,0.1138,2899.8231,2899.8231,-0.0
27366,8,Recent Low-Value Customers,296.2834,0.0,0.1138,2899.8231,2899.8231,-0.0
15827,8,Recent Low-Value Customers,296.2834,0.0,0.1138,2899.8231,2899.8231,-0.0
15892,8,Recent Low-Value Customers,296.2834,0.0,0.1138,2899.8231,2899.8231,-0.0
15890,8,Recent Low-Value Customers,296.2834,0.0,0.1138,2899.8231,2899.8231,-0.0
15888,8,Recent Low-Value Customers,296.2834,0.0,0.1138,2899.8231,2899.8231,-0.0
15886,8,Recent Low-Value Customers,296.2834,0.0,0.1138,2899.8231,2899.8231,-0.0
15885,8,Recent Low-Value Customers,296.2834,0.0,0.1138,2899.8231,2899.8231,-0.0
15882,8,Recent Low-Value Customers,296.2834,0.0,0.1138,2899.8231,2899.8231,-0.0
15873,8,Recent Low-Value Customers,296.2834,0.0,0.1138,2899.8231,2899.8231,-0.0
15865,8,Recent Low-Value Customers,296.2834,0.0,0.1138,2899.8231,2899.8231,-0.0
27429,8,Recent Low-Value Customers,296.2834,0.0,0.1138,2899.8231,2899.8231,-0.0
15860,8,Recent Low-Value Customers,296.2834,0.0,0.1138,2899.8231,2899.8231,-0.0
15852,8,Recent Low-Value Customers,296.2834,0.0,0.1138,2899.8231,2899.8231,-0.0
15851,8,Recent Low-Value Customers,296.2834,0.0,0.1138,2899.8231,2899.8231,-0.0
15845,8,Recent Low-Value Customers,296.2834,0.0,0.1138,2899.8231,2899.8231,-0.0
15844,8,Recent Low-Value Customers,296.2834,0.0,0.1138,2899.8231,2899.8231,-0.0
15843,8,Recent Low-Value Customers,296.2834,0.0,0.1138,2899.8231,2899.8231,-0.0
15763,8,Recent Low-Value Customers,296.2834,0.0,0.1138,2899.8231,2899.8231,-0.0
15750,8,Recent Low-Value Customers,296.2834,0.0,0.1138,2899.8231,2899.8231,-0.0
15739,8,Recent Low-Value Customers,296.2834,0.0,0.1138,2899.8231,2899.8231,-0.0
15737,8,Recent Low-Value Customers,296.2834,0.0,0.1138,2899.8231,2899.8231,-0.0
15781,8,Recent Low-Value Customers,296.2834,0.0,0.1138,2899.8231,2899.8231,-0.0
15780,8,Recent Low-Value Customers,296.2834,0.0,0.1138,2899.8231,2899.8231,-0.0
15778,8,Recent Low-Value Customers,296.2834,0.0,0.1138,2899.8231,2899.8231,-0.0
15771,8,Recent Low-Value Customers,296.2834,0.0,0.1138,2899.8231,2899.8231,-0.0
15770,8,Recent Low-Value Customers,296.2834,0.0,0.1138,2899.8231,2899.8231,-0.0
15769,8,Recent Low-Value Customers,296.2834,0.0,0.1138,2899.8231,2899.8231,-0.0
15768,8,Recent Low-Value Customers,296.2834,0.0,0.1138,2899.8231,2899.8231,-0.0
15841,8,Recent Low-Value Customers,296.2834,0.0,0.1138,2899.8231,2899.8231,-0.0
15840,8,Recent Low-Value Customers,296.2834,0.0,0.1138,2899.8231,2899.8231,-0.0
27487,8,Recent Low-Value Customers,296.2834,0.0,0.1138,2899.8231,2899.8231,-0.0
15501,8,Recent Low-Value Customers,296.2834,0.0,0.1138,2899.8231,2899.8231,-0.0
27485,8,Recent Low-Value Customers,296.2834,0.0,0.1138,2899.8231,2899.8231,-0.0
27484,8,Recent Low-Value Customers,296.2834,0.0,0.1138,2899.8231,2899.8231,-0.0
27483,8,Recent Low-Value Customers,296.2834,0.0,0.1138,2899.8231,2899.8231,-0.0
27473,8,Recent Low-Value Customers,296.2834,0.0,0.1138,2899.8231,2899.8231,-0.0
27472,8,Recent Low-Value Customers,296.2834,0.0,0.1138,2899.8231,2899.8231,-0.0
27471,8,Recent Low-Value Customers,296.2834,0.0,0.1138,2899.8231,2899.8231,-0.0
27470,8,Recent Low-Value Customers,296.2834,0.0,0.1138,2899.8231,2899.8231,-0.0
27469,8,Recent Low-Value Customers,296.2834,0.0,0.1138,2899.8231,2899.8231,-0.0
19381,8,Recent Low-Value Customers,296.2834,0.0,0.1138,2899.8231,2899.8231,-0.0
27499,8,Recent Low-Value Customers,296.2834,0.0,0.1138,2899.8231,2899.8231,-0.0
27498,8,Recent Low-Value Customers,296.2834,0.0,0.1138,2899.8231,2899.8231,-0.0
19380,8,Recent Low-Value Customers,296.2834,0.0,0.1138,2899.8231,2899.8231,-0.0
27493,8,Recent Low-Value Customers,296.2834,0.0,0.1138,2899.8231,2899.8231,-0.0
27492,8,Recent Low-Value Customers,296.2834,0.0,0.1138,2899.8231,2899.8231,-0.0
27490,8,Recent Low-Value Customers,296.2834,0.0,0.1138,2899.8231,2899.8231,-0.0
27489,8,Recent Low-Value Customers,296.2834,0.0,0.1138,2899.8231,2899.8231,-0.0
19323,8,Recent Low-Value Customers,296.2834,0.0,0.1138,2899.8231,2899.8231,-0.0
15964,8,Recent Low-Value Customers,296.2834,0.0,0.1138,2899.8231,2899.8231,-0.0
15961,8,Recent Low-Value Customers,296.2834,0.0,0.1138,2899.8231,2899.8231,-0.0
19319,8,Recent Low-Value Customers,296.2834,0.0,0.1138,2899.8231,2899.8231,-0.0
15954,8,Recent Low-Value Customers,296.2834,0.0,0.1138,2899.8231,2899.8231,-0.0
15989,8,Recent Low-Value Customers,296.2834,0.0,0.1138,2899.8231,2899.8231,-0.0
15987,8,Recent Low-Value Customers,296.2834,0.0,0.1138,2899.8231,2899.8231,-0.0
15986,8,Recent Low-Value Customers,296.2834,0.0,0.1138,2899.8231,2899.8231,-0.0
27488,8,Recent Low-Value Customers,296.2834,0.0,0.1138,2899.8231,2899.8231,-0.0
15834,8,Recent Low-Value Customers,296.2834,0.0,0.1138,2899.8231,2899.8231,-0.0
15562,8,Recent Low-Value Customers,296.2834,0.0,0.1138,2899.8231,2899.8231,-0.0
15561,8,Recent Low-Value Customers,296.2834,0.0,0.1138,2899.8231,2899.8231,-0.0
15558,8,Recent Low-Value Customers,296.2834,0.0,0.1138,2899.8231,2899.8231,-0.0
21540,8,Recent Low-Value Customers,296.2834,0.0,0.1138,2899.8231,2899.8231,-0.0
21517,8,Recent Low-Value Customers,296.2834,0.0,0.1138,2899.8231,2899.8231,-0.0
21516,8,Recent Low-Value Customers,296.2834,0.0,0.1138,2899.8231,2899.8231,-0.0
21509,8,Recent Low-Value Customers,296.2834,0.0,0.1138,2899.8231,2899.8231,-0.0
21508,8,Recent Low-Value Customers,296.2834,0.0,0.1138,2899.8231,2899.8231,-0.0
15538,8,Recent Low-Value Customers,296.2834,0.0,0.1138,2899.8231,2899.8231,-0.0
15537,8,Recent Low-Value Customers,296.2834,0.0,0.1138,2899.8231,2899.8231,-0.0
15535,8,Recent Low-Value Customers,296.2834,0.0,0.1138,2899.8231,2899.8231,-0.0
15534,8,Recent Low-Value Customers,296.2834,0.0,0.1138,2899.8231,2899.8231,-0.0
15532,8,Recent Low-Value Customers,296.2834,0.0,0.1138,2899.8231,2899.8231,-0.0
15531,8,Recent Low-Value Customers,296.2834,0.0,0.1138,2899.8231,2899.8231,-0.0
15529,8,Recent Low-Value Customers,296.2834,0.0,0.1138,2899.8231,2899.8231,-0.0
15528,8,Recent Low-Value Customers,296.2834,0.0,0.1138,2899.8231,2899.8231,-0.0
15527,8,Recent Low-Value Customers,296.2834,0.0,0.1138,2899.8231,2899.8231,-0.0
15525,8,Recent Low-Value Customers,296.2834,0.0,0.1138,2899.8231,2899.8231,-0.0
19343,8,Recent Low-Value Customers,296.2834,0.0,0.1138,2899.8231,2899.8231,-0.0
15570,8,Recent Low-Value Customers,296.2834,0.0,0.1138,2899.8231,2899.8231,-0.0
15569,8,Recent Low-Value Customers,296.2834,0.0,0.1138,2899.8231,2899.8231,-0.0
15568,8,Recent Low-Value Customers,296.2834,0.0,0.1138,2899.8231,2899.8231,-0.0
15565,8,Recent Low-Value Customers,296.2834,0.0,0.1138,2899.8231,2899.8231,-0.0
15968,8,Recent Low-Value Customers,296.2834,0.0,0.1138,2899.8231,2899.8231,-0.0
15965,8,Recent Low-Value Customers,296.2834,0.0,0.1138,2899.8231,2899.8231,-0.0
26663,8,Recent Low-Value Customers,296.2834,0.0,0.1138,2899.8231,2899.8231,-0.0
26662,8,Recent Low-Value Customers,296.2834,0.0,0.1138,2899.8231,2899.8231,-0.0
26661,8,Recent Low-Value Customers,296.2834,0.0,0.1138,2899.8231,2899.8231,-0.0
26660,8,Recent Low-Value Customers,296.2834,0.0,0.1138,2899.8231,2899.8231,-0.0
15994,8,Recent Low-Value Customers,296.2834,0.0,0.1138,2899.8231,2899.8231,-0.0
19338,8,Recent Low-Value Customers,296.2834,0.0,0.1138,2899.8231,2899.8231,-0.0
15991,8,Recent Low-Value Customers,296.2834,0.0,0.1138,2899.8231,2899.8231,-0.0
15972,8,Recent Low-Value Customers,296.2834,0.0,0.1138,2899.8231,2899.8231,-0.0
15969,8,Recent Low-Value Customers,296.2834,0.0,0.1138,2899.8231,2899.8231,-0.0
19336,8,Recent Low-Value Customers,296.2834,0.0,0.1138,2899.8231,2899.8231,-0.0
26589,8,Recent Low-Value Customers,296.2834,0.0,0.1138,2899.8231,2899.8231,-0.0
19899,8,Recent Low-Value Customers,296.2834,0.0,0.1138,2899.8231,2899.8231,-0.0
19945,8,Recent Low-Value Customers,296.2834,0.0,0.1138,2899.8231,2899.8231,-0.0
26673,8,Recent Low-Value Customers,296.2834,0.0,0.1138,2899.8231,2899.8231,-0.0
15990,8,Recent Low-Value Customers,296.2834,0.0,0.1138,2899.8231,2899.8231,-0.0
19504,8,Recent Low-Value Customers,296.2834,0.0,0.1138,2899.8231,2899.8231,-0.0
19503,8,Recent Low-Value Customers,296.2834,0.0,0.1138,2899.8231,2899.8231,-0.0
19922,8,Recent Low-Value Customers,296.2834,0.0,0.1138,2899.8231,2899.8231,-0.0
19903,8,Recent Low-Value Customers,296.2834,0.0,0.1138,2899.8231,2899.8231,-0.0
19902,8,Recent Low-Value Customers,296.2834,0.0,0.1138,2899.8231,2899.8231,-0.0
27557,8,Recent Low-Value Customers,296.2834,0.0,0.1138,2899.8231,2899.8231,-0.0
15547,8,Recent Low-Value Customers,296.2834,0.0,0.1138,2899.8231,2899.8231,-0.0
15542,8,Recent Low-Value Customers,296.2834,0.0,0.1138,2899.8231,2899.8231,-0.0
15540,8,Recent Low-Value Customers,296.2834,0.0,0.1138,2899.8231,2899.8231,-0.0
21669,8,Recent Low-Value Customers,296.2834,0.0,0.1138,2899.8231,2899.8231,-0.0
15523,8,Recent Low-Value Customers,296.2834,0.0,0.1138,2899.8231,2899.8231,-0.0
15521,8,Recent Low-Value Customers,296.2834,0.0,0.1138,2899.8231,2899.8231,-0.0
19441,8,Recent Low-Value Customers,296.2834,0.0,0.1138,2899.8231,2899.8231,-0.0
19480,8,Recent Low-Value Customers,296.2834,0.0,0.1138,2899.8231,2899.8231,-0.0
21545,8,Recent Low-Value Customers,296.2834,0.0,0.1138,2899.8231,2899.8231,-0.0
19473,8,Recent Low-Value Customers,296.2834,0.0,0.1138,2899.8231,2899.8231,-0.0
26768,8,Recent Low-Value Customers,296.2834,0.0,0.1138,2899.8231,2899.8231,-0.0
19458,8,Recent Low-Value Customers,296.2834,0.0,0.1138,2899.8231,2899.8231,-0.0
19517,8,Recent Low-Value Customers,296.2834,0.0,0.1138,2899.8231,2899.8231,-0.0
26767,8,Recent Low-Value Customers,296.2834,0.0,0.1138,2899.8231,2899.8231,-0.0
26795,8,Recent Low-Value Customers,296.2834,0.0,0.1138,2899.8231,2899.8231,-0.0
26774,8,Recent Low-Value Customers,296.2834,0.0,0.1138,2899.8231,2899.8231,-0.0
26764,8,Recent Low-Value Customers,296.2834,0.0,0.1138,2899.8231,2899.8231,-0.0
26967,8,Recent Low-Value Customers,296.2834,0.0,0.1138,2899.8231,2899.8231,-0.0
26924,8,Recent Low-Value Customers,296.2834,0.0,0.1138,2899.8231,2899.8231,-0.0
26923,8,Recent Low-Value Customers,296.2834,0.0,0.1138,2899.8231,2899.8231,-0.0
26922,8,Recent Low-Value Customers,296.2834,0.0,0.1138,2899.8231,2899.8231,-0.0
26921,8,Recent Low-Value Customers,296.2834,0.0,0.1138,2899.8231,2899.8231,-0.0
26920,8,Recent Low-Value Customers,296.2834,0.0,0.1138,2899.8231,2899.8231,-0.0
26919,8,Recent Low-Value Customers,296.2834,0.0,0.1138,2899.8231,2899.8231,-0.0
26918,8,Recent Low-Value Customers,296.2834,0.0,0.1138,2899.8231,2899.8231,-0.0
15937,8,Recent Low-Value Customers,296.2834,0.0,0.1138,2899.8231,2899.8231,-0.0
15934,8,Recent Low-Value Customers,296.2834,0.0,0.1138,2899.8231,2899.8231,-0.0
26740,8,Recent Low-Value Customers,296.2834,0.0,0.1138,2899.8231,2899.8231,-0.0
19446,8,Recent Low-Value Customers,296.2834,0.0,0.1138,2899.8231,2899.8231,-0.0
19386,8,Recent Low-Value Customers,296.2834,0.0,0.1138,2899.8231,2899.8231,-0.0
19452,8,Recent Low-Value Customers,296.2834,0.0,0.1138,2899.8231,2899.8231,-0.0
19447,8,Recent Low-Value Customers,296.2834,0.0,0.1138,2899.8231,2899.8231,-0.0
19442,8,Recent Low-Value Customers,296.2834,0.0,0.1138,2899.8231,2899.8231,-0.0
15862,8,Recent Low-Value Customers,296.2834,0.0,0.1138,2899.8231,2899.8231,-0.0
20874,8,Recent Low-Value Customers,296.2834,0.0,0.1138,2899.8231,2899.8231,-0.0
19434,8,Recent Low-Value Customers,296.2834,0.0,0.1138,2899.8231,2899.8231,-0.0
20843,8,Recent Low-Value Customers,296.2834,0.0,0.1138,2899.8231,2899.8231,-0.0
19366,8,Recent Low-Value Customers,296.2834,0.0,0.1138,2899.8231,2899.8231,-0.0
19436,8,Recent Low-Value Customers,296.2834,0.0,0.1138,2899.8231,2899.8231,-0.0
19427,8,Recent Low-Value Customers,296.2834,0.0,0.1138,2899.8231,2899.8231,-0.0
19426,8,Recent Low-Value Customers,296.2834,0.0,0.1138,2899.8231,2899.8231,-0.0
19423,8,Recent Low-Value Customers,296.2834,0.0,0.1138,2899.8231,2899.8231,-0.0
19421,8,Recent Low-Value Customers,296.2834,0.0,0.1138,2899.8231,2899.8231,-0.0
19419,8,Recent Low-Value Customers,296.2834,0.0,0.1138,2899.8231,2899.8231,-0.0
19474,8,Recent Low-Value Customers,296.2834,0.0,0.1138,2899.8231,2899.8231,-0.0
27560,8,Recent Low-Value Customers,296.2834,0.0,0.1138,2899.8231,2899.6609,0.1621
27550,8,Recent Low-Value Customers,296.2834,0.0,0.1138,2899.8231,2899.4988,0.3243
27536,8,Recent Low-Value Customers,296.2834,0.0,0.1138,2899.8231,2899.4988,0.3243
27545,8,Recent Low-Value Customers,296.2834,0.0,0.1138,2899.8231,2899.4988,0.3243
27602,8,Recent Low-Value Customers,296.2834,0.0,0.1138,2899.8231,2899.3366,0.4864
27613,8,Recent Low-Value Customers,296.2834,0.0,0.1138,2899.8231,2899.3366,0.4864
21668,8,Recent Low-Value Customers,296.2834,0.0,0.1138,2899.8231,2899.2919,0.5312
15949,8,Recent Low-Value Customers,296.2834,0.0,0.1138,2899.8231,2899.2919,0.5312
19324,8,Recent Low-Value Customers,296.2834,0.0,0.1138,2899.8231,2893.6831,6.1399
26748,8,Recent Low-Value Customers,296.2834,0.0,0.1138,2899.8231,2893.6831,6.1399
30054,4,Frequent Low-Spend Customers,115.5802,0.0,0.0777,1602.4132,2874.5967,-1272.1835
14297,8,Recent Low-Value Customers,287.3577,0.0,0.1138,2812.4643,2849.4574,-36.9931
25010,8,Recent Low-Value Customers,287.3577,0.0,0.1138,2812.4643,2818.319,-5.8547
19298,8,Recent Low-Value Customers,287.3577,0.0,0.1138,2812.4643,2814.6356,-2.1713
19286,8,Recent Low-Value Customers,287.3577,0.0,0.1138,2812.4643,2814.6356,-2.1713
19289,8,Recent Low-Value Customers,287.3577,0.0,0.1138,2812.4643,2814.6356,-2.1713
19294,8,Recent Low-Value Customers,287.3577,0.0,0.1138,2812.4643,2814.6356,-2.1713
19316,8,Recent Low-Value Customers,287.3577,0.0,0.1138,2812.4643,2814.6356,-2.1713
19288,8,Recent Low-Value Customers,287.3577,0.0,0.1138,2812.4643,2814.6356,-2.1713
19321,8,Recent Low-Value Customers,287.3577,0.0,0.1138,2812.4643,2814.6356,-2.1713
26529,8,Recent Low-Value Customers,287.3577,0.0,0.1138,2812.4643,2813.0017,-0.5374
14290,8,Recent Low-Value Customers,287.3577,0.0,0.1138,2812.4643,2812.9079,-0.4437
25011,8,Recent Low-Value Customers,287.3577,0.0,0.1138,2812.4643,2812.9079,-0.4437
14292,8,Recent Low-Value Customers,287.3577,0.0,0.1138,2812.4643,2812.9079,-0.4437
19030,8,Recent Low-Value Customers,287.3577,0.0,0.1138,2812.4643,2812.9079,-0.4437
17739,8,Recent Low-Value Customers,287.3577,0.0,0.1138,2812.4643,2812.9079,-0.4437
26615,8,Recent Low-Value Customers,287.3577,0.0,0.1138,2812.4643,2812.558,-0.0938
26533,8,Recent Low-Value Customers,287.3577,0.0,0.1138,2812.4643,2812.558,-0.0938
26572,8,Recent Low-Value Customers,287.3577,0.0,0.1138,2812.4643,2812.558,-0.0938
26582,8,Recent Low-Value Customers,287.3577,0.0,0.1138,2812.4643,2812.558,-0.0938
14334,8,Recent Low-Value Customers,287.3577,0.0,0.1138,2812.4643,2812.4643,0.0
25111,8,Recent Low-Value Customers,287.3577,0.0,0.1138,2812.4643,2812.4643,0.0
25107,8,Recent Low-Value Customers,287.3577,0.0,0.1138,2812.4643,2812.4643,0.0
14442,8,Recent Low-Value Customers,287.3577,0.0,0.1138,2812.4643,2812.4643,0.0
17752,8,Recent Low-Value Customers,287.3577,0.0,0.1138,2812.4643,2812.4643,0.0
17754,8,Recent Low-Value Customers,287.3577,0.0,0.1138,2812.4643,2812.4643,0.0
14470,8,Recent Low-Value Customers,287.3577,0.0,0.1138,2812.4643,2812.4643,0.0
14420,8,Recent Low-Value Customers,287.3577,0.0,0.1138,2812.4643,2812.4643,0.0
14419,8,Recent Low-Value Customers,287.3577,0.0,0.1138,2812.4643,2812.4643,0.0
14418,8,Recent Low-Value Customers,287.3577,0.0,0.1138,2812.4643,2812.4643,0.0
14417,8,Recent Low-Value Customers,287.3577,0.0,0.1138,2812.4643,2812.4643,0.0
19285,8,Recent Low-Value Customers,287.3577,0.0,0.1138,2812.4643,2812.4643,0.0
19284,8,Recent Low-Value Customers,287.3577,0.0,0.1138,2812.4643,2812.4643,0.0
19283,8,Recent Low-Value Customers,287.3577,0.0,0.1138,2812.4643,2812.4643,0.0
14486,8,Recent Low-Value Customers,287.3577,0.0,0.1138,2812.4643,2812.4643,0.0
19254,8,Recent Low-Value Customers,287.3577,0.0,0.1138,2812.4643,2812.4643,0.0
19257,8,Recent Low-Value Customers,287.3577,0.0,0.1138,2812.4643,2812.4643,0.0
19274,8,Recent Low-Value Customers,287.3577,0.0,0.1138,2812.4643,2812.4643,0.0
17756,8,Recent Low-Value Customers,287.3577,0.0,0.1138,2812.4643,2812.4643,0.0
17766,8,Recent Low-Value Customers,287.3577,0.0,0.1138,2812.4643,2812.4643,0.0
14447,8,Recent Low-Value Customers,287.3577,0.0,0.1138,2812.4643,2812.4643,0.0
25106,8,Recent Low-Value Customers,287.3577,0.0,0.1138,2812.4643,2812.4643,0.0
25108,8,Recent Low-Value Customers,287.3577,0.0,0.1138,2812.4643,2812.4643,0.0
19314,8,Recent Low-Value Customers,287.3577,0.0,0.1138,2812.4643,2812.4643,0.0
19311,8,Recent Low-Value Customers,287.3577,0.0,0.1138,2812.4643,2812.4643,0.0
14452,8,Recent Low-Value Customers,287.3577,0.0,0.1138,2812.4643,2812.4643,0.0
14451,8,Recent Low-Value Customers,287.3577,0.0,0.1138,2812.4643,2812.4643,0.0
14448,8,Recent Low-Value Customers,287.3577,0.0,0.1138,2812.4643,2812.4643,0.0
14449,8,Recent Low-Value Customers,287.3577,0.0,0.1138,2812.4643,2812.4643,0.0
14414,8,Recent Low-Value Customers,287.3577,0.0,0.1138,2812.4643,2812.4643,0.0
25120,8,Recent Low-Value Customers,287.3577,0.0,0.1138,2812.4643,2812.4643,0.0
25121,8,Recent Low-Value Customers,287.3577,0.0,0.1138,2812.4643,2812.4643,0.0
25126,8,Recent Low-Value Customers,287.3577,0.0,0.1138,2812.4643,2812.4643,0.0
25127,8,Recent Low-Value Customers,287.3577,0.0,0.1138,2812.4643,2812.4643,0.0
14415,8,Recent Low-Value Customers,287.3577,0.0,0.1138,2812.4643,2812.4643,0.0
14438,8,Recent Low-Value Customers,287.3577,0.0,0.1138,2812.4643,2812.4643,0.0
14439,8,Recent Low-Value Customers,287.3577,0.0,0.1138,2812.4643,2812.4643,0.0
14440,8,Recent Low-Value Customers,287.3577,0.0,0.1138,2812.4643,2812.4643,0.0
25057,8,Recent Low-Value Customers,287.3577,0.0,0.1138,2812.4643,2812.4643,0.0
14413,8,Recent Low-Value Customers,287.3577,0.0,0.1138,2812.4643,2812.4643,0.0
14412,8,Recent Low-Value Customers,287.3577,0.0,0.1138,2812.4643,2812.4643,0.0
14411,8,Recent Low-Value Customers,287.3577,0.0,0.1138,2812.4643,2812.4643,0.0
14464,8,Recent Low-Value Customers,287.3577,0.0,0.1138,2812.4643,2812.4643,0.0
14457,8,Recent Low-Value Customers,287.3577,0.0,0.1138,2812.4643,2812.4643,0.0
14456,8,Recent Low-Value Customers,287.3577,0.0,0.1138,2812.4643,2812.4643,0.0
14453,8,Recent Low-Value Customers,287.3577,0.0,0.1138,2812.4643,2812.4643,0.0
14378,8,Recent Low-Value Customers,287.3577,0.0,0.1138,2812.4643,2812.4643,0.0
14377,8,Recent Low-Value Customers,287.3577,0.0,0.1138,2812.4643,2812.4643,0.0
14374,8,Recent Low-Value Customers,287.3577,0.0,0.1138,2812.4643,2812.4643,0.0
14367,8,Recent Low-Value Customers,287.3577,0.0,0.1138,2812.4643,2812.4643,0.0
14366,8,Recent Low-Value Customers,287.3577,0.0,0.1138,2812.4643,2812.4643,0.0
25119,8,Recent Low-Value Customers,287.3577,0.0,0.1138,2812.4643,2812.4643,0.0
25115,8,Recent Low-Value Customers,287.3577,0.0,0.1138,2812.4643,2812.4643,0.0
25114,8,Recent Low-Value Customers,287.3577,0.0,0.1138,2812.4643,2812.4643,0.0
25113,8,Recent Low-Value Customers,287.3577,0.0,0.1138,2812.4643,2812.4643,0.0
25112,8,Recent Low-Value Customers,287.3577,0.0,0.1138,2812.4643,2812.4643,0.0
17770,8,Recent Low-Value Customers,287.3577,0.0,0.1138,2812.4643,2812.4643,0.0
17767,8,Recent Low-Value Customers,287.3577,0.0,0.1138,2812.4643,2812.4643,0.0
19477,8,Recent Low-Value Customers,287.3577,0.0,0.1138,2812.4643,2812.4643,0.0
14392,8,Recent Low-Value Customers,287.3577,0.0,0.1138,2812.4643,2812.4643,0.0
14394,8,Recent Low-Value Customers,287.3577,0.0,0.1138,2812.4643,2812.4643,0.0
14398,8,Recent Low-Value Customers,287.3577,0.0,0.1138,2812.4643,2812.4643,0.0
14386,8,Recent Low-Value Customers,287.3577,0.0,0.1138,2812.4643,2812.4643,0.0
14400,8,Recent Low-Value Customers,287.3577,0.0,0.1138,2812.4643,2812.4643,0.0
19479,8,Recent Low-Value Customers,287.3577,0.0,0.1138,2812.4643,2812.4643,0.0
14385,8,Recent Low-Value Customers,287.3577,0.0,0.1138,2812.4643,2812.4643,0.0
19440,8,Recent Low-Value Customers,287.3577,0.0,0.1138,2812.4643,2812.4643,0.0
19448,8,Recent Low-Value Customers,287.3577,0.0,0.1138,2812.4643,2812.4643,0.0
14382,8,Recent Low-Value Customers,287.3577,0.0,0.1138,2812.4643,2812.4643,0.0
14380,8,Recent Low-Value Customers,287.3577,0.0,0.1138,2812.4643,2812.4643,0.0
19188,8,Recent Low-Value Customers,287.3577,0.0,0.1138,2812.4643,2812.4643,0.0
19500,8,Recent Low-Value Customers,287.3577,0.0,0.1138,2812.4643,2812.4643,0.0
14365,8,Recent Low-Value Customers,287.3577,0.0,0.1138,2812.4643,2812.4643,0.0
14364,8,Recent Low-Value Customers,287.3577,0.0,0.1138,2812.4643,2812.4643,0.0
19197,8,Recent Low-Value Customers,287.3577,0.0,0.1138,2812.4643,2812.4643,0.0
14421,8,Recent Low-Value Customers,287.3577,0.0,0.1138,2812.4643,2812.4643,0.0
19455,8,Recent Low-Value Customers,287.3577,0.0,0.1138,2812.4643,2812.4643,0.0
19502,8,Recent Low-Value Customers,287.3577,0.0,0.1138,2812.4643,2812.4643,0.0
19506,8,Recent Low-Value Customers,287.3577,0.0,0.1138,2812.4643,2812.4643,0.0
14343,8,Recent Low-Value Customers,287.3577,0.0,0.1138,2812.4643,2812.4643,0.0
14342,8,Recent Low-Value Customers,287.3577,0.0,0.1138,2812.4643,2812.4643,0.0
14355,8,Recent Low-Value Customers,287.3577,0.0,0.1138,2812.4643,2812.4643,0.0
14354,8,Recent Low-Value Customers,287.3577,0.0,0.1138,2812.4643,2812.4643,0.0
19911,8,Recent Low-Value Customers,287.3577,0.0,0.1138,2812.4643,2812.4643,0.0
14337,8,Recent Low-Value Customers,287.3577,0.0,0.1138,2812.4643,2812.4643,0.0
19510,8,Recent Low-Value Customers,287.3577,0.0,0.1138,2812.4643,2812.4643,0.0
19511,8,Recent Low-Value Customers,287.3577,0.0,0.1138,2812.4643,2812.4643,0.0
19917,8,Recent Low-Value Customers,287.3577,0.0,0.1138,2812.4643,2812.4643,0.0
19916,8,Recent Low-Value Customers,287.3577,0.0,0.1138,2812.4643,2812.4643,0.0
19912,8,Recent Low-Value Customers,287.3577,0.0,0.1138,2812.4643,2812.4643,0.0
19918,8,Recent Low-Value Customers,287.3577,0.0,0.1138,2812.4643,2812.4643,0.0
19499,8,Recent Low-Value Customers,287.3577,0.0,0.1138,2812.4643,2812.4643,0.0
19493,8,Recent Low-Value Customers,287.3577,0.0,0.1138,2812.4643,2812.4643,0.0
19940,8,Recent Low-Value Customers,287.3577,0.0,0.1138,2812.4643,2812.4643,0.0
19035,8,Recent Low-Value Customers,287.3577,0.0,0.1138,2812.4643,2812.4643,0.0
14356,8,Recent Low-Value Customers,287.3577,0.0,0.1138,2812.4643,2812.4643,0.0
14406,8,Recent Low-Value Customers,287.3577,0.0,0.1138,2812.4643,2812.4643,0.0
19196,8,Recent Low-Value Customers,287.3577,0.0,0.1138,2812.4643,2812.4643,0.0
14381,8,Recent Low-Value Customers,287.3577,0.0,0.1138,2812.4643,2812.4643,0.0
19459,8,Recent Low-Value Customers,287.3577,0.0,0.1138,2812.4643,2812.4643,0.0
19467,8,Recent Low-Value Customers,287.3577,0.0,0.1138,2812.4643,2812.4643,0.0
19471,8,Recent Low-Value Customers,287.3577,0.0,0.1138,2812.4643,2812.4643,0.0
14379,8,Recent Low-Value Customers,287.3577,0.0,0.1138,2812.4643,2812.4643,0.0
19065,8,Recent Low-Value Customers,287.3577,0.0,0.1138,2812.4643,2812.4643,0.0
19057,8,Recent Low-Value Customers,287.3577,0.0,0.1138,2812.4643,2812.4643,0.0
19046,8,Recent Low-Value Customers,287.3577,0.0,0.1138,2812.4643,2812.4643,0.0
19040,8,Recent Low-Value Customers,287.3577,0.0,0.1138,2812.4643,2812.4643,0.0
19038,8,Recent Low-Value Customers,287.3577,0.0,0.1138,2812.4643,2812.4643,0.0
14362,8,Recent Low-Value Customers,287.3577,0.0,0.1138,2812.4643,2812.4643,0.0
14357,8,Recent Low-Value Customers,287.3577,0.0,0.1138,2812.4643,2812.4643,0.0
19067,8,Recent Low-Value Customers,287.3577,0.0,0.1138,2812.4643,2812.4643,0.0
25029,8,Recent Low-Value Customers,287.3577,0.0,0.1138,2812.4643,2812.4643,0.0
25030,8,Recent Low-Value Customers,287.3577,0.0,0.1138,2812.4643,2812.4643,0.0
25032,8,Recent Low-Value Customers,287.3577,0.0,0.1138,2812.4643,2812.4643,0.0
17773,8,Recent Low-Value Customers,287.3577,0.0,0.1138,2812.4643,2812.4643,0.0
25051,8,Recent Low-Value Customers,287.3577,0.0,0.1138,2812.4643,2812.4643,0.0
25052,8,Recent Low-Value Customers,287.3577,0.0,0.1138,2812.4643,2812.4643,0.0
25021,8,Recent Low-Value Customers,287.3577,0.0,0.1138,2812.4643,2812.4643,0.0
25020,8,Recent Low-Value Customers,287.3577,0.0,0.1138,2812.4643,2812.4643,0.0
17780,8,Recent Low-Value Customers,287.3577,0.0,0.1138,2812.4643,2812.4643,0.0
25033,8,Recent Low-Value Customers,287.3577,0.0,0.1138,2812.4643,2812.4643,0.0
25035,8,Recent Low-Value Customers,287.3577,0.0,0.1138,2812.4643,2812.4643,0.0
25034,8,Recent Low-Value Customers,287.3577,0.0,0.1138,2812.4643,2812.4643,0.0
25037,8,Recent Low-Value Customers,287.3577,0.0,0.1138,2812.4643,2812.4643,0.0
25222,8,Recent Low-Value Customers,287.3577,0.0,0.1138,2812.4643,2812.4643,0.0
25225,8,Recent Low-Value Customers,287.3577,0.0,0.1138,2812.4643,2812.4643,0.0
25036,8,Recent Low-Value Customers,287.3577,0.0,0.1138,2812.4643,2812.4643,0.0
25229,8,Recent Low-Value Customers,287.3577,0.0,0.1138,2812.4643,2812.4643,0.0
25231,8,Recent Low-Value Customers,287.3577,0.0,0.1138,2812.4643,2812.4643,0.0
25235,8,Recent Low-Value Customers,287.3577,0.0,0.1138,2812.4643,2812.4643,0.0
25242,8,Recent Low-Value Customers,287.3577,0.0,0.1138,2812.4643,2812.4643,0.0
17775,8,Recent Low-Value Customers,287.3577,0.0,0.1138,2812.4643,2812.4643,0.0
17778,8,Recent Low-Value Customers,287.3577,0.0,0.1138,2812.4643,2812.4643,0.0
17779,8,Recent Low-Value Customers,287.3577,0.0,0.1138,2812.4643,2812.4643,0.0
25022,8,Recent Low-Value Customers,287.3577,0.0,0.1138,2812.4643,2812.4643,0.0
17944,8,Recent Low-Value Customers,287.3577,0.0,0.1138,2812.4643,2812.4643,0.0
17932,8,Recent Low-Value Customers,287.3577,0.0,0.1138,2812.4643,2812.4643,0.0
17950,8,Recent Low-Value Customers,287.3577,0.0,0.1138,2812.4643,2812.4643,0.0
25243,8,Recent Low-Value Customers,287.3577,0.0,0.1138,2812.4643,2812.4643,0.0
17894,8,Recent Low-Value Customers,287.3577,0.0,0.1138,2812.4643,2812.4643,0.0
17897,8,Recent Low-Value Customers,287.3577,0.0,0.1138,2812.4643,2812.4643,0.0
17900,8,Recent Low-Value Customers,287.3577,0.0,0.1138,2812.4643,2812.4643,0.0
17885,8,Recent Low-Value Customers,287.3577,0.0,0.1138,2812.4643,2812.4643,0.0
17834,8,Recent Low-Value Customers,287.3577,0.0,0.1138,2812.4643,2812.4643,0.0
25053,8,Recent Low-Value Customers,287.3577,0.0,0.1138,2812.4643,2812.4643,0.0
14471,8,Recent Low-Value Customers,287.3577,0.0,0.1138,2812.4643,2812.4643,0.0
14473,8,Recent Low-Value Customers,287.3577,0.0,0.1138,2812.4643,2812.4643,0.0
17787,8,Recent Low-Value Customers,287.3577,0.0,0.1138,2812.4643,2812.4643,0.0
17827,8,Recent Low-Value Customers,287.3577,0.0,0.1138,2812.4643,2812.4643,0.0
17830,8,Recent Low-Value Customers,287.3577,0.0,0.1138,2812.4643,2812.4643,0.0
17831,8,Recent Low-Value Customers,287.3577,0.0,0.1138,2812.4643,2812.4643,0.0
14485,8,Recent Low-Value Customers,287.3577,0.0,0.1138,2812.4643,2812.4643,0.0
14484,8,Recent Low-Value Customers,287.3577,0.0,0.1138,2812.4643,2812.4643,0.0
14481,8,Recent Low-Value Customers,287.3577,0.0,0.1138,2812.4643,2812.4643,0.0
14477,8,Recent Low-Value Customers,287.3577,0.0,0.1138,2812.4643,2812.4643,0.0
14498,8,Recent Low-Value Customers,287.3577,0.0,0.1138,2812.4643,2812.4643,0.0
14433,8,Recent Low-Value Customers,287.3577,0.0,0.1138,2812.4643,2812.4643,0.0
14494,8,Recent Low-Value Customers,287.3577,0.0,0.1138,2812.4643,2812.4643,0.0
14495,8,Recent Low-Value Customers,287.3577,0.0,0.1138,2812.4643,2812.4643,0.0
25133,8,Recent Low-Value Customers,287.3577,0.0,0.1138,2812.4643,2812.4643,0.0
14434,8,Recent Low-Value Customers,287.3577,0.0,0.1138,2812.4643,2812.4643,0.0
25138,8,Recent Low-Value Customers,287.3577,0.0,0.1138,2812.4643,2812.4643,0.0
25213,8,Recent Low-Value Customers,287.3577,0.0,0.1138,2812.4643,2812.4643,0.0
25215,8,Recent Low-Value Customers,287.3577,0.0,0.1138,2812.4643,2812.4643,0.0
25214,8,Recent Low-Value Customers,287.3577,0.0,0.1138,2812.4643,2812.4643,0.0
25221,8,Recent Low-Value Customers,287.3577,0.0,0.1138,2812.4643,2812.4643,0.0
25218,8,Recent Low-Value Customers,287.3577,0.0,0.1138,2812.4643,2812.4643,0.0
14461,8,Recent Low-Value Customers,287.3577,0.0,0.1138,2812.4643,2809.0625,3.4018
25234,8,Recent Low-Value Customers,287.3577,0.0,0.1138,2812.4643,2809.0625,3.4018
17891,8,Recent Low-Value Customers,287.3577,0.0,0.1138,2812.4643,2807.2589,5.2054
25226,8,Recent Low-Value Customers,287.3577,0.0,0.1138,2812.4643,2803.1087,9.3556
25228,8,Recent Low-Value Customers,287.3577,0.0,0.1138,2812.4643,2803.1087,9.3556
25240,8,Recent Low-Value Customers,287.3577,0.0,0.1138,2812.4643,2790.3781,22.0862
16098,8,Recent Low-Value Customers,289.6566,0.0,0.1138,2834.9644,2784.9226,50.0417
14472,8,Recent Low-Value Customers,287.3577,0.0,0.1138,2812.4643,2780.689,31.7752
27765,8,Recent Low-Value Customers,280.9052,0.0,0.1138,2749.3116,2766.5024,-17.1909
29745,1,High Value but Cooling,215.5997,0.0,0.1241,1952.3771,2703.5926,-751.2154
18957,8,Recent Low-Value Customers,271.9651,0.0,0.1138,2661.8119,2685.52,-23.7081
30099,8,Recent Low-Value Customers,99.1172,0.0,0.1138,970.0926,2650.3826,-1680.29
29484,3,Inactive Low-Value Customers,1156.1463,0.2381,0.1079,3702.0524,2600.2496,1101.8028
29356,8,Recent Low-Value Customers,252.0418,0.0,0.1138,2466.816,2462.9707,3.8453
29855,1,High Value but Cooling,155.1774,0.0,0.1241,1405.219,2419.2719,-1014.0528
15549,8,Recent Low-Value Customers,263.0258,0.0,0.1138,2574.32,2414.435,159.885
27745,8,Recent Low-Value Customers,244.8428,0.0,0.1138,2396.357,2401.134,-4.777
18958,8,Recent Low-Value Customers,261.1979,0.0,0.1138,2556.4297,2377.783,178.6467
27744,8,Recent Low-Value Customers,240.0392,0.0,0.1138,2349.3426,2373.5719,-24.2294
21488,8,Recent Low-Value Customers,238.4932,0.0,0.1138,2334.2114,2355.1878,-20.9764
25946,2,Inactive Minimal Buyers,212.3916,0.0,0.1029,2275.4953,2291.6806,-16.1853
19027,2,Inactive Minimal Buyers,212.3916,0.0,0.1029,2275.4953,2291.1162,-15.6209
14884,2,Inactive Minimal Buyers,212.3916,0.0,0.1029,2275.4953,2278.5736,-3.0783
14894,2,Inactive Minimal Buyers,212.3916,0.0,0.1029,2275.4953,2278.5736,-3.0783
25945,2,Inactive Minimal Buyers,212.3916,0.0,0.1029,2275.4953,2278.052,-2.5567
25948,2,Inactive Minimal Buyers,212.3916,0.0,0.1029,2275.4953,2277.6215,-2.1262
14914,2,Inactive Minimal Buyers,212.3916,0.0,0.1029,2275.4953,2277.46,-1.9647
25940,2,Inactive Minimal Buyers,212.3916,0.0,0.1029,2275.4953,2276.8507,-1.3554
19041,2,Inactive Minimal Buyers,212.3916,0.0,0.1029,2275.4953,2276.6893,-1.194
19028,2,Inactive Minimal Buyers,212.3916,0.0,0.1029,2275.4953,2275.8246,-0.3293
25941,2,Inactive Minimal Buyers,212.3916,0.0,0.1029,2275.4953,2275.6629,-0.1676
19904,2,Inactive Minimal Buyers,212.3916,0.0,0.1029,2275.4953,2275.6452,-0.1499
19051,2,Inactive Minimal Buyers,212.3916,0.0,0.1029,2275.4953,2275.5015,-0.0062
15005,2,Inactive Minimal Buyers,212.3916,0.0,0.1029,2275.4953,2275.5015,-0.0062
14616,2,Inactive Minimal Buyers,212.3916,0.0,0.1029,2275.4953,2275.4953,0.0
14657,2,Inactive Minimal Buyers,212.3916,0.0,0.1029,2275.4953,2275.4953,0.0
14643,2,Inactive Minimal Buyers,212.3916,0.0,0.1029,2275.4953,2275.4953,0.0
14601,2,Inactive Minimal Buyers,212.3916,0.0,0.1029,2275.4953,2275.4953,0.0
14617,2,Inactive Minimal Buyers,212.3916,0.0,0.1029,2275.4953,2275.4953,0.0
14634,2,Inactive Minimal Buyers,212.3916,0.0,0.1029,2275.4953,2275.4953,0.0
14560,2,Inactive Minimal Buyers,212.3916,0.0,0.1029,2275.4953,2275.4953,0.0
14747,2,Inactive Minimal Buyers,212.3916,0.0,0.1029,2275.4953,2275.4953,0.0
25270,2,Inactive Minimal Buyers,212.3916,0.0,0.1029,2275.4953,2275.4953,0.0
14750,2,Inactive Minimal Buyers,212.3916,0.0,0.1029,2275.4953,2275.4953,0.0
14752,2,Inactive Minimal Buyers,212.3916,0.0,0.1029,2275.4953,2275.4953,0.0
14753,2,Inactive Minimal Buyers,212.3916,0.0,0.1029,2275.4953,2275.4953,0.0
14602,2,Inactive Minimal Buyers,212.3916,0.0,0.1029,2275.4953,2275.4953,0.0
14603,2,Inactive Minimal Buyers,212.3916,0.0,0.1029,2275.4953,2275.4953,0.0
14614,2,Inactive Minimal Buyers,212.3916,0.0,0.1029,2275.4953,2275.4953,0.0
14585,2,Inactive Minimal Buyers,212.3916,0.0,0.1029,2275.4953,2275.4953,0.0
14589,2,Inactive Minimal Buyers,212.3916,0.0,0.1029,2275.4953,2275.4953,0.0
14590,2,Inactive Minimal Buyers,212.3916,0.0,0.1029,2275.4953,2275.4953,0.0
14591,2,Inactive Minimal Buyers,212.3916,0.0,0.1029,2275.4953,2275.4953,0.0
19496,2,Inactive Minimal Buyers,212.3916,0.0,0.1029,2275.4953,2275.4953,0.0
19501,2,Inactive Minimal Buyers,212.3916,0.0,0.1029,2275.4953,2275.4953,0.0
19941,2,Inactive Minimal Buyers,212.3916,0.0,0.1029,2275.4953,2275.4953,0.0
19942,2,Inactive Minimal Buyers,212.3916,0.0,0.1029,2275.4953,2275.4953,0.0
20042,2,Inactive Minimal Buyers,212.3916,0.0,0.1029,2275.4953,2275.4953,0.0
20048,2,Inactive Minimal Buyers,212.3916,0.0,0.1029,2275.4953,2275.4953,0.0
20049,2,Inactive Minimal Buyers,212.3916,0.0,0.1029,2275.4953,2275.4953,0.0
20052,2,Inactive Minimal Buyers,212.3916,0.0,0.1029,2275.4953,2275.4953,0.0
20054,2,Inactive Minimal Buyers,212.3916,0.0,0.1029,2275.4953,2275.4953,0.0
20060,2,Inactive Minimal Buyers,212.3916,0.0,0.1029,2275.4953,2275.4953,0.0
25826,2,Inactive Minimal Buyers,212.3916,0.0,0.1029,2275.4953,2275.4953,0.0
25827,2,Inactive Minimal Buyers,212.3916,0.0,0.1029,2275.4953,2275.4953,0.0
25828,2,Inactive Minimal Buyers,212.3916,0.0,0.1029,2275.4953,2275.4953,0.0
25829,2,Inactive Minimal Buyers,212.3916,0.0,0.1029,2275.4953,2275.4953,0.0
25830,2,Inactive Minimal Buyers,212.3916,0.0,0.1029,2275.4953,2275.4953,0.0
25938,2,Inactive Minimal Buyers,212.3916,0.0,0.1029,2275.4953,2275.4953,0.0
25821,2,Inactive Minimal Buyers,212.3916,0.0,0.1029,2275.4953,2275.4953,0.0
14636,2,Inactive Minimal Buyers,212.3916,0.0,0.1029,2275.4953,2275.4953,0.0
14639,2,Inactive Minimal Buyers,212.3916,0.0,0.1029,2275.4953,2275.4953,0.0
26629,2,Inactive Minimal Buyers,212.3916,0.0,0.1029,2275.4953,2275.4953,0.0
26620,2,Inactive Minimal Buyers,212.3916,0.0,0.1029,2275.4953,2275.4953,0.0
25718,2,Inactive Minimal Buyers,212.3916,0.0,0.1029,2275.4953,2275.4953,0.0
25717,2,Inactive Minimal Buyers,212.3916,0.0,0.1029,2275.4953,2275.4953,0.0
25819,2,Inactive Minimal Buyers,212.3916,0.0,0.1029,2275.4953,2275.4953,0.0
14652,2,Inactive Minimal Buyers,212.3916,0.0,0.1029,2275.4953,2275.4953,0.0
14896,2,Inactive Minimal Buyers,212.3916,0.0,0.1029,2275.4953,2275.4953,0.0
14902,2,Inactive Minimal Buyers,212.3916,0.0,0.1029,2275.4953,2275.4953,0.0
25249,2,Inactive Minimal Buyers,212.3916,0.0,0.1029,2275.4953,2275.4953,0.0
20569,2,Inactive Minimal Buyers,212.3916,0.0,0.1029,2275.4953,2275.4953,0.0
20567,2,Inactive Minimal Buyers,212.3916,0.0,0.1029,2275.4953,2275.4953,0.0
20564,2,Inactive Minimal Buyers,212.3916,0.0,0.1029,2275.4953,2275.4953,0.0
20562,2,Inactive Minimal Buyers,212.3916,0.0,0.1029,2275.4953,2275.4953,0.0
20561,2,Inactive Minimal Buyers,212.3916,0.0,0.1029,2275.4953,2275.4953,0.0
20558,2,Inactive Minimal Buyers,212.3916,0.0,0.1029,2275.4953,2275.4953,0.0
20552,2,Inactive Minimal Buyers,212.3916,0.0,0.1029,2275.4953,2275.4953,0.0
20173,2,Inactive Minimal Buyers,212.3916,0.0,0.1029,2275.4953,2275.4953,0.0
20172,2,Inactive Minimal Buyers,212.3916,0.0,0.1029,2275.4953,2275.4953,0.0
25716,2,Inactive Minimal Buyers,212.3916,0.0,0.1029,2275.4953,2275.4953,0.0
25563,2,Inactive Minimal Buyers,212.3916,0.0,0.1029,2275.4953,2275.4953,0.0
25562,2,Inactive Minimal Buyers,212.3916,0.0,0.1029,2275.4953,2275.4953,0.0
25250,2,Inactive Minimal Buyers,212.3916,0.0,0.1029,2275.4953,2275.4953,0.0
25558,2,Inactive Minimal Buyers,212.3916,0.0,0.1029,2275.4953,2275.4953,0.0
25557,2,Inactive Minimal Buyers,212.3916,0.0,0.1029,2275.4953,2275.4953,0.0
25704,2,Inactive Minimal Buyers,212.3916,0.0,0.1029,2275.4953,2275.4953,0.0
25568,2,Inactive Minimal Buyers,212.3916,0.0,0.1029,2275.4953,2275.4953,0.0
25567,2,Inactive Minimal Buyers,212.3916,0.0,0.1029,2275.4953,2275.4953,0.0
25566,2,Inactive Minimal Buyers,212.3916,0.0,0.1029,2275.4953,2275.4953,0.0
25565,2,Inactive Minimal Buyers,212.3916,0.0,0.1029,2275.4953,2275.4953,0.0
25705,2,Inactive Minimal Buyers,212.3916,0.0,0.1029,2275.4953,2275.4953,0.0
25713,2,Inactive Minimal Buyers,212.3916,0.0,0.1029,2275.4953,2275.4953,0.0
25712,2,Inactive Minimal Buyers,212.3916,0.0,0.1029,2275.4953,2275.4953,0.0
20575,2,Inactive Minimal Buyers,212.3916,0.0,0.1029,2275.4953,2275.4953,0.0
19033,2,Inactive Minimal Buyers,212.3916,0.0,0.1029,2275.4953,2275.4953,0.0
25564,2,Inactive Minimal Buyers,212.3916,0.0,0.1029,2275.4953,2275.4953,0.0
25559,2,Inactive Minimal Buyers,212.3916,0.0,0.1029,2275.4953,2275.4953,0.0
25294,2,Inactive Minimal Buyers,212.3916,0.0,0.1029,2275.4953,2275.4953,0.0
25711,2,Inactive Minimal Buyers,212.3916,0.0,0.1029,2275.4953,2275.4953,0.0
25560,2,Inactive Minimal Buyers,212.3916,0.0,0.1029,2275.4953,2275.4953,0.0
25561,2,Inactive Minimal Buyers,212.3916,0.0,0.1029,2275.4953,2275.4953,0.0
25556,2,Inactive Minimal Buyers,212.3916,0.0,0.1029,2275.4953,2275.4953,0.0
25555,2,Inactive Minimal Buyers,212.3916,0.0,0.1029,2275.4953,2275.4953,0.0
27014,2,Inactive Minimal Buyers,212.3916,0.0,0.1029,2275.4953,2275.4953,0.0
25939,2,Inactive Minimal Buyers,212.3916,0.0,0.1029,2275.4953,2275.4953,0.0
25714,2,Inactive Minimal Buyers,212.3916,0.0,0.1029,2275.4953,2275.4953,0.0
25715,2,Inactive Minimal Buyers,212.3916,0.0,0.1029,2275.4953,2275.4953,0.0
25709,2,Inactive Minimal Buyers,212.3916,0.0,0.1029,2275.4953,2275.4953,0.0
25706,2,Inactive Minimal Buyers,212.3916,0.0,0.1029,2275.4953,2275.4953,0.0
15006,2,Inactive Minimal Buyers,212.3916,0.0,0.1029,2275.4953,2275.4953,0.0
15016,2,Inactive Minimal Buyers,212.3916,0.0,0.1029,2275.4953,2275.4953,0.0
25710,2,Inactive Minimal Buyers,212.3916,0.0,0.1029,2275.4953,2275.4953,0.0
27026,2,Inactive Minimal Buyers,212.3916,0.0,0.1029,2275.4953,2275.4953,0.0
14913,2,Inactive Minimal Buyers,212.3916,0.0,0.1029,2275.4953,2275.4953,0.0
25949,2,Inactive Minimal Buyers,212.3916,0.0,0.1029,2275.4953,2275.4953,0.0
25708,2,Inactive Minimal Buyers,212.3916,0.0,0.1029,2275.4953,2275.4953,0.0
25707,2,Inactive Minimal Buyers,212.3916,0.0,0.1029,2275.4953,2275.4953,0.0
25944,2,Inactive Minimal Buyers,212.3916,0.0,0.1029,2275.4953,2275.4953,0.0
14915,2,Inactive Minimal Buyers,212.3916,0.0,0.1029,2275.4953,2275.4953,0.0
25947,2,Inactive Minimal Buyers,212.3916,0.0,0.1029,2275.4953,2275.4953,0.0
19387,2,Inactive Minimal Buyers,212.3916,0.0,0.1029,2275.4953,2275.4953,0.0
19415,2,Inactive Minimal Buyers,212.3916,0.0,0.1029,2275.4953,2275.4953,0.0
19420,2,Inactive Minimal Buyers,212.3916,0.0,0.1029,2275.4953,2275.4953,0.0
19429,2,Inactive Minimal Buyers,212.3916,0.0,0.1029,2275.4953,2275.4953,0.0
19432,2,Inactive Minimal Buyers,212.3916,0.0,0.1029,2275.4953,2275.4953,0.0
19438,2,Inactive Minimal Buyers,212.3916,0.0,0.1029,2275.4953,2275.4953,0.0
18634,2,Inactive Minimal Buyers,212.3916,0.0,0.1029,2275.4953,2275.4953,0.0
18143,2,Inactive Minimal Buyers,212.3916,0.0,0.1029,2275.4953,2275.4953,0.0
18148,2,Inactive Minimal Buyers,212.3916,0.0,0.1029,2275.4953,2275.4953,0.0
18038,2,Inactive Minimal Buyers,212.3916,0.0,0.1029,2275.4953,2275.4953,0.0
19439,2,Inactive Minimal Buyers,212.3916,0.0,0.1029,2275.4953,2275.4953,0.0
14653,2,Inactive Minimal Buyers,212.3916,0.0,0.1029,2275.4953,2275.4953,0.0
14656,2,Inactive Minimal Buyers,212.3916,0.0,0.1029,2275.4953,2275.4953,0.0
19450,2,Inactive Minimal Buyers,212.3916,0.0,0.1029,2275.4953,2275.4953,0.0
19443,2,Inactive Minimal Buyers,212.3916,0.0,0.1029,2275.4953,2275.4953,0.0
19454,2,Inactive Minimal Buyers,212.3916,0.0,0.1029,2275.4953,2275.4953,0.0
19451,2,Inactive Minimal Buyers,212.3916,0.0,0.1029,2275.4953,2275.4953,0.0
14740,2,Inactive Minimal Buyers,212.3916,0.0,0.1029,2275.4953,2275.4953,0.0
19472,2,Inactive Minimal Buyers,212.3916,0.0,0.1029,2275.4953,2275.4953,0.0
19476,2,Inactive Minimal Buyers,212.3916,0.0,0.1029,2275.4953,2275.4953,0.0
19453,2,Inactive Minimal Buyers,212.3916,0.0,0.1029,2275.4953,2275.4953,0.0
14754,2,Inactive Minimal Buyers,212.3916,0.0,0.1029,2275.4953,2275.4953,0.0
14755,2,Inactive Minimal Buyers,212.3916,0.0,0.1029,2275.4953,2275.4953,0.0
14756,2,Inactive Minimal Buyers,212.3916,0.0,0.1029,2275.4953,2275.4953,0.0
17956,2,Inactive Minimal Buyers,212.3916,0.0,0.1029,2275.4953,2275.4953,0.0
17957,2,Inactive Minimal Buyers,212.3916,0.0,0.1029,2275.4953,2275.4953,0.0
18008,2,Inactive Minimal Buyers,212.3916,0.0,0.1029,2275.4953,2275.4953,0.0
18009,2,Inactive Minimal Buyers,212.3916,0.0,0.1029,2275.4953,2275.4953,0.0
14739,2,Inactive Minimal Buyers,212.3916,0.0,0.1029,2275.4953,2275.4953,0.0
18010,2,Inactive Minimal Buyers,212.3916,0.0,0.1029,2275.4953,2275.4953,0.0
14880,2,Inactive Minimal Buyers,212.3916,0.0,0.1029,2275.4953,2275.4953,0.0
14881,2,Inactive Minimal Buyers,212.3916,0.0,0.1029,2275.4953,2275.4953,0.0
19325,2,Inactive Minimal Buyers,212.3916,0.0,0.1029,2275.4953,2275.4953,0.0
19329,2,Inactive Minimal Buyers,212.3916,0.0,0.1029,2275.4953,2275.4953,0.0
19339,2,Inactive Minimal Buyers,212.3916,0.0,0.1029,2275.4953,2275.4953,0.0
19340,2,Inactive Minimal Buyers,212.3916,0.0,0.1029,2275.4953,2275.4953,0.0
19353,2,Inactive Minimal Buyers,212.3916,0.0,0.1029,2275.4953,2275.4953,0.0
19357,2,Inactive Minimal Buyers,212.3916,0.0,0.1029,2275.4953,2275.4953,0.0
19364,2,Inactive Minimal Buyers,212.3916,0.0,0.1029,2275.4953,2275.4953,0.0
18011,2,Inactive Minimal Buyers,212.3916,0.0,0.1029,2275.4953,2275.4953,0.0
14732,2,Inactive Minimal Buyers,212.3916,0.0,0.1029,2275.4953,2275.4953,0.0
14733,2,Inactive Minimal Buyers,212.3916,0.0,0.1029,2275.4953,2275.4953,0.0
14734,2,Inactive Minimal Buyers,212.3916,0.0,0.1029,2275.4953,2275.4953,0.0
14735,2,Inactive Minimal Buyers,212.3916,0.0,0.1029,2275.4953,2275.4953,0.0
19482,2,Inactive Minimal Buyers,212.3916,0.0,0.1029,2275.4953,2275.4953,0.0
14738,2,Inactive Minimal Buyers,212.3916,0.0,0.1029,2275.4953,2275.4953,0.0
17999,2,Inactive Minimal Buyers,212.3916,0.0,0.1029,2275.4953,2275.4953,0.0
18137,2,Inactive Minimal Buyers,212.3916,0.0,0.1029,2275.4953,2275.4953,0.0
14741,2,Inactive Minimal Buyers,212.3916,0.0,0.1029,2275.4953,2275.4953,0.0
14744,2,Inactive Minimal Buyers,212.3916,0.0,0.1029,2275.4953,2275.4953,0.0
14746,2,Inactive Minimal Buyers,212.3916,0.0,0.1029,2275.4953,2275.4953,0.0
26683,2,Inactive Minimal Buyers,212.3916,0.0,0.1029,2275.4953,2275.4953,0.0
26692,2,Inactive Minimal Buyers,212.3916,0.0,0.1029,2275.4953,2275.4953,0.0
26782,2,Inactive Minimal Buyers,212.3916,0.0,0.1029,2275.4953,2275.4953,0.0
26789,2,Inactive Minimal Buyers,212.3916,0.0,0.1029,2275.4953,2275.4953,0.0
18175,2,Inactive Minimal Buyers,212.3916,0.0,0.1029,2275.4953,2275.4953,0.0
17975,2,Inactive Minimal Buyers,212.3916,0.0,0.1029,2275.4953,2275.4953,0.0
18046,2,Inactive Minimal Buyers,212.3916,0.0,0.1029,2275.4953,2275.4953,0.0
18163,2,Inactive Minimal Buyers,212.3916,0.0,0.1029,2275.4953,2275.4953,0.0
14852,2,Inactive Minimal Buyers,212.3916,0.0,0.1029,2275.4953,2275.4953,0.0
14868,2,Inactive Minimal Buyers,212.3916,0.0,0.1029,2275.4953,2275.4953,0.0
14879,2,Inactive Minimal Buyers,212.3916,0.0,0.1029,2275.4953,2275.4953,0.0
14558,2,Inactive Minimal Buyers,212.3916,0.0,0.1029,2275.4953,2275.4953,0.0
14559,2,Inactive Minimal Buyers,212.3916,0.0,0.1029,2275.4953,2275.4953,0.0
14882,2,Inactive Minimal Buyers,212.3916,0.0,0.1029,2275.4953,2275.4953,0.0
14883,2,Inactive Minimal Buyers,212.3916,0.0,0.1029,2275.4953,2275.4953,0.0
14888,2,Inactive Minimal Buyers,212.3916,0.0,0.1029,2275.4953,2275.4953,0.0
14891,2,Inactive Minimal Buyers,212.3916,0.0,0.1029,2275.4953,2275.4953,0.0
14892,2,Inactive Minimal Buyers,212.3916,0.0,0.1029,2275.4953,2275.4953,0.0
26630,2,Inactive Minimal Buyers,212.3916,0.0,0.1029,2275.4953,2275.4953,0.0
26640,2,Inactive Minimal Buyers,212.3916,0.0,0.1029,2275.4953,2275.4953,0.0
26643,2,Inactive Minimal Buyers,212.3916,0.0,0.1029,2275.4953,2275.4953,0.0
14660,2,Inactive Minimal Buyers,212.3916,0.0,0.1029,2275.4953,2275.4953,0.0
14662,2,Inactive Minimal Buyers,212.3916,0.0,0.1029,2275.4953,2275.4953,0.0
14664,2,Inactive Minimal Buyers,212.3916,0.0,0.1029,2275.4953,2275.4953,0.0
18132,2,Inactive Minimal Buyers,212.3916,0.0,0.1029,2275.4953,2275.4953,0.0
14737,2,Inactive Minimal Buyers,212.3916,0.0,0.1029,2275.4953,2275.4953,0.0
17987,2,Inactive Minimal Buyers,212.3916,0.0,0.1029,2275.4953,2275.4953,0.0
17996,2,Inactive Minimal Buyers,212.3916,0.0,0.1029,2275.4953,2275.4953,0.0
14726,2,Inactive Minimal Buyers,212.3916,0.0,0.1029,2275.4953,2275.4953,0.0
14722,2,Inactive Minimal Buyers,212.3916,0.0,0.1029,2275.4953,2275.4953,0.0
14565,2,Inactive Minimal Buyers,212.3916,0.0,0.1029,2275.4953,2275.4953,0.0
14572,2,Inactive Minimal Buyers,212.3916,0.0,0.1029,2275.4953,2275.4953,0.0
14576,2,Inactive Minimal Buyers,212.3916,0.0,0.1029,2275.4953,2275.4953,0.0
18004,2,Inactive Minimal Buyers,212.3916,0.0,0.1029,2275.4953,2275.4953,0.0
17971,2,Inactive Minimal Buyers,212.3916,0.0,0.1029,2275.4953,2275.4953,0.0
17973,2,Inactive Minimal Buyers,212.3916,0.0,0.1029,2275.4953,2275.4953,0.0
18039,2,Inactive Minimal Buyers,212.3916,0.0,0.1029,2275.4953,2275.4953,0.0
14912,2,Inactive Minimal Buyers,212.3916,0.0,0.1029,2275.4953,2275.4953,0.0
17982,2,Inactive Minimal Buyers,212.3916,0.0,0.1029,2275.4953,2275.4953,0.0
14501,2,Inactive Minimal Buyers,212.3916,0.0,0.1029,2275.4953,2275.4953,0.0
14510,2,Inactive Minimal Buyers,212.3916,0.0,0.1029,2275.4953,2275.4953,0.0
14577,2,Inactive Minimal Buyers,212.3916,0.0,0.1029,2275.4953,2275.4953,0.0
18131,2,Inactive Minimal Buyers,212.3916,0.0,0.1029,2275.4953,2275.4953,0.0
25822,2,Inactive Minimal Buyers,212.3916,0.0,0.1029,2275.4953,2275.4953,0.0
25823,2,Inactive Minimal Buyers,212.3916,0.0,0.1029,2275.4953,2275.4953,0.0
25252,2,Inactive Minimal Buyers,212.3916,0.0,0.1029,2275.4953,2275.4953,0.0
25271,2,Inactive Minimal Buyers,212.3916,0.0,0.1029,2275.4953,2275.4953,0.0
25272,2,Inactive Minimal Buyers,212.3916,0.0,0.1029,2275.4953,2275.4953,0.0
25273,2,Inactive Minimal Buyers,212.3916,0.0,0.1029,2275.4953,2275.4953,0.0
25831,2,Inactive Minimal Buyers,212.3916,0.0,0.1029,2275.4953,2275.4953,0.0
25832,2,Inactive Minimal Buyers,212.3916,0.0,0.1029,2275.4953,2275.4953,0.0
25918,2,Inactive Minimal Buyers,212.3916,0.0,0.1029,2275.4953,2275.4953,0.0
25919,2,Inactive Minimal Buyers,212.3916,0.0,0.1029,2275.4953,2275.4953,0.0
25920,2,Inactive Minimal Buyers,212.3916,0.0,0.1029,2275.4953,2275.4953,0.0
25921,2,Inactive Minimal Buyers,212.3916,0.0,0.1029,2275.4953,2275.4953,0.0
25922,2,Inactive Minimal Buyers,212.3916,0.0,0.1029,2275.4953,2275.4953,0.0
25926,2,Inactive Minimal Buyers,212.3916,0.0,0.1029,2275.4953,2275.4953,0.0
14520,2,Inactive Minimal Buyers,212.3916,0.0,0.1029,2275.4953,2275.4953,0.0
25927,2,Inactive Minimal Buyers,212.3916,0.0,0.1029,2275.4953,2275.4953,0.0
14645,2,Inactive Minimal Buyers,212.3916,0.0,0.1029,2275.4953,2275.4953,0.0
14584,2,Inactive Minimal Buyers,212.3916,0.0,0.1029,2275.4953,2275.4953,0.0
14610,2,Inactive Minimal Buyers,212.3916,0.0,0.1029,2275.4953,2275.4953,0.0
14613,2,Inactive Minimal Buyers,212.3916,0.0,0.1029,2275.4953,2275.4953,0.0
14646,2,Inactive Minimal Buyers,212.3916,0.0,0.1029,2275.4953,2275.4953,0.0
14647,2,Inactive Minimal Buyers,212.3916,0.0,0.1029,2275.4953,2275.4953,0.0
14648,2,Inactive Minimal Buyers,212.3916,0.0,0.1029,2275.4953,2275.4953,0.0
14649,2,Inactive Minimal Buyers,212.3916,0.0,0.1029,2275.4953,2275.4953,0.0
14650,2,Inactive Minimal Buyers,212.3916,0.0,0.1029,2275.4953,2275.4953,0.0
14651,2,Inactive Minimal Buyers,212.3916,0.0,0.1029,2275.4953,2275.4953,0.0
14727,2,Inactive Minimal Buyers,212.3916,0.0,0.1029,2275.4953,2275.4953,0.0
14728,2,Inactive Minimal Buyers,212.3916,0.0,0.1029,2275.4953,2275.4953,0.0
14730,2,Inactive Minimal Buyers,212.3916,0.0,0.1029,2275.4953,2275.4953,0.0
14731,2,Inactive Minimal Buyers,212.3916,0.0,0.1029,2275.4953,2275.4953,0.0
14895,2,Inactive Minimal Buyers,212.3916,0.0,0.1029,2275.4953,2275.4953,0.0
14596,2,Inactive Minimal Buyers,212.3916,0.0,0.1029,2275.4953,2275.4953,0.0
14599,2,Inactive Minimal Buyers,212.3916,0.0,0.1029,2275.4953,2275.4953,0.0
14580,2,Inactive Minimal Buyers,212.3916,0.0,0.1029,2275.4953,2275.4953,0.0
14581,2,Inactive Minimal Buyers,212.3916,0.0,0.1029,2275.4953,2275.4953,0.0
25928,2,Inactive Minimal Buyers,212.3916,0.0,0.1029,2275.4953,2275.4953,0.0
25935,2,Inactive Minimal Buyers,212.3916,0.0,0.1029,2275.4953,2275.4953,0.0
25936,2,Inactive Minimal Buyers,212.3916,0.0,0.1029,2275.4953,2275.4953,0.0
25937,2,Inactive Minimal Buyers,212.3916,0.0,0.1029,2275.4953,2275.4953,0.0
14757,2,Inactive Minimal Buyers,212.3916,0.0,0.1029,2275.4953,2275.4953,0.0
20149,2,Inactive Minimal Buyers,212.3916,0.0,0.1029,2275.4953,2275.4953,0.0
20150,2,Inactive Minimal Buyers,212.3916,0.0,0.1029,2275.4953,2275.4953,0.0
20164,2,Inactive Minimal Buyers,212.3916,0.0,0.1029,2275.4953,2275.4953,0.0
20165,2,Inactive Minimal Buyers,212.3916,0.0,0.1029,2275.4953,2275.4953,0.0
20167,2,Inactive Minimal Buyers,212.3916,0.0,0.1029,2275.4953,2275.4953,0.0
20170,2,Inactive Minimal Buyers,212.3916,0.0,0.1029,2275.4953,2275.4953,0.0
19365,2,Inactive Minimal Buyers,212.3916,0.0,0.1029,2275.4953,2275.4953,0.0
19518,2,Inactive Minimal Buyers,212.3916,0.0,0.1029,2275.4953,2275.3221,0.1732
19901,2,Inactive Minimal Buyers,212.3916,0.0,0.1029,2275.4953,2275.3159,0.1794
15023,2,Inactive Minimal Buyers,212.3916,0.0,0.1029,2275.4953,2275.1993,0.296
22441,8,Recent Low-Value Customers,229.0632,0.0,0.1138,2241.9169,2265.5526,-23.6358
22415,8,Recent Low-Value Customers,222.2108,0.0,0.1138,2174.8502,2259.7651,-84.915
25605,8,Recent Low-Value Customers,234.1945,0.0,0.1138,2292.1386,2241.3068,50.8318
22330,8,Recent Low-Value Customers,239.5155,0.0,0.1138,2344.217,2238.1621,106.0548
30085,1,High Value but Cooling,286.5797,0.0,0.1241,2595.1411,2234.7964,360.3447
22393,8,Recent Low-Value Customers,226.9955,0.0,0.1138,2221.6796,2221.3689,0.3107
21469,8,Recent Low-Value Customers,226.9955,0.0,0.1138,2221.6796,2218.5949,3.0846
21014,8,Recent Low-Value Customers,217.5095,0.0,0.1138,2128.837,2211.4403,-82.6033
22436,8,Recent Low-Value Customers,217.5095,0.0,0.1138,2128.837,2207.5571,-78.7201
22284,8,Recent Low-Value Customers,234.1945,0.0,0.1138,2292.1386,2161.7002,130.4384
16015,8,Recent Low-Value Customers,218.2441,0.0,0.1138,2136.0268,2138.9489,-2.9221
22274,8,Recent Low-Value Customers,218.2441,0.0,0.1138,2136.0268,2138.9489,-2.9221
20977,8,Recent Low-Value Customers,218.2441,0.0,0.1138,2136.0268,2135.2821,0.7446
22273,8,Recent Low-Value Customers,218.2441,0.0,0.1138,2136.0268,2135.1347,0.8921
16218,8,Recent Low-Value Customers,218.2441,0.0,0.1138,2136.0268,2133.0726,2.9542
21465,8,Recent Low-Value Customers,218.2441,0.0,0.1138,2136.0268,2131.0679,4.9588
21017,8,Recent Low-Value Customers,220.4225,0.0,0.1138,2157.3475,2130.0476,27.2999
22414,8,Recent Low-Value Customers,218.2441,0.0,0.1138,2136.0268,2127.2706,8.7561
22432,8,Recent Low-Value Customers,220.4225,0.0,0.1138,2157.3475,2126.2561,31.0913
29355,8,Recent Low-Value Customers,213.7243,0.0,0.1138,2091.79,2088.5433,3.2467
25609,8,Recent Low-Value Customers,212.2908,0.0,0.1138,2077.7599,2084.1515,-6.3917
25611,8,Recent Low-Value Customers,211.6711,0.0,0.1138,2071.6947,2069.3846,2.31
21448,8,Recent Low-Value Customers,211.6711,0.0,0.1138,2071.6947,2066.3997,5.295
21600,8,Recent Low-Value Customers,211.2266,0.0,0.1138,2067.3442,2061.7055,5.6387
22260,8,Recent Low-Value Customers,211.2266,0.0,0.1138,2067.3442,2060.7118,6.6324
25641,8,Recent Low-Value Customers,209.7931,0.0,0.1138,2053.314,2053.7049,-0.3908
21004,8,Recent Low-Value Customers,209.7931,0.0,0.1138,2053.314,2053.0993,0.2148
21438,8,Recent Low-Value Customers,209.7931,0.0,0.1138,2053.314,2052.7227,0.5913
29604,1,High Value but Cooling,261.0418,0.0,0.1241,2363.881,2051.8994,311.9816
22261,8,Recent Low-Value Customers,209.7931,0.0,0.1138,2053.314,2051.7031,1.611
21597,8,Recent Low-Value Customers,209.7931,0.0,0.1138,2053.314,2049.6629,3.6511
21440,8,Recent Low-Value Customers,207.1595,0.0,0.1138,2027.5381,2027.312,0.2262
22259,8,Recent Low-Value Customers,207.1595,0.0,0.1138,2027.5381,2026.5173,1.0208
21470,8,Recent Low-Value Customers,207.1595,0.0,0.1138,2027.5381,2021.0944,6.4437
22254,8,Recent Low-Value Customers,205.0918,0.0,0.1138,2007.3009,2009.1342,-1.8333
27949,8,Recent Low-Value Customers,205.0918,0.0,0.1138,2007.3009,2008.5813,-1.2805
21466,8,Recent Low-Value Customers,206.5253,0.0,0.1138,2021.331,1984.7599,36.5712
21575,8,Recent Low-Value Customers,201.9681,0.0,0.1138,1976.7282,1978.624,-1.8958
21487,8,Recent Low-Value Customers,201.9681,0.0,0.1138,1976.7282,1976.8219,-0.0937
29915,1,High Value but Cooling,295.7683,0.0,0.1241,2678.3491,1961.8611,716.488
30110,1,High Value but Cooling,223.4598,0.0,0.1241,2023.5548,1932.1602,91.3946
21439,8,Recent Low-Value Customers,196.3404,0.0,0.1138,1921.6481,1920.9406,0.7074
21576,8,Recent Low-Value Customers,201.9681,0.0,0.1138,1976.7282,1917.8552,58.8731
22459,8,Recent Low-Value Customers,196.3404,0.0,0.1138,1921.6481,1912.7605,8.8875
22262,8,Recent Low-Value Customers,196.3404,0.0,0.1138,1921.6481,1900.5967,21.0513
25608,8,Recent Low-Value Customers,196.3404,0.0,0.1138,1921.6481,1900.2142,21.4339
29584,1,High Value but Cooling,207.4944,0.0,0.1241,1878.979,1896.0865,-17.1075
22398,8,Recent Low-Value Customers,196.3404,0.0,0.1138,1921.6481,1846.6333,75.0148
21013,8,Recent Low-Value Customers,201.9681,0.0,0.1138,1976.7282,1844.3722,132.356
29536,1,High Value but Cooling,219.9065,0.0,0.1241,1991.3776,1825.6417,165.7359
29490,1,High Value but Cooling,181.4719,0.0,0.1241,1643.3306,1694.5456,-51.215
29635,1,High Value but Cooling,249.189,0.0,0.1241,2256.5472,1677.0732,579.474
30021,8,Recent Low-Value Customers,144.3133,0.0,0.1138,1412.4417,1662.7956,-250.3539
29882,1,High Value but Cooling,185.1579,0.0,0.1241,1676.7094,1573.0344,103.675
29541,1,High Value but Cooling,179.1661,0.0,0.1241,1622.4503,1417.1775,205.2728
29951,1,High Value but Cooling,128.603,0.0,0.1241,1164.5728,1369.8827,-205.3098
29650,8,Recent Low-Value Customers,71.4998,0.0,0.1138,699.7921,1345.9304,-646.1383
30102,1,High Value but Cooling,81.4102,0.0,0.1241,737.2154,1327.3375,-590.1221
30019,1,High Value but Cooling,171.4058,0.0,0.1241,1552.1764,1248.8094,303.367
29630,1,High Value but Cooling,130.0812,0.0,0.1241,1177.9588,1246.69,-68.7312
29683,3,Inactive Low-Value Customers,297.4264,0.2381,0.1079,952.3778,1242.7831,-290.4053
19344,8,Recent Low-Value Customers,116.6112,0.0,0.1138,1141.3122,1192.6487,-51.3366
29583,1,High Value but Cooling,111.0152,0.0,0.1241,1005.3054,1186.9724,-181.6671
27688,8,Recent Low-Value Customers,104.0912,0.0,0.1138,1018.7748,1148.4518,-129.677
30037,3,Inactive Low-Value Customers,199.0503,0.2381,0.1079,637.3715,980.6345,-343.263
29920,1,High Value but Cooling,115.5743,0.0,0.1241,1046.5906,876.487,170.1036
29782,1,High Value but Cooling,91.2463,0.0,0.1241,826.2866,863.9416,-37.6549
13571,5,Champions,70.6421,0.0,0.123,645.0898,825.9724,-180.8827
29503,1,High Value but Cooling,104.4227,0.0,0.1241,945.6066,823.7952,121.8114
29837,1,High Value but Cooling,64.4033,0.0,0.1241,583.2083,789.2079,-205.9996
30077,2,Inactive Minimal Buyers,42.9601,0.0,0.1029,460.2607,704.0078,-243.7471
29576,1,High Value but Cooling,84.8021,0.0,0.1241,767.9309,700.7681,67.1628
29838,1,High Value but Cooling,60.2592,0.0,0.1241,545.6811,698.6722,-152.9911
29588,1,High Value but Cooling,125.4055,0.0,0.1241,1135.6177,696.2952,439.3224
29079,5,Champions,64.1524,0.0,0.123,585.8271,683.7072,-97.8801
14567,5,Champions,60.1397,0.0,0.123,549.1839,670.9423,-121.7584
14329,5,Champions,57.5606,0.0,0.123,525.6321,655.1134,-129.4813
29505,8,Recent Low-Value Customers,38.7481,0.0,0.1138,379.2404,633.1607,-253.9203
29864,1,High Value but Cooling,56.3475,0.0,0.1241,510.2585,609.1966,-98.9381
30086,8,Recent Low-Value Customers,38.5071,0.0,0.1138,376.8816,558.4895,-181.6079
29726,1,High Value but Cooling,52.241,0.0,0.1241,473.0718,547.183,-74.1113
29678,1,High Value but Cooling,67.1534,0.0,0.1241,608.112,517.9622,90.1498
29723,1,High Value but Cooling,58.3409,0.0,0.1241,528.3098,488.6465,39.6633
15703,5,Champions,46.9374,0.0,0.123,428.6231,471.4696,-42.8465
29986,3,Inactive Low-Value Customers,123.4693,0.2381,0.1079,395.3564,459.8787,-64.5223
14204,5,Champions,44.809,0.0,0.123,409.187,457.4964,-48.3094
29753,1,High Value but Cooling,48.8056,0.0,0.1241,441.9623,428.997,12.9652
29949,1,High Value but Cooling,47.0285,0.0,0.1241,425.8696,422.9143,2.9554
16982,5,Champions,36.5251,0.0,0.123,333.54,413.5961,-80.0561
14870,5,Champions,30.4486,0.0,0.123,278.0506,396.4829,-118.4323
16338,5,Champions,36.6021,0.0,0.123,334.2432,394.8997,-60.6565
29832,1,High Value but Cooling,34.5768,0.0,0.1241,313.1125,368.9159,-55.8034
29876,3,Inactive Low-Value Customers,78.5198,0.2381,0.1079,251.4253,366.5842,-115.1589
29848,4,Frequent Low-Spend Customers,16.2774,0.0,0.0777,225.6712,351.3935,-125.7224
29763,5,Champions,28.4924,0.0,0.123,260.187,315.905,-55.718
29657,8,Recent Low-Value Customers,27.6724,0.0,0.1138,270.8389,290.1205,-19.2817
11530,5,Champions,27.7484,0.0,0.123,253.3929,271.8556,-18.4627
29856,3,Inactive Low-Value Customers,70.1517,0.2381,0.1079,224.6301,271.2363,-46.6062
29519,4,Frequent Low-Spend Customers,13.1435,0.0,0.0777,182.2225,267.7784,-85.5558
27659,5,Champions,25.8704,0.0,0.123,236.2434,264.4597,-28.2163
21407,5,Champions,26.4672,0.0,0.123,241.6933,248.5299,-6.8366
11746,5,Champions,26.4672,0.0,0.123,241.6933,248.2889,-6.5956
30029,3,Inactive Low-Value Customers,64.5196,0.2381,0.1079,206.5958,242.0172,-35.4214
29508,1,High Value but Cooling,16.3616,0.0,0.1241,148.1635,229.848,-81.6845
23941,5,Champions,24.4014,0.0,0.123,222.8288,226.307,-3.4782
15856,5,Champions,23.3309,0.0,0.123,213.0532,224.488,-11.4348
14079,5,Champions,23.3435,0.0,0.123,213.1683,220.52,-7.3517
15507,5,Champions,21.7951,0.0,0.123,199.0286,211.8716,-12.8431
13015,5,Champions,21.91,0.0,0.123,200.0778,207.3583,-7.2805
15571,5,Champions,21.8411,0.0,0.123,199.4486,204.0628,-4.6141
24940,5,Champions,21.8411,0.0,0.123,199.4486,201.8039,-2.3553
24994,5,Champions,21.8411,0.0,0.123,199.4486,201.8039,-2.3553
24293,5,Champions,21.8411,0.0,0.123,199.4486,201.8039,-2.3553
30008,5,Champions,21.3693,0.0,0.123,195.1402,200.8419,-5.7016
15138,5,Champions,21.9037,0.0,0.123,200.0203,197.5827,2.4376
29884,5,Champions,17.5601,0.0,0.123,160.3554,178.3935,-18.0381
16192,5,Champions,18.4544,0.0,0.123,168.522,174.1205,-5.5986
23556,5,Champions,18.7737,0.0,0.123,171.4377,172.8412,-1.4035
23962,5,Champions,18.1477,0.0,0.123,165.7212,170.1195,-4.3983
29934,2,Inactive Minimal Buyers,15.1749,0.0,0.1029,162.579,154.9707,7.6083
12392,5,Champions,15.9504,0.0,0.123,145.6559,151.9303,-6.2744
29556,8,Recent Low-Value Customers,10.1446,0.0,0.1138,99.2885,149.5939,-50.3054
11566,5,Champions,14.6214,0.0,0.123,133.5197,141.3272,-7.8074
30098,5,Champions,10.8007,0.0,0.123,98.6299,140.6914,-42.0615
29502,8,Recent Low-Value Customers,13.089,0.0,0.1138,128.1063,133.8533,-5.747
13199,5,Champions,14.3541,0.0,0.123,131.0788,133.1799,-2.1011
12204,5,Champions,14.3791,0.0,0.123,131.3071,132.5517,-1.2446
29976,3,Inactive Low-Value Customers,16.8016,0.2381,0.1079,53.7998,128.5579,-74.7582
29677,3,Inactive Low-Value Customers,28.6051,0.2381,0.1079,91.5953,115.9495,-24.3542
29908,5,Champions,11.0694,0.0,0.123,101.0836,111.0975,-10.0139
29766,5,Champions,7.1231,0.0,0.123,65.0467,103.9297,-38.8829
29758,1,High Value but Cooling,4.5716,0.0,0.1241,41.3984,84.7485,-43.3501
29900,1,High Value but Cooling,4.2276,0.0,0.1241,38.2833,73.7098,-35.4265
28788,5,Champions,2.0677,0.0,0.123,18.8818,38.0399,-19.158
15640,5,Champions,1.4335,0.0,0.123,13.0904,17.1012,-4.0107
18293,5,Champions,1.4335,0.0,0.123,13.0904,17.1012,-4.0107
30078,5,Champions,0.5175,0.0,0.123,4.7257,14.6534,-9.9276
29492,1,High Value but Cooling,-3.4473,0.0,0.1241,-31.2172,13.5977,-44.815
29790,8,Recent Low-Value Customers,0.2001,0.0,0.1138,1.9584,7.3868,-5.4283
29860,8,Recent Low-Value Customers,0.2001,0.0,0.1138,1.9584,7.0687,-5.1103
29989,1,High Value but Cooling,-3.4754,0.0,0.1241,-31.4717,-30.4455,-1.0263
29709,3,Inactive Low-Value Customers,-14.0121,0.2381,0.1079,-44.8676,-43.0277,-1.8399
29575,8,Recent Low-Value Customers,-4.0448,0.0,0.1138,-39.5878,-48.8916,9.3039
29547,8,Recent Low-Value Customers,-4.0448,0.0,0.1138,-39.5878,-49.2082,9.6205
29926,8,Recent Low-Value Customers,-4.0448,0.0,0.1138,-39.5878,-50.0201,10.4323
29857,1,High Value but Cooling,-20.4747,0.0,0.1241,-185.41,-157.1365,-28.2735
29991,1,High Value but Cooling,-24.5143,0.0,0.1241,-221.9908,-166.5145,-55.4764
29574,1,High Value but Cooling,-30.5199,0.0,0.1241,-276.3749,-223.0314,-53.3435
29777,4,Frequent Low-Spend Customers,-19.4684,0.0,0.0777,-269.9115,-275.011,5.0995
29545,8,Recent Low-Value Customers,-8.485,0.0,0.1138,-83.0455,-304.653,221.6075
29862,2,Inactive Minimal Buyers,-20.6869,0.0,0.1029,-221.6328,-343.9027,122.2699
29697,2,Inactive Minimal Buyers,-24.6053,0.0,0.1029,-263.6133,-348.5907,84.9775
29567,4,Frequent Low-Spend Customers,-22.8234,0.0,0.0777,-316.4255,-367.9452,51.5197
29886,5,Champions,-19.3038,0.0,0.123,-176.2785,-368.4251,192.1466
29743,1,High Value but Cooling,-32.5865,0.0,0.1241,-295.0892,-372.1581,77.0689
29728,1,High Value but Cooling,-29.4805,0.0,0.1241,-266.9626,-414.741,147.7784
30032,1,High Value but Cooling,-45.2901,0.0,0.1241,-410.1274,-431.406,21.2785
30040,1,High Value but Cooling,-33.8252,0.0,0.1241,-306.3063,-450.7306,144.4243
29535,1,High Value but Cooling,-49.1027,0.0,0.1241,-444.6527,-453.939,9.2863
30062,8,Recent Low-Value Customers,-40.7858,0.0,0.1138,-399.184,-530.4981,131.3141
29733,1,High Value but Cooling,-44.066,0.0,0.1241,-399.0425,-543.8216,144.7791
29902,1,High Value but Cooling,-53.4027,0.0,0.1241,-483.5916,-557.4278,73.8362
29852,1,High Value but Cooling,-60.7783,0.0,0.1241,-550.3819,-617.9389,67.5571
30010,1,High Value but Cooling,-77.162,0.0,0.1241,-698.7455,-699.1872,0.4417
29850,4,Frequent Low-Spend Customers,-50.6935,0.0,0.0777,-702.8188,-721.247,18.4282
29662,1,High Value but Cooling,-83.3839,0.0,0.1241,-755.0883,-723.9748,-31.1135
29679,4,Frequent Low-Spend Customers,-46.1992,0.0,0.0777,-640.5094,-737.7147,97.2053
29719,1,High Value but Cooling,-78.9021,0.0,0.1241,-714.5031,-754.403,39.8999
29867,1,High Value but Cooling,-74.6771,0.0,0.1241,-676.2433,-770.7901,94.5467
30002,8,Recent Low-Value Customers,-56.9351,0.0,0.1138,-557.2425,-780.4374,223.1949
29809,3,Inactive Low-Value Customers,-130.4768,0.2381,0.1079,-417.7948,-783.2008,365.4061
29845,1,High Value but Cooling,-86.0345,0.0,0.1241,-779.091,-816.2597,37.1687
29952,1,High Value but Cooling,-96.9621,0.0,0.1241,-878.0466,-859.2549,-18.7917
29999,1,High Value but Cooling,-99.8572,0.0,0.1241,-904.2634,-888.2652,-15.9981
29672,1,High Value but Cooling,-99.6696,0.0,0.1241,-902.5646,-1009.9092,107.3446
29674,1,High Value but Cooling,-84.7596,0.0,0.1241,-767.5461,-1009.9268,242.3808
29768,2,Inactive Minimal Buyers,-67.2477,0.0,0.1029,-720.4702,-1028.1745,307.7042
29585,2,Inactive Minimal Buyers,-67.2477,0.0,0.1029,-720.4702,-1032.6127,312.1425
29668,2,Inactive Minimal Buyers,-67.2477,0.0,0.1029,-720.4702,-1051.3219,330.8517
29573,1,High Value but Cooling,-106.493,0.0,0.1241,-964.3543,-1068.5484,104.1941
29842,1,High Value but Cooling,-113.021,0.0,0.1241,-1023.469,-1103.7143,80.2453
29644,1,High Value but Cooling,-120.067,0.0,0.1241,-1087.2745,-1134.4505,47.1759
29893,8,Recent Low-Value Customers,-61.916,0.0,0.1138,-605.9922,-1138.742,532.7498
29623,7,Lost Customers,-62.4354,0.0,0.15,-478.6714,-1143.2556,664.5842
30068,1,High Value but Cooling,-137.7143,0.0,0.1241,-1247.0808,-1144.7335,-102.3473
29993,1,High Value but Cooling,-127.4923,0.0,0.1241,-1154.5148,-1184.2364,29.7216
29930,1,High Value but Cooling,-123.9209,0.0,0.1241,-1122.1738,-1198.4795,76.3057
29990,1,High Value but Cooling,-152.2294,0.0,0.1241,-1378.5232,-1264.7451,-113.7781
29750,2,Inactive Minimal Buyers,-87.816,0.0,0.1029,-940.8324,-1288.5119,347.6795
29565,1,High Value but Cooling,-223.8989,0.0,0.1241,-2027.5311,-1307.9855,-719.5456
29528,1,High Value but Cooling,-167.3294,0.0,0.1241,-1515.2623,-1335.81,-179.4522
29788,1,High Value but Cooling,-172.289,0.0,0.1241,-1560.1743,-1386.1917,-173.9825
29498,1,High Value but Cooling,-181.2969,0.0,0.1241,-1641.7459,-1551.8267,-89.9192
29847,1,High Value but Cooling,-160.7962,0.0,0.1241,-1456.1005,-1552.6419,96.5415
29927,1,High Value but Cooling,-189.6998,0.0,0.1241,-1717.8389,-1565.5783,-152.2606
29599,1,High Value but Cooling,-176.748,0.0,0.1241,-1600.553,-1571.2292,-29.3238
29751,4,Frequent Low-Spend Customers,-81.5716,0.0,0.0777,-1130.9153,-1588.8349,457.9196
29640,1,High Value but Cooling,-193.5375,0.0,0.1241,-1752.5914,-1686.1041,-66.4874
29873,3,Inactive Low-Value Customers,-344.6284,0.2381,0.1079,-1103.5216,-1704.5046,600.983
30115,1,High Value but Cooling,-257.0908,0.0,0.1241,-2328.1025,-1740.1421,-587.9604
29914,1,High Value but Cooling,-184.593,0.0,0.1241,-1671.5939,-1873.5745,201.9805
30057,1,High Value but Cooling,-197.6644,0.0,0.1241,-1789.9628,-1885.9247,95.9619
29971,1,High Value but Cooling,-205.3298,0.0,0.1241,-1859.3774,-1907.9182,48.5408
29785,1,High Value but Cooling,-255.9231,0.0,0.1241,-2317.5283,-2058.6854,-258.8429
30064,1,High Value but Cooling,-215.6733,0.0,0.1241,-1953.0436,-2062.0659,109.0223
29730,1,High Value but Cooling,-208.4951,0.0,0.1241,-1888.0409,-2088.0761,200.0351
29493,1,High Value but Cooling,-245.4145,0.0,0.1241,-2222.367,-2245.999,23.632
30007,1,High Value but Cooling,-340.7174,0.0,0.1241,-3085.3886,-2262.7152,-822.6734
30041,1,High Value but Cooling,-237.9995,0.0,0.1241,-2155.22,-2560.2896,405.0696
29815,3,Inactive Low-Value Customers,-656.9328,0.2381,0.1079,-2103.5397,-2647.8547,544.315
29775,1,High Value but Cooling,-312.2321,0.0,0.1241,-2827.4381,-2659.819,-167.6191
30012,1,High Value but Cooling,-488.4437,0.0,0.1241,-4423.1337,-2688.9363,-1734.1974
30047,1,High Value but Cooling,-307.779,0.0,0.1241,-2787.1128,-2740.6114,-46.5014
29548,1,High Value but Cooling,-279.6018,0.0,0.1241,-2531.9523,-2761.0973,229.145
29765,1,High Value but Cooling,-265.9997,0.0,0.1241,-2408.7776,-2800.4529,391.6753
29829,8,Recent Low-Value Customers,-177.4959,0.0,0.1138,-1737.211,-2811.7926,1074.5816
29962,1,High Value but Cooling,-317.5231,0.0,0.1241,-2875.3511,-2862.0801,-13.271
29959,1,High Value but Cooling,-330.5388,0.0,0.1241,-2993.2156,-2871.5948,-121.6208
29975,3,Inactive Low-Value Customers,-855.4341,0.2381,0.1079,-2739.1532,-2905.7677,166.6145
29781,3,Inactive Low-Value Customers,-742.9481,0.2381,0.1079,-2378.9661,-2936.3348,557.3688
29600,3,Inactive Low-Value Customers,-294.8205,0.2381,0.1079,-944.0336,-2966.2087,2022.1751
29819,1,High Value but Cooling,-440.6634,0.0,0.1241,-3990.4561,-3155.191,-835.2651
29897,3,Inactive Low-Value Customers,-725.3787,0.2381,0.1079,-2322.7078,-3160.5646,837.8569
29663,3,Inactive Low-Value Customers,-935.403,0.2381,0.1079,-2995.2186,-3258.7552,263.5365
29858,1,High Value but Cooling,-306.6014,0.0,0.1241,-2776.4489,-3267.3056,490.8567
29890,1,High Value but Cooling,-537.2756,0.0,0.1241,-4865.3342,-3288.6784,-1576.6558
30039,3,Inactive Low-Value Customers,-484.1659,0.2381,0.1079,-1550.3294,-3294.7629,1744.4335
29903,1,High Value but Cooling,-340.4071,0.0,0.1241,-3082.5787,-3297.5731,214.9945
29936,4,Frequent Low-Spend Customers,-228.7917,0.0,0.0777,-3171.987,-3312.0224,140.0354
29696,1,High Value but Cooling,-362.5929,0.0,0.1241,-3283.4836,-3330.5797,47.0961
29713,4,Frequent Low-Spend Customers,-224.3609,0.0,0.0777,-3110.558,-3383.8394,273.2814
29669,3,Inactive Low-Value Customers,-890.5962,0.2381,0.1079,-2851.7445,-3429.9579,578.2134
29849,1,High Value but Cooling,-495.6835,0.0,0.1241,-4488.6942,-3491.6979,-996.9963
29905,1,High Value but Cooling,-201.7431,0.0,0.1241,-1826.8978,-3518.9871,1692.0894
29520,3,Inactive Low-Value Customers,-1017.2195,0.2381,0.1079,-3257.2001,-3607.063,349.863
29982,3,Inactive Low-Value Customers,-988.288,0.2381,0.1079,-3164.5597,-3768.963,604.4033
29875,1,High Value but Cooling,-416.2677,0.0,0.1241,-3769.5393,-3799.1309,29.5916
29851,1,High Value but Cooling,-363.0425,0.0,0.1241,-3287.555,-3799.4472,511.8923
30084,1,High Value but Cooling,-443.4567,0.0,0.1241,-4015.751,-3935.7248,-80.0262
29944,1,High Value but Cooling,-390.0006,0.0,0.1241,-3531.6758,-4012.0956,480.4198
29859,1,High Value but Cooling,-434.9649,0.0,0.1241,-3938.853,-4044.759,105.906
29833,1,High Value but Cooling,-500.6663,0.0,0.1241,-4533.8163,-4060.1011,-473.7152
29798,3,Inactive Low-Value Customers,-1005.3025,0.2381,0.1079,-3219.0412,-4090.1917,871.1505
29805,3,Inactive Low-Value Customers,-1339.699,0.2381,0.1079,-4289.7995,-4324.2979,34.4984
29598,3,Inactive Low-Value Customers,-1306.3935,0.2381,0.1079,-4183.1533,-4445.2555,262.1021
29555,3,Inactive Low-Value Customers,-1171.9278,0.2381,0.1079,-3752.5858,-4477.1111,724.5253
30104,1,High Value but Cooling,-549.2493,0.0,0.1241,-4973.7628,-4549.6191,-424.1436
29611,1,High Value but Cooling,-562.9094,0.0,0.1241,-5097.4627,-4623.1881,-474.2746
29800,1,High Value but Cooling,-527.6823,0.0,0.1241,-4778.4614,-4640.3447,-138.1167
29778,3,Inactive Low-Value Customers,-1389.2419,0.2381,0.1079,-4448.4391,-4677.9182,229.4792
29530,1,High Value but Cooling,-1019.1775,0.0,0.1241,-9229.2282,-4712.0877,-4517.1405
29756,1,High Value but Cooling,-665.2645,0.0,0.1241,-6024.346,-5207.4107,-816.9353
29810,3,Inactive Low-Value Customers,-1398.8488,0.2381,0.1079,-4479.201,-5221.0217,741.8207
29721,3,Inactive Low-Value Customers,-1510.3661,0.2381,0.1079,-4836.2863,-5278.5962,442.3099
30030,3,Inactive Low-Value Customers,-1518.2138,0.2381,0.1079,-4861.4151,-5326.2819,464.8668
29988,3,Inactive Low-Value Customers,-1651.1404,0.2381,0.1079,-5287.0544,-5600.1878,313.1334
30052,3,Inactive Low-Value Customers,-1312.854,0.2381,0.1079,-4203.8402,-5685.1311,1481.2909
30042,1,High Value but Cooling,-820.7998,0.0,0.1241,-7432.806,-5694.7324,-1738.0736
30022,3,Inactive Low-Value Customers,-1330.6329,0.2381,0.1079,-4260.7695,-5716.4515,1455.682
29969,3,Inactive Low-Value Customers,-1754.3309,0.2381,0.1079,-5617.4768,-5769.6764,152.1996
29554,1,High Value but Cooling,-835.3393,0.0,0.1241,-7564.4694,-5956.7822,-1607.6872
29610,3,Inactive Low-Value Customers,-1410.7436,0.2381,0.1079,-4517.2888,-6096.322,1579.0332
29606,1,High Value but Cooling,-1143.896,0.0,0.1241,-10358.6247,-6099.5569,-4259.0678
29569,1,High Value but Cooling,-710.1143,0.0,0.1241,-6430.4863,-6226.2019,-204.2844
29681,3,Inactive Low-Value Customers,-1231.6524,0.2381,0.1079,-3943.8277,-6249.8895,2306.0618
30013,3,Inactive Low-Value Customers,-1370.1442,0.2381,0.1079,-4387.287,-6389.0477,2001.7607
29516,8,Recent Low-Value Customers,-354.9918,0.0,0.1138,-3474.422,-6418.808,2944.3861
29872,1,High Value but Cooling,-868.7496,0.0,0.1241,-7867.0185,-6515.294,-1351.7246
29636,3,Inactive Low-Value Customers,-1607.5724,0.2381,0.1079,-5147.5469,-6631.4208,1483.8739
29539,3,Inactive Low-Value Customers,-2317.9464,0.2381,0.1079,-7422.2087,-7080.8137,-341.395
29764,1,High Value but Cooling,-932.3527,0.0,0.1241,-8442.9806,-7149.9867,-1292.9939
29686,3,Inactive Low-Value Customers,-2274.5238,0.2381,0.1079,-7283.1668,-7777.9341,494.7673
29570,3,Inactive Low-Value Customers,-2513.2099,0.2381,0.1079,-8047.4547,-7862.3843,-185.0704
29517,7,Lost Customers,-670.8735,0.0,0.15,-5143.3635,-7936.3666,2793.0031
29865,3,Inactive Low-Value Customers,-2800.6149,0.2381,0.1079,-8967.7433,-8052.7749,-914.9684
29981,3,Inactive Low-Value Customers,-1723.334,0.2381,0.1079,-5518.2229,-8069.0925,2550.8696
29973,3,Inactive Low-Value Customers,-2386.5541,0.2381,0.1079,-7641.8948,-8160.353,518.4582
29673,3,Inactive Low-Value Customers,-2308.0079,0.2381,0.1079,-7390.385,-8249.3968,859.0118
30036,8,Recent Low-Value Customers,-719.0355,0.0,0.1138,-7037.4369,-8690.8247,1653.3879
29495,8,Recent Low-Value Customers,-719.0355,0.0,0.1138,-7037.4369,-8693.6858,1656.249
29577,3,Inactive Low-Value Customers,-2662.4281,0.2381,0.1079,-8525.2606,-9009.1354,483.8748
29808,1,High Value but Cooling,-1180.7374,0.0,0.1241,-10692.2444,-9306.9384,-1385.306
29632,3,Inactive Low-Value Customers,-2744.9629,0.2381,0.1079,-8789.5421,-9603.4022,813.8601
29675,3,Inactive Low-Value Customers,-3028.4747,0.2381,0.1079,-9697.3645,-9849.7987,152.4342
29648,8,Recent Low-Value Customers,-923.0988,0.0,0.1138,-9034.6717,-9871.488,836.8163
30026,3,Inactive Low-Value Customers,-2734.5725,0.2381,0.1079,-8756.2714,-10078.8227,1322.5513
29592,3,Inactive Low-Value Customers,-3153.9406,0.2381,0.1079,-10099.1142,-10491.1243,392.0101
29684,3,Inactive Low-Value Customers,-2109.312,0.2381,0.1079,-6754.1483,-10646.6578,3892.5094
29659,3,Inactive Low-Value Customers,-3040.6375,0.2381,0.1079,-9736.3106,-11148.0402,1411.7296
29667,3,Inactive Low-Value Customers,-2233.0331,0.2381,0.1079,-7150.3112,-11181.1406,4030.8295
29731,3,Inactive Low-Value Customers,-3460.2606,0.2381,0.1079,-11079.9699,-11260.5325,180.5626
29911,7,Lost Customers,-1254.6,0.0,0.15,-9618.6004,-11346.7174,1728.117
29596,3,Inactive Low-Value Customers,-3454.2116,0.2381,0.1079,-11060.6006,-11350.2321,289.6316
29759,3,Inactive Low-Value Customers,-3592.0244,0.2381,0.1079,-11501.8858,-11755.2816,253.3959
29761,3,Inactive Low-Value Customers,-3915.1448,0.2381,0.1079,-12536.5373,-12324.0859,-212.4514
29591,4,Frequent Low-Spend Customers,-643.7603,0.0,0.0777,-8925.1445,-12340.3808,3415.2363
29814,7,Lost Customers,-1373.6191,0.0,0.15,-10531.0796,-12655.2114,2124.1318
30011,3,Inactive Low-Value Customers,-3780.3171,0.2381,0.1079,-12104.8107,-12682.2201,577.4094
30061,4,Frequent Low-Spend Customers,-869.0924,0.0,0.0777,-12049.1674,-12821.8688,772.7014
30035,4,Frequent Low-Spend Customers,-722.3475,0.0,0.0777,-10014.6842,-12877.3385,2862.6543
29533,3,Inactive Low-Value Customers,-4173.7557,0.2381,0.1079,-13364.6257,-12963.7897,-400.8361
29682,1,High Value but Cooling,-1973.8053,0.0,0.1241,-17873.9224,-13329.3469,-4544.5754
29866,3,Inactive Low-Value Customers,-4514.6452,0.2381,0.1079,-14456.175,-13342.8946,-1113.2804
30009,3,Inactive Low-Value Customers,-3767.9252,0.2381,0.1079,-12065.131,-13430.902,1365.7709
29531,3,Inactive Low-Value Customers,-4227.3564,0.2381,0.1079,-13536.2584,-13431.2449,-105.0135
29769,3,Inactive Low-Value Customers,-4583.4485,0.2381,0.1079,-14676.4874,-13631.7295,-1044.7578
29633,1,High Value but Cooling,-1868.5652,0.0,0.1241,-16920.9136,-13853.6924,-3067.2212
29656,7,Lost Customers,-1394.3028,0.0,0.15,-10689.6548,-13915.7894,3226.1346
29740,3,Inactive Low-Value Customers,-4425.1512,0.2381,0.1079,-14169.6096,-14042.3869,-127.2227
29912,3,Inactive Low-Value Customers,-4348.5529,0.2381,0.1079,-13924.3371,-14195.8859,271.5488
29685,3,Inactive Low-Value Customers,-4447.057,0.2381,0.1079,-14239.7535,-14237.004,-2.7495
29791,3,Inactive Low-Value Customers,-4498.3969,0.2381,0.1079,-14404.1469,-14337.1825,-66.9644
29892,3,Inactive Low-Value Customers,-4300.1368,0.2381,0.1079,-13769.3057,-14384.383,615.0773
29883,3,Inactive Low-Value Customers,-4482.7163,0.2381,0.1079,-14353.9367,-14472.4416,118.5049
29708,3,Inactive Low-Value Customers,-4604.8111,0.2381,0.1079,-14744.8918,-14613.178,-131.7138
30091,3,Inactive Low-Value Customers,-4480.0857,0.2381,0.1079,-14345.5133,-14836.2546,490.7413
29824,3,Inactive Low-Value Customers,-4635.2274,0.2381,0.1079,-14842.2867,-14998.3622,156.0755
29773,3,Inactive Low-Value Customers,-4524.2018,0.2381,0.1079,-14486.7758,-15000.197,513.4212
29906,3,Inactive Low-Value Customers,-4655.2778,0.2381,0.1079,-14906.4893,-15148.19,241.7007
29784,3,Inactive Low-Value Customers,-5035.1333,0.2381,0.1079,-16122.8103,-15255.4116,-867.3986
30100,3,Inactive Low-Value Customers,-4506.7948,0.2381,0.1079,-14431.0375,-15292.6021,861.5646
29794,3,Inactive Low-Value Customers,-4737.7609,0.2381,0.1079,-15170.6054,-15296.7073,126.102
29718,3,Inactive Low-Value Customers,-4845.6203,0.2381,0.1079,-15515.9779,-15321.2247,-194.7531
29581,3,Inactive Low-Value Customers,-5230.0761,0.2381,0.1079,-16747.0293,-15390.3967,-1356.6325
29661,3,Inactive Low-Value Customers,-5636.1574,0.2381,0.1079,-18047.3269,-15432.1217,-2615.2051
30090,3,Inactive Low-Value Customers,-4860.9928,0.2381,0.1079,-15565.2016,-15912.1851,346.9835
29846,3,Inactive Low-Value Customers,-5364.3794,0.2381,0.1079,-17177.0768,-16274.871,-902.2058
29961,3,Inactive Low-Value Customers,-5780.9335,0.2381,0.1079,-18510.909,-16504.0685,-2006.8405
29863,4,Frequent Low-Spend Customers,-1273.917,0.0,0.0777,-17661.688,-16995.5528,-666.1353
30106,3,Inactive Low-Value Customers,-7475.8917,0.2381,0.1079,-23938.2706,-17365.8034,-6572.4673
29649,3,Inactive Low-Value Customers,-4339.3042,0.2381,0.1079,-13894.7221,-17438.1505,3543.4284
29634,4,Frequent Low-Spend Customers,-1290.7072,0.0,0.0777,-17894.4691,-17697.8543,-196.6147
29795,3,Inactive Low-Value Customers,-5301.7013,0.2381,0.1079,-16976.3777,-17949.818,973.4403
29779,7,Lost Customers,-1809.0124,0.0,0.15,-13869.0954,-18221.5848,4352.4894
29817,7,Lost Customers,-1753.905,0.0,0.15,-13446.605,-18330.6558,4884.0508
29899,7,Lost Customers,-1714.9706,0.0,0.15,-13148.1079,-18481.3043,5333.1963
29597,4,Frequent Low-Spend Customers,-1464.3118,0.0,0.0777,-20301.3373,-19033.4425,-1267.8948
29506,7,Lost Customers,-1677.2349,0.0,0.15,-12858.8009,-19054.5926,6195.7917
29694,4,Frequent Low-Spend Customers,-1437.8709,0.0,0.0777,-19934.7585,-19769.5144,-165.2441
29950,3,Inactive Low-Value Customers,-6278.6118,0.2381,0.1079,-20104.506,-20440.856,336.3499
29894,7,Lost Customers,-1876.1032,0.0,0.15,-14383.4579,-21602.4458,7218.9879
29979,7,Lost Customers,-2631.7162,0.0,0.15,-20176.4911,-22634.2298,2457.7387
29702,3,Inactive Low-Value Customers,-8602.7189,0.2381,0.1079,-27546.4415,-22836.1385,-4710.303
29666,7,Lost Customers,-2598.8689,0.0,0.15,-19924.6619,-23167.905,3243.2431
30095,3,Inactive Low-Value Customers,-6493.7611,0.2381,0.1079,-20793.4273,-23254.1643,2460.737
29874,7,Lost Customers,-2685.1283,0.0,0.15,-20585.9838,-25006.0055,4420.0217
29489,3,Inactive Low-Value Customers,-8927.5154,0.2381,0.1079,-28586.4603,-25704.6268,-2881.8335
29487,3,Inactive Low-Value Customers,-11945.554,0.2381,0.1079,-38250.4075,-26762.4072,-11488.0003
29510,3,Inactive Low-Value Customers,-7948.643,0.2381,0.1079,-25452.0499,-27597.3648,2145.3149
29755,3,Inactive Low-Value Customers,-8178.2065,0.2381,0.1079,-26187.1263,-28084.2992,1897.173
30015,7,Lost Customers,-2870.7099,0.0,0.15,-22008.7756,-28365.5022,6356.7266
29921,3,Inactive Low-Value Customers,-8645.8295,0.2381,0.1079,-27684.4843,-28653.1994,968.7151
30105,3,Inactive Low-Value Customers,-7751.9909,0.2381,0.1079,-24822.3575,-28666.5837,3844.2262
29938,3,Inactive Low-Value Customers,-10484.5938,0.2381,0.1079,-33572.322,-28845.1731,-4727.1489
29602,4,Frequent Low-Spend Customers,-2157.1065,0.0,0.0777,-29906.2991,-29267.1871,-639.112
29670,4,Frequent Low-Spend Customers,-2267.116,0.0,0.0777,-31431.48,-29350.9506,-2080.5294
29967,3,Inactive Low-Value Customers,-9309.365,0.2381,0.1079,-29809.1662,-30483.9369,674.7708
30014,7,Lost Customers,-3895.5855,0.0,0.15,-29866.1553,-30630.1827,764.0274
29526,7,Lost Customers,-3751.205,0.0,0.15,-28759.2385,-31817.8042,3058.5657
29963,3,Inactive Low-Value Customers,-11416.9683,0.2381,0.1079,-36557.8433,-31855.5826,-4702.2607
29970,4,Frequent Low-Spend Customers,-2421.1501,0.0,0.0777,-33567.0213,-31913.3618,-1653.6595
29871,4,Frequent Low-Spend Customers,-2420.9802,0.0,0.0777,-33564.6658,-32192.6965,-1371.9693
29631,4,Frequent Low-Spend Customers,-2506.9038,0.0,0.0777,-34755.9165,-32214.9973,-2540.9192
29699,3,Inactive Low-Value Customers,-9242.3832,0.2381,0.1079,-29594.6864,-33200.1615,3605.4751
29671,7,Lost Customers,-3789.4725,0.0,0.15,-29052.6227,-33636.3841,4583.7614
29803,3,Inactive Low-Value Customers,-12382.1433,0.2381,0.1079,-39648.3936,-33703.0527,-5945.3409
29637,3,Inactive Low-Value Customers,-12546.2406,0.2381,0.1079,-40173.8433,-38407.4424,-1766.4009
29946,3,Inactive Low-Value Customers,-12479.5717,0.2381,0.1079,-39960.3655,-39338.2919,-622.0736
29749,3,Inactive Low-Value Customers,-10871.3388,0.2381,0.1079,-34810.7036,-41476.3217,6665.6181
29622,3,Inactive Low-Value Customers,-13571.9344,0.2381,0.1079,-43458.179,-41940.5192,-1517.6598
30005,7,Lost Customers,-4995.2802,0.0,0.15,-38297.148,-42054.3325,3757.1845
29746,3,Inactive Low-Value Customers,-14130.9428,0.2381,0.1079,-45248.1586,-43437.3552,-1810.8034
29538,7,Lost Customers,-5838.1246,0.0,0.15,-44758.9551,-44194.413,-564.5421
29954,3,Inactive Low-Value Customers,-13063.2325,0.2381,0.1079,-41829.2837,-44313.387,2484.1032
29947,3,Inactive Low-Value Customers,-13618.1981,0.2381,0.1079,-43606.3182,-45745.6687,2139.3506
29789,3,Inactive Low-Value Customers,-18287.0347,0.2381,0.1079,-58556.2237,-46181.4978,-12374.7259
29543,3,Inactive Low-Value Customers,-14040.1624,0.2381,0.1079,-44957.4741,-46428.2473,1470.7732
29820,7,Lost Customers,-5083.6811,0.0,0.15,-38974.8882,-46636.6228,7661.7346
29776,7,Lost Customers,-4810.4696,0.0,0.15,-36880.2667,-47115.1704,10234.9036
29698,3,Inactive Low-Value Customers,-16345.8717,0.2381,0.1079,-52340.4988,-47162.3712,-5178.1276
29601,3,Inactive Low-Value Customers,-14627.4822,0.2381,0.1079,-46838.1086,-48984.2643,2146.1557
29783,3,Inactive Low-Value Customers,-14585.2544,0.2381,0.1079,-46702.8927,-49966.6783,3263.7856
29627,3,Inactive Low-Value Customers,-15949.0413,0.2381,0.1079,-51069.823,-50293.5351,-776.2879
30049,3,Inactive Low-Value Customers,-14827.2177,0.2381,0.1079,-47477.6741,-51177.5074,3699.8332
29692,3,Inactive Low-Value Customers,-15950.1328,0.2381,0.1079,-51073.3183,-51478.9928,405.6745
29509,3,Inactive Low-Value Customers,-21264.3328,0.2381,0.1079,-68089.7174,-51656.4727,-16433.2448
29895,3,Inactive Low-Value Customers,-17337.6442,0.2381,0.1079,-55516.216,-52587.427,-2928.7891
30063,7,Lost Customers,-7286.9895,0.0,0.15,-55866.9197,-54709.8849,-1157.0348
29907,7,Lost Customers,-5833.0028,0.0,0.15,-44719.6881,-55163.9039,10444.2158
30088,3,Inactive Low-Value Customers,-16378.8488,0.2381,0.1079,-52446.0934,-55259.3499,2813.2565
30093,7,Lost Customers,-7342.3168,0.0,0.15,-56291.0958,-56245.2625,-45.8334
30043,3,Inactive Low-Value Customers,-15492.2588,0.2381,0.1079,-49607.1773,-56361.5199,6754.3426
29595,7,Lost Customers,-7431.0647,0.0,0.15,-56971.4962,-56448.2517,-523.2445
29928,7,Lost Customers,-7555.7184,0.0,0.15,-57927.1748,-58098.9587,171.7839
29655,3,Inactive Low-Value Customers,-19029.238,0.2381,0.1079,-60932.8047,-58556.7919,-2376.0128
29560,3,Inactive Low-Value Customers,-18958.1129,0.2381,0.1079,-60705.0577,-59769.0058,-936.0519
29642,3,Inactive Low-Value Customers,-19458.3755,0.2381,0.1079,-62306.9297,-59802.6973,-2504.2323
30094,3,Inactive Low-Value Customers,-20581.0501,0.2381,0.1079,-65901.8037,-59969.1608,-5932.6429
29618,3,Inactive Low-Value Customers,-19271.8633,0.2381,0.1079,-61709.7061,-60121.7353,-1587.9708
29748,3,Inactive Low-Value Customers,-19929.1131,0.2381,0.1079,-63814.2608,-60361.912,-3452.3489
30073,7,Lost Customers,-9187.6294,0.0,0.15,-70438.4924,-60693.7716,-9744.7209
29513,3,Inactive Low-Value Customers,-19356.3132,0.2381,0.1079,-61980.1199,-60887.6287,-1092.4912
29942,7,Lost Customers,-6802.9009,0.0,0.15,-52155.5733,-61030.1,8874.5267
29504,3,Inactive Low-Value Customers,-19696.4693,0.2381,0.1079,-63069.321,-61178.1059,-1891.2151
30083,3,Inactive Low-Value Customers,-18878.8559,0.2381,0.1079,-60451.2719,-63056.3432,2605.0713
29704,3,Inactive Low-Value Customers,-20222.3753,0.2381,0.1079,-64753.3046,-63096.5543,-1656.7502
29690,3,Inactive Low-Value Customers,-20620.5435,0.2381,0.1079,-66028.264,-63746.153,-2282.111
30070,7,Lost Customers,-9515.9258,0.0,0.15,-72955.4315,-64779.0754,-8176.3561
30076,3,Inactive Low-Value Customers,-22178.5624,0.2381,0.1079,-71017.1375,-65655.7909,-5361.3466
29651,3,Inactive Low-Value Customers,-21795.9037,0.2381,0.1079,-69791.8406,-65934.8798,-3856.9607
29992,3,Inactive Low-Value Customers,-22311.6091,0.2381,0.1079,-71443.1613,-67058.0663,-4385.0949
29546,3,Inactive Low-Value Customers,-20610.4014,0.2381,0.1079,-65995.7884,-70378.8057,4383.0173
29587,3,Inactive Low-Value Customers,-20561.8653,0.2381,0.1079,-65840.3726,-72410.7084,6570.3358
30109,3,Inactive Low-Value Customers,-17866.0068,0.2381,0.1079,-57208.0661,-72525.1422,15317.0762
29714,3,Inactive Low-Value Customers,-22553.5634,0.2381,0.1079,-72217.9141,-72764.4287,546.5146
29844,3,Inactive Low-Value Customers,-23873.2438,0.2381,0.1079,-76443.6128,-73699.9134,-2743.6995
29705,3,Inactive Low-Value Customers,-23994.5582,0.2381,0.1079,-76832.0691,-75674.2242,-1157.8449
29889,3,Inactive Low-Value Customers,-23077.9106,0.2381,0.1079,-73896.9064,-77112.2474,3215.341
29853,3,Inactive Low-Value Customers,-24110.0949,0.2381,0.1079,-77202.0248,-78427.8692,1225.8443
29724,3,Inactive Low-Value Customers,-25032.481,0.2381,0.1079,-80155.5626,-78600.4957,-1555.067
29834,3,Inactive Low-Value Customers,-33271.0187,0.2381,0.1079,-106535.8731,-79475.1721,-27060.701
29888,3,Inactive Low-Value Customers,-25771.3497,0.2381,0.1079,-82521.4661,-80191.8203,-2329.6459
29707,3,Inactive Low-Value Customers,-18349.5551,0.2381,0.1079,-58756.4177,-83106.4574,24350.0396
29966,3,Inactive Low-Value Customers,-27167.5079,0.2381,0.1079,-86992.0517,-85311.4513,-1680.6004
29885,3,Inactive Low-Value Customers,-26679.5148,0.2381,0.1079,-85429.4673,-85581.6994,152.2321
29608,7,Lost Customers,-9620.3657,0.0,0.15,-73756.1373,-87750.481,13994.3436
29561,7,Lost Customers,-13871.4838,0.0,0.15,-106348.0428,-87818.6992,-18529.3437
30059,7,Lost Customers,-13564.945,0.0,0.15,-103997.9113,-89620.176,-14377.7353
29737,7,Lost Customers,-12650.1089,0.0,0.15,-96984.1684,-90222.4715,-6761.697
30116,7,Lost Customers,-14052.7094,0.0,0.15,-107737.4391,-90426.4663,-17310.9728
29486,3,Inactive Low-Value Customers,-30667.246,0.2381,0.1079,-98198.4309,-90845.4733,-7352.9576
30051,7,Lost Customers,-13462.18,0.0,0.15,-103210.0465,-93652.1339,-9557.9126
29957,3,Inactive Low-Value Customers,-26081.9769,0.2381,0.1079,-83516.1139,-94728.6917,11212.5778
29919,3,Inactive Low-Value Customers,-23912.0816,0.2381,0.1079,-76567.9739,-95351.1476,18783.1737
29609,7,Lost Customers,-11633.9552,0.0,0.15,-89193.6568,-100892.6115,11698.9547
29524,7,Lost Customers,-12477.1509,0.0,0.15,-95658.1569,-101058.7983,5400.6414
29617,3,Inactive Low-Value Customers,-34125.6156,0.2381,0.1079,-109272.3457,-106305.6099,-2966.7358
29643,7,Lost Customers,-13857.6057,0.0,0.15,-106241.6433,-107230.3098,988.6665
29703,3,Inactive Low-Value Customers,-35191.9637,0.2381,0.1079,-112686.8586,-108585.0571,-4101.8015
29998,3,Inactive Low-Value Customers,-28130.0108,0.2381,0.1079,-90074.0457,-108656.5966,18582.5509
29689,3,Inactive Low-Value Customers,-34267.8455,0.2381,0.1079,-109727.7747,-112499.4478,2771.6731
29525,3,Inactive Low-Value Customers,-34704.3298,0.2381,0.1079,-111125.4245,-116729.6104,5604.1859
29924,3,Inactive Low-Value Customers,-38181.7601,0.2381,0.1079,-122260.3728,-119736.1237,-2524.2491
30112,3,Inactive Low-Value Customers,-37013.5462,0.2381,0.1079,-118519.6792,-120628.67,2108.9908
29594,3,Inactive Low-Value Customers,-35839.2724,0.2381,0.1079,-114759.5814,-122170.3506,7410.7692
29564,7,Lost Customers,-14270.9459,0.0,0.15,-109410.5852,-123140.4449,13729.8597
29710,3,Inactive Low-Value Customers,-41157.6618,0.2381,0.1079,-131789.3954,-123269.1356,-8520.2598
29693,7,Lost Customers,-16583.0286,0.0,0.15,-127136.5528,-125937.292,-1199.2608
29616,3,Inactive Low-Value Customers,-38397.8704,0.2381,0.1079,-122952.3715,-126699.9455,3747.5741
29772,3,Inactive Low-Value Customers,-39152.9416,0.2381,0.1079,-125370.1565,-127631.4434,2261.2869
30103,3,Inactive Low-Value Customers,-42692.999,0.2381,0.1079,-136705.6406,-128530.6152,-8175.0254
30074,3,Inactive Low-Value Customers,-41675.635,0.2381,0.1079,-133447.9778,-130402.5775,-3045.4002
29827,3,Inactive Low-Value Customers,-45032.7584,0.2381,0.1079,-144197.6959,-133115.4178,-11082.2781
29701,3,Inactive Low-Value Customers,-45656.9515,0.2381,0.1079,-146196.4012,-141110.9149,-5085.4863
29639,3,Inactive Low-Value Customers,-42798.3962,0.2381,0.1079,-137043.1291,-144499.5882,7456.459
29727,7,Lost Customers,-19698.9538,0.0,0.15,-151025.3121,-147973.7546,-3051.5575
30117,3,Inactive Low-Value Customers,-48653.3403,0.2381,0.1079,-155791.0246,-158642.8003,2851.7757
29994,3,Inactive Low-Value Customers,-48443.429,0.2381,0.1079,-155118.8755,-158908.1542,3789.2787
29716,3,Inactive Low-Value Customers,-49439.4015,0.2381,0.1079,-158308.0414,-159459.4208,1151.3794
29614,3,Inactive Low-Value Customers,-55895.3119,0.2381,0.1079,-178980.2684,-161369.1562,-17611.1122
29589,7,Lost Customers,-22428.4984,0.0,0.15,-171951.8211,-161587.9222,-10363.899
29706,7,Lost Customers,-21645.6975,0.0,0.15,-165950.3477,-162675.4891,-3274.8586
29995,7,Lost Customers,-18434.1606,0.0,0.15,-141328.5647,-163347.0666,22018.5019
29715,3,Inactive Low-Value Customers,-48612.2404,0.2381,0.1079,-155659.4201,-166065.5745,10406.1543
29646,3,Inactive Low-Value Customers,-55770.4205,0.2381,0.1079,-178580.3583,-166814.2634,-11766.0949
29722,3,Inactive Low-Value Customers,-54249.8475,0.2381,0.1079,-173711.389,-167366.7525,-6344.6365
29562,3,Inactive Low-Value Customers,-55256.664,0.2381,0.1079,-176935.2781,-169061.393,-7873.8851
29923,7,Lost Customers,-24803.4173,0.0,0.15,-190159.5327,-186534.7147,-3624.818
29615,7,Lost Customers,-33924.4889,0.0,0.15,-260087.7485,-243837.3333,-16250.4152
29987,7,Lost Customers,-31600.4086,0.0,0.15,-242269.7993,-248987.555,6717.7558
29641,7,Lost Customers,-42393.4434,0.0,0.15,-325016.3995,-264746.2179,-60270.1816
29940,7,Lost Customers,-36051.1039,0.0,0.15,-276391.7963,-268921.873,-7469.9233
