This is XeTeX, Version 3.141592653-2.6-0.999997 (TeX Live 2025) (preloaded format=xelatex 2026.1.28)  1 JUL 2026 10:19
entering extended mode
 restricted \write18 enabled.
 %&-line parsing enabled.
**index.tex
(./index.tex
LaTeX2e <2025-11-01>
L3 programming layer <2026-01-19>
(c:/Users/rodrigokang/AppData/Roaming/TinyTeX/texmf-dist/tex/latex/base/book.cls
Document Class: book 2025/01/22 v1.4n Standard LaTeX document class
(c:/Users/rodrigokang/AppData/Roaming/TinyTeX/texmf-dist/tex/latex/base/bk12.clo
File: bk12.clo 2025/01/22 v1.4n Standard LaTeX file (size option)
)
\c@part=\count271
\c@chapter=\count272
\c@section=\count273
\c@subsection=\count274
\c@subsubsection=\count275
\c@paragraph=\count276
\c@subparagraph=\count277
\c@figure=\count278
\c@table=\count279
\abovecaptionskip=\skip49
\belowcaptionskip=\skip50
\bibindent=\dimen148
) (c:/Users/rodrigokang/AppData/Roaming/TinyTeX/texmf-dist/tex/latex/xcolor/xcolor.sty
Package: xcolor 2024/09/29 v3.02 LaTeX color extensions (UK)
(c:/Users/rodrigokang/AppData/Roaming/TinyTeX/texmf-dist/tex/latex/graphics-cfg/color.cfg
File: color.cfg 2016/01/02 v1.6 sample color configuration
)
Package xcolor Info: Driver file: xetex.def on input line 274.
(c:/Users/rodrigokang/AppData/Roaming/TinyTeX/texmf-dist/tex/latex/graphics-def/xetex.def
File: xetex.def 2025/11/01 v5.0p Graphics/color driver for xetex
) (c:/Users/rodrigokang/AppData/Roaming/TinyTeX/texmf-dist/tex/latex/graphics/mathcolor.ltx)
Package xcolor Info: Model `cmy' substituted by `cmy0' on input line 1349.
Package xcolor Info: Model `RGB' extended on input line 1365.
Package xcolor Info: Model `HTML' substituted by `rgb' on input line 1367.
Package xcolor Info: Model `Hsb' substituted by `hsb' on input line 1368.
Package xcolor Info: Model `tHsb' substituted by `hsb' on input line 1369.
Package xcolor Info: Model `HSB' substituted by `hsb' on input line 1370.
Package xcolor Info: Model `Gray' substituted by `gray' on input line 1371.
Package xcolor Info: Model `wave' substituted by `hsb' on input line 1372.
) (c:/Users/rodrigokang/AppData/Roaming/TinyTeX/texmf-dist/tex/latex/amsmath/amsmath.sty
Package: amsmath 2025/07/09 v2.17z AMS math features
\@mathmargin=\skip51
For additional information on amsmath, use the `?' option.
(c:/Users/rodrigokang/AppData/Roaming/TinyTeX/texmf-dist/tex/latex/amsmath/amstext.sty
Package: amstext 2024/11/17 v2.01 AMS text
(c:/Users/rodrigokang/AppData/Roaming/TinyTeX/texmf-dist/tex/latex/amsmath/amsgen.sty
File: amsgen.sty 1999/11/30 v2.0 generic functions
\@emptytoks=\toks17
\ex@=\dimen149
)) (c:/Users/rodrigokang/AppData/Roaming/TinyTeX/texmf-dist/tex/latex/amsmath/amsbsy.sty
Package: amsbsy 1999/11/29 v1.2d Bold Symbols
\pmbraise@=\dimen150
) (c:/Users/rodrigokang/AppData/Roaming/TinyTeX/texmf-dist/tex/latex/amsmath/amsopn.sty
Package: amsopn 2022/04/08 v2.04 operator names
)
\inf@bad=\count280
LaTeX Info: Redefining \frac on input line 233.
\uproot@=\count281
\leftroot@=\count282
LaTeX Info: Redefining \overline on input line 398.
LaTeX Info: Redefining \colon on input line 409.
\classnum@=\count283
\DOTSCASE@=\count284
LaTeX Info: Redefining \ldots on input line 495.
LaTeX Info: Redefining \dots on input line 498.
LaTeX Info: Redefining \cdots on input line 619.
\Mathstrutbox@=\box53
\strutbox@=\box54
LaTeX Info: Redefining \big on input line 721.
LaTeX Info: Redefining \Big on input line 722.
LaTeX Info: Redefining \bigg on input line 723.
LaTeX Info: Redefining \Bigg on input line 724.
\big@size=\dimen151
LaTeX Font Info:    Redeclaring font encoding OML on input line 742.
LaTeX Font Info:    Redeclaring font encoding OMS on input line 743.
\macc@depth=\count285
LaTeX Info: Redefining \bmod on input line 904.
LaTeX Info: Redefining \pmod on input line 909.
LaTeX Info: Redefining \smash on input line 939.
LaTeX Info: Redefining \relbar on input line 969.
LaTeX Info: Redefining \Relbar on input line 970.
\c@MaxMatrixCols=\count286
\dotsspace@=\muskip17
\c@parentequation=\count287
\dspbrk@lvl=\count288
\tag@help=\toks18
\row@=\count289
\column@=\count290
\maxfields@=\count291
\andhelp@=\toks19
\eqnshift@=\dimen152
\alignsep@=\dimen153
\tagshift@=\dimen154
\tagwidth@=\dimen155
\totwidth@=\dimen156
\lineht@=\dimen157
\@envbody=\toks20
\multlinegap=\skip52
\multlinetaggap=\skip53
\mathdisplay@stack=\toks21
LaTeX Info: Redefining \[ on input line 2950.
LaTeX Info: Redefining \] on input line 2951.
) (c:/Users/rodrigokang/AppData/Roaming/TinyTeX/texmf-dist/tex/latex/amsfonts/amssymb.sty
Package: amssymb 2013/01/14 v3.01 AMS font symbols
(c:/Users/rodrigokang/AppData/Roaming/TinyTeX/texmf-dist/tex/latex/amsfonts/amsfonts.sty
Package: amsfonts 2013/01/14 v3.01 Basic AMSFonts support
\symAMSa=\mathgroup4
\symAMSb=\mathgroup5
LaTeX Font Info:    Redeclaring math symbol \hbar on input line 98.
LaTeX Font Info:    Overwriting math alphabet `\mathfrak' in version `bold'
(Font)                  U/euf/m/n --> U/euf/b/n on input line 106.
)) (c:/Users/rodrigokang/AppData/Roaming/TinyTeX/texmf-dist/tex/generic/iftex/iftex.sty
Package: iftex 2024/12/12 v1.0g TeX engine tests
) (c:/Users/rodrigokang/AppData/Roaming/TinyTeX/texmf-dist/tex/latex/unicode-math/unicode-math.sty (c:/Users/rodrigokang/AppData/Roaming/TinyTeX/texmf-dist/tex/latex/l3kernel/expl3.sty
Package: expl3 2026-01-19 L3 programming layer (loader) 
(c:/Users/rodrigokang/AppData/Roaming/TinyTeX/texmf-dist/tex/latex/l3backend/l3backend-xetex.def
File: l3backend-xetex.def 2025-10-09 L3 backend support: XeTeX
\g__graphics_track_int=\count292
\g__pdfannot_backend_int=\count293
\g__pdfannot_backend_link_int=\count294
))
Package: unicode-math 2023/08/13 v0.8r Unicode maths in XeLaTeX and LuaLaTeX
(c:/Users/rodrigokang/AppData/Roaming/TinyTeX/texmf-dist/tex/latex/unicode-math/unicode-math-xetex.sty
Package: unicode-math-xetex 2023/08/13 v0.8r Unicode maths in XeLaTeX and LuaLaTeX
(c:/Users/rodrigokang/AppData/Roaming/TinyTeX/texmf-dist/tex/latex/l3packages/xparse/xparse.sty
Package: xparse 2025-10-09 L3 Experimental document command parser
) (c:/Users/rodrigokang/AppData/Roaming/TinyTeX/texmf-dist/tex/latex/l3packages/l3keys2e/l3keys2e.sty
Package: l3keys2e 2025-10-09 LaTeX2e option processing using LaTeX3 keys
) (c:/Users/rodrigokang/AppData/Roaming/TinyTeX/texmf-dist/tex/latex/fontspec/fontspec.sty
Package: fontspec 2025/09/29 v2.9g Font selection for XeLaTeX and LuaLaTeX
(c:/Users/rodrigokang/AppData/Roaming/TinyTeX/texmf-dist/tex/latex/fontspec/fontspec-xetex.sty
Package: fontspec-xetex 2025/09/29 v2.9g Font selection for XeLaTeX and LuaLaTeX
\l__fontspec_script_int=\count295
\l__fontspec_language_int=\count296
\l__fontspec_strnum_int=\count297
\l__fontspec_tmp_int=\count298
\l__fontspec_tmpa_int=\count299
\l__fontspec_tmpb_int=\count300
\l__fontspec_tmpc_int=\count301
\l__fontspec_em_int=\count302
\l__fontspec_emdef_int=\count303
\l__fontspec_strong_int=\count304
\l__fontspec_strongdef_int=\count305
\l__fontspec_tmpa_dim=\dimen158
\l__fontspec_tmpb_dim=\dimen159
\l__fontspec_tmpc_dim=\dimen160
(c:/Users/rodrigokang/AppData/Roaming/TinyTeX/texmf-dist/tex/latex/base/fontenc.sty
Package: fontenc 2025/07/18 v2.1d Standard LaTeX package
) (c:/Users/rodrigokang/AppData/Roaming/TinyTeX/texmf-dist/tex/latex/fontspec/fontspec.cfg))) (c:/Users/rodrigokang/AppData/Roaming/TinyTeX/texmf-dist/tex/latex/base/fix-cm.sty
Package: fix-cm 2020/11/24 v1.1t fixes to LaTeX
(c:/Users/rodrigokang/AppData/Roaming/TinyTeX/texmf-dist/tex/latex/base/ts1enc.def
File: ts1enc.def 2001/06/05 v3.0e (jk/car/fm) Standard LaTeX file
LaTeX Font Info:    Redeclaring font encoding TS1 on input line 47.
LaTeX Encoding Info:    Redeclaring text command \capitalcedilla (encoding TS1) on input line 49.
LaTeX Encoding Info:    Redeclaring text command \capitalogonek (encoding TS1) on input line 52.
LaTeX Encoding Info:    Redeclaring text command \capitalgrave (encoding TS1) on input line 55.
LaTeX Encoding Info:    Redeclaring text command \capitalacute (encoding TS1) on input line 56.
LaTeX Encoding Info:    Redeclaring text command \capitalcircumflex (encoding TS1) on input line 57.
LaTeX Encoding Info:    Redeclaring text command \capitaltilde (encoding TS1) on input line 58.
LaTeX Encoding Info:    Redeclaring text command \capitaldieresis (encoding TS1) on input line 59.
LaTeX Encoding Info:    Redeclaring text command \capitalhungarumlaut (encoding TS1) on input line 60.
LaTeX Encoding Info:    Redeclaring text command \capitalring (encoding TS1) on input line 61.
LaTeX Encoding Info:    Redeclaring text command \capitalcaron (encoding TS1) on input line 62.
LaTeX Encoding Info:    Redeclaring text command \capitalbreve (encoding TS1) on input line 63.
LaTeX Encoding Info:    Redeclaring text command \capitalmacron (encoding TS1) on input line 64.
LaTeX Encoding Info:    Redeclaring text command \capitaldotaccent (encoding TS1) on input line 65.
LaTeX Encoding Info:    Redeclaring text command \t (encoding TS1) on input line 66.
LaTeX Encoding Info:    Redeclaring text command \capitaltie (encoding TS1) on input line 67.
LaTeX Encoding Info:    Redeclaring text command \newtie (encoding TS1) on input line 68.
LaTeX Encoding Info:    Redeclaring text command \capitalnewtie (encoding TS1) on input line 69.
LaTeX Encoding Info:    Redeclaring text symbol \textcapitalcompwordmark (encoding TS1) on input line 70.
LaTeX Encoding Info:    Redeclaring text symbol \textascendercompwordmark (encoding TS1) on input line 71.
LaTeX Encoding Info:    Redeclaring text symbol \textquotestraightbase (encoding TS1) on input line 72.
LaTeX Encoding Info:    Redeclaring text symbol \textquotestraightdblbase (encoding TS1) on input line 73.
LaTeX Encoding Info:    Redeclaring text symbol \texttwelveudash (encoding TS1) on input line 74.
LaTeX Encoding Info:    Redeclaring text symbol \textthreequartersemdash (encoding TS1) on input line 75.
LaTeX Encoding Info:    Redeclaring text symbol \textleftarrow (encoding TS1) on input line 76.
LaTeX Encoding Info:    Redeclaring text symbol \textrightarrow (encoding TS1) on input line 77.
LaTeX Encoding Info:    Redeclaring text symbol \textblank (encoding TS1) on input line 78.
LaTeX Encoding Info:    Redeclaring text symbol \textdollar (encoding TS1) on input line 79.
LaTeX Encoding Info:    Redeclaring text symbol \textquotesingle (encoding TS1) on input line 80.
LaTeX Encoding Info:    Redeclaring text command \textasteriskcentered (encoding TS1) on input line 81.
LaTeX Encoding Info:    Redeclaring text symbol \textdblhyphen (encoding TS1) on input line 92.
LaTeX Encoding Info:    Redeclaring text symbol \textfractionsolidus (encoding TS1) on input line 93.
LaTeX Encoding Info:    Redeclaring text symbol \textzerooldstyle (encoding TS1) on input line 94.
LaTeX Encoding Info:    Redeclaring text symbol \textoneoldstyle (encoding TS1) on input line 95.
LaTeX Encoding Info:    Redeclaring text symbol \texttwooldstyle (encoding TS1) on input line 96.
LaTeX Encoding Info:    Redeclaring text symbol \textthreeoldstyle (encoding TS1) on input line 97.
LaTeX Encoding Info:    Redeclaring text symbol \textfouroldstyle (encoding TS1) on input line 98.
LaTeX Encoding Info:    Redeclaring text symbol \textfiveoldstyle (encoding TS1) on input line 99.
LaTeX Encoding Info:    Redeclaring text symbol \textsixoldstyle (encoding TS1) on input line 100.
LaTeX Encoding Info:    Redeclaring text symbol \textsevenoldstyle (encoding TS1) on input line 101.
LaTeX Encoding Info:    Redeclaring text symbol \texteightoldstyle (encoding TS1) on input line 102.
LaTeX Encoding Info:    Redeclaring text symbol \textnineoldstyle (encoding TS1) on input line 103.
LaTeX Encoding Info:    Redeclaring text symbol \textlangle (encoding TS1) on input line 104.
LaTeX Encoding Info:    Redeclaring text symbol \textminus (encoding TS1) on input line 105.
LaTeX Encoding Info:    Redeclaring text symbol \textrangle (encoding TS1) on input line 106.
LaTeX Encoding Info:    Redeclaring text symbol \textmho (encoding TS1) on input line 107.
LaTeX Encoding Info:    Redeclaring text symbol \textbigcircle (encoding TS1) on input line 108.
LaTeX Encoding Info:    Redeclaring text command \textcircled (encoding TS1) on input line 109.
LaTeX Encoding Info:    Redeclaring text symbol \textohm (encoding TS1) on input line 115.
LaTeX Encoding Info:    Redeclaring text symbol \textlbrackdbl (encoding TS1) on input line 116.
LaTeX Encoding Info:    Redeclaring text symbol \textrbrackdbl (encoding TS1) on input line 117.
LaTeX Encoding Info:    Redeclaring text symbol \textuparrow (encoding TS1) on input line 118.
LaTeX Encoding Info:    Redeclaring text symbol \textdownarrow (encoding TS1) on input line 119.
LaTeX Encoding Info:    Redeclaring text symbol \textasciigrave (encoding TS1) on input line 120.
LaTeX Encoding Info:    Redeclaring text symbol \textborn (encoding TS1) on input line 121.
LaTeX Encoding Info:    Redeclaring text symbol \textdivorced (encoding TS1) on input line 122.
LaTeX Encoding Info:    Redeclaring text symbol \textdied (encoding TS1) on input line 123.
LaTeX Encoding Info:    Redeclaring text symbol \textleaf (encoding TS1) on input line 124.
LaTeX Encoding Info:    Redeclaring text symbol \textmarried (encoding TS1) on input line 125.
LaTeX Encoding Info:    Redeclaring text symbol \textmusicalnote (encoding TS1) on input line 126.
LaTeX Encoding Info:    Redeclaring text symbol \texttildelow (encoding TS1) on input line 127.
LaTeX Encoding Info:    Redeclaring text symbol \textdblhyphenchar (encoding TS1) on input line 128.
LaTeX Encoding Info:    Redeclaring text symbol \textasciibreve (encoding TS1) on input line 129.
LaTeX Encoding Info:    Redeclaring text symbol \textasciicaron (encoding TS1) on input line 130.
LaTeX Encoding Info:    Redeclaring text symbol \textacutedbl (encoding TS1) on input line 131.
LaTeX Encoding Info:    Redeclaring text symbol \textgravedbl (encoding TS1) on input line 132.
LaTeX Encoding Info:    Redeclaring text symbol \textdagger (encoding TS1) on input line 133.
LaTeX Encoding Info:    Redeclaring text symbol \textdaggerdbl (encoding TS1) on input line 134.
LaTeX Encoding Info:    Redeclaring text symbol \textbardbl (encoding TS1) on input line 135.
LaTeX Encoding Info:    Redeclaring text symbol \textperthousand (encoding TS1) on input line 136.
LaTeX Encoding Info:    Redeclaring text symbol \textbullet (encoding TS1) on input line 137.
LaTeX Encoding Info:    Redeclaring text symbol \textcelsius (encoding TS1) on input line 138.
LaTeX Encoding Info:    Redeclaring text symbol \textdollaroldstyle (encoding TS1) on input line 139.
LaTeX Encoding Info:    Redeclaring text symbol \textcentoldstyle (encoding TS1) on input line 140.
LaTeX Encoding Info:    Redeclaring text symbol \textflorin (encoding TS1) on input line 141.
LaTeX Encoding Info:    Redeclaring text symbol \textcolonmonetary (encoding TS1) on input line 142.
LaTeX Encoding Info:    Redeclaring text symbol \textwon (encoding TS1) on input line 143.
LaTeX Encoding Info:    Redeclaring text symbol \textnaira (encoding TS1) on input line 144.
LaTeX Encoding Info:    Redeclaring text symbol \textguarani (encoding TS1) on input line 145.
LaTeX Encoding Info:    Redeclaring text symbol \textpeso (encoding TS1) on input line 146.
LaTeX Encoding Info:    Redeclaring text symbol \textlira (encoding TS1) on input line 147.
LaTeX Encoding Info:    Redeclaring text symbol \textrecipe (encoding TS1) on input line 148.
LaTeX Encoding Info:    Redeclaring text symbol \textinterrobang (encoding TS1) on input line 149.
LaTeX Encoding Info:    Redeclaring text symbol \textinterrobangdown (encoding TS1) on input line 150.
LaTeX Encoding Info:    Redeclaring text symbol \textdong (encoding TS1) on input line 151.
LaTeX Encoding Info:    Redeclaring text symbol \texttrademark (encoding TS1) on input line 152.
LaTeX Encoding Info:    Redeclaring text symbol \textpertenthousand (encoding TS1) on input line 153.
LaTeX Encoding Info:    Redeclaring text symbol \textpilcrow (encoding TS1) on input line 154.
LaTeX Encoding Info:    Redeclaring text symbol \textbaht (encoding TS1) on input line 155.
LaTeX Encoding Info:    Redeclaring text symbol \textnumero (encoding TS1) on input line 156.
LaTeX Encoding Info:    Redeclaring text symbol \textdiscount (encoding TS1) on input line 157.
LaTeX Encoding Info:    Redeclaring text symbol \textestimated (encoding TS1) on input line 158.
LaTeX Encoding Info:    Redeclaring text symbol \textopenbullet (encoding TS1) on input line 159.
LaTeX Encoding Info:    Redeclaring text symbol \textservicemark (encoding TS1) on input line 160.
LaTeX Encoding Info:    Redeclaring text symbol \textlquill (encoding TS1) on input line 161.
LaTeX Encoding Info:    Redeclaring text symbol \textrquill (encoding TS1) on input line 162.
LaTeX Encoding Info:    Redeclaring text symbol \textcent (encoding TS1) on input line 163.
LaTeX Encoding Info:    Redeclaring text symbol \textsterling (encoding TS1) on input line 164.
LaTeX Encoding Info:    Redeclaring text symbol \textcurrency (encoding TS1) on input line 165.
LaTeX Encoding Info:    Redeclaring text symbol \textyen (encoding TS1) on input line 166.
LaTeX Encoding Info:    Redeclaring text symbol \textbrokenbar (encoding TS1) on input line 167.
LaTeX Encoding Info:    Redeclaring text symbol \textsection (encoding TS1) on input line 168.
LaTeX Encoding Info:    Redeclaring text symbol \textasciidieresis (encoding TS1) on input line 169.
LaTeX Encoding Info:    Redeclaring text symbol \textcopyright (encoding TS1) on input line 170.
LaTeX Encoding Info:    Redeclaring text symbol \textordfeminine (encoding TS1) on input line 171.
LaTeX Encoding Info:    Redeclaring text symbol \textcopyleft (encoding TS1) on input line 172.
LaTeX Encoding Info:    Redeclaring text symbol \textlnot (encoding TS1) on input line 173.
LaTeX Encoding Info:    Redeclaring text symbol \textcircledP (encoding TS1) on input line 174.
LaTeX Encoding Info:    Redeclaring text symbol \textregistered (encoding TS1) on input line 175.
LaTeX Encoding Info:    Redeclaring text symbol \textasciimacron (encoding TS1) on input line 176.
LaTeX Encoding Info:    Redeclaring text symbol \textdegree (encoding TS1) on input line 177.
LaTeX Encoding Info:    Redeclaring text symbol \textpm (encoding TS1) on input line 178.
LaTeX Encoding Info:    Redeclaring text symbol \texttwosuperior (encoding TS1) on input line 179.
LaTeX Encoding Info:    Redeclaring text symbol \textthreesuperior (encoding TS1) on input line 180.
LaTeX Encoding Info:    Redeclaring text symbol \textasciiacute (encoding TS1) on input line 181.
LaTeX Encoding Info:    Redeclaring text symbol \textmu (encoding TS1) on input line 182.
LaTeX Encoding Info:    Redeclaring text symbol \textparagraph (encoding TS1) on input line 183.
LaTeX Encoding Info:    Redeclaring text symbol \textperiodcentered (encoding TS1) on input line 184.
LaTeX Encoding Info:    Redeclaring text symbol \textreferencemark (encoding TS1) on input line 185.
LaTeX Encoding Info:    Redeclaring text symbol \textonesuperior (encoding TS1) on input line 186.
LaTeX Encoding Info:    Redeclaring text symbol \textordmasculine (encoding TS1) on input line 187.
LaTeX Encoding Info:    Redeclaring text symbol \textsurd (encoding TS1) on input line 188.
LaTeX Encoding Info:    Redeclaring text symbol \textonequarter (encoding TS1) on input line 189.
LaTeX Encoding Info:    Redeclaring text symbol \textonehalf (encoding TS1) on input line 190.
LaTeX Encoding Info:    Redeclaring text symbol \textthreequarters (encoding TS1) on input line 191.
LaTeX Encoding Info:    Redeclaring text symbol \texteuro (encoding TS1) on input line 192.
LaTeX Encoding Info:    Redeclaring text symbol \texttimes (encoding TS1) on input line 193.
LaTeX Encoding Info:    Redeclaring text symbol \textdiv (encoding TS1) on input line 194.
))
\g__um_fam_int=\count306
\g__um_fonts_used_int=\count307
\l__um_primecount_int=\count308
\g__um_primekern_muskip=\muskip18
(c:/Users/rodrigokang/AppData/Roaming/TinyTeX/texmf-dist/tex/latex/unicode-math/unicode-math-table.tex))) (c:/Users/rodrigokang/AppData/Roaming/TinyTeX/texmf-dist/tex/latex/lm/lmodern.sty
Package: lmodern 2015/05/01 v1.6.1 Latin Modern Fonts
LaTeX Font Info:    Overwriting symbol font `operators' in version `normal'
(Font)                  OT1/cmr/m/n --> OT1/lmr/m/n on input line 22.
LaTeX Font Info:    Overwriting symbol font `letters' in version `normal'
(Font)                  OML/cmm/m/it --> OML/lmm/m/it on input line 23.
LaTeX Font Info:    Overwriting symbol font `symbols' in version `normal'
(Font)                  OMS/cmsy/m/n --> OMS/lmsy/m/n on input line 24.
LaTeX Font Info:    Overwriting symbol font `largesymbols' in version `normal'
(Font)                  OMX/cmex/m/n --> OMX/lmex/m/n on input line 25.
LaTeX Font Info:    Overwriting symbol font `operators' in version `bold'
(Font)                  OT1/cmr/bx/n --> OT1/lmr/bx/n on input line 26.
LaTeX Font Info:    Overwriting symbol font `letters' in version `bold'
(Font)                  OML/cmm/b/it --> OML/lmm/b/it on input line 27.
LaTeX Font Info:    Overwriting symbol font `symbols' in version `bold'
(Font)                  OMS/cmsy/b/n --> OMS/lmsy/b/n on input line 28.
LaTeX Font Info:    Overwriting symbol font `largesymbols' in version `bold'
(Font)                  OMX/cmex/m/n --> OMX/lmex/m/n on input line 29.
LaTeX Font Info:    Overwriting math alphabet `\mathbf' in version `normal'
(Font)                  OT1/cmr/bx/n --> OT1/lmr/bx/n on input line 31.
LaTeX Font Info:    Overwriting math alphabet `\mathsf' in version `normal'
(Font)                  OT1/cmss/m/n --> OT1/lmss/m/n on input line 32.
LaTeX Font Info:    Overwriting math alphabet `\mathit' in version `normal'
(Font)                  OT1/cmr/m/it --> OT1/lmr/m/it on input line 33.
LaTeX Font Info:    Overwriting math alphabet `\mathtt' in version `normal'
(Font)                  OT1/cmtt/m/n --> OT1/lmtt/m/n on input line 34.
LaTeX Font Info:    Overwriting math alphabet `\mathbf' in version `bold'
(Font)                  OT1/cmr/bx/n --> OT1/lmr/bx/n on input line 35.
LaTeX Font Info:    Overwriting math alphabet `\mathsf' in version `bold'
(Font)                  OT1/cmss/bx/n --> OT1/lmss/bx/n on input line 36.
LaTeX Font Info:    Overwriting math alphabet `\mathit' in version `bold'
(Font)                  OT1/cmr/bx/it --> OT1/lmr/bx/it on input line 37.
LaTeX Font Info:    Overwriting math alphabet `\mathtt' in version `bold'
(Font)                  OT1/cmtt/m/n --> OT1/lmtt/m/n on input line 38.
)

Package fontspec Info: 
(fontspec)             Linux Libertine O scale = 1.004659434465588.


Package fontspec Info: 
(fontspec)             Linux Libertine O scale = 1.


Package fontspec Info: 
(fontspec)             Linux Libertine O scale = 1.004659434465588.


Package fontspec Info: 
(fontspec)             Linux Libertine O scale = 1.


Package fontspec Info: 
(fontspec)             Linux Libertine O scale = 1.004659434465588.


Package fontspec Info: 
(fontspec)             Linux Libertine O scale = 1.


Package fontspec Info: 
(fontspec)             Linux Libertine O/B scale = 0.936952675807165.


Package fontspec Info: 
(fontspec)             Linux Libertine O/B scale = 1.


Package fontspec Info: 
(fontspec)             Linux Libertine O/B scale = 0.936952675807165.


Package fontspec Info: 
(fontspec)             Linux Libertine O/B scale = 1.


Package fontspec Info: 
(fontspec)             Linux Libertine O/I scale = 1.004659434465588.


Package fontspec Info: 
(fontspec)             Linux Libertine O/I scale = 1.


Package fontspec Info: 
(fontspec)             Linux Libertine O/I scale = 1.004659434465588.


Package fontspec Info: 
(fontspec)             Linux Libertine O/I scale = 1.


Package fontspec Info: 
(fontspec)             Linux Libertine O/BI scale = 0.9685366738769526.


Package fontspec Info: 
(fontspec)             Linux Libertine O/BI scale = 1.


Package fontspec Info: 
(fontspec)             Linux Libertine O/BI scale = 0.9685366738769526.


Package fontspec Info: 
(fontspec)             Linux Libertine O/BI scale = 1.


Package fontspec Info: 
(fontspec)             Font family 'LinuxLibertineO(0)' created for font
(fontspec)             'Linux Libertine O' with options
(fontspec)             [Scale=MatchLowercase,Ligatures=TeX,Scale=1].
(fontspec)              
(fontspec)              This font family consists of the following NFSS
(fontspec)             series/shapes:
(fontspec)              
(fontspec)             - 'normal' (m/n) with NFSS spec.: <->s*[1]"Linux
(fontspec)             Libertine
(fontspec)             O/OT:script=latn;language=dflt;mapping=tex-text;"
(fontspec)             - 'small caps'  (m/sc) with NFSS spec.: <->s*[1]"Linux
(fontspec)             Libertine
(fontspec)             O/OT:script=latn;language=dflt;+smcp;mapping=tex-text;"
(fontspec)             - 'bold' (b/n) with NFSS spec.: <->s*[1]"Linux
(fontspec)             Libertine
(fontspec)             O/B/OT:script=latn;language=dflt;mapping=tex-text;"
(fontspec)             - 'bold small caps'  (b/sc) with NFSS spec.:
(fontspec)             <->s*[1]"Linux Libertine
(fontspec)             O/B/OT:script=latn;language=dflt;+smcp;mapping=tex-text;"
(fontspec)             - 'italic' (m/it) with NFSS spec.: <->s*[1]"Linux
(fontspec)             Libertine
(fontspec)             O/I/OT:script=latn;language=dflt;mapping=tex-text;"
(fontspec)             - 'italic small caps'  (m/scit) with NFSS spec.:
(fontspec)             <->s*[1]"Linux Libertine
(fontspec)             O/I/OT:script=latn;language=dflt;+smcp;mapping=tex-text;"
(fontspec)             - 'bold italic' (b/it) with NFSS spec.: <->s*[1]"Linux
(fontspec)             Libertine
(fontspec)             O/BI/OT:script=latn;language=dflt;mapping=tex-text;"
(fontspec)             - 'bold italic small caps'  (b/scit) with NFSS spec.:
(fontspec)             <->s*[1]"Linux Libertine
(fontspec)             O/BI/OT:script=latn;language=dflt;+smcp;mapping=tex-text;"

LaTeX Font Info:    Font shape `TU/LinuxLibertineO(0)/m/n' will be
(Font)              scaled to size 12.0pt on input line 27.

Package fontspec Info: 
(fontspec)             Linux Libertine O scale = 0.9999970359831645.


Package fontspec Info: 
(fontspec)             Linux Libertine O scale = 0.9999970359831645.


Package fontspec Info: 
(fontspec)             Linux Libertine O scale = 0.9999970359831645.


Package fontspec Info: 
(fontspec)             Linux Libertine O/B scale = 0.9326044891640868.


Package fontspec Info: 
(fontspec)             Linux Libertine O/B scale = 0.9326044891640868.


Package fontspec Info: 
(fontspec)             Linux Libertine O/I scale = 0.9999970359831645.


Package fontspec Info: 
(fontspec)             Linux Libertine O/I scale = 0.9999970359831645.


Package fontspec Info: 
(fontspec)             Linux Libertine O/BI scale = 0.9640419130022317.


Package fontspec Info: 
(fontspec)             Linux Libertine O/BI scale = 0.9640419130022317.


Package fontspec Info: 
(fontspec)             Font family 'LinuxLibertineO(1)' created for font
(fontspec)             'Linux Libertine O' with options
(fontspec)             [Scale=MatchLowercase].
(fontspec)              
(fontspec)              This font family consists of the following NFSS
(fontspec)             series/shapes:
(fontspec)              
(fontspec)             - 'normal' (m/n) with NFSS spec.:
(fontspec)             <->s*[0.9999970359831645]"Linux Libertine
(fontspec)             O/OT:script=latn;language=dflt;"
(fontspec)             - 'small caps'  (m/sc) with NFSS spec.:
(fontspec)             <->s*[0.9999970359831645]"Linux Libertine
(fontspec)             O/OT:script=latn;language=dflt;+smcp;"
(fontspec)             - 'bold' (b/n) with NFSS spec.:
(fontspec)             <->s*[0.9326044891640868]"Linux Libertine
(fontspec)             O/B/OT:script=latn;language=dflt;"
(fontspec)             - 'bold small caps'  (b/sc) with NFSS spec.:
(fontspec)             <->s*[0.9326044891640868]"Linux Libertine
(fontspec)             O/B/OT:script=latn;language=dflt;+smcp;"
(fontspec)             - 'italic' (m/it) with NFSS spec.:
(fontspec)             <->s*[0.9999970359831645]"Linux Libertine
(fontspec)             O/I/OT:script=latn;language=dflt;"
(fontspec)             - 'italic small caps'  (m/scit) with NFSS spec.:
(fontspec)             <->s*[0.9999970359831645]"Linux Libertine
(fontspec)             O/I/OT:script=latn;language=dflt;+smcp;"
(fontspec)             - 'bold italic' (b/it) with NFSS spec.:
(fontspec)             <->s*[0.9640419130022317]"Linux Libertine
(fontspec)             O/BI/OT:script=latn;language=dflt;"
(fontspec)             - 'bold italic small caps'  (b/scit) with NFSS spec.:
(fontspec)             <->s*[0.9640419130022317]"Linux Libertine
(fontspec)             O/BI/OT:script=latn;language=dflt;+smcp;"

LaTeX Font Info:    Overwriting math alphabet `\mathrm' in version `normal'
(Font)                  OT1/lmr/m/n --> TU/LinuxLibertineO(1)/m/n on input line 27.
LaTeX Font Info:    Overwriting math alphabet `\mathit' in version `normal'
(Font)                  OT1/lmr/m/it --> TU/LinuxLibertineO(1)/m/it on input line 27.
LaTeX Font Info:    Overwriting math alphabet `\mathbf' in version `normal'
(Font)                  OT1/lmr/bx/n --> TU/LinuxLibertineO(1)/b/n on input line 27.
(c:/Users/rodrigokang/AppData/Roaming/TinyTeX/texmf-dist/tex/latex/upquote/upquote.sty
Package: upquote 2012/04/19 v1.3 upright-quote and grave-accent glyphs in verbatim
(c:/Users/rodrigokang/AppData/Roaming/TinyTeX/texmf-dist/tex/latex/base/textcomp.sty
Package: textcomp 2024/04/24 v2.1b Standard LaTeX package
)) (c:/Users/rodrigokang/AppData/Roaming/TinyTeX/texmf-dist/tex/latex/microtype/microtype.sty
Package: microtype 2025/07/09 v3.2b Micro-typographical refinements (RS)
(c:/Users/rodrigokang/AppData/Roaming/TinyTeX/texmf-dist/tex/latex/graphics/keyval.sty
Package: keyval 2022/05/29 v1.15 key=value parser (DPC)
\KV@toks@=\toks22
) (c:/Users/rodrigokang/AppData/Roaming/TinyTeX/texmf-dist/tex/latex/etoolbox/etoolbox.sty
Package: etoolbox 2025/10/02 v2.5m e-TeX tools for LaTeX (JAW)
\etb@tempcnta=\count309
)
\MT@toks=\toks23
\MT@tempbox=\box55
\MT@count=\count310
LaTeX Info: Redefining \noprotrusionifhmode on input line 1087.
LaTeX Info: Redefining \leftprotrusion on input line 1088.
\MT@prot@toks=\toks24
LaTeX Info: Redefining \rightprotrusion on input line 1107.
LaTeX Info: Redefining \textls on input line 1449.
\MT@outer@kern=\dimen161
LaTeX Info: Redefining \microtypecontext on input line 2053.
LaTeX Info: Redefining \textmicrotypecontext on input line 2070.
\MT@listname@count=\count311
(c:/Users/rodrigokang/AppData/Roaming/TinyTeX/texmf-dist/tex/latex/microtype/microtype-xetex.def
File: microtype-xetex.def 2025/07/09 v3.2b Definitions specific to xetex (RS)
LaTeX Info: Redefining \lsstyle on input line 443.
LaTeX Info: Redefining \lslig on input line 451.
\MT@outer@space=\skip54
)
Package microtype Info: Loading configuration file microtype.cfg.
(c:/Users/rodrigokang/AppData/Roaming/TinyTeX/texmf-dist/tex/latex/microtype/microtype.cfg
File: microtype.cfg 2025/07/09 v3.2b microtype main configuration file (RS)
)
LaTeX Info: Redefining \microtypesetup on input line 3065.
) (c:/Users/rodrigokang/AppData/Roaming/TinyTeX/texmf-dist/tex/latex/parskip/parskip.sty
Package: parskip 2021-03-14 v2.0h non-zero parskip adjustments
(c:/Users/rodrigokang/AppData/Roaming/TinyTeX/texmf-dist/tex/latex/kvoptions/kvoptions.sty
Package: kvoptions 2022-06-15 v3.15 Key value format for package options (HO)
(c:/Users/rodrigokang/AppData/Roaming/TinyTeX/texmf-dist/tex/generic/ltxcmds/ltxcmds.sty
Package: ltxcmds 2023-12-04 v1.26 LaTeX kernel commands for general use (HO)
) (c:/Users/rodrigokang/AppData/Roaming/TinyTeX/texmf-dist/tex/latex/kvsetkeys/kvsetkeys.sty
Package: kvsetkeys 2022-10-05 v1.19 Key value parser (HO)
))) (c:/Users/rodrigokang/AppData/Roaming/TinyTeX/texmf-dist/tex/latex/tools/longtable.sty
Package: longtable 2025-10-13 v4.24 Multi-page Table package (DPC)
\LTleft=\skip55
\LTright=\skip56
\LTpre=\skip57
\LTpost=\skip58
\LTchunksize=\count312
\LTcapwidth=\dimen162
\LT@head=\box56
\LT@firsthead=\box57
\LT@foot=\box58
\LT@lastfoot=\box59
\LT@gbox=\box60
\LT@cols=\count313
\LT@rows=\count314
\c@LT@tables=\count315
\c@LT@chunks=\count316
\LT@p@ftn=\toks25
) (c:/Users/rodrigokang/AppData/Roaming/TinyTeX/texmf-dist/tex/latex/booktabs/booktabs.sty
Package: booktabs 2020/01/12 v1.61803398 Publication quality tables
\heavyrulewidth=\dimen163
\lightrulewidth=\dimen164
\cmidrulewidth=\dimen165
\belowrulesep=\dimen166
\belowbottomsep=\dimen167
\aboverulesep=\dimen168
\abovetopsep=\dimen169
\cmidrulesep=\dimen170
\cmidrulekern=\dimen171
\defaultaddspace=\dimen172
\@cmidla=\count317
\@cmidlb=\count318
\@aboverulesep=\dimen173
\@belowrulesep=\dimen174
\@thisruleclass=\count319
\@lastruleclass=\count320
\@thisrulewidth=\dimen175
) (c:/Users/rodrigokang/AppData/Roaming/TinyTeX/texmf-dist/tex/latex/tools/array.sty
Package: array 2025/09/25 v2.6n Tabular extension package (FMi)
\col@sep=\dimen176
\ar@mcellbox=\box61
\extrarowheight=\dimen177
\NC@list=\toks26
\extratabsurround=\skip59
\backup@length=\skip60
\ar@cellbox=\box62
) (c:/Users/rodrigokang/AppData/Roaming/TinyTeX/texmf-dist/tex/latex/tools/calc.sty
Package: calc 2025/03/01 v4.3b Infix arithmetic (KKT,FJ)
\calc@Acount=\count321
\calc@Bcount=\count322
\calc@Adimen=\dimen178
\calc@Bdimen=\dimen179
\calc@Askip=\skip61
\calc@Bskip=\skip62
LaTeX Info: Redefining \setlength on input line 86.
LaTeX Info: Redefining \addtolength on input line 87.
\calc@Ccount=\count323
\calc@Cskip=\skip63
) (c:/Users/rodrigokang/AppData/Roaming/TinyTeX/texmf-dist/tex/latex/mdwtools/footnote.sty
Package: footnote 1997/01/28 1.13 Save footnotes around boxes
\fn@notes=\box63
\fn@width=\dimen180
) (c:/Users/rodrigokang/AppData/Roaming/TinyTeX/texmf-dist/tex/latex/graphics/graphicx.sty
Package: graphicx 2024/12/31 v1.2e Enhanced LaTeX Graphics (DPC,SPQR)
(c:/Users/rodrigokang/AppData/Roaming/TinyTeX/texmf-dist/tex/latex/graphics/graphics.sty
Package: graphics 2024/08/06 v1.4g Standard LaTeX Graphics (DPC,SPQR)
(c:/Users/rodrigokang/AppData/Roaming/TinyTeX/texmf-dist/tex/latex/graphics/trig.sty
Package: trig 2023/12/02 v1.11 sin cos tan (DPC)
) (c:/Users/rodrigokang/AppData/Roaming/TinyTeX/texmf-dist/tex/latex/graphics-cfg/graphics.cfg
File: graphics.cfg 2016/06/04 v1.11 sample graphics configuration
)
Package graphics Info: Driver file: xetex.def on input line 106.
)
\Gin@req@height=\dimen181
\Gin@req@width=\dimen182
)
\pandoc@box=\box64
\cslhangindent=\skip64
\csllabelwidth=\skip65
(c:/Users/rodrigokang/AppData/Roaming/TinyTeX/texmf-dist/tex/latex/fancyhdr/fancyhdr.sty
Package: fancyhdr 2025/02/07 v5.2 Extensive control of page headers and footers
\f@nch@headwidth=\skip66
\f@nch@offset@elh=\skip67
\f@nch@offset@erh=\skip68
\f@nch@offset@olh=\skip69
\f@nch@offset@orh=\skip70
\f@nch@offset@elf=\skip71
\f@nch@offset@erf=\skip72
\f@nch@offset@olf=\skip73
\f@nch@offset@orf=\skip74
\f@nch@height=\skip75
\f@nch@footalignment=\skip76
\f@nch@widthL=\skip77
\f@nch@widthC=\skip78
\f@nch@widthR=\skip79
\@temptokenb=\toks27
) (c:/Users/rodrigokang/AppData/Roaming/TinyTeX/texmf-dist/tex/latex/fontawesome5/fontawesome5.sty
Package: fontawesome5 2022/05/02 v5.15.4 Font Awesome 5
(c:/Users/rodrigokang/AppData/Roaming/TinyTeX/texmf-dist/tex/latex/fontawesome5/fontawesome5-utex-helper.sty
Package: fontawesome5-utex-helper 2022/05/02 v5.15.4 uTeX helper for fontawesome5
LaTeX Font Info:    Trying to load font information for TU+fontawesomefree on input line 69.
(c:/Users/rodrigokang/AppData/Roaming/TinyTeX/texmf-dist/tex/latex/fontawesome5/tufontawesomefree.fd)
LaTeX Font Info:    Trying to load font information for TU+fontawesomebrands on input line 70.
(c:/Users/rodrigokang/AppData/Roaming/TinyTeX/texmf-dist/tex/latex/fontawesome5/tufontawesomebrands.fd))) (c:/Users/rodrigokang/AppData/Roaming/TinyTeX/texmf-dist/tex/latex/bookmark/bookmark.sty
Package: bookmark 2023-12-10 v1.31 PDF bookmarks (HO)
(c:/Users/rodrigokang/AppData/Roaming/TinyTeX/texmf-dist/tex/latex/hyperref/hyperref.sty
Package: hyperref 2025-07-12 v7.01o Hypertext links for LaTeX
(c:/Users/rodrigokang/AppData/Roaming/TinyTeX/texmf-dist/tex/generic/kvdefinekeys/kvdefinekeys.sty
Package: kvdefinekeys 2019-12-19 v1.6 Define keys (HO)
) (c:/Users/rodrigokang/AppData/Roaming/TinyTeX/texmf-dist/tex/generic/pdfescape/pdfescape.sty
Package: pdfescape 2019/12/09 v1.15 Implements pdfTeX's escape features (HO)
(c:/Users/rodrigokang/AppData/Roaming/TinyTeX/texmf-dist/tex/generic/pdftexcmds/pdftexcmds.sty
Package: pdftexcmds 2020-06-27 v0.33 Utility functions of pdfTeX for LuaTeX (HO)
(c:/Users/rodrigokang/AppData/Roaming/TinyTeX/texmf-dist/tex/generic/infwarerr/infwarerr.sty
Package: infwarerr 2019/12/03 v1.5 Providing info/warning/error messages (HO)
)
Package pdftexcmds Info: \pdf@primitive is available.
Package pdftexcmds Info: \pdf@ifprimitive is available.
Package pdftexcmds Info: \pdfdraftmode not found.
)) (c:/Users/rodrigokang/AppData/Roaming/TinyTeX/texmf-dist/tex/latex/hycolor/hycolor.sty
Package: hycolor 2020-01-27 v1.10 Color options for hyperref/bookmark (HO)
) (c:/Users/rodrigokang/AppData/Roaming/TinyTeX/texmf-dist/tex/latex/hyperref/nameref.sty
Package: nameref 2025-06-21 v2.57 Cross-referencing by name of section
(c:/Users/rodrigokang/AppData/Roaming/TinyTeX/texmf-dist/tex/latex/refcount/refcount.sty
Package: refcount 2019/12/15 v3.6 Data extraction from label references (HO)
) (c:/Users/rodrigokang/AppData/Roaming/TinyTeX/texmf-dist/tex/generic/gettitlestring/gettitlestring.sty
Package: gettitlestring 2019/12/15 v1.6 Cleanup title references (HO)
)
\c@section@level=\count324
) (c:/Users/rodrigokang/AppData/Roaming/TinyTeX/texmf-dist/tex/generic/stringenc/stringenc.sty
Package: stringenc 2019/11/29 v1.12 Convert strings between diff. encodings (HO)
)
\@linkdim=\dimen183
\Hy@linkcounter=\count325
\Hy@pagecounter=\count326
(c:/Users/rodrigokang/AppData/Roaming/TinyTeX/texmf-dist/tex/latex/hyperref/pd1enc.def
File: pd1enc.def 2025-07-12 v7.01o Hyperref: PDFDocEncoding definition (HO)
) (c:/Users/rodrigokang/AppData/Roaming/TinyTeX/texmf-dist/tex/generic/intcalc/intcalc.sty
Package: intcalc 2019/12/15 v1.3 Expandable calculations with integers (HO)
)
\Hy@SavedSpaceFactor=\count327
(c:/Users/rodrigokang/AppData/Roaming/TinyTeX/texmf-dist/tex/latex/hyperref/puenc.def
File: puenc.def 2025-07-12 v7.01o Hyperref: PDF Unicode definition (HO)
)
Package hyperref Info: Option `unicode' set `true' on input line 4066.
Package hyperref Info: Hyper figures OFF on input line 4195.
Package hyperref Info: Link nesting OFF on input line 4200.
Package hyperref Info: Hyper index ON on input line 4203.
Package hyperref Info: Plain pages OFF on input line 4210.
Package hyperref Info: Backreferencing OFF on input line 4215.
Package hyperref Info: Implicit mode ON; LaTeX internals redefined.
Package hyperref Info: Bookmarks ON on input line 4462.
\c@Hy@tempcnt=\count328
(c:/Users/rodrigokang/AppData/Roaming/TinyTeX/texmf-dist/tex/latex/url/url.sty
\Urlmuskip=\muskip19
Package: url 2013/09/16  ver 3.4  Verb mode for urls, etc.
)
LaTeX Info: Redefining \url on input line 4801.
\XeTeXLinkMargin=\dimen184
(c:/Users/rodrigokang/AppData/Roaming/TinyTeX/texmf-dist/tex/generic/bitset/bitset.sty
Package: bitset 2019/12/09 v1.3 Handle bit-vector datatype (HO)
(c:/Users/rodrigokang/AppData/Roaming/TinyTeX/texmf-dist/tex/generic/bigintcalc/bigintcalc.sty
Package: bigintcalc 2019/12/15 v1.5 Expandable calculations on big integers (HO)
))
\Fld@menulength=\count329
\Field@Width=\dimen185
\Fld@charsize=\dimen186
Package hyperref Info: Hyper figures OFF on input line 6078.
Package hyperref Info: Link nesting OFF on input line 6083.
Package hyperref Info: Hyper index ON on input line 6086.
Package hyperref Info: backreferencing OFF on input line 6093.
Package hyperref Info: Link coloring OFF on input line 6098.
Package hyperref Info: Link coloring with OCG OFF on input line 6103.
Package hyperref Info: PDF/A mode OFF on input line 6108.
\Hy@abspage=\count330
\c@Item=\count331
\c@Hfootnote=\count332
)
Package hyperref Info: Driver (autodetected): hxetex.
(c:/Users/rodrigokang/AppData/Roaming/TinyTeX/texmf-dist/tex/latex/hyperref/hxetex.def
File: hxetex.def 2025-07-12 v7.01o Hyperref driver for XeTeX
\pdfm@box=\box65
\c@Hy@AnnotLevel=\count333
\HyField@AnnotCount=\count334
\Fld@listcount=\count335
\c@bookmark@seq@number=\count336
(c:/Users/rodrigokang/AppData/Roaming/TinyTeX/texmf-dist/tex/latex/rerunfilecheck/rerunfilecheck.sty
Package: rerunfilecheck 2025-06-21 v1.11 Rerun checks for auxiliary files (HO)
(c:/Users/rodrigokang/AppData/Roaming/TinyTeX/texmf-dist/tex/generic/uniquecounter/uniquecounter.sty
Package: uniquecounter 2019/12/15 v1.4 Provide unlimited unique counter (HO)
)
Package uniquecounter Info: New unique counter `rerunfilecheck' on input line 284.
)
\Hy@SectionHShift=\skip80
) (c:/Users/rodrigokang/AppData/Roaming/TinyTeX/texmf-dist/tex/latex/bookmark/bkm-dvipdfm.def
File: bkm-dvipdfm.def 2023-12-10 v1.31 bookmark driver for dvipdfm (HO)
\BKM@id=\count337
)) (c:/Users/rodrigokang/AppData/Roaming/TinyTeX/texmf-dist/tex/latex/caption/caption.sty
Package: caption 2023/08/05 v3.6o Customizing captions (AR)
(c:/Users/rodrigokang/AppData/Roaming/TinyTeX/texmf-dist/tex/latex/caption/caption3.sty
Package: caption3 2023/07/31 v2.4d caption3 kernel (AR)
\caption@tempdima=\dimen187
\captionmargin=\dimen188
\caption@leftmargin=\dimen189
\caption@rightmargin=\dimen190
\caption@width=\dimen191
\caption@indent=\dimen192
\caption@parindent=\dimen193
\caption@hangindent=\dimen194
Package caption Info: Standard document class detected.
)
\c@caption@flags=\count338
\c@continuedfloat=\count339
Package caption Info: hyperref package is loaded.
Package caption Info: longtable package is loaded.
(c:/Users/rodrigokang/AppData/Roaming/TinyTeX/texmf-dist/tex/latex/caption/ltcaption.sty
Package: ltcaption 2021/01/08 v1.4c longtable captions (AR)
)) (c:/Users/rodrigokang/AppData/Roaming/TinyTeX/texmf-dist/tex/latex/float/float.sty
Package: float 2001/11/08 v1.3d Float enhancements (AL)
\c@float@type=\count340
\float@exts=\toks28
\float@box=\box66
\@float@everytoks=\toks29
\@floatcapt=\box67
)
\@float@every@codelisting=\toks30
\c@codelisting=\count341
(c:/Users/rodrigokang/AppData/Roaming/TinyTeX/texmf-dist/tex/latex/caption/subcaption.sty
Package: subcaption 2023/07/28 v1.6b Sub-captions (AR)
Package caption Info: New subtype `subfigure' on input line 238.
\c@subfigure=\count342
Package caption Info: New subtype `subtable' on input line 238.
\c@subtable=\count343
) (c:/Users/rodrigokang/AppData/Roaming/TinyTeX/texmf-dist/tex/latex/xurl/xurl.sty
Package: xurl 2022/01/09 v 0.10 modify URL breaks
)
No file index.aux.
\openout1 = `index.aux'.

LaTeX Font Info:    Checking defaults for OML/cmm/m/it on input line 242.
LaTeX Font Info:    ... okay on input line 242.
LaTeX Font Info:    Checking defaults for OMS/cmsy/m/n on input line 242.
LaTeX Font Info:    ... okay on input line 242.
LaTeX Font Info:    Checking defaults for OT1/cmr/m/n on input line 242.
LaTeX Font Info:    ... okay on input line 242.
LaTeX Font Info:    Checking defaults for T1/cmr/m/n on input line 242.
LaTeX Font Info:    ... okay on input line 242.
LaTeX Font Info:    Checking defaults for TS1/cmr/m/n on input line 242.
LaTeX Font Info:    ... okay on input line 242.
LaTeX Font Info:    Checking defaults for TU/lmr/m/n on input line 242.
LaTeX Font Info:    ... okay on input line 242.
LaTeX Font Info:    Checking defaults for OMX/cmex/m/n on input line 242.
LaTeX Font Info:    ... okay on input line 242.
LaTeX Font Info:    Checking defaults for U/cmr/m/n on input line 242.
LaTeX Font Info:    ... okay on input line 242.
LaTeX Font Info:    Checking defaults for PD1/pdf/m/n on input line 242.
LaTeX Font Info:    ... okay on input line 242.
LaTeX Font Info:    Checking defaults for PU/pdf/m/n on input line 242.
LaTeX Font Info:    ... okay on input line 242.
LaTeX Font Info:    Overwriting math alphabet `\mathsf' in version `normal'
(Font)                  OT1/lmss/m/n --> TU/lmss/m/n on input line 242.
LaTeX Font Info:    Overwriting math alphabet `\mathsf' in version `bold'
(Font)                  OT1/lmss/bx/n --> TU/lmss/b/n on input line 242.
LaTeX Font Info:    Overwriting math alphabet `\mathtt' in version `normal'
(Font)                  OT1/lmtt/m/n --> TU/lmtt/m/n on input line 242.
LaTeX Font Info:    Overwriting math alphabet `\mathtt' in version `bold'
(Font)                  OT1/lmtt/m/n --> TU/lmtt/b/n on input line 242.

Package fontspec Info: 
(fontspec)             latinmodern-math scale = 0.9953562883349611.


Package fontspec Info: 
(fontspec)             latinmodern-math scale = 0.9953562883349611.


Package fontspec Info: 
(fontspec)             latinmodern-math scale = 0.9953562883349611.


Package fontspec Info: 
(fontspec)             Font family 'latinmodern-math.otf(0)' created for font
(fontspec)             'latinmodern-math.otf' with options
(fontspec)             [Scale=MatchLowercase,BoldItalicFont={},ItalicFont={},SmallCapsFont={},Script=Math,BoldFont={latinmodern-math.otf}].
(fontspec)              
(fontspec)              This font family consists of the following NFSS
(fontspec)             series/shapes:
(fontspec)              
(fontspec)             - 'normal' (m/n) with NFSS spec.:
(fontspec)             <->s*[0.9953562883349611]"[latinmodern-math.otf]/OT:script=math;language=dflt;"
(fontspec)             - 'bold' (b/n) with NFSS spec.:
(fontspec)             <->s*[0.9953562883349611]"[latinmodern-math.otf]/OT:script=math;language=dflt;"

LaTeX Font Info:    Font shape `TU/latinmodern-math.otf(0)/m/n' will be
(Font)              scaled to size 11.94434pt on input line 242.

Package fontspec Info: 
(fontspec)             latinmodern-math scale = 0.9953562883349611.


Package fontspec Info: 
(fontspec)             latinmodern-math scale = 0.9953562883349611.


Package fontspec Info: 
(fontspec)             latinmodern-math scale = 0.9953562883349611.


Package fontspec Info: 
(fontspec)             latinmodern-math scale = 0.9953562883349611.


Package fontspec Info: 
(fontspec)             latinmodern-math scale = 0.9953562883349611.


Package fontspec Info: 
(fontspec)             Font family 'latinmodern-math.otf(1)' created for font
(fontspec)             'latinmodern-math.otf' with options
(fontspec)             [Scale=MatchLowercase,BoldItalicFont={},ItalicFont={},SmallCapsFont={},Script=Math,SizeFeatures={{Size=10.2-},{Size=7.2-10.2,Font=latinmodern-math.otf,Style=MathScript},{Size=-7.2,Font=latinmodern-math.otf,Style=MathScriptScript}},BoldFont={latinmodern-math.otf}].
(fontspec)              
(fontspec)              This font family consists of the following NFSS
(fontspec)             series/shapes:
(fontspec)              
(fontspec)             - 'normal' (m/n) with NFSS spec.:
(fontspec)             <10.2->s*[0.9953562883349611]"[latinmodern-math.otf]/OT:script=math;language=dflt;"<7.2-10.2>s*[0.9953562883349611]"[latinmodern-math.otf]/OT:script=math;language=dflt;+ssty=0;"<-7.2>s*[0.9953562883349611]"[latinmodern-math.otf]/OT:script=math;language=dflt;+ssty=1;"
(fontspec)             - 'bold' (b/n) with NFSS spec.:
(fontspec)             <->s*[0.9953562883349611]"[latinmodern-math.otf]/OT:script=math;language=dflt;"

LaTeX Font Info:    Font shape `TU/latinmodern-math.otf(1)/m/n' will be
(Font)              scaled to size 11.94434pt on input line 242.
LaTeX Font Info:    Encoding `OT1' has changed to `TU' for symbol font
(Font)              `operators' in the math version `normal' on input line 242.
LaTeX Font Info:    Overwriting symbol font `operators' in version `normal'
(Font)                  OT1/lmr/m/n --> TU/latinmodern-math.otf(1)/m/n on input line 242.
LaTeX Font Info:    Encoding `OT1' has changed to `TU' for symbol font
(Font)              `operators' in the math version `bold' on input line 242.
LaTeX Font Info:    Overwriting symbol font `operators' in version `bold'
(Font)                  OT1/lmr/bx/n --> TU/latinmodern-math.otf(1)/b/n on input line 242.

Package fontspec Info: 
(fontspec)             latinmodern-math scale = 0.9953562883349611.


Package fontspec Info: 
(fontspec)             latinmodern-math scale = 0.9954558239637946.


Package fontspec Info: 
(fontspec)             latinmodern-math scale = 0.9953562883349611.


Package fontspec Info: 
(fontspec)             latinmodern-math scale = 0.9954558239637946.


Package fontspec Info: 
(fontspec)             latinmodern-math scale = 0.9953562883349611.


Package fontspec Info: 
(fontspec)             latinmodern-math scale = 0.9954558239637946.


Package fontspec Info: 
(fontspec)             latinmodern-math scale = 0.9953562883349611.


Package fontspec Info: 
(fontspec)             latinmodern-math scale = 0.9954558239637946.


Package fontspec Info: 
(fontspec)             latinmodern-math scale = 0.9953562883349611.


Package fontspec Info: 
(fontspec)             latinmodern-math scale = 0.9954558239637946.


Package fontspec Info: 
(fontspec)             Font family 'latinmodern-math.otf(2)' created for font
(fontspec)             'latinmodern-math.otf' with options
(fontspec)             [Scale=MatchLowercase,BoldItalicFont={},ItalicFont={},SmallCapsFont={},Script=Math,SizeFeatures={{Size=10.2-},{Size=7.2-10.2,Font=latinmodern-math.otf,Style=MathScript},{Size=-7.2,Font=latinmodern-math.otf,Style=MathScriptScript}},BoldFont={latinmodern-math.otf},ScaleAgain=1.0001,FontAdjustment={\fontdimen
(fontspec)             8\font =8.08632pt\relax \fontdimen 9\font
(fontspec)             =4.70607pt\relax \fontdimen 10\font =5.30328pt\relax
(fontspec)             \fontdimen 11\font =8.19382pt\relax \fontdimen 12\font
(fontspec)             =4.12079pt\relax \fontdimen 13\font =4.3358pt\relax
(fontspec)             \fontdimen 14\font =4.3358pt\relax \fontdimen 15\font
(fontspec)             =3.45192pt\relax \fontdimen 16\font =2.95026pt\relax
(fontspec)             \fontdimen 17\font =2.95026pt\relax \fontdimen 18\font
(fontspec)             =2.98608pt\relax \fontdimen 19\font =2.38887pt\relax
(fontspec)             \fontdimen 22\font =2.98608pt\relax \fontdimen 20\font
(fontspec)             =0pt\relax \fontdimen 21\font =0pt\relax }].
(fontspec)              
(fontspec)              This font family consists of the following NFSS
(fontspec)             series/shapes:
(fontspec)              
(fontspec)             - 'normal' (m/n) with NFSS spec.:
(fontspec)             <10.2->s*[0.9954558239637946]"[latinmodern-math.otf]/OT:script=math;language=dflt;"<7.2-10.2>s*[0.9954558239637946]"[latinmodern-math.otf]/OT:script=math;language=dflt;+ssty=0;"<-7.2>s*[0.9954558239637946]"[latinmodern-math.otf]/OT:script=math;language=dflt;+ssty=1;"
(fontspec)             - 'bold' (b/n) with NFSS spec.:
(fontspec)             <->s*[0.9954558239637946]"[latinmodern-math.otf]/OT:script=math;language=dflt;"

LaTeX Font Info:    Encoding `OMS' has changed to `TU' for symbol font
(Font)              `symbols' in the math version `normal' on input line 242.
LaTeX Font Info:    Overwriting symbol font `symbols' in version `normal'
(Font)                  OMS/lmsy/m/n --> TU/latinmodern-math.otf(2)/m/n on input line 242.
LaTeX Font Info:    Encoding `OMS' has changed to `TU' for symbol font
(Font)              `symbols' in the math version `bold' on input line 242.
LaTeX Font Info:    Overwriting symbol font `symbols' in version `bold'
(Font)                  OMS/lmsy/b/n --> TU/latinmodern-math.otf(2)/b/n on input line 242.

Package fontspec Info: 
(fontspec)             latinmodern-math scale = 0.9953562883349611.


Package fontspec Info: 
(fontspec)             latinmodern-math scale = 0.9952567527061276.


Package fontspec Info: 
(fontspec)             latinmodern-math scale = 0.9953562883349611.


Package fontspec Info: 
(fontspec)             latinmodern-math scale = 0.9952567527061276.


Package fontspec Info: 
(fontspec)             latinmodern-math scale = 0.9953562883349611.


Package fontspec Info: 
(fontspec)             latinmodern-math scale = 0.9952567527061276.


Package fontspec Info: 
(fontspec)             latinmodern-math scale = 0.9953562883349611.


Package fontspec Info: 
(fontspec)             latinmodern-math scale = 0.9952567527061276.


Package fontspec Info: 
(fontspec)             latinmodern-math scale = 0.9953562883349611.


Package fontspec Info: 
(fontspec)             latinmodern-math scale = 0.9952567527061276.


Package fontspec Info: 
(fontspec)             Font family 'latinmodern-math.otf(3)' created for font
(fontspec)             'latinmodern-math.otf' with options
(fontspec)             [Scale=MatchLowercase,BoldItalicFont={},ItalicFont={},SmallCapsFont={},Script=Math,SizeFeatures={{Size=10.2-},{Size=7.2-10.2,Font=latinmodern-math.otf,Style=MathScript},{Size=-7.2,Font=latinmodern-math.otf,Style=MathScriptScript}},BoldFont={latinmodern-math.otf},ScaleAgain=0.9999,FontAdjustment={\fontdimen
(fontspec)             8\font =0.47777pt\relax \fontdimen 9\font
(fontspec)             =2.38887pt\relax \fontdimen 10\font =1.9947pt\relax
(fontspec)             \fontdimen 11\font =1.32582pt\relax \fontdimen 12\font
(fontspec)             =7.1666pt\relax \fontdimen 13\font =0pt\relax }].
(fontspec)              
(fontspec)              This font family consists of the following NFSS
(fontspec)             series/shapes:
(fontspec)              
(fontspec)             - 'normal' (m/n) with NFSS spec.:
(fontspec)             <10.2->s*[0.9952567527061276]"[latinmodern-math.otf]/OT:script=math;language=dflt;"<7.2-10.2>s*[0.9952567527061276]"[latinmodern-math.otf]/OT:script=math;language=dflt;+ssty=0;"<-7.2>s*[0.9952567527061276]"[latinmodern-math.otf]/OT:script=math;language=dflt;+ssty=1;"
(fontspec)             - 'bold' (b/n) with NFSS spec.:
(fontspec)             <->s*[0.9952567527061276]"[latinmodern-math.otf]/OT:script=math;language=dflt;"

LaTeX Font Info:    Encoding `OMX' has changed to `TU' for symbol font
(Font)              `largesymbols' in the math version `normal' on input line 242.
LaTeX Font Info:    Overwriting symbol font `largesymbols' in version `normal'
(Font)                  OMX/lmex/m/n --> TU/latinmodern-math.otf(3)/m/n on input line 242.
LaTeX Font Info:    Encoding `OMX' has changed to `TU' for symbol font
(Font)              `largesymbols' in the math version `bold' on input line 242.
LaTeX Font Info:    Overwriting symbol font `largesymbols' in version `bold'
(Font)                  OMX/lmex/m/n --> TU/latinmodern-math.otf(3)/b/n on input line 242.
LaTeX Info: Redefining \microtypecontext on input line 242.
Package microtype Info: Applying patch `item' on input line 242.
Package microtype Info: Applying patch `toc' on input line 242.
Package microtype Info: Applying patch `eqnum' on input line 242.
Package microtype Info: Applying patch `footnote' on input line 242.
Package microtype Info: Applying patch `verbatim' on input line 242.
LaTeX Info: Redefining \microtypesetup on input line 242.
Package microtype Info: Character protrusion enabled (level 2).
Package microtype Info: Using protrusion set `basicmath'.
Package microtype Info: No adjustment of tracking.
Package microtype Info: No adjustment of spacing.
Package microtype Info: No adjustment of kerning.
Package microtype Info: Loading generic protrusion settings for font family
(microtype)             `LinuxLibertineO' (encoding: TU).
(microtype)             For optimal results, create family-specific settings.
(microtype)             See the microtype manual for details.
Package hyperref Info: Link coloring OFF on input line 242.

Package hyperref Warning: Rerun to get /PageLabels entry.

Package caption Info: Begin \AtBeginDocument code.
Package caption Info: float package is loaded.
Package caption Info: End \AtBeginDocument code.
LaTeX Font Info:    Font shape `TU/LinuxLibertineO(0)/m/n' will be
(Font)              scaled to size 20.74pt on input line 245.
LaTeX Font Info:    Font shape `TU/LinuxLibertineO(0)/m/n' will be
(Font)              scaled to size 14.4pt on input line 245.
LaTeX Font Info:    Font shape `TU/latinmodern-math.otf(1)/m/n' will be
(Font)              scaled to size 14.33319pt on input line 245.
LaTeX Font Info:    Font shape `TU/latinmodern-math.otf(1)/m/n' will be
(Font)              scaled to size 9.95361pt on input line 245.
LaTeX Font Info:    Font shape `TU/latinmodern-math.otf(1)/m/n' will be
(Font)              scaled to size 6.96753pt on input line 245.
LaTeX Font Info:    Trying to load font information for OML+lmm on input line 245.
(c:/Users/rodrigokang/AppData/Roaming/TinyTeX/texmf-dist/tex/latex/lm/omllmm.fd
File: omllmm.fd 2015/05/01 v1.6.1 Font defs for Latin Modern
)
LaTeX Font Info:    Font shape `TU/latinmodern-math.otf(2)/m/n' will be
(Font)              scaled to size 14.3345pt on input line 245.
LaTeX Font Info:    Font shape `TU/latinmodern-math.otf(2)/m/n' will be
(Font)              scaled to size 9.95453pt on input line 245.
LaTeX Font Info:    Font shape `TU/latinmodern-math.otf(2)/m/n' will be
(Font)              scaled to size 6.96817pt on input line 245.
LaTeX Font Info:    Font shape `TU/latinmodern-math.otf(3)/m/n' will be
(Font)              scaled to size 14.33165pt on input line 245.
LaTeX Font Info:    Font shape `TU/latinmodern-math.otf(3)/m/n' will be
(Font)              scaled to size 9.95255pt on input line 245.
LaTeX Font Info:    Font shape `TU/latinmodern-math.otf(3)/m/n' will be
(Font)              scaled to size 6.96678pt on input line 245.
LaTeX Font Info:    Trying to load font information for U+msa on input line 245.
(c:/Users/rodrigokang/AppData/Roaming/TinyTeX/texmf-dist/tex/latex/amsfonts/umsa.fd
File: umsa.fd 2013/01/14 v3.01 AMS symbols A
) (c:/Users/rodrigokang/AppData/Roaming/TinyTeX/texmf-dist/tex/latex/microtype/mt-msa.cfg
File: mt-msa.cfg 2006/02/04 v1.1 microtype config. file: AMS symbols (a) (RS)
)
LaTeX Font Info:    Trying to load font information for U+msb on input line 245.
(c:/Users/rodrigokang/AppData/Roaming/TinyTeX/texmf-dist/tex/latex/amsfonts/umsb.fd
File: umsb.fd 2013/01/14 v3.01 AMS symbols B
) (c:/Users/rodrigokang/AppData/Roaming/TinyTeX/texmf-dist/tex/latex/microtype/mt-msb.cfg
File: mt-msb.cfg 2005/06/01 v1.0 microtype config. file: AMS symbols (b) (RS)
) [1



]

Package fancyhdr Warning: \headheight is too small (12.0pt): 
(fancyhdr)                Make it at least 14.49998pt, for example:
(fancyhdr)                \setlength{\headheight}{14.49998pt}.
(fancyhdr)                You might also make \topmargin smaller:
(fancyhdr)                \addtolength{\topmargin}{-2.49998pt}.

[2

]
LaTeX Font Info:    Font shape `TU/LinuxLibertineO(0)/m/n' will be
(Font)              scaled to size 24.88pt on input line 249.
LaTeX Font Info:    Font shape `TU/LinuxLibertineO(0)/b/n' will be
(Font)              scaled to size 24.88pt on input line 249.
No file index.toc.
\tf@toc=\write3
\openout3 = `index.toc'.

[3]

Package fancyhdr Warning: \headheight is too small (12.0pt): 
(fancyhdr)                Make it at least 14.49998pt, for example:
(fancyhdr)                \setlength{\headheight}{14.49998pt}.
(fancyhdr)                You might also make \topmargin smaller:
(fancyhdr)                \addtolength{\topmargin}{-2.49998pt}.

[4

]
LaTeX Font Info:    Font shape `TU/LinuxLibertineO(0)/b/n' will be
(Font)              scaled to size 12.0pt on input line 262.
LaTeX Font Info:    Font shape `TU/LinuxLibertineO(0)/m/it' will be
(Font)              scaled to size 12.0pt on input line 263.
[1

]

Package fancyhdr Warning: \headheight is too small (12.0pt): 
(fancyhdr)                Make it at least 14.49998pt, for example:
(fancyhdr)                \setlength{\headheight}{14.49998pt}.
(fancyhdr)                You might also make \topmargin smaller:
(fancyhdr)                \addtolength{\topmargin}{-2.49998pt}.

[2] [3

]

Package fancyhdr Warning: \headheight is too small (12.0pt): 
(fancyhdr)                Make it at least 14.49998pt, for example:
(fancyhdr)                \setlength{\headheight}{14.49998pt}.
(fancyhdr)                You might also make \topmargin smaller:
(fancyhdr)                \addtolength{\topmargin}{-2.49998pt}.

[4] [5

]

Package fancyhdr Warning: \headheight is too small (12.0pt): 
(fancyhdr)                Make it at least 14.49998pt, for example:
(fancyhdr)                \setlength{\headheight}{14.49998pt}.
(fancyhdr)                You might also make \topmargin smaller:
(fancyhdr)                \addtolength{\topmargin}{-2.49998pt}.

[6] [7

]

Package fancyhdr Warning: \headheight is too small (12.0pt): 
(fancyhdr)                Make it at least 14.49998pt, for example:
(fancyhdr)                \setlength{\headheight}{14.49998pt}.
(fancyhdr)                You might also make \topmargin smaller:
(fancyhdr)                \addtolength{\topmargin}{-2.49998pt}.

[8] [9

] [10] [11

]

Package fancyhdr Warning: \headheight is too small (12.0pt): 
(fancyhdr)                Make it at least 14.49998pt, for example:
(fancyhdr)                \setlength{\headheight}{14.49998pt}.
(fancyhdr)                You might also make \topmargin smaller:
(fancyhdr)                \addtolength{\topmargin}{-2.49998pt}.

[12

]
Chapter 1.

Underfull \hbox (badness 1107) in paragraph at lines 477--482
\TU/LinuxLibertineO(0)/m/n/12 empirical limitations of the CAPM and Fama–French frameworks through
 []

LaTeX Font Info:    Font shape `TU/LinuxLibertineO(0)/m/n' will be
(Font)              scaled to size 17.28pt on input line 483.
LaTeX Font Info:    Font shape `TU/LinuxLibertineO(0)/b/n' will be
(Font)              scaled to size 17.28pt on input line 483.
[13]
LaTeX Font Info:    Font shape `TU/latinmodern-math.otf(1)/m/n' will be
(Font)              scaled to size 8.36102pt on input line 539.
LaTeX Font Info:    Font shape `TU/latinmodern-math.otf(1)/m/n' will be
(Font)              scaled to size 5.97217pt on input line 539.
LaTeX Font Info:    Font shape `TU/latinmodern-math.otf(2)/m/n' will be
(Font)              scaled to size 11.94543pt on input line 539.
LaTeX Font Info:    Font shape `TU/latinmodern-math.otf(2)/m/n' will be
(Font)              scaled to size 8.36179pt on input line 539.
LaTeX Font Info:    Font shape `TU/latinmodern-math.otf(2)/m/n' will be
(Font)              scaled to size 5.97272pt on input line 539.
LaTeX Font Info:    Font shape `TU/latinmodern-math.otf(3)/m/n' will be
(Font)              scaled to size 11.94305pt on input line 539.
LaTeX Font Info:    Font shape `TU/latinmodern-math.otf(3)/m/n' will be
(Font)              scaled to size 8.36012pt on input line 539.
LaTeX Font Info:    Font shape `TU/latinmodern-math.otf(3)/m/n' will be
(Font)              scaled to size 5.97153pt on input line 539.

Package fancyhdr Warning: \headheight is too small (12.0pt): 
(fancyhdr)                Make it at least 14.49998pt, for example:
(fancyhdr)                \setlength{\headheight}{14.49998pt}.
(fancyhdr)                You might also make \topmargin smaller:
(fancyhdr)                \addtolength{\topmargin}{-2.49998pt}.

[14]

LaTeX Warning: Citation `ref-markowitz1952portfolio' on page 15 undefined on input line 559.


LaTeX Warning: Reference `fig-diversification' on page 15 undefined on input line 566.

File: 1-quantitative-finance/figures/diversification.png Graphic file (type bmp)
<1-quantitative-finance/figures/diversification.png>

LaTeX Warning: Citation `ref-sharpe1964capital' on page 15 undefined on input line 595.


LaTeX Warning: Citation `ref-lintner1975valuation' on page 15 undefined on input line 596.


LaTeX Warning: Citation `ref-bossaerts2006lectures' on page 15 undefined on input line 610.


Package fancyhdr Warning: \headheight is too small (12.0pt): 
(fancyhdr)                Make it at least 14.49998pt, for example:
(fancyhdr)                \setlength{\headheight}{14.49998pt}.
(fancyhdr)                You might also make \topmargin smaller:
(fancyhdr)                \addtolength{\topmargin}{-2.49998pt}.

[15]

Package fancyhdr Warning: \headheight is too small (12.0pt): 
(fancyhdr)                Make it at least 14.49998pt, for example:
(fancyhdr)                \setlength{\headheight}{14.49998pt}.
(fancyhdr)                You might also make \topmargin smaller:
(fancyhdr)                \addtolength{\topmargin}{-2.49998pt}.

[16]

LaTeX Warning: Citation `ref-fama1993common' on page 17 undefined on input line 622.


LaTeX Warning: Citation `ref-fama1997industry' on page 17 undefined on input line 623.

LaTeX Font Info:    Font shape `TU/LinuxLibertineO(0)/m/n' will be
(Font)              scaled to size 8.4pt on input line 629.
LaTeX Font Info:    Font shape `TU/LinuxLibertineO(0)/m/n' will be
(Font)              scaled to size 6.0pt on input line 629.

LaTeX Warning: Citation `ref-brealey2011principles' on page 17 undefined on input line 635.


LaTeX Warning: Citation `ref-lewinson2022python' on page 17 undefined on input line 636.

LaTeX Font Info:    Font shape `TU/LinuxLibertineO(0)/b/n' will be
(Font)              scaled to size 14.4pt on input line 654.

Underfull \vbox (badness 7963) has occurred while \output is active []


Package fancyhdr Warning: \headheight is too small (12.0pt): 
(fancyhdr)                Make it at least 14.49998pt, for example:
(fancyhdr)                \setlength{\headheight}{14.49998pt}.
(fancyhdr)                You might also make \topmargin smaller:
(fancyhdr)                \addtolength{\topmargin}{-2.49998pt}.

[17]
File: 1-quantitative-finance/../notebooks-and-scripts/1-quantitative-finance/1-capm-and-fama-french-factor-model/r/1-capm-model-figures/closing-prices.png Graphic file (type bmp)
<1-quantitative-finance/../notebooks-and-scripts/1-quantitative-finance/1-capm-and-fama-french-factor-model/r/1-capm-model-figures/closing-prices.png>

LaTeX Warning: Reference `fig-capm-daily-returns-scatter' on page 18 undefined on input line 696.

File: 1-quantitative-finance/../notebooks-and-scripts/1-quantitative-finance/1-capm-and-fama-french-factor-model/r/1-capm-model-figures/daily-returns-scatter.png Graphic file (type bmp)
<1-quantitative-finance/../notebooks-and-scripts/1-quantitative-finance/1-capm-and-fama-french-factor-model/r/1-capm-model-figures/daily-returns-scatter.png>

LaTeX Warning: Reference `eq-capm' on page 18 undefined on input line 719.


Package fancyhdr Warning: \headheight is too small (12.0pt): 
(fancyhdr)                Make it at least 14.49998pt, for example:
(fancyhdr)                \setlength{\headheight}{14.49998pt}.
(fancyhdr)                You might also make \topmargin smaller:
(fancyhdr)                \addtolength{\topmargin}{-2.49998pt}.

[18]

Package fancyhdr Warning: \headheight is too small (12.0pt): 
(fancyhdr)                Make it at least 14.49998pt, for example:
(fancyhdr)                \setlength{\headheight}{14.49998pt}.
(fancyhdr)                You might also make \topmargin smaller:
(fancyhdr)                \addtolength{\topmargin}{-2.49998pt}.

[19]

Package fancyhdr Warning: \headheight is too small (12.0pt): 
(fancyhdr)                Make it at least 14.49998pt, for example:
(fancyhdr)                \setlength{\headheight}{14.49998pt}.
(fancyhdr)                You might also make \topmargin smaller:
(fancyhdr)                \addtolength{\topmargin}{-2.49998pt}.

[20]

Package longtable Warning: Column widths have changed
(longtable)                in table 1.1 on input line 746.


Package longtable Warning: Column widths have changed
(longtable)                in table 1.2 on input line 774.


LaTeX Warning: Reference `fig-capm-regression' on page 21 undefined on input line 790.

File: 1-quantitative-finance/../notebooks-and-scripts/1-quantitative-finance/1-capm-and-fama-french-factor-model/r/1-capm-model-figures/capm-regression.png Graphic file (type bmp)
<1-quantitative-finance/../notebooks-and-scripts/1-quantitative-finance/1-capm-and-fama-french-factor-model/r/1-capm-model-figures/capm-regression.png>
(c:/Users/rodrigokang/AppData/Roaming/TinyTeX/texmf-dist/tex/latex/microtype/mt-TU-empty.cfg
File: mt-TU-empty.cfg 2021/06/22 v1.1 microtype config. file: fonts with nonstandard glyph set (RS)
)

Package fancyhdr Warning: \headheight is too small (12.0pt): 
(fancyhdr)                Make it at least 14.49998pt, for example:
(fancyhdr)                \setlength{\headheight}{14.49998pt}.
(fancyhdr)                You might also make \topmargin smaller:
(fancyhdr)                \addtolength{\topmargin}{-2.49998pt}.

[21]

Package fancyhdr Warning: \headheight is too small (12.0pt): 
(fancyhdr)                Make it at least 14.49998pt, for example:
(fancyhdr)                \setlength{\headheight}{14.49998pt}.
(fancyhdr)                You might also make \topmargin smaller:
(fancyhdr)                \addtolength{\topmargin}{-2.49998pt}.

[22]

LaTeX Warning: Reference `eq-fama-french-3factor' on page 23 undefined on input line 815.


LaTeX Warning: Reference `fig-fama-french-factor-series' on page 23 undefined on input line 833.

File: 1-quantitative-finance/../notebooks-and-scripts/1-quantitative-finance/1-capm-and-fama-french-factor-model/r/2-fama-french-three-factor-model-figures/fama_french_factor_series.png Graphic file (type bmp)
<1-quantitative-finance/../notebooks-and-scripts/1-quantitative-finance/1-capm-and-fama-french-factor-model/r/2-fama-french-three-factor-model-figures/fama_french_factor_series.png>

Package fancyhdr Warning: \headheight is too small (12.0pt): 
(fancyhdr)                Make it at least 14.49998pt, for example:
(fancyhdr)                \setlength{\headheight}{14.49998pt}.
(fancyhdr)                You might also make \topmargin smaller:
(fancyhdr)                \addtolength{\topmargin}{-2.49998pt}.

[23]

Package fancyhdr Warning: \headheight is too small (12.0pt): 
(fancyhdr)                Make it at least 14.49998pt, for example:
(fancyhdr)                \setlength{\headheight}{14.49998pt}.
(fancyhdr)                You might also make \topmargin smaller:
(fancyhdr)                \addtolength{\topmargin}{-2.49998pt}.

[24]

Package longtable Warning: Column widths have changed
(longtable)                in table 1.4 on input line 945.


LaTeX Warning: Reference `fig-fama-french-observed-fitted' on page 25 undefined on input line 947.

File: 1-quantitative-finance/../notebooks-and-scripts/1-quantitative-finance/1-capm-and-fama-french-factor-model/r/2-fama-french-three-factor-model-figures/fama_french_observed_vs_fitted_returns.png Graphic file (type bmp)
<1-quantitative-finance/../notebooks-and-scripts/1-quantitative-finance/1-capm-and-fama-french-factor-model/r/2-fama-french-three-factor-model-figures/fama_french_observed_vs_fitted_returns.png>

LaTeX Warning: Reference `fig-fama-french-residuals' on page 25 undefined on input line 966.


Package fancyhdr Warning: \headheight is too small (12.0pt): 
(fancyhdr)                Make it at least 14.49998pt, for example:
(fancyhdr)                \setlength{\headheight}{14.49998pt}.
(fancyhdr)                You might also make \topmargin smaller:
(fancyhdr)                \addtolength{\topmargin}{-2.49998pt}.

[25]
File: 1-quantitative-finance/../notebooks-and-scripts/1-quantitative-finance/1-capm-and-fama-french-factor-model/r/2-fama-french-three-factor-model-figures/fama_french_residuals.png Graphic file (type bmp)
<1-quantitative-finance/../notebooks-and-scripts/1-quantitative-finance/1-capm-and-fama-french-factor-model/r/2-fama-french-three-factor-model-figures/fama_french_residuals.png>

LaTeX Warning: Reference `fig-fama-french-residual-distribution' on page 26 undefined on input line 987.

File: 1-quantitative-finance/../notebooks-and-scripts/1-quantitative-finance/1-capm-and-fama-french-factor-model/r/2-fama-french-three-factor-model-figures/fama_french_residual_distribution.png Graphic file (type bmp)
<1-quantitative-finance/../notebooks-and-scripts/1-quantitative-finance/1-capm-and-fama-french-factor-model/r/2-fama-french-three-factor-model-figures/fama_french_residual_distribution.png>

Package fancyhdr Warning: \headheight is too small (12.0pt): 
(fancyhdr)                Make it at least 14.49998pt, for example:
(fancyhdr)                \setlength{\headheight}{14.49998pt}.
(fancyhdr)                You might also make \topmargin smaller:
(fancyhdr)                \addtolength{\topmargin}{-2.49998pt}.

[26]

Package fancyhdr Warning: \headheight is too small (12.0pt): 
(fancyhdr)                Make it at least 14.49998pt, for example:
(fancyhdr)                \setlength{\headheight}{14.49998pt}.
(fancyhdr)                You might also make \topmargin smaller:
(fancyhdr)                \addtolength{\topmargin}{-2.49998pt}.

[27]

Package fancyhdr Warning: \headheight is too small (12.0pt): 
(fancyhdr)                Make it at least 14.49998pt, for example:
(fancyhdr)                \setlength{\headheight}{14.49998pt}.
(fancyhdr)                You might also make \topmargin smaller:
(fancyhdr)                \addtolength{\topmargin}{-2.49998pt}.

[28]

LaTeX Warning: Citation `ref-james2023statistical' on page 29 undefined on input line 1130.


LaTeX Warning: Citation `ref-ugarte2016probability' on page 29 undefined on input line 1131.


Package fancyhdr Warning: \headheight is too small (12.0pt): 
(fancyhdr)                Make it at least 14.49998pt, for example:
(fancyhdr)                \setlength{\headheight}{14.49998pt}.
(fancyhdr)                You might also make \topmargin smaller:
(fancyhdr)                \addtolength{\topmargin}{-2.49998pt}.

[29]

LaTeX Warning: Reference `eq-capm' on page 30 undefined on input line 1136.

LaTeX Font Info:    Font shape `TU/LinuxLibertineO(1)/m/n' will be
(Font)              scaled to size 12.0pt on input line 1183.
LaTeX Font Info:    Font shape `TU/LinuxLibertineO(1)/m/n' will be
(Font)              scaled to size 8.4pt on input line 1183.
LaTeX Font Info:    Font shape `TU/LinuxLibertineO(1)/m/n' will be
(Font)              scaled to size 6.0pt on input line 1183.

Package fancyhdr Warning: \headheight is too small (12.0pt): 
(fancyhdr)                Make it at least 14.49998pt, for example:
(fancyhdr)                \setlength{\headheight}{14.49998pt}.
(fancyhdr)                You might also make \topmargin smaller:
(fancyhdr)                \addtolength{\topmargin}{-2.49998pt}.

[30]

LaTeX Warning: Reference `fig-rss' on page 31 undefined on input line 1195.

File: 1-quantitative-finance/figures/rss.png Graphic file (type bmp)
<1-quantitative-finance/figures/rss.png>

LaTeX Warning: Reference `eq-rss' on page 31 undefined on input line 1213.


Package fancyhdr Warning: \headheight is too small (12.0pt): 
(fancyhdr)                Make it at least 14.49998pt, for example:
(fancyhdr)                \setlength{\headheight}{14.49998pt}.
(fancyhdr)                You might also make \topmargin smaller:
(fancyhdr)                \addtolength{\topmargin}{-2.49998pt}.

[31]

LaTeX Warning: Reference `eq-ols-slope' on page 32 undefined on input line 1249.


LaTeX Warning: Reference `eq-slr-model' on page 32 undefined on input line 1280.


Package fancyhdr Warning: \headheight is too small (12.0pt): 
(fancyhdr)                Make it at least 14.49998pt, for example:
(fancyhdr)                \setlength{\headheight}{14.49998pt}.
(fancyhdr)                You might also make \topmargin smaller:
(fancyhdr)                \addtolength{\topmargin}{-2.49998pt}.

[32]
Overfull \hbox (0.2187pt too wide) in paragraph at lines 1304--1308
[]\TU/LinuxLibertineO(0)/m/n/12 for all observations. When the variance of the errors changes across observations,
 []


Package fancyhdr Warning: \headheight is too small (12.0pt): 
(fancyhdr)                Make it at least 14.49998pt, for example:
(fancyhdr)                \setlength{\headheight}{14.49998pt}.
(fancyhdr)                You might also make \topmargin smaller:
(fancyhdr)                \addtolength{\topmargin}{-2.49998pt}.

[33]

LaTeX Warning: Reference `eq-rse' on page 34 undefined on input line 1380.


Package fancyhdr Warning: \headheight is too small (12.0pt): 
(fancyhdr)                Make it at least 14.49998pt, for example:
(fancyhdr)                \setlength{\headheight}{14.49998pt}.
(fancyhdr)                You might also make \topmargin smaller:
(fancyhdr)                \addtolength{\topmargin}{-2.49998pt}.

[34]

LaTeX Warning: Reference `fig-anova' on page 35 undefined on input line 1469.

File: 1-quantitative-finance/figures/anova.png Graphic file (type bmp)
<1-quantitative-finance/figures/anova.png>

Package fancyhdr Warning: \headheight is too small (12.0pt): 
(fancyhdr)                Make it at least 14.49998pt, for example:
(fancyhdr)                \setlength{\headheight}{14.49998pt}.
(fancyhdr)                You might also make \topmargin smaller:
(fancyhdr)                \addtolength{\topmargin}{-2.49998pt}.

[35]

Package fancyhdr Warning: \headheight is too small (12.0pt): 
(fancyhdr)                Make it at least 14.49998pt, for example:
(fancyhdr)                \setlength{\headheight}{14.49998pt}.
(fancyhdr)                You might also make \topmargin smaller:
(fancyhdr)                \addtolength{\topmargin}{-2.49998pt}.

[36]

Package fancyhdr Warning: \headheight is too small (12.0pt): 
(fancyhdr)                Make it at least 14.49998pt, for example:
(fancyhdr)                \setlength{\headheight}{14.49998pt}.
(fancyhdr)                You might also make \topmargin smaller:
(fancyhdr)                \addtolength{\topmargin}{-2.49998pt}.

[37]

LaTeX Warning: Reference `eq-anova-decomposition' on page 38 undefined on input line 1574.


Package fancyhdr Warning: \headheight is too small (12.0pt): 
(fancyhdr)                Make it at least 14.49998pt, for example:
(fancyhdr)                \setlength{\headheight}{14.49998pt}.
(fancyhdr)                You might also make \topmargin smaller:
(fancyhdr)                \addtolength{\topmargin}{-2.49998pt}.

[38]
LaTeX Font Info:    Font shape `TU/LinuxLibertineO(1)/b/n' will be
(Font)              scaled to size 11.19122pt on input line 1664.
LaTeX Font Info:    Font shape `TU/LinuxLibertineO(1)/b/n' will be
(Font)              scaled to size 7.83385pt on input line 1664.
LaTeX Font Info:    Font shape `TU/LinuxLibertineO(1)/b/n' will be
(Font)              scaled to size 5.59561pt on input line 1664.
LaTeX Font Info:    Font shape `TU/latinmodern-math.otf(1)/b/n' will be
(Font)              scaled to size 11.94434pt on input line 1667.
LaTeX Font Info:    Font shape `TU/latinmodern-math.otf(1)/b/n' will be
(Font)              scaled to size 8.36102pt on input line 1667.
LaTeX Font Info:    Font shape `TU/latinmodern-math.otf(1)/b/n' will be
(Font)              scaled to size 5.97217pt on input line 1667.
LaTeX Font Info:    Font shape `TU/latinmodern-math.otf(2)/b/n' will be
(Font)              scaled to size 11.94543pt on input line 1667.
LaTeX Font Info:    Font shape `TU/latinmodern-math.otf(2)/b/n' will be
(Font)              scaled to size 8.36179pt on input line 1667.
LaTeX Font Info:    Font shape `TU/latinmodern-math.otf(2)/b/n' will be
(Font)              scaled to size 5.97272pt on input line 1667.
LaTeX Font Info:    Font shape `TU/latinmodern-math.otf(3)/b/n' will be
(Font)              scaled to size 11.94305pt on input line 1667.
LaTeX Font Info:    Font shape `TU/latinmodern-math.otf(3)/b/n' will be
(Font)              scaled to size 8.36012pt on input line 1667.
LaTeX Font Info:    Font shape `TU/latinmodern-math.otf(3)/b/n' will be
(Font)              scaled to size 5.97153pt on input line 1667.

Package fancyhdr Warning: \headheight is too small (12.0pt): 
(fancyhdr)                Make it at least 14.49998pt, for example:
(fancyhdr)                \setlength{\headheight}{14.49998pt}.
(fancyhdr)                You might also make \topmargin smaller:
(fancyhdr)                \addtolength{\topmargin}{-2.49998pt}.

[39]

LaTeX Warning: Reference `eq-mlr-matrix' on page 40 undefined on input line 1733.


LaTeX Warning: Reference `eq-mlr-rss' on page 40 undefined on input line 1755.


Package fancyhdr Warning: \headheight is too small (12.0pt): 
(fancyhdr)                Make it at least 14.49998pt, for example:
(fancyhdr)                \setlength{\headheight}{14.49998pt}.
(fancyhdr)                You might also make \topmargin smaller:
(fancyhdr)                \addtolength{\topmargin}{-2.49998pt}.

[40]

LaTeX Warning: Reference `eq-mlr-covariance' on page 41 undefined on input line 1824.


Package fancyhdr Warning: \headheight is too small (12.0pt): 
(fancyhdr)                Make it at least 14.49998pt, for example:
(fancyhdr)                \setlength{\headheight}{14.49998pt}.
(fancyhdr)                You might also make \topmargin smaller:
(fancyhdr)                \addtolength{\topmargin}{-2.49998pt}.

[41]

Package fancyhdr Warning: \headheight is too small (12.0pt): 
(fancyhdr)                Make it at least 14.49998pt, for example:
(fancyhdr)                \setlength{\headheight}{14.49998pt}.
(fancyhdr)                You might also make \topmargin smaller:
(fancyhdr)                \addtolength{\topmargin}{-2.49998pt}.

[42]

Package fancyhdr Warning: \headheight is too small (12.0pt): 
(fancyhdr)                Make it at least 14.49998pt, for example:
(fancyhdr)                \setlength{\headheight}{14.49998pt}.
(fancyhdr)                You might also make \topmargin smaller:
(fancyhdr)                \addtolength{\topmargin}{-2.49998pt}.

[43]

Package fancyhdr Warning: \headheight is too small (12.0pt): 
(fancyhdr)                Make it at least 14.49998pt, for example:
(fancyhdr)                \setlength{\headheight}{14.49998pt}.
(fancyhdr)                You might also make \topmargin smaller:
(fancyhdr)                \addtolength{\topmargin}{-2.49998pt}.

[44

]
Chapter 2.

Underfull \hbox (badness 1210) in paragraph at lines 1946--1954
\TU/LinuxLibertineO(0)/m/n/12 variance framework introduced by Harry Markowitz remains foundational
 []

[45]

Package fancyhdr Warning: \headheight is too small (12.0pt): 
(fancyhdr)                Make it at least 14.49998pt, for example:
(fancyhdr)                \setlength{\headheight}{14.49998pt}.
(fancyhdr)                You might also make \topmargin smaller:
(fancyhdr)                \addtolength{\topmargin}{-2.49998pt}.

[46]

LaTeX Warning: Citation `ref-meucci2005risk' on page 47 undefined on input line 2017.


LaTeX Warning: Citation `ref-partovi2004principal' on page 47 undefined on input line 2018.


Package fancyhdr Warning: \headheight is too small (12.0pt): 
(fancyhdr)                Make it at least 14.49998pt, for example:
(fancyhdr)                \setlength{\headheight}{14.49998pt}.
(fancyhdr)                You might also make \topmargin smaller:
(fancyhdr)                \addtolength{\topmargin}{-2.49998pt}.

[47]

LaTeX Warning: Citation `ref-lopez2016building' on page 48 undefined on input line 2056.


LaTeX Warning: Citation `ref-de2018advances' on page 48 undefined on input line 2057.


Package fancyhdr Warning: \headheight is too small (12.0pt): 
(fancyhdr)                Make it at least 14.49998pt, for example:
(fancyhdr)                \setlength{\headheight}{14.49998pt}.
(fancyhdr)                You might also make \topmargin smaller:
(fancyhdr)                \addtolength{\topmargin}{-2.49998pt}.

[48]

LaTeX Warning: Reference `tbl-asset-universe' on page 49 undefined on input line 2105.


Package longtable Warning: Column widths have changed
(longtable)                in table 2.1 on input line 2136.


LaTeX Warning: Reference `fig-adjusted-closing-prices' on page 49 undefined on input line 2141.

File: 1-quantitative-finance/../notebooks-and-scripts/1-quantitative-finance/2-unsupervised-learning-for-asset-allocation/r/1-unsupervised-learning-for-asset-allocation-figures/closing-prices.png Graphic file (type bmp)
<1-quantitative-finance/../notebooks-and-scripts/1-quantitative-finance/2-unsupervised-learning-for-asset-allocation/r/1-unsupervised-learning-for-asset-allocation-figures/closing-prices.png>

LaTeX Warning: Reference `fig-daily-returns' on page 49 undefined on input line 2163.


Package fancyhdr Warning: \headheight is too small (12.0pt): 
(fancyhdr)                Make it at least 14.49998pt, for example:
(fancyhdr)                \setlength{\headheight}{14.49998pt}.
(fancyhdr)                You might also make \topmargin smaller:
(fancyhdr)                \addtolength{\topmargin}{-2.49998pt}.

[49]

Package fancyhdr Warning: \headheight is too small (12.0pt): 
(fancyhdr)                Make it at least 14.49998pt, for example:
(fancyhdr)                \setlength{\headheight}{14.49998pt}.
(fancyhdr)                You might also make \topmargin smaller:
(fancyhdr)                \addtolength{\topmargin}{-2.49998pt}.

[50]
File: 1-quantitative-finance/../notebooks-and-scripts/1-quantitative-finance/2-unsupervised-learning-for-asset-allocation/r/1-unsupervised-learning-for-asset-allocation-figures/daily-returns.png Graphic file (type bmp)
<1-quantitative-finance/../notebooks-and-scripts/1-quantitative-finance/2-unsupervised-learning-for-asset-allocation/r/1-unsupervised-learning-for-asset-allocation-figures/daily-returns.png>

LaTeX Warning: Reference `fig-covariance-matrix' on page 51 undefined on input line 2186.

File: 1-quantitative-finance/../notebooks-and-scripts/1-quantitative-finance/2-unsupervised-learning-for-asset-allocation/r/1-unsupervised-learning-for-asset-allocation-figures/covariance-matrix.png Graphic file (type bmp)
<1-quantitative-finance/../notebooks-and-scripts/1-quantitative-finance/2-unsupervised-learning-for-asset-allocation/r/1-unsupervised-learning-for-asset-allocation-figures/covariance-matrix.png>

LaTeX Warning: Reference `fig-correlation-matrix' on page 51 undefined on input line 2205.

File: 1-quantitative-finance/../notebooks-and-scripts/1-quantitative-finance/2-unsupervised-learning-for-asset-allocation/r/1-unsupervised-learning-for-asset-allocation-figures/correlation-matrix.png Graphic file (type bmp)
<1-quantitative-finance/../notebooks-and-scripts/1-quantitative-finance/2-unsupervised-learning-for-asset-allocation/r/1-unsupervised-learning-for-asset-allocation-figures/correlation-matrix.png>

Package fancyhdr Warning: \headheight is too small (12.0pt): 
(fancyhdr)                Make it at least 14.49998pt, for example:
(fancyhdr)                \setlength{\headheight}{14.49998pt}.
(fancyhdr)                You might also make \topmargin smaller:
(fancyhdr)                \addtolength{\topmargin}{-2.49998pt}.

[51]

Package fancyhdr Warning: \headheight is too small (12.0pt): 
(fancyhdr)                Make it at least 14.49998pt, for example:
(fancyhdr)                \setlength{\headheight}{14.49998pt}.
(fancyhdr)                You might also make \topmargin smaller:
(fancyhdr)                \addtolength{\topmargin}{-2.49998pt}.

[52]

Package fancyhdr Warning: \headheight is too small (12.0pt): 
(fancyhdr)                Make it at least 14.49998pt, for example:
(fancyhdr)                \setlength{\headheight}{14.49998pt}.
(fancyhdr)                You might also make \topmargin smaller:
(fancyhdr)                \addtolength{\topmargin}{-2.49998pt}.

[53]

LaTeX Warning: Reference `tbl-pca-explained-variance' on page 54 undefined on input line 2230.


LaTeX Warning: Reference `fig-explained-variance-ratio' on page 54 undefined on input line 2268.


LaTeX Warning: Reference `fig-cumulative-explained-variance' on page 54 undefined on input line 2269.

File: 1-quantitative-finance/../notebooks-and-scripts/1-quantitative-finance/2-unsupervised-learning-for-asset-allocation/r/1-unsupervised-learning-for-asset-allocation-figures/explained-variance-ratio.png Graphic file (type bmp)
<1-quantitative-finance/../notebooks-and-scripts/1-quantitative-finance/2-unsupervised-learning-for-asset-allocation/r/1-unsupervised-learning-for-asset-allocation-figures/explained-variance-ratio.png>
File: 1-quantitative-finance/../notebooks-and-scripts/1-quantitative-finance/2-unsupervised-learning-for-asset-allocation/r/1-unsupervised-learning-for-asset-allocation-figures/cumulative-explained-variance.png Graphic file (type bmp)
<1-quantitative-finance/../notebooks-and-scripts/1-quantitative-finance/2-unsupervised-learning-for-asset-allocation/r/1-unsupervised-learning-for-asset-allocation-figures/cumulative-explained-variance.png>
File: 1-quantitative-finance/../notebooks-and-scripts/1-quantitative-finance/2-unsupervised-learning-for-asset-allocation/r/1-unsupervised-learning-for-asset-allocation-figures/pc1-loadings.png Graphic file (type bmp)
<1-quantitative-finance/../notebooks-and-scripts/1-quantitative-finance/2-unsupervised-learning-for-asset-allocation/r/1-unsupervised-learning-for-asset-allocation-figures/pc1-loadings.png>

Package fancyhdr Warning: \headheight is too small (12.0pt): 
(fancyhdr)                Make it at least 14.49998pt, for example:
(fancyhdr)                \setlength{\headheight}{14.49998pt}.
(fancyhdr)                You might also make \topmargin smaller:
(fancyhdr)                \addtolength{\topmargin}{-2.49998pt}.

[54]

Package fancyhdr Warning: \headheight is too small (12.0pt): 
(fancyhdr)                Make it at least 14.49998pt, for example:
(fancyhdr)                \setlength{\headheight}{14.49998pt}.
(fancyhdr)                You might also make \topmargin smaller:
(fancyhdr)                \addtolength{\topmargin}{-2.49998pt}.

[55]

Package fancyhdr Warning: \headheight is too small (12.0pt): 
(fancyhdr)                Make it at least 14.49998pt, for example:
(fancyhdr)                \setlength{\headheight}{14.49998pt}.
(fancyhdr)                You might also make \topmargin smaller:
(fancyhdr)                \addtolength{\topmargin}{-2.49998pt}.

[56]
File: 1-quantitative-finance/../notebooks-and-scripts/1-quantitative-finance/2-unsupervised-learning-for-asset-allocation/r/1-unsupervised-learning-for-asset-allocation-figures/pc2-loadings.png Graphic file (type bmp)
<1-quantitative-finance/../notebooks-and-scripts/1-quantitative-finance/2-unsupervised-learning-for-asset-allocation/r/1-unsupervised-learning-for-asset-allocation-figures/pc2-loadings.png>

LaTeX Warning: Reference `fig-hierarchical-clustering-dendrogram' on page 57 undefined on input line 2343.

File: 1-quantitative-finance/../notebooks-and-scripts/1-quantitative-finance/2-unsupervised-learning-for-asset-allocation/r/1-unsupervised-learning-for-asset-allocation-figures/hierarchical-clustering-dendrogram.png Graphic file (type bmp)
<1-quantitative-finance/../notebooks-and-scripts/1-quantitative-finance/2-unsupervised-learning-for-asset-allocation/r/1-unsupervised-learning-for-asset-allocation-figures/hierarchical-clustering-dendrogram.png>

LaTeX Warning: Reference `fig-clustered-correlation-matrix' on page 57 undefined on input line 2362.

File: 1-quantitative-finance/../notebooks-and-scripts/1-quantitative-finance/2-unsupervised-learning-for-asset-allocation/r/1-unsupervised-learning-for-asset-allocation-figures/clustered-correlation-matrix.png Graphic file (type bmp)
<1-quantitative-finance/../notebooks-and-scripts/1-quantitative-finance/2-unsupervised-learning-for-asset-allocation/r/1-unsupervised-learning-for-asset-allocation-figures/clustered-correlation-matrix.png>

LaTeX Warning: Reference `fig-equal-weight-portfolio' on page 57 undefined on input line 2388.

File: 1-quantitative-finance/../notebooks-and-scripts/1-quantitative-finance/2-unsupervised-learning-for-asset-allocation/r/1-unsupervised-learning-for-asset-allocation-figures/equal-weight-portfolio.png Graphic file (type bmp)
<1-quantitative-finance/../notebooks-and-scripts/1-quantitative-finance/2-unsupervised-learning-for-asset-allocation/r/1-unsupervised-learning-for-asset-allocation-figures/equal-weight-portfolio.png>

Package fancyhdr Warning: \headheight is too small (12.0pt): 
(fancyhdr)                Make it at least 14.49998pt, for example:
(fancyhdr)                \setlength{\headheight}{14.49998pt}.
(fancyhdr)                You might also make \topmargin smaller:
(fancyhdr)                \addtolength{\topmargin}{-2.49998pt}.

[57]

Package fancyhdr Warning: \headheight is too small (12.0pt): 
(fancyhdr)                Make it at least 14.49998pt, for example:
(fancyhdr)                \setlength{\headheight}{14.49998pt}.
(fancyhdr)                You might also make \topmargin smaller:
(fancyhdr)                \addtolength{\topmargin}{-2.49998pt}.

[58]

Package fancyhdr Warning: \headheight is too small (12.0pt): 
(fancyhdr)                Make it at least 14.49998pt, for example:
(fancyhdr)                \setlength{\headheight}{14.49998pt}.
(fancyhdr)                You might also make \topmargin smaller:
(fancyhdr)                \addtolength{\topmargin}{-2.49998pt}.

[59]

Package fancyhdr Warning: \headheight is too small (12.0pt): 
(fancyhdr)                Make it at least 14.49998pt, for example:
(fancyhdr)                \setlength{\headheight}{14.49998pt}.
(fancyhdr)                You might also make \topmargin smaller:
(fancyhdr)                \addtolength{\topmargin}{-2.49998pt}.

[60]

Package longtable Warning: Column widths have changed
(longtable)                in table 2.3 on input line 2437.

ignored error: Infinite glue shrinkage found in box being split

Package fancyhdr Warning: \headheight is too small (12.0pt): 
(fancyhdr)                Make it at least 14.49998pt, for example:
(fancyhdr)                \setlength{\headheight}{14.49998pt}.
(fancyhdr)                You might also make \topmargin smaller:
(fancyhdr)                \addtolength{\topmargin}{-2.49998pt}.

[61]

LaTeX Warning: Reference `fig-hrp-portfolio-weights' on page 62 undefined on input line 2440.

File: 1-quantitative-finance/../notebooks-and-scripts/1-quantitative-finance/2-unsupervised-learning-for-asset-allocation/r/1-unsupervised-learning-for-asset-allocation-figures/hrp-portfolio-weights.png Graphic file (type bmp)
<1-quantitative-finance/../notebooks-and-scripts/1-quantitative-finance/2-unsupervised-learning-for-asset-allocation/r/1-unsupervised-learning-for-asset-allocation-figures/hrp-portfolio-weights.png>

LaTeX Warning: Reference `fig-portfolio-weight-comparison' on page 62 undefined on input line 2458.


LaTeX Warning: Reference `tbl-portfolio-weight-comparison' on page 62 undefined on input line 2459.

File: 1-quantitative-finance/../notebooks-and-scripts/1-quantitative-finance/2-unsupervised-learning-for-asset-allocation/r/1-unsupervised-learning-for-asset-allocation-figures/portfolio-weight-comparison.png Graphic file (type bmp)
<1-quantitative-finance/../notebooks-and-scripts/1-quantitative-finance/2-unsupervised-learning-for-asset-allocation/r/1-unsupervised-learning-for-asset-allocation-figures/portfolio-weight-comparison.png>

Package longtable Warning: Column widths have changed
(longtable)                in table 2.4 on input line 2510.

ignored error: Infinite glue shrinkage found in box being split

Package fancyhdr Warning: \headheight is too small (12.0pt): 
(fancyhdr)                Make it at least 14.49998pt, for example:
(fancyhdr)                \setlength{\headheight}{14.49998pt}.
(fancyhdr)                You might also make \topmargin smaller:
(fancyhdr)                \addtolength{\topmargin}{-2.49998pt}.

[62]

Package longtable Warning: Column widths have changed
(longtable)                in table 2.5 on input line 2544.


LaTeX Warning: Reference `fig-hrp-risk-contribution' on page 63 undefined on input line 2547.

File: 1-quantitative-finance/../notebooks-and-scripts/1-quantitative-finance/2-unsupervised-learning-for-asset-allocation/r/1-unsupervised-learning-for-asset-allocation-figures/hrp-risk-contribution.png Graphic file (type bmp)
<1-quantitative-finance/../notebooks-and-scripts/1-quantitative-finance/2-unsupervised-learning-for-asset-allocation/r/1-unsupervised-learning-for-asset-allocation-figures/hrp-risk-contribution.png>

LaTeX Warning: Reference `fig-cumulative-portfolio-returns' on page 63 undefined on input line 2566.

File: 1-quantitative-finance/../notebooks-and-scripts/1-quantitative-finance/2-unsupervised-learning-for-asset-allocation/r/1-unsupervised-learning-for-asset-allocation-figures/cumulative-portfolio-returns.png Graphic file (type bmp)
<1-quantitative-finance/../notebooks-and-scripts/1-quantitative-finance/2-unsupervised-learning-for-asset-allocation/r/1-unsupervised-learning-for-asset-allocation-figures/cumulative-portfolio-returns.png>

LaTeX Warning: Reference `fig-rolling-annualized-volatility' on page 63 undefined on input line 2584.

File: 1-quantitative-finance/../notebooks-and-scripts/1-quantitative-finance/2-unsupervised-learning-for-asset-allocation/r/1-unsupervised-learning-for-asset-allocation-figures/rolling-annualized-volatility.png Graphic file (type bmp)
<1-quantitative-finance/../notebooks-and-scripts/1-quantitative-finance/2-unsupervised-learning-for-asset-allocation/r/1-unsupervised-learning-for-asset-allocation-figures/rolling-annualized-volatility.png>
File: 1-quantitative-finance/../notebooks-and-scripts/1-quantitative-finance/2-unsupervised-learning-for-asset-allocation/r/1-unsupervised-learning-for-asset-allocation-figures/portfolio-drawdowns.png Graphic file (type bmp)
<1-quantitative-finance/../notebooks-and-scripts/1-quantitative-finance/2-unsupervised-learning-for-asset-allocation/r/1-unsupervised-learning-for-asset-allocation-figures/portfolio-drawdowns.png>

LaTeX Warning: Reference `tbl-portfolio-performance' on page 63 undefined on input line 2619.


Package fancyhdr Warning: \headheight is too small (12.0pt): 
(fancyhdr)                Make it at least 14.49998pt, for example:
(fancyhdr)                \setlength{\headheight}{14.49998pt}.
(fancyhdr)                You might also make \topmargin smaller:
(fancyhdr)                \addtolength{\topmargin}{-2.49998pt}.

[63]

Package fancyhdr Warning: \headheight is too small (12.0pt): 
(fancyhdr)                Make it at least 14.49998pt, for example:
(fancyhdr)                \setlength{\headheight}{14.49998pt}.
(fancyhdr)                You might also make \topmargin smaller:
(fancyhdr)                \addtolength{\topmargin}{-2.49998pt}.

[64]

Package fancyhdr Warning: \headheight is too small (12.0pt): 
(fancyhdr)                Make it at least 14.49998pt, for example:
(fancyhdr)                \setlength{\headheight}{14.49998pt}.
(fancyhdr)                You might also make \topmargin smaller:
(fancyhdr)                \addtolength{\topmargin}{-2.49998pt}.

[65]

Package fancyhdr Warning: \headheight is too small (12.0pt): 
(fancyhdr)                Make it at least 14.49998pt, for example:
(fancyhdr)                \setlength{\headheight}{14.49998pt}.
(fancyhdr)                You might also make \topmargin smaller:
(fancyhdr)                \addtolength{\topmargin}{-2.49998pt}.

[66]

Package fancyhdr Warning: \headheight is too small (12.0pt): 
(fancyhdr)                Make it at least 14.49998pt, for example:
(fancyhdr)                \setlength{\headheight}{14.49998pt}.
(fancyhdr)                You might also make \topmargin smaller:
(fancyhdr)                \addtolength{\topmargin}{-2.49998pt}.

[67]

Package fancyhdr Warning: \headheight is too small (12.0pt): 
(fancyhdr)                Make it at least 14.49998pt, for example:
(fancyhdr)                \setlength{\headheight}{14.49998pt}.
(fancyhdr)                You might also make \topmargin smaller:
(fancyhdr)                \addtolength{\topmargin}{-2.49998pt}.

[68]

Package fancyhdr Warning: \headheight is too small (12.0pt): 
(fancyhdr)                Make it at least 14.49998pt, for example:
(fancyhdr)                \setlength{\headheight}{14.49998pt}.
(fancyhdr)                You might also make \topmargin smaller:
(fancyhdr)                \addtolength{\topmargin}{-2.49998pt}.

[69]

Package fancyhdr Warning: \headheight is too small (12.0pt): 
(fancyhdr)                Make it at least 14.49998pt, for example:
(fancyhdr)                \setlength{\headheight}{14.49998pt}.
(fancyhdr)                You might also make \topmargin smaller:
(fancyhdr)                \addtolength{\topmargin}{-2.49998pt}.

[70]

Package fancyhdr Warning: \headheight is too small (12.0pt): 
(fancyhdr)                Make it at least 14.49998pt, for example:
(fancyhdr)                \setlength{\headheight}{14.49998pt}.
(fancyhdr)                You might also make \topmargin smaller:
(fancyhdr)                \addtolength{\topmargin}{-2.49998pt}.

[71]

LaTeX Warning: Citation `ref-james2023statistical' on page 72 undefined on input line 2808.


LaTeX Warning: Citation `ref-hastie2009elements' on page 72 undefined on input line 2809.


Package fancyhdr Warning: \headheight is too small (12.0pt): 
(fancyhdr)                Make it at least 14.49998pt, for example:
(fancyhdr)                \setlength{\headheight}{14.49998pt}.
(fancyhdr)                You might also make \topmargin smaller:
(fancyhdr)                \addtolength{\topmargin}{-2.49998pt}.

[72]

Package fancyhdr Warning: \headheight is too small (12.0pt): 
(fancyhdr)                Make it at least 14.49998pt, for example:
(fancyhdr)                \setlength{\headheight}{14.49998pt}.
(fancyhdr)                You might also make \topmargin smaller:
(fancyhdr)                \addtolength{\topmargin}{-2.49998pt}.

[73]

Package fancyhdr Warning: \headheight is too small (12.0pt): 
(fancyhdr)                Make it at least 14.49998pt, for example:
(fancyhdr)                \setlength{\headheight}{14.49998pt}.
(fancyhdr)                You might also make \topmargin smaller:
(fancyhdr)                \addtolength{\topmargin}{-2.49998pt}.

[74]

Package fancyhdr Warning: \headheight is too small (12.0pt): 
(fancyhdr)                Make it at least 14.49998pt, for example:
(fancyhdr)                \setlength{\headheight}{14.49998pt}.
(fancyhdr)                You might also make \topmargin smaller:
(fancyhdr)                \addtolength{\topmargin}{-2.49998pt}.

[75]

Package fancyhdr Warning: \headheight is too small (12.0pt): 
(fancyhdr)                Make it at least 14.49998pt, for example:
(fancyhdr)                \setlength{\headheight}{14.49998pt}.
(fancyhdr)                You might also make \topmargin smaller:
(fancyhdr)                \addtolength{\topmargin}{-2.49998pt}.

[76]

Package fancyhdr Warning: \headheight is too small (12.0pt): 
(fancyhdr)                Make it at least 14.49998pt, for example:
(fancyhdr)                \setlength{\headheight}{14.49998pt}.
(fancyhdr)                You might also make \topmargin smaller:
(fancyhdr)                \addtolength{\topmargin}{-2.49998pt}.

[77]

Package fancyhdr Warning: \headheight is too small (12.0pt): 
(fancyhdr)                Make it at least 14.49998pt, for example:
(fancyhdr)                \setlength{\headheight}{14.49998pt}.
(fancyhdr)                You might also make \topmargin smaller:
(fancyhdr)                \addtolength{\topmargin}{-2.49998pt}.

[78]

Package fancyhdr Warning: \headheight is too small (12.0pt): 
(fancyhdr)                Make it at least 14.49998pt, for example:
(fancyhdr)                \setlength{\headheight}{14.49998pt}.
(fancyhdr)                You might also make \topmargin smaller:
(fancyhdr)                \addtolength{\topmargin}{-2.49998pt}.

[79]

Package fancyhdr Warning: \headheight is too small (12.0pt): 
(fancyhdr)                Make it at least 14.49998pt, for example:
(fancyhdr)                \setlength{\headheight}{14.49998pt}.
(fancyhdr)                You might also make \topmargin smaller:
(fancyhdr)                \addtolength{\topmargin}{-2.49998pt}.

[80

]
Chapter 3.

Underfull \vbox (badness 6510) has occurred while \output is active []

[81]

Package fancyhdr Warning: \headheight is too small (12.0pt): 
(fancyhdr)                Make it at least 14.49998pt, for example:
(fancyhdr)                \setlength{\headheight}{14.49998pt}.
(fancyhdr)                You might also make \topmargin smaller:
(fancyhdr)                \addtolength{\topmargin}{-2.49998pt}.

[82]

LaTeX Warning: Reference `tbl-model-parameters' on page 83 undefined on input line 3280.


Package fancyhdr Warning: \headheight is too small (12.0pt): 
(fancyhdr)                Make it at least 14.49998pt, for example:
(fancyhdr)                \setlength{\headheight}{14.49998pt}.
(fancyhdr)                You might also make \topmargin smaller:
(fancyhdr)                \addtolength{\topmargin}{-2.49998pt}.

[83]

Package longtable Warning: Column widths have changed
(longtable)                in table 3.1 on input line 3300.

File: 1-quantitative-finance/../notebooks-and-scripts/1-quantitative-finance/3-option-pricing/r/1-option-pricing-with-path-integrals-figures/simulated-gbm-path.png Graphic file (type bmp)
<1-quantitative-finance/../notebooks-and-scripts/1-quantitative-finance/3-option-pricing/r/1-option-pricing-with-path-integrals-figures/simulated-gbm-path.png>

LaTeX Warning: Reference `tbl-pricing-methods' on page 84 undefined on input line 3341.


LaTeX Warning: Reference `fig-pricing-method-comparison' on page 84 undefined on input line 3342.


Package fancyhdr Warning: \headheight is too small (12.0pt): 
(fancyhdr)                Make it at least 14.49998pt, for example:
(fancyhdr)                \setlength{\headheight}{14.49998pt}.
(fancyhdr)                You might also make \topmargin smaller:
(fancyhdr)                \addtolength{\topmargin}{-2.49998pt}.

[84]

Package fancyhdr Warning: \headheight is too small (12.0pt): 
(fancyhdr)                Make it at least 14.49998pt, for example:
(fancyhdr)                \setlength{\headheight}{14.49998pt}.
(fancyhdr)                You might also make \topmargin smaller:
(fancyhdr)                \addtolength{\topmargin}{-2.49998pt}.

[85]

Package longtable Warning: Column widths have changed
(longtable)                in table 3.2 on input line 3361.

File: 1-quantitative-finance/../notebooks-and-scripts/1-quantitative-finance/3-option-pricing/r/1-option-pricing-with-path-integrals-figures/pricing-method-comparison.png Graphic file (type bmp)
<1-quantitative-finance/../notebooks-and-scripts/1-quantitative-finance/3-option-pricing/r/1-option-pricing-with-path-integrals-figures/pricing-method-comparison.png>

LaTeX Warning: Reference `tbl-convergence-analysis' on page 86 undefined on input line 3385.


LaTeX Warning: Reference `fig-convergence-analysis' on page 86 undefined on input line 3386.


Package fancyhdr Warning: \headheight is too small (12.0pt): 
(fancyhdr)                Make it at least 14.49998pt, for example:
(fancyhdr)                \setlength{\headheight}{14.49998pt}.
(fancyhdr)                You might also make \topmargin smaller:
(fancyhdr)                \addtolength{\topmargin}{-2.49998pt}.

[86]
File: 1-quantitative-finance/../notebooks-and-scripts/1-quantitative-finance/3-option-pricing/r/1-option-pricing-with-path-integrals-figures/convergence-analysis.png Graphic file (type bmp)
<1-quantitative-finance/../notebooks-and-scripts/1-quantitative-finance/3-option-pricing/r/1-option-pricing-with-path-integrals-figures/convergence-analysis.png>

Package fancyhdr Warning: \headheight is too small (12.0pt): 
(fancyhdr)                Make it at least 14.49998pt, for example:
(fancyhdr)                \setlength{\headheight}{14.49998pt}.
(fancyhdr)                You might also make \topmargin smaller:
(fancyhdr)                \addtolength{\topmargin}{-2.49998pt}.

[87]
File: 1-quantitative-finance/../notebooks-and-scripts/1-quantitative-finance/3-option-pricing/r/1-option-pricing-with-path-integrals-figures/market-price-series.png Graphic file (type bmp)
<1-quantitative-finance/../notebooks-and-scripts/1-quantitative-finance/3-option-pricing/r/1-option-pricing-with-path-integrals-figures/market-price-series.png>
File: 1-quantitative-finance/../notebooks-and-scripts/1-quantitative-finance/3-option-pricing/r/1-option-pricing-with-path-integrals-figures/market-log-returns.png Graphic file (type bmp)
<1-quantitative-finance/../notebooks-and-scripts/1-quantitative-finance/3-option-pricing/r/1-option-pricing-with-path-integrals-figures/market-log-returns.png>

LaTeX Warning: Reference `tbl-market-inputs' on page 88 undefined on input line 3470.


Package longtable Warning: Column widths have changed
(longtable)                in table 3.4 on input line 3491.

ignored error: Infinite glue shrinkage found in box being split

Package fancyhdr Warning: \headheight is too small (12.0pt): 
(fancyhdr)                Make it at least 14.49998pt, for example:
(fancyhdr)                \setlength{\headheight}{14.49998pt}.
(fancyhdr)                You might also make \topmargin smaller:
(fancyhdr)                \addtolength{\topmargin}{-2.49998pt}.

[88]

LaTeX Warning: Reference `tbl-market-comparison' on page 89 undefined on input line 3499.


LaTeX Warning: Reference `fig-market-pricing-comparison' on page 89 undefined on input line 3500.


Package longtable Warning: Column widths have changed
(longtable)                in table 3.5 on input line 3518.

File: 1-quantitative-finance/../notebooks-and-scripts/1-quantitative-finance/3-option-pricing/r/1-option-pricing-with-path-integrals-figures/market-pricing-comparison.png Graphic file (type bmp)
<1-quantitative-finance/../notebooks-and-scripts/1-quantitative-finance/3-option-pricing/r/1-option-pricing-with-path-integrals-figures/market-pricing-comparison.png>

Underfull \vbox (badness 3746) has occurred while \output is active []


Package fancyhdr Warning: \headheight is too small (12.0pt): 
(fancyhdr)                Make it at least 14.49998pt, for example:
(fancyhdr)                \setlength{\headheight}{14.49998pt}.
(fancyhdr)                You might also make \topmargin smaller:
(fancyhdr)                \addtolength{\topmargin}{-2.49998pt}.

[89]

Package fancyhdr Warning: \headheight is too small (12.0pt): 
(fancyhdr)                Make it at least 14.49998pt, for example:
(fancyhdr)                \setlength{\headheight}{14.49998pt}.
(fancyhdr)                You might also make \topmargin smaller:
(fancyhdr)                \addtolength{\topmargin}{-2.49998pt}.

[90]

Package fancyhdr Warning: \headheight is too small (12.0pt): 
(fancyhdr)                Make it at least 14.49998pt, for example:
(fancyhdr)                \setlength{\headheight}{14.49998pt}.
(fancyhdr)                You might also make \topmargin smaller:
(fancyhdr)                \addtolength{\topmargin}{-2.49998pt}.

[91]

Package fancyhdr Warning: \headheight is too small (12.0pt): 
(fancyhdr)                Make it at least 14.49998pt, for example:
(fancyhdr)                \setlength{\headheight}{14.49998pt}.
(fancyhdr)                You might also make \topmargin smaller:
(fancyhdr)                \addtolength{\topmargin}{-2.49998pt}.

[92]

Package fancyhdr Warning: \headheight is too small (12.0pt): 
(fancyhdr)                Make it at least 14.49998pt, for example:
(fancyhdr)                \setlength{\headheight}{14.49998pt}.
(fancyhdr)                You might also make \topmargin smaller:
(fancyhdr)                \addtolength{\topmargin}{-2.49998pt}.

[93]

LaTeX Warning: Citation `ref-black1973pricing' on page 94 undefined on input line 3670.


LaTeX Warning: Citation `ref-merton1973theory' on page 94 undefined on input line 3671.


Package fancyhdr Warning: \headheight is too small (12.0pt): 
(fancyhdr)                Make it at least 14.49998pt, for example:
(fancyhdr)                \setlength{\headheight}{14.49998pt}.
(fancyhdr)                You might also make \topmargin smaller:
(fancyhdr)                \addtolength{\topmargin}{-2.49998pt}.

[94]

LaTeX Warning: Reference `eq-gbm' on page 95 undefined on input line 3686.


LaTeX Warning: Reference `eq-gbm-solution' on page 95 undefined on input line 3703.


LaTeX Warning: Reference `eq-gbm-solution' on page 95 undefined on input line 3721.


LaTeX Warning: Reference `eq-lognormal-distribution' on page 95 undefined on input line 3723.


LaTeX Warning: Reference `eq-risk-neutral-pricing' on page 95 undefined on input line 3738.


Package fancyhdr Warning: \headheight is too small (12.0pt): 
(fancyhdr)                Make it at least 14.49998pt, for example:
(fancyhdr)                \setlength{\headheight}{14.49998pt}.
(fancyhdr)                You might also make \topmargin smaller:
(fancyhdr)                \addtolength{\topmargin}{-2.49998pt}.

[95]

LaTeX Warning: Citation `ref-rubinstein2016simulation' on page 96 undefined on input line 3781.


LaTeX Warning: Reference `eq-risk-neutral-pricing' on page 96 undefined on input line 3784.


Package fancyhdr Warning: \headheight is too small (12.0pt): 
(fancyhdr)                Make it at least 14.49998pt, for example:
(fancyhdr)                \setlength{\headheight}{14.49998pt}.
(fancyhdr)                You might also make \topmargin smaller:
(fancyhdr)                \addtolength{\topmargin}{-2.49998pt}.

[96]
Underfull \hbox (badness 1939) in paragraph at lines 3795--3800
[]\TU/LinuxLibertineO(0)/m/n/12 Monte Carlo simulation replaces the theoretical expectation with an em-
 []


LaTeX Warning: Reference `eq-monte-carlo-estimator' on page 97 undefined on input line 3809.


Package fancyhdr Warning: \headheight is too small (12.0pt): 
(fancyhdr)                Make it at least 14.49998pt, for example:
(fancyhdr)                \setlength{\headheight}{14.49998pt}.
(fancyhdr)                You might also make \topmargin smaller:
(fancyhdr)                \addtolength{\topmargin}{-2.49998pt}.

[97]
Underfull \hbox (badness 1371) in paragraph at lines 3867--3873
\TU/LinuxLibertineO(0)/m/n/12 project, this approach is straightforward because the terminal asset price
 []


Underfull \hbox (badness 1769) in paragraph at lines 3867--3873
\TU/LinuxLibertineO(0)/m/n/12 finance involve probability distributions that are difficult to sample from
 []


Package fancyhdr Warning: \headheight is too small (12.0pt): 
(fancyhdr)                Make it at least 14.49998pt, for example:
(fancyhdr)                \setlength{\headheight}{14.49998pt}.
(fancyhdr)                You might also make \topmargin smaller:
(fancyhdr)                \addtolength{\topmargin}{-2.49998pt}.

[98]

LaTeX Warning: Reference `eq-lognormal-distribution' on page 99 undefined on input line 3906.


Package fancyhdr Warning: \headheight is too small (12.0pt): 
(fancyhdr)                Make it at least 14.49998pt, for example:
(fancyhdr)                \setlength{\headheight}{14.49998pt}.
(fancyhdr)                You might also make \topmargin smaller:
(fancyhdr)                \addtolength{\topmargin}{-2.49998pt}.

[99]

LaTeX Warning: Citation `ref-feynman2010quantum' on page 100 undefined on input line 3967.


LaTeX Warning: Citation `ref-linetsky1997path' on page 100 undefined on input line 3977.


Package fancyhdr Warning: \headheight is too small (12.0pt): 
(fancyhdr)                Make it at least 14.49998pt, for example:
(fancyhdr)                \setlength{\headheight}{14.49998pt}.
(fancyhdr)                You might also make \topmargin smaller:
(fancyhdr)                \addtolength{\topmargin}{-2.49998pt}.

[100]

LaTeX Warning: Citation `ref-devreese2010path' on page 101 undefined on input line 4025.


LaTeX Warning: Citation `ref-baaquie2007quantum' on page 101 undefined on input line 4026.


Underfull \hbox (badness 2173) in paragraph at lines 4028--4035
\TU/LinuxLibertineO(0)/m/n/12 complex derivatives would generally require sampling higher-dimensional
 []


Package fancyhdr Warning: \headheight is too small (12.0pt): 
(fancyhdr)                Make it at least 14.49998pt, for example:
(fancyhdr)                \setlength{\headheight}{14.49998pt}.
(fancyhdr)                You might also make \topmargin smaller:
(fancyhdr)                \addtolength{\topmargin}{-2.49998pt}.

[101]

Package fancyhdr Warning: \headheight is too small (12.0pt): 
(fancyhdr)                Make it at least 14.49998pt, for example:
(fancyhdr)                \setlength{\headheight}{14.49998pt}.
(fancyhdr)                You might also make \topmargin smaller:
(fancyhdr)                \addtolength{\topmargin}{-2.49998pt}.

[102

] [103] [104] [105

]

Package fancyhdr Warning: \headheight is too small (12.0pt): 
(fancyhdr)                Make it at least 14.49998pt, for example:
(fancyhdr)                \setlength{\headheight}{14.49998pt}.
(fancyhdr)                You might also make \topmargin smaller:
(fancyhdr)                \addtolength{\topmargin}{-2.49998pt}.

[106

]
Chapter 4.

LaTeX Warning: Citation `ref-dal2015calibrating' on page 107 undefined on input line 4083.


LaTeX Warning: Citation `ref-baesens2015fraud' on page 107 undefined on input line 4092.


LaTeX Warning: Citation `ref-dal2017credit' on page 107 undefined on input line 4093.

[107]

LaTeX Warning: Citation `ref-ngai2011application' on page 108 undefined on input line 4100.


LaTeX Warning: Citation `ref-al2021financial' on page 108 undefined on input line 4101.


LaTeX Warning: Citation `ref-carcillo2021combining' on page 108 undefined on input line 4110.


Package fancyhdr Warning: \headheight is too small (12.0pt): 
(fancyhdr)                Make it at least 14.49998pt, for example:
(fancyhdr)                \setlength{\headheight}{14.49998pt}.
(fancyhdr)                You might also make \topmargin smaller:
(fancyhdr)                \addtolength{\topmargin}{-2.49998pt}.

[108]

Package fancyhdr Warning: \headheight is too small (12.0pt): 
(fancyhdr)                Make it at least 14.49998pt, for example:
(fancyhdr)                \setlength{\headheight}{14.49998pt}.
(fancyhdr)                You might also make \topmargin smaller:
(fancyhdr)                \addtolength{\topmargin}{-2.49998pt}.

[109]

Package longtable Warning: Column widths have changed
(longtable)                in table 4.1 on input line 4212.


LaTeX Warning: Reference `fig-class-distribution' on page 110 undefined on input line 4214.

File: 2-retail-analytics/../notebooks-and-scripts/2-retail-analytics/1-credit-card-fraud-detection-ml-benchmark/r/1-credit-card-fraud-detection-unsupervised-figures/class-distribution.png Graphic file (type bmp)
<2-retail-analytics/../notebooks-and-scripts/2-retail-analytics/1-credit-card-fraud-detection-ml-benchmark/r/1-credit-card-fraud-detection-unsupervised-figures/class-distribution.png>

Package longtable Warning: Column widths have changed
(longtable)                in table 4.2 on input line 4254.


LaTeX Warning: Reference `fig-transaction-amount-distribution' on page 110 undefined on input line 4259.


Package fancyhdr Warning: \headheight is too small (12.0pt): 
(fancyhdr)                Make it at least 14.49998pt, for example:
(fancyhdr)                \setlength{\headheight}{14.49998pt}.
(fancyhdr)                You might also make \topmargin smaller:
(fancyhdr)                \addtolength{\topmargin}{-2.49998pt}.

[110]
File: 2-retail-analytics/../notebooks-and-scripts/2-retail-analytics/1-credit-card-fraud-detection-ml-benchmark/r/1-credit-card-fraud-detection-unsupervised-figures/transaction-amount-distribution.png Graphic file (type bmp)
<2-retail-analytics/../notebooks-and-scripts/2-retail-analytics/1-credit-card-fraud-detection-ml-benchmark/r/1-credit-card-fraud-detection-unsupervised-figures/transaction-amount-distribution.png>

LaTeX Warning: Reference `fig-transaction-amount-by-class' on page 111 undefined on input line 4276.

File: 2-retail-analytics/../notebooks-and-scripts/2-retail-analytics/1-credit-card-fraud-detection-ml-benchmark/r/1-credit-card-fraud-detection-unsupervised-figures/transaction-amount-by-class.png Graphic file (type bmp)
<2-retail-analytics/../notebooks-and-scripts/2-retail-analytics/1-credit-card-fraud-detection-ml-benchmark/r/1-credit-card-fraud-detection-unsupervised-figures/transaction-amount-by-class.png>
File: 2-retail-analytics/../notebooks-and-scripts/2-retail-analytics/1-credit-card-fraud-detection-ml-benchmark/r/1-credit-card-fraud-detection-unsupervised-figures/selected-pca-features-distribution.png Graphic file (type bmp)
<2-retail-analytics/../notebooks-and-scripts/2-retail-analytics/1-credit-card-fraud-detection-ml-benchmark/r/1-credit-card-fraud-detection-unsupervised-figures/selected-pca-features-distribution.png>
File: 2-retail-analytics/../notebooks-and-scripts/2-retail-analytics/1-credit-card-fraud-detection-ml-benchmark/r/1-credit-card-fraud-detection-unsupervised-figures/correlation-matrix.png Graphic file (type bmp)
<2-retail-analytics/../notebooks-and-scripts/2-retail-analytics/1-credit-card-fraud-detection-ml-benchmark/r/1-credit-card-fraud-detection-unsupervised-figures/correlation-matrix.png>

Package fancyhdr Warning: \headheight is too small (12.0pt): 
(fancyhdr)                Make it at least 14.49998pt, for example:
(fancyhdr)                \setlength{\headheight}{14.49998pt}.
(fancyhdr)                You might also make \topmargin smaller:
(fancyhdr)                \addtolength{\topmargin}{-2.49998pt}.

[111]

Package fancyhdr Warning: \headheight is too small (12.0pt): 
(fancyhdr)                Make it at least 14.49998pt, for example:
(fancyhdr)                \setlength{\headheight}{14.49998pt}.
(fancyhdr)                You might also make \topmargin smaller:
(fancyhdr)                \addtolength{\topmargin}{-2.49998pt}.

[112]

Package fancyhdr Warning: \headheight is too small (12.0pt): 
(fancyhdr)                Make it at least 14.49998pt, for example:
(fancyhdr)                \setlength{\headheight}{14.49998pt}.
(fancyhdr)                You might also make \topmargin smaller:
(fancyhdr)                \addtolength{\topmargin}{-2.49998pt}.

[113]

Package fancyhdr Warning: \headheight is too small (12.0pt): 
(fancyhdr)                Make it at least 14.49998pt, for example:
(fancyhdr)                \setlength{\headheight}{14.49998pt}.
(fancyhdr)                You might also make \topmargin smaller:
(fancyhdr)                \addtolength{\topmargin}{-2.49998pt}.

[114]
File: 2-retail-analytics/../notebooks-and-scripts/2-retail-analytics/1-credit-card-fraud-detection-ml-benchmark/r/1-credit-card-fraud-detection-unsupervised-figures/kmeans-inertia.png Graphic file (type bmp)
<2-retail-analytics/../notebooks-and-scripts/2-retail-analytics/1-credit-card-fraud-detection-ml-benchmark/r/1-credit-card-fraud-detection-unsupervised-figures/kmeans-inertia.png>

Package fancyhdr Warning: \headheight is too small (12.0pt): 
(fancyhdr)                Make it at least 14.49998pt, for example:
(fancyhdr)                \setlength{\headheight}{14.49998pt}.
(fancyhdr)                You might also make \topmargin smaller:
(fancyhdr)                \addtolength{\topmargin}{-2.49998pt}.

[115]

Package fancyhdr Warning: \headheight is too small (12.0pt): 
(fancyhdr)                Make it at least 14.49998pt, for example:
(fancyhdr)                \setlength{\headheight}{14.49998pt}.
(fancyhdr)                You might also make \topmargin smaller:
(fancyhdr)                \addtolength{\topmargin}{-2.49998pt}.

[116]

LaTeX Warning: Reference `tbl-class-distribution-training-strategies' on page 117 undefined on input line 4468.


Package longtable Warning: Column widths have changed
(longtable)                in table 4.4 on input line 4490.


Package fancyhdr Warning: \headheight is too small (12.0pt): 
(fancyhdr)                Make it at least 14.49998pt, for example:
(fancyhdr)                \setlength{\headheight}{14.49998pt}.
(fancyhdr)                You might also make \topmargin smaller:
(fancyhdr)                \addtolength{\topmargin}{-2.49998pt}.

[117]

Package fancyhdr Warning: \headheight is too small (12.0pt): 
(fancyhdr)                Make it at least 14.49998pt, for example:
(fancyhdr)                \setlength{\headheight}{14.49998pt}.
(fancyhdr)                You might also make \topmargin smaller:
(fancyhdr)                \addtolength{\topmargin}{-2.49998pt}.

[118]

LaTeX Warning: Reference `tbl-final-model-comparison' on page 119 undefined on input line 4554.


Overfull \hbox (4.38377pt too wide) in paragraph at lines 4569--4570
 []\TU/LinuxLibertineO(0)/m/n/12 Strategy 
 []


Overfull \hbox (5.70668pt too wide) in paragraph at lines 4573--4574
 []\TU/LinuxLibertineO(0)/m/n/12 Precision 
 []


Overfull \hbox (4.38377pt too wide) in paragraph at lines 4589--4590
 []\TU/LinuxLibertineO(0)/m/n/12 Strategy 
 []


Overfull \hbox (5.70668pt too wide) in paragraph at lines 4593--4594
 []\TU/LinuxLibertineO(0)/m/n/12 Precision 
 []


Overfull \hbox (4.34778pt too wide) in paragraph at lines 4609--4609
 []|\TU/LinuxLibertineO(0)/m/n/12 Original| 
 []


Overfull \hbox (0.91867pt too wide) in paragraph at lines 4609--4609
 []|\TU/LinuxLibertineO(0)/m/n/12 0.8280| 
 []


Overfull \hbox (0.91867pt too wide) in paragraph at lines 4609--4609
 []|\TU/LinuxLibertineO(0)/m/n/12 0.8782| 
 []


Overfull \hbox (1.89978pt too wide) in paragraph at lines 4611--4611
 []|\TU/LinuxLibertineO(0)/m/n/12 SMOTE| 
 []


Overfull \hbox (0.91867pt too wide) in paragraph at lines 4611--4611
 []|\TU/LinuxLibertineO(0)/m/n/12 0.8602| 
 []


Overfull \hbox (0.91867pt too wide) in paragraph at lines 4611--4611
 []|\TU/LinuxLibertineO(0)/m/n/12 0.8594| 
 []


LaTeX Warning: Reference `fig-final-model-comparison-pr-auc' on page 119 undefined on input line 4630.

File: 2-retail-analytics/../notebooks-and-scripts/2-retail-analytics/1-credit-card-fraud-detection-ml-benchmark/r/1-credit-card-fraud-detection-supervised-figures/final-model-comparison-pr-auc.png Graphic file (type bmp)
<2-retail-analytics/../notebooks-and-scripts/2-retail-analytics/1-credit-card-fraud-detection-ml-benchmark/r/1-credit-card-fraud-detection-supervised-figures/final-model-comparison-pr-auc.png>

Package fancyhdr Warning: \headheight is too small (12.0pt): 
(fancyhdr)                Make it at least 14.49998pt, for example:
(fancyhdr)                \setlength{\headheight}{14.49998pt}.
(fancyhdr)                You might also make \topmargin smaller:
(fancyhdr)                \addtolength{\topmargin}{-2.49998pt}.

[119]

LaTeX Warning: Reference `fig-confusion-matrices' on page 120 undefined on input line 4648.

File: 2-retail-analytics/../notebooks-and-scripts/2-retail-analytics/1-credit-card-fraud-detection-ml-benchmark/r/1-credit-card-fraud-detection-supervised-figures/confusion-matrices.png Graphic file (type bmp)
<2-retail-analytics/../notebooks-and-scripts/2-retail-analytics/1-credit-card-fraud-detection-ml-benchmark/r/1-credit-card-fraud-detection-supervised-figures/confusion-matrices.png>

LaTeX Warning: Reference `fig-roc-curves' on page 120 undefined on input line 4668.

File: 2-retail-analytics/../notebooks-and-scripts/2-retail-analytics/1-credit-card-fraud-detection-ml-benchmark/r/1-credit-card-fraud-detection-supervised-figures/roc-curves.png Graphic file (type bmp)
<2-retail-analytics/../notebooks-and-scripts/2-retail-analytics/1-credit-card-fraud-detection-ml-benchmark/r/1-credit-card-fraud-detection-supervised-figures/roc-curves.png>

LaTeX Warning: Reference `fig-precision-recall-curves' on page 120 undefined on input line 4689.

File: 2-retail-analytics/../notebooks-and-scripts/2-retail-analytics/1-credit-card-fraud-detection-ml-benchmark/r/1-credit-card-fraud-detection-supervised-figures/precision-recall-curves.png Graphic file (type bmp)
<2-retail-analytics/../notebooks-and-scripts/2-retail-analytics/1-credit-card-fraud-detection-ml-benchmark/r/1-credit-card-fraud-detection-supervised-figures/precision-recall-curves.png>

LaTeX Warning: Reference `tbl-kolmogorov-smirnov-statistic' on page 120 undefined on input line 4710.


Package fancyhdr Warning: \headheight is too small (12.0pt): 
(fancyhdr)                Make it at least 14.49998pt, for example:
(fancyhdr)                \setlength{\headheight}{14.49998pt}.
(fancyhdr)                You might also make \topmargin smaller:
(fancyhdr)                \addtolength{\topmargin}{-2.49998pt}.

[120]

Package fancyhdr Warning: \headheight is too small (12.0pt): 
(fancyhdr)                Make it at least 14.49998pt, for example:
(fancyhdr)                \setlength{\headheight}{14.49998pt}.
(fancyhdr)                You might also make \topmargin smaller:
(fancyhdr)                \addtolength{\topmargin}{-2.49998pt}.

[121]

Package fancyhdr Warning: \headheight is too small (12.0pt): 
(fancyhdr)                Make it at least 14.49998pt, for example:
(fancyhdr)                \setlength{\headheight}{14.49998pt}.
(fancyhdr)                You might also make \topmargin smaller:
(fancyhdr)                \addtolength{\topmargin}{-2.49998pt}.

[122]

Package longtable Warning: Column widths have changed
(longtable)                in table 4.6 on input line 4728.


LaTeX Warning: Reference `fig-kolmogorov-smirnov-diagnostic-plot' on page 123 undefined on input line 4731.

File: 2-retail-analytics/../notebooks-and-scripts/2-retail-analytics/1-credit-card-fraud-detection-ml-benchmark/r/1-credit-card-fraud-detection-supervised-figures/kolmogorov-smirnov-diagnostic-plot.png Graphic file (type bmp)
<2-retail-analytics/../notebooks-and-scripts/2-retail-analytics/1-credit-card-fraud-detection-ml-benchmark/r/1-credit-card-fraud-detection-supervised-figures/kolmogorov-smirnov-diagnostic-plot.png>

Package fancyhdr Warning: \headheight is too small (12.0pt): 
(fancyhdr)                Make it at least 14.49998pt, for example:
(fancyhdr)                \setlength{\headheight}{14.49998pt}.
(fancyhdr)                You might also make \topmargin smaller:
(fancyhdr)                \addtolength{\topmargin}{-2.49998pt}.

[123]

Package fancyhdr Warning: \headheight is too small (12.0pt): 
(fancyhdr)                Make it at least 14.49998pt, for example:
(fancyhdr)                \setlength{\headheight}{14.49998pt}.
(fancyhdr)                You might also make \topmargin smaller:
(fancyhdr)                \addtolength{\topmargin}{-2.49998pt}.

[124]
Underfull \vbox (badness 10000) has occurred while \output is active []


Package fancyhdr Warning: \headheight is too small (12.0pt): 
(fancyhdr)                Make it at least 14.49998pt, for example:
(fancyhdr)                \setlength{\headheight}{14.49998pt}.
(fancyhdr)                You might also make \topmargin smaller:
(fancyhdr)                \addtolength{\topmargin}{-2.49998pt}.

[125]

Package fancyhdr Warning: \headheight is too small (12.0pt): 
(fancyhdr)                Make it at least 14.49998pt, for example:
(fancyhdr)                \setlength{\headheight}{14.49998pt}.
(fancyhdr)                You might also make \topmargin smaller:
(fancyhdr)                \addtolength{\topmargin}{-2.49998pt}.

[126]

Package fancyhdr Warning: \headheight is too small (12.0pt): 
(fancyhdr)                Make it at least 14.49998pt, for example:
(fancyhdr)                \setlength{\headheight}{14.49998pt}.
(fancyhdr)                You might also make \topmargin smaller:
(fancyhdr)                \addtolength{\topmargin}{-2.49998pt}.

[127]

Package fancyhdr Warning: \headheight is too small (12.0pt): 
(fancyhdr)                Make it at least 14.49998pt, for example:
(fancyhdr)                \setlength{\headheight}{14.49998pt}.
(fancyhdr)                You might also make \topmargin smaller:
(fancyhdr)                \addtolength{\topmargin}{-2.49998pt}.

[128]
Chapter 5.

LaTeX Warning: Citation `ref-robert2008database' on page 129 undefined on input line 4990.


Underfull \hbox (badness 1067) in paragraph at lines 4996--5003
[]\TU/LinuxLibertineO(0)/m/n/12 This chapter develops a complete customer analytics workflow for a non-
 []

[129

]
Underfull \hbox (badness 1436) in paragraph at lines 5040--5047
\TU/LinuxLibertineO(0)/m/n/12 these problems because it stores detailed transactional information across
 []


Underfull \hbox (badness 1817) in paragraph at lines 5040--5047
\TU/LinuxLibertineO(0)/m/n/12 on pre-computed customer summaries, this project reconstructs customer
 []


Package fancyhdr Warning: \headheight is too small (12.0pt): 
(fancyhdr)                Make it at least 14.49998pt, for example:
(fancyhdr)                \setlength{\headheight}{14.49998pt}.
(fancyhdr)                You might also make \topmargin smaller:
(fancyhdr)                \addtolength{\topmargin}{-2.49998pt}.

[130]

Package fancyhdr Warning: \headheight is too small (12.0pt): 
(fancyhdr)                Make it at least 14.49998pt, for example:
(fancyhdr)                \setlength{\headheight}{14.49998pt}.
(fancyhdr)                You might also make \topmargin smaller:
(fancyhdr)                \addtolength{\topmargin}{-2.49998pt}.

[131]

Package fancyhdr Warning: \headheight is too small (12.0pt): 
(fancyhdr)                Make it at least 14.49998pt, for example:
(fancyhdr)                \setlength{\headheight}{14.49998pt}.
(fancyhdr)                You might also make \topmargin smaller:
(fancyhdr)                \addtolength{\topmargin}{-2.49998pt}.

[132]
Underfull \hbox (badness 10000) in paragraph at lines 5181--5181
[]\TU/LinuxLibertineO(0)/b/n/14.4 Churn Prediction in Non-Contractual Relationships
 []


Package fancyhdr Warning: \headheight is too small (12.0pt): 
(fancyhdr)                Make it at least 14.49998pt, for example:
(fancyhdr)                \setlength{\headheight}{14.49998pt}.
(fancyhdr)                You might also make \topmargin smaller:
(fancyhdr)                \addtolength{\topmargin}{-2.49998pt}.

[133]

Package fancyhdr Warning: \headheight is too small (12.0pt): 
(fancyhdr)                Make it at least 14.49998pt, for example:
(fancyhdr)                \setlength{\headheight}{14.49998pt}.
(fancyhdr)                You might also make \topmargin smaller:
(fancyhdr)                \addtolength{\topmargin}{-2.49998pt}.

[134]

LaTeX Warning: Citation `ref-robert2008database' on page 135 undefined on input line 5263.


Package fancyhdr Warning: \headheight is too small (12.0pt): 
(fancyhdr)                Make it at least 14.49998pt, for example:
(fancyhdr)                \setlength{\headheight}{14.49998pt}.
(fancyhdr)                You might also make \topmargin smaller:
(fancyhdr)                \addtolength{\topmargin}{-2.49998pt}.

[135]

LaTeX Warning: Reference `tbl-rfm-summary' on page 136 undefined on input line 5329.


Underfull \vbox (badness 10000) has occurred while \output is active []


Package fancyhdr Warning: \headheight is too small (12.0pt): 
(fancyhdr)                Make it at least 14.49998pt, for example:
(fancyhdr)                \setlength{\headheight}{14.49998pt}.
(fancyhdr)                You might also make \topmargin smaller:
(fancyhdr)                \addtolength{\topmargin}{-2.49998pt}.

[136]

Package longtable Warning: Column widths have changed
(longtable)                in table 5.1 on input line 5352.


LaTeX Warning: Reference `fig-rfm-distributions' on page 137 undefined on input line 5355.

File: 2-retail-analytics/../notebooks-and-scripts/2-retail-analytics/2-customer-value-and-retention/python/1-customer-value-and-retention-rfm-figures/rfm-feature-distributions.png Graphic file (type bmp)
<2-retail-analytics/../notebooks-and-scripts/2-retail-analytics/2-customer-value-and-retention/python/1-customer-value-and-retention-rfm-figures/rfm-feature-distributions.png>

LaTeX Warning: Reference `tbl-cluster-selection' on page 137 undefined on input line 5376.


Package fancyhdr Warning: \headheight is too small (12.0pt): 
(fancyhdr)                Make it at least 14.49998pt, for example:
(fancyhdr)                \setlength{\headheight}{14.49998pt}.
(fancyhdr)                You might also make \topmargin smaller:
(fancyhdr)                \addtolength{\topmargin}{-2.49998pt}.

[137]

Package longtable Warning: Column widths have changed
(longtable)                in table 5.2 on input line 5403.


LaTeX Warning: Reference `fig-cluster-selection' on page 138 undefined on input line 5406.

File: 2-retail-analytics/../notebooks-and-scripts/2-retail-analytics/2-customer-value-and-retention/python/1-customer-value-and-retention-rfm-figures/cluster-selection-metrics.png Graphic file (type bmp)
<2-retail-analytics/../notebooks-and-scripts/2-retail-analytics/2-customer-value-and-retention/python/1-customer-value-and-retention-rfm-figures/cluster-selection-metrics.png>

LaTeX Warning: Reference `tbl-segment-summary' on page 138 undefined on input line 5426.


Package fancyhdr Warning: \headheight is too small (12.0pt): 
(fancyhdr)                Make it at least 14.49998pt, for example:
(fancyhdr)                \setlength{\headheight}{14.49998pt}.
(fancyhdr)                You might also make \topmargin smaller:
(fancyhdr)                \addtolength{\topmargin}{-2.49998pt}.

[138]
Overfull \hbox (12.86745pt too wide) in paragraph at lines 5441--5442
 []\TU/LinuxLibertineO(0)/m/n/12 Customers 
 []


Overfull \hbox (4.72852pt too wide) in paragraph at lines 5443--5444
 []\TU/LinuxLibertineO(0)/m/n/12 Recency 
 []


Overfull \hbox (3.19551pt too wide) in paragraph at lines 5445--5446
 []\TU/LinuxLibertineO(0)/m/n/12 Frequency 
 []


Overfull \hbox (8.00745pt too wide) in paragraph at lines 5447--5448
 []\TU/LinuxLibertineO(0)/m/n/12 Monetary 
 []


Overfull \hbox (12.86745pt too wide) in paragraph at lines 5457--5458
 []\TU/LinuxLibertineO(0)/m/n/12 Customers 
 []


Overfull \hbox (4.72852pt too wide) in paragraph at lines 5459--5460
 []\TU/LinuxLibertineO(0)/m/n/12 Recency 
 []


Overfull \hbox (3.19551pt too wide) in paragraph at lines 5461--5462
 []\TU/LinuxLibertineO(0)/m/n/12 Frequency 
 []


Overfull \hbox (8.00745pt too wide) in paragraph at lines 5463--5464
 []\TU/LinuxLibertineO(0)/m/n/12 Monetary 
 []


LaTeX Warning: Reference `fig-rfm-space' on page 139 undefined on input line 5482.

File: 2-retail-analytics/../notebooks-and-scripts/2-retail-analytics/2-customer-value-and-retention/python/1-customer-value-and-retention-rfm-figures/customer-segments-rfm-space.png Graphic file (type bmp)
<2-retail-analytics/../notebooks-and-scripts/2-retail-analytics/2-customer-value-and-retention/python/1-customer-value-and-retention-rfm-figures/customer-segments-rfm-space.png>

Package fancyhdr Warning: \headheight is too small (12.0pt): 
(fancyhdr)                Make it at least 14.49998pt, for example:
(fancyhdr)                \setlength{\headheight}{14.49998pt}.
(fancyhdr)                You might also make \topmargin smaller:
(fancyhdr)                \addtolength{\topmargin}{-2.49998pt}.

[139]

Package fancyhdr Warning: \headheight is too small (12.0pt): 
(fancyhdr)                Make it at least 14.49998pt, for example:
(fancyhdr)                \setlength{\headheight}{14.49998pt}.
(fancyhdr)                You might also make \topmargin smaller:
(fancyhdr)                \addtolength{\topmargin}{-2.49998pt}.

[140]

LaTeX Warning: Reference `tbl-churn-model-comparison' on page 141 undefined on input line 5513.


Overfull \hbox (2.03967pt too wide) in paragraph at lines 5536--5537
 []\TU/LinuxLibertineO(0)/m/n/12 Sampling 
 []


Overfull \hbox (2.03967pt too wide) in paragraph at lines 5558--5559
 []\TU/LinuxLibertineO(0)/m/n/12 Sampling 
 []


LaTeX Warning: Reference `tbl-best-churn-model' on page 141 undefined on input line 5591.


Overfull \hbox (8.19858pt too wide) in paragraph at lines 5615--5616
 []\TU/LinuxLibertineO(0)/m/n/12 Accuracy 
 []


Overfull \hbox (3.87242pt too wide) in paragraph at lines 5619--5620
 []\TU/LinuxLibertineO(0)/m/n/12 Precision 
 []


Overfull \hbox (0.54288pt too wide) in paragraph at lines 5621--5622
 []\TU/LinuxLibertineO(0)/m/n/12 Recall 
 []


Overfull \hbox (8.19858pt too wide) in paragraph at lines 5633--5634
 []\TU/LinuxLibertineO(0)/m/n/12 Accuracy 
 []


Overfull \hbox (3.87242pt too wide) in paragraph at lines 5637--5638
 []\TU/LinuxLibertineO(0)/m/n/12 Precision 
 []


Overfull \hbox (0.54288pt too wide) in paragraph at lines 5639--5640
 []\TU/LinuxLibertineO(0)/m/n/12 Recall 
 []


Overfull \hbox (1.63489pt too wide) in paragraph at lines 5647--5647
 []|\TU/LinuxLibertineO(0)/m/n/12 1.0000| 
 []


Overfull \hbox (1.63489pt too wide) in paragraph at lines 5647--5648
 []|\TU/LinuxLibertineO(0)/m/n/12 0.8889| 
 []


Package fancyhdr Warning: \headheight is too small (12.0pt): 
(fancyhdr)                Make it at least 14.49998pt, for example:
(fancyhdr)                \setlength{\headheight}{14.49998pt}.
(fancyhdr)                You might also make \topmargin smaller:
(fancyhdr)                \addtolength{\topmargin}{-2.49998pt}.

[141]

LaTeX Warning: Reference `tbl-classification-report' on page 142 undefined on input line 5650.


Package longtable Warning: Column widths have changed
(longtable)                in table 5.6 on input line 5674.


LaTeX Warning: Reference `fig-roc' on page 142 undefined on input line 5677.


LaTeX Warning: Reference `fig-pr-curve' on page 142 undefined on input line 5680.

File: 2-retail-analytics/../notebooks-and-scripts/2-retail-analytics/2-customer-value-and-retention/python/2-customer-value-and-retention-churn-figures/roc-curve.png Graphic file (type bmp)
<2-retail-analytics/../notebooks-and-scripts/2-retail-analytics/2-customer-value-and-retention/python/2-customer-value-and-retention-churn-figures/roc-curve.png>
File: 2-retail-analytics/../notebooks-and-scripts/2-retail-analytics/2-customer-value-and-retention/python/2-customer-value-and-retention-churn-figures/precision-recall-curve.png Graphic file (type bmp)
<2-retail-analytics/../notebooks-and-scripts/2-retail-analytics/2-customer-value-and-retention/python/2-customer-value-and-retention-churn-figures/precision-recall-curve.png>

LaTeX Warning: Reference `fig-confusion-matrix' on page 142 undefined on input line 5711.

File: 2-retail-analytics/../notebooks-and-scripts/2-retail-analytics/2-customer-value-and-retention/python/2-customer-value-and-retention-churn-figures/confusion-matrix.png Graphic file (type bmp)
<2-retail-analytics/../notebooks-and-scripts/2-retail-analytics/2-customer-value-and-retention/python/2-customer-value-and-retention-churn-figures/confusion-matrix.png>

LaTeX Warning: Reference `fig-cumulative-gains' on page 142 undefined on input line 5736.


Package fancyhdr Warning: \headheight is too small (12.0pt): 
(fancyhdr)                Make it at least 14.49998pt, for example:
(fancyhdr)                \setlength{\headheight}{14.49998pt}.
(fancyhdr)                You might also make \topmargin smaller:
(fancyhdr)                \addtolength{\topmargin}{-2.49998pt}.

[142]

Package fancyhdr Warning: \headheight is too small (12.0pt): 
(fancyhdr)                Make it at least 14.49998pt, for example:
(fancyhdr)                \setlength{\headheight}{14.49998pt}.
(fancyhdr)                You might also make \topmargin smaller:
(fancyhdr)                \addtolength{\topmargin}{-2.49998pt}.

[143]

Package fancyhdr Warning: \headheight is too small (12.0pt): 
(fancyhdr)                Make it at least 14.49998pt, for example:
(fancyhdr)                \setlength{\headheight}{14.49998pt}.
(fancyhdr)                You might also make \topmargin smaller:
(fancyhdr)                \addtolength{\topmargin}{-2.49998pt}.

[144]

Package fancyhdr Warning: \headheight is too small (12.0pt): 
(fancyhdr)                Make it at least 14.49998pt, for example:
(fancyhdr)                \setlength{\headheight}{14.49998pt}.
(fancyhdr)                You might also make \topmargin smaller:
(fancyhdr)                \addtolength{\topmargin}{-2.49998pt}.

[145]
File: 2-retail-analytics/../notebooks-and-scripts/2-retail-analytics/2-customer-value-and-retention/python/2-customer-value-and-retention-churn-figures/cumulative-gains-curve.png Graphic file (type bmp)
<2-retail-analytics/../notebooks-and-scripts/2-retail-analytics/2-customer-value-and-retention/python/2-customer-value-and-retention-churn-figures/cumulative-gains-curve.png>

LaTeX Warning: Reference `fig-feature-importance' on page 146 undefined on input line 5756.

File: 2-retail-analytics/../notebooks-and-scripts/2-retail-analytics/2-customer-value-and-retention/python/2-customer-value-and-retention-churn-figures/top-feature-importances.png Graphic file (type bmp)
<2-retail-analytics/../notebooks-and-scripts/2-retail-analytics/2-customer-value-and-retention/python/2-customer-value-and-retention-churn-figures/top-feature-importances.png>

Package fancyhdr Warning: \headheight is too small (12.0pt): 
(fancyhdr)                Make it at least 14.49998pt, for example:
(fancyhdr)                \setlength{\headheight}{14.49998pt}.
(fancyhdr)                You might also make \topmargin smaller:
(fancyhdr)                \addtolength{\topmargin}{-2.49998pt}.

[146]

Package fancyhdr Warning: \headheight is too small (12.0pt): 
(fancyhdr)                Make it at least 14.49998pt, for example:
(fancyhdr)                \setlength{\headheight}{14.49998pt}.
(fancyhdr)                You might also make \topmargin smaller:
(fancyhdr)                \addtolength{\topmargin}{-2.49998pt}.

[147]

LaTeX Warning: Reference `tbl-clv-model-comparison' on page 148 undefined on input line 5801.


LaTeX Warning: Reference `tbl-final-clv-model' on page 148 undefined on input line 5851.


Package fancyhdr Warning: \headheight is too small (12.0pt): 
(fancyhdr)                Make it at least 14.49998pt, for example:
(fancyhdr)                \setlength{\headheight}{14.49998pt}.
(fancyhdr)                You might also make \topmargin smaller:
(fancyhdr)                \addtolength{\topmargin}{-2.49998pt}.

[148]

Package longtable Warning: Column widths have changed
(longtable)                in table 5.8 on input line 5871.


LaTeX Warning: Reference `fig-predicted-vs-actual' on page 149 undefined on input line 5874.


LaTeX Warning: Reference `fig-residuals' on page 149 undefined on input line 5878.

File: 2-retail-analytics/../notebooks-and-scripts/2-retail-analytics/2-customer-value-and-retention/python/3-customer-value-and-retention-clv-figures/predicted-vs-actual-clv.png Graphic file (type bmp)
<2-retail-analytics/../notebooks-and-scripts/2-retail-analytics/2-customer-value-and-retention/python/3-customer-value-and-retention-clv-figures/predicted-vs-actual-clv.png>
File: 2-retail-analytics/../notebooks-and-scripts/2-retail-analytics/2-customer-value-and-retention/python/3-customer-value-and-retention-clv-figures/residual-plot.png Graphic file (type bmp)
<2-retail-analytics/../notebooks-and-scripts/2-retail-analytics/2-customer-value-and-retention/python/3-customer-value-and-retention-clv-figures/residual-plot.png>

LaTeX Warning: Reference `fig-clv-feature-importance' on page 149 undefined on input line 5911.

File: 2-retail-analytics/../notebooks-and-scripts/2-retail-analytics/2-customer-value-and-retention/python/3-customer-value-and-retention-clv-figures/feature-importance.png Graphic file (type bmp)
<2-retail-analytics/../notebooks-and-scripts/2-retail-analytics/2-customer-value-and-retention/python/3-customer-value-and-retention-clv-figures/feature-importance.png>

LaTeX Warning: Reference `tbl-clv-segment-summary' on page 149 undefined on input line 5933.


Overfull \hbox (5.16264pt too wide) in paragraph at lines 5955--5956
 []\TU/LinuxLibertineO(0)/m/n/12 Customers
 []


Overfull \hbox (5.16264pt too wide) in paragraph at lines 5967--5968
 []\TU/LinuxLibertineO(0)/m/n/12 Customers
 []


Package fancyhdr Warning: \headheight is too small (12.0pt): 
(fancyhdr)                Make it at least 14.49998pt, for example:
(fancyhdr)                \setlength{\headheight}{14.49998pt}.
(fancyhdr)                You might also make \topmargin smaller:
(fancyhdr)                \addtolength{\topmargin}{-2.49998pt}.

[149]

Package fancyhdr Warning: \headheight is too small (12.0pt): 
(fancyhdr)                Make it at least 14.49998pt, for example:
(fancyhdr)                \setlength{\headheight}{14.49998pt}.
(fancyhdr)                You might also make \topmargin smaller:
(fancyhdr)                \addtolength{\topmargin}{-2.49998pt}.

[150]

Package fancyhdr Warning: \headheight is too small (12.0pt): 
(fancyhdr)                Make it at least 14.49998pt, for example:
(fancyhdr)                \setlength{\headheight}{14.49998pt}.
(fancyhdr)                You might also make \topmargin smaller:
(fancyhdr)                \addtolength{\topmargin}{-2.49998pt}.

[151]

Package fancyhdr Warning: \headheight is too small (12.0pt): 
(fancyhdr)                Make it at least 14.49998pt, for example:
(fancyhdr)                \setlength{\headheight}{14.49998pt}.
(fancyhdr)                You might also make \topmargin smaller:
(fancyhdr)                \addtolength{\topmargin}{-2.49998pt}.

[152]

LaTeX Warning: Reference `fig-clv-by-segment' on page 153 undefined on input line 5988.


LaTeX Warning: Reference `fig-total-clv-by-segment' on page 153 undefined on input line 5989.

File: 2-retail-analytics/../notebooks-and-scripts/2-retail-analytics/2-customer-value-and-retention/python/3-customer-value-and-retention-clv-figures/predicted-clv-by-segment.png Graphic file (type bmp)
<2-retail-analytics/../notebooks-and-scripts/2-retail-analytics/2-customer-value-and-retention/python/3-customer-value-and-retention-clv-figures/predicted-clv-by-segment.png>
File: 2-retail-analytics/../notebooks-and-scripts/2-retail-analytics/2-customer-value-and-retention/python/3-customer-value-and-retention-clv-figures/total-predicted-clv-by-segment.png Graphic file (type bmp)
<2-retail-analytics/../notebooks-and-scripts/2-retail-analytics/2-customer-value-and-retention/python/3-customer-value-and-retention-clv-figures/total-predicted-clv-by-segment.png>

Underfull \hbox (badness 2027) in paragraph at lines 6022--6033
\TU/LinuxLibertineO(0)/m/n/12 historical profitability, behavioural segmentation, predicted retention, and
 []


Underfull \hbox (badness 1033) in paragraph at lines 6022--6033
\TU/LinuxLibertineO(0)/m/n/12 be understood as learning to approximate this internally consistent valua-
 []


Underfull \hbox (badness 1194) in paragraph at lines 6022--6033
\TU/LinuxLibertineO(0)/m/n/12 tion framework rather than predicting an objectively measurable quantity.
 []


Underfull \vbox (badness 10000) has occurred while \output is active []


Package fancyhdr Warning: \headheight is too small (12.0pt): 
(fancyhdr)                Make it at least 14.49998pt, for example:
(fancyhdr)                \setlength{\headheight}{14.49998pt}.
(fancyhdr)                You might also make \topmargin smaller:
(fancyhdr)                \addtolength{\topmargin}{-2.49998pt}.

[153]

Package fancyhdr Warning: \headheight is too small (12.0pt): 
(fancyhdr)                Make it at least 14.49998pt, for example:
(fancyhdr)                \setlength{\headheight}{14.49998pt}.
(fancyhdr)                You might also make \topmargin smaller:
(fancyhdr)                \addtolength{\topmargin}{-2.49998pt}.

[154]

Package fancyhdr Warning: \headheight is too small (12.0pt): 
(fancyhdr)                Make it at least 14.49998pt, for example:
(fancyhdr)                \setlength{\headheight}{14.49998pt}.
(fancyhdr)                You might also make \topmargin smaller:
(fancyhdr)                \addtolength{\topmargin}{-2.49998pt}.

[155]

Package fancyhdr Warning: \headheight is too small (12.0pt): 
(fancyhdr)                Make it at least 14.49998pt, for example:
(fancyhdr)                \setlength{\headheight}{14.49998pt}.
(fancyhdr)                You might also make \topmargin smaller:
(fancyhdr)                \addtolength{\topmargin}{-2.49998pt}.

[156]

Package fancyhdr Warning: \headheight is too small (12.0pt): 
(fancyhdr)                Make it at least 14.49998pt, for example:
(fancyhdr)                \setlength{\headheight}{14.49998pt}.
(fancyhdr)                You might also make \topmargin smaller:
(fancyhdr)                \addtolength{\topmargin}{-2.49998pt}.

[157]

Package fancyhdr Warning: \headheight is too small (12.0pt): 
(fancyhdr)                Make it at least 14.49998pt, for example:
(fancyhdr)                \setlength{\headheight}{14.49998pt}.
(fancyhdr)                You might also make \topmargin smaller:
(fancyhdr)                \addtolength{\topmargin}{-2.49998pt}.

[158]

Package fancyhdr Warning: \headheight is too small (12.0pt): 
(fancyhdr)                Make it at least 14.49998pt, for example:
(fancyhdr)                \setlength{\headheight}{14.49998pt}.
(fancyhdr)                You might also make \topmargin smaller:
(fancyhdr)                \addtolength{\topmargin}{-2.49998pt}.

[159]

Package fancyhdr Warning: \headheight is too small (12.0pt): 
(fancyhdr)                Make it at least 14.49998pt, for example:
(fancyhdr)                \setlength{\headheight}{14.49998pt}.
(fancyhdr)                You might also make \topmargin smaller:
(fancyhdr)                \addtolength{\topmargin}{-2.49998pt}.

[160]

Package fancyhdr Warning: \headheight is too small (12.0pt): 
(fancyhdr)                Make it at least 14.49998pt, for example:
(fancyhdr)                \setlength{\headheight}{14.49998pt}.
(fancyhdr)                You might also make \topmargin smaller:
(fancyhdr)                \addtolength{\topmargin}{-2.49998pt}.

[161]

LaTeX Warning: Reference `eq-risk-adjusted-clv' on page 162 undefined on input line 6371.


Package fancyhdr Warning: \headheight is too small (12.0pt): 
(fancyhdr)                Make it at least 14.49998pt, for example:
(fancyhdr)                \setlength{\headheight}{14.49998pt}.
(fancyhdr)                You might also make \topmargin smaller:
(fancyhdr)                \addtolength{\topmargin}{-2.49998pt}.

[162]
Chapter 6.
[163

]

Package fancyhdr Warning: \headheight is too small (12.0pt): 
(fancyhdr)                Make it at least 14.49998pt, for example:
(fancyhdr)                \setlength{\headheight}{14.49998pt}.
(fancyhdr)                You might also make \topmargin smaller:
(fancyhdr)                \addtolength{\topmargin}{-2.49998pt}.

[164] [165

] [166] [167

]

Package fancyhdr Warning: \headheight is too small (12.0pt): 
(fancyhdr)                Make it at least 14.49998pt, for example:
(fancyhdr)                \setlength{\headheight}{14.49998pt}.
(fancyhdr)                You might also make \topmargin smaller:
(fancyhdr)                \addtolength{\topmargin}{-2.49998pt}.

[168

]
Chapter 7.
[169]

Package fancyhdr Warning: \headheight is too small (12.0pt): 
(fancyhdr)                Make it at least 14.49998pt, for example:
(fancyhdr)                \setlength{\headheight}{14.49998pt}.
(fancyhdr)                You might also make \topmargin smaller:
(fancyhdr)                \addtolength{\topmargin}{-2.49998pt}.

[170]
Chapter 8.
[171

]

Package fancyhdr Warning: \headheight is too small (12.0pt): 
(fancyhdr)                Make it at least 14.49998pt, for example:
(fancyhdr)                \setlength{\headheight}{14.49998pt}.
(fancyhdr)                You might also make \topmargin smaller:
(fancyhdr)                \addtolength{\topmargin}{-2.49998pt}.

[172] [173

] [174] [175

]

Package fancyhdr Warning: \headheight is too small (12.0pt): 
(fancyhdr)                Make it at least 14.49998pt, for example:
(fancyhdr)                \setlength{\headheight}{14.49998pt}.
(fancyhdr)                You might also make \topmargin smaller:
(fancyhdr)                \addtolength{\topmargin}{-2.49998pt}.

[176

]
Chapter 9.
[177]

Package fancyhdr Warning: \headheight is too small (12.0pt): 
(fancyhdr)                Make it at least 14.49998pt, for example:
(fancyhdr)                \setlength{\headheight}{14.49998pt}.
(fancyhdr)                You might also make \topmargin smaller:
(fancyhdr)                \addtolength{\topmargin}{-2.49998pt}.

[178]
Chapter 10.
[179

]

Package fancyhdr Warning: \headheight is too small (12.0pt): 
(fancyhdr)                Make it at least 14.49998pt, for example:
(fancyhdr)                \setlength{\headheight}{14.49998pt}.
(fancyhdr)                You might also make \topmargin smaller:
(fancyhdr)                \addtolength{\topmargin}{-2.49998pt}.

[180] [181

] [182] [183

]

Package fancyhdr Warning: \headheight is too small (12.0pt): 
(fancyhdr)                Make it at least 14.49998pt, for example:
(fancyhdr)                \setlength{\headheight}{14.49998pt}.
(fancyhdr)                You might also make \topmargin smaller:
(fancyhdr)                \addtolength{\topmargin}{-2.49998pt}.

[184

]
Chapter 11.

Underfull \hbox (badness 2261) in paragraph at lines 6567--6572
\TU/LinuxLibertineO(0)/m/n/12 problem arises in watershed management, erosion assessment, and river
 []

[185]

LaTeX Warning: Reference `fig-sediment-source-apportionment-workflow' on page 186 undefined on input line 6601.

File: 5-climate-and-environmental-systems/figures/sediment-source-apportionment-workflow.png Graphic file (type bmp)
<5-climate-and-environmental-systems/figures/sediment-source-apportionment-workflow.png>

Package fancyhdr Warning: \headheight is too small (12.0pt): 
(fancyhdr)                Make it at least 14.49998pt, for example:
(fancyhdr)                \setlength{\headheight}{14.49998pt}.
(fancyhdr)                You might also make \topmargin smaller:
(fancyhdr)                \addtolength{\topmargin}{-2.49998pt}.

[186]

LaTeX Warning: Citation `ref-batista2022evaluate' on page 187 undefined on input line 6636.


LaTeX Warning: Citation `ref-batista2022evaluate' on page 187 undefined on input line 6672.


Package fancyhdr Warning: \headheight is too small (12.0pt): 
(fancyhdr)                Make it at least 14.49998pt, for example:
(fancyhdr)                \setlength{\headheight}{14.49998pt}.
(fancyhdr)                You might also make \topmargin smaller:
(fancyhdr)                \addtolength{\topmargin}{-2.49998pt}.

[187]

LaTeX Warning: Citation `ref-mccaffrey2011geochemical' on page 188 undefined on input line 6681.


LaTeX Warning: Citation `ref-sandoval2022original' on page 188 undefined on input line 6686.


Package fancyhdr Warning: \headheight is too small (12.0pt): 
(fancyhdr)                Make it at least 14.49998pt, for example:
(fancyhdr)                \setlength{\headheight}{14.49998pt}.
(fancyhdr)                You might also make \topmargin smaller:
(fancyhdr)                \addtolength{\topmargin}{-2.49998pt}.

[188]

LaTeX Warning: Citation `ref-batista2022evaluate' on page 189 undefined on input line 6736.


LaTeX Warning: Reference `fig-bmm-source-sample-counts' on page 189 undefined on input line 6755.

File: 5-climate-and-environmental-systems/../notebooks-and-scripts/5-climate-and-environmental-systems/1-sediment-source-modeling/python/1-sediment-source-modeling-batista-figures/figures/source_sample_counts.png Graphic file (type bmp)
<5-climate-and-environmental-systems/../notebooks-and-scripts/5-climate-and-environmental-systems/1-sediment-source-modeling/python/1-sediment-source-modeling-batista-figures/figures/source_sample_counts.png>

LaTeX Warning: Reference `tbl-bmm-selected-tracers' on page 189 undefined on input line 6776.


Package fancyhdr Warning: \headheight is too small (12.0pt): 
(fancyhdr)                Make it at least 14.49998pt, for example:
(fancyhdr)                \setlength{\headheight}{14.49998pt}.
(fancyhdr)                You might also make \topmargin smaller:
(fancyhdr)                \addtolength{\topmargin}{-2.49998pt}.

[189]

Package longtable Warning: Column widths have changed
(longtable)                in table 11.1 on input line 6802.


LaTeX Warning: Reference `fig-bmm-lda-selected-tracers' on page 190 undefined on input line 6805.


Package fancyhdr Warning: \headheight is too small (12.0pt): 
(fancyhdr)                Make it at least 14.49998pt, for example:
(fancyhdr)                \setlength{\headheight}{14.49998pt}.
(fancyhdr)                You might also make \topmargin smaller:
(fancyhdr)                \addtolength{\topmargin}{-2.49998pt}.

[190]
File: 5-climate-and-environmental-systems/../notebooks-and-scripts/5-climate-and-environmental-systems/1-sediment-source-modeling/python/1-sediment-source-modeling-batista-figures/figures/lda_selected_tracers.png Graphic file (type bmp)
<5-climate-and-environmental-systems/../notebooks-and-scripts/5-climate-and-environmental-systems/1-sediment-source-modeling/python/1-sediment-source-modeling-batista-figures/figures/lda_selected_tracers.png>

LaTeX Warning: Reference `fig-bmm-laboratory-intervals' on page 191 undefined on input line 6832.

File: 5-climate-and-environmental-systems/../notebooks-and-scripts/5-climate-and-environmental-systems/1-sediment-source-modeling/python/1-sediment-source-modeling-batista-figures/figures/intervals_bmm_laboratory.png Graphic file (type bmp)
<5-climate-and-environmental-systems/../notebooks-and-scripts/5-climate-and-environmental-systems/1-sediment-source-modeling/python/1-sediment-source-modeling-batista-figures/figures/intervals_bmm_laboratory.png>

Package fancyhdr Warning: \headheight is too small (12.0pt): 
(fancyhdr)                Make it at least 14.49998pt, for example:
(fancyhdr)                \setlength{\headheight}{14.49998pt}.
(fancyhdr)                You might also make \topmargin smaller:
(fancyhdr)                \addtolength{\topmargin}{-2.49998pt}.

[191]

Package fancyhdr Warning: \headheight is too small (12.0pt): 
(fancyhdr)                Make it at least 14.49998pt, for example:
(fancyhdr)                \setlength{\headheight}{14.49998pt}.
(fancyhdr)                You might also make \topmargin smaller:
(fancyhdr)                \addtolength{\topmargin}{-2.49998pt}.

[192]

LaTeX Warning: Reference `tbl-bmm-performance' on page 193 undefined on input line 6859.


Overfull \hbox (1.58476pt too wide) in paragraph at lines 6892--6893
 []\TU/LinuxLibertineO(0)/b/n/12 MAE50 
 []


Overfull \hbox (1.58476pt too wide) in paragraph at lines 6894--6895
 []\TU/LinuxLibertineO(0)/b/n/12 MAE95 
 []


Overfull \hbox (1.58476pt too wide) in paragraph at lines 6914--6915
 []\TU/LinuxLibertineO(0)/b/n/12 MAE50 
 []


Overfull \hbox (1.58476pt too wide) in paragraph at lines 6916--6917
 []\TU/LinuxLibertineO(0)/b/n/12 MAE95 
 []


Overfull \hbox (12.50383pt too wide) in paragraph at lines 6926--6926
 []|\TU/LinuxLibertineO(0)/m/n/12 Laboratory| 
 []


Overfull \hbox (4.28383pt too wide) in paragraph at lines 6928--6928
 []|\TU/LinuxLibertineO(0)/m/n/12 Synthetic| 
 []


Overfull \hbox (1.46121pt too wide) in paragraph at lines 6928--6928
 []|\TU/LinuxLibertineO(0)/m/n/12 0.0001| 
 []


Overfull \hbox (1.46121pt too wide) in paragraph at lines 6928--6928
 []|\TU/LinuxLibertineO(0)/m/n/12 0.0013| 
 []


Overfull \hbox (3.81122pt too wide) in paragraph at lines 6928--6929
 []|\TU/LinuxLibertineO(0)/m/n/12 0.00003| 
 []


LaTeX Warning: Reference `tbl-bmm-source-metrics' on page 193 undefined on input line 6932.


Overfull \hbox (20.7336pt too wide) in paragraph at lines 6980--6980
 []|\TU/LinuxLibertineO(0)/m/n/12 Decontaminated| 
 []


LaTeX Warning: Citation `ref-mccaffrey2011geochemical' on page 193 undefined on input line 6990.


Package fancyhdr Warning: \headheight is too small (12.0pt): 
(fancyhdr)                Make it at least 14.49998pt, for example:
(fancyhdr)                \setlength{\headheight}{14.49998pt}.
(fancyhdr)                You might also make \topmargin smaller:
(fancyhdr)                \addtolength{\topmargin}{-2.49998pt}.

[193]

LaTeX Warning: Reference `tbl-mccaffrey-scaling-factors' on page 194 undefined on input line 7025.

ignored error: Infinite glue shrinkage found in box being split

Package fancyhdr Warning: \headheight is too small (12.0pt): 
(fancyhdr)                Make it at least 14.49998pt, for example:
(fancyhdr)                \setlength{\headheight}{14.49998pt}.
(fancyhdr)                You might also make \topmargin smaller:
(fancyhdr)                \addtolength{\topmargin}{-2.49998pt}.

[194]

LaTeX Warning: Reference `fig-mccaffrey-representative-signatures' on page 195 undefined on input line 7054.


LaTeX Warning: File `5-climate-and-environmental-systems/../notebooks-and-scripts/5-climate-and-environmental-systems/1-sediment-source-modeling/python/2-sediment-source-modeling-mccaffrey-figures/figures/mccaffrey_known_vs_estimated_representative_compositions.png' not found on input line 7063.

! Unable to load picture or PDF file '5-climate-and-environmental-systems/../notebooks-and-scripts/5-climate-and-environmental-systems/1-sediment-source-modeling/python/2-sediment-source-modeling-mccaffrey-figures/figures/mccaffrey_known_vs_estimated_representative_compositions.png'.
<to be read again> 
                   }
l.7063 ...imated_representative_compositions.png}}
                                                  
The requested image couldn't be read because
it was not a recognized image format.

 
Here is how much of TeX's memory you used:
 22840 strings out of 470128
 509689 string characters out of 5474314
 990185 words of memory out of 5000000
 51083 multiletter control sequences out of 15000+600000
 636584 words of font info for 122 fonts, out of 8000000 for 9000
 36 hyphenation exceptions out of 8191
 90i,12n,116p,1002b,515s stack positions out of 10000i,1000n,20000p,200000b,200000s
Output written on index.pdf (198 pages).
