customer_id,recency,frequency,monetary,average_latency,cluster,segment,rfm_normalized_score,rfm_churn_rule,returned_in_validation,churn,churn_probability,churn_prediction
29906,458,4,87491.355,91.0,3,Inactive Low-Value Customers,0.7750802443153152,1,0,1,0.9996677179825842,1
29813,458,4,48761.856,91.0,3,Inactive Low-Value Customers,0.7660983308536475,1,0,1,0.999661356659429,1
29749,458,4,137715.8538,91.0,3,Inactive Low-Value Customers,0.7815676857388495,1,0,1,0.9996519451119218,1
29510,458,4,125357.039456,91.0,3,Inactive Low-Value Customers,0.7802562309938944,1,0,1,0.9996519451119218,1
29773,458,4,85177.0812,91.0,3,Inactive Low-Value Customers,0.7746840225837255,1,0,1,0.9996519451119218,1
29582,458,4,153310.57869999998,91.0,3,Inactive Low-Value Customers,0.7830432610559376,1,0,1,0.9996519451119218,1
29774,458,4,175502.1574,91.0,3,Inactive Low-Value Customers,0.7848719293433869,1,0,1,0.9996519451119218,1
29742,458,4,138840.8436,91.0,3,Inactive Low-Value Customers,0.7816803624966321,1,0,1,0.9996519451119218,1
29748,427,4,131600.9354,91.0,3,Inactive Low-Value Customers,0.7871905390311397,1,0,1,0.9996263056024621,1
29921,427,4,193258.6708,91.0,3,Inactive Low-Value Customers,0.7924091779164659,1,0,1,0.9996105327317997,1
29967,427,4,146233.559836,91.0,3,Inactive Low-Value Customers,0.7886500785349467,1,0,1,0.9996105327317997,1
29632,427,4,44945.4675,91.0,3,Inactive Low-Value Customers,0.7710418095170324,1,0,1,0.9996095708353235,1
29759,488,4,32646.322600000003,91.33333333333333,3,Inactive Low-Value Customers,0.7536541168863432,1,0,1,0.9996066042142114,1
29710,427,4,243014.5498,91.0,3,Inactive Low-Value Customers,0.7953913246053036,1,0,1,0.9995511176325373,1
29525,427,4,261522.3269,91.0,3,Inactive Low-Value Customers,0.7963269939692592,1,0,1,0.9995490573219636,1
29686,427,4,28783.5448,91.0,3,Inactive Low-Value Customers,0.7636078657782908,1,0,1,0.9995474590340813,1
29791,458,4,55710.7042,91.0,3,Inactive Low-Value Customers,0.7682094622089846,1,0,1,0.9995142978358996,1
30090,427,4,83457.1089,91.0,3,Inactive Low-Value Customers,0.7806357397744327,1,0,1,0.9994319613032283,1
29708,427,4,61616.5168,91.0,3,Inactive Low-Value Customers,0.7760347434552642,1,0,1,0.9994255999800731,1
30044,93,4,141834.270208,91.0,3,Inactive Low-Value Customers,0.8829109477797983,1,0,1,0.9993771337805177,1
29673,427,4,22340.7593,91.0,3,Inactive Low-Value Customers,0.7591725669572706,1,0,1,0.9993688876055099,1
30100,458,4,88310.81790000001,91.0,3,Inactive Low-Value Customers,0.775217691404802,1,0,1,0.9993394451119219,1
30056,458,4,140874.514,91.0,3,Inactive Low-Value Customers,0.7818814382821206,1,0,1,0.9989653370302033,1
29566,488,4,26558.922,91.33333333333333,3,Inactive Low-Value Customers,0.7501157185793311,1,0,1,0.998912159769767,1
30045,93,4,147784.214508,91.0,3,Inactive Low-Value Customers,0.8834764853297812,1,0,1,0.9988584043887365,1
30108,93,4,144602.5816,91.0,3,Inactive Low-Value Customers,0.8831773667787568,1,0,1,0.9986847361356475,1
29794,458,4,71252.8201,91.0,3,Inactive Low-Value Customers,0.7720080712093165,1,0,1,0.9984221561613644,1
30088,427,4,72698.161125,91.0,3,Inactive Low-Value Customers,0.7785666384617187,1,0,1,0.9980257113032284,1
30111,458,4,276526.40304999996,91.0,3,Inactive Low-Value Customers,0.7907776276216221,1,0,1,0.997963102055206,1
29699,93,4,112263.726792,91.0,3,Inactive Low-Value Customers,0.8796314889996532,1,0,1,0.9978964790186129,1
29613,123,4,28198.346690000002,91.33333333333333,3,Inactive Low-Value Customers,0.8453584107167879,1,0,1,0.9975768045373673,1
29504,427,4,158899.148775,91.0,3,Inactive Low-Value Customers,0.7897851220525431,1,0,1,0.9966320497185971,1
29937,123,4,138416.147787,91.33333333333333,3,Inactive Low-Value Customers,0.8699964920918087,1,0,1,0.9955463151548345,1
29513,93,4,194423.137,91.0,3,Inactive Low-Value Customers,0.8871701357602566,1,0,1,0.9941953454682735,1
29898,488,4,148837.6949,91.33333333333333,3,Inactive Low-Value Customers,0.7767914237531645,1,0,1,0.9940249247613686,1
29655,427,4,51648.4807,91.0,3,Inactive Low-Value Customers,0.7732686751802499,1,0,1,0.9939809913502231,1
29664,458,4,42676.974,91.0,3,Inactive Low-Value Customers,0.7639469641260616,1,0,1,0.9933361434952578,1
29596,488,4,36649.9908,91.33333333333333,3,Inactive Low-Value Customers,0.7555939670277444,1,0,1,0.993113034262921,1
29807,458,4,69150.3094,91.0,3,Inactive Low-Value Customers,0.7715525528418262,1,0,1,0.9921454674325666,1
29769,427,4,81372.22592499999,91.0,3,Inactive Low-Value Customers,0.78025941268426,1,0,1,0.9917019706899507,1
29973,123,7,30353.213900000002,91.16666666666667,3,Inactive Low-Value Customers,0.8466221298150189,1,0,1,0.9903306061249172,1
29549,123,8,212208.836529,91.28571428571429,3,Inactive Low-Value Customers,0.8757425650615946,1,0,1,0.9901485432975388,1
29491,488,4,87270.1486,91.33333333333333,3,Inactive Low-Value Customers,0.7691961581570002,1,0,1,0.9901251210091098,1
29876,93,4,19151.57,91.0,3,Inactive Low-Value Customers,0.8510812681635495,1,0,1,0.9888045748096513,1
29953,93,4,130949.094531,91.0,3,Inactive Low-Value Customers,0.8818028226879415,1,0,1,0.9876596313407768,1
29636,123,4,19957.4547,91.33333333333333,3,Inactive Low-Value Customers,0.8392518536549005,1,0,1,0.985928753654337,1
29912,488,4,81838.6037,91.33333333333333,3,Inactive Low-Value Customers,0.7682435974197476,1,0,1,0.9847227955910891,1
29787,274,6,148659.2722,91.4,3,Inactive Low-Value Customers,0.8239223753077097,1,0,1,0.9844685471247101,1
29667,93,4,47318.06785,91.0,3,Inactive Low-Value Customers,0.8665524149399028,1,0,1,0.9838115286626811,1
29718,123,8,90764.2081,91.28571428571429,3,Inactive Low-Value Customers,0.8639792171415507,1,0,1,0.9804663558554697,1
29969,244,6,24970.540100000002,91.2,3,Inactive Low-Value Customers,0.804175909754784,1,0,1,0.9730417136994853,1
29836,93,4,258976.680967,91.0,3,Inactive Low-Value Customers,0.890884394772739,1,0,1,0.9719648641669711,1
30052,488,4,19413.9889,91.33333333333333,3,Inactive Low-Value Customers,0.7445461524287279,1,0,1,0.9710094654965357,1
29925,182,7,162313.2916,91.5,3,Inactive Low-Value Customers,0.8514228891476354,1,0,1,0.9700509685502904,1
29755,427,4,24236.316124999998,91.0,3,Inactive Low-Value Customers,0.7606150110096758,1,0,1,0.9562792049330152,1
29883,335,5,87201.3143,91.25,3,Inactive Low-Value Customers,0.8013783639903571,1,0,1,0.9517257643673399,1
29740,335,5,62630.935900000004,91.25,3,Inactive Low-Value Customers,0.7963802174638427,1,1,0,0.9441018869762411,1
29974,488,4,77426.59879999999,91.33333333333333,3,Inactive Low-Value Customers,0.7674152758866182,1,1,0,0.9420786513547098,1
29889,123,8,286972.08651,91.28571428571429,3,Inactive Low-Value Customers,0.879601653151401,1,0,1,0.9272282947633106,1
29487,154,7,62111.371325,91.0,3,Inactive Low-Value Customers,0.8468399259358248,1,1,0,0.9114516122760616,1
29624,458,4,431991.549968,91.0,3,Inactive Low-Value Customers,0.7962228843640095,1,0,1,0.9095909784036529,1
29861,458,4,408483.44656,91.0,3,Inactive Low-Value Customers,0.795558131513333,1,0,1,0.9095909784036529,1
29866,366,5,40257.183300000004,91.25,3,Inactive Low-Value Customers,0.7822816055061256,1,1,0,0.9091975932997763,1
29610,123,7,16320.4211,106.5,3,Inactive Low-Value Customers,0.835561211194589,1,0,1,0.8898575827332182,1
29659,154,6,43554.2544,109.2,3,Inactive Low-Value Customers,0.8412135569337983,1,1,0,0.8727892314076777,1
29594,123,4,357708.774698,91.33333333333333,3,Inactive Low-Value Customers,0.8823190996663881,1,0,1,0.8618618851958084,1
30004,182,5,108990.7678,137.25,3,Inactive Low-Value Customers,0.8458767034475368,1,1,0,0.8574430773486462,1
29622,154,6,105183.86915,109.2,3,Inactive Low-Value Customers,0.8546986367246798,1,1,0,0.8357971813081728,1
29642,154,5,120464.958525,136.5,3,Inactive Low-Value Customers,0.8566314647270827,1,1,0,0.8256096088411918,1
30013,427,3,15007.2845,91.0,3,Inactive Low-Value Customers,0.751887598136698,1,0,1,0.6927932629967155,1
29681,427,4,12466.0865,91.0,3,Inactive Low-Value Customers,0.7483515768660787,1,1,0,0.6040427631375911,1
29555,366,4,13333.534800000001,91.0,3,Inactive Low-Value Customers,0.7626793084116704,1,1,0,0.5695900542366306,1
29946,93,8,153402.3663,91.14285714285714,3,Inactive Low-Value Customers,0.8839871921966481,1,0,1,0.5282644768277739,1
29988,93,8,21827.420700000002,91.14285714285714,3,Inactive Low-Value Customers,0.853439406763879,1,0,1,0.5159553835284677,1
29518,427,4,12306.5667,91.0,3,Inactive Low-Value Customers,0.748102734092029,1,1,0,0.5132237872525917,1
29961,93,8,70488.3601,91.14285714285714,3,Inactive Low-Value Customers,0.8727799980432949,1,1,0,0.5110565434655647,1
29680,93,8,61809.1325,91.14285714285714,3,Inactive Low-Value Customers,0.8707646109653844,1,0,1,0.5081522689689916,1
29892,93,8,101157.4306,91.14285714285714,3,Inactive Low-Value Customers,0.8781359017497993,1,1,0,0.4933408956011065,0
29661,123,6,76463.8734,127.8,3,Inactive Low-Value Customers,0.8614326618263495,0,0,0,0.43356588234197935,0
29515,93,7,289165.209692,106.33333333333333,3,Inactive Low-Value Customers,0.892274150086785,0,1,0,0.2676848327002993,0
29885,93,8,387118.3508,91.14285714285714,3,Inactive Low-Value Customers,0.8958508255370418,0,0,0,0.24305786139786864,0
29853,93,8,311446.431,91.14285714285714,3,Inactive Low-Value Customers,0.8931979159619251,0,0,0,0.21198255882770498,0
30017,93,4,14603.119400000001,91.0,1,High Value but Cooling,0.8597637491975895,0,0,0,0.21112972566582822,0
29507,93,8,446013.535012,91.14285714285714,3,Inactive Low-Value Customers,0.8975358405736616,0,0,0,0.20711335199323114,0
29703,93,8,413054.816628,91.14285714285714,3,Inactive Low-Value Customers,0.8966265142136609,0,0,0,0.1969873988341897,0
30074,93,8,458373.1887,91.14285714285714,3,Inactive Low-Value Customers,0.8978572960333351,0,0,0,0.19682073216752305,0
29890,123,7,13071.3811,106.5,1,High Value but Cooling,0.847072269579129,0,1,0,0.17565513379607833,0
30028,93,4,11739.8794,91.0,1,High Value but Cooling,0.8526660152069373,0,0,0,0.17471053357521205,0
29771,123,4,7780.3387999999995,91.33333333333333,1,High Value but Cooling,0.8295771203312705,0,0,0,0.1667677761069702,0
29674,244,4,2414.8467,121.66666666666667,1,High Value but Cooling,0.756904721889467,0,0,0,0.15489571610247313,0
30012,93,7,11346.8814,91.0,1,High Value but Cooling,0.851539298075723,0,0,0,0.1409107734716305,0
29548,458,4,4537.6374,91.0,1,High Value but Cooling,0.745987452854252,0,0,0,0.13484330302514388,0
29872,154,5,9018.0363,136.5,1,High Value but Cooling,0.8264053264320501,0,1,0,0.11363914016253622,0
29976,62,4,17162.9517,91.0,3,Inactive Low-Value Customers,0.8645260488566351,0,0,0,0.1126368435407713,0
30104,123,4,5615.5794000000005,91.33333333333333,1,High Value but Cooling,0.8179242804008401,0,0,0,0.10939687522696596,0
29809,62,4,67790.24122499999,91.0,3,Inactive Low-Value Customers,0.8876397732169793,0,1,0,0.10927758156104121,0
30029,62,4,45190.6918,91.0,3,Inactive Low-Value Customers,0.8812659328362767,0,1,0,0.10896492734813525,0
29663,62,4,41816.7177,91.0,3,Inactive Low-Value Customers,0.8800051516847678,0,0,0,0.10883992734813525,0
29493,458,4,5670.2261,91.0,1,High Value but Cooling,0.7542465085203065,0,0,0,0.10798834515289352,0
29897,62,8,31208.0785,91.14285714285714,3,Inactive Low-Value Customers,0.8751272633154301,0,1,0,0.10652298618620742,0
29577,62,8,43287.924776,91.14285714285714,3,Inactive Low-Value Customers,0.8805686437135882,0,1,0,0.10640188814332337,0
29781,62,4,20280.7448,91.0,3,Inactive Low-Value Customers,0.8675740589000778,0,1,0,0.10277948720929754,0
29592,62,8,65153.5533,91.14285714285714,3,Inactive Low-Value Customers,0.8870318658771839,0,1,0,0.10197863225582687,0
29541,182,5,3975.272,114.25,1,High Value but Cooling,0.789952641036547,0,0,0,0.10090313549641391,0
29915,154,5,8874.7624,113.75,1,High Value but Cooling,0.8258564078716741,0,1,0,0.10052395306205501,0
29803,62,8,74769.583342,91.14285714285714,3,Inactive Low-Value Customers,0.8891271845047942,0,1,0,0.10050380638093151,0
29721,62,8,23204.7354,91.14285714285714,3,Inactive Low-Value Customers,0.8699827888352353,0,1,0,0.09892019394196748,0
29669,62,7,28451.2111,91.16666666666667,3,Inactive Low-Value Customers,0.8735441181545512,0,1,0,0.09844969413319939,0
29982,62,7,17553.1243,91.16666666666667,3,Inactive Low-Value Customers,0.8649406245957225,0,1,0,0.09825441757413919,0
29815,62,4,39770.1922,91.0,3,Inactive Low-Value Customers,0.879182620549166,0,1,0,0.0960420192845935,0
29856,62,4,36497.7757,91.0,3,Inactive Low-Value Customers,0.877761808643187,0,1,0,0.09493797969348192,0
29709,62,4,17689.5591,91.0,3,Inactive Low-Value Customers,0.8650831237115898,0,1,0,0.09170130343389386,0
29600,62,3,17582.3954,136.5,3,Inactive Low-Value Customers,0.8649713027001611,0,0,0,0.09163990709755454,0
29993,93,4,1772.4316,91.0,1,High Value but Cooling,0.7813600230829173,0,0,0,0.09095436796583717,0
29531,62,7,72709.0871,91.16666666666667,3,Inactive Low-Value Customers,0.8887050656897708,0,1,0,0.08966831350398172,0
29990,93,4,3684.6387,91.0,1,High Value but Cooling,0.8111824132333223,0,1,0,0.0869320819765427,0
30037,62,4,23936.8419,91.0,3,Inactive Low-Value Customers,0.8705319921392917,0,1,0,0.0860483160924319,0
29873,62,4,21455.779899999998,91.0,3,Inactive Low-Value Customers,0.8685867870351008,0,1,0,0.08571831148791402,0
29975,62,4,24133.3375,91.0,3,Inactive Low-Value Customers,0.8706761477268382,0,1,0,0.08474394425144456,0
29914,427,3,5925.7862000000005,136.5,1,High Value but Cooling,0.7603828646290419,0,0,0,0.0795109025633947,0
29520,32,5,24027.30023,91.25,3,Inactive Low-Value Customers,0.8900673125958474,0,1,0,0.07486649165820558,0
29879,32,5,21926.260860000002,91.25,3,Inactive Low-Value Customers,0.888443508323469,0,1,0,0.07285121644923842,0
29808,427,3,11250.2604,91.0,1,High Value but Cooling,0.7826417430629152,0,0,0,0.06743394724529866,0
29565,123,6,1830.8455000000001,127.8,1,High Value but Cooling,0.7736314991195654,0,1,0,0.042063445305124875,0
30098,213,2,58.069,184.0,5,Champions,0.4477290893047515,0,0,0,0.04115846755711223,0
29930,93,5,1938.9202,136.5,1,High Value but Cooling,0.7851821876469877,0,0,0,0.03748213602702768,0
29747,32,6,15986.2395,146.0,1,High Value but Cooling,0.8879528884279229,0,1,0,0.03217007529355482,0
29490,154,3,6587.3763,90.5,1,High Value but Cooling,0.815415974182844,0,0,0,0.0259254369677909,0
29611,458,3,9127.8241,90.5,1,High Value but Cooling,0.7710656417712839,0,0,0,0.025647332331935543,0
29728,547,2,1778.4284,92.0,1,High Value but Cooling,0.696163857398424,0,0,0,0.020814151933551153,0
29733,519,2,1440.8086,181.0,1,High Value but Cooling,0.6907352721167898,0,0,0,0.020175463867231506,0
29688,458,3,9212.4174,136.5,1,High Value but Cooling,0.7713807524013305,0,1,0,0.02002270184546294,0
30068,427,3,1022.856,136.5,1,High Value but Cooling,0.6882856287471357,0,1,0,0.01776702436590776,0
29711,519,2,8129.976,181.0,1,High Value but Cooling,0.7585989828602366,0,1,0,0.017080165170829876,0
29546,62,4,205158.4159,91.0,3,Inactive Low-Value Customers,0.9033322631476635,0,1,0,0.016976609573844236,0
30083,62,4,200013.366,91.0,3,Inactive Low-Value Customers,0.9029985667372534,0,0,0,0.016413084983680302,0
29944,427,3,7719.6876,136.5,1,High Value but Cooling,0.7698042279451995,0,0,0,0.016325194713492898,0
30050,62,4,252486.24449800001,91.0,3,Inactive Low-Value Customers,0.9060160791500188,0,1,0,0.01608908739595484,0
29954,62,4,179831.350797,91.0,3,Inactive Low-Value Customers,0.901588308480848,0,0,0,0.015938657988773683,0
30043,62,4,180419.34965,91.0,3,Inactive Low-Value Customers,0.9016318987521632,0,1,0,0.01586163893686479,0
30010,458,2,1294.2529,181.0,1,High Value but Cooling,0.6944482567762031,0,0,0,0.01584169474892292,0
11433,28,3,6934.4782,15.0,1,High Value but Cooling,0.862276834726175,0,1,0,0.015414287802831033,0
29746,62,8,182730.247192,91.14285714285714,3,Inactive Low-Value Customers,0.9018016602664899,0,0,0,0.015400827266265849,0
30049,62,4,174832.7856,91.0,3,Inactive Low-Value Customers,0.9012110687080594,0,1,0,0.015243477985413272,0
29559,62,4,165520.642356,91.0,3,Inactive Low-Value Customers,0.9004743954340959,0,1,0,0.01487099907036761,0
29837,32,2,7504.3967999999995,0.0,1,High Value but Cooling,0.862732490918144,0,1,0,0.01459227230164096,0
29945,1,8,160464.4456,104.28571428571429,3,Inactive Low-Value Customers,0.9590611625405304,0,1,0,0.014492391995495226,0
29793,62,4,268209.286003,91.0,3,Inactive Low-Value Customers,0.906782817867707,0,0,0,0.014323312728790427,0
29859,427,2,5146.321900000001,92.0,1,High Value but Cooling,0.7552141992116793,0,0,0,0.01388718716771171,0
29707,62,4,255176.721519,91.0,3,Inactive Low-Value Customers,0.906151072501812,0,1,0,0.013794054504472332,0
29950,62,8,252977.37225,91.14285714285714,3,Inactive Low-Value Customers,0.9060408430287414,0,1,0,0.013790892899832123,0
29511,1,8,141029.5951,104.28571428571429,3,Inactive Low-Value Customers,0.9572937942836989,0,1,0,0.013754929652769723,0
29724,1,9,312813.837976,91.25,3,Inactive Low-Value Customers,0.9677135389494071,0,1,0,0.013672609178661595,0
29785,274,3,1977.9065,182.5,1,High Value but Cooling,0.7428070068993837,0,1,0,0.013598788382006228,0
29834,62,8,294994.484408,91.14285714285714,3,Inactive Low-Value Customers,0.9079780642517112,0,1,0,0.013332354999941419,0
29905,458,2,1258.3767,273.0,1,High Value but Cooling,0.6931885411320273,0,0,0,0.013319258851487024,0
29929,62,4,149807.996901,91.0,3,Inactive Low-Value Customers,0.899117565393194,0,1,0,0.013125981300218819,0
29702,62,8,260005.7663,91.14285714285714,3,Inactive Low-Value Customers,0.9063893526022659,0,1,0,0.013102038410668036,0
30046,62,4,136591.779208,91.0,3,Inactive Low-Value Customers,0.8978444131049005,0,1,0,0.012647911124780222,0
29956,62,4,132529.046,91.0,3,Inactive Low-Value Customers,0.897424642442522,0,1,0,0.012647911124780222,0
30106,62,8,101203.5836,91.14285714285714,3,Inactive Low-Value Customers,0.8935971016948809,0,0,0,0.0126133932958107,0
29484,62,7,131102.982305,106.33333333333333,3,Inactive Low-Value Customers,0.8972738143798573,0,0,0,0.012558957216373796,0
30067,32,9,306595.46194199997,91.25,3,Inactive Low-Value Customers,0.9279267386919559,0,1,0,0.012526775845328263,0
30118,62,4,141834.54314999998,91.0,3,Inactive Low-Value Customers,0.8983655785118934,0,1,0,0.012481244458113551,0
29891,62,4,124532.394674,91.0,3,Inactive Low-Value Customers,0.8965538973803707,0,1,0,0.012439577791446887,0
29579,62,4,132467.793867,91.0,3,Inactive Low-Value Customers,0.8974182021257293,0,1,0,0.012439577791446887,0
29875,123,3,3794.9611000000004,137.0,1,High Value but Cooling,0.8032082499277651,0,1,0,0.01243623640728616,0
29499,62,4,138084.621058,91.0,3,Inactive Low-Value Customers,0.89799509936663,0,1,0,0.012272911124780218,0
29998,62,4,354805.247646,91.0,3,Inactive Low-Value Customers,0.910251866610723,0,0,0,0.012203753366584004,0
29968,1,8,60215.336384,104.28571428571429,3,Inactive Low-Value Customers,0.9448209391999132,0,1,0,0.012183943954171798,0
29958,32,7,153429.4406,121.66666666666667,3,Inactive Low-Value Customers,0.9189129963415452,0,1,0,0.012114521507137124,0
29810,62,8,101616.778575,91.14285714285714,3,Inactive Low-Value Customers,0.8936559997276353,0,1,0,0.01192865931363174,0
30096,32,6,124435.446692,127.6,3,Inactive Low-Value Customers,0.9160117443610349,0,1,0,0.011856351572496602,0
29938,62,8,253068.64702499998,91.14285714285714,3,Inactive Low-Value Customers,0.9060454392999222,0,1,0,0.011696038234706309,0
29651,62,8,257908.3166,91.14285714285714,3,Inactive Low-Value Customers,0.9062864818648287,0,1,0,0.011448326926074196,0
30091,1,6,87971.3787,146.0,3,Inactive Low-Value Customers,0.9505580930212784,0,1,0,0.011436771152916183,0
29690,62,8,345223.350409,91.14285714285714,3,Inactive Low-Value Customers,0.9099183172781501,0,1,0,0.011367011009781249,0
29824,32,7,87922.4887,121.66666666666667,3,Inactive Low-Value Customers,0.9110118935898694,0,1,0,0.011297882264027292,0
29717,1,7,78538.6919,121.66666666666667,3,Inactive Low-Value Customers,0.9488729263342895,0,0,0,0.011270104486249514,0
29685,62,8,97917.35555,91.14285714285714,3,Inactive Low-Value Customers,0.8931187042540436,0,1,0,0.011257363017335442,0
29581,62,8,94308.0142,91.14285714285714,3,Inactive Low-Value Customers,0.8925717484600838,0,1,0,0.011257363017335442,0
29902,244,2,794.2466999999999,91.0,1,High Value but Cooling,0.7075815994274073,0,1,0,0.011025189453923133,0
29832,244,2,667.8299999999999,91.0,1,High Value but Cooling,0.6991929574569755,0,0,0,0.011025189453923133,0
29500,32,4,47019.255000000005,121.66666666666667,3,Inactive Low-Value Customers,0.9013740306974087,0,1,0,0.010964748705493277,0
29811,32,9,140935.823795,91.25,3,Inactive Low-Value Customers,0.9177466030167466,0,1,0,0.01084087880499043,0
29957,62,4,339897.55026,91.0,3,Inactive Low-Value Customers,0.9097283362936777,0,1,0,0.010541846461555657,0
29732,1,5,169588.0599,91.25,3,Inactive Low-Value Customers,0.9598086164634663,0,1,0,0.010445730322750481,0
29822,62,4,115999.964724,91.0,3,Inactive Low-Value Customers,0.8955516972924749,0,1,0,0.010087853575862261,0
29701,62,4,431654.965473,91.0,3,Inactive Low-Value Customers,0.9126040231329127,0,1,0,0.010055735350444546,0
30113,62,4,141788.933383,91.0,3,Inactive Low-Value Customers,0.8983611396656717,0,1,0,0.010049100662109347,0
29649,62,8,261429.773142,91.14285714285714,3,Inactive Low-Value Customers,0.9064586571368812,0,0,0,0.010046399431816733,0
29852,154,2,714.5072,90.0,1,High Value but Cooling,0.7225194265966862,0,0,0,0.009959582728776933,0
30011,1,8,63848.711292,91.14285714285714,3,Inactive Low-Value Customers,0.9457273742320378,0,1,0,0.00994323613795121,0
29770,62,4,137425.08335,91.0,3,Inactive Low-Value Customers,0.8979287559021223,0,1,0,0.009840767328776014,0
30095,1,9,132946.5539,91.25,3,Inactive Low-Value Customers,0.9564752457818404,0,1,0,0.009724193300342198,0
30022,1,8,24169.956275,91.14285714285714,3,Inactive Low-Value Customers,0.929709659563833,0,1,0,0.009627931650771724,0
29739,62,4,114294.428908,91.0,3,Inactive Low-Value Customers,0.8953413058272082,0,0,0,0.009587853575862261,0
29570,32,9,36076.479965,91.25,3,Inactive Low-Value Customers,0.8970371925305518,0,1,0,0.009562604344635593,0
29637,62,8,219665.474548,91.14285714285714,3,Inactive Low-Value Customers,0.9042241488819535,0,1,0,0.009491878939409244,0
30105,62,4,93190.6807,91.0,3,Inactive Low-Value Customers,0.8923975853489299,0,1,0,0.009363871512510821,0
29761,32,9,49849.809941,91.25,3,Inactive Low-Value Customers,0.9023098465353712,0,1,0,0.009256113960020207,0
29955,1,9,293388.2109,91.25,3,Inactive Low-Value Customers,0.9669167243352933,0,1,0,0.009106805293004769,0
29714,62,8,277781.3525,91.14285714285714,3,Inactive Low-Value Customers,0.9072249630112522,0,1,0,0.009019352648191004,0
29901,1,9,372261.789041,91.25,3,Inactive Low-Value Customers,0.969840770860082,0,1,0,0.008938844527133784,0
29846,1,9,97816.2188,91.25,3,Inactive Low-Value Customers,0.9521104872423753,0,1,0,0.008922065757405829,0
29533,32,9,52841.71625,91.25,3,Inactive Low-Value Customers,0.9032354343377629,0,1,0,0.008882850071131319,0
29865,1,9,51425.2912,91.25,3,Inactive Low-Value Customers,0.942342890807597,0,1,0,0.008588732424072496,0
29539,1,9,40954.1073,91.25,3,Inactive Low-Value Customers,0.9386709594636932,0,1,0,0.008588732424072496,0
29757,1,9,56485.140499999994,91.25,3,Inactive Low-Value Customers,0.9438231744981529,0,1,0,0.008588732424072496,0
29731,1,9,36930.3415,91.25,3,Inactive Low-Value Customers,0.9369645582835053,0,1,0,0.008588732424072496,0
29842,62,6,4628.8562,127.6,1,High Value but Cooling,0.8310810648087039,0,1,0,0.008507222035819773,0
29903,62,3,7649.6868,136.5,1,High Value but Cooling,0.8492986208916753,0,1,0,0.008252409809218824,0
29521,1,9,170599.3021,91.25,3,Inactive Low-Value Customers,0.9598886351348749,0,1,0,0.00821659424881733,0
29605,32,5,160441.779467,91.25,3,Inactive Low-Value Customers,0.9195212417256748,0,1,0,0.008135270539059025,0
29864,62,3,3031.9136,136.5,1,High Value but Cooling,0.8147275081791328,0,1,0,0.008114542162160001,0
29571,1,9,85089.434,91.25,3,Inactive Low-Value Customers,0.9500659350207986,0,1,0,0.008072198032538105,0
29963,1,9,166222.1249,91.25,3,Inactive Low-Value Customers,0.9595383085903413,0,1,0,0.007995884097041002,0
29880,1,9,175628.302959,91.25,3,Inactive Low-Value Customers,0.9602787161841388,0,1,0,0.007894458658444512,0
30065,32,5,178766.370276,91.25,3,Inactive Low-Value Customers,0.9209777341534047,0,1,0,0.007831961715529613,0
30018,32,5,2289.304717,91.25,1,High Value but Cooling,0.8174392963786971,0,1,0,0.007813407758747783,0
29620,1,9,55882.3548,91.25,3,Inactive Low-Value Customers,0.9436549131219005,0,1,0,0.007738864699204773,0
29558,1,9,45769.5797,91.25,3,Inactive Low-Value Customers,0.9404782579346341,0,0,0,0.007738864699204773,0
29675,1,9,38909.647600000004,91.25,3,Inactive Low-Value Customers,0.9378290437392373,0,1,0,0.007738864699204773,0
29489,32,9,184445.341551,91.25,3,Inactive Low-Value Customers,0.9213948720217552,0,1,0,0.007737608623217616,0
29584,154,3,2368.3167,90.5,1,High Value but Cooling,0.776138562434121,0,1,0,0.007551303756638478,0
29882,62,4,2254.7753,91.0,1,High Value but Cooling,0.8027015167085395,0,0,0,0.007454590456872404,0
29765,274,2,2391.4815,92.0,1,High Value but Cooling,0.7507128601568251,0,1,0,0.00744541138885095,0
30041,305,2,2418.8216,92.0,1,High Value but Cooling,0.7455320847379246,0,0,0,0.00744541138885095,0
29554,1,8,15005.0345,91.14285714285714,1,High Value but Cooling,0.914592424575263,0,0,0,0.006985481508321583,0
29789,1,9,231631.23316,91.25,3,Inactive Low-Value Customers,0.9639175554169322,0,1,0,0.00688842547594074,0
29951,154,3,5811.7042,90.5,1,High Value but Cooling,0.810897921642929,0,1,0,0.00688296861955334,0
29562,62,8,585516.432817,91.14285714285714,3,Inactive Low-Value Customers,0.916137460207253,0,0,0,0.006862691498882793,0
29715,62,8,577119.7467,91.14285714285714,3,Inactive Low-Value Customers,0.9159733823258122,0,1,0,0.006862691498882793,0
29568,62,4,7526.3101,91.0,1,High Value but Cooling,0.848728615588031,0,1,0,0.006760776179800414,0
29980,62,4,1618.393,91.0,1,High Value but Cooling,0.7886405974391102,0,0,0,0.006760776179800414,0
29874,32,1,8410.992675,32.0,7,Lost Customers,0.8611041461599899,0,1,0,0.006751156266658357,0
29795,32,5,101326.380878,91.25,3,Inactive Low-Value Customers,0.9130834247618294,0,1,0,0.006691533571359457,0
30064,244,3,2376.0274,91.5,1,High Value but Cooling,0.75623857885609,0,1,0,0.006671528561073809,0
30076,1,9,266315.3726,91.25,3,Inactive Low-Value Customers,0.9657000024994621,0,1,0,0.006625267581203897,0
29486,62,8,403036.5077,91.14285714285714,3,Inactive Low-Value Customers,0.911788247099918,0,1,0,0.0066064023965310735,0
29966,62,8,383837.42467700003,91.14285714285714,3,Inactive Low-Value Customers,0.9112031061395424,0,1,0,0.0066064023965310735,0
29722,62,8,586158.253097,91.14285714285714,3,Inactive Low-Value Customers,0.9161498915757964,0,1,0,0.0066064023965310735,0
29639,62,8,537167.364476,91.14285714285714,3,Inactive Low-Value Customers,0.9151536060975733,0,1,0,0.0066064023965310735,0
29743,154,3,2502.2318,90.5,1,High Value but Cooling,0.7783941208663718,0,1,0,0.006580885286220008,0
29758,154,3,2631.8687,90.5,1,High Value but Cooling,0.7804504701562793,0,1,0,0.006580885286220008,0
29591,32,1,4805.532825,32.0,4,Frequent Low-Spend Customers,0.8702872821695782,0,1,0,0.006574388589890681,0
29979,1,1,10284.193575,1.0,7,Lost Customers,0.884010450474988,0,1,0,0.006574388589890681,0
29909,32,5,159983.245456,91.25,3,Inactive Low-Value Customers,0.9194824011100203,0,1,0,0.0065533708959576945,0
30075,32,5,157575.85041800002,91.25,3,Inactive Low-Value Customers,0.9192763797981752,0,1,0,0.0065533708959576945,0
29606,32,7,12843.8824,121.66666666666667,1,High Value but Cooling,0.8809230955774195,0,1,0,0.006519548109624975,0
29682,32,5,11666.0918,159.5,1,High Value but Cooling,0.8777659879933706,0,1,0,0.006519548109624975,0
29947,1,5,175015.218485,91.25,3,Inactive Low-Value Customers,0.9602318464024162,0,1,0,0.0064371270838840845,0
30000,32,5,317315.705022,91.25,3,Inactive Low-Value Customers,0.9283521669491261,0,1,0,0.006423835708825507,0
29692,32,5,234414.77486,91.25,3,Inactive Low-Value Customers,0.9245334930926163,0,1,0,0.006370254380120589,0
29783,32,5,235580.51848199998,91.25,3,Inactive Low-Value Customers,0.9245973467987258,0,1,0,0.006370254380120589,0
29704,32,5,243485.897434,91.25,3,Inactive Low-Value Customers,0.9250210915953928,0,1,0,0.006370254380120589,0
29658,32,5,185096.591953,91.25,3,Inactive Low-Value Customers,0.9214417723333295,0,1,0,0.006250062072428282,0
29698,1,9,209968.0816,91.25,3,Inactive Low-Value Customers,0.9626424999322476,0,1,0,0.006181629655948328,0
29786,1,5,79169.43330799999,91.25,3,Inactive Low-Value Customers,0.9489926383398298,0,1,0,0.00610803154706796,0
30055,1,5,180478.8626,91.25,3,Inactive Low-Value Customers,0.960643096404922,0,1,0,0.006088145183431596,0
29792,1,5,193216.3172,91.25,3,Inactive Low-Value Customers,0.9615492269475951,0,1,0,0.006088145183431596,0
29671,32,1,10686.735975,32.0,7,Lost Customers,0.8744983710141898,0,1,0,0.0060872562369495035,0
29508,62,6,4606.6585,109.4,1,High Value but Cooling,0.8309005749638054,0,1,0,0.006038968067565804,0
29920,32,5,2315.88,91.25,1,High Value but Cooling,0.8179162246689864,0,1,0,0.006038968067565804,0
29919,1,5,265677.376608,91.25,3,Inactive Low-Value Customers,0.9656696524273126,0,1,0,0.0059775682603546735,0
29627,1,5,192477.432241,91.25,3,Inactive Low-Value Customers,0.9614985440809641,0,1,0,0.0059775682603546735,0
30114,32,5,6899.7491,91.25,1,High Value but Cooling,0.8597678218756615,0,1,0,0.005971302495589887,0
29744,32,5,252108.278704,91.25,3,Inactive Low-Value Customers,0.9254657744634079,0,1,0,0.005953587713453922,0
29647,32,5,268233.130087,91.25,3,Inactive Low-Value Customers,0.9262527320938534,0,1,0,0.005953587713453922,0
30109,32,5,257324.961185,91.25,3,Inactive Low-Value Customers,0.9257264921744952,0,1,0,0.005953587713453922,0
29587,32,5,256632.663445,91.25,3,Inactive Low-Value Customers,0.9256922405809905,0,1,0,0.005953587713453922,0
29543,1,5,179187.7751,91.25,3,Inactive Low-Value Customers,0.9605472065808918,0,1,0,0.005859843921043397,0
29589,32,1,62654.961191999995,32.0,7,Lost Customers,0.9608380003296406,0,1,0,0.005804561571302967,0
30115,1,5,6587.0094,91.25,1,High Value but Cooling,0.8867670032275305,0,1,0,0.005708144600853045,0
29941,32,1,56981.3473,32.0,7,Lost Customers,0.9567199551168383,0,1,0,0.005618568892628285,0
29838,62,3,1469.6971,136.5,1,High Value but Cooling,0.7844323844762897,0,1,0,0.005595729250816603,0
29910,1,5,174639.390504,91.25,3,Inactive Low-Value Customers,0.9602030222024198,0,1,0,0.005568537340294341,0
29601,1,5,220549.933816,91.25,3,Inactive Low-Value Customers,0.9632831367492541,0,1,0,0.005541670824457236,0
29996,1,5,197607.441275,91.25,3,Inactive Low-Value Customers,0.9618459499181501,0,1,0,0.005541670824457236,0
29693,32,1,66934.701074,32.0,7,Lost Customers,0.9636729575601164,0,1,0,0.0055181032379696335,0
29619,1,4,4992.911475,121.66666666666667,1,High Value but Cooling,0.8766689146421759,0,1,0,0.005491587583309186,0
29730,62,3,4955.3863,91.0,1,High Value but Cooling,0.8336275250470566,0,1,0,0.005488586393673746,0
29635,62,4,14419.6237,91.0,1,High Value but Cooling,0.8705579186745135,0,1,0,0.005454385202356805,0
12124,16,3,8457.62,357.5,1,High Value but Cooling,0.8774665747639658,0,1,0,0.005449987557083956,0
29904,1,5,180335.572443,91.25,3,Inactive Low-Value Customers,0.9606324927349454,0,1,0,0.005421478516764928,0
29618,1,5,222053.7921,91.25,3,Inactive Low-Value Customers,0.9633713368802421,0,1,0,0.005421478516764928,0
29895,1,5,221367.76652,91.25,3,Inactive Low-Value Customers,0.9633311865977492,0,1,0,0.005421478516764928,0
29726,154,2,1805.4540000000002,90.0,1,High Value but Cooling,0.7647550264315678,0,0,0,0.005336547009765982,0
11439,7,3,6947.8096000000005,27.0,1,High Value but Cooling,0.8791354891439418,0,1,0,0.0053362657525726775,0
30019,62,4,13961.139700000002,91.0,1,High Value but Cooling,0.8695186744779911,0,1,0,0.005335337583309186,0
29626,1,4,6139.7105,91.0,1,High Value but Cooling,0.8842405495548573,0,1,0,0.005335337583309186,0
29851,1,3,6618.5364,182.5,1,High Value but Cooling,0.8869375471083017,0,1,0,0.005268634776663304,0
30102,154,2,4055.0323,90.0,1,High Value but Cooling,0.7974733938988067,0,1,0,0.005128213676432649,0
29772,32,5,417192.3014,91.25,3,Inactive Low-Value Customers,0.9316685123957918,0,1,0,0.005100881564170823,0
29643,1,1,60425.946547,1.0,7,Lost Customers,0.9709027960372325,0,1,0,0.0050233115713029675,0
29609,1,1,68473.287269,1.0,7,Lost Customers,0.9762720906153503,0,1,0,0.0050233115713029675,0
29641,32,1,163930.39429199998,32.0,7,Lost Customers,0.9996588960842283,0,1,0,0.004941207038795843,0
29530,62,4,11035.8233,91.0,1,High Value but Cooling,0.8618151356654572,0,0,0,0.004918670916642519,0
29678,62,4,12509.9257,91.0,1,High Value but Cooling,0.8659538738382291,0,1,0,0.004918670916642519,0
29574,62,4,12494.4545,91.0,1,High Value but Cooling,0.8659133725933765,0,1,0,0.004918670916642519,0
30007,62,4,12521.5522,91.0,1,High Value but Cooling,0.8659842727507026,0,1,0,0.004918670916642519,0
29509,1,9,292517.3923,91.25,3,Inactive Low-Value Customers,0.9668796083721156,0,1,0,0.0048962789772152935,0
29888,1,9,311984.9969,91.25,3,Inactive Low-Value Customers,0.9676807038310116,0,1,0,0.0048962789772152935,0
29662,93,3,6417.1108,136.5,1,High Value but Cooling,0.8318704028737367,0,0,0,0.00472333022748545,0
29535,62,4,7938.791200000001,91.0,1,High Value but Cooling,0.850594640707994,0,1,0,0.004549999210559556,0
29573,62,3,6221.0526,136.5,1,High Value but Cooling,0.8419542478038634,0,0,0,0.004466751280117029,0
29830,1,7,16778.0559,121.66666666666667,1,High Value but Cooling,0.9181295783348842,0,1,0,0.004336520526349765,0
29725,1,1,58320.101942,1.0,7,Lost Customers,0.9693624860341667,0,1,0,0.004249083598510638,0
29995,1,1,101223.460593,1.0,7,Lost Customers,0.9924735838626576,0,1,0,0.004249083598510638,0
29588,1,7,4782.832700000001,106.33333333333333,1,High Value but Cooling,0.8750674649159822,0,1,0,0.004128048527335919,0
29608,1,1,66845.654563,1.0,7,Lost Customers,0.9752461143375826,0,1,0,0.003994929317591767,0
30042,1,9,10541.6404,91.25,1,High Value but Cooling,0.9030457817298695,0,1,0,0.003917326481567967,0
29949,1,5,4081.1493,91.25,1,High Value but Cooling,0.8690739615974941,0,1,0,0.003850270749558142,0
29623,32,1,8109.252,32.0,7,Lost Customers,0.8590214794835488,0,1,0,0.0037347943357071145,0
29814,1,1,6557.411024999999,1.0,7,Lost Customers,0.8583327120394963,0,1,0,0.0037347943357071145,0
30085,1,5,1330.1929,91.25,1,High Value but Cooling,0.8227798051401464,0,1,0,0.003711381860669252,0
29753,1,5,4019.0782999999997,91.25,1,High Value but Cooling,0.8684880186802004,0,1,0,0.003711381860669252,0
29788,62,7,5362.5698,91.16666666666667,1,High Value but Cooling,0.8365480419437953,0,0,0,0.003711381860669252,0
29849,32,7,5291.4436000000005,121.66666666666667,1,High Value but Cooling,0.8501650815550024,0,0,0,0.003711381860669252,0
30084,32,5,6620.1818,182.5,1,High Value but Cooling,0.8582942282641477,0,1,0,0.003711381860669252,0
29604,32,5,1961.3790000000001,91.25,1,High Value but Cooling,0.8109772880443274,0,1,0,0.003711381860669252,0
29819,1,5,3520.1692,91.25,1,High Value but Cooling,0.8633686913285599,0,0,0,0.003711381860669252,0
29599,123,3,2136.6378,137.0,1,High Value but Cooling,0.78014882623663,0,1,0,0.0036796690275742506,0
29506,1,1,9885.8499,1.0,7,Lost Customers,0.8818196284878508,0,1,0,0.003558026658939438,0
29779,1,1,8617.549649999999,1.0,7,Lost Customers,0.874111428314089,0,1,0,0.003558026658939438,0
29828,1,5,149184.74327500002,91.25,3,Inactive Low-Value Customers,0.9580672391748376,0,1,0,0.003421373674184991,0
30060,1,5,145122.934076,91.25,3,Inactive Low-Value Customers,0.9576881956330376,0,1,0,0.0033797070075183237,0
24604,30,2,3681.7999999999997,5.0,1,High Value but Cooling,0.8376042811444732,0,0,0,0.003287388351087201,0
29517,1,1,7265.0535,1.0,7,Lost Customers,0.8643211192214384,0,1,0,0.0032802488811616596,0
29656,32,1,9150.3819,32.0,7,Lost Customers,0.8658674708385703,0,1,0,0.0032802488811616596,0
29970,32,1,5527.956075,32.0,4,Frequent Low-Spend Customers,0.8711751146181844,0,1,0,0.0032639090118806143,0
29670,32,1,5001.887175,32.0,4,Frequent Low-Spend Customers,0.8705429097310607,0,1,0,0.0032639090118806143,0
29634,32,1,5619.4119,32.0,4,Frequent Low-Spend Customers,0.871278019653601,0,1,0,0.0032639090118806143,0
29631,32,1,4536.25695,32.0,4,Frequent Low-Spend Customers,0.869916707136573,0,1,0,0.0032639090118806143,0
29971,62,3,2578.023,136.5,1,High Value but Cooling,0.8082026426062305,0,1,0,0.003256423413539163,0
29935,1,5,183705.408343,91.25,3,Inactive Low-Value Customers,0.9608793600425116,0,1,0,0.003226698557634875,0
30094,1,5,229766.3141,91.25,3,Inactive Low-Value Customers,0.9638132348579341,0,1,0,0.003226698557634875,0
29896,1,5,181223.23685,91.25,3,Inactive Low-Value Customers,0.9606980274008801,0,1,0,0.003226698557634875,0
11456,27,2,5791.419999999999,535.0,1,High Value but Cooling,0.8564082935901062,0,1,0,0.0031132957362673386,0
29745,32,2,1316.6545999999998,0.0,1,High Value but Cooling,0.7936689852654099,0,1,0,0.0030872780039180297,0
29494,62,5,12578.635,159.5,1,High Value but Cooling,0.8661330677111212,0,1,0,0.0030615942902127114,0
29633,1,4,19363.200725,121.66666666666667,1,High Value but Cooling,0.922588920510769,0,1,0,0.003050806240635479,0
29734,32,9,314849.94799899997,91.25,3,Inactive Low-Value Customers,0.9282557781522518,0,1,0,0.0029843092265358657,0
29825,32,9,305925.536051,91.25,3,Inactive Low-Value Customers,0.9278995928684095,0,1,0,0.0029843092265358657,0
29992,32,9,352255.552321,91.25,3,Inactive Low-Value Customers,0.9296329115351828,0,1,0,0.0029843092265358657,0
29844,32,9,294665.694518,91.25,3,Inactive Low-Value Customers,0.9274329427496181,0,1,0,0.0029843092265358657,0
29583,182,3,2902.9438,228.5,1,High Value but Cooling,0.7776381296707031,0,1,0,0.002903695001600225,0
29855,182,3,3464.1748,274.5,1,High Value but Cooling,0.7846272805702689,0,0,0,0.002903695001600225,0
29689,32,5,387113.585072,91.25,3,Inactive Low-Value Customers,0.9307740724383897,0,1,0,0.0028531903454169848,0
30048,32,5,390905.459734,91.25,3,Inactive Low-Value Customers,0.9308911103845017,0,1,0,0.0028531903454169848,0
29684,1,5,62497.7084,91.25,3,Inactive Low-Value Customers,0.9453973528891568,0,1,0,0.0028358939599337253,0
30009,1,5,81009.891308,91.25,3,Inactive Low-Value Customers,0.9493358391347944,0,1,0,0.0028358939599337253,0
29784,1,5,63091.3189,91.25,3,Inactive Low-Value Customers,0.9455433495033086,0,1,0,0.0028358939599337253,0
14894,428,1,699.0982,428.0,2,Inactive Minimal Buyers,0.6874290961921419,0,1,0,0.0028220821377476844,0
14884,429,1,699.0982,429.0,2,Inactive Minimal Buyers,0.6871813666385058,0,1,0,0.0028220821377476844,0
29697,427,1,722.5949,427.0,2,Inactive Minimal Buyers,0.6881247131580059,0,0,0,0.0028220821377476844,0
30057,123,3,4709.2784,137.0,1,High Value but Cooling,0.8114126735769712,0,1,0,0.00280300055715578,0
29827,32,9,515752.754414,91.25,3,Inactive Low-Value Customers,0.9341538996466382,0,1,0,0.0027570364992631387,0
29497,32,9,494543.5379,91.25,3,Inactive Low-Value Customers,0.9336675482218475,0,1,0,0.0027570364992631387,0
29654,32,5,30412.117292,91.25,3,Inactive Low-Value Customers,0.8941558373489221,0,1,0,0.0027302934201226593,0
29598,1,5,33306.2605,91.25,3,Inactive Low-Value Customers,0.9352358270297119,0,1,0,0.0027302934201226593,0
29677,1,5,24177.421,91.25,3,Inactive Low-Value Customers,0.9297151001756003,0,1,0,0.0027302934201226593,0
30039,32,5,28079.728275,91.25,3,Inactive Low-Value Customers,0.89278629055125,0,1,0,0.0027302934201226593,0
30030,1,5,33312.4139,91.25,3,Inactive Low-Value Customers,0.9352389409865879,0,1,0,0.0027302934201226593,0
29683,32,5,32334.07779,91.25,3,Inactive Low-Value Customers,0.8951974475656194,0,1,0,0.0027302934201226593,0
29869,1,5,23789.0681,91.25,3,Inactive Low-Value Customers,0.9294294851626903,0,1,0,0.0027302934201226593,0
29805,32,5,30060.381443000002,91.25,3,Inactive Low-Value Customers,0.893957109038787,0,1,0,0.0027302934201226593,0
29778,32,5,31045.2915,91.25,3,Inactive Low-Value Customers,0.8945070696264921,0,1,0,0.0027302934201226593,0
29780,1,5,32743.4337,91.25,3,Inactive Low-Value Customers,0.9349482035798813,0,1,0,0.0027302934201226593,0
29981,32,5,55990.310855,91.25,3,Inactive Low-Value Customers,0.90414719519406,0,1,0,0.0027302934201226593,0
29798,1,5,35273.9027,91.25,3,Inactive Low-Value Customers,0.9361995379504171,0,1,0,0.0027302934201226593,0
29959,62,4,4036.0739000000003,91.0,1,High Value but Cooling,0.8258885491636474,0,1,0,0.0026587502817218838,0
29576,62,4,637.6895,91.0,1,High Value but Cooling,0.7455527085503425,0,1,0,0.0026587502817218838,0
29833,62,4,5751.615100000001,91.0,1,High Value but Cooling,0.8391116900327928,0,0,0,0.0026587502817218838,0
30047,1,4,6997.5181,91.0,1,High Value but Cooling,0.8889194968629983,0,1,0,0.0026587502817218838,0
11001,13,2,5794.919999999999,732.0,1,High Value but Cooling,0.8665658041964173,0,1,0,0.0026587502817218838,0
29696,62,4,5660.7146,91.0,1,High Value but Cooling,0.8385307379894433,0,1,0,0.0026587502817218838,0
29962,62,4,6167.3085,91.0,1,High Value but Cooling,0.8416414965032111,0,1,0,0.0026587502817218838,0
29782,123,3,639.98128,137.0,1,High Value but Cooling,0.7254152837327411,0,0,0,0.002657167223822447,0
29580,32,9,540549.420786,91.25,3,Inactive Low-Value Customers,0.9346944413846139,0,1,0,0.0026379888802155194,0
29994,32,9,565952.624213,91.25,3,Inactive Low-Value Customers,0.9352196993483722,0,1,0,0.0026379888802155194,0
29646,32,9,586647.617343,91.25,3,Inactive Low-Value Customers,0.935628150272972,0,1,0,0.0026379888802155194,0
29614,32,9,640042.621126,91.25,3,Inactive Low-Value Customers,0.9366104890371608,0,1,0,0.0026379888802155194,0
29986,1,5,29272.904899999998,91.25,3,Inactive Low-Value Customers,0.9330404338786074,0,1,0,0.0026341395739688128,0
29503,1,4,8247.9025,121.66666666666667,1,High Value but Cooling,0.8946830437142884,0,1,0,0.002631769728809202,0
29867,32,4,2466.2105,121.66666666666667,1,High Value but Cooling,0.8205018531172779,0,1,0,0.0026053639846743294,0
29797,1,5,45868.666492000004,91.25,3,Inactive Low-Value Customers,0.9405131414410995,0,1,0,0.0025987144727542383,0
29544,1,5,43157.040225000004,91.25,3,Inactive Low-Value Customers,0.9395261974709602,0,1,0,0.0025987144727542383,0
29816,1,5,17834.457392,91.25,1,High Value but Cooling,0.9200404728523567,0,1,0,0.0025987144727542383,0
29540,1,5,42204.811091999996,91.25,3,Inactive Low-Value Customers,0.9391627570233496,0,1,0,0.0025987144727542383,0
29913,1,5,373185.662663,91.25,3,Inactive Low-Value Customers,0.9698707085607952,0,1,0,0.002572852403788721,0
30103,1,5,467515.159834,91.25,3,Inactive Low-Value Customers,0.972550181412881,0,1,0,0.002572852403788721,0
29616,1,5,452148.0743,91.25,3,Inactive Low-Value Customers,0.9721580393396025,0,1,0,0.002572852403788721,0
29924,1,5,404696.158625,91.25,3,Inactive Low-Value Customers,0.9708441283273533,0,1,0,0.002572852403788721,0
29997,1,5,373194.790659,91.25,3,Inactive Low-Value Customers,0.9698710039283833,0,1,0,0.002572852403788721,0
30112,1,5,393201.8055,91.25,3,Inactive Low-Value Customers,0.9704993658833215,0,1,0,0.002572852403788721,0
29712,1,5,377241.861832,91.25,3,Inactive Low-Value Customers,0.9700011570712623,0,1,0,0.002572852403788721,0
29560,1,5,236401.837824,91.25,3,Inactive Low-Value Customers,0.9641801232295804,0,1,0,0.002560031890968208,0
30032,93,2,2472.3107,89.0,1,High Value but Cooling,0.7952923981211104,0,0,0,0.002523815118763968,0
30040,93,2,939.588,89.0,1,High Value but Cooling,0.7529518439726777,0,0,0,0.002523815118763968,0
30058,1,5,10861.1585,159.5,1,High Value but Cooling,0.9040442665910915,0,1,0,0.002520658617698091,0
30003,62,4,10717.8638,212.66666666666666,1,High Value but Cooling,0.860839740865877,0,0,0,0.002520658617698091,0
29536,62,3,973.6661999999999,91.0,1,High Value but Cooling,0.7658145696705873,0,0,0,0.002512195419311169,0
30026,1,5,58997.7006,91.25,3,Inactive Low-Value Customers,0.9445031608934155,0,1,0,0.002502560626600392,0
29985,1,5,51397.3551,91.25,3,Inactive Low-Value Customers,0.9423342638984935,0,1,0,0.002502560626600392,0
29858,123,3,2898.7419000000004,227.5,1,High Value but Cooling,0.7926208128435424,0,0,0,0.0025009172238224468,0
29818,1,9,587140.069178,91.25,3,Inactive Low-Value Customers,0.9751756731300052,0,1,0,0.0024766985576348743,0
29523,1,9,504284.150552,91.25,3,Inactive Low-Value Customers,0.9734318049582381,0,1,0,0.0024766985576348743,0
30117,1,9,605768.888676,91.25,3,Inactive Low-Value Customers,0.9755292279160332,0,1,0,0.0024766985576348743,0
29716,1,9,613019.8112240001,91.25,3,Inactive Low-Value Customers,0.9756635106260492,0,1,0,0.0024766985576348743,0
30107,1,9,386527.178639,91.25,3,Inactive Low-Value Customers,0.9702938604227835,0,1,0,0.0024766985576348743,0
29522,1,9,368382.446492,91.25,3,Inactive Low-Value Customers,0.9697141330209199,0,1,0,0.0024766985576348743,0
29705,1,9,414300.214926,91.25,3,Inactive Low-Value Customers,0.9711237549419716,0,1,0,0.0024766985576348743,0
29617,1,9,466639.608792,91.25,3,Inactive Low-Value Customers,0.9725282353279798,0,1,0,0.0024766985576348743,0
14599,648,1,699.0982,648.0,2,Inactive Minimal Buyers,0.638723335758682,0,1,0,0.0024273452956424216,0
14881,454,1,699.0982,454.0,2,Inactive Minimal Buyers,0.6810826917646128,0,1,0,0.0024273452956424216,0
14617,628,1,699.0982,628.0,2,Inactive Minimal Buyers,0.6427540721803109,0,1,0,0.0024273452956424216,0
14602,664,1,699.0982,664.0,2,Inactive Minimal Buyers,0.6355449905138313,0,1,0,0.0024273452956424216,0
14581,695,1,699.0982,695.0,2,Inactive Minimal Buyers,0.6294980652410688,0,1,0,0.0024273452956424216,0
14753,486,1,699.0982,486.0,2,Inactive Minimal Buyers,0.6735251115755249,0,1,0,0.0024273452956424216,0
14601,641,1,699.0982,641.0,2,Inactive Minimal Buyers,0.6401266554597989,0,1,0,0.0024273452956424216,0
14591,663,1,699.0982,663.0,2,Inactive Minimal Buyers,0.6357424652751406,0,1,0,0.0024273452956424216,0
14634,610,1,699.0982,610.0,2,Inactive Minimal Buyers,0.6464390550441026,0,1,0,0.0024273452956424216,0
14580,685,1,699.0982,685.0,2,Inactive Minimal Buyers,0.6314331119923373,0,1,0,0.0024273452956424216,0
26640,642,1,699.0982,642.0,2,Inactive Minimal Buyers,0.6399256962141061,0,1,0,0.0024273452956424216,0
14879,468,1,699.0982,468.0,2,Inactive Minimal Buyers,0.6777433488279281,0,1,0,0.0024273452956424216,0
14616,614,1,699.0982,614.0,2,Inactive Minimal Buyers,0.6456153468122681,0,1,0,0.0024273452956424216,0
14590,682,1,699.0982,682.0,2,Inactive Minimal Buyers,0.6320164797627044,0,1,0,0.0024273452956424216,0
19472,464,1,699.0982,464.0,2,Inactive Minimal Buyers,0.6786920996927859,0,1,0,0.0024273452956424216,0
14754,482,1,699.0982,482.0,2,Inactive Minimal Buyers,0.6744554029912598,0,1,0,0.0024273452956424216,0
26683,636,1,699.0982,636.0,2,Inactive Minimal Buyers,0.6411338997381439,0,1,0,0.0024273452956424216,0
14755,464,1,699.0982,464.0,2,Inactive Minimal Buyers,0.6786920996927859,0,1,0,0.0024273452956424216,0
14868,488,1,699.0982,488.0,2,Inactive Minimal Buyers,0.6730614544273741,0,1,0,0.0024273452956424216,0
14603,663,1,699.0982,663.0,2,Inactive Minimal Buyers,0.6357424652751406,0,1,0,0.0024273452956424216,0
14852,483,1,699.0982,483.0,2,Inactive Minimal Buyers,0.6742224560536245,0,1,0,0.0024273452956424216,0
14610,665,1,699.0982,665.0,2,Inactive Minimal Buyers,0.6353476699671171,0,1,0,0.0024273452956424216,0
14882,440,1,699.0982,440.0,2,Inactive Minimal Buyers,0.684475854919983,0,1,0,0.0024273452956424216,0
19420,551,1,699.0982,551.0,2,Inactive Minimal Buyers,0.6589305578236703,0,1,0,0.0024273452956424216,0
14596,658,1,699.0982,658.0,2,Inactive Minimal Buyers,0.6367321647044552,0,1,0,0.0024273452956424216,0
14757,469,1,699.0982,469.0,2,Inactive Minimal Buyers,0.6775068186364028,0,1,0,0.0024273452956424216,0
19454,465,1,699.0982,465.0,2,Inactive Minimal Buyers,0.6784545157492355,0,1,0,0.0024273452956424216,0
14613,642,1,699.0982,642.0,2,Inactive Minimal Buyers,0.6399256962141061,0,1,0,0.0024273452956424216,0
14883,456,1,699.0982,456.0,2,Inactive Minimal Buyers,0.6806024061932736,0,1,0,0.0024273452956424216,0
26692,602,1,699.0982,602.0,2,Inactive Minimal Buyers,0.6480949186678933,0,1,0,0.0024273452956424216,0
14880,477,1,699.0982,477.0,2,Inactive Minimal Buyers,0.6756239140090884,0,1,0,0.0024273452956424216,0
14756,461,1,699.0982,461.0,2,Inactive Minimal Buyers,0.6794064485507278,0,1,0,0.0024273452956424216,0
26643,613,1,699.0982,613.0,2,Inactive Minimal Buyers,0.6458210122981438,0,0,0,0.0024273452956424216,0
14614,612,1,699.0982,612.0,2,Inactive Minimal Buyers,0.6460268518772911,0,1,0,0.0024273452956424216,0
19415,595,1,699.0982,595.0,2,Inactive Minimal Buyers,0.6495531863540305,0,1,0,0.0024273452956424216,0
14585,675,1,699.0982,675.0,2,Inactive Minimal Buyers,0.6333828695775378,0,1,0,0.0024273452956424216,0
14584,694,1,699.0982,694.0,2,Inactive Minimal Buyers,0.6296909171396534,0,1,0,0.0024273452956424216,0
14646,584,1,699.0982,584.0,2,Inactive Minimal Buyers,0.651862845026338,0,1,0,0.0024273452956424216,0
14752,459,1,699.0982,459.0,2,Inactive Minimal Buyers,0.6798840207407376,0,1,0,0.0024273452956424216,0
14726,554,1,699.0982,554.0,2,Inactive Minimal Buyers,0.6582791220259315,0,1,0,0.0024273452956424216,0
14576,719,1,699.0982,719.0,2,Inactive Minimal Buyers,0.624912082118317,0,1,0,0.0024273452956424216,0
14744,517,1,699.0982,517.0,2,Inactive Minimal Buyers,0.666446038089438,0,1,0,0.0024273452956424216,0
14728,555,1,699.0982,555.0,2,Inactive Minimal Buyers,0.6580623834621181,0,1,0,0.0024273452956424216,0
14741,503,1,699.0982,503.0,2,Inactive Minimal Buyers,0.6696149813172979,0,1,0,0.0024273452956424216,0
14730,522,1,699.0982,522.0,2,Inactive Minimal Buyers,0.6653250760053804,0,1,0,0.0024273452956424216,0
14501,762,1,699.0982,762.0,2,Inactive Minimal Buyers,0.6168899396537658,0,1,0,0.0024273452956424216,0
14731,523,1,699.0982,523.0,2,Inactive Minimal Buyers,0.6651015526297175,0,1,0,0.0024273452956424216,0
19432,546,1,699.0982,546.0,2,Inactive Minimal Buyers,0.6600203849008175,0,1,0,0.0024273452956424216,0
14732,544,1,699.0982,544.0,2,Inactive Minimal Buyers,0.6604577642752961,0,1,0,0.0024273452956424216,0
14740,517,1,699.0982,517.0,2,Inactive Minimal Buyers,0.666446038089438,0,1,0,0.0024273452956424216,0
14733,547,1,699.0982,547.0,2,Inactive Minimal Buyers,0.6598020067633878,0,1,0,0.0024273452956424216,0
14734,542,1,699.0982,542.0,2,Inactive Minimal Buyers,0.6608959783144479,0,1,0,0.0024273452956424216,0
14572,713,1,699.0982,713.0,2,Inactive Minimal Buyers,0.6260510382395654,0,1,0,0.0024273452956424216,0
14735,542,1,699.0982,542.0,2,Inactive Minimal Buyers,0.6608959783144479,0,1,0,0.0024273452956424216,0
14565,726,1,699.0982,726.0,2,Inactive Minimal Buyers,0.6235895144222386,0,1,0,0.0024273452956424216,0
14560,755,1,699.0982,755.0,2,Inactive Minimal Buyers,0.6181795586924027,0,1,0,0.0024273452956424216,0
14739,494,1,699.0982,494.0,2,Inactive Minimal Buyers,0.6716763636315399,0,1,0,0.0024273452956424216,0
14510,738,1,699.0982,738.0,2,Inactive Minimal Buyers,0.6213375564498704,0,1,0,0.0024273452956424216,0
14559,744,1,699.0982,744.0,2,Inactive Minimal Buyers,0.620218701071449,0,1,0,0.0024273452956424216,0
14738,506,1,699.0982,506.0,2,Inactive Minimal Buyers,0.6689321096692582,0,1,0,0.0024273452956424216,0
14520,756,1,699.0982,756.0,2,Inactive Minimal Buyers,0.6179949487070779,0,1,0,0.0024273452956424216,0
14737,524,1,699.0982,524.0,2,Inactive Minimal Buyers,0.664878250758104,0,1,0,0.0024273452956424216,0
19443,477,1,699.0982,477.0,2,Inactive Minimal Buyers,0.6756239140090884,0,1,0,0.0024273452956424216,0
19438,505,1,699.0982,505.0,2,Inactive Minimal Buyers,0.6691594997302256,0,1,0,0.0024273452956424216,0
14558,735,1,699.0982,735.0,2,Inactive Minimal Buyers,0.6218987540159644,0,1,0,0.0024273452956424216,0
14727,571,1,699.0982,571.0,2,Inactive Minimal Buyers,0.6546217267118302,0,1,0,0.0024273452956424216,0
26620,733,1,699.0982,733.0,2,Inactive Minimal Buyers,0.6222735461974706,0,0,0,0.0024273452956424216,0
14636,617,1,699.0982,617.0,2,Inactive Minimal Buyers,0.6449993906234186,0,1,0,0.0024273452956424216,0
14746,511,1,699.0982,511.0,2,Inactive Minimal Buyers,0.6677986388045902,0,1,0,0.0024273452956424216,0
14639,625,1,699.0982,625.0,2,Inactive Minimal Buyers,0.6433643948982153,0,1,0,0.0024273452956424216,0
14643,606,1,699.0982,606.0,2,Inactive Minimal Buyers,0.6472655696128614,0,1,0,0.0024273452956424216,0
14645,585,1,699.0982,585.0,2,Inactive Minimal Buyers,0.6516519488027384,0,1,0,0.0024273452956424216,0
26630,649,1,699.0982,649.0,2,Inactive Minimal Buyers,0.6385235046477378,0,0,0,0.0024273452956424216,0
19453,459,1,699.0982,459.0,2,Inactive Minimal Buyers,0.6798840207407376,0,1,0,0.0024273452956424216,0
14647,589,1,699.0982,589.0,2,Inactive Minimal Buyers,0.65081022797367,0,1,0,0.0024273452956424216,0
14750,502,1,699.0982,502.0,2,Inactive Minimal Buyers,0.6698430742533535,0,1,0,0.0024273452956424216,0
14648,594,1,699.0982,594.0,2,Inactive Minimal Buyers,0.6497622352017083,0,1,0,0.0024273452956424216,0
14649,589,1,699.0982,589.0,2,Inactive Minimal Buyers,0.65081022797367,0,1,0,0.0024273452956424216,0
14650,582,1,699.0982,582.0,2,Inactive Minimal Buyers,0.6522852000854708,0,1,0,0.0024273452956424216,0
19451,461,1,699.0982,461.0,2,Inactive Minimal Buyers,0.6794064485507278,0,1,0,0.0024273452956424216,0
14651,602,1,699.0982,602.0,2,Inactive Minimal Buyers,0.6480949186678933,0,1,0,0.0024273452956424216,0
26629,713,1,699.0982,713.0,2,Inactive Minimal Buyers,0.6260510382395654,0,0,0,0.0024273452956424216,0
14747,502,1,699.0982,502.0,2,Inactive Minimal Buyers,0.6698430742533535,0,1,0,0.0024273452956424216,0
14652,587,1,699.0982,587.0,2,Inactive Minimal Buyers,0.6512307165391794,0,1,0,0.0024273452956424216,0
14653,554,1,699.0982,554.0,2,Inactive Minimal Buyers,0.6582791220259315,0,1,0,0.0024273452956424216,0
14656,566,1,699.0982,566.0,2,Inactive Minimal Buyers,0.6556914990861444,0,1,0,0.0024273452956424216,0
14657,578,1,699.0982,578.0,2,Inactive Minimal Buyers,0.6531321743826034,0,1,0,0.0024273452956424216,0
19450,475,1,699.0982,475.0,2,Inactive Minimal Buyers,0.6760930956396451,0,1,0,0.0024273452956424216,0
19429,523,1,699.0982,523.0,2,Inactive Minimal Buyers,0.6651015526297175,0,1,0,0.0024273452956424216,0
14577,703,1,699.0982,703.0,2,Inactive Minimal Buyers,0.6279604042157687,0,1,0,0.0024273452956424216,0
14660,560,1,699.0982,560.0,2,Inactive Minimal Buyers,0.6569817160132629,0,1,0,0.0024273452956424216,0
14662,554,1,699.0982,554.0,2,Inactive Minimal Buyers,0.6582791220259315,0,1,0,0.0024273452956424216,0
14664,549,1,699.0982,549.0,2,Inactive Minimal Buyers,0.659365870712556,0,1,0,0.0024273452956424216,0
14722,548,1,699.0982,548.0,2,Inactive Minimal Buyers,0.6595838355581264,0,1,0,0.0024273452956424216,0
14589,672,1,699.0982,672.0,2,Inactive Minimal Buyers,0.6339707147712713,0,1,0,0.0024273452956424216,0
19501,454,1,699.0982,454.0,2,Inactive Minimal Buyers,0.6810826917646128,0,1,0,0.0024273452956424216,0
19387,582,1,699.0982,582.0,2,Inactive Minimal Buyers,0.6522852000854708,0,1,0,0.0024273452956424216,0
20172,620,1,699.0982,620.0,2,Inactive Minimal Buyers,0.6443849859002747,0,1,0,0.0024273452956424216,0
25561,642,1,699.0982,642.0,2,Inactive Minimal Buyers,0.6399256962141061,0,1,0,0.0024273452956424216,0
18137,514,1,699.0982,514.0,2,Inactive Minimal Buyers,0.6671213150801231,0,1,0,0.0024273452956424216,0
18143,482,1,699.0982,482.0,2,Inactive Minimal Buyers,0.6744554029912598,0,1,0,0.0024273452956424216,0
25562,662,1,699.0982,662.0,2,Inactive Minimal Buyers,0.6359400946040938,0,1,0,0.0024273452956424216,0
25563,655,1,699.0982,655.0,2,Inactive Minimal Buyers,0.6373278577405856,0,1,0,0.0024273452956424216,0
25564,625,1,699.0982,625.0,2,Inactive Minimal Buyers,0.6433643948982153,0,1,0,0.0024273452956424216,0
18148,471,1,699.0982,471.0,2,Inactive Minimal Buyers,0.6770345413372794,0,1,0,0.0024273452956424216,0
18163,444,1,699.0982,444.0,2,Inactive Minimal Buyers,0.6835007390674375,0,1,0,0.0024273452956424216,0
18175,434,1,699.0982,434.0,2,Inactive Minimal Buyers,0.6859471847557064,0,1,0,0.0024273452956424216,0
20569,453,1,699.0982,453.0,2,Inactive Minimal Buyers,0.6813232458587957,0,1,0,0.0024273452956424216,0
20567,433,1,699.0982,433.0,2,Inactive Minimal Buyers,0.686193429163495,0,1,0,0.0024273452956424216,0
25565,618,1,699.0982,618.0,2,Inactive Minimal Buyers,0.6447944172285267,0,1,0,0.0024273452956424216,0
25566,623,1,699.0982,623.0,2,Inactive Minimal Buyers,0.6437721212681963,0,1,0,0.0024273452956424216,0
26789,542,1,699.0982,542.0,2,Inactive Minimal Buyers,0.6608959783144479,0,0,0,0.0024273452956424216,0
25567,628,1,699.0982,628.0,2,Inactive Minimal Buyers,0.6427540721803109,0,1,0,0.0024273452956424216,0
25568,591,1,699.0982,591.0,2,Inactive Minimal Buyers,0.650390479278833,0,1,0,0.0024273452956424216,0
20564,517,1,699.0982,517.0,2,Inactive Minimal Buyers,0.666446038089438,0,1,0,0.0024273452956424216,0
20562,534,1,699.0982,534.0,2,Inactive Minimal Buyers,0.6626572752935445,0,1,0,0.0024273452956424216,0
25704,579,1,699.0982,579.0,2,Inactive Minimal Buyers,0.6529201465519923,0,1,0,0.0024273452956424216,0
20561,544,1,699.0982,544.0,2,Inactive Minimal Buyers,0.6604577642752961,0,1,0,0.0024273452956424216,0
25705,582,1,699.0982,582.0,2,Inactive Minimal Buyers,0.6522852000854708,0,1,0,0.0024273452956424216,0
25706,593,1,699.0982,593.0,2,Inactive Minimal Buyers,0.6499714666598407,0,1,0,0.0024273452956424216,0
20558,572,1,699.0982,572.0,2,Inactive Minimal Buyers,0.6544083559597397,0,1,0,0.0024273452956424216,0
20552,608,1,699.0982,608.0,2,Inactive Minimal Buyers,0.6468519597879502,0,1,0,0.0024273452956424216,0
18634,446,1,699.0982,446.0,2,Inactive Minimal Buyers,0.6830148886810639,0,1,0,0.0024273452956424216,0
25707,591,1,699.0982,591.0,2,Inactive Minimal Buyers,0.650390479278833,0,1,0,0.0024273452956424216,0
20173,589,1,699.0982,589.0,2,Inactive Minimal Buyers,0.65081022797367,0,1,0,0.0024273452956424216,0
25708,586,1,699.0982,586.0,2,Inactive Minimal Buyers,0.6514412394682093,0,1,0,0.0024273452956424216,0
25709,590,1,699.0982,590.0,2,Inactive Minimal Buyers,0.6506002613803524,0,1,0,0.0024273452956424216,0
18132,503,1,699.0982,503.0,2,Inactive Minimal Buyers,0.6696149813172979,0,1,0,0.0024273452956424216,0
25560,644,1,699.0982,644.0,2,Inactive Minimal Buyers,0.6395242642491525,0,1,0,0.0024273452956424216,0
18131,501,1,699.0982,501.0,2,Inactive Minimal Buyers,0.6700714028969424,0,1,0,0.0024273452956424216,0
17999,585,1,699.0982,585.0,2,Inactive Minimal Buyers,0.6516519488027384,0,1,0,0.0024273452956424216,0
17957,732,1,699.0982,732.0,2,Inactive Minimal Buyers,0.6224611412495793,0,1,0,0.0024273452956424216,0
17956,740,1,699.0982,740.0,2,Inactive Minimal Buyers,0.6209640820422877,0,1,0,0.0024273452956424216,0
17973,680,1,699.0982,680.0,2,Inactive Minimal Buyers,0.632406131470417,0,1,0,0.0024273452956424216,0
25249,758,1,699.0982,758.0,2,Inactive Minimal Buyers,0.6176261084415511,0,1,0,0.0024273452956424216,0
17975,670,1,699.0982,670.0,2,Inactive Minimal Buyers,0.6343633681888223,0,1,0,0.0024273452956424216,0
25250,735,1,699.0982,735.0,2,Inactive Minimal Buyers,0.6218987540159644,0,1,0,0.0024273452956424216,0
17982,621,1,699.0982,621.0,2,Inactive Minimal Buyers,0.6441805271260765,0,1,0,0.0024273452956424216,0
25252,743,1,699.0982,743.0,2,Inactive Minimal Buyers,0.6204048510015027,0,1,0,0.0024273452956424216,0
17987,635,1,699.0982,635.0,2,Inactive Minimal Buyers,0.6413358409258753,0,1,0,0.0024273452956424216,0
17996,602,1,699.0982,602.0,2,Inactive Minimal Buyers,0.6480949186678933,0,1,0,0.0024273452956424216,0
25270,729,1,699.0982,729.0,2,Inactive Minimal Buyers,0.6230247255572388,0,1,0,0.0024273452956424216,0
25271,719,1,699.0982,719.0,2,Inactive Minimal Buyers,0.624912082118317,0,1,0,0.0024273452956424216,0
25272,708,1,699.0982,708.0,2,Inactive Minimal Buyers,0.6270039723398245,0,1,0,0.0024273452956424216,0
25273,703,1,699.0982,703.0,2,Inactive Minimal Buyers,0.6279604042157687,0,1,0,0.0024273452956424216,0
25559,674,1,699.0982,674.0,2,Inactive Minimal Buyers,0.6335786671057237,0,1,0,0.0024273452956424216,0
18004,599,1,699.0982,599.0,2,Inactive Minimal Buyers,0.6487188077898555,0,1,0,0.0024273452956424216,0
18008,562,1,699.0982,562.0,2,Inactive Minimal Buyers,0.6565508506736804,0,1,0,0.0024273452956424216,0
25294,727,1,699.0982,727.0,2,Inactive Minimal Buyers,0.6234011171624095,0,1,0,0.0024273452956424216,0
18009,552,1,699.0982,552.0,2,Inactive Minimal Buyers,0.6587132086484404,0,1,0,0.0024273452956424216,0
18010,542,1,699.0982,542.0,2,Inactive Minimal Buyers,0.6608959783144479,0,1,0,0.0024273452956424216,0
25555,713,1,699.0982,713.0,2,Inactive Minimal Buyers,0.6260510382395654,0,1,0,0.0024273452956424216,0
25556,678,1,699.0982,678.0,2,Inactive Minimal Buyers,0.6327963781501804,0,1,0,0.0024273452956424216,0
18011,544,1,699.0982,544.0,2,Inactive Minimal Buyers,0.6604577642752961,0,1,0,0.0024273452956424216,0
25557,674,1,699.0982,674.0,2,Inactive Minimal Buyers,0.6335786671057237,0,1,0,0.0024273452956424216,0
25558,698,1,699.0982,698.0,2,Inactive Minimal Buyers,0.6289203716859941,0,1,0,0.0024273452956424216,0
18038,537,1,699.0982,537.0,2,Inactive Minimal Buyers,0.661995195863423,0,1,0,0.0024273452956424216,0
18039,513,1,699.0982,513.0,2,Inactive Minimal Buyers,0.667346861344322,0,1,0,0.0024273452956424216,0
18046,494,1,699.0982,494.0,2,Inactive Minimal Buyers,0.6716763636315399,0,1,0,0.0024273452956424216,0
25710,591,1,699.0982,591.0,2,Inactive Minimal Buyers,0.650390479278833,0,1,0,0.0024273452956424216,0
25711,561,1,699.0982,561.0,2,Inactive Minimal Buyers,0.6567661837684379,0,1,0,0.0024273452956424216,0
14888,435,1,699.0982,435.0,2,Inactive Minimal Buyers,0.685701234263925,0,1,0,0.0024273452956424216,0
20170,626,1,699.0982,626.0,2,Inactive Minimal Buyers,0.6431607854901543,0,1,0,0.0024273452956424216,0
19339,673,1,699.0982,673.0,2,Inactive Minimal Buyers,0.6337746153902986,0,1,0,0.0024273452956424216,0
19340,642,1,699.0982,642.0,2,Inactive Minimal Buyers,0.6399256962141061,0,1,0,0.0024273452956424216,0
19496,435,1,699.0982,435.0,2,Inactive Minimal Buyers,0.685701234263925,0,1,0,0.0024273452956424216,0
25831,518,1,699.0982,518.0,2,Inactive Minimal Buyers,0.6662213974728542,0,1,0,0.0024273452956424216,0
25832,488,1,699.0982,488.0,2,Inactive Minimal Buyers,0.6730614544273741,0,1,0,0.0024273452956424216,0
25918,461,1,699.0982,461.0,2,Inactive Minimal Buyers,0.6794064485507278,0,1,0,0.0024273452956424216,0
25919,479,1,699.0982,479.0,2,Inactive Minimal Buyers,0.6751557511521982,0,1,0,0.0024273452956424216,0
25920,469,1,699.0982,469.0,2,Inactive Minimal Buyers,0.6775068186364028,0,1,0,0.0024273452956424216,0
25921,466,1,699.0982,466.0,2,Inactive Minimal Buyers,0.6782171965303924,0,1,0,0.0024273452956424216,0
25922,432,1,699.0982,432.0,2,Inactive Minimal Buyers,0.6864399685169689,0,1,0,0.0024273452956424216,0
25926,452,1,699.0982,452.0,2,Inactive Minimal Buyers,0.6815640753827017,0,1,0,0.0024273452956424216,0
19353,652,1,699.0982,652.0,2,Inactive Minimal Buyers,0.6379249677537631,0,1,0,0.0024273452956424216,0
25927,458,1,699.0982,458.0,2,Inactive Minimal Buyers,0.6801232113749301,0,1,0,0.0024273452956424216,0
19357,630,1,699.0982,630.0,2,Inactive Minimal Buyers,0.6423480301678475,0,1,0,0.0024273452956424216,0
19482,435,1,699.0982,435.0,2,Inactive Minimal Buyers,0.685701234263925,0,1,0,0.0024273452956424216,0
25928,453,1,699.0982,453.0,2,Inactive Minimal Buyers,0.6813232458587957,0,1,0,0.0024273452956424216,0
25935,446,1,699.0982,446.0,2,Inactive Minimal Buyers,0.6830148886810639,0,1,0,0.0024273452956424216,0
25936,451,1,699.0982,451.0,2,Inactive Minimal Buyers,0.6818051812607516,0,1,0,0.0024273452956424216,0
25937,449,1,699.0982,449.0,2,Inactive Minimal Buyers,0.6822882258027861,0,1,0,0.0024273452956424216,0
25938,431,1,699.0982,431.0,2,Inactive Minimal Buyers,0.6866868038518015,0,1,0,0.0024273452956424216,0
14912,458,1,699.0982,458.0,2,Inactive Minimal Buyers,0.6801232113749301,0,1,0,0.0024273452956424216,0
14902,443,1,699.0982,443.0,2,Inactive Minimal Buyers,0.6837440896850466,0,1,0,0.0024273452956424216,0
14896,440,1,699.0982,440.0,2,Inactive Minimal Buyers,0.684475854919983,0,1,0,0.0024273452956424216,0
19364,633,1,699.0982,633.0,2,Inactive Minimal Buyers,0.6417402187721016,0,1,0,0.0024273452956424216,0
14895,456,1,699.0982,456.0,2,Inactive Minimal Buyers,0.6806024061932736,0,1,0,0.0024273452956424216,0
14892,443,1,699.0982,443.0,2,Inactive Minimal Buyers,0.6837440896850466,0,1,0,0.0024273452956424216,0
19365,588,1,699.0982,588.0,2,Inactive Minimal Buyers,0.651020379534147,0,1,0,0.0024273452956424216,0
19476,453,1,699.0982,453.0,2,Inactive Minimal Buyers,0.6813232458587957,0,1,0,0.0024273452956424216,0
14891,443,1,699.0982,443.0,2,Inactive Minimal Buyers,0.6837440896850466,0,1,0,0.0024273452956424216,0
25830,516,1,699.0982,516.0,2,Inactive Minimal Buyers,0.6666709041204024,0,1,0,0.0024273452956424216,0
25829,505,1,699.0982,505.0,2,Inactive Minimal Buyers,0.6691594997302256,0,1,0,0.0024273452956424216,0
25828,519,1,699.0982,519.0,2,Inactive Minimal Buyers,0.6659969816110144,0,1,0,0.0024273452956424216,0
25717,561,1,699.0982,561.0,2,Inactive Minimal Buyers,0.6567661837684379,0,1,0,0.0024273452956424216,0
20167,633,1,699.0982,633.0,2,Inactive Minimal Buyers,0.6417402187721016,0,1,0,0.0024273452956424216,0
25712,549,1,699.0982,549.0,2,Inactive Minimal Buyers,0.659365870712556,0,1,0,0.0024273452956424216,0
20165,666,1,699.0982,666.0,2,Inactive Minimal Buyers,0.6351505032832843,0,1,0,0.0024273452956424216,0
20164,644,1,699.0982,644.0,2,Inactive Minimal Buyers,0.6395242642491525,0,1,0,0.0024273452956424216,0
20150,643,1,699.0982,643.0,2,Inactive Minimal Buyers,0.639724899271491,0,1,0,0.0024273452956424216,0
20149,674,1,699.0982,674.0,2,Inactive Minimal Buyers,0.6335786671057237,0,1,0,0.0024273452956424216,0
25713,572,1,699.0982,572.0,2,Inactive Minimal Buyers,0.6544083559597397,0,1,0,0.0024273452956424216,0
25714,564,1,699.0982,564.0,2,Inactive Minimal Buyers,0.6561207797877515,0,1,0,0.0024273452956424216,0
20060,680,1,699.0982,680.0,2,Inactive Minimal Buyers,0.632406131470417,0,1,0,0.0024273452956424216,0
25715,551,1,699.0982,551.0,2,Inactive Minimal Buyers,0.6589305578236703,0,1,0,0.0024273452956424216,0
20054,688,1,699.0982,688.0,2,Inactive Minimal Buyers,0.630851068115339,0,1,0,0.0024273452956424216,0
25716,550,1,699.0982,550.0,2,Inactive Minimal Buyers,0.659148111656821,0,1,0,0.0024273452956424216,0
20052,688,1,699.0982,688.0,2,Inactive Minimal Buyers,0.630851068115339,0,1,0,0.0024273452956424216,0
25718,532,1,699.0982,532.0,2,Inactive Minimal Buyers,0.6630997336753721,0,1,0,0.0024273452956424216,0
17971,707,1,699.0982,707.0,2,Inactive Minimal Buyers,0.6271949776924597,0,1,0,0.0024273452956424216,0
25819,528,1,699.0982,528.0,2,Inactive Minimal Buyers,0.6639872455422526,0,1,0,0.0024273452956424216,0
20049,724,1,699.0982,724.0,2,Inactive Minimal Buyers,0.6239667132614388,0,1,0,0.0024273452956424216,0
20048,727,1,699.0982,727.0,2,Inactive Minimal Buyers,0.6234011171624095,0,1,0,0.0024273452956424216,0
20042,760,1,699.0982,760.0,2,Inactive Minimal Buyers,0.6172577727616763,0,1,0,0.0024273452956424216,0
25821,523,1,699.0982,523.0,2,Inactive Minimal Buyers,0.6651015526297175,0,1,0,0.0024273452956424216,0
19942,735,1,699.0982,735.0,2,Inactive Minimal Buyers,0.6218987540159644,0,1,0,0.0024273452956424216,0
25822,529,1,699.0982,529.0,2,Inactive Minimal Buyers,0.6637650416400963,0,1,0,0.0024273452956424216,0
19941,748,1,699.0982,748.0,2,Inactive Minimal Buyers,0.619475396371574,0,1,0,0.0024273452956424216,0
25823,534,1,699.0982,534.0,2,Inactive Minimal Buyers,0.6626572752935445,0,1,0,0.0024273452956424216,0
25826,508,1,699.0982,508.0,2,Inactive Minimal Buyers,0.6684780275138174,0,1,0,0.0024273452956424216,0
25827,507,1,699.0982,507.0,2,Inactive Minimal Buyers,0.6687049524958738,0,1,0,0.0024273452956424216,0
19325,713,1,699.0982,713.0,2,Inactive Minimal Buyers,0.6260510382395654,0,1,0,0.0024273452956424216,0
19329,703,1,699.0982,703.0,2,Inactive Minimal Buyers,0.6279604042157687,0,1,0,0.0024273452956424216,0
26782,578,1,699.0982,578.0,2,Inactive Minimal Buyers,0.6531321743826034,0,0,0,0.0024273452956424216,0
19439,470,1,699.0982,470.0,2,Inactive Minimal Buyers,0.677270549753707,0,1,0,0.0024273452956424216,0
29886,670,1,57.6808,670.0,5,Champions,0.41014834545323603,0,0,0,0.0024273452956424216,0
29768,578,1,419.4589,578.0,2,Inactive Minimal Buyers,0.6459535151521718,0,0,0,0.0024273452956424216,0
29668,639,1,419.4589,639.0,2,Inactive Minimal Buyers,0.6333504031687145,0,0,0,0.0024273452956424216,0
29585,639,1,419.4589,639.0,2,Inactive Minimal Buyers,0.6333504031687145,0,0,0,0.0024273452956424216,0
16339,22,2,3169.5882,15.0,1,High Value but Cooling,0.8367615662708064,0,0,0,0.0023988151187639677,0
29907,1,1,27185.7408,1.0,7,Lost Customers,0.9343249719545106,0,1,0,0.0023699800190894542,0
30093,1,1,24026.60595,1.0,7,Lost Customers,0.9282991058176508,0,1,0,0.0023699800190894542,0
27014,426,1,699.0982,426.0,2,Inactive Minimal Buyers,0.6879254569207709,0,1,0,0.0023695191660726873,0
25949,423,1,699.0982,423.0,2,Inactive Minimal Buyers,0.6886722681577427,0,1,0,0.0023548992830317514,0
15023,411,1,699.0982,411.0,2,Inactive Minimal Buyers,0.6916873168057242,0,1,0,0.0023548992830317514,0
27026,425,1,699.0982,425.0,2,Inactive Minimal Buyers,0.6881740902348441,0,0,0,0.0023548992830317514,0
20575,415,1,699.0982,415.0,2,Inactive Minimal Buyers,0.6906772917983787,0,1,0,0.0023548992830317514,0
19901,413,1,699.0982,413.0,2,Inactive Minimal Buyers,0.6911816705656664,0,1,0,0.0023548992830317514,0
19904,409,1,699.0982,409.0,2,Inactive Minimal Buyers,0.6921942398797176,0,1,0,0.0023548992830317514,0
14913,413,1,699.0982,413.0,2,Inactive Minimal Buyers,0.6911816705656664,0,1,0,0.0023548992830317514,0
19051,410,1,699.0982,410.0,2,Inactive Minimal Buyers,0.6919406181489293,0,1,0,0.0023548992830317514,0
19041,407,1,699.0982,407.0,2,Inactive Minimal Buyers,0.6927024492640113,0,1,0,0.0023548992830317514,0
19033,416,1,699.0982,416.0,2,Inactive Minimal Buyers,0.6904255748226795,0,1,0,0.0023548992830317514,0
19028,409,1,699.0982,409.0,2,Inactive Minimal Buyers,0.6921942398797176,0,1,0,0.0023548992830317514,0
19027,398,1,699.0982,398.0,2,Inactive Minimal Buyers,0.6950055696320931,0,1,0,0.0023548992830317514,0
15016,421,1,699.0982,421.0,2,Inactive Minimal Buyers,0.6891716684088823,0,1,0,0.0023548992830317514,0
25947,418,1,699.0982,418.0,2,Inactive Minimal Buyers,0.68992307995958,0,1,0,0.0023548992830317514,0
15006,424,1,699.0982,424.0,2,Inactive Minimal Buyers,0.6884230269520224,0,1,0,0.0023548992830317514,0
15005,410,1,699.0982,410.0,2,Inactive Minimal Buyers,0.6919406181489293,0,1,0,0.0023548992830317514,0
14914,405,1,699.0982,405.0,2,Inactive Minimal Buyers,0.6932119545521588,0,1,0,0.0023548992830317514,0
19518,410,1,699.0982,410.0,2,Inactive Minimal Buyers,0.6919406181489293,0,1,0,0.0023548992830317514,0
25940,408,1,699.0982,408.0,2,Inactive Minimal Buyers,0.6924481831862501,0,1,0,0.0023548992830317514,0
25941,410,1,699.0982,410.0,2,Inactive Minimal Buyers,0.6919406181489293,0,1,0,0.0023548992830317514,0
14915,416,1,699.0982,416.0,2,Inactive Minimal Buyers,0.6904255748226795,0,1,0,0.0023548992830317514,0
25944,416,1,699.0982,416.0,2,Inactive Minimal Buyers,0.6904255748226795,0,1,0,0.0023548992830317514,0
25945,404,1,699.0982,404.0,2,Inactive Minimal Buyers,0.693467196190707,0,1,0,0.0023548992830317514,0
25946,400,1,699.0982,400.0,2,Inactive Minimal Buyers,0.6944914513910335,0,1,0,0.0023548992830317514,0
25939,415,1,699.0982,415.0,2,Inactive Minimal Buyers,0.6906772917983787,0,1,0,0.0023548992830317514,0
25948,405,1,699.0982,405.0,2,Inactive Minimal Buyers,0.6932119545521588,0,1,0,0.0023548992830317514,0
29644,62,3,1658.6587,136.5,1,High Value but Cooling,0.7897046504786454,0,1,0,0.002244338276454026,0
29590,1,4,7704.4431,121.66666666666667,1,High Value but Cooling,0.8923093200263552,0,1,0,0.0022224130036630034,0
29737,32,1,32901.622275,32.0,7,Lost Customers,0.9318040689980477,0,1,0,0.002198969560250048,0
29595,32,1,26328.529275,32.0,7,Lost Customers,0.9211419109942544,0,1,0,0.002198969560250048,0
29776,32,1,22690.449225,32.0,7,Lost Customers,0.9138429915459296,0,1,0,0.002198969560250048,0
29820,32,1,27275.306324999998,32.0,7,Lost Customers,0.9228539993251522,0,1,0,0.002198969560250048,0
29894,32,1,33802.11,32.0,7,Lost Customers,0.933073692060552,0,1,0,0.002198969560250048,0
29817,1,1,38544.3379,1.0,7,Lost Customers,0.9508099123140372,0,1,0,0.0021776723267817617,0
30070,32,1,41100.95865,32.0,7,Lost Customers,0.9421268539912073,0,1,0,0.0021228477653782527,0
29857,1,3,2100.8076,182.5,1,High Value but Cooling,0.8425169002089655,0,1,0,0.002077671609787359,0
29952,1,3,2592.7347,182.5,1,High Value but Cooling,0.8511949797365455,0,1,0,0.002077671609787359,0
29640,1,3,1942.6575,182.5,1,High Value but Cooling,0.8392240626490954,0,1,0,0.002077671609787359,0
29666,1,1,15842.61405,1.0,7,Lost Customers,0.9072103522278455,0,1,0,0.0020427195602500483,0
30116,32,1,50161.41105,32.0,7,Lost Customers,0.9511037675448816,0,1,0,0.002042719560250048,0
30051,32,1,49685.658525,32.0,7,Lost Customers,0.9506799427774283,0,1,0,0.0020066618679423554,0
18240,21,2,6098.58,595.0,1,High Value but Cooling,0.8621972886952007,0,0,0,0.0019088917618329388,0
30014,1,1,15681.349725,1.0,7,Lost Customers,0.9066768509434531,0,1,0,0.0018864695602500484,0
15695,427,1,3578.27,427.0,0,Active Minimal Buyers,0.6949243195426977,0,1,0,0.0016797145455612276,0
12078,429,1,3578.27,429.0,0,Active Minimal Buyers,0.6943545392242538,0,1,0,0.0016797145455612276,0
20995,427,1,3578.27,427.0,0,Active Minimal Buyers,0.6949243195426977,0,1,0,0.0016797145455612276,0
12142,429,1,3578.27,429.0,0,Active Minimal Buyers,0.6943545392242538,0,1,0,0.0016797145455612276,0
12103,428,1,3578.27,428.0,0,Active Minimal Buyers,0.6946392568809115,0,1,0,0.0016797145455612276,0
13537,427,1,3578.27,427.0,0,Active Minimal Buyers,0.6949243195426977,0,1,0,0.0016797145455612276,0
12440,427,1,3578.27,427.0,0,Active Minimal Buyers,0.6949243195426977,0,1,0,0.0016797145455612276,0
12112,429,1,3578.27,429.0,0,Active Minimal Buyers,0.6943545392242538,0,1,0,0.0016797145455612276,0
20444,429,1,3578.27,429.0,0,Active Minimal Buyers,0.6943545392242538,0,1,0,0.0016797145455612276,0
12153,429,1,3578.27,429.0,0,Active Minimal Buyers,0.6943545392242538,0,1,0,0.0016797145455612276,0
29987,32,1,108651.142599,32.0,7,Lost Customers,0.9836861875694423,0,1,0,0.0016420785346090226,0
26083,429,1,3374.99,429.0,0,Active Minimal Buyers,0.6943334019784796,0,1,0,0.0015710188933873146,0
26084,428,1,3374.99,428.0,0,Active Minimal Buyers,0.6946181196351373,0,1,0,0.0015710188933873146,0
29923,1,1,94139.272793,1.0,7,Lost Customers,0.9895320049319091,0,1,0,0.0015107021882542276,0
30063,1,1,22147.285275,1.0,7,Lost Customers,0.9242695425470915,0,1,0,0.0014177195602500482,0
30073,1,1,29331.50985,1.0,7,Lost Customers,0.9379801059290354,0,1,0,0.0014177195602500482,0
29538,1,1,18061.421625,1.0,7,Lost Customers,0.9139789047916734,0,1,0,0.0014177195602500482,0
29928,1,1,21892.13595,1.0,7,Lost Customers,0.9236925677994134,0,1,0,0.0014177195602500482,0
29899,1,1,32904.684,1.0,7,Lost Customers,0.9434384715850138,0,1,0,0.0014177195602500482,0
30005,1,1,20455.581225,1.0,7,Lost Customers,0.9202944340549124,0,1,0,0.0014177195602500482,0
29911,1,1,30005.91795,1.0,7,Lost Customers,0.9390663955952316,0,1,0,0.0013415977653782531,0
29621,274,1,6214.259,274.0,6,Declining Frequent Buyers,0.7480944010110638,0,0,0,0.0013375350140056022,0
11282,27,2,5998.73,490.0,1,High Value but Cooling,0.8576851517073215,0,0,0,0.0012347742127153893,0
30059,1,1,38978.10735,1.0,7,Lost Customers,0.951325310548881,0,1,0,0.0012254118679423556,0
29918,1,1,39731.712,1.0,7,Lost Customers,0.9522053975550525,0,1,0,0.0012254118679423556,0
29561,1,1,42188.46825,1.0,7,Lost Customers,0.9549477811077125,0,1,0,0.0012254118679423556,0
29524,1,1,52140.0648,1.0,7,Lost Customers,0.9644486703526145,0,1,0,0.0012254118679423556,0
29706,1,1,57103.068372,1.0,7,Lost Customers,0.968443146258039,0,1,0,0.0012254118679423556,0
29942,1,1,49258.28073,1.0,7,Lost Customers,0.961925275048704,0,1,0,0.0012254118679423556,0
18242,4,2,6121.71,606.0,1,High Value but Cooling,0.8785631137029103,0,0,0,0.0011286630036630037,0
29727,1,1,71283.240144,1.0,7,Lost Customers,0.9779796582182037,0,1,0,0.001069161867942356,0
30101,1,1,57263.270625,1.0,7,Lost Customers,0.9685654300890734,0,1,0,0.0010531362269167147,0
29940,1,1,122284.457836,1.0,7,Lost Customers,1.0,0,1,0,0.0010531362269167147,0
29615,1,1,98066.501267,1.0,7,Lost Customers,0.9911926252647105,0,1,0,0.0010531362269167147,0
29756,1,5,7516.8508,159.5,1,High Value but Cooling,0.8914453912057926,0,1,0,0.0009978070175438595,0
18906,31,2,4217.22,545.0,1,High Value but Cooling,0.8422373253348543,0,0,0,0.0009406565656565656,0
11117,30,2,5765.929999999999,604.0,1,High Value but Cooling,0.8544543377909213,0,1,0,0.0009406565656565656,0
11103,20,2,5763.44,635.0,1,High Value but Cooling,0.8608513011939612,0,1,0,0.0009406565656565656,0
11070,20,2,5745.209999999999,622.0,1,High Value but Cooling,0.8607359036062354,0,1,0,0.0009406565656565656,0
11239,18,2,5728.94,723.0,1,High Value but Cooling,0.8620956347176765,0,1,0,0.0009406565656565656,0
16313,32,2,4985.66,229.0,1,High Value but Cooling,0.84796025367425,0,0,0,0.0009406565656565656,0
12300,9,2,6076.61,607.0,1,High Value but Cooling,0.872115794927926,0,1,0,0.0009107142857142856,0
12132,32,2,6093.2,698.0,1,High Value but Cooling,0.8553112154902496,0,1,0,0.0009107142857142856,0
18214,18,2,6093.2,593.0,1,High Value but Cooling,0.8643328494005512,0,0,0,0.0009107142857142856,0
29586,1,2,13066.1803,0.0,1,High Value but Cooling,0.9101319113284975,0,1,0,0.0008925582428093189,0
29564,1,1,85091.667003,1.0,7,Lost Customers,0.9853859330763133,0,1,0,0.0008608285346090225,0
29984,1,1,4005.036,1.0,4,Frequent Low-Spend Customers,0.9197027670988561,0,1,0,0.0008422256097560977,0
29526,1,1,14124.171075,1.0,7,Lost Customers,0.9011799853781071,0,1,0,0.0008422256097560977,0
29868,1,1,5194.614,1.0,4,Frequent Low-Spend Customers,0.9213795134307396,0,1,0,0.0008422256097560977,0
29665,1,1,3560.754,1.0,4,Frequent Low-Spend Customers,0.9189247456350012,0,1,0,0.0008422256097560977,0
29519,1,1,5219.9220000000005,1.0,4,Frequent Low-Spend Customers,0.9214102797285052,0,1,0,0.0008422256097560977,0
19475,12,2,1394.93,66.0,1,High Value but Cooling,0.8102075384879854,0,0,0,0.0007918470418470419,0
11402,29,2,4470.3696,54.0,1,High Value but Cooling,0.8456097161183969,0,1,0,0.0007918470418470419,0
11403,11,2,4469.3696,82.0,1,High Value but Cooling,0.8587737015717416,0,1,0,0.0007918470418470419,0
12308,17,2,6078.71,589.0,1,High Value but Cooling,0.8650083888262244,0,1,0,0.000744047619047619,0
18207,7,2,6089.59,617.0,1,High Value but Cooling,0.8744111028893033,0,0,0,0.000744047619047619,0
16688,31,2,6081.099999999999,672.0,1,High Value but Cooling,0.8558076500712235,0,0,0,0.000744047619047619,0
29648,32,1,1243.3032749999998,32.0,8,Recent Low-Value Customers,0.8209424728560523,0,1,0,0.0007323232323232323,0
12841,430,1,3578.27,430.0,0,Active Minimal Buyers,0.6940701653542876,0,1,0,0.0006920289855072464,0
30015,1,1,14267.069142,1.0,7,Lost Customers,0.9017125243512143,0,1,0,0.0006859756097560976,0
29835,1,4,4155.9508,121.66666666666667,1,High Value but Cooling,0.869766741747024,0,1,0,0.0006076388888888889,0
22575,273,1,2443.35,273.0,6,Declining Frequent Buyers,0.7445707806204691,0,1,0,0.0005952380952380952,0
14285,244,1,1000.4375,244.0,2,Inactive Minimal Buyers,0.7444034071091252,0,1,0,0.0005952380952380952,0
15427,234,1,782.99,234.0,2,Inactive Minimal Buyers,0.7445350912476989,0,1,0,0.0005952380952380952,0
14297,197,1,1000.4375,197.0,8,Recent Low-Value Customers,0.7442816001952249,0,1,0,0.0005952380952380952,0
16389,272,1,2181.5625,272.0,6,Declining Frequent Buyers,0.7444096019972258,0,1,0,0.0005952380952380952,0
20879,234,1,782.99,234.0,2,Inactive Minimal Buyers,0.7445350912476989,0,1,0,0.0005952380952380952,0
15417,234,1,782.99,234.0,2,Inactive Minimal Buyers,0.7445350912476989,0,1,0,0.0005952380952380952,0
25010,196,1,1000.4375,196.0,8,Recent Low-Value Customers,0.7445773878846702,0,1,0,0.0005952380952380952,0
29498,62,5,3626.7545,159.5,1,High Value but Cooling,0.821768052018956,0,1,0,0.0005409356725146198,0
11451,2,2,5766.929999999999,548.0,1,High Value but Cooling,0.8798014391974991,0,1,0,0.00048611111111111104,0
11450,4,2,5745.209999999999,576.0,1,High Value but Cooling,0.87626059596455,0,1,0,0.00048611111111111104,0
11007,8,2,5791.94,743.0,1,High Value but Cooling,0.8714524510872975,0,1,0,0.00048611111111111104,0
11109,18,2,5851.95,612.0,1,High Value but Cooling,0.8628688096063615,0,1,0,0.00048611111111111104,0
19324,171,1,782.99,171.0,8,Recent Low-Value Customers,0.7447993504218385,0,1,0,0.00041666666666666664,0
26748,171,1,782.99,171.0,8,Recent Low-Value Customers,0.7447993504218385,0,1,0,0.00041666666666666664,0
14288,243,1,1000.4375,243.0,2,Inactive Minimal Buyers,0.7447353758233686,0,1,0,0.00041666666666666664,0
16687,13,2,6070.59,713.0,1,High Value but Cooling,0.8682515961732381,0,0,0,0.000375,0
18213,13,2,6070.59,616.0,1,High Value but Cooling,0.8682515961732381,0,0,0,0.000375,0
29900,62,2,758.9395,182.0,1,High Value but Cooling,0.754026191799587,0,0,0,0.0003645833333333333,0
16192,1,1,29.479999999999997,1.0,5,Champions,0.37768673126471725,0,1,0,0.0003645833333333333,0
14567,1,1,96.07000000000001,1.0,5,Champions,0.5098140184550304,0,1,0,0.0003645833333333333,0
14870,1,1,85.95,1.0,5,Champions,0.49814455107202543,0,0,0,0.0003645833333333333,0
27659,1,1,75.48,1.0,5,Champions,0.4843198693764763,0,0,0,0.0003645833333333333,0
29079,1,1,102.48,1.0,5,Champions,0.5165107134162045,0,0,0,0.0003645833333333333,0
11566,1,1,54.980000000000004,1.0,5,Champions,0.44965851214804886,0,1,0,0.0003645833333333333,0
15507,1,1,68.97,1.0,5,Champions,0.47458942231324164,0,1,0,0.0003645833333333333,0
12204,1,1,22.97,1.0,5,Champions,0.3475340180731923,0,1,0,0.0003645833333333333,0
16338,1,1,58.47,1.0,5,Champions,0.4564936103961922,0,1,0,0.0003645833333333333,0
16982,1,1,89.97,1.0,5,Champions,0.5029564268336926,0,0,0,0.0003645833333333333,0
16390,249,1,2181.5625,249.0,6,Declining Frequent Buyers,0.7524839481252715,0,1,0,0.0002941176470588235,0
13700,250,1,2181.5625,250.0,6,Declining Frequent Buyers,0.7521250546801347,0,1,0,0.0002941176470588235,0
16831,250,1,2443.35,250.0,6,Declining Frequent Buyers,0.7526291162508288,0,1,0,0.0002941176470588235,0
12218,249,1,2071.4196,249.0,6,Declining Frequent Buyers,0.7522508911421687,0,1,0,0.0002941176470588235,0
14813,251,1,2443.35,251.0,6,Declining Frequent Buyers,0.7522709648824444,0,1,0,0.0002941176470588235,0
14926,248,1,2443.35,248.0,6,Declining Frequent Buyers,0.7533476497329801,0,1,0,0.0002941176470588235,0
26532,250,1,2071.4196,250.0,6,Declining Frequent Buyers,0.7518919976970319,0,1,0,0.0002941176470588235,0
26520,250,1,2049.0982,250.0,6,Declining Frequent Buyers,0.7518430485160085,0,1,0,0.0002941176470588235,0
22411,250,1,2181.5625,250.0,6,Declining Frequent Buyers,0.7521250546801347,0,1,0,0.0002941176470588235,0
22860,250,1,2181.5625,250.0,6,Declining Frequent Buyers,0.7521250546801347,0,1,0,0.0002941176470588235,0
16598,251,1,2443.35,251.0,6,Declining Frequent Buyers,0.7522709648824444,0,1,0,0.0002941176470588235,0
22572,249,1,2443.35,249.0,6,Declining Frequent Buyers,0.7529880096959657,0,1,0,0.0002941176470588235,0
12129,249,1,2071.4196,249.0,6,Declining Frequent Buyers,0.7522508911421687,0,1,0,0.0002941176470588235,0
14925,250,1,2181.5625,250.0,6,Declining Frequent Buyers,0.7521250546801347,0,1,0,0.0002941176470588235,0
29775,62,4,2620.1228,91.0,1,High Value but Cooling,0.8088610453585735,0,1,0,0.0002777777777777778,0
29863,1,1,3521.4950249999997,1.0,4,Frequent Low-Spend Customers,0.9188507334862963,0,1,0,0.0002777777777777778,0
30110,62,4,1625.2755,91.0,1,High Value but Cooling,0.7888246105476904,0,0,0,0.0002777777777777778,0
29927,62,4,2342.5335,91.0,1,High Value but Cooling,0.8042797339922879,0,1,0,0.0002777777777777778,0
24417,21,1,2467.02,21.0,4,Frequent Low-Spend Customers,0.8779210722981,0,0,0,0.0002777777777777778,0
29999,32,5,1615.2174,91.25,1,High Value but Cooling,0.8026640031506821,0,0,0,0.0002631578947368421,0
29989,93,2,1344.252,181.0,1,High Value but Cooling,0.7692850522117562,0,1,0,0.00025657894736842105,0
16569,24,2,3936.5425,23.0,1,High Value but Cooling,0.8438735915249368,0,0,0,0.00020658263305322128,0
29845,1,2,1849.632,0.0,1,High Value but Cooling,0.8371391436435741,0,1,0,0.00020658263305322128,0
29723,1,2,606.4408000000001,0.0,1,High Value but Cooling,0.7858271290252348,0,1,0,0.00020658263305322128,0
20546,272,1,2049.0982,272.0,6,Declining Frequent Buyers,0.7441275958330996,0,1,0,0.00017857142857142857,0
16271,275,1,2443.35,275.0,6,Declining Frequent Buyers,0.7438869596879004,0,1,0,0.00017857142857142857,0
20843,174,1,782.99,174.0,8,Recent Low-Value Customers,0.7438501944395473,0,1,0,0.00017857142857142857,0
20808,236,1,782.99,236.0,2,Inactive Minimal Buyers,0.7438588348610374,0,1,0,0.00017857142857142857,0
22412,274,1,2443.35,274.0,6,Declining Frequent Buyers,0.7442285471889805,0,1,0,0.00017857142857142857,0
22576,273,1,2181.5625,273.0,6,Declining Frequent Buyers,0.744066719049775,0,1,0,0.00017857142857142857,0
26566,235,1,782.99,235.0,2,Inactive Minimal Buyers,0.7441965908805657,0,1,0,0.00017857142857142857,0
14121,245,1,1000.4375,245.0,2,Inactive Minimal Buyers,0.7440721415921291,0,1,0,0.00017857142857142857,0
26513,272,1,2071.4196,272.0,6,Declining Frequent Buyers,0.744176545014123,0,1,0,0.00017857142857142857,0
26567,236,1,782.99,236.0,2,Inactive Minimal Buyers,0.7438588348610374,0,1,0,0.00017857142857142857,0
13657,274,1,2443.35,274.0,6,Declining Frequent Buyers,0.7442285471889805,0,1,0,0.00017857142857142857,0
20866,236,1,782.99,236.0,2,Inactive Minimal Buyers,0.7438588348610374,0,1,0,0.00017857142857142857,0
27117,106,1,2071.4196,106.0,4,Frequent Low-Spend Customers,0.8126242441725939,0,1,0,0.00016666666666666666,0
24169,106,1,2181.5625,106.0,4,Frequent Low-Spend Customers,0.8129952595104096,0,1,0,0.00016666666666666666,0
27239,105,1,2071.4196,105.0,4,Frequent Low-Spend Customers,0.8131658908240584,0,0,0,0.00016666666666666666,0
17972,106,1,2181.5625,106.0,4,Frequent Low-Spend Customers,0.8129952595104096,0,1,0,0.00016666666666666666,0
12853,106,1,2049.0982,106.0,4,Frequent Low-Spend Customers,0.8125463194664065,0,1,0,0.00016666666666666666,0
24164,105,1,2181.5625,105.0,4,Frequent Low-Spend Customers,0.8135369061618741,0,1,0,0.00016666666666666666,0
12624,106,1,2049.0982,106.0,4,Frequent Low-Spend Customers,0.8125463194664065,0,1,0,0.00016666666666666666,0
24252,106,1,2181.5625,106.0,4,Frequent Low-Spend Customers,0.8129952595104096,0,1,0,0.00016666666666666666,0
16693,26,2,6060.5,682.0,1,High Value but Cooling,0.8586757300068106,0,0,0,0.00016666666666666666,0
20874,105,1,782.99,105.0,8,Recent Low-Value Customers,0.7684079136695289,0,1,0,0.00016666666666666666,0
24244,106,1,2443.35,106.0,4,Frequent Low-Spend Customers,0.8137977009195498,0,1,0,0.00016666666666666666,0
15862,106,1,782.99,106.0,8,Recent Low-Value Customers,0.7680002272922272,0,1,0,0.00016666666666666666,0
12548,105,1,2049.0982,105.0,4,Frequent Low-Spend Customers,0.8130879661178712,0,1,0,0.00016666666666666666,0
19434,105,1,782.99,105.0,8,Recent Low-Value Customers,0.7684079136695289,0,1,0,0.00016666666666666666,0
19446,105,1,782.99,105.0,8,Recent Low-Value Customers,0.7684079136695289,0,1,0,0.00016666666666666666,0
12301,22,2,6060.5,608.0,1,High Value but Cooling,0.8612829214670702,0,1,0,0.00016666666666666666,0
24174,105,1,2443.35,105.0,4,Frequent Low-Spend Customers,0.8143393475710144,0,1,0,0.00016666666666666666,0
24251,106,1,2443.35,106.0,4,Frequent Low-Spend Customers,0.8137977009195498,0,1,0,0.00016666666666666666,0
11295,20,2,6058.25,472.0,1,High Value but Cooling,0.8626618052691737,0,0,0,0.00016666666666666666,0
15170,106,1,2071.4196,106.0,4,Frequent Low-Spend Customers,0.8126242441725939,0,1,0,0.00016666666666666666,0
15036,106,1,2049.0982,106.0,4,Frequent Low-Spend Customers,0.8125463194664065,0,1,0,0.00016666666666666666,0
13080,269,1,2049.0982,269.0,6,Declining Frequent Buyers,0.7451601781261854,0,1,0,0.00014705882352941175,0
13082,267,1,2071.4196,267.0,6,Declining Frequent Buyers,0.7459008303280128,0,1,0,0.00014705882352941175,0
13712,270,1,2181.5625,270.0,6,Declining Frequent Buyers,0.7450973309482718,0,1,0,0.00014705882352941175,0
14818,266,1,2181.5625,266.0,6,Declining Frequent Buyers,0.7464807445362815,0,1,0,0.00014705882352941175,0
16307,270,1,2181.5625,270.0,6,Declining Frequent Buyers,0.7450973309482718,0,1,0,0.00014705882352941175,0
22857,266,1,2443.35,266.0,6,Declining Frequent Buyers,0.7469848061069757,0,1,0,0.00014705882352941175,0
20483,267,1,2049.0982,267.0,6,Declining Frequent Buyers,0.7458518811469894,0,1,0,0.00014705882352941175,0
14851,269,1,2181.5625,269.0,6,Declining Frequent Buyers,0.7454421842903116,0,1,0,0.00014705882352941175,0
16309,269,1,2181.5625,269.0,6,Declining Frequent Buyers,0.7454421842903116,0,1,0,0.00014705882352941175,0
14930,269,1,2181.5625,269.0,6,Declining Frequent Buyers,0.7454421842903116,0,1,0,0.00014705882352941175,0
26521,267,1,2071.4196,267.0,6,Declining Frequent Buyers,0.7459008303280128,0,1,0,0.00014705882352941175,0
13489,271,1,2443.35,271.0,6,Declining Frequent Buyers,0.7452571996500094,0,1,0,0.00014705882352941175,0
22582,268,1,2181.5625,268.0,6,Declining Frequent Buyers,0.7457877018260828,0,1,0,0.00014705882352941175,0
22580,272,1,2443.35,272.0,6,Declining Frequent Buyers,0.74491366356792,0,1,0,0.00014705882352941175,0
22571,267,1,2181.5625,267.0,6,Declining Frequent Buyers,0.7461338873111156,0,1,0,0.00014705882352941175,0
26534,268,1,2071.4196,268.0,6,Declining Frequent Buyers,0.74555464484298,0,1,0,0.00014705882352941175,0
22410,269,1,2443.35,269.0,6,Declining Frequent Buyers,0.7459462458610058,0,1,0,0.00014705882352941175,0
22202,267,1,2181.5625,267.0,6,Declining Frequent Buyers,0.7461338873111156,0,1,0,0.00014705882352941175,0
22207,269,1,2443.35,269.0,6,Declining Frequent Buyers,0.7459462458610058,0,1,0,0.00014705882352941175,0
16829,267,1,2443.35,267.0,6,Declining Frequent Buyers,0.7466379488818098,0,1,0,0.00014705882352941175,0
29764,1,6,8001.528200000001,146.0,1,High Value but Cooling,0.8936296970638284,0,1,0,0.00013157894736842105,0
29691,1,4,13195.937,121.66666666666667,1,High Value but Cooling,0.9104555019472066,0,1,0,0.00013157894736842105,0
29569,1,7,14178.3447,121.66666666666667,1,High Value but Cooling,0.9127767043369805,0,1,0,0.00013157894736842105,0
30023,1,4,8695.832608,121.66666666666667,1,High Value but Cooling,0.8965094454952448,0,1,0,0.00013157894736842105,0
29847,154,2,1429.7236,181.0,1,High Value but Cooling,0.7546238523013642,0,1,0,0.000125,0
20264,433,1,3578.27,433.0,0,Active Minimal Buyers,0.6932190943866037,0,1,0,0.00010869565217391303,0
20258,434,1,3578.27,434.0,0,Active Minimal Buyers,0.692936083620542,0,1,0,0.00010869565217391303,0
12033,433,1,3578.27,433.0,0,Active Minimal Buyers,0.6932190943866037,0,1,0,0.00010869565217391303,0
20452,433,1,3578.27,433.0,0,Active Minimal Buyers,0.6932190943866037,0,1,0,0.00010869565217391303,0
12026,434,1,3578.27,434.0,0,Active Minimal Buyers,0.692936083620542,0,1,0,0.00010869565217391303,0
20427,431,1,3578.27,431.0,0,Active Minimal Buyers,0.693786134059695,0,1,0,0.00010869565217391303,0
20609,431,1,3578.27,431.0,0,Active Minimal Buyers,0.693786134059695,0,1,0,0.00010869565217391303,0
12170,433,1,3578.27,433.0,0,Active Minimal Buyers,0.6932190943866037,0,1,0,0.00010869565217391303,0
12083,432,1,3578.27,432.0,0,Active Minimal Buyers,0.6935024441362186,0,1,0,0.00010869565217391303,0
20418,434,1,3578.27,434.0,0,Active Minimal Buyers,0.692936083620542,0,1,0,0.00010869565217391303,0
12164,431,1,3578.27,431.0,0,Active Minimal Buyers,0.693786134059695,0,1,0,0.00010869565217391303,0
12071,433,1,3578.27,433.0,0,Active Minimal Buyers,0.6932190943866037,0,1,0,0.00010869565217391303,0
14951,434,1,3578.27,434.0,0,Active Minimal Buyers,0.692936083620542,0,1,0,0.00010869565217391303,0
12817,432,1,3578.27,432.0,0,Active Minimal Buyers,0.6935024441362186,0,1,0,0.00010869565217391303,0
12075,434,1,3578.27,434.0,0,Active Minimal Buyers,0.692936083620542,0,1,0,0.00010869565217391303,0
14952,432,1,3578.27,432.0,0,Active Minimal Buyers,0.6935024441362186,0,1,0,0.00010869565217391303,0
12059,434,1,3578.27,434.0,0,Active Minimal Buyers,0.692936083620542,0,1,0,0.00010869565217391303,0
30024,1,1,2666.269476,1.0,4,Frequent Low-Spend Customers,0.9169560252306377,0,1,0,6.097560975609756e-05,0
11340,27,2,4413.0581999999995,67.0,1,High Value but Cooling,0.8463286645591303,0,0,0,5.9523809523809524e-05,0
16570,11,2,4219.32,41.0,1,High Value but Cooling,0.8565936086258625,0,0,0,5.9523809523809524e-05,0
16310,2,2,3693.1899999999996,100.0,1,High Value but Cooling,0.8630646941185278,0,1,0,5.9523809523809524e-05,0
11336,24,2,4441.3796,100.0,1,High Value but Cooling,0.8484665426155934,0,0,0,5.9523809523809524e-05,0
24605,9,2,3627.81,38.0,1,High Value but Cooling,0.8527887124129323,0,0,0,5.9523809523809524e-05,0
16937,13,2,3926.5325,31.0,1,High Value but Cooling,0.8520150892614701,0,0,0,5.9523809523809524e-05,0
17949,5,2,1819.9175,49.0,1,High Value but Cooling,0.8294479289328214,0,1,0,5.9523809523809524e-05,0
21056,6,2,2547.95,105.0,1,High Value but Cooling,0.8421705291732419,0,0,0,5.9523809523809524e-05,0
11409,1,2,4444.0682,72.0,1,High Value but Cooling,0.8723061723898502,0,0,0,5.9523809523809524e-05,0
21534,27,2,1622.45,35.0,1,High Value but Cooling,0.8057946621206199,0,0,0,5.9523809523809524e-05,0
12657,32,2,2589.0882,62.0,1,High Value but Cooling,0.8224831938993731,0,1,0,5.9523809523809524e-05,0
16388,19,2,4673.8825,104.0,1,High Value but Cooling,0.8538309946802207,0,0,0,5.9523809523809524e-05,0
17833,22,2,3694.47,89.0,1,High Value but Cooling,0.8427577045747723,0,1,0,5.9523809523809524e-05,0
11345,29,2,4404.0882,70.0,1,High Value but Cooling,0.8450457525780339,0,0,0,5.9523809523809524e-05,0
11401,7,2,4445.8895999999995,86.0,1,High Value but Cooling,0.8627906304558447,0,1,0,5.9523809523809524e-05,0
16394,19,2,4659.9025,97.0,1,High Value but Cooling,0.8537186839548843,0,0,0,5.9523809523809524e-05,0
11417,18,2,4511.0682,68.0,1,High Value but Cooling,0.8532397299730595,0,1,0,5.9523809523809524e-05,0
23105,28,2,3361.5325,210.0,1,High Value but Cooling,0.835241792164563,0,0,0,0.0,0
23348,191,1,2443.35,191.0,6,Declining Frequent Buyers,0.7752546020029065,0,1,0,0.0,0
23344,211,1,2181.5625,211.0,6,Declining Frequent Buyers,0.7667210458501379,0,1,0,0.0,0
22959,234,1,2181.5625,234.0,6,Declining Frequent Buyers,0.7579595823194042,0,1,0,0.0,0
23343,183,1,2181.5625,183.0,6,Declining Frequent Buyers,0.7780835738137966,0,1,0,0.0,0
23332,213,1,2443.35,213.0,6,Declining Frequent Buyers,0.7664442250826079,0,1,0,0.0,0
23331,186,1,2443.35,186.0,6,Declining Frequent Buyers,0.7773290888732777,0,1,0,0.0,0
23325,188,1,2443.35,188.0,6,Declining Frequent Buyers,0.7764958770632368,0,1,0,0.0,0
23119,184,1,2181.5625,184.0,6,Declining Frequent Buyers,0.7776628817667843,0,1,0,0.0,0
23351,511,1,3578.27,511.0,0,Active Minimal Buyers,0.6720778073305114,0,1,0,0.0,0
23323,188,1,2181.5625,188.0,6,Declining Frequent Buyers,0.7759918154925426,0,1,0,0.0,0
23322,191,1,2443.35,191.0,6,Declining Frequent Buyers,0.7752546020029065,0,1,0,0.0,0
23106,228,1,2181.5625,228.0,6,Declining Frequent Buyers,0.7602005546033952,0,1,0,0.0,0
23321,183,1,2443.35,183.0,6,Declining Frequent Buyers,0.7785876353844907,0,1,0,0.0,0
23320,192,1,2181.5625,192.0,6,Declining Frequent Buyers,0.7743390239937654,0,1,0,0.0,0
23316,204,1,2181.5625,204.0,6,Declining Frequent Buyers,0.7694847166490055,0,1,0,0.0,0
23098,242,1,2181.5625,242.0,6,Declining Frequent Buyers,0.7550173655062538,0,1,0,0.0,0
23324,203,1,2181.5625,203.0,6,Declining Frequent Buyers,0.7698835056075652,0,1,0,0.0,0
23104,9,2,3490.0325,207.0,1,High Value but Cooling,0.851281815443323,0,0,0,0.0,0
23314,204,1,2181.5625,204.0,6,Declining Frequent Buyers,0.7694847166490055,0,1,0,0.0,0
23397,477,1,3578.27,477.0,0,Active Minimal Buyers,0.6810714618469995,0,1,0,0.0,0
22954,236,1,2443.35,236.0,6,Declining Frequent Buyers,0.7577232722894421,0,1,0,0.0,0
23410,190,1,2181.5625,190.0,6,Declining Frequent Buyers,0.7751631718866329,0,1,0,0.0,0
23409,208,1,2181.5625,208.0,6,Declining Frequent Buyers,0.7678995805071148,0,1,0,0.0,0
23097,227,1,2181.5625,227.0,6,Declining Frequent Buyers,0.7605770032425074,0,1,0,0.0,0
23408,210,1,2443.35,210.0,6,Declining Frequent Buyers,0.7676169839036584,0,1,0,0.0,0
23074,530,1,3578.27,530.0,0,Active Minimal Buyers,0.6671868296305212,0,1,0,0.0,0
22958,231,1,2443.35,231.0,6,Declining Frequent Buyers,0.7595803662165567,0,1,0,0.0,0
23057,545,1,3578.27,545.0,0,Active Minimal Buyers,0.6633894171072299,0,1,0,0.0,0
23376,494,1,3578.27,494.0,0,Active Minimal Buyers,0.6765345090428738,0,1,0,0.0,0
22998,32,2,5329.25,489.0,1,High Value but Cooling,0.8504249296858862,0,0,0,0.0,0
22996,543,1,3578.27,543.0,0,Active Minimal Buyers,0.6638925798707446,0,1,0,0.0,0
23396,459,1,3578.27,459.0,0,Active Minimal Buyers,0.685967638294033,0,1,0,0.0,0
23416,187,1,2443.35,187.0,6,Declining Frequent Buyers,0.7769119073363852,0,1,0,0.0,0
23415,212,1,2443.35,212.0,6,Declining Frequent Buyers,0.7668341900918924,0,1,0,0.0,0
23385,514,1,3578.27,514.0,0,Active Minimal Buyers,0.6712993534851849,0,1,0,0.0,0
23378,500,1,3578.27,500.0,0,Active Minimal Buyers,0.6749526059395106,0,1,0,0.0,0
23107,216,1,2181.5625,216.0,6,Declining Frequent Buyers,0.7647759152573074,0,1,0,0.0,0
23417,193,1,2181.5625,193.0,6,Declining Frequent Buyers,0.7739286138043001,0,1,0,0.0,0
23412,199,1,2443.35,199.0,6,Declining Frequent Buyers,0.7719929685881382,0,1,0,0.0,0
23313,201,1,2181.5625,201.0,6,Declining Frequent Buyers,0.770684141810976,0,1,0,0.0,0
23172,545,1,3578.27,545.0,0,Active Minimal Buyers,0.6633894171072299,0,1,0,0.0,0
23117,198,1,2181.5625,198.0,6,Declining Frequent Buyers,0.7718928575930694,0,1,0,0.0,0
22986,222,1,2181.5625,222.0,6,Declining Frequent Buyers,0.7624722439298707,0,1,0,0.0,0
22987,240,1,2181.5625,240.0,6,Declining Frequent Buyers,0.7557481429792144,0,1,0,0.0,0
23099,215,1,2443.35,215.0,6,Declining Frequent Buyers,0.7656671250865936,0,1,0,0.0,0
23164,526,1,3578.27,526.0,0,Active Minimal Buyers,0.6682088561745183,0,1,0,0.0,0
23118,209,1,2181.5625,209.0,6,Declining Frequent Buyers,0.7675057648856171,0,1,0,0.0,0
22988,226,1,2443.35,226.0,6,Declining Frequent Buyers,0.7614583722136455,0,1,0,0.0,0
23411,212,1,2443.35,212.0,6,Declining Frequent Buyers,0.7668341900918924,0,1,0,0.0,0
23100,217,1,2443.35,217.0,6,Declining Frequent Buyers,0.7648937543427936,0,1,0,0.0,0
23137,537,1,3578.27,537.0,0,Active Minimal Buyers,0.6654078616155021,0,1,0,0.0,0
23421,210,1,2443.35,210.0,6,Declining Frequent Buyers,0.7676169839036584,0,1,0,0.0,0
23420,188,1,2443.35,188.0,6,Declining Frequent Buyers,0.7764958770632368,0,1,0,0.0,0
23101,227,1,2181.5625,227.0,6,Declining Frequent Buyers,0.7605770032425074,0,1,0,0.0,0
23121,210,1,2443.35,210.0,6,Declining Frequent Buyers,0.7676169839036584,0,1,0,0.0,0
23120,210,1,2443.35,210.0,6,Declining Frequent Buyers,0.7676169839036584,0,1,0,0.0,0
22995,522,1,3578.27,522.0,0,Active Minimal Buyers,0.6692349208300924,0,1,0,0.0,0
23209,538,1,3578.27,538.0,0,Active Minimal Buyers,0.6651547072134242,0,1,0,0.0,0
23234,30,1,2478.3399999999997,30.0,4,Frequent Low-Spend Customers,0.8678729828151283,0,0,0,0.0,0
23267,524,1,3578.27,524.0,0,Active Minimal Buyers,0.6687213808205427,0,1,0,0.0,0
23306,510,1,3578.27,510.0,0,Active Minimal Buyers,0.6723378183018052,0,1,0,0.0,0
23311,208,1,2181.5625,208.0,6,Declining Frequent Buyers,0.7678995805071148,0,1,0,0.0,0
22953,242,1,2181.5625,242.0,6,Declining Frequent Buyers,0.7550173655062538,0,1,0,0.0,0
22961,238,1,2181.5625,238.0,6,Declining Frequent Buyers,0.7564820779706061,0,1,0,0.0,0
23310,22,2,3333.3225,171.0,1,High Value but Cooling,0.8387464496495499,0,0,0,0.0,0
23113,529,1,3578.27,529.0,0,Active Minimal Buyers,0.667441960231448,0,1,0,0.0,0
23414,210,1,2181.5625,210.0,6,Declining Frequent Buyers,0.7671129223329642,0,1,0,0.0,0
22966,218,1,2181.5625,218.0,6,Declining Frequent Buyers,0.7640043896150045,0,1,0,0.0,0
23418,209,1,2181.5625,209.0,6,Declining Frequent Buyers,0.7675057648856171,0,1,0,0.0,0
22976,524,1,3578.27,524.0,0,Active Minimal Buyers,0.6687213808205427,0,1,0,0.0,0
23102,242,1,2181.5625,242.0,6,Declining Frequent Buyers,0.7550173655062538,0,1,0,0.0,0
23114,538,1,3578.27,538.0,0,Active Minimal Buyers,0.6651547072134242,0,1,0,0.0,0
23116,185,1,2181.5625,185.0,6,Declining Frequent Buyers,0.7772433694712468,0,1,0,0.0,0
23281,489,1,3578.27,489.0,0,Active Minimal Buyers,0.6778603876006527,0,1,0,0.0,0
22971,570,1,3578.27,570.0,0,Active Minimal Buyers,0.6571789232199515,0,0,0,0.0,0
22975,573,1,3578.27,573.0,0,Active Minimal Buyers,0.6564432362369041,0,0,0,0.0,0
23413,194,1,2443.35,194.0,6,Declining Frequent Buyers,0.7740233627812265,0,1,0,0.0,0
23283,504,1,3578.27,504.0,0,Active Minimal Buyers,0.6739034659928805,0,1,0,0.0,0
29225,548,1,3578.27,548.0,0,Active Minimal Buyers,0.6626364649637723,0,1,0,0.0,0
22951,222,1,2443.35,222.0,6,Declining Frequent Buyers,0.7629763055005648,0,1,0,0.0,0
22950,220,1,2181.5625,220.0,6,Declining Frequent Buyers,0.7632365158732031,0,1,0,0.0,0
22260,22,1,563.77,22.0,8,Recent Low-Value Customers,0.8049237232726456,0,0,0,0.0,0
22261,32,1,561.48,32.0,8,Recent Low-Value Customers,0.7965964034559414,0,0,0,0.0,0
22262,7,1,539.99,7.0,8,Recent Low-Value Customers,0.8207467969824327,0,0,0,0.0,0
22267,597,1,3578.27,597.0,0,Active Minimal Buyers,0.6506282598839447,0,1,0,0.0,0
22268,582,1,3578.27,582.0,0,Active Minimal Buyers,0.6542480819143022,0,1,0,0.0,0
22273,12,1,574.98,12.0,8,Recent Low-Value Customers,0.8159336184742368,0,0,0,0.0,0
22274,8,1,574.98,8.0,8,Recent Low-Value Customers,0.8212611423589141,0,0,0,0.0,0
22284,1,1,600.46,1.0,8,Recent Low-Value Customers,0.8368386491862904,0,0,0,0.0,0
22299,602,1,3578.27,602.0,0,Active Minimal Buyers,0.6494321562871894,0,1,0,0.0,0
22312,18,1,2478.24,18.0,4,Frequent Low-Spend Customers,0.8817803648937457,0,0,0,0.0,0
22323,8,1,2443.35,8.0,4,Frequent Low-Spend Customers,0.8975004868157443,0,0,0,0.0,0
22330,1,1,608.96,1.0,8,Recent Low-Value Customers,0.8372883548104937,0,0,0,0.0,0
22373,589,1,3578.27,589.0,0,Active Minimal Buyers,0.6525528840780185,0,1,0,0.0,0
22393,12,1,588.96,12.0,8,Recent Low-Value Customers,0.8167062027346844,0,0,0,0.0,0
22398,3,1,539.99,3.0,8,Recent Low-Value Customers,0.8281259350470144,0,0,0,0.0,0
22399,257,1,2181.5625,257.0,6,Declining Frequent Buyers,0.7496333314703567,0,1,0,0.0,0
22400,274,1,2181.5625,274.0,6,Declining Frequent Buyers,0.7437244856182863,0,1,0,0.0,0
22401,257,1,2443.35,257.0,6,Declining Frequent Buyers,0.7501373930410509,0,1,0,0.0,0
22402,264,1,2181.5625,264.0,6,Declining Frequent Buyers,0.7471764895500083,0,1,0,0.0,0
22404,246,1,2443.35,246.0,6,Declining Frequent Buyers,0.7540691878724654,0,1,0,0.0,0
22406,247,1,2443.35,247.0,6,Declining Frequent Buyers,0.7537080409227318,0,1,0,0.0,0
22407,255,1,2181.5625,255.0,6,Declining Frequent Buyers,0.7503416298685276,0,1,0,0.0,0
22408,264,1,2181.5625,264.0,6,Declining Frequent Buyers,0.7471764895500083,0,1,0,0.0,0
22409,253,1,2181.5625,253.0,6,Declining Frequent Buyers,0.7510528089695936,0,1,0,0.0,0
22414,21,1,574.98,21.0,8,Recent Low-Value Customers,0.8064731691891356,0,0,0,0.0,0
22415,22,1,615.47,22.0,8,Recent Low-Value Customers,0.807740795783279,0,0,0,0.0,0
22430,32,1,2638.94,32.0,4,Frequent Low-Spend Customers,0.8662878867081275,0,0,0,0.0,0
22432,24,1,578.46,24.0,8,Recent Low-Value Customers,0.8039843899728641,0,0,0,0.0,0
22436,14,1,607.96,14.0,8,Recent Low-Value Customers,0.8153821191383734,0,0,0,0.0,0
22259,21,1,562.96,21.0,8,Recent Low-Value Customers,0.8057916412541379,0,0,0,0.0,0
22254,16,1,553.97,16.0,8,Recent Low-Value Customers,0.8102060744098636,0,0,0,0.0,0
22252,586,1,3578.27,586.0,0,Active Minimal Buyers,0.6532781108885154,0,1,0,0.0,0
22193,276,1,2443.35,276.0,6,Declining Frequent Buyers,0.7435460145643759,0,1,0,0.0,0
22121,622,1,3578.27,622.0,0,Active Minimal Buyers,0.6446985232145556,0,1,0,0.0,0
22128,614,1,3578.27,614.0,0,Active Minimal Buyers,0.6465823635277628,0,1,0,0.0,0
22168,292,1,2443.35,292.0,6,Declining Frequent Buyers,0.7381754773718965,0,1,0,0.0,0
22170,301,1,2181.5625,301.0,6,Declining Frequent Buyers,0.7347173287786641,0,1,0,0.0,0
22171,280,1,2181.5625,280.0,6,Declining Frequent Buyers,0.7416845263395593,0,1,0,0.0,0
22172,303,1,2181.5625,303.0,6,Declining Frequent Buyers,0.7340671015237457,0,1,0,0.0,0
22173,296,1,2181.5625,296.0,6,Declining Frequent Buyers,0.7363527512027995,0,1,0,0.0,0
22174,293,1,2443.35,293.0,6,Declining Frequent Buyers,0.7378449388559072,0,1,0,0.0,0
22175,292,1,2443.35,292.0,6,Declining Frequent Buyers,0.7381754773718965,0,1,0,0.0,0
22178,294,1,2443.35,294.0,6,Declining Frequent Buyers,0.737514983915467,0,1,0,0.0,0
22180,304,1,2181.5625,304.0,6,Declining Frequent Buyers,0.7337428212728201,0,1,0,0.0,0
22181,299,1,2181.5625,299.0,6,Declining Frequent Buyers,0.7353697970472279,0,1,0,0.0,0
22182,614,1,3578.27,614.0,0,Active Minimal Buyers,0.6465823635277628,0,1,0,0.0,0
22194,278,1,2181.5625,278.0,6,Declining Frequent Buyers,0.7423619758289098,0,1,0,0.0,0
22251,591,1,3578.27,591.0,0,Active Minimal Buyers,0.6520704633776012,0,1,0,0.0,0
22195,299,1,2443.35,299.0,6,Declining Frequent Buyers,0.7358738586179221,0,1,0,0.0,0
22196,291,1,2181.5625,291.0,6,Declining Frequent Buyers,0.7380025409219108,0,1,0,0.0,0
22197,298,1,2181.5625,298.0,6,Declining Frequent Buyers,0.735696878653407,0,1,0,0.0,0
22198,294,1,2181.5625,294.0,6,Declining Frequent Buyers,0.7370109223447728,0,1,0,0.0,0
22199,287,1,2181.5625,287.0,6,Declining Frequent Buyers,0.7393329689576287,0,1,0,0.0,0
22200,293,1,2181.5625,293.0,6,Declining Frequent Buyers,0.737340877285213,0,1,0,0.0,0
22201,255,1,2443.35,255.0,6,Declining Frequent Buyers,0.7508456914392218,0,1,0,0.0,0
22203,251,1,2181.5625,251.0,6,Declining Frequent Buyers,0.7517669033117502,0,1,0,0.0,0
22230,614,1,3578.27,614.0,0,Active Minimal Buyers,0.6465823635277628,0,1,0,0.0,0
22232,619,1,3578.27,619.0,0,Active Minimal Buyers,0.6454034822540766,0,1,0,0.0,0
22233,622,1,3578.27,622.0,0,Active Minimal Buyers,0.6446985232145556,0,1,0,0.0,0
22234,617,1,3578.27,617.0,0,Active Minimal Buyers,0.6458744399065436,0,1,0,0.0,0
22247,589,1,3578.27,589.0,0,Active Minimal Buyers,0.6525528840780185,0,1,0,0.0,0
22441,6,1,597.95,6.0,8,Recent Low-Value Customers,0.8256553018829828,0,0,0,0.0,0
22445,5,1,2490.18,5.0,4,Frequent Low-Spend Customers,0.9041170146936207,0,0,0,0.0,0
22459,9,1,539.99,9.0,8,Recent Low-Value Customers,0.8177985237519508,0,0,0,0.0,0
22929,237,1,2181.5625,237.0,6,Declining Frequent Buyers,0.7568502420769913,0,1,0,0.0,0
22903,555,1,3578.27,555.0,0,Active Minimal Buyers,0.6608878472912564,0,1,0,0.0,0
22904,262,1,2181.5625,262.0,6,Declining Frequent Buyers,0.7478749679189726,0,1,0,0.0,0
22905,232,1,2181.5625,232.0,6,Declining Frequent Buyers,0.7587032347515249,0,1,0,0.0,0
22906,230,1,2181.5625,230.0,6,Declining Frequent Buyers,0.7594502109039891,0,1,0,0.0,0
22907,240,1,2443.35,240.0,6,Declining Frequent Buyers,0.7562522045499086,0,1,0,0.0,0
22908,233,1,2181.5625,233.0,6,Declining Frequent Buyers,0.7583309957726234,0,1,0,0.0,0
22909,238,1,2181.5625,238.0,6,Declining Frequent Buyers,0.7564820779706061,0,1,0,0.0,0
22910,215,1,2181.5625,215.0,6,Declining Frequent Buyers,0.7651630635158995,0,1,0,0.0,0
22912,242,1,2181.5625,242.0,6,Declining Frequent Buyers,0.7550173655062538,0,1,0,0.0,0
22913,244,1,2181.5625,244.0,6,Declining Frequent Buyers,0.754289706146064,0,1,0,0.0,0
22921,232,1,2181.5625,232.0,6,Declining Frequent Buyers,0.7587032347515249,0,1,0,0.0,0
22926,222,1,2181.5625,222.0,6,Declining Frequent Buyers,0.7624722439298707,0,1,0,0.0,0
22927,244,1,2181.5625,244.0,6,Declining Frequent Buyers,0.754289706146064,0,1,0,0.0,0
22930,215,1,2443.35,215.0,6,Declining Frequent Buyers,0.7656671250865936,0,1,0,0.0,0
22895,1,2,6029.57,567.0,1,High Value but Cooling,0.8835838769564194,0,0,0,0.0,0
22931,10,2,3882.5525,222.0,1,High Value but Cooling,0.8543882682315332,0,0,0,0.0,0
22932,15,2,4169.33,228.0,1,High Value but Cooling,0.8526098935028037,0,0,0,0.0,0
22933,217,1,2181.5625,217.0,6,Declining Frequent Buyers,0.7643896927720994,0,1,0,0.0,0
22934,225,1,2443.35,225.0,6,Declining Frequent Buyers,0.7618365441305341,0,1,0,0.0,0
22935,228,1,2181.5625,228.0,6,Declining Frequent Buyers,0.7602005546033952,0,1,0,0.0,0
22936,231,1,2181.5625,231.0,6,Declining Frequent Buyers,0.7590763046458625,0,1,0,0.0,0
22937,215,1,2443.35,215.0,6,Declining Frequent Buyers,0.7656671250865936,0,1,0,0.0,0
22938,221,1,2443.35,221.0,6,Declining Frequent Buyers,0.7633579943342564,0,1,0,0.0,0
22939,237,1,2181.5625,237.0,6,Declining Frequent Buyers,0.7568502420769913,0,1,0,0.0,0
22940,24,2,4207.32,220.0,1,High Value but Cooling,0.8464152012494265,0,0,0,0.0,0
22942,238,1,2181.5625,238.0,6,Declining Frequent Buyers,0.7564820779706061,0,1,0,0.0,0
22943,232,1,2443.35,232.0,6,Declining Frequent Buyers,0.7592072963222191,0,1,0,0.0,0
22946,226,1,2181.5625,226.0,6,Declining Frequent Buyers,0.7609543106429514,0,1,0,0.0,0
22901,567,1,3578.27,567.0,0,Active Minimal Buyers,0.6579166210477365,0,1,0,0.0,0
22893,555,1,3578.27,555.0,0,Active Minimal Buyers,0.6608878472912564,0,1,0,0.0,0
22573,252,1,2181.5625,252.0,6,Declining Frequent Buyers,0.7514094895500895,0,1,0,0.0,0
22713,588,1,3578.27,588.0,0,Active Minimal Buyers,0.6527944130315234,0,1,0,0.0,0
22577,245,1,2181.5625,245.0,6,Declining Frequent Buyers,0.7539270336657767,0,1,0,0.0,0
22578,265,1,2181.5625,265.0,6,Declining Frequent Buyers,0.746828277328259,0,1,0,0.0,0
22579,258,1,2181.5625,258.0,6,Declining Frequent Buyers,0.7492802519262601,0,1,0,0.0,0
22581,264,1,2181.5625,264.0,6,Declining Frequent Buyers,0.7471764895500083,0,1,0,0.0,0
22583,259,1,2181.5625,259.0,6,Declining Frequent Buyers,0.7489278799101198,0,1,0,0.0,0
22613,19,1,1183.47,19.0,8,Recent Low-Value Customers,0.8305138741319495,0,0,0,0.0,0
22614,11,1,1155.48,11.0,8,Recent Low-Value Customers,0.8386197640097326,0,0,0,0.0,0
22630,10,1,1164.47,10.0,8,Recent Low-Value Customers,0.8401426711251233,0,0,0,0.0,0
22631,23,1,1149.47,23.0,8,Recent Low-Value Customers,0.8259571741905936,0,0,0,0.0,0
22667,26,1,1170.48,26.0,8,Recent Low-Value Customers,0.823915901424197,0,0,0,0.0,0
22668,13,1,1174.48,13.0,8,Recent Low-Value Customers,0.8366633374627339,0,0,0,0.0,0
22669,10,1,1120.49,10.0,8,Recent Low-Value Customers,0.8390134944789088,0,0,0,0.0,0
22687,31,1,1155.48,31.0,8,Recent Low-Value Customers,0.8195633765182336,0,0,0,0.0,0
22732,608,1,3578.27,608.0,0,Active Minimal Buyers,0.6480036132069432,0,1,0,0.0,0
22889,559,1,3578.27,559.0,0,Active Minimal Buyers,0.6598937696401425,0,1,0,0.0,0
22748,574,1,3578.27,574.0,0,Active Minimal Buyers,0.6561984513344277,0,1,0,0.0,0
22765,573,1,3578.27,573.0,0,Active Minimal Buyers,0.6564432362369041,0,1,0,0.0,0
22785,28,2,6029.57,548.0,1,High Value but Cooling,0.8572623885377052,0,0,0,0.0,0
22808,10,1,2478.3399999999997,10.0,4,Frequent Low-Spend Customers,0.8938930489054396,0,0,0,0.0,0
22822,29,1,2475.95,29.0,4,Frequent Low-Spend Customers,0.8689034042924164,0,0,0,0.0,0
22828,15,1,2451.2999999999997,15.0,4,Frequent Low-Spend Customers,0.8858601402969088,0,0,0,0.0,0
22845,265,1,2181.5625,265.0,6,Declining Frequent Buyers,0.746828277328259,0,1,0,0.0,0
22850,251,1,2181.5625,251.0,6,Declining Frequent Buyers,0.7517669033117502,0,1,0,0.0,0
22851,264,1,2181.5625,264.0,6,Declining Frequent Buyers,0.7471764895500083,0,1,0,0.0,0
22854,263,1,2181.5625,263.0,6,Declining Frequent Buyers,0.7475253851012532,0,1,0,0.0,0
22877,549,1,3578.27,549.0,0,Active Minimal Buyers,0.6623859561360862,0,1,0,0.0,0
23423,179,1,2181.5625,179.0,6,Declining Frequent Buyers,0.7797783366816763,0,1,0,0.0,0
22881,563,1,3578.27,563.0,0,Active Minimal Buyers,0.6589033740952449,0,1,0,0.0,0
23422,161,1,2181.5625,161.0,6,Declining Frequent Buyers,0.7876585729450639,0,1,0,0.0,0
23867,442,1,3578.27,442.0,0,Active Minimal Buyers,0.6906840603113358,0,1,0,0.0,0
23425,159,1,2181.5625,159.0,6,Declining Frequent Buyers,0.7885616743698942,0,1,0,0.0,0
24468,62,1,2443.35,62.0,4,Frequent Low-Spend Customers,0.8408356151322758,0,1,0,0.0,0
24427,11,1,2400.34,11.0,4,Frequent Low-Spend Customers,0.8919463734886764,0,0,0,0.0,0
24431,416,1,3578.27,416.0,0,Active Minimal Buyers,0.6980831349382102,0,1,0,0.0,0
24433,4,1,2442.54,4.0,4,Frequent Low-Spend Customers,0.9065096590260315,0,0,0,0.0,0
24434,21,1,2398.05,21.0,4,Frequent Low-Spend Customers,0.8777217364563322,0,0,0,0.0,0
24457,88,1,2181.5625,88.0,4,Frequent Low-Spend Customers,0.8231867519611363,0,1,0,0.0,0
24458,82,1,2443.35,82.0,4,Frequent Low-Spend Customers,0.8276214284554819,0,1,0,0.0,0
24459,71,1,2181.5625,71.0,4,Frequent Low-Spend Customers,0.8338515707841914,0,1,0,0.0,0
24460,73,1,2181.5625,73.0,4,Frequent Low-Spend Customers,0.8325334013888775,0,1,0,0.0,0
24461,72,1,2181.5625,72.0,4,Frequent Low-Spend Customers,0.8331901407314486,0,1,0,0.0,0
24462,73,1,2443.35,73.0,4,Frequent Low-Spend Customers,0.8333358427980178,0,1,0,0.0,0
24463,53,1,2181.5625,53.0,4,Frequent Low-Spend Customers,0.8466931528520333,0,1,0,0.0,0
24465,62,1,2181.5625,62.0,4,Frequent Low-Spend Customers,0.8400331737231355,0,1,0,0.0,0
24466,59,1,2181.5625,59.0,4,Frequent Low-Spend Customers,0.8421947127963001,0,1,0,0.0,0
24467,52,1,2181.5625,52.0,4,Frequent Low-Spend Customers,0.8474677128506518,0,1,0,0.0,0
24474,56,1,2181.5625,56.0,4,Frequent Low-Spend Customers,0.844413166255934,0,1,0,0.0,0
24421,3,1,2447.05,3.0,4,Frequent Low-Spend Customers,0.9093301177165265,0,0,0,0.0,0
24475,38,1,2181.5625,38.0,4,Frequent Low-Spend Customers,0.859232705229763,0,1,0,0.0,0
24476,62,1,2443.35,62.0,4,Frequent Low-Spend Customers,0.8408356151322758,0,1,0,0.0,0
24477,34,1,2181.5625,34.0,4,Frequent Low-Spend Customers,0.862986581172237,0,1,0,0.0,0
24478,46,1,2181.5625,46.0,4,Frequent Low-Spend Customers,0.8522835618909919,0,1,0,0.0,0
24480,52,1,2443.35,52.0,4,Frequent Low-Spend Customers,0.848270154259792,0,1,0,0.0,0
24481,49,1,2443.35,49.0,4,Frequent Low-Spend Customers,0.8506405242299799,0,1,0,0.0,0
24482,42,1,2181.5625,42.0,4,Frequent Low-Spend Customers,0.8556740377169474,0,1,0,0.0,0
24484,62,1,2443.35,62.0,4,Frequent Low-Spend Customers,0.8408356151322758,0,1,0,0.0,0
24485,37,1,2181.5625,37.0,4,Frequent Low-Spend Customers,0.8601516638764579,0,1,0,0.0,0
24491,409,1,3578.27,409.0,0,Active Minimal Buyers,0.7001158765431627,0,0,0,0.0,0
24493,424,1,3578.27,424.0,0,Active Minimal Buyers,0.6957815898511996,0,0,0,0.0,0
24496,422,1,3578.27,422.0,0,Active Minimal Buyers,0.6963548510795473,0,1,0,0.0,0
24501,399,1,3578.27,399.0,0,Active Minimal Buyers,0.7030513293732105,0,0,0,0.0,0
24502,54,1,2443.35,54.0,4,Frequent Low-Spend Customers,0.8467284509491226,0,1,0,0.0,0
24425,25,1,2419.06,25.0,4,Frequent Low-Spend Customers,0.8730801312716077,0,0,0,0.0,0
24420,6,1,2393.06,6.0,4,Frequent Low-Spend Customers,0.9015201901390756,0,0,0,0.0,0
23429,166,1,2181.5625,166.0,6,Declining Frequent Buyers,0.7854258482804127,0,1,0,0.0,0
24365,76,1,2181.5625,76.0,4,Frequent Low-Spend Customers,0.8305903836620085,0,1,0,0.0,0
24303,64,1,2443.35,64.0,4,Frequent Low-Spend Customers,0.8394241781000839,0,1,0,0.0,0
24304,66,1,2181.5625,66.0,4,Frequent Low-Spend Customers,0.8372326869847525,0,1,0,0.0,0
24305,69,1,2181.5625,69.0,4,Frequent Low-Spend Customers,0.8351889039970445,0,1,0,0.0,0
24307,64,1,2443.35,64.0,4,Frequent Low-Spend Customers,0.8394241781000839,0,1,0,0.0,0
24309,436,1,3578.27,436.0,0,Active Minimal Buyers,0.6923710743122422,0,1,0,0.0,0
24310,454,1,3578.27,454.0,0,Active Minimal Buyers,0.6873452809693298,0,1,0,0.0,0
24332,443,1,3578.27,443.0,0,Active Minimal Buyers,0.690404047952186,0,1,0,0.0,0
24339,32,1,2384.07,32.0,4,Frequent Low-Spend Customers,0.8655768726484419,0,0,0,0.0,0
24342,450,1,3578.27,450.0,0,Active Minimal Buyers,0.6884530679105666,0,1,0,0.0,0
24344,443,1,3578.27,443.0,0,Active Minimal Buyers,0.690404047952186,0,1,0,0.0,0
24360,86,1,2443.35,86.0,4,Frequent Low-Spend Customers,0.8251853924777558,0,1,0,0.0,0
24361,77,1,2181.5625,77.0,4,Frequent Low-Spend Customers,0.8299514786838279,0,1,0,0.0,0
24362,79,1,2443.35,79.0,4,Frequent Low-Spend Customers,0.829488753217082,0,1,0,0.0,0
24364,82,1,2181.5625,82.0,4,Frequent Low-Spend Customers,0.8268189870463417,0,1,0,0.0,0
24366,66,1,2443.35,66.0,4,Frequent Low-Spend Customers,0.8380351283938927,0,1,0,0.0,0
24418,409,1,3578.27,409.0,0,Active Minimal Buyers,0.7001158765431627,0,1,0,0.0,0
24367,65,1,2443.35,65.0,4,Frequent Low-Spend Customers,0.8387269196310081,0,1,0,0.0,0
24368,87,1,2181.5625,87.0,4,Frequent Low-Spend Customers,0.8237830859800979,0,1,0,0.0,0
24371,85,1,2443.35,85.0,4,Frequent Low-Spend Customers,0.8257888504959537,0,1,0,0.0,0
24372,70,1,2181.5625,70.0,4,Frequent Low-Spend Customers,0.8345177909065337,0,1,0,0.0,0
24377,74,1,2181.5625,74.0,4,Frequent Low-Spend Customers,0.8318812567684387,0,1,0,0.0,0
24378,63,1,2443.35,63.0,4,Frequent Low-Spend Customers,0.840127032132358,0,1,0,0.0,0
24381,72,1,2181.5625,72.0,4,Frequent Low-Spend Customers,0.8331901407314486,0,1,0,0.0,0
24386,26,2,4143.74,383.0,1,High Value but Cooling,0.8445590085301293,0,0,0,0.0,0
24392,409,1,3578.27,409.0,0,Active Minimal Buyers,0.7001158765431627,0,1,0,0.0,0
24403,23,1,2393.06,23.0,4,Frequent Low-Spend Customers,0.8753045872602752,0,0,0,0.0,0
24404,7,1,2384.07,7.0,4,Frequent Low-Spend Customers,0.8993428167094024,0,0,0,0.0,0
24405,7,1,2419.06,7.0,4,Frequent Low-Spend Customers,0.8994454228608011,0,0,0,0.0,0
24413,17,1,2407.04,17.0,4,Frequent Low-Spend Customers,0.8829204406419443,0,0,0,0.0,0
24414,9,1,2398.05,9.0,4,Frequent Low-Spend Customers,0.8954669801985403,0,0,0,0.0,0
24503,43,1,2443.35,43.0,4,Frequent Low-Spend Customers,0.8556140084670936,0,1,0,0.0,0
24504,48,1,2443.35,48.0,4,Frequent Low-Spend Customers,0.8514469958256061,0,1,0,0.0,0
24505,42,1,2181.5625,42.0,4,Frequent Low-Spend Customers,0.8556740377169474,0,1,0,0.0,0
24914,218,1,1000.4375,218.0,2,Inactive Minimal Buyers,0.7532768116730539,0,1,0,0.0,0
24888,324,1,1000.4375,324.0,2,Inactive Minimal Buyers,0.7198145486142956,0,1,0,0.0,0
24889,306,1,1000.4375,306.0,2,Inactive Minimal Buyers,0.7250449694357155,0,1,0,0.0,0
24900,280,1,1000.4375,280.0,2,Inactive Minimal Buyers,0.7328898194166608,0,1,0,0.0,0
24901,285,1,1000.4375,285.0,2,Inactive Minimal Buyers,0.7313527997413339,0,1,0,0.0,0
24902,300,1,1000.4375,300.0,2,Inactive Minimal Buyers,0.7268236975942074,0,1,0,0.0,0
24903,281,1,1000.4375,281.0,2,Inactive Minimal Buyers,0.7325812857797005,0,1,0,0.0,0
24904,291,1,1000.4375,291.0,2,Inactive Minimal Buyers,0.7295266891290154,0,1,0,0.0,0
24905,272,1,1000.4375,272.0,2,Inactive Minimal Buyers,0.7353789070802064,0,1,0,0.0,0
24907,246,1,1000.4375,246.0,2,Inactive Minimal Buyers,0.7437415749333437,0,1,0,0.0,0
24908,259,1,1000.4375,259.0,2,Inactive Minimal Buyers,0.7395059080248643,0,1,0,0.0,0
24909,248,1,1000.4375,248.0,2,Inactive Minimal Buyers,0.7430825210547044,0,1,0,0.0,0
24910,267,1,1000.4375,267.0,2,Inactive Minimal Buyers,0.7369538715371238,0,1,0,0.0,0
24912,237,1,1000.4375,237.0,2,Inactive Minimal Buyers,0.7467422039714455,0,1,0,0.0,0
24913,236,1,1000.4375,236.0,2,Inactive Minimal Buyers,0.7470792204105481,0,1,0,0.0,0
24915,214,1,1000.4375,214.0,2,Inactive Minimal Buyers,0.7546896192102305,0,1,0,0.0,0
24506,50,1,2443.35,50.0,4,Frequent Low-Spend Customers,0.8498423895615109,0,1,0,0.0,0
24916,224,1,1000.4375,224.0,2,Inactive Minimal Buyers,0.7511825059689222,0,1,0,0.0,0
24917,237,1,1000.4375,237.0,2,Inactive Minimal Buyers,0.7467422039714455,0,1,0,0.0,0
24918,232,1,1000.4375,232.0,2,Inactive Minimal Buyers,0.7484347298996142,0,1,0,0.0,0
24919,228,1,1000.4375,228.0,2,Inactive Minimal Buyers,0.7498023838071991,0,1,0,0.0,0
24920,235,1,1000.4375,235.0,2,Inactive Minimal Buyers,0.7474169764300764,0,1,0,0.0,0
24921,203,1,1000.4375,203.0,2,Inactive Minimal Buyers,0.7586468038963768,0,1,0,0.0,0
24922,204,1,1000.4375,204.0,2,Inactive Minimal Buyers,0.7582825495409734,0,1,0,0.0,0
24923,213,1,1000.4375,213.0,2,Inactive Minimal Buyers,0.7550449500778189,0,1,0,0.0,0
24924,205,1,1000.4375,205.0,2,Inactive Minimal Buyers,0.757919217136529,0,1,0,0.0,0
24940,1,1,34.89,1.0,5,Champions,0.39762743232478154,0,0,0,0.0,0
24960,377,1,2443.35,377.0,6,Declining Frequent Buyers,0.7119098868394519,0,1,0,0.0,0
24976,393,1,2181.5625,393.0,6,Declining Frequent Buyers,0.7068185586476085,0,0,0,0.0,0
24977,384,1,2181.5625,384.0,6,Declining Frequent Buyers,0.7093867239621887,0,0,0,0.0,0
24994,1,1,34.89,1.0,5,Champions,0.39762743232478154,0,0,0,0.0,0
24887,334,1,1000.4375,334.0,2,Inactive Minimal Buyers,0.7169736882230323,0,1,0,0.0,0
24883,25,1,2487.33,25.0,4,Frequent Low-Spend Customers,0.8732755541826461,0,0,0,0.0,0
24832,368,1,2181.5625,368.0,6,Declining Frequent Buyers,0.7140305739309214,0,0,0,0.0,0
24824,380,1,2181.5625,380.0,6,Declining Frequent Buyers,0.7105381377397433,0,0,0,0.0,0
24585,42,1,2181.5625,42.0,4,Frequent Low-Spend Customers,0.8556740377169474,0,1,0,0.0,0
24586,50,1,2443.35,50.0,4,Frequent Low-Spend Customers,0.8498423895615109,0,1,0,0.0,0
24587,38,1,2181.5625,38.0,4,Frequent Low-Spend Customers,0.859232705229763,0,1,0,0.0,0
24590,50,1,2181.5625,50.0,4,Frequent Low-Spend Customers,0.8490399481523707,0,1,0,0.0,0
24592,48,1,2181.5625,48.0,4,Frequent Low-Spend Customers,0.8506445544164658,0,1,0,0.0,0
24596,55,1,2443.35,55.0,4,Frequent Low-Spend Customers,0.8459685203598404,0,1,0,0.0,0
24597,53,1,2181.5625,53.0,4,Frequent Low-Spend Customers,0.8466931528520333,0,1,0,0.0,0
24598,56,1,2443.35,56.0,4,Frequent Low-Spend Customers,0.8452156076650743,0,1,0,0.0,0
24601,57,1,2181.5625,57.0,4,Frequent Low-Spend Customers,0.843667085201355,0,1,0,0.0,0
24602,33,1,2181.5625,33.0,4,Frequent Low-Spend Customers,0.8639594387541157,0,1,0,0.0,0
24606,16,2,2155.9175,358.0,1,High Value but Cooling,0.8255111624372454,0,0,0,0.0,0
24608,380,1,1000.4375,380.0,2,Inactive Minimal Buyers,0.7044406674051596,0,1,0,0.0,0
24609,350,1,1000.4375,350.0,2,Inactive Minimal Buyers,0.7125184579810426,0,1,0,0.0,0
24611,361,1,1000.4375,361.0,2,Inactive Minimal Buyers,0.7095164257902671,0,1,0,0.0,0
24612,347,1,1000.4375,347.0,2,Inactive Minimal Buyers,0.7133456487574413,0,1,0,0.0,0
24613,319,1,1000.4375,319.0,2,Inactive Minimal Buyers,0.7212520135028652,0,1,0,0.0,0
24614,316,1,1000.4375,316.0,2,Inactive Minimal Buyers,0.7221200985826731,0,1,0,0.0,0
24615,306,1,1000.4375,306.0,2,Inactive Minimal Buyers,0.7250449694357155,0,1,0,0.0,0
24646,405,1,3578.27,405.0,0,Active Minimal Buyers,0.7012855445639161,0,0,0,0.0,0
24661,4,2,4181.76,420.0,1,High Value but Cooling,0.8644310764019658,0,0,0,0.0,0
24664,399,1,3578.27,399.0,0,Active Minimal Buyers,0.7030513293732105,0,1,0,0.0,0
24666,412,1,3578.27,412.0,0,Active Minimal Buyers,0.6992425111023256,0,1,0,0.0,0
24671,407,1,3578.27,407.0,0,Active Minimal Buyers,0.7006999658569477,0,1,0,0.0,0
24757,401,1,3578.27,401.0,0,Active Minimal Buyers,0.7024612149487257,0,1,0,0.0,0
24759,411,1,3578.27,411.0,0,Active Minimal Buyers,0.6995332655966093,0,1,0,0.0,0
24778,393,1,2181.5625,393.0,6,Declining Frequent Buyers,0.7068185586476085,0,1,0,0.0,0
24781,391,1,2181.5625,391.0,6,Declining Frequent Buyers,0.7073866063549328,0,0,0,0.0,0
24786,379,1,2443.35,379.0,6,Declining Frequent Buyers,0.711331032804253,0,0,0,0.0,0
24817,378,1,2181.5625,378.0,6,Declining Frequent Buyers,0.711116199881437,0,0,0,0.0,0
24302,87,1,2181.5625,87.0,4,Frequent Low-Spend Customers,0.8237830859800979,0,1,0,0.0,0
24301,91,1,2443.35,91.0,4,Frequent Low-Spend Customers,0.8222207849174965,0,1,0,0.0,0
24300,70,1,2443.35,70.0,4,Frequent Low-Spend Customers,0.8353202323156739,0,1,0,0.0,0
23656,127,1,2443.35,127.0,4,Frequent Low-Spend Customers,0.802978025403631,0,1,0,0.0,0
23583,460,1,3578.27,460.0,0,Active Minimal Buyers,0.6856930447901411,0,1,0,0.0,0
23592,483,1,3578.27,483.0,0,Active Minimal Buyers,0.6794607544480341,0,1,0,0.0,0
23593,177,1,2181.5625,177.0,6,Declining Frequent Buyers,0.7806330568094143,0,1,0,0.0,0
23597,2,1,2482.23,2.0,4,Frequent Low-Spend Customers,0.9126327835270542,0,0,0,0.0,0
23606,13,1,2543.44,13.0,4,Frequent Low-Spend Customers,0.8891194789302018,0,0,0,0.0,0
23607,15,1,2451.2999999999997,15.0,4,Frequent Low-Spend Customers,0.8858601402969088,0,0,0,0.0,0
23640,176,1,2181.5625,176.0,6,Declining Frequent Buyers,0.7810622880201593,0,1,0,0.0,0
23645,173,1,2443.35,173.0,6,Declining Frequent Buyers,0.7828616573456949,0,1,0,0.0,0
23648,158,1,2443.35,158.0,6,Declining Frequent Buyers,0.7895194861606974,0,1,0,0.0,0
23649,168,1,2181.5625,168.0,6,Declining Frequent Buyers,0.7845424962952214,0,1,0,0.0,0
23651,146,1,2181.5625,146.0,4,Frequent Low-Spend Customers,0.7931578181178981,0,1,0,0.0,0
23652,124,1,2181.5625,124.0,4,Frequent Low-Spend Customers,0.8036615690825586,0,1,0,0.0,0
23653,150,1,2181.5625,150.0,4,Frequent Low-Spend Customers,0.7913380352979169,0,1,0,0.0,0
23655,149,1,2443.35,149.0,4,Frequent Low-Spend Customers,0.7925930509753627,0,1,0,0.0,0
23658,132,1,2181.5625,132.0,4,Frequent Low-Spend Customers,0.7997386027161348,0,1,0,0.0,0
23830,474,1,3578.27,474.0,0,Active Minimal Buyers,0.6818807548474449,0,1,0,0.0,0
23659,124,1,2443.35,124.0,4,Frequent Low-Spend Customers,0.8044640104916988,0,1,0,0.0,0
23660,143,1,2181.5625,143.0,4,Frequent Low-Spend Customers,0.7945396009178886,0,1,0,0.0,0
23661,129,1,2181.5625,129.0,4,Frequent Low-Spend Customers,0.8011949587536622,0,1,0,0.0,0
23662,139,1,2181.5625,139.0,4,Frequent Low-Spend Customers,0.7964054544859173,0,1,0,0.0,0
23663,137,1,2181.5625,137.0,4,Frequent Low-Spend Customers,0.797348770059737,0,1,0,0.0,0
23664,138,1,2181.5625,138.0,4,Frequent Low-Spend Customers,0.7968762308356194,0,1,0,0.0,0
23665,145,1,2443.35,145.0,4,Frequent Low-Spend Customers,0.794419212016639,0,1,0,0.0,0
23688,17,1,1214.85,17.0,8,Recent Low-Value Customers,0.8332735502216375,0,0,0,0.0,0
23725,486,1,3578.27,486.0,0,Active Minimal Buyers,0.6786592905824049,0,1,0,0.0,0
23730,472,1,3578.27,472.0,0,Active Minimal Buyers,0.6824217596207067,0,1,0,0.0,0
23731,472,1,3578.27,472.0,0,Active Minimal Buyers,0.6824217596207067,0,1,0,0.0,0
23759,8,1,2475.95,8.0,4,Frequent Low-Spend Customers,0.8975935201473167,0,0,0,0.0,0
23806,460,1,3578.27,460.0,0,Active Minimal Buyers,0.6856930447901411,0,0,0,0.0,0
23819,473,1,3578.27,473.0,0,Active Minimal Buyers,0.6821511089931636,0,1,0,0.0,0
23575,179,1,2181.5625,179.0,6,Declining Frequent Buyers,0.7797783366816763,0,1,0,0.0,0
23574,163,1,2181.5625,163.0,6,Declining Frequent Buyers,0.786761245540529,0,1,0,0.0,0
23573,158,1,2181.5625,158.0,6,Declining Frequent Buyers,0.7890154245900033,0,1,0,0.0,0
23572,161,1,2443.35,161.0,6,Declining Frequent Buyers,0.7881626345157581,0,1,0,0.0,0
23431,182,1,2443.35,182.0,6,Declining Frequent Buyers,0.779009516939557,0,1,0,0.0,0
23432,179,1,2443.35,179.0,6,Declining Frequent Buyers,0.7802823982523704,0,1,0,0.0,0
23433,168,1,2181.5625,168.0,6,Declining Frequent Buyers,0.7845424962952214,0,1,0,0.0,0
23434,163,1,2181.5625,163.0,6,Declining Frequent Buyers,0.786761245540529,0,1,0,0.0,0
23435,162,1,2181.5625,162.0,6,Declining Frequent Buyers,0.7872091942340533,0,1,0,0.0,0
23436,171,1,2181.5625,171.0,6,Declining Frequent Buyers,0.7832275904606436,0,1,0,0.0,0
23486,471,1,3578.27,471.0,0,Active Minimal Buyers,0.6826927076830532,0,1,0,0.0,0
23511,459,1,3578.27,459.0,0,Active Minimal Buyers,0.685967638294033,0,1,0,0.0,0
23523,166,1,2181.5625,166.0,6,Declining Frequent Buyers,0.7854258482804127,0,1,0,0.0,0
23524,176,1,2443.35,176.0,6,Declining Frequent Buyers,0.7815663495908535,0,1,0,0.0,0
23525,161,1,2181.5625,161.0,6,Declining Frequent Buyers,0.7876585729450639,0,1,0,0.0,0
23526,181,1,2443.35,181.0,6,Declining Frequent Buyers,0.7794325978937767,0,1,0,0.0,0
23529,163,1,2443.35,163.0,6,Declining Frequent Buyers,0.7872653071112231,0,1,0,0.0,0
23531,179,1,2181.5625,179.0,6,Declining Frequent Buyers,0.7797783366816763,0,1,0,0.0,0
23532,178,1,2181.5625,178.0,6,Declining Frequent Buyers,0.7802050765646233,0,1,0,0.0,0
23533,170,1,2181.5625,170.0,6,Declining Frequent Buyers,0.7836645588352791,0,1,0,0.0,0
23534,158,1,2443.35,158.0,6,Declining Frequent Buyers,0.7895194861606974,0,1,0,0.0,0
23538,160,1,2443.35,160.0,6,Declining Frequent Buyers,0.788613456679195,0,1,0,0.0,0
23539,165,1,2443.35,165.0,6,Declining Frequent Buyers,0.7863736470628683,0,1,0,0.0,0
23540,164,1,2443.35,164.0,6,Declining Frequent Buyers,0.7868187752063216,0,1,0,0.0,0
23541,179,1,2181.5625,179.0,6,Declining Frequent Buyers,0.7797783366816763,0,1,0,0.0,0
23542,164,1,2181.5625,164.0,6,Declining Frequent Buyers,0.7863147136356274,0,1,0,0.0,0
23544,156,1,2181.5625,156.0,4,Frequent Low-Spend Customers,0.788654698844468,0,1,0,0.0,0
23545,181,1,2181.5625,181.0,6,Declining Frequent Buyers,0.7789285363230826,0,1,0,0.0,0
23546,163,1,2181.5625,163.0,6,Declining Frequent Buyers,0.786761245540529,0,1,0,0.0,0
23547,165,1,2443.35,165.0,6,Declining Frequent Buyers,0.7863736470628683,0,1,0,0.0,0
23556,1,1,29.99,1.0,5,Champions,0.37973250903836964,0,0,0,0.0,0
23566,483,1,3578.27,483.0,0,Active Minimal Buyers,0.6794607544480341,0,0,0,0.0,0
23571,166,1,2443.35,166.0,6,Declining Frequent Buyers,0.7859299098511069,0,1,0,0.0,0
23829,481,1,3578.27,481.0,0,Active Minimal Buyers,0.679996498319842,0,1,0,0.0,0
23842,476,1,3578.27,476.0,0,Active Minimal Buyers,0.6813409322147863,0,1,0,0.0,0
24293,1,1,34.89,1.0,5,Champions,0.39762743232478154,0,0,0,0.0,0
24242,107,1,2181.5625,107.0,4,Frequent Low-Spend Customers,0.8124562364206424,0,1,0,0.0,0
24166,107,1,2181.5625,107.0,4,Frequent Low-Spend Customers,0.8124562364206424,0,1,0,0.0,0
24167,117,1,2443.35,117.0,4,Frequent Low-Spend Customers,0.8080050411853683,0,1,0,0.0,0
24168,95,1,2181.5625,95.0,4,Frequent Low-Spend Customers,0.8191064377551025,0,1,0,0.0,0
24170,113,1,2443.35,113.0,4,Frequent Low-Spend Customers,0.8100776298422631,0,1,0,0.0,0
24171,112,1,2443.35,112.0,4,Frequent Low-Spend Customers,0.8106016560911017,0,1,0,0.0,0
24172,107,1,2181.5625,107.0,4,Frequent Low-Spend Customers,0.8124562364206424,0,1,0,0.0,0
24173,116,1,2181.5625,116.0,4,Frequent Low-Spend Customers,0.8077172809665593,0,1,0,0.0,0
24175,107,1,2181.5625,107.0,4,Frequent Low-Spend Customers,0.8124562364206424,0,1,0,0.0,0
24176,100,1,2443.35,100.0,4,Frequent Low-Spend Customers,0.8170882862414707,0,1,0,0.0,0
24177,122,1,2181.5625,122.0,4,Frequent Low-Spend Customers,0.8046625424847349,0,1,0,0.0,0
24178,95,1,2181.5625,95.0,4,Frequent Low-Spend Customers,0.8191064377551025,0,1,0,0.0,0
24179,99,1,2443.35,99.0,4,Frequent Low-Spend Customers,0.8176464988657821,0,1,0,0.0,0
24235,447,1,3578.27,447.0,0,Active Minimal Buyers,0.689287261876734,0,1,0,0.0,0
24241,117,1,2443.35,117.0,4,Frequent Low-Spend Customers,0.8080050411853683,0,1,0,0.0,0
24247,97,1,2181.5625,97.0,4,Frequent Low-Spend Customers,0.8179692504076213,0,1,0,0.0,0
23846,461,1,3578.27,461.0,0,Active Minimal Buyers,0.6854187605649582,0,1,0,0.0,0
24248,116,1,2181.5625,116.0,4,Frequent Low-Spend Customers,0.8077172809665593,0,1,0,0.0,0
24249,117,1,2181.5625,117.0,4,Frequent Low-Spend Customers,0.807202599776228,0,1,0,0.0,0
24250,101,1,2181.5625,101.0,4,Frequent Low-Spend Customers,0.8157304962255161,0,1,0,0.0,0
24257,96,1,2181.5625,96.0,4,Frequent Low-Spend Customers,0.8185363213829349,0,1,0,0.0,0
24266,120,1,2181.5625,120.0,4,Frequent Low-Spend Customers,0.8056720079309276,0,1,0,0.0,0
24270,110,1,2181.5625,110.0,4,Frequent Low-Spend Customers,0.8108545444901504,0,1,0,0.0,0
24271,107,1,2181.5625,107.0,4,Frequent Low-Spend Customers,0.8124562364206424,0,1,0,0.0,0
24272,111,1,2181.5625,111.0,4,Frequent Low-Spend Customers,0.8103256557545366,0,1,0,0.0,0
24273,111,1,2181.5625,111.0,4,Frequent Low-Spend Customers,0.8103256557545366,0,1,0,0.0,0
24274,91,1,2443.35,91.0,4,Frequent Low-Spend Customers,0.8222207849174965,0,1,0,0.0,0
24281,65,1,2181.5625,65.0,4,Frequent Low-Spend Customers,0.8379244782218679,0,1,0,0.0,0
24282,67,1,2181.5625,67.0,4,Frequent Low-Spend Customers,0.8365462394560655,0,1,0,0.0,0
24283,64,1,2181.5625,64.0,4,Frequent Low-Spend Customers,0.8386217366909435,0,1,0,0.0,0
24284,457,1,3578.27,457.0,0,Active Minimal Buyers,0.6865177572324486,0,1,0,0.0,0
24165,97,1,2443.35,97.0,4,Frequent Low-Spend Customers,0.8187716918167615,0,1,0,0.0,0
24163,118,1,2181.5625,118.0,4,Frequent Low-Spend Customers,0.8066901796458829,0,1,0,0.0,0
24162,109,1,2443.35,109.0,4,Frequent Low-Spend Customers,0.8121883558844196,0,1,0,0.0,0
24161,99,1,2443.35,99.0,4,Frequent Low-Spend Customers,0.8176464988657821,0,1,0,0.0,0
23858,486,1,3578.27,486.0,0,Active Minimal Buyers,0.6786592905824049,0,1,0,0.0,0
23859,29,2,4153.25,438.0,1,High Value but Cooling,0.8428205217312512,0,0,0,0.0,0
23865,455,1,3578.27,455.0,0,Active Minimal Buyers,0.687069125625617,0,1,0,0.0,0
23866,443,1,3578.27,443.0,0,Active Minimal Buyers,0.690404047952186,0,1,0,0.0,0
22118,648,1,3578.27,648.0,0,Active Minimal Buyers,0.6386613173383404,0,1,0,0.0,0
23868,441,1,3578.27,441.0,0,Active Minimal Buyers,0.690964401244772,0,1,0,0.0,0
23941,1,1,38.980000000000004,1.0,5,Champions,0.4105541073953504,0,0,0,0.0,0
23962,1,1,28.99,1.0,5,Champions,0.3756841489695215,0,0,0,0.0,0
23992,127,1,2443.35,127.0,4,Frequent Low-Spend Customers,0.802978025403631,0,1,0,0.0,0
23993,134,1,2443.35,134.0,4,Frequent Low-Spend Customers,0.7995796026687685,0,1,0,0.0,0
23994,126,1,2181.5625,126.0,4,Frequent Low-Spend Customers,0.8026688821007841,0,1,0,0.0,0
23995,143,1,2443.35,143.0,4,Frequent Low-Spend Customers,0.7953420423270288,0,1,0,0.0,0
23996,142,1,2181.5625,142.0,4,Frequent Low-Spend Customers,0.7950035133917073,0,1,0,0.0,0
23998,147,1,2181.5625,147.0,4,Frequent Low-Spend Customers,0.7927004847979312,0,1,0,0.0,0
23999,124,1,2181.5625,124.0,4,Frequent Low-Spend Customers,0.8036615690825586,0,1,0,0.0,0
24000,140,1,2443.35,140.0,4,Frequent Low-Spend Customers,0.7967388633211275,0,1,0,0.0,0
24001,150,1,2443.35,150.0,4,Frequent Low-Spend Customers,0.7921404767070572,0,1,0,0.0,0
24002,127,1,2181.5625,127.0,4,Frequent Low-Spend Customers,0.8021755839944907,0,1,0,0.0,0
24003,153,1,2181.5625,153.0,4,Frequent Low-Spend Customers,0.7899895773564813,0,1,0,0.0,0
24004,126,1,2181.5625,126.0,4,Frequent Low-Spend Customers,0.8026688821007841,0,1,0,0.0,0
24005,150,1,2181.5625,150.0,4,Frequent Low-Spend Customers,0.7913380352979169,0,1,0,0.0,0
24006,144,1,2181.5625,144.0,4,Frequent Low-Spend Customers,0.794077359148836,0,1,0,0.0,0
24007,136,1,2443.35,136.0,4,Frequent Low-Spend Customers,0.7986255330154108,0,1,0,0.0,0
24008,139,1,2181.5625,139.0,4,Frequent Low-Spend Customers,0.7964054544859173,0,1,0,0.0,0
24009,152,1,2181.5625,152.0,4,Frequent Low-Spend Customers,0.7904375345787862,0,1,0,0.0,0
24061,24,1,2413.06,24.0,4,Frequent Low-Spend Customers,0.8742009699720388,0,0,0,0.0,0
24102,4,1,1779.47,4.0,4,Frequent Low-Spend Customers,0.9042352118286885,0,0,0,0.0,0
24159,126,1,2181.5625,126.0,4,Frequent Low-Spend Customers,0.8026688821007841,0,1,0,0.0,0
24160,125,1,2443.35,125.0,4,Frequent Low-Spend Customers,0.8039666437269734,0,1,0,0.0,0
22120,642,1,3578.27,642.0,0,Active Minimal Buyers,0.6400432003083038,0,1,0,0.0,0
21891,318,1,2443.35,318.0,6,Declining Frequent Buyers,0.7297636923334977,0,1,0,0.0,0
22117,679,1,3578.27,679.0,0,Active Minimal Buyers,0.6316250726187219,0,1,0,0.0,0
20238,466,1,3578.27,466.0,0,Active Minimal Buyers,0.6840519432295391,0,1,0,0.0,0
20247,482,1,3578.27,482.0,0,Active Minimal Buyers,0.679728482319964,0,1,0,0.0,0
20246,487,1,3578.27,487.0,0,Active Minimal Buyers,0.6783927062280735,0,1,0,0.0,0
20245,486,1,3578.27,486.0,0,Active Minimal Buyers,0.6786592905824049,0,1,0,0.0,0
20244,469,1,3578.27,469.0,0,Active Minimal Buyers,0.6832354999495609,0,1,0,0.0,0
20242,478,1,3578.27,478.0,0,Active Minimal Buyers,0.6808022841992696,0,1,0,0.0,0
20241,474,1,3578.27,474.0,0,Active Minimal Buyers,0.6818807548474449,0,1,0,0.0,0
20239,464,1,3578.27,464.0,0,Active Minimal Buyers,0.6845977534227576,0,1,0,0.0,0
20236,460,1,3578.27,460.0,0,Active Minimal Buyers,0.6856930447901411,0,1,0,0.0,0
20216,464,1,3578.27,464.0,0,Active Minimal Buyers,0.6845977534227576,0,1,0,0.0,0
20228,459,1,3578.27,459.0,0,Active Minimal Buyers,0.685967638294033,0,1,0,0.0,0
20227,466,1,3578.27,466.0,0,Active Minimal Buyers,0.6840519432295391,0,1,0,0.0,0
20226,476,1,3578.27,476.0,0,Active Minimal Buyers,0.6813409322147863,0,1,0,0.0,0
20225,469,1,3578.27,469.0,0,Active Minimal Buyers,0.6832354999495609,0,1,0,0.0,0
20221,469,1,3578.27,469.0,0,Active Minimal Buyers,0.6832354999495609,0,1,0,0.0,0
20220,460,1,3578.27,460.0,0,Active Minimal Buyers,0.6856930447901411,0,1,0,0.0,0
20219,469,1,3578.27,469.0,0,Active Minimal Buyers,0.6832354999495609,0,1,0,0.0,0
20249,471,1,3578.27,471.0,0,Active Minimal Buyers,0.6826927076830532,0,1,0,0.0,0
20253,487,1,3578.27,487.0,0,Active Minimal Buyers,0.6783927062280735,0,1,0,0.0,0
20256,446,1,3578.27,446.0,0,Active Minimal Buyers,0.6895659711137985,0,1,0,0.0,0
20259,455,1,3578.27,455.0,0,Active Minimal Buyers,0.687069125625617,0,1,0,0.0,0
20429,444,1,3578.27,444.0,0,Active Minimal Buyers,0.6901243630434823,0,1,0,0.0,0
20426,455,1,3578.27,455.0,0,Active Minimal Buyers,0.687069125625617,0,1,0,0.0,0
20425,437,1,3578.27,437.0,0,Active Minimal Buyers,0.6920890734236165,0,1,0,0.0,0
20424,453,1,3578.27,453.0,0,Active Minimal Buyers,0.6876217518101717,0,1,0,0.0,0
20423,441,1,3578.27,441.0,0,Active Minimal Buyers,0.690964401244772,0,1,0,0.0,0
20420,456,1,3578.27,456.0,0,Active Minimal Buyers,0.6867932847283036,0,1,0,0.0,0
20416,455,1,3578.27,455.0,0,Active Minimal Buyers,0.687069125625617,0,1,0,0.0,0
20375,295,1,2071.4196,295.0,6,Declining Frequent Buyers,0.7364484909934587,0,1,0,0.0,0
20373,307,1,2071.4196,307.0,6,Declining Frequent Buyers,0.7325402239786719,0,1,0,0.0,0
20350,337,1,2071.4196,337.0,6,Declining Frequent Buyers,0.7231027182273865,0,1,0,0.0,0
20318,361,1,2071.4196,361.0,6,Declining Frequent Buyers,0.7158620668853454,0,1,0,0.0,0
20284,445,1,3578.27,445.0,0,Active Minimal Buyers,0.6898450044677437,0,1,0,0.0,0
20283,450,1,3578.27,450.0,0,Active Minimal Buyers,0.6884530679105666,0,1,0,0.0,0
20261,443,1,3578.27,443.0,0,Active Minimal Buyers,0.690404047952186,0,1,0,0.0,0
20260,446,1,3578.27,446.0,0,Active Minimal Buyers,0.6895659711137985,0,1,0,0.0,0
20217,477,1,3578.27,477.0,0,Active Minimal Buyers,0.6810714618469995,0,1,0,0.0,0
20215,466,1,3578.27,466.0,0,Active Minimal Buyers,0.6840519432295391,0,1,0,0.0,0
20822,406,1,3578.27,406.0,0,Active Minimal Buyers,0.7009925683418372,0,1,0,0.0,0
20075,424,1,3399.99,424.0,0,Active Minimal Buyers,0.6957631291813655,0,0,0,0.0,0
20158,486,1,3578.27,486.0,0,Active Minimal Buyers,0.6786592905824049,0,1,0,0.0,0
20157,480,1,3578.27,480.0,0,Active Minimal Buyers,0.6802648033564938,0,1,0,0.0,0
20156,465,1,3578.27,465.0,0,Active Minimal Buyers,0.6843246962009837,0,1,0,0.0,0
20154,483,1,3578.27,483.0,0,Active Minimal Buyers,0.6794607544480341,0,1,0,0.0,0
20152,474,1,3578.27,474.0,0,Active Minimal Buyers,0.6818807548474449,0,1,0,0.0,0
20151,486,1,3578.27,486.0,0,Active Minimal Buyers,0.6786592905824049,0,1,0,0.0,0
29991,1,4,2571.4437,91.0,1,High Value but Cooling,0.8508596796756227,0,1,0,0.0,0
20062,366,1,782.99,366.0,2,Inactive Minimal Buyers,0.7049471562924444,0,1,0,0.0,0
20214,474,1,3578.27,474.0,0,Active Minimal Buyers,0.6818807548474449,0,1,0,0.0,0
30002,1,1,977.376,1.0,8,Recent Low-Value Customers,0.851932431334368,0,1,0,0.0,0
20051,351,1,782.99,351.0,2,Inactive Minimal Buyers,0.709023158951477,0,1,0,0.0,0
30008,62,1,68.382,62.0,5,Champions,0.4612546975037607,0,1,0,0.0,0
20039,11,1,2457.33,11.0,4,Frequent Low-Spend Customers,0.8921113661825033,0,0,0,0.0,0
20038,29,1,2443.35,29.0,4,Frequent Low-Spend Customers,0.868810370960844,0,0,0,0.0,0
20037,2,1,2595.95,2.0,4,Frequent Low-Spend Customers,0.9129458482922272,0,0,0,0.0,0
20036,13,1,2618.62,13.0,4,Frequent Low-Spend Customers,0.8893225998911874,0,0,0,0.0,0
20159,474,1,3578.27,474.0,0,Active Minimal Buyers,0.6818807548474449,0,1,0,0.0,0
20160,488,1,3578.27,488.0,0,Active Minimal Buyers,0.6781264055278102,0,1,0,0.0,0
20162,352,1,782.99,352.0,2,Inactive Minimal Buyers,0.7087486509226384,0,1,0,0.0,0
20163,306,1,782.99,306.0,2,Inactive Minimal Buyers,0.7218245838862047,0,1,0,0.0,0
20213,485,1,3578.27,485.0,0,Active Minimal Buyers,0.6789261594763273,0,1,0,0.0,0
20211,471,1,3578.27,471.0,0,Active Minimal Buyers,0.6826927076830532,0,1,0,0.0,0
20209,377,1,2049.0982,377.0,6,Declining Frequent Buyers,0.7111238191046315,0,1,0,0.0,0
20208,395,1,2049.0982,395.0,6,Declining Frequent Buyers,0.7059700008511205,0,1,0,0.0,0
20206,390,1,2049.0982,390.0,6,Declining Frequent Buyers,0.7073891886961355,0,1,0,0.0,0
20200,1,1,2479.94,1.0,4,Frequent Low-Spend Customers,0.9164506117009462,0,0,0,0.0,0
20188,379,1,2071.4196,379.0,6,Declining Frequent Buyers,0.710593914250456,0,1,0,0.0,0
20186,394,1,2071.4196,394.0,6,Declining Frequent Buyers,0.7063020395590369,0,1,0,0.0,0
20182,422,1,3374.99,422.0,0,Active Minimal Buyers,0.6963337138337731,0,1,0,0.0,0
20181,19,1,2443.35,19.0,4,Frequent Low-Spend Customers,0.880372255726428,0,0,0,0.0,0
20180,28,1,2487.89,28.0,4,Frequent Low-Spend Customers,0.8699924395926184,0,0,0,0.0,0
29977,1,1,2333.472,1.0,4,Frequent Low-Spend Customers,0.9160219946751523,0,1,0,0.0,0
20171,318,1,782.99,318.0,2,Inactive Minimal Buyers,0.7183205180255157,0,1,0,0.0,0
29983,1,5,12477.1345,91.25,1,High Value but Cooling,0.9086288879864979,0,1,0,0.0,0
20166,322,1,782.99,322.0,2,Inactive Minimal Buyers,0.7171677607059863,0,1,0,0.0,0
20430,447,1,3578.27,447.0,0,Active Minimal Buyers,0.689287261876734,0,1,0,0.0,0
20445,438,1,3578.27,438.0,0,Active Minimal Buyers,0.6918074068256602,0,1,0,0.0,0
20446,458,1,3578.27,458.0,0,Active Minimal Buyers,0.6862425420988565,0,1,0,0.0,0
20670,223,1,2049.0982,223.0,6,Declining Frequent Buyers,0.761809437121453,0,1,0,0.0,0
20716,26,2,1560.33,244.0,1,High Value but Cooling,0.8047171685878907,0,1,0,0.0,0
20713,346,1,782.99,346.0,2,Inactive Minimal Buyers,0.7104018161855707,0,1,0,0.0,0
20712,347,1,782.99,347.0,2,Inactive Minimal Buyers,0.7101252632079306,0,1,0,0.0,0
20711,340,1,782.99,340.0,2,Inactive Minimal Buyers,0.7120698998573477,0,1,0,0.0,0
20710,368,1,782.99,368.0,2,Inactive Minimal Buyers,0.7044102776323625,0,1,0,0.0,0
20708,183,1,2071.4196,183.0,6,Declining Frequent Buyers,0.7778505168306937,0,1,0,0.0,0
20680,222,1,2049.0982,222.0,6,Declining Frequent Buyers,0.7621902377657445,0,1,0,0.0,0
20669,237,1,2049.0982,237.0,6,Declining Frequent Buyers,0.756568235912865,0,1,0,0.0,0
20447,457,1,3578.27,457.0,0,Active Minimal Buyers,0.6865177572324486,0,1,0,0.0,0
20665,225,1,2049.0982,225.0,6,Declining Frequent Buyers,0.7610504763957138,0,1,0,0.0,0
20662,32,1,1750.98,32.0,4,Frequent Low-Spend Customers,0.8633543664256171,0,0,0,0.0,0
20656,234,1,2071.4196,234.0,6,Declining Frequent Buyers,0.7577265253363012,0,1,0,0.0,0
20651,239,1,2049.0982,239.0,6,Declining Frequent Buyers,0.7558327071258866,0,1,0,0.0,0
20629,422,1,3578.27,422.0,0,Active Minimal Buyers,0.6963548510795473,0,1,0,0.0,0
20628,413,1,3578.27,413.0,0,Active Minimal Buyers,0.6989521221260221,0,1,0,0.0,0
20627,411,1,3578.27,411.0,0,Active Minimal Buyers,0.6995332655966093,0,1,0,0.0,0
29908,1,1,29.388,1.0,5,Champions,0.3773135424697952,0,1,0,0.0,0
20717,341,1,782.99,341.0,2,Inactive Minimal Buyers,0.7117908331238021,0,1,0,0.0,0
20718,340,1,782.99,340.0,2,Inactive Minimal Buyers,0.7120698998573477,0,1,0,0.0,0
20719,254,1,782.99,254.0,2,Inactive Minimal Buyers,0.7379013086310391,0,1,0,0.0,0
20820,426,1,3578.27,426.0,0,Active Minimal Buyers,0.6952097284352251,0,1,0,0.0,0
20819,424,1,3578.27,424.0,0,Active Minimal Buyers,0.6957815898511996,0,1,0,0.0,0
20818,399,1,3578.27,399.0,0,Active Minimal Buyers,0.7030513293732105,0,1,0,0.0,0
20817,420,1,3578.27,420.0,0,Active Minimal Buyers,0.6969295221896668,0,1,0,0.0,0
20816,408,1,3578.27,408.0,0,Active Minimal Buyers,0.7004077357182131,0,1,0,0.0,0
20815,407,1,3578.27,407.0,0,Active Minimal Buyers,0.7006999658569477,0,1,0,0.0,0
20814,409,1,3578.27,409.0,0,Active Minimal Buyers,0.7001158765431627,0,1,0,0.0,0
20812,418,1,3578.27,418.0,0,Active Minimal Buyers,0.6975056133716295,0,1,0,0.0,0
20811,332,1,782.99,332.0,2,Inactive Minimal Buyers,0.7143179130579786,0,1,0,0.0,0
29893,32,1,1020.594,32.0,8,Recent Low-Value Customers,0.8151420231424313,0,0,0,0.0,0
20807,337,1,782.99,337.0,2,Inactive Minimal Buyers,0.7129096606299024,0,1,0,0.0,0
20736,204,1,2049.0982,204.0,6,Declining Frequent Buyers,0.7692027104848793,0,1,0,0.0,0
20726,229,1,782.99,229.0,2,Inactive Minimal Buyers,0.7462389287740006,0,1,0,0.0,0
20722,4,2,1602.47,210.0,1,High Value but Cooling,0.8254009388655597,0,1,0,0.0,0
20720,265,1,782.99,265.0,2,Inactive Minimal Buyers,0.7343677427358607,0,1,0,0.0,0
29926,1,1,356.898,1.0,8,Recent Low-Value Customers,0.8195761955083536,0,1,0,0.0,0
20626,418,1,3578.27,418.0,0,Active Minimal Buyers,0.6975056133716295,0,1,0,0.0,0
20625,404,1,3578.27,404.0,0,Active Minimal Buyers,0.7015788959228569,0,1,0,0.0,0
20590,274,1,782.99,274.0,2,Inactive Minimal Buyers,0.7315327353356907,0,1,0,0.0,0
20577,396,1,782.99,396.0,2,Inactive Minimal Buyers,0.6970470891212647,0,1,0,0.0,0
20576,394,1,782.99,394.0,2,Inactive Minimal Buyers,0.6975638987994253,0,1,0,0.0,0
29934,244,1,202.332,244.0,2,Inactive Minimal Buyers,0.7213360155295013,0,0,0,0.0,0
29936,1,1,1914.442875,1.0,4,Frequent Low-Spend Customers,0.9146033616251737,0,1,0,0.0,0
20560,292,1,782.99,292.0,2,Inactive Minimal Buyers,0.7260038534619359,0,1,0,0.0,0
20556,281,1,782.99,281.0,2,Inactive Minimal Buyers,0.7293609002301898,0,1,0,0.0,0
20555,294,1,782.99,294.0,2,Inactive Minimal Buyers,0.725400557876499,0,1,0,0.0,0
20549,277,1,782.99,277.0,2,Inactive Minimal Buyers,0.7305984729571147,0,1,0,0.0,0
20548,301,1,782.99,301.0,2,Inactive Minimal Buyers,0.7233055865187215,0,1,0,0.0,0
20470,287,1,2071.4196,287.0,6,Declining Frequent Buyers,0.7390999119745258,0,1,0,0.0,0
20468,282,1,2049.0982,282.0,6,Declining Frequent Buyers,0.74072757107443,0,1,0,0.0,0
20456,444,1,3578.27,444.0,0,Active Minimal Buyers,0.6901243630434823,0,1,0,0.0,0
20451,439,1,3578.27,439.0,0,Active Minimal Buyers,0.6915260733619664,0,1,0,0.0,0
20450,436,1,3578.27,436.0,0,Active Minimal Buyers,0.6923710743122422,0,1,0,0.0,0
20448,437,1,3578.27,437.0,0,Active Minimal Buyers,0.6920890734236165,0,1,0,0.0,0
20584,290,1,782.99,290.0,2,Inactive Minimal Buyers,0.726609292293332,0,1,0,0.0,0
20592,371,1,782.99,371.0,2,Inactive Minimal Buyers,0.7036077863691622,0,1,0,0.0,0
20624,409,1,3578.27,409.0,0,Active Minimal Buyers,0.7001158765431627,0,1,0,0.0,0
20598,268,1,782.99,268.0,2,Inactive Minimal Buyers,0.7334172797136076,0,1,0,0.0,0
20623,414,1,3578.27,414.0,0,Active Minimal Buyers,0.6986620973269599,0,1,0,0.0,0
20622,401,1,3578.27,401.0,0,Active Minimal Buyers,0.7024612149487257,0,1,0,0.0,0
20621,420,1,3578.27,420.0,0,Active Minimal Buyers,0.6969295221896668,0,1,0,0.0,0
20620,407,1,3578.27,407.0,0,Active Minimal Buyers,0.7006999658569477,0,1,0,0.0,0
20617,406,1,3578.27,406.0,0,Active Minimal Buyers,0.7009925683418372,0,1,0,0.0,0
20616,426,1,3578.27,426.0,0,Active Minimal Buyers,0.6952097284352251,0,1,0,0.0,0
20615,437,1,3578.27,437.0,0,Active Minimal Buyers,0.6920890734236165,0,1,0,0.0,0
20614,444,1,3578.27,444.0,0,Active Minimal Buyers,0.6901243630434823,0,1,0,0.0,0
20613,441,1,3578.27,441.0,0,Active Minimal Buyers,0.690964401244772,0,1,0,0.0,0
20612,436,1,3578.27,436.0,0,Active Minimal Buyers,0.6923710743122422,0,1,0,0.0,0
20611,458,1,3578.27,458.0,0,Active Minimal Buyers,0.6862425420988565,0,1,0,0.0,0
20610,446,1,3578.27,446.0,0,Active Minimal Buyers,0.6895659711137985,0,1,0,0.0,0
20608,450,1,3578.27,450.0,0,Active Minimal Buyers,0.6884530679105666,0,1,0,0.0,0
20606,447,1,3578.27,447.0,0,Active Minimal Buyers,0.689287261876734,0,1,0,0.0,0
20600,455,1,3578.27,455.0,0,Active Minimal Buyers,0.687069125625617,0,1,0,0.0,0
20035,400,1,3374.99,400.0,0,Active Minimal Buyers,0.7027349437814683,0,1,0,0.0,0
20034,441,1,3399.99,441.0,0,Active Minimal Buyers,0.690945940574938,0,1,0,0.0,0
20023,445,1,3374.99,445.0,0,Active Minimal Buyers,0.6898238672219694,0,1,0,0.0,0
19576,537,1,3578.27,537.0,0,Active Minimal Buyers,0.6654078616155021,0,1,0,0.0,0
19595,526,1,3578.27,526.0,0,Active Minimal Buyers,0.6682088561745183,0,1,0,0.0,0
19594,540,1,3578.27,540.0,0,Active Minimal Buyers,0.6646491293911317,0,1,0,0.0,0
19593,522,1,3578.27,522.0,0,Active Minimal Buyers,0.6692349208300924,0,1,0,0.0,0
19592,526,1,3578.27,526.0,0,Active Minimal Buyers,0.6682088561745183,0,1,0,0.0,0
19588,541,1,3578.27,541.0,0,Active Minimal Buyers,0.6643967046021929,0,1,0,0.0,0
19586,528,1,3578.27,528.0,0,Active Minimal Buyers,0.6676973410424718,0,1,0,0.0,0
19577,524,1,3578.27,524.0,0,Active Minimal Buyers,0.6687213808205427,0,1,0,0.0,0
19568,547,1,3578.27,547.0,0,Active Minimal Buyers,0.6628872109623846,0,1,0,0.0,0
19763,21,2,4153.25,497.0,1,High Value but Cooling,0.8479414867520638,0,0,0,0.0,0
19565,545,1,3578.27,545.0,0,Active Minimal Buyers,0.6633894171072299,0,1,0,0.0,0
19564,525,1,3578.27,525.0,0,Active Minimal Buyers,0.668464991944,0,1,0,0.0,0
19563,525,1,3578.27,525.0,0,Active Minimal Buyers,0.668464991944,0,1,0,0.0,0
19562,547,1,3578.27,547.0,0,Active Minimal Buyers,0.6628872109623846,0,1,0,0.0,0
19561,537,1,3578.27,537.0,0,Active Minimal Buyers,0.6654078616155021,0,1,0,0.0,0
19560,541,1,3578.27,541.0,0,Active Minimal Buyers,0.6643967046021929,0,1,0,0.0,0
19559,531,1,3578.27,531.0,0,Active Minimal Buyers,0.6669319485240335,0,1,0,0.0,0
19596,543,1,3578.27,543.0,0,Active Minimal Buyers,0.6638925798707446,0,1,0,0.0,0
19598,539,1,3578.27,539.0,0,Active Minimal Buyers,0.6649017967006203,0,1,0,0.0,0
19599,529,1,3578.27,529.0,0,Active Minimal Buyers,0.667441960231448,0,1,0,0.0,0
19601,526,1,3578.27,526.0,0,Active Minimal Buyers,0.6682088561745183,0,1,0,0.0,0
19652,492,1,3578.27,492.0,0,Active Minimal Buyers,0.677064021715906,0,1,0,0.0,0
19631,495,1,3578.27,495.0,0,Active Minimal Buyers,0.6762701695054192,0,1,0,0.0,0
19628,517,1,3578.27,517.0,0,Active Minimal Buyers,0.6705232519681847,0,1,0,0.0,0
19621,500,1,3578.27,500.0,0,Active Minimal Buyers,0.6749526059395106,0,1,0,0.0,0
19620,495,1,3578.27,495.0,0,Active Minimal Buyers,0.6762701695054192,0,1,0,0.0,0
19616,522,1,3578.27,522.0,0,Active Minimal Buyers,0.6692349208300924,0,1,0,0.0,0
19615,522,1,3578.27,522.0,0,Active Minimal Buyers,0.6692349208300924,0,1,0,0.0,0
19614,526,1,3578.27,526.0,0,Active Minimal Buyers,0.6682088561745183,0,1,0,0.0,0
19613,547,1,3578.27,547.0,0,Active Minimal Buyers,0.6628872109623846,0,1,0,0.0,0
19612,538,1,3578.27,538.0,0,Active Minimal Buyers,0.6651547072134242,0,1,0,0.0,0
19611,527,1,3578.27,527.0,0,Active Minimal Buyers,0.6679529727826615,0,1,0,0.0,0
19609,523,1,3578.27,523.0,0,Active Minimal Buyers,0.6689780235370852,0,1,0,0.0,0
19607,542,1,3578.27,542.0,0,Active Minimal Buyers,0.664144521654211,0,1,0,0.0,0
19605,529,1,3578.27,529.0,0,Active Minimal Buyers,0.667441960231448,0,1,0,0.0,0
19602,524,1,3578.27,524.0,0,Active Minimal Buyers,0.6687213808205427,0,1,0,0.0,0
19558,532,1,3578.27,532.0,0,Active Minimal Buyers,0.6666773161997138,0,1,0,0.0,0
19557,520,1,3578.27,520.0,0,Active Minimal Buyers,0.6697494821091317,0,1,0,0.0,0
19556,524,1,3578.27,524.0,0,Active Minimal Buyers,0.6687213808205427,0,1,0,0.0,0
30062,1,1,672.294,1.0,8,Recent Low-Value Customers,0.8404295551168495,0,1,0,0.0,0
19473,89,1,782.99,89.0,8,Recent Low-Value Customers,0.775224919684278,0,1,0,0.0,0
19471,118,1,1000.4375,118.0,8,Recent Low-Value Customers,0.7706981422790133,0,1,0,0.0,0
19467,96,1,1000.4375,96.0,8,Recent Low-Value Customers,0.7796144913355862,0,1,0,0.0,0
19459,98,1,1000.4375,98.0,8,Recent Low-Value Customers,0.7787631026012807,0,1,0,0.0,0
19458,67,1,782.99,67.0,8,Recent Low-Value Customers,0.7857265691241013,0,1,0,0.0,0
19455,143,1,1000.4375,143.0,8,Recent Low-Value Customers,0.7615526497141805,0,1,0,0.0,0
30077,366,1,165.231,366.0,2,Inactive Minimal Buyers,0.6818072687594104,0,0,0,0.0,0
30078,1,1,1.374,1.0,5,Champions,0.0,0,0,0,0.0,0
30086,1,1,748.134,1.0,8,Recent Low-Value Customers,0.8437756493046309,0,1,0,0.0,0
19452,73,1,782.99,73.0,8,Recent Low-Value Customers,0.7827061878296044,0,1,0,0.0,0
30099,62,1,1295.988,62.0,8,Recent Low-Value Customers,0.8033898665684579,0,0,0,0.0,0
19448,133,1,1000.4375,133.0,8,Recent Low-Value Customers,0.7651033021366229,0,1,0,0.0,0
19447,103,1,782.99,103.0,8,Recent Low-Value Customers,0.7692293247224382,0,1,0,0.0,0
19442,120,1,782.99,120.0,8,Recent Low-Value Customers,0.7624881653263023,0,1,0,0.0,0
19441,101,1,782.99,101.0,8,Recent Low-Value Customers,0.770058984130157,0,1,0,0.0,0
19474,65,1,782.99,65.0,8,Recent Low-Value Customers,0.7867639413075488,0,1,0,0.0,0
19477,121,1,1000.4375,121.0,8,Recent Low-Value Customers,0.7695510743022075,0,1,0,0.0,0
19555,537,1,3578.27,537.0,0,Active Minimal Buyers,0.6654078616155021,0,1,0,0.0,0
30061,1,1,5270.5524,1.0,4,Frequent Low-Spend Customers,0.9214713235561933,0,1,0,0.0,0
19517,46,1,782.99,46.0,8,Recent Low-Value Customers,0.7975717304568204,0,1,0,0.0,0
19511,64,1,1000.4375,64.0,8,Recent Low-Value Customers,0.7947323734112574,0,1,0,0.0,0
19510,91,1,1000.4375,91.0,8,Recent Low-Value Customers,0.781783730555361,0,1,0,0.0,0
19506,72,1,1000.4375,72.0,8,Recent Low-Value Customers,0.7906441220139564,0,1,0,0.0,0
19504,41,1,782.99,41.0,8,Recent Low-Value Customers,0.8007807280870792,0,1,0,0.0,0
19503,55,1,782.99,55.0,8,Recent Low-Value Customers,0.7922145463450223,0,1,0,0.0,0
19502,83,1,1000.4375,83.0,8,Recent Low-Value Customers,0.7853860678558656,0,1,0,0.0,0
30035,1,1,1580.0004,1.0,4,Frequent Low-Spend Customers,0.9131898504471002,0,1,0,0.0,0
19500,71,1,1000.4375,71.0,8,Recent Low-Value Customers,0.791141966912124,0,1,0,0.0,0
19499,81,1,1000.4375,81.0,8,Recent Low-Value Customers,0.7863142063729225,0,1,0,0.0,0
30036,1,1,762.9024,1.0,8,Recent Low-Value Customers,0.8443823401556163,0,1,0,0.0,0
30054,1,1,1323.438,1.0,4,Frequent Low-Spend Customers,0.9118518797222939,0,1,0,0.0,0
19493,82,1,1000.4375,82.0,8,Recent Low-Value Customers,0.785848684696859,0,1,0,0.0,0
19480,82,1,782.99,82.0,8,Recent Low-Value Customers,0.7784050648088853,0,1,0,0.0,0
19479,107,1,1000.4375,107.0,8,Recent Low-Value Customers,0.775038135504231,0,1,0,0.0,0
19653,498,1,3578.27,498.0,0,Active Minimal Buyers,0.6754788079028329,0,1,0,0.0,0
19765,30,2,4132.24,470.0,1,High Value but Cooling,0.8420398833406194,0,0,0,0.0,0
20007,478,1,3374.99,478.0,0,Active Minimal Buyers,0.6807811469534953,0,1,0,0.0,0
19948,505,1,3578.27,505.0,0,Active Minimal Buyers,0.6736418562221231,0,1,0,0.0,0
19959,492,1,3578.27,492.0,0,Active Minimal Buyers,0.677064021715906,0,1,0,0.0,0
19958,503,1,3578.27,503.0,0,Active Minimal Buyers,0.6741653450357045,0,1,0,0.0,0
19957,506,1,3578.27,506.0,0,Active Minimal Buyers,0.6733805149152194,0,1,0,0.0,0
19956,491,1,3578.27,491.0,0,Active Minimal Buyers,0.6773291965644093,0,1,0,0.0,0
19951,514,1,3578.27,514.0,0,Active Minimal Buyers,0.6712993534851849,0,1,0,0.0,0
19950,504,1,3578.27,504.0,0,Active Minimal Buyers,0.6739034659928805,0,1,0,0.0,0
19949,490,1,3578.27,490.0,0,Active Minimal Buyers,0.6775946515701657,0,1,0,0.0,0
19947,501,1,3578.27,501.0,0,Active Minimal Buyers,0.674689914190644,0,1,0,0.0,0
19766,512,1,3578.27,512.0,0,Active Minimal Buyers,0.6718180600571312,0,1,0,0.0,0
19945,61,1,782.99,61.0,8,Recent Low-Value Customers,0.7888888658435774,0,1,0,0.0,0
19944,342,1,782.99,342.0,2,Inactive Minimal Buyers,0.7115121899921311,0,1,0,0.0,0
19943,35,1,782.99,35.0,8,Recent Low-Value Customers,0.8049062152687432,0,1,0,0.0,0
30016,274,1,1229.4589,274.0,6,Declining Frequent Buyers,0.7410499036714919,0,0,0,0.0,0
30021,1,1,756.366,1.0,8,Recent Low-Value Customers,0.8441154839382738,0,1,0,0.0,0
19940,61,1,1000.4375,61.0,8,Recent Low-Value Customers,0.7963324857315511,0,1,0,0.0,0
19931,388,1,782.99,388.0,2,Inactive Minimal Buyers,0.6991225377125737,0,1,0,0.0,0
19960,496,1,3578.27,496.0,0,Active Minimal Buyers,0.6760061066993048,0,1,0,0.0,0
19963,500,1,3578.27,500.0,0,Active Minimal Buyers,0.6749526059395106,0,1,0,0.0,0
19964,511,1,3578.27,511.0,0,Active Minimal Buyers,0.6720778073305114,0,1,0,0.0,0
19965,496,1,3578.27,496.0,0,Active Minimal Buyers,0.6760061066993048,0,1,0,0.0,0
20000,498,1,3374.99,498.0,0,Active Minimal Buyers,0.6754576706570585,0,1,0,0.0,0
19997,536,1,3374.99,536.0,0,Active Minimal Buyers,0.6656401233502521,0,1,0,0.0,0
19989,526,1,3374.99,526.0,0,Active Minimal Buyers,0.6681877189287441,0,1,0,0.0,0
19988,542,1,3399.99,542.0,0,Active Minimal Buyers,0.664126060984377,0,1,0,0.0,0
19987,573,1,3374.99,573.0,0,Active Minimal Buyers,0.6564220989911299,0,1,0,0.0,0
19979,467,1,3578.27,467.0,0,Active Minimal Buyers,0.6837794935190039,0,1,0,0.0,0
19978,469,1,3578.27,469.0,0,Active Minimal Buyers,0.6832354999495609,0,1,0,0.0,0
19977,463,1,3578.27,463.0,0,Active Minimal Buyers,0.6848711158896444,0,1,0,0.0,0
19975,478,1,3578.27,478.0,0,Active Minimal Buyers,0.6808022841992696,0,1,0,0.0,0
19974,468,1,3578.27,468.0,0,Active Minimal Buyers,0.6835073460852821,0,1,0,0.0,0
19971,459,1,3578.27,459.0,0,Active Minimal Buyers,0.685967638294033,0,1,0,0.0,0
19970,468,1,3578.27,468.0,0,Active Minimal Buyers,0.6835073460852821,0,1,0,0.0,0
19968,480,1,3578.27,480.0,0,Active Minimal Buyers,0.6802648033564938,0,1,0,0.0,0
19967,516,1,3578.27,516.0,0,Active Minimal Buyers,0.6707816923862067,0,1,0,0.0,0
19966,494,1,3578.27,494.0,0,Active Minimal Buyers,0.6765345090428738,0,1,0,0.0,0
19930,397,1,782.99,397.0,2,Inactive Minimal Buyers,0.6967891914986181,0,1,0,0.0,0
19924,387,1,782.99,387.0,2,Inactive Minimal Buyers,0.6993835221300835,0,1,0,0.0,0
19922,47,1,782.99,47.0,8,Recent Low-Value Customers,0.7969515683865487,0,1,0,0.0,0
19794,517,1,3578.27,517.0,0,Active Minimal Buyers,0.6705232519681847,0,1,0,0.0,0
19792,496,1,3578.27,496.0,0,Active Minimal Buyers,0.6760061066993048,0,1,0,0.0,0
19791,509,1,3578.27,509.0,0,Active Minimal Buyers,0.672598093755551,0,1,0,0.0,0
19790,505,1,3578.27,505.0,0,Active Minimal Buyers,0.6736418562221231,0,1,0,0.0,0
19789,504,1,3578.27,504.0,0,Active Minimal Buyers,0.6739034659928805,0,1,0,0.0,0
19788,495,1,3578.27,495.0,0,Active Minimal Buyers,0.6762701695054192,0,1,0,0.0,0
19787,514,1,3578.27,514.0,0,Active Minimal Buyers,0.6712993534851849,0,1,0,0.0,0
19786,495,1,3578.27,495.0,0,Active Minimal Buyers,0.6762701695054192,0,1,0,0.0,0
19785,490,1,3578.27,490.0,0,Active Minimal Buyers,0.6775946515701657,0,1,0,0.0,0
19784,518,1,3578.27,518.0,0,Active Minimal Buyers,0.6702650706208036,0,1,0,0.0,0
19783,499,1,3578.27,499.0,0,Active Minimal Buyers,0.6752155702340035,0,1,0,0.0,0
19782,511,1,3578.27,511.0,0,Active Minimal Buyers,0.6720778073305114,0,1,0,0.0,0
19773,503,1,3578.27,503.0,0,Active Minimal Buyers,0.6741653450357045,0,1,0,0.0,0
19772,494,1,3578.27,494.0,0,Active Minimal Buyers,0.6765345090428738,0,1,0,0.0,0
19771,508,1,3578.27,508.0,0,Active Minimal Buyers,0.672858634480166,0,1,0,0.0,0
19770,499,1,3578.27,499.0,0,Active Minimal Buyers,0.6752155702340035,0,1,0,0.0,0
19793,500,1,3578.27,500.0,0,Active Minimal Buyers,0.6749526059395106,0,1,0,0.0,0
19795,513,1,3578.27,513.0,0,Active Minimal Buyers,0.6715585757009765,0,1,0,0.0,0
19918,55,1,1000.4375,55.0,8,Recent Low-Value Customers,0.7996581662329961,0,1,0,0.0,0
19797,507,1,3578.27,507.0,0,Active Minimal Buyers,0.6731194412679711,0,1,0,0.0,0
19917,56,1,1000.4375,56.0,8,Recent Low-Value Customers,0.7990914642177178,0,1,0,0.0,0
19916,51,1,1000.4375,51.0,8,Recent Low-Value Customers,0.8019792978256253,0,1,0,0.0,0
19912,73,1,1000.4375,73.0,8,Recent Low-Value Customers,0.7901498077175781,0,1,0,0.0,0
19911,80,1,1000.4375,80.0,8,Recent Low-Value Customers,0.7867826868864406,0,1,0,0.0,0
19910,379,1,782.99,379.0,2,Inactive Minimal Buyers,0.7014841027459984,0,1,0,0.0,0
19903,62,1,782.99,62.0,8,Recent Low-Value Customers,0.7883511133641281,0,1,0,0.0,0
19902,42,1,782.99,42.0,8,Recent Low-Value Customers,0.8001236723973374,0,1,0,0.0,0
19899,39,1,782.99,39.0,8,Recent Low-Value Customers,0.8021196814931513,0,1,0,0.0,0
19884,557,1,3399.99,557.0,0,Active Minimal Buyers,0.6603718850291509,0,1,0,0.0,0
19874,602,1,3374.99,602.0,0,Active Minimal Buyers,0.6494110190414152,0,1,0,0.0,0
19855,619,1,3399.99,619.0,0,Active Minimal Buyers,0.6453850215842426,0,1,0,0.0,0
19844,656,1,3374.99,656.0,0,Active Minimal Buyers,0.6368079534250014,0,1,0,0.0,0
19830,710,1,3374.99,710.0,0,Active Minimal Buyers,0.6247324512244791,0,1,0,0.0,0
19829,701,1,3374.99,701.0,0,Active Minimal Buyers,0.6267110818648571,0,1,0,0.0,0
19802,733,1,3374.99,733.0,0,Active Minimal Buyers,0.6197342987891932,0,0,0,0.0,0
20821,417,1,3578.27,417.0,0,Active Minimal Buyers,0.6977941947074446,0,1,0,0.0,0
20823,398,1,3578.27,398.0,0,Active Minimal Buyers,0.7033469614397367,0,1,0,0.0,0
22114,700,1,3578.27,700.0,0,Active Minimal Buyers,0.6269528784918952,0,1,0,0.0,0
21555,344,1,2181.5625,344.0,6,Declining Frequent Buyers,0.7211970727907119,0,1,0,0.0,0
21562,314,1,2181.5625,314.0,6,Declining Frequent Buyers,0.7305299284891879,0,1,0,0.0,0
21561,365,1,2443.35,365.0,6,Declining Frequent Buyers,0.7154169289789091,0,1,0,0.0,0
21560,345,1,2181.5625,345.0,6,Declining Frequent Buyers,0.7208933908048347,0,1,0,0.0,0
21559,347,1,2443.35,347.0,6,Declining Frequent Buyers,0.7207914533324958,0,1,0,0.0,0
21558,342,1,2443.35,342.0,6,Declining Frequent Buyers,0.7223098733037744,0,1,0,0.0,0
21557,337,1,2443.35,337.0,6,Declining Frequent Buyers,0.7238398367811836,0,1,0,0.0,0
21556,360,1,2443.35,360.0,6,Declining Frequent Buyers,0.7168958086039671,0,1,0,0.0,0
21553,336,1,2181.5625,336.0,6,Declining Frequent Buyers,0.7236431758794245,0,1,0,0.0,0
21488,17,1,638.95,17.0,8,Recent Low-Value Customers,0.8137401660951299,0,0,0,0.0,0
21552,354,1,2181.5625,354.0,6,Declining Frequent Buyers,0.7181805205090009,0,1,0,0.0,0
21545,43,1,782.99,43.0,8,Recent Low-Value Customers,0.7994745083389173,0,1,0,0.0,0
21540,56,1,782.99,56.0,8,Recent Low-Value Customers,0.791647844329744,0,1,0,0.0,0
21517,48,1,782.99,48.0,8,Recent Low-Value Customers,0.796338082989688,0,1,0,0.0,0
21516,42,1,782.99,42.0,8,Recent Low-Value Customers,0.8001236723973374,0,1,0,0.0,0
21509,60,1,782.99,60.0,8,Recent Low-Value Customers,0.7894311435497483,0,1,0,0.0,0
21508,61,1,782.99,61.0,8,Recent Low-Value Customers,0.7888888658435774,0,1,0,0.0,0
21567,325,1,2443.35,325.0,6,Declining Frequent Buyers,0.7275604262469972,0,1,0,0.0,0
21568,332,1,2181.5625,332.0,6,Declining Frequent Buyers,0.724877542689315,0,1,0,0.0,0
21569,311,1,2443.35,311.0,6,Declining Frequent Buyers,0.7319922223725873,0,1,0,0.0,0
21570,319,1,2181.5625,319.0,6,Declining Frequent Buyers,0.7289433513022936,0,1,0,0.0,0
21622,87,1,2049.0982,87.0,4,Frequent Low-Spend Customers,0.8233341459360948,0,1,0,0.0,0
21621,70,1,2049.0982,70.0,4,Frequent Low-Spend Customers,0.8340688508625307,0,1,0,0.0,0
21620,93,1,2071.4196,93.0,4,Frequent Low-Spend Customers,0.8198849859819776,0,1,0,0.0,0
21618,83,1,2049.0982,83.0,4,Frequent Low-Spend Customers,0.8257554204737467,0,1,0,0.0,0
21614,72,1,2049.0982,72.0,4,Frequent Low-Spend Customers,0.8327412006874455,0,1,0,0.0,0
21613,104,1,2049.0982,104.0,4,Frequent Low-Spend Customers,0.8136322740335482,0,1,0,0.0,0
21600,29,1,563.77,29.0,8,Recent Low-Value Customers,0.7990315938515639,0,0,0,0.0,0
21597,10,1,561.48,10.0,8,Recent Low-Value Customers,0.817704195947245,0,0,0,0.0,0
21595,120,1,2049.0982,120.0,4,Frequent Low-Spend Customers,0.8052230678869245,0,1,0,0.0,0
21589,122,1,2049.0982,122.0,4,Frequent Low-Spend Customers,0.8042136024407319,0,1,0,0.0,0
21582,114,1,2049.0982,114.0,4,Frequent Low-Spend Customers,0.808304604848874,0,1,0,0.0,0
21576,4,1,548.98,4.0,8,Recent Low-Value Customers,0.8265486247816499,0,0,0,0.0,0
21575,30,1,548.98,30.0,8,Recent Low-Value Customers,0.7973907172992992,0,0,0,0.0,0
21572,328,1,2181.5625,328.0,6,Declining Frequent Buyers,0.7261196369092974,0,1,0,0.0,0
21571,323,1,2181.5625,323.0,6,Declining Frequent Buyers,0.7276833399606052,0,1,0,0.0,0
21501,20,2,2661.3996,133.0,1,High Value but Cooling,0.8311597007503524,0,0,0,0.0,0
21487,13,1,548.98,13.0,8,Recent Low-Value Customers,0.8132459221812075,0,0,0,0.0,0
29884,154,1,67.539,154.0,5,Champions,0.4516118001745587,0,0,0,0.0,0
21349,18,2,2989.3796,108.0,1,High Value but Cooling,0.8372928305547442,0,0,0,0.0,0
21384,347,1,2181.5625,347.0,6,Declining Frequent Buyers,0.7202873917618017,0,1,0,0.0,0
21380,353,1,2181.5625,353.0,6,Declining Frequent Buyers,0.7184801723098074,0,1,0,0.0,0
21379,350,1,2443.35,350.0,6,Declining Frequent Buyers,0.719885837398584,0,1,0,0.0,0
21361,349,1,2443.35,349.0,6,Declining Frequent Buyers,0.720187260974552,0,1,0,0.0,0
21359,350,1,2443.35,350.0,6,Declining Frequent Buyers,0.719885837398584,0,1,0,0.0,0
21354,143,1,2071.4196,143.0,4,Frequent Low-Spend Customers,0.7941685855800728,0,1,0,0.0,0
21352,140,1,2071.4196,140.0,4,Frequent Low-Spend Customers,0.7955654065741716,0,1,0,0.0,0
21348,150,1,2049.0982,150.0,4,Frequent Low-Spend Customers,0.7908890952539139,0,1,0,0.0,0
21470,11,1,562.96,11.0,8,Recent Low-Value Customers,0.8164931751290102,0,0,0,0.0,0
21336,138,1,2071.4196,138.0,4,Frequent Low-Spend Customers,0.7965052154978037,0,1,0,0.0,0
21332,159,1,2049.0982,159.0,6,Declining Frequent Buyers,0.7882796682057681,0,1,0,0.0,0
21331,18,2,2670.8896,161.0,1,High Value but Cooling,0.8327669232870714,0,0,0,0.0,0
21311,173,1,2049.0982,173.0,6,Declining Frequent Buyers,0.7820755896108745,0,1,0,0.0,0
21305,167,1,2049.0982,167.0,6,Declining Frequent Buyers,0.7847014831997257,0,1,0,0.0,0
21300,15,1,1120.49,15.0,8,Recent Low-Value Customers,0.8330252307579536,0,0,0,0.0,0
21284,176,1,2049.0982,176.0,6,Declining Frequent Buyers,0.7807802818560331,0,1,0,0.0,0
21387,361,1,2181.5625,361.0,6,Declining Frequent Buyers,0.7160951238684482,0,1,0,0.0,0
21389,359,1,2181.5625,359.0,6,Declining Frequent Buyers,0.7166887973831557,0,1,0,0.0,0
21393,361,1,2443.35,361.0,6,Declining Frequent Buyers,0.7165991854391424,0,1,0,0.0,0
21394,364,1,2181.5625,364.0,6,Declining Frequent Buyers,0.7152077996277342,0,1,0,0.0,0
21469,19,1,588.96,19.0,8,Recent Low-Value Customers,0.8091416567367002,0,0,0,0.0,0
21466,6,1,556.26,6.0,8,Recent Low-Value Customers,0.8233281953570664,0,0,0,0.0,0
21465,19,1,574.98,19.0,8,Recent Low-Value Customers,0.8083690724762526,0,0,0,0.0,0
21448,9,1,564.48,9.0,8,Recent Low-Value Customers,0.8192352157364852,0,0,0,0.0,0
21440,31,1,562.96,31.0,8,Recent Low-Value Customers,0.7974367876375114,0,0,0,0.0,0
21439,23,1,539.99,23.0,8,Recent Low-Value Customers,0.8026337472661341,0,0,0,0.0,0
21438,19,1,561.48,19.0,8,Recent Low-Value Customers,0.8076024875935331,0,0,0,0.0,0
21423,131,1,2049.0982,131.0,4,Frequent Low-Spend Customers,0.7997732004248372,0,1,0,0.0,0
21418,355,1,2181.5625,355.0,6,Declining Frequent Buyers,0.7178813069123281,0,1,0,0.0,0
21408,355,1,2181.5625,355.0,6,Declining Frequent Buyers,0.7178813069123281,0,1,0,0.0,0
21407,1,1,42.28,1.0,5,Champions,0.41993195481989914,0,0,0,0.0,0
21404,343,1,2181.5625,343.0,6,Declining Frequent Buyers,0.7215012124257706,0,1,0,0.0,0
21403,355,1,2443.35,355.0,6,Declining Frequent Buyers,0.7183853684830223,0,1,0,0.0,0
21402,344,1,2181.5625,344.0,6,Declining Frequent Buyers,0.7211970727907119,0,1,0,0.0,0
21400,137,1,2071.4196,137.0,4,Frequent Low-Spend Customers,0.7969777547219213,0,1,0,0.0,0
21629,67,1,2049.0982,67.0,4,Frequent Low-Spend Customers,0.8360972994120626,0,1,0,0.0,0
21642,85,1,2071.4196,85.0,4,Frequent Low-Spend Customers,0.8246153937489977,0,1,0,0.0,0
21652,92,1,2049.0982,92.0,4,Frequent Low-Spend Customers,0.8203866090452568,0,1,0,0.0,0
21968,293,1,2181.5625,293.0,6,Declining Frequent Buyers,0.737340877285213,0,1,0,0.0,0
21983,303,1,2443.35,303.0,6,Declining Frequent Buyers,0.7345711630944398,0,1,0,0.0,0
21982,279,1,2181.5625,279.0,6,Declining Frequent Buyers,0.7420229368417587,0,1,0,0.0,0
21980,299,1,2443.35,299.0,6,Declining Frequent Buyers,0.7358738586179221,0,1,0,0.0,0
21979,295,1,2181.5625,295.0,6,Declining Frequent Buyers,0.7366815479765615,0,1,0,0.0,0
21976,303,1,2443.35,303.0,6,Declining Frequent Buyers,0.7345711630944398,0,1,0,0.0,0
21974,276,1,2443.35,276.0,6,Declining Frequent Buyers,0.7435460145643759,0,1,0,0.0,0
21969,277,1,2181.5625,277.0,6,Declining Frequent Buyers,0.7427016467271462,0,1,0,0.0,0
21966,287,1,2181.5625,287.0,6,Declining Frequent Buyers,0.7393329689576287,0,1,0,0.0,0
21655,33,1,2049.0982,33.0,4,Frequent Low-Spend Customers,0.8635104987101128,0,1,0,0.0,0
21959,319,1,2181.5625,319.0,6,Declining Frequent Buyers,0.7289433513022936,0,1,0,0.0,0
21958,311,1,2181.5625,311.0,6,Declining Frequent Buyers,0.7314881608018932,0,1,0,0.0,0
21957,327,1,2443.35,327.0,6,Declining Frequent Buyers,0.7269354461297958,0,1,0,0.0,0
21956,323,1,2181.5625,323.0,6,Declining Frequent Buyers,0.7276833399606052,0,1,0,0.0,0
21955,320,1,2443.35,320.0,6,Declining Frequent Buyers,0.7291316464798062,0,1,0,0.0,0
21951,328,1,2443.35,328.0,6,Declining Frequent Buyers,0.7266236984799915,0,1,0,0.0,0
21950,322,1,2443.35,322.0,6,Declining Frequent Buyers,0.7285016432073645,0,1,0,0.0,0
21984,292,1,2443.35,292.0,6,Declining Frequent Buyers,0.7381754773718965,0,1,0,0.0,0
21985,300,1,2181.5625,300.0,6,Declining Frequent Buyers,0.7350432813738191,0,1,0,0.0,0
21986,295,1,2181.5625,295.0,6,Declining Frequent Buyers,0.7366815479765615,0,1,0,0.0,0
21987,277,1,2181.5625,277.0,6,Declining Frequent Buyers,0.7427016467271462,0,1,0,0.0,0
22112,674,1,3578.27,674.0,0,Active Minimal Buyers,0.6327485064457707,0,1,0,0.0,0
22109,19,2,5971.33,663.0,1,High Value but Cooling,0.8628606433935099,0,0,0,0.0,0
22058,699,1,3578.27,699.0,0,Active Minimal Buyers,0.6271737014683216,0,1,0,0.0,0
22050,702,1,3578.27,702.0,0,Active Minimal Buyers,0.6265117229705488,0,1,0,0.0,0
22041,731,1,3578.27,731.0,0,Active Minimal Buyers,0.6201867980396876,0,1,0,0.0,0
22033,293,1,2181.5625,293.0,6,Declining Frequent Buyers,0.737340877285213,0,1,0,0.0,0
22032,298,1,2181.5625,298.0,6,Declining Frequent Buyers,0.735696878653407,0,1,0,0.0,0
22031,291,1,2181.5625,291.0,6,Declining Frequent Buyers,0.7380025409219108,0,1,0,0.0,0
22030,285,1,2443.35,285.0,6,Declining Frequent Buyers,0.7405058448859996,0,1,0,0.0,0
22008,710,1,3578.27,710.0,0,Active Minimal Buyers,0.6247535884702533,0,1,0,0.0,0
22004,295,1,2181.5625,295.0,6,Declining Frequent Buyers,0.7366815479765615,0,1,0,0.0,0
22000,294,1,2181.5625,294.0,6,Declining Frequent Buyers,0.7370109223447728,0,1,0,0.0,0
21999,282,1,2443.35,282.0,6,Declining Frequent Buyers,0.7415136388092504,0,1,0,0.0,0
21996,290,1,2181.5625,290.0,6,Declining Frequent Buyers,0.738334255702668,0,1,0,0.0,0
21994,303,1,2181.5625,303.0,6,Declining Frequent Buyers,0.7340671015237457,0,1,0,0.0,0
21949,311,1,2181.5625,311.0,6,Declining Frequent Buyers,0.7314881608018932,0,1,0,0.0,0
21948,332,1,2443.35,332.0,6,Declining Frequent Buyers,0.7253816042600092,0,1,0,0.0,0
21947,312,1,2181.5625,312.0,6,Declining Frequent Buyers,0.7311682202823216,0,1,0,0.0,0
21878,322,1,2181.5625,322.0,6,Declining Frequent Buyers,0.7279975816366704,0,1,0,0.0,0
21876,314,1,2181.5625,314.0,6,Declining Frequent Buyers,0.7305299284891879,0,1,0,0.0,0
21875,333,1,2443.35,333.0,6,Declining Frequent Buyers,0.7250722936121016,0,1,0,0.0,0
21874,317,1,2181.5625,317.0,6,Declining Frequent Buyers,0.7295764257365835,0,1,0,0.0,0
21873,312,1,2181.5625,312.0,6,Declining Frequent Buyers,0.7311682202823216,0,1,0,0.0,0
21858,9,1,2492.3199999999997,9.0,4,Frequent Low-Spend Customers,0.8957378534804828,0,0,0,0.0,0
21857,5,1,2487.33,5.0,4,Frequent Low-Spend Customers,0.9041089896679345,0,0,0,0.0,0
21813,714,1,3578.27,714.0,0,Active Minimal Buyers,0.6238783749647577,0,1,0,0.0,0
21768,762,1,3578.27,762.0,0,Active Minimal Buyers,0.6135680118177396,0,1,0,0.0,0
21741,738,1,3578.27,738.0,0,Active Minimal Buyers,0.6186796951567359,0,1,0,0.0,0
21727,733,1,3578.27,733.0,0,Active Minimal Buyers,0.6197554360349675,0,1,0,0.0,0
21710,739,1,3578.27,739.0,0,Active Minimal Buyers,0.6184650011825924,0,1,0,0.0,0
21669,62,1,782.99,62.0,8,Recent Low-Value Customers,0.7883511133641281,0,1,0,0.0,0
21668,37,1,782.99,37.0,8,Recent Low-Value Customers,0.803493890200672,0,1,0,0.0,0
21659,744,1,3578.27,744.0,0,Active Minimal Buyers,0.6173937852731255,0,1,0,0.0,0
21658,57,1,2071.4196,57.0,4,Frequent Low-Spend Customers,0.8432960698635393,0,1,0,0.0,0
21877,318,1,2181.5625,318.0,6,Declining Frequent Buyers,0.7292596307628035,0,1,0,0.0,0
21882,306,1,2443.35,306.0,6,Declining Frequent Buyers,0.7335999752895679,0,1,0,0.0,0
21946,326,1,2181.5625,326.0,6,Declining Frequent Buyers,0.7267436263820417,0,1,0,0.0,0
21885,319,1,2181.5625,319.0,6,Declining Frequent Buyers,0.7289433513022936,0,1,0,0.0,0
21945,333,1,2443.35,333.0,6,Declining Frequent Buyers,0.7250722936121016,0,1,0,0.0,0
21944,320,1,2181.5625,320.0,6,Declining Frequent Buyers,0.7286275849091121,0,1,0,0.0,0
21943,312,1,2181.5625,312.0,6,Declining Frequent Buyers,0.7311682202823216,0,1,0,0.0,0
21939,720,1,3578.27,720.0,0,Active Minimal Buyers,0.6225703106157087,0,1,0,0.0,0
21921,709,1,3578.27,709.0,0,Active Minimal Buyers,0.6249727912733498,0,1,0,0.0,0
21899,332,1,2181.5625,332.0,6,Declining Frequent Buyers,0.724877542689315,0,1,0,0.0,0
21897,307,1,2443.35,307.0,6,Declining Frequent Buyers,0.7332773425324689,0,1,0,0.0,0
21895,330,1,2181.5625,330.0,6,Declining Frequent Buyers,0.7254976150240955,0,1,0,0.0,0
21894,310,1,2181.5625,310.0,6,Declining Frequent Buyers,0.7318086345116813,0,1,0,0.0,0
21893,333,1,2181.5625,333.0,6,Declining Frequent Buyers,0.7245682320414074,0,1,0,0.0,0
21892,327,1,2443.35,327.0,6,Declining Frequent Buyers,0.7269354461297958,0,1,0,0.0,0
25020,184,1,1000.4375,184.0,8,Recent Low-Value Customers,0.7481895563298505,0,1,0,0.0,0
21889,325,1,2181.5625,325.0,6,Declining Frequent Buyers,0.7270563646763031,0,1,0,0.0,0
21888,330,1,2443.35,330.0,6,Declining Frequent Buyers,0.7260016765947896,0,1,0,0.0,0
21886,324,1,2181.5625,324.0,6,Declining Frequent Buyers,0.7273696017578475,0,1,0,0.0,0
21272,173,1,2071.4196,173.0,6,Declining Frequent Buyers,0.7821245387918979,0,1,0,0.0,0
21266,177,1,2049.0982,177.0,6,Declining Frequent Buyers,0.7803510506452881,0,1,0,0.0,0
21259,357,1,2181.5625,357.0,6,Declining Frequent Buyers,0.7172841868684122,0,1,0,0.0,0
20921,157,1,782.99,157.0,8,Recent Low-Value Customers,0.7493468921048285,0,1,0,0.0,0
20970,86,1,782.99,86.0,8,Recent Low-Value Customers,0.7765715102580529,0,1,0,0.0,0
20945,63,1,782.99,63.0,8,Recent Low-Value Customers,0.7878177774052092,0,1,0,0.0,0
20933,162,1,782.99,162.0,8,Recent Low-Value Customers,0.7476996079709204,0,1,0,0.0,0
20931,164,1,782.99,164.0,8,Recent Low-Value Customers,0.7470480554167921,0,1,0,0.0,0
20930,70,1,782.99,70.0,8,Recent Low-Value Customers,0.7841997973099203,0,1,0,0.0,0
20923,67,1,782.99,67.0,8,Recent Low-Value Customers,0.7857265691241013,0,1,0,0.0,0
20922,180,1,782.99,180.0,8,Recent Low-Value Customers,0.7419769166806434,0,1,0,0.0,0
20917,158,1,782.99,158.0,8,Recent Low-Value Customers,0.7490152921834504,0,1,0,0.0,0
21000,370,1,2181.5625,370.0,6,Declining Frequent Buyers,0.7134444471020703,0,1,0,0.0,0
20914,87,1,782.99,87.0,8,Recent Low-Value Customers,0.7761200040516611,0,1,0,0.0,0
20913,89,1,782.99,89.0,8,Recent Low-Value Customers,0.775224919684278,0,1,0,0.0,0
20912,94,1,782.99,94.0,8,Recent Low-Value Customers,0.7730314299470086,0,1,0,0.0,0
20896,112,1,782.99,112.0,8,Recent Low-Value Customers,0.7655946295943906,0,1,0,0.0,0
20892,212,1,782.99,212.0,2,Inactive Minimal Buyers,0.7521807590769232,0,1,0,0.0,0
20890,187,1,782.99,187.0,8,Recent Low-Value Customers,0.7398317501381443,0,1,0,0.0,0
20886,209,1,782.99,209.0,2,Inactive Minimal Buyers,0.753254586867083,0,1,0,0.0,0
20975,161,1,782.99,161.0,8,Recent Low-Value Customers,0.7480269418979448,0,1,0,0.0,0
20977,11,1,574.98,11.0,8,Recent Low-Value Customers,0.8171747030640079,0,0,0,0.0,0
20979,66,1,782.99,66.0,8,Recent Low-Value Customers,0.7862432441657017,0,1,0,0.0,0
20980,80,1,782.99,80.0,8,Recent Low-Value Customers,0.7793390669984668,0,1,0,0.0,0
20998,369,1,2181.5625,369.0,6,Declining Frequent Buyers,0.7137373047685859,0,1,0,0.0,0
20997,377,1,2181.5625,377.0,6,Declining Frequent Buyers,0.7114058252687577,0,1,0,0.0,0
20996,421,1,3578.27,421.0,0,Active Minimal Buyers,0.6966420097653578,0,1,0,0.0,0
20994,426,1,3578.27,426.0,0,Active Minimal Buyers,0.6952097284352251,0,1,0,0.0,0
20993,426,1,3578.27,426.0,0,Active Minimal Buyers,0.6952097284352251,0,1,0,0.0,0
20992,426,1,3578.27,426.0,0,Active Minimal Buyers,0.6952097284352251,0,1,0,0.0,0
20991,421,1,3578.27,421.0,0,Active Minimal Buyers,0.6966420097653578,0,1,0,0.0,0
20990,405,1,3578.27,405.0,0,Active Minimal Buyers,0.7012855445639161,0,1,0,0.0,0
20989,411,1,3578.27,411.0,0,Active Minimal Buyers,0.6995332655966093,0,1,0,0.0,0
20988,423,1,3578.27,423.0,0,Active Minimal Buyers,0.6960680448622941,0,1,0,0.0,0
20987,426,1,3578.27,426.0,0,Active Minimal Buyers,0.6952097284352251,0,1,0,0.0,0
20985,405,1,3578.27,405.0,0,Active Minimal Buyers,0.7012855445639161,0,1,0,0.0,0
20984,419,1,3578.27,419.0,0,Active Minimal Buyers,0.6972173896300191,0,1,0,0.0,0
20983,411,1,3578.27,411.0,0,Active Minimal Buyers,0.6995332655966093,0,1,0,0.0,0
20982,29,2,2546.96,118.0,1,High Value but Cooling,0.8235485982741964,0,0,0,0.0,0
20885,212,1,782.99,212.0,2,Inactive Minimal Buyers,0.7521807590769232,0,1,0,0.0,0
20880,199,1,782.99,199.0,2,Inactive Minimal Buyers,0.7568927940906462,0,1,0,0.0,0
20876,111,1,782.99,111.0,8,Recent Low-Value Customers,0.7659908710428712,0,1,0,0.0,0
20842,191,1,782.99,191.0,8,Recent Low-Value Customers,0.7386245450574542,0,1,0,0.0,0
20839,304,1,782.99,304.0,2,Inactive Minimal Buyers,0.7224154700905758,0,1,0,0.0,0
20838,290,1,782.99,290.0,2,Inactive Minimal Buyers,0.726609292293332,0,1,0,0.0,0
20837,3,2,2547.95,308.0,1,High Value but Cooling,0.8465043304211385,0,0,0,0.0,0
20836,193,1,782.99,193.0,8,Recent Low-Value Customers,0.7380258418606888,0,1,0,0.0,0
20835,196,1,782.99,196.0,2,Inactive Minimal Buyers,0.7580026020108535,0,1,0,0.0,0
20834,16,2,2566.95,306.0,1,High Value but Cooling,0.8327009608537634,0,0,0,0.0,0
20833,231,1,782.99,231.0,2,Inactive Minimal Buyers,0.745555106878668,0,1,0,0.0,0
20832,5,2,2533.97,327.0,1,High Value but Cooling,0.8432584990842107,0,0,0,0.0,0
20831,230,1,782.99,230.0,2,Inactive Minimal Buyers,0.7458966333430093,0,1,0,0.0,0
20830,244,1,782.99,244.0,2,Inactive Minimal Buyers,0.7411830215596145,0,1,0,0.0,0
20829,221,1,782.99,221.0,2,Inactive Minimal Buyers,0.7490055973334103,0,1,0,0.0,0
20828,238,1,782.99,238.0,2,Inactive Minimal Buyers,0.743185536846491,0,1,0,0.0,0
20825,306,1,782.99,306.0,2,Inactive Minimal Buyers,0.7218245838862047,0,1,0,0.0,0
29871,32,1,5497.4400749999995,32.0,4,Frequent Low-Spend Customers,0.871140346666191,0,1,0,0.0,0
20824,31,2,2512.96,292.0,1,High Value but Cooling,0.8218354721068252,0,0,0,0.0,0
20841,199,1,782.99,199.0,2,Inactive Minimal Buyers,0.7568927940906462,0,1,0,0.0,0
20845,180,1,782.99,180.0,8,Recent Low-Value Customers,0.7419769166806434,0,1,0,0.0,0
20875,223,1,782.99,223.0,2,Inactive Minimal Buyers,0.7483091384487215,0,1,0,0.0,0
20847,155,1,782.99,155.0,8,Recent Low-Value Customers,0.7500133789693665,0,1,0,0.0,0
20872,221,1,782.99,221.0,2,Inactive Minimal Buyers,0.7490055973334103,0,1,0,0.0,0
20870,111,1,782.99,111.0,8,Recent Low-Value Customers,0.7659908710428712,0,1,0,0.0,0
20869,222,1,782.99,222.0,2,Inactive Minimal Buyers,0.748656962254387,0,1,0,0.0,0
20864,248,1,782.99,248.0,2,Inactive Minimal Buyers,0.7398621355051936,0,1,0,0.0,0
20863,247,1,782.99,247.0,2,Inactive Minimal Buyers,0.7401913172884362,0,1,0,0.0,0
20862,258,1,782.99,258.0,2,Inactive Minimal Buyers,0.7366073795349497,0,1,0,0.0,0
20861,127,1,782.99,127.0,8,Recent Low-Value Customers,0.7598564784058665,0,1,0,0.0,0
20860,145,1,782.99,145.0,8,Recent Low-Value Customers,0.753414434290372,0,1,0,0.0,0
20859,272,1,782.99,272.0,2,Inactive Minimal Buyers,0.7321585215306956,0,1,0,0.0,0
20856,250,1,782.99,250.0,2,Inactive Minimal Buyers,0.7392058260844863,0,1,0,0.0,0
20854,136,1,782.99,136.0,8,Recent Low-Value Customers,0.7565804462376827,0,1,0,0.0,0
20852,249,1,782.99,249.0,2,Inactive Minimal Buyers,0.7395336398258421,0,1,0,0.0,0
20851,286,1,782.99,286.0,2,Inactive Minimal Buyers,0.7278266897787324,0,1,0,0.0,0
20850,294,1,782.99,294.0,2,Inactive Minimal Buyers,0.725400557876499,0,1,0,0.0,0
20848,286,1,782.99,286.0,2,Inactive Minimal Buyers,0.7278266897787324,0,1,0,0.0,0
20999,392,1,2181.5625,392.0,6,Declining Frequent Buyers,0.7071023947695116,0,1,0,0.0,0
21001,381,1,2443.35,381.0,6,Declining Frequent Buyers,0.7107537593957819,0,1,0,0.0,0
21258,360,1,2181.5625,360.0,6,Declining Frequent Buyers,0.7163917470332729,0,1,0,0.0,0
21193,397,1,2181.5625,397.0,6,Declining Frequent Buyers,0.705686939991382,0,1,0,0.0,0
21202,368,1,2181.5625,368.0,6,Declining Frequent Buyers,0.7140305739309214,0,1,0,0.0,0
21201,384,1,2443.35,384.0,6,Declining Frequent Buyers,0.7098907855328829,0,1,0,0.0,0
21200,394,1,2181.5625,394.0,6,Declining Frequent Buyers,0.7065350965421398,0,1,0,0.0,0
21199,390,1,2443.35,390.0,6,Declining Frequent Buyers,0.7081752564309558,0,1,0,0.0,0
21197,384,1,2181.5625,384.0,6,Declining Frequent Buyers,0.7093867239621887,0,1,0,0.0,0
21195,382,1,2443.35,382.0,6,Declining Frequent Buyers,0.710465711495764,0,1,0,0.0,0
21194,370,1,2181.5625,370.0,6,Declining Frequent Buyers,0.7134444471020703,0,1,0,0.0,0
21192,377,1,2443.35,377.0,6,Declining Frequent Buyers,0.7119098868394519,0,1,0,0.0,0
21002,392,1,2443.35,392.0,6,Declining Frequent Buyers,0.7076064563402058,0,1,0,0.0,0
21191,392,1,2443.35,392.0,6,Declining Frequent Buyers,0.7076064563402058,0,1,0,0.0,0
21189,369,1,2443.35,369.0,6,Declining Frequent Buyers,0.71424136633928,0,1,0,0.0,0
21183,390,1,2181.5625,390.0,6,Declining Frequent Buyers,0.7076711948602616,0,1,0,0.0,0
21180,376,1,2181.5625,376.0,6,Declining Frequent Buyers,0.7116958489914749,0,1,0,0.0,0
21179,371,1,2443.35,371.0,6,Declining Frequent Buyers,0.7136560608178607,0,1,0,0.0,0
21173,395,1,2181.5625,395.0,6,Declining Frequent Buyers,0.7062520070152467,0,1,0,0.0,0
21169,367,1,2181.5625,367.0,6,Declining Frequent Buyers,0.7143242562847936,0,1,0,0.0,0
21203,370,1,2181.5625,370.0,6,Declining Frequent Buyers,0.7134444471020703,0,1,0,0.0,0
21205,371,1,2443.35,371.0,6,Declining Frequent Buyers,0.7136560608178607,0,1,0,0.0,0
21206,395,1,2181.5625,395.0,6,Declining Frequent Buyers,0.7062520070152467,0,1,0,0.0,0
21211,381,1,2443.35,381.0,6,Declining Frequent Buyers,0.7107537593957819,0,1,0,0.0,0
21257,363,1,2443.35,363.0,6,Declining Frequent Buyers,0.7160072135096519,0,1,0,0.0,0
21256,348,1,2181.5625,348.0,6,Declining Frequent Buyers,0.7199850707315155,0,1,0,0.0,0
21231,340,1,2181.5625,340.0,6,Declining Frequent Buyers,0.7224163975312426,0,1,0,0.0,0
21230,358,1,2443.35,358.0,6,Declining Frequent Buyers,0.7174903382932019,0,1,0,0.0,0
21229,337,1,2443.35,337.0,6,Declining Frequent Buyers,0.7238398367811836,0,1,0,0.0,0
21228,354,1,2181.5625,354.0,6,Declining Frequent Buyers,0.7181805205090009,0,1,0,0.0,0
21226,346,1,2181.5625,346.0,6,Declining Frequent Buyers,0.7205901644597905,0,1,0,0.0,0
21225,358,1,2181.5625,358.0,6,Declining Frequent Buyers,0.7169862767225077,0,1,0,0.0,0
21222,349,1,2181.5625,349.0,6,Declining Frequent Buyers,0.7196831994038578,0,1,0,0.0,0
21219,343,1,2181.5625,343.0,6,Declining Frequent Buyers,0.7215012124257706,0,1,0,0.0,0
21218,352,1,2181.5625,352.0,6,Declining Frequent Buyers,0.7187802641970976,0,1,0,0.0,0
21217,346,1,2181.5625,346.0,6,Declining Frequent Buyers,0.7205901644597905,0,1,0,0.0,0
21216,387,1,2443.35,387.0,6,Declining Frequent Buyers,0.709031298171668,0,1,0,0.0,0
21215,388,1,2181.5625,388.0,6,Declining Frequent Buyers,0.7082415085032446,0,1,0,0.0,0
21214,376,1,2181.5625,376.0,6,Declining Frequent Buyers,0.7116958489914749,0,1,0,0.0,0
21168,378,1,2181.5625,378.0,6,Declining Frequent Buyers,0.711116199881437,0,1,0,0.0,0
21167,374,1,2181.5625,374.0,6,Declining Frequent Buyers,0.7122770978803818,0,1,0,0.0,0
21166,395,1,2443.35,395.0,6,Declining Frequent Buyers,0.7067560685859409,0,1,0,0.0,0
21036,135,1,782.99,135.0,8,Recent Low-Value Customers,0.7569388148084212,0,1,0,0.0,0
21034,148,1,782.99,148.0,8,Recent Low-Value Customers,0.7523817454378965,0,1,0,0.0,0
21029,38,1,782.99,38.0,8,Recent Low-Value Customers,0.8028022087870638,0,1,0,0.0,0
21027,143,1,782.99,143.0,8,Recent Low-Value Customers,0.7541090298262066,0,1,0,0.0,0
21020,147,1,782.99,147.0,8,Recent Low-Value Customers,0.7527247646667058,0,1,0,0.0,0
21018,127,1,782.99,127.0,8,Recent Low-Value Customers,0.7598564784058665,0,1,0,0.0,0
21017,17,1,578.46,17.0,8,Recent Low-Value Customers,0.8105605913463109,0,0,0,0.0,0
21016,59,1,782.99,59.0,8,Recent Low-Value Customers,0.7899780596985178,0,1,0,0.0,0
21015,71,1,782.99,71.0,8,Recent Low-Value Customers,0.7836983470241503,0,1,0,0.0,0
21014,13,1,607.96,13.0,8,Recent Low-Value Customers,0.8165310409007293,0,0,0,0.0,0
21013,2,1,548.98,2.0,8,Recent Low-Value Customers,0.8310722290827756,0,0,0,0.0,0
21012,126,1,782.99,126.0,8,Recent Low-Value Customers,0.7602277738202123,0,1,0,0.0,0
21011,141,1,782.99,141.0,8,Recent Low-Value Customers,0.7548086556157261,0,1,0,0.0,0
21008,84,1,782.99,84.0,8,Recent Low-Value Customers,0.7774826835744556,0,1,0,0.0,0
21006,71,1,782.99,71.0,8,Recent Low-Value Customers,0.7836983470241503,0,1,0,0.0,0
21004,23,1,561.48,23.0,8,Recent Low-Value Customers,0.8038982905313042,0,0,0,0.0,0
21035,49,1,782.99,49.0,8,Recent Low-Value Customers,0.7957310682830917,0,1,0,0.0,0
21037,48,1,782.99,48.0,8,Recent Low-Value Customers,0.796338082989688,0,1,0,0.0,0
21165,367,1,2181.5625,367.0,6,Declining Frequent Buyers,0.7143242562847936,0,1,0,0.0,0
21039,6,2,2483.98,142.0,1,High Value but Cooling,0.8411325425045156,0,0,0,0.0,0
21148,209,1,2049.0982,209.0,6,Declining Frequent Buyers,0.7672237587214908,0,1,0,0.0,0
21138,183,1,2049.0982,183.0,6,Declining Frequent Buyers,0.7778015676496703,0,1,0,0.0,0
21130,93,1,782.99,93.0,8,Recent Low-Value Customers,0.7734652394302829,0,1,0,0.0,0
21106,90,1,782.99,90.0,8,Recent Low-Value Customers,0.7747812522933459,0,1,0,0.0,0
21105,81,1,782.99,81.0,8,Recent Low-Value Customers,0.7788705864849488,0,1,0,0.0,0
21104,83,1,782.99,83.0,8,Recent Low-Value Customers,0.7779424479678918,0,1,0,0.0,0
21103,91,1,782.99,91.0,8,Recent Low-Value Customers,0.7743401106673873,0,1,0,0.0,0
21093,70,1,782.99,70.0,8,Recent Low-Value Customers,0.7841997973099203,0,1,0,0.0,0
21092,97,1,782.99,97.0,8,Recent Low-Value Customers,0.7717440487007654,0,1,0,0.0,0
21071,116,1,782.99,116.0,8,Recent Low-Value Customers,0.764027600587713,0,1,0,0.0,0
21067,94,1,782.99,94.0,8,Recent Low-Value Customers,0.7730314299470086,0,1,0,0.0,0
21060,113,1,782.99,113.0,8,Recent Low-Value Customers,0.7652002057344398,0,1,0,0.0,0
21053,99,1,782.99,99.0,8,Recent Low-Value Customers,0.7708971389364202,0,1,0,0.0,0
21044,100,1,782.99,100.0,8,Recent Low-Value Customers,0.7704769836895369,0,1,0,0.0,0
21040,5,2,2566.95,149.0,1,High Value but Cooling,0.8437853859080335,0,0,0,0.0,0
25011,193,1,1000.4375,193.0,8,Recent Low-Value Customers,0.7454694617486626,0,1,0,0.0,0
29860,1,1,200.052,1.0,8,Recent Low-Value Customers,0.7988915016714325,0,0,0,0.0,0
25021,177,1,1000.4375,177.0,8,Recent Low-Value Customers,0.7503530746203975,0,1,0,0.0,0
27623,749,1,3578.27,749.0,0,Active Minimal Buyers,0.6163262979386619,0,1,0,0.0,0
27651,735,1,3578.27,735.0,0,Active Minimal Buyers,0.6193246842329082,0,1,0,0.0,0
27649,744,1,3578.27,744.0,0,Active Minimal Buyers,0.6173937852731255,0,0,0,0.0,0
27646,747,1,3578.27,747.0,0,Active Minimal Buyers,0.6167528478708757,0,1,0,0.0,0
27645,761,1,3578.27,761.0,0,Active Minimal Buyers,0.613779316600679,0,1,0,0.0,0
27641,732,1,3578.27,732.0,0,Active Minimal Buyers,0.6199710406039542,0,1,0,0.0,0
27636,749,1,3578.27,749.0,0,Active Minimal Buyers,0.6163262979386619,0,1,0,0.0,0
27625,749,1,3578.27,749.0,0,Active Minimal Buyers,0.6163262979386619,0,1,0,0.0,0
27621,760,1,3578.27,760.0,0,Active Minimal Buyers,0.6139907654980665,0,1,0,0.0,0
27605,734,1,3578.27,734.0,0,Active Minimal Buyers,0.6195399840163749,0,0,0,0.0,0
27617,748,1,3578.27,748.0,0,Active Minimal Buyers,0.6165394989385931,0,1,0,0.0,0
27616,760,1,3578.27,760.0,0,Active Minimal Buyers,0.6139907654980665,0,1,0,0.0,0
27615,740,1,3578.27,740.0,0,Active Minimal Buyers,0.6182504578833148,0,1,0,0.0,0
27614,744,1,3578.27,744.0,0,Active Minimal Buyers,0.6173937852731255,0,0,0,0.0,0
27613,56,1,782.99,56.0,8,Recent Low-Value Customers,0.791647844329744,0,0,0,0.0,0
27612,757,1,3578.27,757.0,0,Active Minimal Buyers,0.6146259797602771,0,0,0,0.0,0
27611,734,1,3578.27,734.0,0,Active Minimal Buyers,0.6195399840163749,0,0,0,0.0,0
27662,736,1,3578.27,736.0,0,Active Minimal Buyers,0.6191095363703787,0,1,0,0.0,0
27663,735,1,3578.27,735.0,0,Active Minimal Buyers,0.6193246842329082,0,1,0,0.0,0
27666,754,1,3578.27,754.0,0,Active Minimal Buyers,0.6152625014729347,0,0,0,0.0,0
27667,741,1,3578.27,741.0,0,Active Minimal Buyers,0.6180360649500309,0,1,0,0.0,0
27765,9,1,742.35,9.0,8,Recent Low-Value Customers,0.8279179813078423,0,0,0,0.0,0
27759,712,1,3578.27,712.0,0,Active Minimal Buyers,0.6243156628574787,0,0,0,0.0,0
27752,529,1,3578.27,529.0,0,Active Minimal Buyers,0.667441960231448,0,0,0,0.0,0
27745,23,1,617.47,23.0,8,Recent Low-Value Customers,0.8069503846448629,0,0,0,0.0,0
27744,8,1,643.95,8.0,8,Recent Low-Value Customers,0.8248823959312046,0,0,0,0.0,0
27726,725,1,3578.27,725.0,0,Active Minimal Buyers,0.6214845707093983,0,0,0,0.0,0
27688,1,1,166.28,1.0,8,Recent Low-Value Customers,0.7919416457872833,0,0,0,0.0,0
27681,714,1,3578.27,714.0,0,Active Minimal Buyers,0.6238783749647577,0,0,0,0.0,0
27678,712,1,3578.27,712.0,0,Active Minimal Buyers,0.6243156628574787,0,0,0,0.0,0
27673,732,1,3578.27,732.0,0,Active Minimal Buyers,0.6199710406039542,0,0,0,0.0,0
27672,523,1,3578.27,523.0,0,Active Minimal Buyers,0.6689780235370852,0,0,0,0.0,0
27671,751,1,3578.27,751.0,0,Active Minimal Buyers,0.6159003385384118,0,1,0,0.0,0
27670,748,1,3578.27,748.0,0,Active Minimal Buyers,0.6165394989385931,0,1,0,0.0,0
27669,735,1,3578.27,735.0,0,Active Minimal Buyers,0.6193246842329082,0,1,0,0.0,0
27668,757,1,3578.27,757.0,0,Active Minimal Buyers,0.6146259797602771,0,1,0,0.0,0
27606,759,1,3578.27,759.0,0,Active Minimal Buyers,0.6142023587977602,0,1,0,0.0,0
27604,753,1,3578.27,753.0,0,Active Minimal Buyers,0.61547496728526,0,0,0,0.0,0
28179,694,1,3578.27,694.0,0,Active Minimal Buyers,0.6282802827568164,0,0,0,0.0,0
27545,65,1,782.99,65.0,8,Recent Low-Value Customers,0.7867639413075488,0,0,0,0.0,0
27553,61,1,2049.0982,61.0,4,Frequent Low-Spend Customers,0.8402986844089759,0,0,0,0.0,0
27552,53,1,2071.4196,53.0,4,Frequent Low-Spend Customers,0.8463221375142176,0,0,0,0.0,0
27551,54,1,2049.0982,54.0,4,Frequent Low-Spend Customers,0.8454770694959794,0,0,0,0.0,0
27550,63,1,782.99,63.0,8,Recent Low-Value Customers,0.7878177774052092,0,0,0,0.0,0
27549,62,1,2071.4196,62.0,4,Frequent Low-Spend Customers,0.8396621583853198,0,0,0,0.0,0
27547,57,1,2071.4196,57.0,4,Frequent Low-Spend Customers,0.8432960698635393,0,0,0,0.0,0
27546,39,1,2049.0982,39.0,4,Frequent Low-Spend Customers,0.8578769685796834,0,0,0,0.0,0
27544,41,1,2071.4196,41.0,4,Frequent Low-Spend Customers,0.8561759777536276,0,0,0,0.0,0
27602,43,1,782.99,43.0,8,Recent Low-Value Customers,0.7994745083389173,0,0,0,0.0,0
27543,51,1,2049.0982,51.0,4,Frequent Low-Spend Customers,0.8478009632009429,0,1,0,0.0,0
27542,54,1,2071.4196,54.0,4,Frequent Low-Spend Customers,0.8455549942021667,0,1,0,0.0,0
27541,53,1,2071.4196,53.0,4,Frequent Low-Spend Customers,0.8463221375142176,0,1,0,0.0,0
27540,42,1,2071.4196,42.0,4,Frequent Low-Spend Customers,0.8553030223791317,0,1,0,0.0,0
27539,34,1,2049.0982,34.0,4,Frequent Low-Spend Customers,0.8625376411282341,0,1,0,0.0,0
27537,55,1,2071.4196,55.0,4,Frequent Low-Spend Customers,0.8447950636128845,0,1,0,0.0,0
27536,65,1,782.99,65.0,8,Recent Low-Value Customers,0.7867639413075488,0,0,0,0.0,0
27554,44,1,2071.4196,44.0,4,Frequent Low-Spend Customers,0.853588205757942,0,0,0,0.0,0
27555,50,1,2049.0982,50.0,4,Frequent Low-Spend Customers,0.8485910081083677,0,0,0,0.0,0
27556,34,1,2049.0982,34.0,4,Frequent Low-Spend Customers,0.8625376411282341,0,0,0,0.0,0
27557,88,1,782.99,88.0,8,Recent Low-Value Customers,0.7756711556092405,0,0,0,0.0,0
27601,758,1,3578.27,758.0,0,Active Minimal Buyers,0.6144140967885732,0,0,0,0.0,0
27578,746,1,3578.27,746.0,0,Active Minimal Buyers,0.6169663450361318,0,0,0,0.0,0
27577,754,1,3578.27,754.0,0,Active Minimal Buyers,0.6152625014729347,0,0,0,0.0,0
27576,49,1,2071.4196,49.0,4,Frequent Low-Spend Customers,0.8494670674830239,0,0,0,0.0,0
27575,60,1,2071.4196,60.0,4,Frequent Low-Spend Customers,0.8410970720005198,0,0,0,0.0,0
27574,43,1,2049.0982,43.0,4,Frequent Low-Spend Customers,0.8543626270139503,0,1,0,0.0,0
27573,55,1,2071.4196,55.0,4,Frequent Low-Spend Customers,0.8447950636128845,0,1,0,0.0,0
27572,51,1,2071.4196,51.0,4,Frequent Low-Spend Customers,0.8478788879071302,0,1,0,0.0,0
27571,33,1,2071.4196,33.0,4,Frequent Low-Spend Customers,0.8635884234162999,0,1,0,0.0,0
27570,56,1,2071.4196,56.0,4,Frequent Low-Spend Customers,0.8440421509181183,0,1,0,0.0,0
27569,50,1,2071.4196,50.0,4,Frequent Low-Spend Customers,0.8486689328145549,0,1,0,0.0,0
27568,35,1,2071.4196,35.0,4,Frequent Low-Spend Customers,0.8616570446766814,0,1,0,0.0,0
27560,68,1,782.99,68.0,8,Recent Low-Value Customers,0.7852138266411655,0,0,0,0.0,0
27559,36,1,2049.0982,36.0,4,Frequent Low-Spend Customers,0.8606343343009615,0,0,0,0.0,0
27558,54,1,2049.0982,54.0,4,Frequent Low-Spend Customers,0.8454770694959794,0,0,0,0.0,0
27766,26,1,827.33,26.0,8,Recent Low-Value Customers,0.8135288025296821,0,0,0,0.0,0
27767,32,1,776.33,32.0,8,Recent Low-Value Customers,0.8068394728328663,0,0,0,0.0,0
27799,11,1,1174.48,11.0,8,Recent Low-Value Customers,0.8390968273835322,0,0,0,0.0,0
28142,675,1,3578.27,675.0,0,Active Minimal Buyers,0.6325234747021362,0,0,0,0.0,0
28154,683,1,3578.27,683.0,0,Active Minimal Buyers,0.6307294118979782,0,1,0,0.0,0
28152,671,1,3578.27,671.0,0,Active Minimal Buyers,0.6334246428347424,0,1,0,0.0,0
28150,686,1,3578.27,686.0,0,Active Minimal Buyers,0.6300594507312223,0,0,0,0.0,0
28149,685,1,3578.27,685.0,0,Active Minimal Buyers,0.630282601933583,0,0,0,0.0,0
28148,682,1,3578.27,682.0,0,Active Minimal Buyers,0.6309530714117324,0,0,0,0.0,0
28147,671,1,3578.27,671.0,0,Active Minimal Buyers,0.6334246428347424,0,0,0,0.0,0
28145,699,1,3578.27,699.0,0,Active Minimal Buyers,0.6271737014683216,0,0,0,0.0,0
28136,27,1,2384.07,27.0,4,Frequent Low-Spend Customers,0.8707672227031465,0,0,0,0.0,0
27819,15,1,2419.06,15.0,4,Frequent Low-Spend Customers,0.885767081884306,0,0,0,0.0,0
28131,697,1,3578.27,697.0,0,Active Minimal Buyers,0.6276158396289664,0,1,0,0.0,0
28130,534,1,3578.27,534.0,0,Active Minimal Buyers,0.6661687950653011,0,0,0,0.0,0
28129,535,1,3578.27,535.0,0,Active Minimal Buyers,0.6659149048474049,0,0,0,0.0,0
28112,694,1,3578.27,694.0,0,Active Minimal Buyers,0.6282802827568164,0,0,0,0.0,0
28099,675,1,3578.27,675.0,0,Active Minimal Buyers,0.6325234747021362,0,1,0,0.0,0
28097,692,1,3578.27,692.0,0,Active Minimal Buyers,0.6287240729715696,0,0,0,0.0,0
28096,686,1,3578.27,686.0,0,Active Minimal Buyers,0.6300594507312223,0,0,0,0.0,0
28155,678,1,3578.27,678.0,0,Active Minimal Buyers,0.6318494151787726,0,1,0,0.0,0
28156,700,1,3578.27,700.0,0,Active Minimal Buyers,0.6269528784918952,0,1,0,0.0,0
28158,691,1,3578.27,691.0,0,Active Minimal Buyers,0.6289462176069287,0,1,0,0.0,0
28159,685,1,3578.27,685.0,0,Active Minimal Buyers,0.630282601933583,0,1,0,0.0,0
28177,526,1,3578.27,526.0,0,Active Minimal Buyers,0.6682088561745183,0,0,0,0.0,0
28176,535,1,3578.27,535.0,0,Active Minimal Buyers,0.6659149048474049,0,0,0,0.0,0
28173,522,1,3578.27,522.0,0,Active Minimal Buyers,0.6692349208300924,0,0,0,0.0,0
28172,698,1,3578.27,698.0,0,Active Minimal Buyers,0.6273946883951664,0,0,0,0.0,0
28171,674,1,3578.27,674.0,0,Active Minimal Buyers,0.6327485064457707,0,0,0,0.0,0
28170,683,1,3578.27,683.0,0,Active Minimal Buyers,0.6307294118979782,0,0,0,0.0,0
28169,534,1,3578.27,534.0,0,Active Minimal Buyers,0.6661687950653011,0,0,0,0.0,0
28168,697,1,3578.27,697.0,0,Active Minimal Buyers,0.6276158396289664,0,0,0,0.0,0
28167,676,1,3578.27,676.0,0,Active Minimal Buyers,0.6322986158347658,0,0,0,0.0,0
28166,681,1,3578.27,681.0,0,Active Minimal Buyers,0.6311769011166488,0,0,0,0.0,0
28165,536,1,3578.27,536.0,0,Active Minimal Buyers,0.6656612605960264,0,0,0,0.0,0
28164,687,1,3578.27,687.0,0,Active Minimal Buyers,0.6298364682165701,0,0,0,0.0,0
28163,678,1,3578.27,678.0,0,Active Minimal Buyers,0.6318494151787726,0,0,0,0.0,0
28162,684,1,3578.27,684.0,0,Active Minimal Buyers,0.6305059221974453,0,0,0,0.0,0
28161,537,1,3578.27,537.0,0,Active Minimal Buyers,0.6654078616155021,0,0,0,0.0,0
28092,537,1,3578.27,537.0,0,Active Minimal Buyers,0.6654078616155021,0,0,0,0.0,0
28088,695,1,3578.27,695.0,0,Active Minimal Buyers,0.6280586364500229,0,0,0,0.0,0
28083,717,1,3578.27,717.0,0,Active Minimal Buyers,0.6232236329308913,0,1,0,0.0,0
28039,720,1,3578.27,720.0,0,Active Minimal Buyers,0.6225703106157087,0,0,0,0.0,0
28036,545,1,3578.27,545.0,0,Active Minimal Buyers,0.6633894171072299,0,0,0,0.0,0
28031,722,1,3578.27,722.0,0,Active Minimal Buyers,0.6221355467063646,0,1,0,0.0,0
28030,719,1,3578.27,719.0,0,Active Minimal Buyers,0.6227879275296815,0,1,0,0.0,0
28022,714,1,3578.27,714.0,0,Active Minimal Buyers,0.6238783749647577,0,0,0,0.0,0
28018,730,1,3578.27,730.0,0,Active Minimal Buyers,0.6204027086596089,0,0,0,0.0,0
28017,718,1,3578.27,718.0,0,Active Minimal Buyers,0.6230057015240452,0,0,0,0.0,0
28014,725,1,3578.27,725.0,0,Active Minimal Buyers,0.6214845707093983,0,0,0,0.0,0
28013,535,1,3578.27,535.0,0,Active Minimal Buyers,0.6659149048474049,0,0,0,0.0,0
27949,25,1,553.97,25.0,8,Recent Low-Value Customers,0.8017311554374666,0,0,0,0.0,0
27920,714,1,3578.27,714.0,0,Active Minimal Buyers,0.6238783749647577,0,1,0,0.0,0
27919,702,1,3578.27,702.0,0,Active Minimal Buyers,0.6265117229705488,0,1,0,0.0,0
27918,713,1,3578.27,713.0,0,Active Minimal Buyers,0.624096939365848,0,1,0,0.0,0
27917,711,1,3578.27,711.0,0,Active Minimal Buyers,0.6245345457788227,0,0,0,0.0,0
27873,32,1,1249.84,32.0,8,Recent Low-Value Customers,0.8210944375960753,0,0,0,0.0,0
27820,31,1,2419.06,31.0,4,Frequent Low-Spend Customers,0.8666829964294498,0,0,0,0.0,0
28038,728,1,3578.27,728.0,0,Active Minimal Buyers,0.6208349907272588,0,1,0,0.0,0
28040,721,1,3578.27,721.0,0,Active Minimal Buyers,0.6223528504511955,0,0,0,0.0,0
28078,711,1,3578.27,711.0,0,Active Minimal Buyers,0.6245345457788227,0,1,0,0.0,0
28041,702,1,3578.27,702.0,0,Active Minimal Buyers,0.6265117229705488,0,0,0,0.0,0
28076,722,1,3578.27,722.0,0,Active Minimal Buyers,0.6221355467063646,0,1,0,0.0,0
28071,721,1,3578.27,721.0,0,Active Minimal Buyers,0.6223528504511955,0,1,0,0.0,0
28070,718,1,3578.27,718.0,0,Active Minimal Buyers,0.6230057015240452,0,1,0,0.0,0
28068,723,1,3578.27,723.0,0,Active Minimal Buyers,0.6219183990525886,0,1,0,0.0,0
28067,721,1,3578.27,721.0,0,Active Minimal Buyers,0.6223528504511955,0,1,0,0.0,0
28066,731,1,3578.27,731.0,0,Active Minimal Buyers,0.6201867980396876,0,1,0,0.0,0
28065,727,1,3578.27,727.0,0,Active Minimal Buyers,0.6210513628153644,0,1,0,0.0,0
28064,706,1,3578.27,706.0,0,Active Minimal Buyers,0.6256313637866592,0,1,0,0.0,0
28063,720,1,3578.27,720.0,0,Active Minimal Buyers,0.6225703106157087,0,1,0,0.0,0
28062,702,1,3578.27,702.0,0,Active Minimal Buyers,0.6265117229705488,0,1,0,0.0,0
28061,713,1,3578.27,713.0,0,Active Minimal Buyers,0.624096939365848,0,1,0,0.0,0
28051,520,1,3578.27,520.0,0,Active Minimal Buyers,0.6697494821091317,0,0,0,0.0,0
28047,714,1,3578.27,714.0,0,Active Minimal Buyers,0.6238783749647577,0,0,0,0.0,0
28044,713,1,3578.27,713.0,0,Active Minimal Buyers,0.624096939365848,0,0,0,0.0,0
28042,717,1,3578.27,717.0,0,Active Minimal Buyers,0.6232236329308913,0,0,0,0.0,0
27535,55,1,2049.0982,55.0,4,Frequent Low-Spend Customers,0.8447171389066972,0,0,0,0.0,0
27534,53,1,2071.4196,53.0,4,Frequent Low-Spend Customers,0.8463221375142176,0,0,0,0.0,0
27531,48,1,2071.4196,48.0,4,Frequent Low-Spend Customers,0.8502735390786501,0,0,0,0.0,0
27259,225,1,782.99,225.0,2,Inactive Minimal Buyers,0.7476159027309395,0,0,0,0.0,0
27266,88,1,2071.4196,88.0,4,Frequent Low-Spend Customers,0.8228157366233206,0,0,0,0.0,0
27265,240,1,782.99,240.0,2,Inactive Minimal Buyers,0.7425151596671353,0,0,0,0.0,0
27264,74,1,2071.4196,74.0,4,Frequent Low-Spend Customers,0.831510241430623,0,0,0,0.0,0
27263,90,1,2049.0982,90.0,4,Frequent Low-Spend Customers,0.8215554983103562,0,0,0,0.0,0
27262,68,1,2049.0982,68.0,4,Frequent Low-Spend Customers,0.835416076628059,0,0,0,0.0,0
27261,72,1,2049.0982,72.0,4,Frequent Low-Spend Customers,0.8327412006874455,0,0,0,0.0,0
27260,89,1,2049.0982,89.0,4,Frequent Low-Spend Customers,0.8221449488538176,0,0,0,0.0,0
27258,88,1,2071.4196,88.0,4,Frequent Low-Spend Customers,0.8228157366233206,0,0,0,0.0,0
27292,90,1,2049.0982,90.0,4,Frequent Low-Spend Customers,0.8215554983103562,0,0,0,0.0,0
27257,94,1,2071.4196,94.0,4,Frequent Low-Spend Customers,0.819308632522379,0,0,0,0.0,0
27256,100,1,2071.4196,100.0,4,Frequent Low-Spend Customers,0.8159148294945148,0,0,0,0.0,0
27255,111,1,2049.0982,111.0,4,Frequent Low-Spend Customers,0.8098767157105337,0,0,0,0.0,0
27254,101,1,2049.0982,101.0,4,Frequent Low-Spend Customers,0.815281556181513,0,0,0,0.0,0
27253,216,1,782.99,216.0,2,Inactive Minimal Buyers,0.7507611386525193,0,0,0,0.0,0
27252,216,1,782.99,216.0,2,Inactive Minimal Buyers,0.7507611386525193,0,0,0,0.0,0
27251,119,1,2049.0982,119.0,4,Frequent Low-Spend Customers,0.8057310517220659,0,0,0,0.0,0
27267,168,1,782.99,168.0,8,Recent Low-Value Customers,0.7457571467747891,0,0,0,0.0,0
27268,86,1,2049.0982,86.0,4,Frequent Low-Spend Customers,0.8239340110246125,0,0,0,0.0,0
27269,80,1,2049.0982,80.0,4,Frequent Low-Spend Customers,0.8276109497810767,0,0,0,0.0,0
27270,131,1,782.99,131.0,8,Recent Low-Value Customers,0.7583861613419972,0,0,0,0.0,0
27289,92,1,2071.4196,92.0,4,Frequent Low-Spend Customers,0.8204645337514442,0,0,0,0.0,0
27288,80,1,2049.0982,80.0,4,Frequent Low-Spend Customers,0.8276109497810767,0,1,0,0.0,0
27287,68,1,2071.4196,68.0,4,Frequent Low-Spend Customers,0.8354940013342462,0,1,0,0.0,0
27286,70,1,2071.4196,70.0,4,Frequent Low-Spend Customers,0.834146775568718,0,0,0,0.0,0
27285,134,1,782.99,134.0,8,Recent Low-Value Customers,0.7572985549892446,0,0,0,0.0,0
27281,65,1,2071.4196,65.0,4,Frequent Low-Spend Customers,0.8375534628840522,0,1,0,0.0,0
27280,82,1,2049.0982,82.0,4,Frequent Low-Spend Customers,0.8263700470023386,0,1,0,0.0,0
27279,74,1,2071.4196,74.0,4,Frequent Low-Spend Customers,0.831510241430623,0,1,0,0.0,0
27277,65,1,2071.4196,65.0,4,Frequent Low-Spend Customers,0.8375534628840522,0,0,0,0.0,0
27276,68,1,2049.0982,68.0,4,Frequent Low-Spend Customers,0.835416076628059,0,0,0,0.0,0
27275,63,1,2049.0982,63.0,4,Frequent Low-Spend Customers,0.8388756506792147,0,0,0,0.0,0
27274,68,1,2049.0982,68.0,4,Frequent Low-Spend Customers,0.835416076628059,0,1,0,0.0,0
27273,86,1,2071.4196,86.0,4,Frequent Low-Spend Customers,0.8240119357307998,0,1,0,0.0,0
27272,82,1,2049.0982,82.0,4,Frequent Low-Spend Customers,0.8263700470023386,0,0,0,0.0,0
27271,67,1,2071.4196,67.0,4,Frequent Low-Spend Customers,0.8361752241182498,0,0,0,0.0,0
27250,96,1,2071.4196,96.0,4,Frequent Low-Spend Customers,0.8181653060451192,0,1,0,0.0,0
27242,219,1,782.99,219.0,2,Inactive Minimal Buyers,0.7497053236128338,0,0,0,0.0,0
27240,113,1,2049.0982,113.0,4,Frequent Low-Spend Customers,0.8088262483891199,0,0,0,0.0,0
27107,152,1,2071.4196,152.0,4,Frequent Low-Spend Customers,0.7900665192409705,0,1,0,0.0,0
27105,148,1,2049.0982,148.0,4,Frequent Low-Spend Customers,0.7917958140083924,0,1,0,0.0,0
27104,146,1,2049.0982,146.0,4,Frequent Low-Spend Customers,0.7927088780738951,0,1,0,0.0,0
27103,129,1,2049.0982,129.0,4,Frequent Low-Spend Customers,0.8007460187096591,0,1,0,0.0,0
27102,247,1,782.99,247.0,2,Inactive Minimal Buyers,0.7401913172884362,0,0,0,0.0,0
27101,248,1,782.99,248.0,2,Inactive Minimal Buyers,0.7398621355051936,0,0,0,0.0,0
27099,248,1,782.99,248.0,2,Inactive Minimal Buyers,0.7398621355051936,0,0,0,0.0,0
27097,145,1,2071.4196,145.0,4,Frequent Low-Spend Customers,0.7932457552696831,0,1,0,0.0,0
27096,124,1,2071.4196,124.0,4,Frequent Low-Spend Customers,0.8032905537447429,0,1,0,0.0,0
27095,137,1,2049.0982,137.0,4,Frequent Low-Spend Customers,0.796899830015734,0,0,0,0.0,0
27094,130,1,2071.4196,130.0,4,Frequent Low-Spend Customers,0.8003365697558849,0,0,0,0.0,0
27093,126,1,2071.4196,126.0,4,Frequent Low-Spend Customers,0.8022978667629684,0,1,0,0.0,0
27092,150,1,2071.4196,150.0,4,Frequent Low-Spend Customers,0.7909670199601012,0,1,0,0.0,0
27091,129,1,2071.4196,129.0,4,Frequent Low-Spend Customers,0.8008239434158465,0,0,0,0.0,0
27090,127,1,2049.0982,127.0,4,Frequent Low-Spend Customers,0.8017266439504876,0,0,0,0.0,0
27089,124,1,2049.0982,124.0,4,Frequent Low-Spend Customers,0.8032126290385556,0,0,0,0.0,0
27106,136,1,2071.4196,136.0,4,Frequent Low-Spend Customers,0.7974520762684549,0,1,0,0.0,0
27108,140,1,2071.4196,140.0,4,Frequent Low-Spend Customers,0.7955654065741716,0,0,0,0.0,0
27235,100,1,2049.0982,100.0,4,Frequent Low-Spend Customers,0.8158369047883275,0,0,0,0.0,0
27114,100,1,2071.4196,100.0,4,Frequent Low-Spend Customers,0.8159148294945148,0,1,0,0.0,0
27234,110,1,2071.4196,110.0,4,Frequent Low-Spend Customers,0.8104835291523347,0,0,0,0.0,0
27232,111,1,2049.0982,111.0,4,Frequent Low-Spend Customers,0.8098767157105337,0,0,0,0.0,0
27231,117,1,2049.0982,117.0,4,Frequent Low-Spend Customers,0.806753659732225,0,0,0,0.0,0
27228,112,1,2071.4196,112.0,4,Frequent Low-Spend Customers,0.8094281993441458,0,0,0,0.0,0
27227,99,1,2071.4196,99.0,4,Frequent Low-Spend Customers,0.8164730421188261,0,0,0,0.0,0
27226,116,1,2049.0982,116.0,4,Frequent Low-Spend Customers,0.8072683409225562,0,0,0,0.0,0
27212,109,1,2071.4196,109.0,4,Frequent Low-Spend Customers,0.8110148991374636,0,0,0,0.0,0
27211,113,1,2071.4196,113.0,4,Frequent Low-Spend Customers,0.8089041730953072,0,0,0,0.0,0
27206,108,1,2071.4196,108.0,4,Frequent Low-Spend Customers,0.8115487847297231,0,0,0,0.0,0
27205,98,1,2049.0982,98.0,4,Frequent Low-Spend Customers,0.816956237688552,0,0,0,0.0,0
27201,119,1,2049.0982,119.0,4,Frequent Low-Spend Customers,0.8057310517220659,0,1,0,0.0,0
27199,122,1,2049.0982,122.0,4,Frequent Low-Spend Customers,0.8042136024407319,0,1,0,0.0,0
27195,110,1,2071.4196,110.0,4,Frequent Low-Spend Customers,0.8104835291523347,0,1,0,0.0,0
27193,122,1,2049.0982,122.0,4,Frequent Low-Spend Customers,0.8042136024407319,0,0,0,0.0,0
27116,113,1,2071.4196,113.0,4,Frequent Low-Spend Customers,0.8089041730953072,0,1,0,0.0,0
27291,93,1,2071.4196,93.0,4,Frequent Low-Spend Customers,0.8198849859819776,0,1,0,0.0,0
27294,66,1,2071.4196,66.0,4,Frequent Low-Spend Customers,0.8368616716469368,0,1,0,0.0,0
27527,45,1,2071.4196,45.0,4,Frequent Low-Spend Customers,0.8527456445197586,0,1,0,0.0,0
27460,43,1,2071.4196,43.0,4,Frequent Low-Spend Customers,0.8544405517201376,0,1,0,0.0,0
27473,52,1,782.99,52.0,8,Recent Low-Value Customers,0.7939469391956179,0,1,0,0.0,0
27472,42,1,782.99,42.0,8,Recent Low-Value Customers,0.8001236723973374,0,1,0,0.0,0
27471,42,1,782.99,42.0,8,Recent Low-Value Customers,0.8001236723973374,0,1,0,0.0,0
27470,41,1,782.99,41.0,8,Recent Low-Value Customers,0.8007807280870792,0,1,0,0.0,0
27469,66,1,782.99,66.0,8,Recent Low-Value Customers,0.7862432441657017,0,1,0,0.0,0
27468,44,1,2071.4196,44.0,4,Frequent Low-Spend Customers,0.853588205757942,0,0,0,0.0,0
27467,40,1,2049.0982,40.0,4,Frequent Low-Spend Customers,0.8569818748928428,0,0,0,0.0,0
27459,42,1,2049.0982,42.0,4,Frequent Low-Spend Customers,0.8552250976729444,0,1,0,0.0,0
27295,73,1,2049.0982,73.0,4,Frequent Low-Spend Customers,0.8320844613448746,0,1,0,0.0,0
27455,63,1,2071.4196,63.0,4,Frequent Low-Spend Customers,0.838953575385402,0,1,0,0.0,0
27453,78,1,2049.0982,78.0,4,Frequent Low-Spend Customers,0.828867875128154,0,1,0,0.0,0
27452,68,1,2071.4196,68.0,4,Frequent Low-Spend Customers,0.8354940013342462,0,1,0,0.0,0
27450,66,1,2071.4196,66.0,4,Frequent Low-Spend Customers,0.8368616716469368,0,1,0,0.0,0
27449,92,1,2049.0982,92.0,4,Frequent Low-Spend Customers,0.8203866090452568,0,1,0,0.0,0
27448,71,1,2071.4196,71.0,4,Frequent Low-Spend Customers,0.8334805554463757,0,0,0,0.0,0
27447,93,1,2071.4196,93.0,4,Frequent Low-Spend Customers,0.8198849859819776,0,1,0,0.0,0
27483,58,1,782.99,58.0,8,Recent Low-Value Customers,0.7905297322811707,0,1,0,0.0,0
27484,49,1,782.99,49.0,8,Recent Low-Value Customers,0.7957310682830917,0,1,0,0.0,0
27485,42,1,782.99,42.0,8,Recent Low-Value Customers,0.8001236723973374,0,1,0,0.0,0
27486,37,1,782.99,37.0,8,Recent Low-Value Customers,0.803493890200672,0,1,0,0.0,0
27524,37,1,2049.0982,37.0,4,Frequent Low-Spend Customers,0.8597027238324549,0,0,0,0.0,0
27523,41,1,2049.0982,41.0,4,Frequent Low-Spend Customers,0.8560980530474404,0,0,0,0.0,0
27521,34,1,2049.0982,34.0,4,Frequent Low-Spend Customers,0.8625376411282341,0,1,0,0.0,0
27508,46,1,2071.4196,46.0,4,Frequent Low-Spend Customers,0.851912546553176,0,0,0,0.0,0
27504,53,1,2071.4196,53.0,4,Frequent Low-Spend Customers,0.8463221375142176,0,0,0,0.0,0
27500,35,1,782.99,35.0,8,Recent Low-Value Customers,0.8049062152687432,0,1,0,0.0,0
27499,57,1,782.99,57.0,8,Recent Low-Value Customers,0.7910862843505725,0,1,0,0.0,0
27498,58,1,782.99,58.0,8,Recent Low-Value Customers,0.7905297322811707,0,1,0,0.0,0
27494,35,1,782.99,35.0,8,Recent Low-Value Customers,0.8049062152687432,0,1,0,0.0,0
27493,58,1,782.99,58.0,8,Recent Low-Value Customers,0.7905297322811707,0,1,0,0.0,0
27492,49,1,782.99,49.0,8,Recent Low-Value Customers,0.7957310682830917,0,1,0,0.0,0
27490,60,1,782.99,60.0,8,Recent Low-Value Customers,0.7894311435497483,0,1,0,0.0,0
27489,60,1,782.99,60.0,8,Recent Low-Value Customers,0.7894311435497483,0,1,0,0.0,0
27488,60,1,782.99,60.0,8,Recent Low-Value Customers,0.7894311435497483,0,1,0,0.0,0
27487,62,1,782.99,62.0,8,Recent Low-Value Customers,0.7883511133641281,0,1,0,0.0,0
27446,79,1,2049.0982,79.0,4,Frequent Low-Spend Customers,0.8282373717639387,0,1,0,0.0,0
27440,89,1,2049.0982,89.0,4,Frequent Low-Spend Customers,0.8221449488538176,0,1,0,0.0,0
27439,70,1,2049.0982,70.0,4,Frequent Low-Spend Customers,0.8340688508625307,0,1,0,0.0,0
27359,70,1,782.99,70.0,8,Recent Low-Value Customers,0.7841997973099203,0,1,0,0.0,0
27355,82,1,782.99,82.0,8,Recent Low-Value Customers,0.7784050648088853,0,1,0,0.0,0
27354,80,1,782.99,80.0,8,Recent Low-Value Customers,0.7793390669984668,0,1,0,0.0,0
27353,89,1,782.99,89.0,8,Recent Low-Value Customers,0.775224919684278,0,1,0,0.0,0
27352,82,1,782.99,82.0,8,Recent Low-Value Customers,0.7784050648088853,0,1,0,0.0,0
27348,81,1,782.99,81.0,8,Recent Low-Value Customers,0.7788705864849488,0,1,0,0.0,0
27346,81,1,782.99,81.0,8,Recent Low-Value Customers,0.7788705864849488,0,1,0,0.0,0
27342,77,1,782.99,77.0,8,Recent Low-Value Customers,0.7807628273172691,0,1,0,0.0,0
27341,73,1,782.99,73.0,8,Recent Low-Value Customers,0.7827061878296044,0,1,0,0.0,0
27340,74,1,782.99,74.0,8,Recent Low-Value Customers,0.7822153318867777,0,1,0,0.0,0
27339,91,1,782.99,91.0,8,Recent Low-Value Customers,0.7743401106673873,0,1,0,0.0,0
27338,121,1,782.99,121.0,8,Recent Low-Value Customers,0.7621074544142338,0,1,0,0.0,0
27299,102,1,782.99,102.0,8,Recent Low-Value Customers,0.7696431082250034,0,1,0,0.0,0
27298,129,1,782.99,129.0,8,Recent Low-Value Customers,0.7591183818057249,0,0,0,0.0,0
27297,128,1,782.99,128.0,8,Recent Low-Value Customers,0.7594866869611584,0,0,0,0.0,0
27296,65,1,2071.4196,65.0,4,Frequent Low-Spend Customers,0.8375534628840522,0,1,0,0.0,0
27356,64,1,782.99,64.0,8,Recent Low-Value Customers,0.7872887535232835,0,1,0,0.0,0
27362,63,1,782.99,63.0,8,Recent Low-Value Customers,0.7878177774052092,0,1,0,0.0,0
27431,65,1,2049.0982,65.0,4,Frequent Low-Spend Customers,0.8374755381778649,0,0,0,0.0,0
27365,72,1,782.99,72.0,8,Recent Low-Value Customers,0.7832005021259826,0,1,0,0.0,0
27429,98,1,782.99,98.0,8,Recent Low-Value Customers,0.771319482713307,0,0,0,0.0,0
27427,63,1,2071.4196,63.0,4,Frequent Low-Spend Customers,0.838953575385402,0,1,0,0.0,0
27425,92,1,2049.0982,92.0,4,Frequent Low-Spend Customers,0.8203866090452568,0,0,0,0.0,0
27424,70,1,2049.0982,70.0,4,Frequent Low-Spend Customers,0.8340688508625307,0,0,0,0.0,0
27423,75,1,2071.4196,75.0,4,Frequent Low-Spend Customers,0.8308625987579851,0,0,0,0.0,0
27421,85,1,2049.0982,85.0,4,Frequent Low-Spend Customers,0.8245374690428104,0,0,0,0.0,0
27418,75,1,2071.4196,75.0,4,Frequent Low-Spend Customers,0.8308625987579851,0,1,0,0.0,0
27416,67,1,2049.0982,67.0,4,Frequent Low-Spend Customers,0.8360972994120626,0,0,0,0.0,0
27407,88,1,2071.4196,88.0,4,Frequent Low-Spend Customers,0.8228157366233206,0,1,0,0.0,0
27406,111,1,782.99,111.0,8,Recent Low-Value Customers,0.7659908710428712,0,1,0,0.0,0
27405,91,1,2071.4196,91.0,4,Frequent Low-Spend Customers,0.8210473281705406,0,0,0,0.0,0
27404,128,1,782.99,128.0,8,Recent Low-Value Customers,0.7594866869611584,0,0,0,0.0,0
27371,89,1,782.99,89.0,8,Recent Low-Value Customers,0.775224919684278,0,1,0,0.0,0
27370,81,1,782.99,81.0,8,Recent Low-Value Customers,0.7788705864849488,0,1,0,0.0,0
27366,77,1,782.99,77.0,8,Recent Low-Value Customers,0.7807628273172691,0,1,0,0.0,0
28178,542,1,3578.27,542.0,0,Active Minimal Buyers,0.664144521654211,0,0,0,0.0,0
28180,682,1,3578.27,682.0,0,Active Minimal Buyers,0.6309530714117324,0,0,0,0.0,0
25022,168,1,1000.4375,168.0,8,Recent Low-Value Customers,0.7532007666627628,0,1,0,0.0,0
28831,589,1,3578.27,589.0,0,Active Minimal Buyers,0.6525528840780185,0,0,0,0.0,0
28838,598,1,3578.27,598.0,0,Active Minimal Buyers,0.650388624714603,0,0,0,0.0,0
28837,355,1,2181.5625,355.0,6,Declining Frequent Buyers,0.7178813069123281,0,0,0,0.0,0
28836,349,1,2443.35,349.0,6,Declining Frequent Buyers,0.720187260974552,0,0,0,0.0,0
28835,590,1,3578.27,590.0,0,Active Minimal Buyers,0.6523115677088233,0,0,0,0.0,0
28834,347,1,2443.35,347.0,6,Declining Frequent Buyers,0.7207914533324958,0,0,0,0.0,0
28833,599,1,3578.27,599.0,0,Active Minimal Buyers,0.6501491972950634,0,0,0,0.0,0
28832,360,1,2181.5625,360.0,6,Declining Frequent Buyers,0.7163917470332729,0,0,0,0.0,0
28830,593,1,3578.27,593.0,0,Active Minimal Buyers,0.6515888886553347,0,0,0,0.0,0
28821,598,1,3578.27,598.0,0,Active Minimal Buyers,0.650388624714603,0,0,0,0.0,0
28829,609,1,3578.27,609.0,0,Active Minimal Buyers,0.6477662347199433,0,0,0,0.0,0
28828,600,1,3578.27,600.0,0,Active Minimal Buyers,0.6499099770994181,0,1,0,0.0,0
28827,607,1,3578.27,607.0,0,Active Minimal Buyers,0.6482411942823174,0,0,0,0.0,0
28826,581,1,3578.27,581.0,0,Active Minimal Buyers,0.6544911144535872,0,0,0,0.0,0
28825,604,1,3578.27,604.0,0,Active Minimal Buyers,0.6489551581145034,0,0,0,0.0,0
28824,587,1,3578.27,587.0,0,Active Minimal Buyers,0.6530361551180134,0,0,0,0.0,0
28823,587,1,3578.27,587.0,0,Active Minimal Buyers,0.6530361551180134,0,0,0,0.0,0
28839,579,1,3578.27,579.0,0,Active Minimal Buyers,0.6549778312211479,0,0,0,0.0,0
28840,595,1,3578.27,595.0,0,Active Minimal Buyers,0.6511081555867589,0,1,0,0.0,0
28841,584,1,3578.27,584.0,0,Active Minimal Buyers,0.6537626656975093,0,1,0,0.0,0
28842,605,1,3578.27,605.0,0,Active Minimal Buyers,0.6487169662264075,0,1,0,0.0,0
28859,590,1,3578.27,590.0,0,Active Minimal Buyers,0.6523115677088233,0,1,0,0.0,0
28857,604,1,3578.27,604.0,0,Active Minimal Buyers,0.6489551581145034,0,0,0,0.0,0
28856,597,1,3578.27,597.0,0,Active Minimal Buyers,0.6506282598839447,0,0,0,0.0,0
28854,585,1,3578.27,585.0,0,Active Minimal Buyers,0.653520280896423,0,1,0,0.0,0
28853,607,1,3578.27,607.0,0,Active Minimal Buyers,0.6482411942823174,0,0,0,0.0,0
28852,601,1,3578.27,601.0,0,Active Minimal Buyers,0.6496709636039646,0,0,0,0.0,0
28851,591,1,3578.27,591.0,0,Active Minimal Buyers,0.6520704633776012,0,0,0,0.0,0
28850,361,1,2443.35,361.0,6,Declining Frequent Buyers,0.7165991854391424,0,0,0,0.0,0
28849,592,1,3578.27,592.0,0,Active Minimal Buyers,0.6518295705403391,0,0,0,0.0,0
28848,353,1,2181.5625,353.0,6,Declining Frequent Buyers,0.7184801723098074,0,0,0,0.0,0
28847,597,1,3578.27,597.0,0,Active Minimal Buyers,0.6506282598839447,0,1,0,0.0,0
28846,579,1,3578.27,579.0,0,Active Minimal Buyers,0.6549778312211479,0,1,0,0.0,0
28845,603,1,3578.27,603.0,0,Active Minimal Buyers,0.6491935546297588,0,1,0,0.0,0
28844,583,1,3578.27,583.0,0,Active Minimal Buyers,0.6540052658499433,0,1,0,0.0,0
28843,590,1,3578.27,590.0,0,Active Minimal Buyers,0.6523115677088233,0,0,0,0.0,0
28822,579,1,3578.27,579.0,0,Active Minimal Buyers,0.6549778312211479,0,0,0,0.0,0
28820,588,1,3578.27,588.0,0,Active Minimal Buyers,0.6527944130315234,0,0,0,0.0,0
28181,697,1,3578.27,697.0,0,Active Minimal Buyers,0.6276158396289664,0,0,0,0.0,0
28751,226,1,2071.4196,226.0,6,Declining Frequent Buyers,0.7607212536598486,0,1,0,0.0,0
28766,390,1,2443.35,390.0,6,Declining Frequent Buyers,0.7081752564309558,0,0,0,0.0,0
28765,629,1,3578.27,629.0,0,Active Minimal Buyers,0.6430604466057623,0,0,0,0.0,0
28763,624,1,3578.27,624.0,0,Active Minimal Buyers,0.6442295298779204,0,0,0,0.0,0
28761,635,1,3578.27,635.0,0,Active Minimal Buyers,0.6416638914692504,0,0,0,0.0,0
28758,24,2,2603.0681999999997,200.0,1,High Value but Cooling,0.8275376034433903,0,0,0,0.0,0
28757,6,2,2611.4096,221.0,1,High Value but Cooling,0.8431713474943285,0,0,0,0.0,0
28756,229,1,2049.0982,229.0,6,Declining Frequent Buyers,0.7595429528696239,0,1,0,0.0,0
28750,223,1,2049.0982,223.0,6,Declining Frequent Buyers,0.761809437121453,0,1,0,0.0,0
28819,361,1,2181.5625,361.0,6,Declining Frequent Buyers,0.7160951238684482,0,0,0,0.0,0
28749,221,1,2049.0982,221.0,6,Declining Frequent Buyers,0.7625719265994361,0,0,0,0.0,0
28740,234,1,2071.4196,234.0,6,Declining Frequent Buyers,0.7577265253363012,0,1,0,0.0,0
28739,227,1,2049.0982,227.0,6,Declining Frequent Buyers,0.7602949970783812,0,0,0,0.0,0
28736,215,1,2071.4196,215.0,6,Declining Frequent Buyers,0.7649300065327966,0,0,0,0.0,0
28728,226,1,2049.0982,226.0,6,Declining Frequent Buyers,0.7606723044788252,0,0,0,0.0,0
28727,246,1,2071.4196,246.0,6,Declining Frequent Buyers,0.7533320693186684,0,0,0,0.0,0
28724,281,1,2049.0982,281.0,6,Declining Frequent Buyers,0.7410647347627434,0,0,0,0.0,0
28769,617,1,3578.27,617.0,0,Active Minimal Buyers,0.6458744399065436,0,1,0,0.0,0
28770,627,1,3578.27,627.0,0,Active Minimal Buyers,0.643527499398904,0,1,0,0.0,0
28772,633,1,3578.27,633.0,0,Active Minimal Buyers,0.6421286463242605,0,0,0,0.0,0
28774,633,1,3578.27,633.0,0,Active Minimal Buyers,0.6421286463242605,0,0,0,0.0,0
28818,352,1,2181.5625,352.0,6,Declining Frequent Buyers,0.7187802641970976,0,0,0,0.0,0
28807,599,1,3578.27,599.0,0,Active Minimal Buyers,0.6501491972950634,0,0,0,0.0,0
28805,584,1,3578.27,584.0,0,Active Minimal Buyers,0.6537626656975093,0,0,0,0.0,0
28804,605,1,3578.27,605.0,0,Active Minimal Buyers,0.6487169662264075,0,0,0,0.0,0
28802,363,1,2443.35,363.0,6,Declining Frequent Buyers,0.7160072135096519,0,0,0,0.0,0
28799,621,1,3578.27,621.0,0,Active Minimal Buyers,0.6449333132114692,0,0,0,0.0,0
28798,340,1,2443.35,340.0,6,Declining Frequent Buyers,0.7229204591019368,0,0,0,0.0,0
28797,621,1,3578.27,621.0,0,Active Minimal Buyers,0.6449333132114692,0,0,0,0.0,0
28795,624,1,3578.27,624.0,0,Active Minimal Buyers,0.6442295298779204,0,0,0,0.0,0
28794,636,1,3578.27,636.0,0,Active Minimal Buyers,0.6414317987661002,0,0,0,0.0,0
28792,634,1,3578.27,634.0,0,Active Minimal Buyers,0.6418961738372889,0,0,0,0.0,0
28790,636,1,3578.27,636.0,0,Active Minimal Buyers,0.6414317987661002,0,0,0,0.0,0
28788,1,1,8.99,1.0,5,Champions,0.22883979523088605,0,0,0,0.0,0
28778,546,1,3578.27,546.0,0,Active Minimal Buyers,0.6631381947898756,0,0,0,0.0,0
28775,625,1,3578.27,625.0,0,Active Minimal Buyers,0.6439953255873487,0,0,0,0.0,0
28869,582,1,3578.27,582.0,0,Active Minimal Buyers,0.6542480819143022,0,1,0,0.0,0
28870,584,1,3578.27,584.0,0,Active Minimal Buyers,0.6537626656975093,0,1,0,0.0,0
28871,580,1,3578.27,580.0,0,Active Minimal Buyers,0.6547343640332384,0,1,0,0.0,0
29149,318,1,2443.35,318.0,6,Declining Frequent Buyers,0.7297636923334977,0,0,0,0.0,0
29157,562,1,3578.27,562.0,0,Active Minimal Buyers,0.6591506299622429,0,0,0,0.0,0
29156,557,1,3578.27,557.0,0,Active Minimal Buyers,0.660390345698985,0,0,0,0.0,0
29155,551,1,3578.27,551.0,0,Active Minimal Buyers,0.6618856473767262,0,0,0,0.0,0
29154,279,1,2181.5625,279.0,6,Declining Frequent Buyers,0.7420229368417587,0,0,0,0.0,0
29152,317,1,2181.5625,317.0,6,Declining Frequent Buyers,0.7295764257365835,0,0,0,0.0,0
29151,575,1,3578.27,575.0,0,Active Minimal Buyers,0.6559538874999247,0,0,0,0.0,0
29150,548,1,3578.27,548.0,0,Active Minimal Buyers,0.6626364649637723,0,0,0,0.0,0
29148,558,1,3578.27,558.0,0,Active Minimal Buyers,0.6601419422925775,0,0,0,0.0,0
28885,189,1,2071.4196,189.0,6,Declining Frequent Buyers,0.7753438702567226,0,1,0,0.0,0
29147,552,1,3578.27,552.0,0,Active Minimal Buyers,0.6616358461441335,0,0,0,0.0,0
29146,571,1,3578.27,571.0,0,Active Minimal Buyers,0.6569334715903066,0,0,0,0.0,0
29145,560,1,3578.27,560.0,0,Active Minimal Buyers,0.6596458271158342,0,0,0,0.0,0
29144,555,1,3578.27,555.0,0,Active Minimal Buyers,0.6608878472912564,0,0,0,0.0,0
29143,577,1,3578.27,577.0,0,Active Minimal Buyers,0.655465420705669,0,0,0,0.0,0
29142,573,1,3578.27,573.0,0,Active Minimal Buyers,0.6564432362369041,0,0,0,0.0,0
29141,571,1,3578.27,571.0,0,Active Minimal Buyers,0.6569334715903066,0,0,0,0.0,0
29158,569,1,3578.27,569.0,0,Active Minimal Buyers,0.6574245982750406,0,0,0,0.0,0
29159,281,1,2443.35,281.0,6,Declining Frequent Buyers,0.7418508024975637,0,0,0,0.0,0
29163,568,1,3578.27,568.0,0,Active Minimal Buyers,0.6576704973514604,0,0,0,0.0,0
29166,566,1,3578.27,566.0,0,Active Minimal Buyers,0.658162969965052,0,1,0,0.0,0
29222,567,1,3578.27,567.0,0,Active Minimal Buyers,0.6579166210477365,0,1,0,0.0,0
29221,559,1,3578.27,559.0,0,Active Minimal Buyers,0.6598937696401425,0,1,0,0.0,0
29208,556,1,3578.27,556.0,0,Active Minimal Buyers,0.6606389804880386,0,0,0,0.0,0
29207,555,1,3578.27,555.0,0,Active Minimal Buyers,0.6608878472912564,0,0,0,0.0,0
29204,571,1,3578.27,571.0,0,Active Minimal Buyers,0.6569334715903066,0,1,0,0.0,0
29203,551,1,3578.27,551.0,0,Active Minimal Buyers,0.6618856473767262,0,1,0,0.0,0
29202,565,1,3578.27,565.0,0,Active Minimal Buyers,0.6584095447072612,0,1,0,0.0,0
29201,557,1,3578.27,557.0,0,Active Minimal Buyers,0.660390345698985,0,1,0,0.0,0
29198,562,1,3578.27,562.0,0,Active Minimal Buyers,0.6591506299622429,0,0,0,0.0,0
29175,548,1,3578.27,548.0,0,Active Minimal Buyers,0.6626364649637723,0,1,0,0.0,0
29174,575,1,3578.27,575.0,0,Active Minimal Buyers,0.6559538874999247,0,1,0,0.0,0
29170,576,1,3578.27,576.0,0,Active Minimal Buyers,0.6557095441504665,0,0,0,0.0,0
29169,570,1,3578.27,570.0,0,Active Minimal Buyers,0.6571789232199515,0,0,0,0.0,0
29168,558,1,3578.27,558.0,0,Active Minimal Buyers,0.6601419422925775,0,1,0,0.0,0
29167,575,1,3578.27,575.0,0,Active Minimal Buyers,0.6559538874999247,0,1,0,0.0,0
29140,573,1,3578.27,573.0,0,Active Minimal Buyers,0.6564432362369041,0,0,0,0.0,0
29139,603,1,3578.27,603.0,0,Active Minimal Buyers,0.6491935546297588,0,0,0,0.0,0
29138,579,1,3578.27,579.0,0,Active Minimal Buyers,0.6549778312211479,0,1,0,0.0,0
29042,18,1,2420.34,18.0,4,Frequent Low-Spend Customers,0.8816143291088033,0,0,0,0.0,0
29019,589,1,3578.27,589.0,0,Active Minimal Buyers,0.6525528840780185,0,1,0,0.0,0
29017,594,1,3578.27,594.0,0,Active Minimal Buyers,0.6513484171831821,0,0,0,0.0,0
29016,588,1,3578.27,588.0,0,Active Minimal Buyers,0.6527944130315234,0,0,0,0.0,0
29013,343,1,2181.5625,343.0,6,Declining Frequent Buyers,0.7215012124257706,0,0,0,0.0,0
29011,609,1,3578.27,609.0,0,Active Minimal Buyers,0.6477662347199433,0,1,0,0.0,0
29010,587,1,3578.27,587.0,0,Active Minimal Buyers,0.6530361551180134,0,0,0,0.0,0
29008,586,1,3578.27,586.0,0,Active Minimal Buyers,0.6532781108885154,0,0,0,0.0,0
29004,602,1,3578.27,602.0,0,Active Minimal Buyers,0.6494321562871894,0,1,0,0.0,0
28997,606,1,3578.27,606.0,0,Active Minimal Buyers,0.6484789784525946,0,0,0,0.0,0
28993,591,1,3578.27,591.0,0,Active Minimal Buyers,0.6520704633776012,0,0,0,0.0,0
28990,590,1,3578.27,590.0,0,Active Minimal Buyers,0.6523115677088233,0,0,0,0.0,0
28989,588,1,3578.27,588.0,0,Active Minimal Buyers,0.6527944130315234,0,0,0,0.0,0
28988,608,1,3578.27,608.0,0,Active Minimal Buyers,0.6480036132069432,0,0,0,0.0,0
28966,595,1,3578.27,595.0,0,Active Minimal Buyers,0.6511081555867589,0,0,0,0.0,0
28904,206,1,2049.0982,206.0,6,Declining Frequent Buyers,0.7684081532124252,0,1,0,0.0,0
29032,595,1,3578.27,595.0,0,Active Minimal Buyers,0.6511081555867589,0,1,0,0.0,0
29043,13,1,2447.05,13.0,4,Frequent Low-Spend Customers,0.8888488261530372,0,0,0,0.0,0
29137,4,1,2419.06,4.0,4,Frequent Low-Spend Customers,0.906441747342457,0,0,0,0.0,0
29044,591,1,3578.27,591.0,0,Active Minimal Buyers,0.6520704633776012,0,1,0,0.0,0
29136,599,1,3578.27,599.0,0,Active Minimal Buyers,0.6501491972950634,0,0,0,0.0,0
29135,342,1,2181.5625,342.0,6,Declining Frequent Buyers,0.7218058117330802,0,0,0,0.0,0
29132,586,1,3578.27,586.0,0,Active Minimal Buyers,0.6532781108885154,0,0,0,0.0,0
29128,602,1,3578.27,602.0,0,Active Minimal Buyers,0.6494321562871894,0,1,0,0.0,0
29126,608,1,3578.27,608.0,0,Active Minimal Buyers,0.6480036132069432,0,0,0,0.0,0
29111,600,1,3578.27,600.0,0,Active Minimal Buyers,0.6499099770994181,0,1,0,0.0,0
29110,592,1,3578.27,592.0,0,Active Minimal Buyers,0.6518295705403391,0,0,0,0.0,0
29108,598,1,3578.27,598.0,0,Active Minimal Buyers,0.650388624714603,0,0,0,0.0,0
29106,583,1,3578.27,583.0,0,Active Minimal Buyers,0.6540052658499433,0,0,0,0.0,0
29070,580,1,3578.27,580.0,0,Active Minimal Buyers,0.6547343640332384,0,0,0,0.0,0
29060,589,1,3578.27,589.0,0,Active Minimal Buyers,0.6525528840780185,0,0,0,0.0,0
29059,583,1,3578.27,583.0,0,Active Minimal Buyers,0.6540052658499433,0,0,0,0.0,0
29058,603,1,3578.27,603.0,0,Active Minimal Buyers,0.6491935546297588,0,0,0,0.0,0
29056,599,1,3578.27,599.0,0,Active Minimal Buyers,0.6501491972950634,0,0,0,0.0,0
29048,599,1,3578.27,599.0,0,Active Minimal Buyers,0.6501491972950634,0,1,0,0.0,0
28713,287,1,2049.0982,287.0,6,Declining Frequent Buyers,0.7390509627935025,0,1,0,0.0,0
28711,300,1,2071.4196,300.0,6,Declining Frequent Buyers,0.7348102243907163,0,0,0,0.0,0
28708,297,1,2071.4196,297.0,6,Declining Frequent Buyers,0.7357914720878447,0,0,0,0.0,0
28298,23,2,4828.11,636.0,1,High Value but Cooling,0.8522583032045974,0,0,0,0.0,0
28362,651,1,3578.27,651.0,0,Active Minimal Buyers,0.6379728646647168,0,0,0,0.0,0
28355,653,1,3578.27,653.0,0,Active Minimal Buyers,0.637514810117898,0,0,0,0.0,0
28354,522,1,3578.27,522.0,0,Active Minimal Buyers,0.6692349208300924,0,0,0,0.0,0
28340,653,1,3578.27,653.0,0,Active Minimal Buyers,0.637514810117898,0,0,0,0.0,0
28339,658,1,3578.27,658.0,0,Active Minimal Buyers,0.6363728477220062,0,0,0,0.0,0
28311,1,1,2393.06,1.0,4,Frequent Low-Spend Customers,0.9161999656151978,0,0,0,0.0,0
28299,655,1,3578.27,655.0,0,Active Minimal Buyers,0.6370574827316166,0,0,0,0.0,0
28297,663,1,3578.27,663.0,0,Active Minimal Buyers,0.6352353778554762,0,1,0,0.0,0
28504,409,1,3374.99,409.0,0,Active Minimal Buyers,0.7000947392973884,0,0,0,0.0,0
28296,659,1,3578.27,659.0,0,Active Minimal Buyers,0.6361449960022016,0,1,0,0.0,0
28295,644,1,3578.27,644.0,0,Active Minimal Buyers,0.6395818311793826,0,0,0,0.0,0
28294,644,1,3578.27,644.0,0,Active Minimal Buyers,0.6395818311793826,0,0,0,0.0,0
28293,644,1,3578.27,644.0,0,Active Minimal Buyers,0.6395818311793826,0,0,0,0.0,0
28288,643,1,3578.27,643.0,0,Active Minimal Buyers,0.6398124226956762,0,1,0,0.0,0
28285,662,1,3578.27,662.0,0,Active Minimal Buyers,0.6354625149031177,0,1,0,0.0,0
28273,666,1,3578.27,666.0,0,Active Minimal Buyers,0.634555030966387,0,1,0,0.0,0
28363,542,1,3578.27,542.0,0,Active Minimal Buyers,0.664144521654211,0,0,0,0.0,0
28389,762,1,3399.99,762.0,0,Active Minimal Buyers,0.6135495511479054,0,0,0,0.0,0
28390,736,1,3374.99,736.0,0,Active Minimal Buyers,0.6190883991246043,0,0,0,0.0,0
28393,733,1,3374.99,733.0,0,Active Minimal Buyers,0.6197342987891932,0,1,0,0.0,0
28491,437,1,3374.99,437.0,0,Active Minimal Buyers,0.6920679361778422,0,0,0,0.0,0
28478,507,1,3374.99,507.0,0,Active Minimal Buyers,0.6730983040221967,0,0,0,0.0,0
28471,496,1,3374.99,496.0,0,Active Minimal Buyers,0.6759849694535306,0,0,0,0.0,0
28470,513,1,3399.99,513.0,0,Active Minimal Buyers,0.6715401150311425,0,0,0,0.0,0
28458,509,1,3374.99,509.0,0,Active Minimal Buyers,0.6725769565097768,0,0,0,0.0,0
28449,543,1,3374.99,543.0,0,Active Minimal Buyers,0.6638714426249703,0,0,0,0.0,0
28443,545,1,3374.99,545.0,0,Active Minimal Buyers,0.6633682798614556,0,0,0,0.0,0
28420,557,1,3399.99,557.0,0,Active Minimal Buyers,0.6603718850291509,0,1,0,0.0,0
28419,564,1,3399.99,564.0,0,Active Minimal Buyers,0.6586378852110746,0,1,0,0.0,0
28418,602,1,3374.99,602.0,0,Active Minimal Buyers,0.6494110190414152,0,1,0,0.0,0
28414,619,1,3399.99,619.0,0,Active Minimal Buyers,0.6453850215842426,0,0,0,0.0,0
28407,626,1,3374.99,626.0,0,Active Minimal Buyers,0.6437401783387883,0,0,0,0.0,0
28401,680,1,3374.99,680.0,0,Active Minimal Buyers,0.6313797641462907,0,0,0,0.0,0
28395,701,1,3374.99,701.0,0,Active Minimal Buyers,0.6267110818648571,0,1,0,0.0,0
28394,706,1,3399.99,706.0,0,Active Minimal Buyers,0.6256129031168252,0,1,0,0.0,0
28271,663,1,3578.27,663.0,0,Active Minimal Buyers,0.6352353778554762,0,0,0,0.0,0
28270,650,1,3578.27,650.0,0,Active Minimal Buyers,0.6382021656823318,0,0,0,0.0,0
28268,659,1,3578.27,659.0,0,Active Minimal Buyers,0.6361449960022016,0,1,0,0.0,0
28203,24,1,2384.07,24.0,4,Frequent Low-Spend Customers,0.8741158380785305,0,0,0,0.0,0
28201,10,1,2419.06,10.0,4,Frequent Low-Spend Customers,0.8937230087269175,0,0,0,0.0,0
28200,664,1,3578.27,664.0,0,Active Minimal Buyers,0.6350084184537262,0,0,0,0.0,0
28199,668,1,3578.27,668.0,0,Active Minimal Buyers,0.6341023492133671,0,0,0,0.0,0
28198,536,1,3578.27,536.0,0,Active Minimal Buyers,0.6656612605960264,0,0,0,0.0,0
28197,537,1,3578.27,537.0,0,Active Minimal Buyers,0.6654078616155021,0,0,0,0.0,0
28196,643,1,3578.27,643.0,0,Active Minimal Buyers,0.6398124226956762,0,1,0,0.0,0
28194,674,1,3578.27,674.0,0,Active Minimal Buyers,0.6327485064457707,0,1,0,0.0,0
28193,695,1,3578.27,695.0,0,Active Minimal Buyers,0.6280586364500229,0,1,0,0.0,0
28191,679,1,3578.27,679.0,0,Active Minimal Buyers,0.6316250726187219,0,1,0,0.0,0
28190,676,1,3578.27,676.0,0,Active Minimal Buyers,0.6322986158347658,0,1,0,0.0,0
28186,696,1,3578.27,696.0,0,Active Minimal Buyers,0.6278371555275458,0,0,0,0.0,0
28185,695,1,3578.27,695.0,0,Active Minimal Buyers,0.6280586364500229,0,0,0,0.0,0
28184,679,1,3578.27,679.0,0,Active Minimal Buyers,0.6316250726187219,0,0,0,0.0,0
28183,694,1,3578.27,694.0,0,Active Minimal Buyers,0.6282802827568164,0,0,0,0.0,0
28182,696,1,3578.27,696.0,0,Active Minimal Buyers,0.6278371555275458,0,0,0,0.0,0
28202,30,1,2419.06,30.0,4,Frequent Low-Spend Customers,0.8677029426366061,0,0,0,0.0,0
28204,29,1,2419.06,29.0,4,Frequent Low-Spend Customers,0.8687401297645867,0,0,0,0.0,0
28264,644,1,3578.27,644.0,0,Active Minimal Buyers,0.6395818311793826,0,1,0,0.0,0
28206,5,1,2398.05,5.0,4,Frequent Low-Spend Customers,0.9038521603553565,0,0,0,0.0,0
28259,662,1,3578.27,662.0,0,Active Minimal Buyers,0.6354625149031177,0,1,0,0.0,0
28257,667,1,3578.27,667.0,0,Active Minimal Buyers,0.6343286020738685,0,1,0,0.0,0
28255,641,1,3578.27,641.0,0,Active Minimal Buyers,0.6402741644572216,0,1,0,0.0,0
28250,661,1,3578.27,661.0,0,Active Minimal Buyers,0.6356898300039555,0,1,0,0.0,0
28247,643,1,3578.27,643.0,0,Active Minimal Buyers,0.6398124226956762,0,1,0,0.0,0
28246,658,1,3578.27,658.0,0,Active Minimal Buyers,0.6363728477220062,0,1,0,0.0,0
28244,663,1,3578.27,663.0,0,Active Minimal Buyers,0.6352353778554762,0,1,0,0.0,0
28243,663,1,3578.27,663.0,0,Active Minimal Buyers,0.6352353778554762,0,1,0,0.0,0
28240,657,1,3578.27,657.0,0,Active Minimal Buyers,0.636600879139817,0,1,0,0.0,0
28234,660,1,3578.27,660.0,0,Active Minimal Buyers,0.6359173235668455,0,1,0,0.0,0
28224,655,1,3578.27,655.0,0,Active Minimal Buyers,0.6370574827316166,0,1,0,0.0,0
28223,654,1,3578.27,654.0,0,Active Minimal Buyers,0.6372860557406755,0,0,0,0.0,0
28222,670,1,3578.27,670.0,0,Active Minimal Buyers,0.6336503699912274,0,0,0,0.0,0
28221,655,1,3578.27,655.0,0,Active Minimal Buyers,0.6370574827316166,0,0,0,0.0,0
28207,24,1,2461.55,24.0,4,Frequent Low-Spend Customers,0.8743407971415538,0,0,0,0.0,0
28492,447,1,3374.99,447.0,0,Active Minimal Buyers,0.6892661246309597,0,0,0,0.0,0
28506,384,1,2049.0982,384.0,6,Declining Frequent Buyers,0.7091047177980625,0,1,0,0.0,0
28707,290,1,2071.4196,290.0,6,Declining Frequent Buyers,0.7381011987195651,0,0,0,0.0,0
28655,632,1,3578.27,632.0,0,Active Minimal Buyers,0.6423613093860151,0,0,0,0.0,0
28662,638,1,3578.27,638.0,0,Active Minimal Buyers,0.6409681805472527,0,1,0,0.0,0
28661,611,1,3578.27,611.0,0,Active Minimal Buyers,0.647292083495395,0,0,0,0.0,0
28660,639,1,3578.27,639.0,0,Active Minimal Buyers,0.6407366541324021,0,0,0,0.0,0
28659,371,1,2443.35,371.0,6,Declining Frequent Buyers,0.7136560608178607,0,0,0,0.0,0
28658,630,1,3578.27,630.0,0,Active Minimal Buyers,0.6428272090663582,0,0,0,0.0,0
28657,614,1,3578.27,614.0,0,Active Minimal Buyers,0.6465823635277628,0,0,0,0.0,0
28656,519,1,3578.27,519.0,0,Active Minimal Buyers,0.6700071475859374,0,0,0,0.0,0
28654,632,1,3578.27,632.0,0,Active Minimal Buyers,0.6423613093860151,0,0,0,0.0,0
28510,380,1,2071.4196,380.0,6,Declining Frequent Buyers,0.7103050807566403,0,0,0,0.0,0
28653,638,1,3578.27,638.0,0,Active Minimal Buyers,0.6409681805472527,0,0,0,0.0,0
28652,508,1,3578.27,508.0,0,Active Minimal Buyers,0.672858634480166,0,0,0,0.0,0
28651,628,1,3578.27,628.0,0,Active Minimal Buyers,0.6432938765616018,0,0,0,0.0,0
28650,632,1,3578.27,632.0,0,Active Minimal Buyers,0.6423613093860151,0,0,0,0.0,0
28649,616,1,3578.27,616.0,0,Active Minimal Buyers,0.6461102156731449,0,0,0,0.0,0
28648,547,1,3578.27,547.0,0,Active Minimal Buyers,0.6628872109623846,0,0,0,0.0,0
28647,528,1,3578.27,528.0,0,Active Minimal Buyers,0.6676973410424718,0,0,0,0.0,0
28663,392,1,2443.35,392.0,6,Declining Frequent Buyers,0.7076064563402058,0,0,0,0.0,0
28664,639,1,3578.27,639.0,0,Active Minimal Buyers,0.6407366541324021,0,1,0,0.0,0
28665,612,1,3578.27,612.0,0,Active Minimal Buyers,0.647055309755197,0,1,0,0.0,0
28666,632,1,3578.27,632.0,0,Active Minimal Buyers,0.6423613093860151,0,1,0,0.0,0
28694,14,1,2393.06,14.0,4,Frequent Low-Spend Customers,0.887165432345824,0,0,0,0.0,0
28690,276,1,2049.0982,276.0,6,Declining Frequent Buyers,0.7427599468295555,0,0,0,0.0,0
28689,285,1,2049.0982,285.0,6,Declining Frequent Buyers,0.7397197771511792,0,0,0,0.0,0
28685,333,1,2049.0982,333.0,6,Declining Frequent Buyers,0.7242862258772813,0,0,0,0.0,0
28683,322,1,2049.0982,322.0,6,Declining Frequent Buyers,0.7277155754725442,0,0,0,0.0,0
28678,616,1,3578.27,616.0,0,Active Minimal Buyers,0.6461102156731449,0,1,0,0.0,0
28676,619,1,3578.27,619.0,0,Active Minimal Buyers,0.6454034822540766,0,0,0,0.0,0
28675,632,1,3578.27,632.0,0,Active Minimal Buyers,0.6423613093860151,0,0,0,0.0,0
28674,615,1,3578.27,615.0,0,Active Minimal Buyers,0.6463461900501744,0,1,0,0.0,0
28673,610,1,3578.27,610.0,0,Active Minimal Buyers,0.64752905831688,0,1,0,0.0,0
28672,19,2,4355.61,614.0,1,High Value but Cooling,0.8511744961197971,0,0,0,0.0,0
28671,11,2,4320.62,625.0,1,High Value but Cooling,0.8574940800871836,0,0,0,0.0,0
28670,619,1,3578.27,619.0,0,Active Minimal Buyers,0.6454034822540766,0,0,0,0.0,0
28669,372,1,2181.5625,372.0,6,Declining Frequent Buyers,0.7128599595310648,0,0,0,0.0,0
28667,19,2,4370.61,619.0,1,High Value but Cooling,0.851304592431229,0,0,0,0.0,0
28646,528,1,3578.27,528.0,0,Active Minimal Buyers,0.6676973410424718,0,0,0,0.0,0
28645,635,1,3578.27,635.0,0,Active Minimal Buyers,0.6416638914692504,0,0,0,0.0,0
28644,628,1,3578.27,628.0,0,Active Minimal Buyers,0.6432938765616018,0,0,0,0.0,0
28583,651,1,3578.27,651.0,0,Active Minimal Buyers,0.6379728646647168,0,0,0,0.0,0
28574,522,1,3578.27,522.0,0,Active Minimal Buyers,0.6692349208300924,0,0,0,0.0,0
28573,649,1,3578.27,649.0,0,Active Minimal Buyers,0.6384316497641642,0,0,0,0.0,0
28569,328,1,2049.0982,328.0,6,Declining Frequent Buyers,0.7258376307451712,0,1,0,0.0,0
28562,318,1,2071.4196,318.0,6,Declining Frequent Buyers,0.7290265737797007,0,1,0,0.0,0
28560,332,1,2071.4196,332.0,6,Declining Frequent Buyers,0.7246444857062122,0,0,0,0.0,0
28559,325,1,2049.0982,325.0,6,Declining Frequent Buyers,0.7267743585121769,0,0,0,0.0,0
28553,323,1,2071.4196,323.0,6,Declining Frequent Buyers,0.7274502829775024,0,1,0,0.0,0
28547,356,1,2049.0982,356.0,6,Declining Frequent Buyers,0.7173005234866245,0,0,0,0.0,0
28541,361,1,2049.0982,361.0,6,Declining Frequent Buyers,0.715813117704322,0,0,0,0.0,0
28540,347,1,2049.0982,347.0,6,Declining Frequent Buyers,0.7200053855976756,0,0,0,0.0,0
28532,363,1,2071.4196,363.0,6,Declining Frequent Buyers,0.7152700949558549,0,0,0,0.0,0
28529,338,1,2049.0982,338.0,6,Declining Frequent Buyers,0.7227468405058376,0,0,0,0.0,0
28520,336,1,2071.4196,336.0,6,Declining Frequent Buyers,0.7234101188963217,0,1,0,0.0,0
28519,343,1,2049.0982,343.0,6,Declining Frequent Buyers,0.7212192062616445,0,0,0,0.0,0
28512,343,1,2049.0982,343.0,6,Declining Frequent Buyers,0.7212192062616445,0,0,0,0.0,0
28580,650,1,3578.27,650.0,0,Active Minimal Buyers,0.6382021656823318,0,1,0,0.0,0
28584,654,1,3578.27,654.0,0,Active Minimal Buyers,0.6372860557406755,0,0,0,0.0,0
28643,621,1,3578.27,621.0,0,Active Minimal Buyers,0.6449333132114692,0,0,0,0.0,0
28586,652,1,3578.27,652.0,0,Active Minimal Buyers,0.6377437462848481,0,0,0,0.0,0
28635,623,1,3578.27,623.0,0,Active Minimal Buyers,0.6444639289288341,0,0,0,0.0,0
28630,546,1,3578.27,546.0,0,Active Minimal Buyers,0.6631381947898756,0,0,0,0.0,0
28629,629,1,3578.27,629.0,0,Active Minimal Buyers,0.6430604466057623,0,0,0,0.0,0
28628,632,1,3578.27,632.0,0,Active Minimal Buyers,0.6423613093860151,0,0,0,0.0,0
28627,636,1,3578.27,636.0,0,Active Minimal Buyers,0.6414317987661002,0,0,0,0.0,0
28626,522,1,3578.27,522.0,0,Active Minimal Buyers,0.6692349208300924,0,0,0,0.0,0
28625,613,1,3578.27,613.0,0,Active Minimal Buyers,0.6468187365980502,0,0,0,0.0,0
28624,531,1,3578.27,531.0,0,Active Minimal Buyers,0.6669319485240335,0,0,0,0.0,0
28621,624,1,3578.27,624.0,0,Active Minimal Buyers,0.6442295298779204,0,0,0,0.0,0
28620,537,1,3578.27,537.0,0,Active Minimal Buyers,0.6654078616155021,0,0,0,0.0,0
28619,626,1,3578.27,626.0,0,Active Minimal Buyers,0.6437613155845625,0,0,0,0.0,0
28618,616,1,3578.27,616.0,0,Active Minimal Buyers,0.6461102156731449,0,0,0,0.0,0
28598,668,1,3578.27,668.0,0,Active Minimal Buyers,0.6341023492133671,0,0,0,0.0,0
28588,657,1,3578.27,657.0,0,Active Minimal Buyers,0.636600879139817,0,0,0,0.0,0
28587,659,1,3578.27,659.0,0,Active Minimal Buyers,0.6361449960022016,0,0,0,0.0,0
27088,147,1,2071.4196,147.0,4,Frequent Low-Spend Customers,0.7923294694601155,0,0,0,0.0,0
27087,153,1,2071.4196,153.0,4,Frequent Low-Spend Customers,0.7896185620186656,0,0,0,0.0,0
27086,135,1,2049.0982,135.0,4,Frequent Low-Spend Customers,0.7978502752375675,0,0,0,0.0,0
29482,133,1,2049.0982,133.0,4,Frequent Low-Spend Customers,0.798808010047677,0,0,0,0.0,0
29466,594,1,3374.99,594.0,0,Active Minimal Buyers,0.6513272799374079,0,0,0,0.0,0
29467,605,1,3374.99,605.0,0,Active Minimal Buyers,0.6486958289806333,0,0,0,0.0,0
29474,590,1,3374.99,590.0,0,Active Minimal Buyers,0.652290430463049,0,0,0,0.0,0
29475,580,1,3399.99,580.0,0,Active Minimal Buyers,0.6547159033634044,0,0,0,0.0,0
29476,558,1,3399.99,558.0,0,Active Minimal Buyers,0.6601234816227434,0,0,0,0.0,0
29479,147,1,2049.0982,147.0,4,Frequent Low-Spend Customers,0.7922515447539281,0,0,0,0.0,0
29481,535,1,3374.99,535.0,0,Active Minimal Buyers,0.6658937676016305,0,0,0,0.0,0
29483,142,1,2049.0982,142.0,4,Frequent Low-Spend Customers,0.7945545733477043,0,0,0,0.0,0
26022,368,1,782.99,368.0,2,Inactive Minimal Buyers,0.7044102776323625,0,1,0,0.0,0
29492,62,2,2253.3381,182.0,1,High Value but Cooling,0.8026727374563712,0,1,0,0.0,0
29495,1,1,762.9024,1.0,8,Recent Low-Value Customers,0.8443823401556163,0,1,0,0.0,0
29502,32,1,149.874,32.0,8,Recent Low-Value Customers,0.7498795281963997,0,1,0,0.0,0
29505,93,1,149.031,93.0,8,Recent Low-Value Customers,0.7160236987728054,0,0,0,0.0,0
29516,1,1,567.89775,1.0,8,Recent Low-Value Customers,0.8350464140541374,0,1,0,0.0,0
29528,62,4,1723.7887,91.0,1,High Value but Cooling,0.7913653140542367,0,1,0,0.0,0
29532,305,1,2485.7036,305.0,6,Declining Frequent Buyers,0.7339989089538093,0,0,0,0.0,0
29450,135,1,2049.0982,135.0,4,Frequent Low-Spend Customers,0.7978502752375675,0,0,0,0.0,0
26024,356,1,782.99,356.0,2,Inactive Minimal Buyers,0.7076546386242543,0,1,0,0.0,0
26025,336,1,782.99,336.0,2,Inactive Minimal Buyers,0.7131904408022471,0,1,0,0.0,0
26027,337,1,782.99,337.0,2,Inactive Minimal Buyers,0.7129096606299024,0,1,0,0.0,0
26066,434,1,3374.99,434.0,0,Active Minimal Buyers,0.6929149463747678,0,1,0,0.0,0
26061,446,1,3399.99,446.0,0,Active Minimal Buyers,0.6895475104439643,0,1,0,0.0,0
26060,436,1,3374.99,436.0,0,Active Minimal Buyers,0.692349937066468,0,1,0,0.0,0
26058,435,1,3399.99,435.0,0,Active Minimal Buyers,0.6926349499847821,0,1,0,0.0,0
26057,435,1,3399.99,435.0,0,Active Minimal Buyers,0.6926349499847821,0,1,0,0.0,0
26056,452,1,3399.99,452.0,0,Active Minimal Buyers,0.6878800785348738,0,1,0,0.0,0
26055,467,1,3399.99,467.0,0,Active Minimal Buyers,0.6837610328491699,0,1,0,0.0,0
26050,485,1,3374.99,485.0,0,Active Minimal Buyers,0.678905022230553,0,1,0,0.0,0
26049,211,1,2181.5625,211.0,6,Declining Frequent Buyers,0.7667210458501379,0,0,0,0.0,0
26042,477,1,3374.99,477.0,0,Active Minimal Buyers,0.6810503246012253,0,1,0,0.0,0
26041,487,1,3399.99,487.0,0,Active Minimal Buyers,0.6783742455582394,0,1,0,0.0,0
26040,198,1,2443.35,198.0,6,Declining Frequent Buyers,0.7723969191637635,0,1,0,0.0,0
26033,358,1,782.99,358.0,2,Inactive Minimal Buyers,0.7071100204211349,0,1,0,0.0,0
26029,341,1,782.99,341.0,2,Inactive Minimal Buyers,0.7117908331238021,0,1,0,0.0,0
26028,336,1,782.99,336.0,2,Inactive Minimal Buyers,0.7131904408022471,0,1,0,0.0,0
26023,388,1,782.99,388.0,2,Inactive Minimal Buyers,0.6991225377125737,0,1,0,0.0,0
26021,372,1,782.99,372.0,2,Inactive Minimal Buyers,0.7033410369111905,0,1,0,0.0,0
27085,248,1,782.99,248.0,2,Inactive Minimal Buyers,0.7398621355051936,0,0,0,0.0,0
25985,568,1,3374.99,568.0,0,Active Minimal Buyers,0.6576493601056861,0,1,0,0.0,0
25993,522,1,3374.99,522.0,0,Active Minimal Buyers,0.6692137835843182,0,1,0,0.0,0
25992,286,1,2181.5625,286.0,6,Declining Frequent Buyers,0.7396670734662834,0,1,0,0.0,0
25991,298,1,2181.5625,298.0,6,Declining Frequent Buyers,0.735696878653407,0,1,0,0.0,0
25990,532,1,3399.99,532.0,0,Active Minimal Buyers,0.6666588555298798,0,1,0,0.0,0
25989,284,1,2181.5625,284.0,6,Declining Frequent Buyers,0.7403371017238153,0,1,0,0.0,0
25987,538,1,3374.99,538.0,0,Active Minimal Buyers,0.6651335699676499,0,1,0,0.0,0
25986,541,1,3374.99,541.0,0,Active Minimal Buyers,0.6643755673564187,0,1,0,0.0,0
25984,571,1,3374.99,571.0,0,Active Minimal Buyers,0.6569123343445322,0,1,0,0.0,0
26020,387,1,782.99,387.0,2,Inactive Minimal Buyers,0.6993835221300835,0,1,0,0.0,0
25982,555,1,3399.99,555.0,0,Active Minimal Buyers,0.6608693866214224,0,1,0,0.0,0
25981,321,1,2443.35,321.0,6,Declining Frequent Buyers,0.7288163907271937,0,1,0,0.0,0
25980,565,1,3399.99,565.0,0,Active Minimal Buyers,0.6583910840374271,0,1,0,0.0,0
25979,568,1,3399.99,568.0,0,Active Minimal Buyers,0.6576520366816263,0,1,0,0.0,0
25978,564,1,3374.99,564.0,0,Active Minimal Buyers,0.6586352086351344,0,1,0,0.0,0
25977,576,1,3374.99,576.0,0,Active Minimal Buyers,0.6556884069046922,0,1,0,0.0,0
25976,595,1,3374.99,595.0,0,Active Minimal Buyers,0.6510870183409847,0,1,0,0.0,0
25994,543,1,3374.99,543.0,0,Active Minimal Buyers,0.6638714426249703,0,1,0,0.0,0
25995,217,1,2443.35,217.0,6,Declining Frequent Buyers,0.7648937543427936,0,0,0,0.0,0
25996,520,1,3374.99,520.0,0,Active Minimal Buyers,0.6697283448633574,0,1,0,0.0,0
25997,509,1,3399.99,509.0,0,Active Minimal Buyers,0.672579633085717,0,1,0,0.0,0
26019,392,1,782.99,392.0,2,Inactive Minimal Buyers,0.698082069740966,0,1,0,0.0,0
26018,464,1,3399.99,464.0,0,Active Minimal Buyers,0.6845792927529235,0,1,0,0.0,0
26016,470,1,3374.99,470.0,0,Active Minimal Buyers,0.682942816892498,0,1,0,0.0,0
26015,483,1,3399.99,483.0,0,Active Minimal Buyers,0.6794422937782001,0,1,0,0.0,0
26014,473,1,3399.99,473.0,0,Active Minimal Buyers,0.6821326483233295,0,1,0,0.0,0
26013,196,1,2443.35,196.0,6,Declining Frequent Buyers,0.7732079963239369,0,0,0,0.0,0
26012,479,1,3374.99,479.0,0,Active Minimal Buyers,0.6805122610977331,0,1,0,0.0,0
26011,512,1,3374.99,512.0,0,Active Minimal Buyers,0.671796922811357,0,1,0,0.0,0
26005,503,1,3399.99,503.0,0,Active Minimal Buyers,0.6741468843658704,0,1,0,0.0,0
26004,506,1,3399.99,506.0,0,Active Minimal Buyers,0.6733620542453854,0,1,0,0.0,0
26003,507,1,3374.99,507.0,0,Active Minimal Buyers,0.6730983040221967,0,1,0,0.0,0
26002,489,1,3374.99,489.0,0,Active Minimal Buyers,0.6778392503548785,0,1,0,0.0,0
26001,494,1,3399.99,494.0,0,Active Minimal Buyers,0.6765160483730397,0,1,0,0.0,0
25999,218,1,2181.5625,218.0,6,Declining Frequent Buyers,0.7640043896150045,0,0,0,0.0,0
25998,503,1,3399.99,503.0,0,Active Minimal Buyers,0.6741468843658704,0,1,0,0.0,0
26070,436,1,3374.99,436.0,0,Active Minimal Buyers,0.692349937066468,0,1,0,0.0,0
26075,438,1,3374.99,438.0,0,Active Minimal Buyers,0.691786269579886,0,1,0,0.0,0
26082,453,1,3374.99,453.0,0,Active Minimal Buyers,0.6876006145643975,0,1,0,0.0,0
29261,556,1,3578.27,556.0,0,Active Minimal Buyers,0.6606389804880386,0,1,0,0.0,0
26112,418,1,3374.99,418.0,0,Active Minimal Buyers,0.6974844761258553,0,1,0,0.0,0
26111,408,1,3374.99,408.0,0,Active Minimal Buyers,0.7003865984724389,0,1,0,0.0,0
26110,415,1,3374.99,415.0,0,Active Minimal Buyers,0.698351298126761,0,1,0,0.0,0
26107,422,1,3399.99,422.0,0,Active Minimal Buyers,0.6963363904097132,0,1,0,0.0,0
26106,407,1,3374.99,407.0,0,Active Minimal Buyers,0.7006788286111734,0,1,0,0.0,0
26098,398,1,3399.99,398.0,0,Active Minimal Buyers,0.7033285007699026,0,1,0,0.0,0
26097,405,1,3374.99,405.0,0,Active Minimal Buyers,0.7012644073181419,0,1,0,0.0,0
29264,568,1,3578.27,568.0,0,Active Minimal Buyers,0.6576704973514604,0,1,0,0.0,0
29449,627,1,3399.99,627.0,0,Active Minimal Buyers,0.64350903872907,0,0,0,0.0,0
26096,404,1,3399.99,404.0,0,Active Minimal Buyers,0.7015604352530228,0,1,0,0.0,0
26094,454,1,3374.99,454.0,0,Active Minimal Buyers,0.6873241437235555,0,1,0,0.0,0
26093,435,1,3374.99,435.0,0,Active Minimal Buyers,0.6926322734088419,0,1,0,0.0,0
26091,445,1,3374.99,445.0,0,Active Minimal Buyers,0.6898238672219694,0,1,0,0.0,0
26090,454,1,3399.99,454.0,0,Active Minimal Buyers,0.6873268202994957,0,1,0,0.0,0
26089,446,1,3399.99,446.0,0,Active Minimal Buyers,0.6895475104439643,0,1,0,0.0,0
29265,548,1,3578.27,548.0,0,Active Minimal Buyers,0.6626364649637723,0,1,0,0.0,0
26113,178,1,2181.5625,178.0,6,Declining Frequent Buyers,0.7802050765646233,0,1,0,0.0,0
26114,414,1,3399.99,414.0,0,Active Minimal Buyers,0.6986436366571259,0,1,0,0.0,0
26115,153,1,2443.35,153.0,4,Frequent Low-Spend Customers,0.7907920187656216,0,1,0,0.0,0
26116,409,1,3374.99,409.0,0,Active Minimal Buyers,0.7000947392973884,0,1,0,0.0,0
26154,316,1,782.99,316.0,2,Inactive Minimal Buyers,0.7188997130331624,0,1,0,0.0,0
26153,326,1,782.99,326.0,2,Inactive Minimal Buyers,0.7160223963392564,0,1,0,0.0,0
26152,334,1,782.99,334.0,2,Inactive Minimal Buyers,0.7137533026735216,0,1,0,0.0,0
26150,311,1,782.99,311.0,2,Inactive Minimal Buyers,0.7203560602727679,0,1,0,0.0,0
26148,324,1,782.99,324.0,2,Inactive Minimal Buyers,0.7165941630647849,0,1,0,0.0,0
26142,310,1,782.99,310.0,2,Inactive Minimal Buyers,0.7206487813776957,0,1,0,0.0,0
26140,313,1,782.99,313.0,2,Inactive Minimal Buyers,0.7197720767504618,0,1,0,0.0,0
26138,306,1,782.99,306.0,2,Inactive Minimal Buyers,0.7218245838862047,0,1,0,0.0,0
26135,316,1,782.99,316.0,2,Inactive Minimal Buyers,0.7188997130331624,0,1,0,0.0,0
26134,363,1,782.99,363.0,2,Inactive Minimal Buyers,0.7057553323074869,0,1,0,0.0,0
26133,356,1,782.99,356.0,2,Inactive Minimal Buyers,0.7076546386242543,0,1,0,0.0,0
26131,358,1,782.99,358.0,2,Inactive Minimal Buyers,0.7071100204211349,0,1,0,0.0,0
26127,389,1,2049.0982,389.0,6,Declining Frequent Buyers,0.7076741555871537,0,0,0,0.0,0
26121,381,1,2071.4196,381.0,6,Declining Frequent Buyers,0.7100166408419849,0,1,0,0.0,0
19440,154,1,1000.4375,154.0,8,Recent Low-Value Customers,0.7577919071477198,0,1,0,0.0,0
29274,574,1,3578.27,574.0,0,Active Minimal Buyers,0.6561984513344277,0,1,0,0.0,0
29275,573,1,3578.27,573.0,0,Active Minimal Buyers,0.6564432362369041,0,1,0,0.0,0
29276,565,1,3578.27,565.0,0,Active Minimal Buyers,0.6584095447072612,0,1,0,0.0,0
29385,741,1,3399.99,741.0,0,Active Minimal Buyers,0.6180176042801968,0,0,0,0.0,0
29389,183,1,2049.0982,183.0,6,Declining Frequent Buyers,0.7778015676496703,0,1,0,0.0,0
29390,180,1,2049.0982,180.0,6,Declining Frequent Buyers,0.7790708205405542,0,1,0,0.0,0
29391,640,1,3374.99,640.0,0,Active Minimal Buyers,0.6404841783383398,0,1,0,0.0,0
29397,174,1,2049.0982,174.0,6,Declining Frequent Buyers,0.781642540350699,0,0,0,0.0,0
29398,658,1,3399.99,658.0,0,Active Minimal Buyers,0.6363543870521722,0,1,0,0.0,0
29399,660,1,3374.99,660.0,0,Active Minimal Buyers,0.6358961863210713,0,1,0,0.0,0
29400,634,1,3374.99,634.0,0,Active Minimal Buyers,0.6418750365915147,0,1,0,0.0,0
29401,7,1,1223.84,7.0,8,Recent Low-Value Customers,0.8458994940244586,0,0,0,0.0,0
29403,616,1,3374.99,616.0,0,Active Minimal Buyers,0.6460890784273705,0,1,0,0.0,0
29404,177,1,2049.0982,177.0,6,Declining Frequent Buyers,0.7803510506452881,0,0,0,0.0,0
29410,612,1,3399.99,612.0,0,Active Minimal Buyers,0.647036849085363,0,0,0,0.0,0
29412,173,1,2071.4196,173.0,6,Declining Frequent Buyers,0.7821245387918979,0,1,0,0.0,0
29414,162,1,2071.4196,162.0,6,Declining Frequent Buyers,0.7869761372509505,0,0,0,0.0,0
29415,180,1,2049.0982,180.0,6,Declining Frequent Buyers,0.7790708205405542,0,0,0,0.0,0
29448,639,1,3399.99,639.0,0,Active Minimal Buyers,0.6407181934625681,0,0,0,0.0,0
29388,194,1,2071.4196,194.0,6,Declining Frequent Buyers,0.7732862442274295,0,1,0,0.0,0
29380,188,1,2071.4196,188.0,6,Declining Frequent Buyers,0.7757587585094398,0,0,0,0.0,0
29278,567,1,3578.27,567.0,0,Active Minimal Buyers,0.6579166210477365,0,1,0,0.0,0
29364,190,1,2049.0982,190.0,6,Declining Frequent Buyers,0.7748811657225066,0,0,0,0.0,0
29279,531,1,3578.27,531.0,0,Active Minimal Buyers,0.6669319485240335,0,1,0,0.0,0
29280,526,1,3578.27,526.0,0,Active Minimal Buyers,0.6682088561745183,0,0,0,0.0,0
29281,279,1,2443.35,279.0,6,Declining Frequent Buyers,0.7425269984124528,0,0,0,0.0,0
29285,538,1,3578.27,538.0,0,Active Minimal Buyers,0.6651547072134242,0,0,0,0.0,0
29326,538,1,3578.27,538.0,0,Active Minimal Buyers,0.6651547072134242,0,0,0,0.0,0
29334,534,1,3578.27,534.0,0,Active Minimal Buyers,0.6661687950653011,0,0,0,0.0,0
29335,533,1,3578.27,533.0,0,Active Minimal Buyers,0.6664229319486571,0,0,0,0.0,0
29336,282,1,2181.5625,282.0,6,Declining Frequent Buyers,0.7410095772385562,0,0,0,0.0,0
29340,522,1,3578.27,522.0,0,Active Minimal Buyers,0.6692349208300924,0,0,0,0.0,0
29350,533,1,3578.27,533.0,0,Active Minimal Buyers,0.6664229319486571,0,0,0,0.0,0
29352,540,1,3578.27,540.0,0,Active Minimal Buyers,0.6646491293911317,0,0,0,0.0,0
29354,525,1,3578.27,525.0,0,Active Minimal Buyers,0.668464991944,0,0,0,0.0,0
29355,29,1,567.76,29.0,8,Recent Low-Value Customers,0.7992592721996797,0,0,0,0.0,0
29356,25,1,628.97,25.0,8,Recent Low-Value Customers,0.805806761550304,0,0,0,0.0,0
29361,206,1,2071.4196,206.0,6,Declining Frequent Buyers,0.7684571023934486,0,0,0,0.0,0
25975,607,1,3399.99,607.0,0,Active Minimal Buyers,0.6482227336124833,0,1,0,0.0,0
25974,589,1,3399.99,589.0,0,Active Minimal Buyers,0.6525344234081845,0,1,0,0.0,0
25973,606,1,3399.99,606.0,0,Active Minimal Buyers,0.6484605177827606,0,1,0,0.0,0
25225,53,1,1000.4375,53.0,8,Recent Low-Value Customers,0.8008075635846149,0,1,0,0.0,0
25240,37,1,1000.4375,37.0,8,Recent Low-Value Customers,0.8109375100886458,0,1,0,0.0,0
25235,50,1,1000.4375,50.0,8,Recent Low-Value Customers,0.8025739484993493,0,1,0,0.0,0
25234,40,1,1000.4375,40.0,8,Recent Low-Value Customers,0.8088895826356163,0,1,0,0.0,0
25231,49,1,1000.4375,49.0,8,Recent Low-Value Customers,0.8031746881710655,0,1,0,0.0,0
25229,43,1,1000.4375,43.0,8,Recent Low-Value Customers,0.8069181282268911,0,1,0,0.0,0
25228,38,1,1000.4375,38.0,8,Recent Low-Value Customers,0.8102458286750376,0,1,0,0.0,0
25226,38,1,1000.4375,38.0,8,Recent Low-Value Customers,0.8102458286750376,0,1,0,0.0,0
25222,93,1,1000.4375,93.0,8,Recent Low-Value Customers,0.7809088593182566,0,1,0,0.0,0
25605,16,1,600.46,16.0,8,Recent Low-Value Customers,0.8128008846774086,0,0,0,0.0,0
25221,72,1,1000.4375,72.0,8,Recent Low-Value Customers,0.7906441220139564,0,1,0,0.0,0
25218,79,1,1000.4375,79.0,8,Recent Low-Value Customers,0.7872541819250689,0,1,0,0.0,0
25215,86,1,1000.4375,86.0,8,Recent Low-Value Customers,0.7840151301460268,0,1,0,0.0,0
25214,63,1,1000.4375,63.0,8,Recent Low-Value Customers,0.7952613972931829,0,1,0,0.0,0
25213,79,1,1000.4375,79.0,8,Recent Low-Value Customers,0.7872541819250689,0,1,0,0.0,0
25138,80,1,1000.4375,80.0,8,Recent Low-Value Customers,0.7867826868864406,0,1,0,0.0,0
25133,84,1,1000.4375,84.0,8,Recent Low-Value Customers,0.7849263034624293,0,1,0,0.0,0
25242,48,1,1000.4375,48.0,8,Recent Low-Value Customers,0.8037817028776618,0,1,0,0.0,0
25243,46,1,1000.4375,46.0,8,Recent Low-Value Customers,0.8050153503447941,0,1,0,0.0,0
29862,305,1,183.9382,305.0,2,Inactive Minimal Buyers,0.7007343728209444,0,0,0,0.0,0
29223,551,1,3578.27,551.0,0,Active Minimal Buyers,0.6618856473767262,0,1,0,0.0,0
29766,182,1,22.794,182.0,5,Champions,0.3239309672225463,0,1,0,0.0,0
29777,1,1,1717.8,1.0,4,Frequent Low-Spend Customers,0.9138100397115856,0,1,0,0.0,0
29790,1,1,200.052,1.0,8,Recent Low-Value Customers,0.7988915016714325,0,0,0,0.0,0
29800,1,2,3550.2039,365.0,1,High Value but Cooling,0.8636972847174909,0,1,0,0.0,0
29826,32,4,2588.361,91.0,1,High Value but Cooling,0.8224741260089143,0,1,0,0.0,0
29829,32,1,283.948875,32.0,8,Recent Low-Value Customers,0.7735136626169891,0,1,0,0.0,0
25408,360,1,2181.5625,360.0,6,Declining Frequent Buyers,0.7163917470332729,0,1,0,0.0,0
25393,340,1,2443.35,340.0,6,Declining Frequent Buyers,0.7229204591019368,0,0,0,0.0,0
25371,350,1,2181.5625,350.0,6,Declining Frequent Buyers,0.7193817758278899,0,0,0,0.0,0
25363,356,1,2443.35,356.0,6,Declining Frequent Buyers,0.7180865912214449,0,0,0,0.0,0
25361,362,1,2443.35,362.0,6,Declining Frequent Buyers,0.716302987667515,0,0,0,0.0,0
25288,348,1,2181.5625,348.0,6,Declining Frequent Buyers,0.7199850707315155,0,1,0,0.0,0
25287,366,1,2443.35,366.0,6,Declining Frequent Buyers,0.7151224151082308,0,1,0,0.0,0
29848,1,1,2751.624,1.0,4,Frequent Low-Spend Customers,0.9171742916781662,0,1,0,0.0,0
29850,32,1,2232.84,32.0,4,Frequent Low-Spend Customers,0.865112803998618,0,1,0,0.0,0
25127,83,1,1000.4375,83.0,8,Recent Low-Value Customers,0.7853860678558656,0,1,0,0.0,0
25126,85,1,1000.4375,85.0,8,Recent Low-Value Customers,0.7844693406772423,0,1,0,0.0,0
25121,95,1,1000.4375,95.0,8,Recent Low-Value Customers,0.7800436062904761,0,1,0,0.0,0
25086,30,1,1308.31,30.0,8,Recent Low-Value Customers,0.823937824071316,0,0,0,0.0,0
25061,373,1,2443.35,373.0,6,Declining Frequent Buyers,0.7130723878629416,0,0,0,0.0,0
25057,136,1,1000.4375,136.0,8,Recent Low-Value Customers,0.7640240661256564,0,1,0,0.0,0
25053,147,1,1000.4375,147.0,8,Recent Low-Value Customers,0.7601683845546796,0,1,0,0.0,0
25052,125,1,1000.4375,125.0,8,Recent Low-Value Customers,0.768044211124018,0,1,0,0.0,0
25051,147,1,1000.4375,147.0,8,Recent Low-Value Customers,0.7601683845546796,0,1,0,0.0,0
25048,393,1,2443.35,393.0,6,Declining Frequent Buyers,0.7073226202183026,0,1,0,0.0,0
25046,393,1,2181.5625,393.0,6,Declining Frequent Buyers,0.7068185586476085,0,0,0,0.0,0
25037,138,1,1000.4375,138.0,8,Recent Low-Value Customers,0.7633113833529445,0,1,0,0.0,0
25036,154,1,1000.4375,154.0,8,Recent Low-Value Customers,0.7577919071477198,0,1,0,0.0,0
25035,177,1,1000.4375,177.0,8,Recent Low-Value Customers,0.7503530746203975,0,1,0,0.0,0
25034,179,1,1000.4375,179.0,8,Recent Low-Value Customers,0.7497304841659229,0,1,0,0.0,0
25033,181,1,1000.4375,181.0,8,Recent Low-Value Customers,0.7491114773421693,0,1,0,0.0,0
25032,162,1,1000.4375,162.0,8,Recent Low-Value Customers,0.7551432278588942,0,1,0,0.0,0
25030,162,1,1000.4375,162.0,8,Recent Low-Value Customers,0.7551432278588942,0,1,0,0.0,0
25029,176,1,1000.4375,176.0,8,Recent Low-Value Customers,0.7506657328179756,0,1,0,0.0,0
25085,9,1,1228.83,9.0,8,Recent Low-Value Customers,0.8430694066488811,0,0,0,0.0,0
25087,7,1,1249.84,7.0,8,Recent Low-Value Customers,0.8465093743877367,0,0,0,0.0,0
25120,123,1,1000.4375,123.0,8,Recent Low-Value Customers,0.7687944859043445,0,1,0,0.0,0
25088,16,1,1249.84,16.0,8,Recent Low-Value Customers,0.8351396766059467,0,0,0,0.0,0
25119,119,1,1000.4375,119.0,8,Recent Low-Value Customers,0.7703141342769291,0,1,0,0.0,0
25115,115,1,1000.4375,115.0,8,Recent Low-Value Customers,0.7718603345068643,0,1,0,0.0,0
25114,117,1,1000.4375,117.0,8,Recent Low-Value Customers,0.7710838304505031,0,1,0,0.0,0
25113,102,1,1000.4375,102.0,8,Recent Low-Value Customers,0.7770867281129771,0,1,0,0.0,0
25112,117,1,1000.4375,117.0,8,Recent Low-Value Customers,0.7710838304505031,0,1,0,0.0,0
25111,112,1,1000.4375,112.0,8,Recent Low-Value Customers,0.7730382494823643,0,1,0,0.0,0
25108,122,1,1000.4375,122.0,8,Recent Low-Value Customers,0.769171981180305,0,1,0,0.0,0
25107,150,1,1000.4375,150.0,8,Recent Low-Value Customers,0.7591428966292664,0,1,0,0.0,0
25106,135,1,1000.4375,135.0,8,Recent Low-Value Customers,0.7643824346963949,0,1,0,0.0,0
25104,336,1,2443.35,336.0,6,Declining Frequent Buyers,0.7241472374501187,0,1,0,0.0,0
25100,361,1,2443.35,361.0,6,Declining Frequent Buyers,0.7165991854391424,0,0,0,0.0,0
25095,363,1,2443.35,363.0,6,Declining Frequent Buyers,0.7160072135096519,0,0,0,0.0,0
25094,383,1,2443.35,383.0,6,Declining Frequent Buyers,0.7101780540561464,0,0,0,0.0,0
25093,381,1,2181.5625,381.0,6,Declining Frequent Buyers,0.7102496978250877,0,0,0,0.0,0
25092,22,1,1257.82,22.0,8,Recent Low-Value Customers,0.8294745537825259,0,0,0,0.0,0
29763,335,1,91.176,335.0,5,Champions,0.47301697982278273,0,0,0,0.0,0
25608,7,1,539.99,7.0,8,Recent Low-Value Customers,0.8207467969824327,0,0,0,0.0,0
29542,1,1,3170.6279999999997,1.0,4,Frequent Low-Spend Customers,0.9181444457069781,0,1,0,0.0,0
25905,665,1,3374.99,665.0,0,Active Minimal Buyers,0.6347604990463316,0,1,0,0.0,0
25924,627,1,3399.99,627.0,0,Active Minimal Buyers,0.64350903872907,0,1,0,0.0,0
29593,1,5,9716.2492,91.25,1,High Value but Cooling,0.9002983311959993,0,1,0,0.0,0
25917,639,1,3399.99,639.0,0,Active Minimal Buyers,0.6407181934625681,0,1,0,0.0,0
25916,627,1,3399.99,627.0,0,Active Minimal Buyers,0.64350903872907,0,1,0,0.0,0
25911,306,1,2181.5625,306.0,6,Declining Frequent Buyers,0.7330959137188737,0,0,0,0.0,0
25910,612,1,3399.99,612.0,0,Active Minimal Buyers,0.647036849085363,0,1,0,0.0,0
25909,616,1,3374.99,616.0,0,Active Minimal Buyers,0.6460890784273705,0,1,0,0.0,0
25903,660,1,3374.99,660.0,0,Active Minimal Buyers,0.6358961863210713,0,1,0,0.0,0
25609,29,1,565.47,29.0,8,Recent Low-Value Customers,0.7991288227753346,0,0,0,0.0,0
25901,658,1,3399.99,658.0,0,Active Minimal Buyers,0.6363543870521722,0,1,0,0.0,0
25895,666,1,3399.99,666.0,0,Active Minimal Buyers,0.634536570296553,0,1,0,0.0,0
25892,352,1,2443.35,352.0,6,Declining Frequent Buyers,0.7192843257677918,0,0,0,0.0,0
25891,640,1,3374.99,640.0,0,Active Minimal Buyers,0.6404841783383398,0,1,0,0.0,0
25889,689,1,3399.99,689.0,0,Active Minimal Buyers,0.6293725470922193,0,1,0,0.0,0
25888,692,1,3374.99,692.0,0,Active Minimal Buyers,0.6287029357257954,0,1,0,0.0,0
25887,697,1,3399.99,697.0,0,Active Minimal Buyers,0.6275973789591324,0,1,0,0.0,0
29575,1,1,356.898,1.0,8,Recent Low-Value Customers,0.8195761955083536,0,1,0,0.0,0
25942,624,1,3374.99,624.0,0,Active Minimal Buyers,0.6442083926321461,0,1,0,0.0,0
25943,597,1,3374.99,597.0,0,Active Minimal Buyers,0.6506071226381704,0,1,0,0.0,0
25951,597,1,3374.99,597.0,0,Active Minimal Buyers,0.6506071226381704,0,1,0,0.0,0
29545,123,1,249.54,123.0,8,Recent Low-Value Customers,0.7231437885636575,0,0,0,0.0,0
29547,1,1,356.898,1.0,8,Recent Low-Value Customers,0.8195761955083536,0,1,0,0.0,0
29556,1,1,868.8539999999999,1.0,8,Recent Low-Value Customers,0.8483774322239376,0,1,0,0.0,0
29567,1,1,1506.564,1.0,4,Frequent Low-Spend Customers,0.912833664270607,0,1,0,0.0,0
25972,607,1,3374.99,607.0,0,Active Minimal Buyers,0.6482200570365431,0,1,0,0.0,0
25971,315,1,2181.5625,315.0,6,Declining Frequent Buyers,0.7302115721049134,0,1,0,0.0,0
25970,584,1,3374.99,584.0,0,Active Minimal Buyers,0.653741528451735,0,1,0,0.0,0
25969,595,1,3399.99,595.0,0,Active Minimal Buyers,0.6510896949169249,0,1,0,0.0,0
25964,597,1,3399.99,597.0,0,Active Minimal Buyers,0.6506097992141107,0,1,0,0.0,0
25962,580,1,3399.99,580.0,0,Active Minimal Buyers,0.6547159033634044,0,1,0,0.0,0
25961,395,1,782.99,395.0,2,Inactive Minimal Buyers,0.6973053244559622,0,1,0,0.0,0
25960,373,1,782.99,373.0,2,Inactive Minimal Buyers,0.7030746587301011,0,1,0,0.0,0
25958,388,1,782.99,388.0,2,Inactive Minimal Buyers,0.6991225377125737,0,1,0,0.0,0
25955,590,1,3374.99,590.0,0,Active Minimal Buyers,0.652290430463049,0,1,0,0.0,0
25952,605,1,3374.99,605.0,0,Active Minimal Buyers,0.6486958289806333,0,1,0,0.0,0
25886,680,1,3399.99,680.0,0,Active Minimal Buyers,0.6313824407222308,0,1,0,0.0,0
25883,350,1,2443.35,350.0,6,Declining Frequent Buyers,0.719885837398584,0,0,0,0.0,0
25879,684,1,3399.99,684.0,0,Active Minimal Buyers,0.6304874615276113,0,1,0,0.0,0
25793,29,1,2479.94,29.0,4,Frequent Low-Spend Customers,0.8689146951027349,0,0,0,0.0,0
25779,26,1,2479.94,26.0,4,Frequent Low-Spend Customers,0.8721389102263883,0,0,0,0.0,0
25769,7,1,2514.93,7.0,4,Frequent Low-Spend Customers,0.8997181254758737,0,0,0,0.0,0
25723,23,1,777.34,23.0,8,Recent Low-Value Customers,0.814181557925071,0,0,0,0.0,0
25722,20,1,777.34,20.0,8,Recent Low-Value Customers,0.8169260725711204,0,0,0,0.0,0
29672,32,4,2133.0349,243.33333333333334,1,High Value but Cooling,0.8145011010839193,0,1,0,0.0,0
29679,32,1,2636.688,32.0,4,Frequent Low-Spend Customers,0.8662819515562769,0,1,0,0.0,0
29694,32,1,1725.8567999999998,32.0,4,Frequent Low-Spend Customers,0.8632479670597069,0,1,0,0.0,0
29713,1,1,2130.766875,1.0,4,Frequent Low-Spend Customers,0.9153754539171552,0,1,0,0.0,0
29719,1,4,2763.3382,91.0,1,High Value but Cooling,0.8537744380087767,0,1,0,0.0,0
29750,335,1,780.8182,335.0,2,Inactive Minimal Buyers,0.7134345334334282,0,1,0,0.0,0
29751,32,1,1344.588,32.0,4,Frequent Low-Spend Customers,0.8613763604882342,0,0,0,0.0,0
25641,30,1,561.48,30.0,8,Recent Low-Value Customers,0.7981194233785819,0,0,0,0.0,0
25625,29,1,2433.04,29.0,4,Frequent Low-Spend Customers,0.8687806542287186,0,0,0,0.0,0
25618,28,1,2398.05,28.0,4,Frequent Low-Spend Customers,0.8697340326074101,0,0,0,0.0,0
25611,20,1,564.48,20.0,8,Recent Low-Value Customers,0.8068149538967179,0,0,0,0.0,0
25780,7,1,2479.94,7.0,4,Frequent Low-Spend Customers,0.8996199881989494,0,0,0,0.0,0
25795,21,1,2482.23,21.0,4,Frequent Low-Spend Customers,0.8779641790555383,0,0,0,0.0,0
25878,706,1,3399.99,706.0,0,Active Minimal Buyers,0.6256129031168252,0,1,0,0.0,0
29657,1,1,316.86,1.0,8,Recent Low-Value Customers,0.8154543593774451,0,1,0,0.0,0
25876,711,1,3374.99,711.0,0,Active Minimal Buyers,0.6245134085330485,0,1,0,0.0,0
25875,348,1,2443.35,348.0,6,Declining Frequent Buyers,0.7204891323022097,0,0,0,0.0,0
25872,717,1,3399.99,717.0,0,Active Minimal Buyers,0.6232051722610573,0,1,0,0.0,0
25868,708,1,3399.99,708.0,0,Active Minimal Buyers,0.6251736938610709,0,1,0,0.0,0
25867,702,1,3399.99,702.0,0,Active Minimal Buyers,0.6264932623007148,0,1,0,0.0,0
25866,736,1,3374.99,736.0,0,Active Minimal Buyers,0.6190883991246043,0,1,0,0.0,0
25865,741,1,3374.99,741.0,0,Active Minimal Buyers,0.6180149277042567,0,1,0,0.0,0
25864,355,1,2443.35,355.0,6,Declining Frequent Buyers,0.7183853684830223,0,0,0,0.0,0
25863,762,1,3399.99,762.0,0,Active Minimal Buyers,0.6135495511479054,0,1,0,0.0,0
25861,754,1,3399.99,754.0,0,Active Minimal Buyers,0.6152440408031006,0,0,0,0.0,0
25857,741,1,3399.99,741.0,0,Active Minimal Buyers,0.6180176042801968,0,0,0,0.0,0
29597,1,1,2254.7147999999997,1.0,4,Frequent Low-Spend Customers,0.9157786730932039,0,1,0,0.0,0
29602,32,1,2288.7072,32.0,4,Frequent Low-Spend Customers,0.8652882931479128,0,1,0,0.0,0
29630,1,4,1433.7518,121.66666666666667,1,High Value but Cooling,0.8261032182656926,0,1,0,0.0,0
29650,32,1,818.7,32.0,8,Recent Low-Value Customers,0.8084766547805053,0,1,0,0.0,0
26160,293,1,782.99,293.0,2,Inactive Minimal Buyers,0.7257019391498832,0,1,0,0.0,0
26161,294,1,782.99,294.0,2,Inactive Minimal Buyers,0.725400557876499,0,1,0,0.0,0
26162,299,1,782.99,299.0,2,Inactive Minimal Buyers,0.7239015518870839,0,1,0,0.0,0
29238,562,1,3578.27,562.0,0,Active Minimal Buyers,0.6591506299622429,0,1,0,0.0,0
26710,197,1,2071.4196,197.0,6,Declining Frequent Buyers,0.7720648071503784,0,0,0,0.0,0
26708,213,1,2071.4196,213.0,6,Declining Frequent Buyers,0.7657071065288109,0,1,0,0.0,0
26705,200,1,2071.4196,200.0,6,Declining Frequent Buyers,0.770852947411031,0,1,0,0.0,0
26703,198,1,2049.0982,198.0,6,Declining Frequent Buyers,0.7716108514289433,0,1,0,0.0,0
26698,187,1,2049.0982,187.0,6,Declining Frequent Buyers,0.7761258396015648,0,1,0,0.0,0
26695,209,1,2071.4196,209.0,6,Declining Frequent Buyers,0.7672727079025142,0,1,0,0.0,0
26694,197,1,2049.0982,197.0,6,Declining Frequent Buyers,0.772015857969355,0,1,0,0.0,0
26684,231,1,2049.0982,231.0,6,Declining Frequent Buyers,0.7587942984817363,0,1,0,0.0,0
26750,129,1,782.99,129.0,8,Recent Low-Value Customers,0.7591183818057249,0,1,0,0.0,0
29239,557,1,3578.27,557.0,0,Active Minimal Buyers,0.660390345698985,0,1,0,0.0,0
26681,223,1,2071.4196,223.0,6,Declining Frequent Buyers,0.7618583863024763,0,1,0,0.0,0
26676,232,1,2049.0982,232.0,6,Declining Frequent Buyers,0.7584212285873987,0,1,0,0.0,0
26673,165,1,782.99,165.0,8,Recent Low-Value Customers,0.7467238176644118,0,1,0,0.0,0
26667,180,1,782.99,180.0,8,Recent Low-Value Customers,0.7419769166806434,0,1,0,0.0,0
26666,24,2,1336.96,134.0,1,High Value but Cooling,0.7991866820305501,0,0,0,0.0,0
26663,163,1,782.99,163.0,8,Recent Low-Value Customers,0.7473733156892344,0,1,0,0.0,0
26711,202,1,2049.0982,202.0,6,Declining Frequent Buyers,0.7700013052902424,0,0,0,0.0,0
26717,206,1,2071.4196,206.0,6,Declining Frequent Buyers,0.7684571023934486,0,0,0,0.0,0
26718,205,1,2071.4196,205.0,6,Declining Frequent Buyers,0.7688538800675809,0,1,0,0.0,0
26723,188,1,2049.0982,188.0,6,Declining Frequent Buyers,0.7757098093284164,0,1,0,0.0,0
26747,168,1,782.99,168.0,8,Recent Low-Value Customers,0.7457571467747891,0,1,0,0.0,0
26746,175,1,782.99,175.0,8,Recent Low-Value Customers,0.7435356901835032,0,1,0,0.0,0
26745,160,1,782.99,160.0,8,Recent Low-Value Customers,0.7483553272565114,0,1,0,0.0,0
26744,182,1,782.99,182.0,8,Recent Low-Value Customers,0.7413596791920734,0,1,0,0.0,0
26743,169,1,782.99,169.0,8,Recent Low-Value Customers,0.7454369070419862,0,1,0,0.0,0
26740,158,1,782.99,158.0,8,Recent Low-Value Customers,0.7490152921834504,0,1,0,0.0,0
26735,199,1,2071.4196,199.0,6,Declining Frequent Buyers,0.771255850034341,0,0,0,0.0,0
26734,201,1,2049.0982,201.0,6,Declining Frequent Buyers,0.7704021356468498,0,0,0,0.0,0
26731,183,1,2049.0982,183.0,6,Declining Frequent Buyers,0.7778015676496703,0,0,0,0.0,0
26729,210,1,2049.0982,210.0,6,Declining Frequent Buyers,0.7668309161688381,0,1,0,0.0,0
26728,196,1,2049.0982,196.0,6,Declining Frequent Buyers,0.7724219285891165,0,1,0,0.0,0
26727,200,1,2049.0982,200.0,6,Declining Frequent Buyers,0.7708039982300077,0,1,0,0.0,0
26726,193,1,2071.4196,193.0,6,Declining Frequent Buyers,0.7736955568211973,0,0,0,0.0,0
26725,195,1,2049.0982,195.0,6,Declining Frequent Buyers,0.7728290715067102,0,0,0,0.0,0
26724,194,1,2049.0982,194.0,6,Declining Frequent Buyers,0.7732372950464061,0,0,0,0.0,0
26662,180,1,782.99,180.0,8,Recent Low-Value Customers,0.7419769166806434,0,1,0,0.0,0
26661,189,1,782.99,189.0,8,Recent Low-Value Customers,0.7392264971133689,0,1,0,0.0,0
26660,188,1,782.99,188.0,8,Recent Low-Value Customers,0.7395287076936894,0,1,0,0.0,0
26638,233,1,2049.0982,233.0,6,Declining Frequent Buyers,0.7580489896084972,0,1,0,0.0,0
26634,243,1,2071.4196,243.0,6,Declining Frequent Buyers,0.7544200915099465,0,1,0,0.0,0
26633,242,1,2049.0982,242.0,6,Declining Frequent Buyers,0.7547353593421275,0,1,0,0.0,0
26632,228,1,2071.4196,228.0,6,Declining Frequent Buyers,0.7599674976202924,0,1,0,0.0,0
26631,234,1,2071.4196,234.0,6,Declining Frequent Buyers,0.7577265253363012,0,1,0,0.0,0
29254,562,1,3578.27,562.0,0,Active Minimal Buyers,0.6591506299622429,0,0,0,0.0,0
29255,578,1,3578.27,578.0,0,Active Minimal Buyers,0.6552215165876768,0,1,0,0.0,0
26627,219,1,2049.0982,219.0,6,Declining Frequent Buyers,0.7633379932506886,0,1,0,0.0,0
26626,238,1,2071.4196,238.0,6,Declining Frequent Buyers,0.7562490209875032,0,1,0,0.0,0
26625,222,1,2071.4196,222.0,6,Declining Frequent Buyers,0.7622391869467678,0,1,0,0.0,0
26624,217,1,2049.0982,217.0,6,Declining Frequent Buyers,0.7641076866079732,0,1,0,0.0,0
26623,223,1,2049.0982,223.0,6,Declining Frequent Buyers,0.761809437121453,0,1,0,0.0,0
26622,231,1,2049.0982,231.0,6,Declining Frequent Buyers,0.7587942984817363,0,1,0,0.0,0
29258,549,1,3578.27,549.0,0,Active Minimal Buyers,0.6623859561360862,0,1,0,0.0,0
26619,242,1,2071.4196,242.0,6,Declining Frequent Buyers,0.7547843085231509,0,1,0,0.0,0
26618,240,1,2049.0982,240.0,6,Declining Frequent Buyers,0.7554661368150882,0,1,0,0.0,0
26635,234,1,2049.0982,234.0,6,Declining Frequent Buyers,0.757677576155278,0,1,0,0.0,0
29252,549,1,3578.27,549.0,0,Active Minimal Buyers,0.6623859561360862,0,1,0,0.0,0
26658,18,2,1390.95,181.0,1,High Value but Cooling,0.805130770950102,0,0,0,0.0,0
26641,238,1,2071.4196,238.0,6,Declining Frequent Buyers,0.7562490209875032,0,1,0,0.0,0
26657,14,2,1357.97,190.0,1,High Value but Cooling,0.8072550596009138,0,0,0,0.0,0
26656,8,2,1345.95,184.0,1,High Value but Cooling,0.8126295554363338,0,0,0,0.0,0
26655,23,2,1322.98,168.0,1,High Value but Cooling,0.7993764489451427,0,0,0,0.0,0
26654,14,2,1346.76,171.0,1,High Value but Cooling,0.8068865441390468,0,0,0,0.0,0
26653,201,1,782.99,201.0,2,Inactive Minimal Buyers,0.7561577205003646,0,1,0,0.0,0
26652,206,1,782.99,206.0,2,Inactive Minimal Buyers,0.7543364143414366,0,1,0,0.0,0
26651,191,1,782.99,191.0,8,Recent Low-Value Customers,0.7386245450574542,0,1,0,0.0,0
26650,227,1,2071.4196,227.0,6,Declining Frequent Buyers,0.7603439462594046,0,1,0,0.0,0
26649,244,1,2049.0982,244.0,6,Declining Frequent Buyers,0.7540076999819378,0,1,0,0.0,0
26647,217,1,2049.0982,217.0,6,Declining Frequent Buyers,0.7641076866079732,0,1,0,0.0,0
26646,226,1,2071.4196,226.0,6,Declining Frequent Buyers,0.7607212536598486,0,1,0,0.0,0
26645,240,1,2049.0982,240.0,6,Declining Frequent Buyers,0.7554661368150882,0,1,0,0.0,0
26644,226,1,2049.0982,226.0,6,Declining Frequent Buyers,0.7606723044788252,0,1,0,0.0,0
29242,553,1,3578.27,553.0,0,Active Minimal Buyers,0.6613862794805914,0,1,0,0.0,0
26642,237,1,2071.4196,237.0,6,Declining Frequent Buyers,0.7566171850938884,0,1,0,0.0,0
26749,179,1,782.99,179.0,8,Recent Low-Value Customers,0.7422868642779492,0,1,0,0.0,0
26751,135,1,782.99,135.0,8,Recent Low-Value Customers,0.7569388148084212,0,1,0,0.0,0
26616,226,1,2049.0982,226.0,6,Declining Frequent Buyers,0.7606723044788252,0,1,0,0.0,0
27047,163,1,2049.0982,163.0,6,Declining Frequent Buyers,0.7864792393764027,0,0,0,0.0,0
27060,310,1,782.99,310.0,2,Inactive Minimal Buyers,0.7206487813776957,0,0,0,0.0,0
27058,177,1,2049.0982,177.0,6,Declining Frequent Buyers,0.7803510506452881,0,0,0,0.0,0
27056,174,1,2071.4196,174.0,6,Declining Frequent Buyers,0.7816914895317224,0,0,0,0.0,0
27054,182,1,2071.4196,182.0,6,Declining Frequent Buyers,0.77827239838576,0,0,0,0.0,0
27053,320,1,782.99,320.0,2,Inactive Minimal Buyers,0.7177432065175607,0,0,0,0.0,0
27051,162,1,2049.0982,162.0,6,Declining Frequent Buyers,0.7869271880699271,0,0,0,0.0,0
27050,171,1,2071.4196,171.0,6,Declining Frequent Buyers,0.7829945334775408,0,0,0,0.0,0
27045,165,1,2049.0982,165.0,6,Declining Frequent Buyers,0.7855875793280479,0,0,0,0.0,0
26752,154,1,782.99,154.0,8,Recent Low-Value Customers,0.7503482872597461,0,1,0,0.0,0
27044,155,1,2049.0982,155.0,4,Frequent Low-Spend Customers,0.7886492340917161,0,0,0,0.0,0
27043,350,1,782.99,350.0,2,Inactive Minimal Buyers,0.709298072431532,0,0,0,0.0,0
27027,359,1,782.99,359.0,2,Inactive Minimal Buyers,0.7068383024041847,0,0,0,0.0,0
27021,159,1,2071.4196,159.0,6,Declining Frequent Buyers,0.7883286173867914,0,0,0,0.0,0
27020,179,1,2071.4196,179.0,6,Declining Frequent Buyers,0.7795452796985735,0,0,0,0.0,0
27017,178,1,2049.0982,178.0,6,Declining Frequent Buyers,0.7799230704004972,0,1,0,0.0,0
26995,21,1,1145.48,21.0,8,Recent Low-Value Customers,0.8276635476741028,0,0,0,0.0,0
27062,308,1,782.99,308.0,2,Inactive Minimal Buyers,0.7212356941829409,0,0,0,0.0,0
27063,168,1,2071.4196,168.0,6,Declining Frequent Buyers,0.7843094393121186,0,0,0,0.0,0
27064,182,1,2071.4196,182.0,6,Declining Frequent Buyers,0.77827239838576,0,0,0,0.0,0
27067,162,1,2049.0982,162.0,6,Declining Frequent Buyers,0.7869271880699271,0,0,0,0.0,0
27084,305,1,782.99,305.0,2,Inactive Minimal Buyers,0.7221197761879732,0,0,0,0.0,0
27083,143,1,2049.0982,143.0,4,Frequent Low-Spend Customers,0.7940906608738855,0,0,0,0.0,0
27082,282,1,782.99,282.0,2,Inactive Minimal Buyers,0.7290529344770866,0,0,0,0.0,0
27081,141,1,2049.0982,141.0,4,Frequent Low-Spend Customers,0.7950201743118362,0,0,0,0.0,0
27080,142,1,2071.4196,142.0,4,Frequent Low-Spend Customers,0.7946324980538916,0,0,0,0.0,0
27079,143,1,2071.4196,143.0,4,Frequent Low-Spend Customers,0.7941685855800728,0,0,0,0.0,0
27078,178,1,2071.4196,178.0,6,Declining Frequent Buyers,0.7799720195815205,0,0,0,0.0,0
27077,171,1,2071.4196,171.0,6,Declining Frequent Buyers,0.7829945334775408,0,0,0,0.0,0
27076,164,1,2071.4196,164.0,6,Declining Frequent Buyers,0.7860816566525246,0,0,0,0.0,0
27075,313,1,782.99,313.0,2,Inactive Minimal Buyers,0.7197720767504618,0,1,0,0.0,0
27074,176,1,2049.0982,176.0,6,Declining Frequent Buyers,0.7807802818560331,0,1,0,0.0,0
27073,178,1,2049.0982,178.0,6,Declining Frequent Buyers,0.7799230704004972,0,1,0,0.0,0
27071,328,1,782.99,328.0,2,Inactive Minimal Buyers,0.715452443540177,0,0,0,0.0,0
27069,164,1,2049.0982,164.0,6,Declining Frequent Buyers,0.7860327074715012,0,0,0,0.0,0
27068,166,1,2049.0982,166.0,6,Declining Frequent Buyers,0.7851438421162865,0,0,0,0.0,0
26994,24,1,1134.47,24.0,8,Recent Low-Value Customers,0.8246971259335559,0,0,0,0.0,0
26967,98,1,782.99,98.0,8,Recent Low-Value Customers,0.771319482713307,0,1,0,0.0,0
26924,109,1,782.99,109.0,8,Recent Low-Value Customers,0.7667889061376945,0,1,0,0.0,0
26797,107,1,782.99,107.0,8,Recent Low-Value Customers,0.7675945156162572,0,1,0,0.0,0
26795,95,1,782.99,95.0,8,Recent Low-Value Customers,0.7725999864025024,0,1,0,0.0,0
29236,570,1,3578.27,570.0,0,Active Minimal Buyers,0.6571789232199515,0,1,0,0.0,0
26786,205,1,2071.4196,205.0,6,Declining Frequent Buyers,0.7688538800675809,0,0,0,0.0,0
29237,549,1,3578.27,549.0,0,Active Minimal Buyers,0.6623859561360862,0,1,0,0.0,0
26774,136,1,782.99,136.0,8,Recent Low-Value Customers,0.7565804462376827,0,1,0,0.0,0
26768,144,1,782.99,144.0,8,Recent Low-Value Customers,0.7537611098829133,0,1,0,0.0,0
26767,143,1,782.99,143.0,8,Recent Low-Value Customers,0.7541090298262066,0,1,0,0.0,0
26764,152,1,782.99,152.0,8,Recent Low-Value Customers,0.7510214882329591,0,1,0,0.0,0
26763,143,1,782.99,143.0,8,Recent Low-Value Customers,0.7541090298262066,0,1,0,0.0,0
26761,137,1,782.99,137.0,8,Recent Low-Value Customers,0.7562234340924777,0,1,0,0.0,0
26760,141,1,782.99,141.0,8,Recent Low-Value Customers,0.7548086556157261,0,1,0,0.0,0
26758,127,1,782.99,127.0,8,Recent Low-Value Customers,0.7598564784058665,0,1,0,0.0,0
26757,133,1,782.99,133.0,8,Recent Low-Value Customers,0.7576596822486491,0,1,0,0.0,0
26754,133,1,782.99,133.0,8,Recent Low-Value Customers,0.7576596822486491,0,1,0,0.0,0
26753,154,1,782.99,154.0,8,Recent Low-Value Customers,0.7503482872597461,0,1,0,0.0,0
26796,113,1,782.99,113.0,8,Recent Low-Value Customers,0.7652002057344398,0,1,0,0.0,0
26801,203,1,2049.0982,203.0,6,Declining Frequent Buyers,0.769601499443439,0,0,0,0.0,0
26923,107,1,782.99,107.0,8,Recent Low-Value Customers,0.7675945156162572,0,1,0,0.0,0
26805,205,1,2071.4196,205.0,6,Declining Frequent Buyers,0.7688538800675809,0,0,0,0.0,0
26922,94,1,782.99,94.0,8,Recent Low-Value Customers,0.7730314299470086,0,1,0,0.0,0
26921,117,1,782.99,117.0,8,Recent Low-Value Customers,0.7636402105625294,0,1,0,0.0,0
26920,99,1,782.99,99.0,8,Recent Low-Value Customers,0.7708971389364202,0,1,0,0.0,0
26919,98,1,782.99,98.0,8,Recent Low-Value Customers,0.771319482713307,0,1,0,0.0,0
26918,97,1,782.99,97.0,8,Recent Low-Value Customers,0.7717440487007654,0,1,0,0.0,0
26917,101,1,782.99,101.0,8,Recent Low-Value Customers,0.770058984130157,0,1,0,0.0,0
26916,120,1,782.99,120.0,8,Recent Low-Value Customers,0.7624881653263023,0,1,0,0.0,0
26864,31,1,1268.84,31.0,8,Recent Low-Value Customers,0.8222863935745489,0,0,0,0.0,0
26862,13,1,1249.84,13.0,8,Recent Low-Value Customers,0.838472662400624,0,0,0,0.0,0
26831,16,1,1264.84,16.0,8,Recent Low-Value Customers,0.8354850041031127,0,0,0,0.0,0
26826,30,1,1237.82,30.0,8,Recent Low-Value Customers,0.822337316100944,0,0,0,0.0,0
26825,2,1,1228.83,2.0,8,Recent Low-Value Customers,0.8558072747938184,0,0,0,0.0,0
26815,181,1,2049.0982,181.0,6,Declining Frequent Buyers,0.7786465301589564,0,0,0,0.0,0
26814,200,1,2049.0982,200.0,6,Declining Frequent Buyers,0.7708039982300077,0,0,0,0.0,0
26811,202,1,2071.4196,202.0,6,Declining Frequent Buyers,0.7700502544712657,0,0,0,0.0,0
26617,233,1,2071.4196,233.0,6,Declining Frequent Buyers,0.7580979387895206,0,1,0,0.0,0
26615,83,1,1000.4375,83.0,8,Recent Low-Value Customers,0.7853860678558656,0,0,0,0.0,0
26165,305,1,782.99,305.0,2,Inactive Minimal Buyers,0.7221197761879732,0,1,0,0.0,0
26308,6,2,2867.7596000000003,320.0,1,High Value but Cooling,0.8469499996310519,0,0,0,0.0,0
26316,348,1,1000.4375,348.0,2,Inactive Minimal Buyers,0.7130695083336704,0,0,0,0.0,0
26315,318,1,2049.0982,318.0,6,Declining Frequent Buyers,0.7289776245986773,0,1,0,0.0,0
26313,316,1,2049.0982,316.0,6,Declining Frequent Buyers,0.7296117325248449,0,1,0,0.0,0
26312,23,2,2881.7396000000003,293.0,1,High Value but Cooling,0.8322992832769128,0,0,0,0.0,0
26311,13,2,2822.7596000000003,297.0,1,High Value but Cooling,0.83905064941754,0,0,0,0.0,0
26310,92,1,2181.5625,92.0,4,Frequent Low-Spend Customers,0.8208355490892599,0,0,0,0.0,0
26309,9,2,2800.4382,317.0,1,High Value but Cooling,0.8425598416388764,0,0,0,0.0,0
26307,17,2,2848.7596000000003,310.0,1,High Value but Cooling,0.8361272839922272,0,0,0,0.0,0
26375,300,1,782.99,300.0,2,Inactive Minimal Buyers,0.7236033120446966,0,1,0,0.0,0
26306,3,2,2800.4382,312.0,1,High Value but Cooling,0.8503298231578235,0,0,0,0.0,0
26305,345,1,2049.0982,345.0,6,Declining Frequent Buyers,0.7206113846407086,0,1,0,0.0,0
26304,336,1,2049.0982,336.0,6,Declining Frequent Buyers,0.7233611697152983,0,1,0,0.0,0
26303,340,1,2071.4196,340.0,6,Declining Frequent Buyers,0.7221833405481398,0,1,0,0.0,0
26302,365,1,2049.0982,365.0,6,Declining Frequent Buyers,0.7146308612440887,0,1,0,0.0,0
26301,350,1,2071.4196,350.0,6,Declining Frequent Buyers,0.719148718844787,0,1,0,0.0,0
26300,355,1,2049.0982,355.0,6,Declining Frequent Buyers,0.7175993007482019,0,1,0,0.0,0
26317,308,1,2071.4196,308.0,6,Declining Frequent Buyers,0.7322181349692707,0,1,0,0.0,0
26319,309,1,2049.0982,309.0,6,Declining Frequent Buyers,0.7318476378548741,0,1,0,0.0,0
26320,335,1,2071.4196,335.0,6,Declining Frequent Buyers,0.7237179938241276,0,1,0,0.0,0
26321,286,1,1000.4375,286.0,2,Inactive Minimal Buyers,0.7310470753282432,0,1,0,0.0,0
26351,281,1,2049.0982,281.0,6,Declining Frequent Buyers,0.7410647347627434,0,1,0,0.0,0
26344,284,1,2049.0982,284.0,6,Declining Frequent Buyers,0.7400550955596891,0,1,0,0.0,0
26343,300,1,2049.0982,300.0,6,Declining Frequent Buyers,0.7347612752096929,0,1,0,0.0,0
26342,288,1,2071.4196,288.0,6,Declining Frequent Buyers,0.7387664096152551,0,1,0,0.0,0
26339,287,1,2071.4196,287.0,6,Declining Frequent Buyers,0.7390999119745258,0,1,0,0.0,0
26338,293,1,2049.0982,293.0,6,Declining Frequent Buyers,0.7370588711210868,0,1,0,0.0,0
26331,288,1,2049.0982,288.0,6,Declining Frequent Buyers,0.7387174604342317,0,1,0,0.0,0
26330,301,1,2071.4196,301.0,6,Declining Frequent Buyers,0.7344842717955613,0,1,0,0.0,0
26329,300,1,2049.0982,300.0,6,Declining Frequent Buyers,0.7347612752096929,0,1,0,0.0,0
26328,289,1,2049.0982,289.0,6,Declining Frequent Buyers,0.7383845570611555,0,1,0,0.0,0
26327,315,1,2049.0982,315.0,6,Declining Frequent Buyers,0.7299295659407873,0,1,0,0.0,0
26326,323,1,2049.0982,323.0,6,Declining Frequent Buyers,0.727401333796479,0,1,0,0.0,0
26325,310,1,2071.4196,310.0,6,Declining Frequent Buyers,0.7315755775285785,0,1,0,0.0,0
26324,327,1,2071.4196,327.0,6,Declining Frequent Buyers,0.7261983275759988,0,1,0,0.0,0
26322,313,1,2071.4196,313.0,6,Declining Frequent Buyers,0.7306157533835198,0,1,0,0.0,0
26299,349,1,2049.0982,349.0,6,Declining Frequent Buyers,0.7194011932397316,0,1,0,0.0,0
26298,353,1,2071.4196,353.0,6,Declining Frequent Buyers,0.7182471153267046,0,1,0,0.0,0
26297,342,1,2049.0982,342.0,6,Declining Frequent Buyers,0.721523805568954,0,1,0,0.0,0
26241,373,1,2071.4196,373.0,6,Declining Frequent Buyers,0.7123352693091446,0,1,0,0.0,0
26235,111,1,2181.5625,111.0,4,Frequent Low-Spend Customers,0.8103256557545366,0,0,0,0.0,0
26234,384,1,2049.0982,384.0,6,Declining Frequent Buyers,0.7091047177980625,0,1,0,0.0,0
26204,294,1,782.99,294.0,2,Inactive Minimal Buyers,0.725400557876499,0,1,0,0.0,0
26202,145,1,2181.5625,145.0,4,Frequent Low-Spend Customers,0.7936167706074988,0,1,0,0.0,0
26201,385,1,2071.4196,385.0,6,Declining Frequent Buyers,0.7088667858382276,0,1,0,0.0,0
26200,125,1,2181.5625,125.0,4,Frequent Low-Spend Customers,0.8031642023178331,0,1,0,0.0,0
26192,278,1,782.99,278.0,2,Inactive Minimal Buyers,0.7302882171151944,0,1,0,0.0,0
26191,276,1,782.99,276.0,2,Inactive Minimal Buyers,0.7309093091452689,0,1,0,0.0,0
26190,287,1,782.99,287.0,2,Inactive Minimal Buyers,0.7275215182843237,0,1,0,0.0,0
26189,275,1,782.99,275.0,2,Inactive Minimal Buyers,0.7312207288662308,0,1,0,0.0,0
26188,280,1,782.99,280.0,2,Inactive Minimal Buyers,0.72966943386715,0,1,0,0.0,0
26187,294,1,782.99,294.0,2,Inactive Minimal Buyers,0.725400557876499,0,1,0,0.0,0
26183,371,1,2071.4196,371.0,6,Declining Frequent Buyers,0.7129189422640637,0,0,0,0.0,0
26174,387,1,2071.4196,387.0,6,Declining Frequent Buyers,0.708294179617871,0,0,0,0.0,0
26167,277,1,782.99,277.0,2,Inactive Minimal Buyers,0.7305984729571147,0,1,0,0.0,0
26238,387,1,2049.0982,387.0,6,Declining Frequent Buyers,0.7082452304368476,0,1,0,0.0,0
26245,368,1,2071.4196,368.0,6,Declining Frequent Buyers,0.7137975169478186,0,1,0,0.0,0
26296,359,1,2071.4196,359.0,6,Declining Frequent Buyers,0.7164557404000529,0,1,0,0.0,0
26247,384,1,2049.0982,384.0,6,Declining Frequent Buyers,0.7091047177980625,0,1,0,0.0,0
26295,348,1,2049.0982,348.0,6,Declining Frequent Buyers,0.7197030645673893,0,1,0,0.0,0
26294,90,1,2443.35,90.0,4,Frequent Low-Spend Customers,0.8228068797634995,0,0,0,0.0,0
26293,366,1,2049.0982,366.0,6,Declining Frequent Buyers,0.7143363473734105,0,1,0,0.0,0
26292,341,1,2049.0982,341.0,6,Declining Frequent Buyers,0.721828866586456,0,1,0,0.0,0
26290,358,1,2071.4196,358.0,6,Declining Frequent Buyers,0.7167532197394049,0,1,0,0.0,0
26286,352,1,2049.0982,352.0,6,Declining Frequent Buyers,0.7184982580329714,0,1,0,0.0,0
26285,351,1,2071.4196,351.0,6,Declining Frequent Buyers,0.718847741083564,0,1,0,0.0,0
26283,363,1,2071.4196,363.0,6,Declining Frequent Buyers,0.7152700949558549,0,1,0,0.0,0
26281,354,1,2071.4196,354.0,6,Declining Frequent Buyers,0.7179474635258981,0,1,0,0.0,0
26280,355,1,2049.0982,355.0,6,Declining Frequent Buyers,0.7175993007482019,0,1,0,0.0,0
26279,66,1,2181.5625,66.0,4,Frequent Low-Spend Customers,0.8372326869847525,0,0,0,0.0,0
26277,351,1,2071.4196,351.0,6,Declining Frequent Buyers,0.718847741083564,0,1,0,0.0,0
26276,368,1,2049.0982,368.0,6,Declining Frequent Buyers,0.7137485677667952,0,1,0,0.0,0
26252,389,1,2049.0982,389.0,6,Declining Frequent Buyers,0.7076741555871537,0,1,0,0.0,0
26249,386,1,2071.4196,386.0,6,Declining Frequent Buyers,0.708580290555832,0,0,0,0.0,0
26373,284,1,1000.4375,284.0,2,Inactive Minimal Buyers,0.7316590800134555,0,1,0,0.0,0
26381,9,1,2520.83,9.0,4,Frequent Low-Spend Customers,0.8958174839975224,0,0,0,0.0,0
26614,227,1,2049.0982,227.0,6,Declining Frequent Buyers,0.7602949970783812,0,1,0,0.0,0
26562,231,1,782.99,231.0,2,Inactive Minimal Buyers,0.745555106878668,0,1,0,0.0,0
26575,264,1,2049.0982,264.0,6,Declining Frequent Buyers,0.746894483385882,0,1,0,0.0,0
26572,90,1,1000.4375,90.0,8,Recent Low-Value Customers,0.7822248721813198,0,0,0,0.0,0
26571,229,1,782.99,229.0,2,Inactive Minimal Buyers,0.7462389287740006,0,1,0,0.0,0
26570,225,1,782.99,225.0,2,Inactive Minimal Buyers,0.7476159027309395,0,1,0,0.0,0
26569,228,1,782.99,228.0,2,Inactive Minimal Buyers,0.7465819982576883,0,1,0,0.0,0
26568,228,1,782.99,228.0,2,Inactive Minimal Buyers,0.7465819982576883,0,1,0,0.0,0
26563,214,1,782.99,214.0,2,Inactive Minimal Buyers,0.7514692336607197,0,1,0,0.0,0
26561,231,1,782.99,231.0,2,Inactive Minimal Buyers,0.745555106878668,0,1,0,0.0,0
26382,3,1,2443.35,3.0,4,Frequent Low-Spend Customers,0.9093194878929896,0,0,0,0.0,0
26560,233,1,782.99,233.0,2,Inactive Minimal Buyers,0.7448743407807832,0,1,0,0.0,0
26549,218,1,782.99,218.0,2,Inactive Minimal Buyers,0.7500564261235432,0,1,0,0.0,0
26548,220,1,782.99,220.0,2,Inactive Minimal Buyers,0.7493550492452531,0,1,0,0.0,0
26547,225,1,782.99,225.0,2,Inactive Minimal Buyers,0.7476159027309395,0,1,0,0.0,0
26546,273,1,2071.4196,273.0,6,Declining Frequent Buyers,0.7438336620666721,0,1,0,0.0,0
26545,260,1,2071.4196,260.0,6,Declining Frequent Buyers,0.7483431543079209,0,1,0,0.0,0
26540,245,1,2049.0982,245.0,6,Declining Frequent Buyers,0.7536450275016505,0,1,0,0.0,0
26579,251,1,2049.0982,251.0,6,Declining Frequent Buyers,0.7514848971476241,0,1,0,0.0,0
26581,252,1,2071.4196,252.0,6,Declining Frequent Buyers,0.7511764325669866,0,1,0,0.0,0
26582,69,1,1000.4375,69.0,8,Recent Low-Value Customers,0.7921485503209187,0,0,0,0.0,0
26585,243,1,782.99,243.0,2,Inactive Minimal Buyers,0.7415149902738578,0,1,0,0.0,0
26611,237,1,2071.4196,237.0,6,Declining Frequent Buyers,0.7566171850938884,0,1,0,0.0,0
26610,222,1,2071.4196,222.0,6,Declining Frequent Buyers,0.7622391869467678,0,1,0,0.0,0
26609,226,1,2071.4196,226.0,6,Declining Frequent Buyers,0.7607212536598486,0,1,0,0.0,0
26608,219,1,2071.4196,219.0,6,Declining Frequent Buyers,0.763386942431712,0,1,0,0.0,0
26607,221,1,2071.4196,221.0,6,Declining Frequent Buyers,0.7626208757804593,0,1,0,0.0,0
26606,235,1,2049.0982,235.0,6,Declining Frequent Buyers,0.7573069828957092,0,1,0,0.0,0
26604,230,1,2049.0982,230.0,6,Declining Frequent Buyers,0.7591682047398629,0,1,0,0.0,0
26603,235,1,2049.0982,235.0,6,Declining Frequent Buyers,0.7573069828957092,0,1,0,0.0,0
26602,235,1,2049.0982,235.0,6,Declining Frequent Buyers,0.7573069828957092,0,1,0,0.0,0
26601,256,1,2071.4196,256.0,6,Declining Frequent Buyers,0.7497540657306001,0,1,0,0.0,0
26600,259,1,2049.0982,259.0,6,Declining Frequent Buyers,0.7486458737459936,0,1,0,0.0,0
26591,195,1,782.99,195.0,8,Recent Low-Value Customers,0.7374303367633307,0,1,0,0.0,0
26589,185,1,782.99,185.0,8,Recent Low-Value Customers,0.7404403576421502,0,1,0,0.0,0
26588,204,1,782.99,204.0,2,Inactive Minimal Buyers,0.7550621639914626,0,1,0,0.0,0
26587,237,1,782.99,237.0,2,Inactive Minimal Buyers,0.7435218184219349,0,1,0,0.0,0
26539,262,1,2049.0982,262.0,6,Declining Frequent Buyers,0.7475929617548465,0,1,0,0.0,0
26538,255,1,2071.4196,255.0,6,Declining Frequent Buyers,0.7501085728854248,0,1,0,0.0,0
26537,256,1,2049.0982,256.0,6,Declining Frequent Buyers,0.7497051165495767,0,1,0,0.0,0
26482,254,1,1000.4375,254.0,2,Inactive Minimal Buyers,0.7411216941805499,0,0,0,0.0,0
26447,238,1,782.99,238.0,2,Inactive Minimal Buyers,0.743185536846491,0,1,0,0.0,0
26445,255,1,782.99,255.0,2,Inactive Minimal Buyers,0.7375768435331418,0,1,0,0.0,0
26444,252,1,782.99,252.0,2,Inactive Minimal Buyers,0.7385522279604679,0,1,0,0.0,0
26443,258,1,782.99,258.0,2,Inactive Minimal Buyers,0.7366073795349497,0,1,0,0.0,0
26442,270,1,782.99,270.0,2,Inactive Minimal Buyers,0.7327866940524733,0,1,0,0.0,0
26440,257,1,782.99,257.0,2,Inactive Minimal Buyers,0.7369298828515048,0,1,0,0.0,0
26439,270,1,782.99,270.0,2,Inactive Minimal Buyers,0.7327866940524733,0,1,0,0.0,0
26438,263,1,782.99,263.0,2,Inactive Minimal Buyers,0.735004481885851,0,1,0,0.0,0
26437,248,1,782.99,248.0,2,Inactive Minimal Buyers,0.7398621355051936,0,1,0,0.0,0
26436,269,1,782.99,269.0,2,Inactive Minimal Buyers,0.7331016835453298,0,1,0,0.0,0
26435,248,1,782.99,248.0,2,Inactive Minimal Buyers,0.7398621355051936,0,1,0,0.0,0
26433,264,1,782.99,264.0,2,Inactive Minimal Buyers,0.7346858002338291,0,1,0,0.0,0
26429,246,1,782.99,246.0,2,Inactive Minimal Buyers,0.7405211893838329,0,1,0,0.0,0
26423,251,1,782.99,251.0,2,Inactive Minimal Buyers,0.7388786901570049,0,1,0,0.0,0
26422,257,1,782.99,257.0,2,Inactive Minimal Buyers,0.7369298828515048,0,1,0,0.0,0
26481,285,1,2071.4196,285.0,6,Declining Frequent Buyers,0.7397687263322026,0,0,0,0.0,0
26484,276,1,2071.4196,276.0,6,Declining Frequent Buyers,0.7428088960105789,0,1,0,0.0,0
26536,264,1,2071.4196,264.0,6,Declining Frequent Buyers,0.7469434325669054,0,1,0,0.0,0
26485,303,1,2071.4196,303.0,6,Declining Frequent Buyers,0.7338340445406428,0,1,0,0.0,0
26533,153,1,1000.4375,153.0,8,Recent Low-Value Customers,0.7581279398643697,0,1,0,0.0,0
26530,251,1,2049.0982,251.0,6,Declining Frequent Buyers,0.7514848971476241,0,1,0,0.0,0
26529,192,1,1000.4375,192.0,8,Recent Low-Value Customers,0.7457684104431976,0,1,0,0.0,0
26512,237,1,1000.4375,237.0,2,Inactive Minimal Buyers,0.7467422039714455,0,0,0,0.0,0
26511,253,1,2071.4196,253.0,6,Declining Frequent Buyers,0.7508197519864908,0,1,0,0.0,0
26510,251,1,2071.4196,251.0,6,Declining Frequent Buyers,0.7515338463286474,0,1,0,0.0,0
26509,255,1,2049.0982,255.0,6,Declining Frequent Buyers,0.7500596237044014,0,1,0,0.0,0
26504,229,1,1000.4375,229.0,2,Inactive Minimal Buyers,0.7494593143235113,0,0,0,0.0,0
26503,240,1,1000.4375,240.0,2,Inactive Minimal Buyers,0.7457355452166461,0,0,0,0.0,0
26499,257,1,2071.4196,257.0,6,Declining Frequent Buyers,0.7494002744872538,0,1,0,0.0,0
26496,248,1,1000.4375,248.0,2,Inactive Minimal Buyers,0.7430825210547044,0,0,0,0.0,0
26491,265,1,2049.0982,265.0,6,Declining Frequent Buyers,0.7465462711641327,0,1,0,0.0,0
26490,290,1,2049.0982,290.0,6,Declining Frequent Buyers,0.7380522495385418,0,1,0,0.0,0
26487,288,1,2049.0982,288.0,6,Declining Frequent Buyers,0.7387174604342317,0,1,0,0.0,0
26486,280,1,2049.0982,280.0,6,Declining Frequent Buyers,0.7414025201754331,0,1,0,0.0,0
26120,371,1,2071.4196,371.0,6,Declining Frequent Buyers,0.7129189422640637,0,1,0,0.0,0
11000,11,2,5741.959999999999,730.0,1,High Value but Cooling,0.8680623655556177,0,1,0,0.0,0
19437,19,2,3480.3775,150.0,1,High Value but Cooling,0.8425511510988754,0,0,0,0.0,0
13258,755,1,3578.27,755.0,0,Active Minimal Buyers,0.6150501818102683,0,1,0,0.0,0
13274,364,1,2443.35,364.0,6,Declining Frequent Buyers,0.7157118611984283,0,1,0,0.0,0
13273,339,1,2181.5625,339.0,6,Declining Frequent Buyers,0.7227223881432084,0,1,0,0.0,0
13269,352,1,2181.5625,352.0,6,Declining Frequent Buyers,0.7187802641970976,0,1,0,0.0,0
13265,749,1,3578.27,749.0,0,Active Minimal Buyers,0.6163262979386619,0,1,0,0.0,0
13264,757,1,3578.27,757.0,0,Active Minimal Buyers,0.6146259797602771,0,1,0,0.0,0
13263,443,1,3578.27,443.0,0,Active Minimal Buyers,0.690404047952186,0,1,0,0.0,0
13261,752,1,3578.27,752.0,0,Active Minimal Buyers,0.6156875795418789,0,1,0,0.0,0
13260,743,1,3578.27,743.0,0,Active Minimal Buyers,0.6176077289511968,0,1,0,0.0,0
13259,737,1,3578.27,737.0,0,Active Minimal Buyers,0.6188945401156702,0,1,0,0.0,0
13257,747,1,3578.27,747.0,0,Active Minimal Buyers,0.6167528478708757,0,1,0,0.0,0
13243,359,1,2181.5625,359.0,6,Declining Frequent Buyers,0.7166887973831557,0,1,0,0.0,0
13256,47,1,2071.4196,47.0,4,Frequent Low-Spend Customers,0.8510886075465524,0,1,0,0.0,0
13255,58,1,2049.0982,58.0,4,Frequent Low-Spend Customers,0.8424787175445083,0,1,0,0.0,0
13254,49,1,2049.0982,49.0,4,Frequent Low-Spend Customers,0.8493891427768366,0,1,0,0.0,0
13253,88,1,2071.4196,88.0,4,Frequent Low-Spend Customers,0.8228157366233206,0,1,0,0.0,0
13252,80,1,2071.4196,80.0,4,Frequent Low-Spend Customers,0.827688874487264,0,1,0,0.0,0
13251,89,1,2049.0982,89.0,4,Frequent Low-Spend Customers,0.8221449488538176,0,1,0,0.0,0
13250,344,1,2181.5625,344.0,6,Declining Frequent Buyers,0.7211970727907119,0,1,0,0.0,0
13248,365,1,2181.5625,365.0,6,Declining Frequent Buyers,0.7149128674082149,0,1,0,0.0,0
13247,351,1,2181.5625,351.0,6,Declining Frequent Buyers,0.7190807980666668,0,1,0,0.0,0
13277,348,1,2181.5625,348.0,6,Declining Frequent Buyers,0.7199850707315155,0,1,0,0.0,0
13278,338,1,2181.5625,338.0,6,Declining Frequent Buyers,0.7230288466699638,0,1,0,0.0,0
13279,362,1,2181.5625,362.0,6,Declining Frequent Buyers,0.7157989260968208,0,1,0,0.0,0
13280,342,1,2181.5625,342.0,6,Declining Frequent Buyers,0.7218058117330802,0,1,0,0.0,0
13348,359,1,2181.5625,359.0,6,Declining Frequent Buyers,0.7166887973831557,0,1,0,0.0,0
13346,346,1,2181.5625,346.0,6,Declining Frequent Buyers,0.7205901644597905,0,1,0,0.0,0
13340,346,1,2181.5625,346.0,6,Declining Frequent Buyers,0.7205901644597905,0,1,0,0.0,0
13329,353,1,2443.35,353.0,6,Declining Frequent Buyers,0.7189842338805016,0,1,0,0.0,0
13326,360,1,2181.5625,360.0,6,Declining Frequent Buyers,0.7163917470332729,0,1,0,0.0,0
13325,360,1,2181.5625,360.0,6,Declining Frequent Buyers,0.7163917470332729,0,1,0,0.0,0
13324,357,1,2181.5625,357.0,6,Declining Frequent Buyers,0.7172841868684122,0,1,0,0.0,0
13319,362,1,2181.5625,362.0,6,Declining Frequent Buyers,0.7157989260968208,0,1,0,0.0,0
13316,340,1,2181.5625,340.0,6,Declining Frequent Buyers,0.7224163975312426,0,1,0,0.0,0
13315,339,1,2181.5625,339.0,6,Declining Frequent Buyers,0.7227223881432084,0,1,0,0.0,0
13314,348,1,2443.35,348.0,6,Declining Frequent Buyers,0.7204891323022097,0,1,0,0.0,0
13304,338,1,2181.5625,338.0,6,Declining Frequent Buyers,0.7230288466699638,0,1,0,0.0,0
13299,339,1,2443.35,339.0,6,Declining Frequent Buyers,0.7232264497139026,0,1,0,0.0,0
13298,345,1,2181.5625,345.0,6,Declining Frequent Buyers,0.7208933908048347,0,1,0,0.0,0
13292,346,1,2181.5625,346.0,6,Declining Frequent Buyers,0.7205901644597905,0,1,0,0.0,0
13288,338,1,2181.5625,338.0,6,Declining Frequent Buyers,0.7230288466699638,0,1,0,0.0,0
13287,353,1,2443.35,353.0,6,Declining Frequent Buyers,0.7189842338805016,0,1,0,0.0,0
13286,354,1,2181.5625,354.0,6,Declining Frequent Buyers,0.7181805205090009,0,1,0,0.0,0
13283,359,1,2181.5625,359.0,6,Declining Frequent Buyers,0.7166887973831557,0,1,0,0.0,0
13246,366,1,2443.35,366.0,6,Declining Frequent Buyers,0.7151224151082308,0,1,0,0.0,0
13238,358,1,2181.5625,358.0,6,Declining Frequent Buyers,0.7169862767225077,0,1,0,0.0,0
14334,189,1,1000.4375,189.0,8,Recent Low-Value Customers,0.7466701170013427,0,1,0,0.0,0
13132,235,1,2049.0982,235.0,6,Declining Frequent Buyers,0.7573069828957092,0,1,0,0.0,0
13161,386,1,2181.5625,386.0,6,Declining Frequent Buyers,0.7088133475389349,0,1,0,0.0,0
13160,219,1,2071.4196,219.0,6,Declining Frequent Buyers,0.763386942431712,0,1,0,0.0,0
13156,225,1,2071.4196,225.0,6,Declining Frequent Buyers,0.7610994255767372,0,1,0,0.0,0
13152,381,1,2181.5625,381.0,6,Declining Frequent Buyers,0.7102496978250877,0,1,0,0.0,0
13142,395,1,2443.35,395.0,6,Declining Frequent Buyers,0.7067560685859409,0,1,0,0.0,0
13139,234,1,2071.4196,234.0,6,Declining Frequent Buyers,0.7577265253363012,0,1,0,0.0,0
13135,235,1,2049.0982,235.0,6,Declining Frequent Buyers,0.7573069828957092,0,1,0,0.0,0
13134,226,1,2049.0982,226.0,6,Declining Frequent Buyers,0.7606723044788252,0,1,0,0.0,0
13133,229,1,2049.0982,229.0,6,Declining Frequent Buyers,0.7595429528696239,0,1,0,0.0,0
13131,220,1,2049.0982,220.0,6,Declining Frequent Buyers,0.7629545097090769,0,1,0,0.0,0
13237,348,1,2181.5625,348.0,6,Declining Frequent Buyers,0.7199850707315155,0,1,0,0.0,0
13130,218,1,2049.0982,218.0,6,Declining Frequent Buyers,0.7637223834508783,0,1,0,0.0,0
13129,225,1,2049.0982,225.0,6,Declining Frequent Buyers,0.7610504763957138,0,1,0,0.0,0
13128,214,1,2049.0982,214.0,6,Declining Frequent Buyers,0.7652691379042925,0,1,0,0.0,0
13126,236,1,2049.0982,236.0,6,Declining Frequent Buyers,0.7569372045546218,0,1,0,0.0,0
13123,229,1,2049.0982,229.0,6,Declining Frequent Buyers,0.7595429528696239,0,1,0,0.0,0
13122,231,1,2071.4196,231.0,6,Declining Frequent Buyers,0.7588432476627597,0,1,0,0.0,0
13119,232,1,2071.4196,232.0,6,Declining Frequent Buyers,0.7584701777684221,0,1,0,0.0,0
13118,221,1,2049.0982,221.0,6,Declining Frequent Buyers,0.7625719265994361,0,1,0,0.0,0
13117,241,1,2049.0982,241.0,6,Declining Frequent Buyers,0.7551003558708891,0,1,0,0.0,0
13165,381,1,2181.5625,381.0,6,Declining Frequent Buyers,0.7102496978250877,0,1,0,0.0,0
13173,386,1,2181.5625,386.0,6,Declining Frequent Buyers,0.7088133475389349,0,1,0,0.0,0
13174,378,1,2181.5625,378.0,6,Declining Frequent Buyers,0.711116199881437,0,1,0,0.0,0
13176,367,1,2443.35,367.0,6,Declining Frequent Buyers,0.7148283178554877,0,1,0,0.0,0
13233,345,1,2181.5625,345.0,6,Declining Frequent Buyers,0.7208933908048347,0,1,0,0.0,0
13230,381,1,2443.35,381.0,6,Declining Frequent Buyers,0.7107537593957819,0,1,0,0.0,0
13226,391,1,2181.5625,391.0,6,Declining Frequent Buyers,0.7073866063549328,0,1,0,0.0,0
13225,386,1,2181.5625,386.0,6,Declining Frequent Buyers,0.7088133475389349,0,1,0,0.0,0
13224,373,1,2181.5625,373.0,6,Declining Frequent Buyers,0.7125683262922474,0,1,0,0.0,0
13221,377,1,2443.35,377.0,6,Declining Frequent Buyers,0.7119098868394519,0,1,0,0.0,0
13220,395,1,2181.5625,395.0,6,Declining Frequent Buyers,0.7062520070152467,0,1,0,0.0,0
13214,384,1,2181.5625,384.0,6,Declining Frequent Buyers,0.7093867239621887,0,1,0,0.0,0
13212,368,1,2181.5625,368.0,6,Declining Frequent Buyers,0.7140305739309214,0,1,0,0.0,0
13210,395,1,2181.5625,395.0,6,Declining Frequent Buyers,0.7062520070152467,0,1,0,0.0,0
13208,395,1,2443.35,395.0,6,Declining Frequent Buyers,0.7067560685859409,0,1,0,0.0,0
13205,376,1,2443.35,376.0,6,Declining Frequent Buyers,0.712199910562169,0,1,0,0.0,0
13203,367,1,2181.5625,367.0,6,Declining Frequent Buyers,0.7143242562847936,0,1,0,0.0,0
13202,387,1,2181.5625,387.0,6,Declining Frequent Buyers,0.7085272366009738,0,1,0,0.0,0
13199,1,1,22.93,1.0,5,Champions,0.34732090109640085,0,1,0,0.0,0
13190,385,1,2181.5625,385.0,6,Declining Frequent Buyers,0.7090998428213304,0,1,0,0.0,0
13189,375,1,2443.35,375.0,6,Declining Frequent Buyers,0.7124903342269102,0,1,0,0.0,0
13178,385,1,2181.5625,385.0,6,Declining Frequent Buyers,0.7090998428213304,0,1,0,0.0,0
13177,368,1,2181.5625,368.0,6,Declining Frequent Buyers,0.7140305739309214,0,1,0,0.0,0
13351,345,1,2181.5625,345.0,6,Declining Frequent Buyers,0.7208933908048347,0,1,0,0.0,0
13353,342,1,2181.5625,342.0,6,Declining Frequent Buyers,0.7218058117330802,0,1,0,0.0,0
13354,339,1,2181.5625,339.0,6,Declining Frequent Buyers,0.7227223881432084,0,1,0,0.0,0
13515,718,1,3578.27,718.0,0,Active Minimal Buyers,0.6230057015240452,0,1,0,0.0,0
13527,205,1,2049.0982,205.0,6,Declining Frequent Buyers,0.7688049308865575,0,1,0,0.0,0
13526,198,1,2071.4196,198.0,6,Declining Frequent Buyers,0.7716598006099665,0,1,0,0.0,0
13525,237,1,2071.4196,237.0,6,Declining Frequent Buyers,0.7566171850938884,0,1,0,0.0,0
13524,223,1,2071.4196,223.0,6,Declining Frequent Buyers,0.7618583863024763,0,1,0,0.0,0
13521,221,1,2071.4196,221.0,6,Declining Frequent Buyers,0.7626208757804593,0,1,0,0.0,0
13520,226,1,2071.4196,226.0,6,Declining Frequent Buyers,0.7607212536598486,0,1,0,0.0,0
13519,30,2,4492.4482,187.0,1,High Value but Cooling,0.8452081167643086,0,0,0,0.0,0
13518,226,1,2049.0982,226.0,6,Declining Frequent Buyers,0.7606723044788252,0,1,0,0.0,0
13517,38,1,2049.0982,38.0,4,Frequent Low-Spend Customers,0.8587837651857599,0,1,0,0.0,0
13514,712,1,3578.27,712.0,0,Active Minimal Buyers,0.6243156628574787,0,1,0,0.0,0
13355,352,1,2181.5625,352.0,6,Declining Frequent Buyers,0.7187802641970976,0,1,0,0.0,0
13513,759,1,3578.27,759.0,0,Active Minimal Buyers,0.6142023587977602,0,1,0,0.0,0
13511,423,1,3578.27,423.0,0,Active Minimal Buyers,0.6960680448622941,0,1,0,0.0,0
13504,441,1,3578.27,441.0,0,Active Minimal Buyers,0.690964401244772,0,1,0,0.0,0
13492,245,1,2181.5625,245.0,6,Declining Frequent Buyers,0.7539270336657767,0,1,0,0.0,0
13487,245,1,2181.5625,245.0,6,Declining Frequent Buyers,0.7539270336657767,0,1,0,0.0,0
13484,262,1,2443.35,262.0,6,Declining Frequent Buyers,0.7483790294896667,0,1,0,0.0,0
13482,302,1,2181.5625,302.0,6,Declining Frequent Buyers,0.734391936431041,0,1,0,0.0,0
13478,291,1,2443.35,291.0,6,Declining Frequent Buyers,0.7385066024926049,0,1,0,0.0,0
13477,276,1,2181.5625,276.0,6,Declining Frequent Buyers,0.7430419529936817,0,1,0,0.0,0
13528,203,1,2071.4196,203.0,6,Declining Frequent Buyers,0.7696504486244623,0,1,0,0.0,0
13529,197,1,2071.4196,197.0,6,Declining Frequent Buyers,0.7720648071503784,0,1,0,0.0,0
13536,402,1,3578.27,402.0,0,Active Minimal Buyers,0.7021667296936543,0,1,0,0.0,0
13538,705,1,3578.27,705.0,0,Active Minimal Buyers,0.6258512104765608,0,1,0,0.0,0
13562,37,1,2049.0982,37.0,4,Frequent Low-Spend Customers,0.8597027238324549,0,1,0,0.0,0
13561,61,1,2049.0982,61.0,4,Frequent Low-Spend Customers,0.8402986844089759,0,1,0,0.0,0
13560,682,1,3578.27,682.0,0,Active Minimal Buyers,0.6309530714117324,0,1,0,0.0,0
13559,703,1,3578.27,703.0,0,Active Minimal Buyers,0.6262913897189344,0,1,0,0.0,0
13558,410,1,3578.27,410.0,0,Active Minimal Buyers,0.6998243869578158,0,1,0,0.0,0
13557,45,1,2071.4196,45.0,4,Frequent Low-Spend Customers,0.8527456445197586,0,1,0,0.0,0
13556,407,1,3578.27,407.0,0,Active Minimal Buyers,0.7006999658569477,0,1,0,0.0,0
13555,402,1,3578.27,402.0,0,Active Minimal Buyers,0.7021667296936543,0,1,0,0.0,0
13554,49,1,2071.4196,49.0,4,Frequent Low-Spend Customers,0.8494670674830239,0,1,0,0.0,0
13553,60,1,2071.4196,60.0,4,Frequent Low-Spend Customers,0.8410970720005198,0,1,0,0.0,0
13552,402,1,3578.27,402.0,0,Active Minimal Buyers,0.7021667296936543,0,1,0,0.0,0
13551,56,1,2049.0982,56.0,4,Frequent Low-Spend Customers,0.843964226211931,0,1,0,0.0,0
13548,728,1,3578.27,728.0,0,Active Minimal Buyers,0.6208349907272588,0,1,0,0.0,0
13546,731,1,3578.27,731.0,0,Active Minimal Buyers,0.6201867980396876,0,1,0,0.0,0
13545,718,1,3578.27,718.0,0,Active Minimal Buyers,0.6230057015240452,0,1,0,0.0,0
13543,703,1,3578.27,703.0,0,Active Minimal Buyers,0.6262913897189344,0,1,0,0.0,0
13542,703,1,3578.27,703.0,0,Active Minimal Buyers,0.6262913897189344,0,1,0,0.0,0
13541,701,1,3578.27,701.0,0,Active Minimal Buyers,0.6267322191106315,0,1,0,0.0,0
13540,720,1,3578.27,720.0,0,Active Minimal Buyers,0.6225703106157087,0,1,0,0.0,0
13468,280,1,2181.5625,280.0,6,Declining Frequent Buyers,0.7416845263395593,0,1,0,0.0,0
13464,285,1,2181.5625,285.0,6,Declining Frequent Buyers,0.7400017833153054,0,1,0,0.0,0
13462,286,1,2181.5625,286.0,6,Declining Frequent Buyers,0.7396670734662834,0,1,0,0.0,0
13408,46,1,2049.0982,46.0,4,Frequent Low-Spend Customers,0.8518346218469888,0,1,0,0.0,0
13406,732,1,3578.27,732.0,0,Active Minimal Buyers,0.6199710406039542,0,1,0,0.0,0
13405,455,1,3578.27,455.0,0,Active Minimal Buyers,0.687069125625617,0,1,0,0.0,0
13404,44,1,2049.0982,44.0,4,Frequent Low-Spend Customers,0.8535102810517547,0,1,0,0.0,0
13403,341,1,2181.5625,341.0,6,Declining Frequent Buyers,0.7221108727505822,0,1,0,0.0,0
13402,342,1,2443.35,342.0,6,Declining Frequent Buyers,0.7223098733037744,0,1,0,0.0,0
13401,336,1,2443.35,336.0,6,Declining Frequent Buyers,0.7241472374501187,0,1,0,0.0,0
13400,338,1,2181.5625,338.0,6,Declining Frequent Buyers,0.7230288466699638,0,1,0,0.0,0
13385,341,1,2181.5625,341.0,6,Declining Frequent Buyers,0.7221108727505822,0,1,0,0.0,0
13384,360,1,2181.5625,360.0,6,Declining Frequent Buyers,0.7163917470332729,0,1,0,0.0,0
13383,364,1,2181.5625,364.0,6,Declining Frequent Buyers,0.7152077996277342,0,1,0,0.0,0
13382,352,1,2181.5625,352.0,6,Declining Frequent Buyers,0.7187802641970976,0,1,0,0.0,0
13380,363,1,2443.35,363.0,6,Declining Frequent Buyers,0.7160072135096519,0,1,0,0.0,0
13378,364,1,2181.5625,364.0,6,Declining Frequent Buyers,0.7152077996277342,0,1,0,0.0,0
13369,362,1,2443.35,362.0,6,Declining Frequent Buyers,0.716302987667515,0,1,0,0.0,0
13367,337,1,2181.5625,337.0,6,Declining Frequent Buyers,0.7233357752104894,0,1,0,0.0,0
13362,360,1,2181.5625,360.0,6,Declining Frequent Buyers,0.7163917470332729,0,1,0,0.0,0
13361,339,1,2443.35,339.0,6,Declining Frequent Buyers,0.7232264497139026,0,1,0,0.0,0
13359,365,1,2181.5625,365.0,6,Declining Frequent Buyers,0.7149128674082149,0,1,0,0.0,0
13357,359,1,2181.5625,359.0,6,Declining Frequent Buyers,0.7166887973831557,0,1,0,0.0,0
13407,33,1,2049.0982,33.0,4,Frequent Low-Spend Customers,0.8635104987101128,0,1,0,0.0,0
13411,53,1,2071.4196,53.0,4,Frequent Low-Spend Customers,0.8463221375142176,0,1,0,0.0,0
13461,305,1,2181.5625,305.0,6,Declining Frequent Buyers,0.7334190929172848,0,1,0,0.0,0
13419,354,1,2181.5625,354.0,6,Declining Frequent Buyers,0.7181805205090009,0,1,0,0.0,0
13456,290,1,2181.5625,290.0,6,Declining Frequent Buyers,0.738334255702668,0,1,0,0.0,0
13453,296,1,2181.5625,296.0,6,Declining Frequent Buyers,0.7363527512027995,0,1,0,0.0,0
13452,305,1,2443.35,305.0,6,Declining Frequent Buyers,0.733923154487979,0,1,0,0.0,0
13450,276,1,2443.35,276.0,6,Declining Frequent Buyers,0.7435460145643759,0,1,0,0.0,0
13449,323,1,2181.5625,323.0,6,Declining Frequent Buyers,0.7276833399606052,0,1,0,0.0,0
13447,309,1,2181.5625,309.0,6,Declining Frequent Buyers,0.7321296440190003,0,1,0,0.0,0
13446,334,1,2181.5625,334.0,6,Declining Frequent Buyers,0.7242594021403564,0,1,0,0.0,0
13443,325,1,2181.5625,325.0,6,Declining Frequent Buyers,0.7270563646763031,0,1,0,0.0,0
13442,317,1,2181.5625,317.0,6,Declining Frequent Buyers,0.7295764257365835,0,1,0,0.0,0
13438,333,1,2181.5625,333.0,6,Declining Frequent Buyers,0.7245682320414074,0,1,0,0.0,0
13436,323,1,2181.5625,323.0,6,Declining Frequent Buyers,0.7276833399606052,0,1,0,0.0,0
13435,318,1,2443.35,318.0,6,Declining Frequent Buyers,0.7297636923334977,0,1,0,0.0,0
13433,317,1,2181.5625,317.0,6,Declining Frequent Buyers,0.7295764257365835,0,1,0,0.0,0
13431,321,1,2181.5625,321.0,6,Declining Frequent Buyers,0.7283123291564996,0,1,0,0.0,0
13429,324,1,2181.5625,324.0,6,Declining Frequent Buyers,0.7273696017578475,0,1,0,0.0,0
13426,330,1,2181.5625,330.0,6,Declining Frequent Buyers,0.7254976150240955,0,1,0,0.0,0
13425,341,1,2443.35,341.0,6,Declining Frequent Buyers,0.7226149343212763,0,1,0,0.0,0
13424,362,1,2443.35,362.0,6,Declining Frequent Buyers,0.716302987667515,0,1,0,0.0,0
13420,343,1,2443.35,343.0,6,Declining Frequent Buyers,0.7220052739964647,0,1,0,0.0,0
13115,217,1,2049.0982,217.0,6,Declining Frequent Buyers,0.7641076866079732,0,1,0,0.0,0
13114,243,1,2071.4196,243.0,6,Declining Frequent Buyers,0.7544200915099465,0,1,0,0.0,0
13113,228,1,2071.4196,228.0,6,Declining Frequent Buyers,0.7599674976202924,0,1,0,0.0,0
12827,52,1,2071.4196,52.0,4,Frequent Low-Spend Customers,0.8470966975128361,0,1,0,0.0,0
12850,33,1,2071.4196,33.0,4,Frequent Low-Spend Customers,0.8635884234162999,0,1,0,0.0,0
12849,445,1,3578.27,445.0,0,Active Minimal Buyers,0.6898450044677437,0,1,0,0.0,0
12846,39,1,2071.4196,39.0,4,Frequent Low-Spend Customers,0.8579548932858707,0,1,0,0.0,0
12843,442,1,3578.27,442.0,0,Active Minimal Buyers,0.6906840603113358,0,1,0,0.0,0
12839,111,1,2049.0982,111.0,4,Frequent Low-Spend Customers,0.8098767157105337,0,1,0,0.0,0
12834,438,1,3578.27,438.0,0,Active Minimal Buyers,0.6918074068256602,0,1,0,0.0,0
12833,36,1,2049.0982,36.0,4,Frequent Low-Spend Customers,0.8606343343009615,0,1,0,0.0,0
12830,446,1,3578.27,446.0,0,Active Minimal Buyers,0.6895659711137985,0,1,0,0.0,0
12829,52,1,2049.0982,52.0,4,Frequent Low-Spend Customers,0.8470187728066488,0,1,0,0.0,0
12826,73,1,2071.4196,73.0,4,Frequent Low-Spend Customers,0.8321623860510619,0,1,0,0.0,0
12913,401,1,3578.27,401.0,0,Active Minimal Buyers,0.7024612149487257,0,1,0,0.0,0
12825,75,1,2049.0982,75.0,4,Frequent Low-Spend Customers,0.8307846740517978,0,1,0,0.0,0
12820,443,1,3578.27,443.0,0,Active Minimal Buyers,0.690404047952186,0,1,0,0.0,0
12819,451,1,3578.27,451.0,0,Active Minimal Buyers,0.6881756442153827,0,1,0,0.0,0
12816,71,1,2049.0982,71.0,4,Frequent Low-Spend Customers,0.8334026307401884,0,1,0,0.0,0
12813,88,1,2049.0982,88.0,4,Frequent Low-Spend Customers,0.8227378119171332,0,1,0,0.0,0
12808,113,1,2049.0982,113.0,4,Frequent Low-Spend Customers,0.8088262483891199,0,1,0,0.0,0
12807,81,1,2071.4196,81.0,4,Frequent Low-Spend Customers,0.8270664575620215,0,1,0,0.0,0
12806,72,1,2049.0982,72.0,4,Frequent Low-Spend Customers,0.8327412006874455,0,1,0,0.0,0
12805,463,1,3578.27,463.0,0,Active Minimal Buyers,0.6848711158896444,0,1,0,0.0,0
12852,55,1,2049.0982,55.0,4,Frequent Low-Spend Customers,0.8447171389066972,0,1,0,0.0,0
12854,120,1,2049.0982,120.0,4,Frequent Low-Spend Customers,0.8052230678869245,0,1,0,0.0,0
12855,115,1,2071.4196,115.0,4,Frequent Low-Spend Customers,0.8078632373103094,0,1,0,0.0,0
12856,116,1,2071.4196,116.0,4,Frequent Low-Spend Customers,0.8073462656287435,0,1,0,0.0,0
12904,404,1,3578.27,404.0,0,Active Minimal Buyers,0.7015788959228569,0,1,0,0.0,0
12901,421,1,3578.27,421.0,0,Active Minimal Buyers,0.6966420097653578,0,1,0,0.0,0
12898,416,1,3578.27,416.0,0,Active Minimal Buyers,0.6980831349382102,0,1,0,0.0,0
12886,409,1,3578.27,409.0,0,Active Minimal Buyers,0.7001158765431627,0,1,0,0.0,0
12885,416,1,3578.27,416.0,0,Active Minimal Buyers,0.6980831349382102,0,1,0,0.0,0
12884,422,1,3578.27,422.0,0,Active Minimal Buyers,0.6963548510795473,0,1,0,0.0,0
12883,413,1,3578.27,413.0,0,Active Minimal Buyers,0.6989521221260221,0,1,0,0.0,0
12882,408,1,3578.27,408.0,0,Active Minimal Buyers,0.7004077357182131,0,1,0,0.0,0
12881,410,1,3578.27,410.0,0,Active Minimal Buyers,0.6998243869578158,0,1,0,0.0,0
12874,77,1,2071.4196,77.0,4,Frequent Low-Spend Customers,0.8295804633460122,0,1,0,0.0,0
12873,84,1,2071.4196,84.0,4,Frequent Low-Spend Customers,0.8252225083748989,0,1,0,0.0,0
12867,49,1,2071.4196,49.0,4,Frequent Low-Spend Customers,0.8494670674830239,0,1,0,0.0,0
12866,445,1,3578.27,445.0,0,Active Minimal Buyers,0.6898450044677437,0,1,0,0.0,0
12863,52,1,2071.4196,52.0,4,Frequent Low-Spend Customers,0.8470966975128361,0,1,0,0.0,0
12861,71,1,2049.0982,71.0,4,Frequent Low-Spend Customers,0.8334026307401884,0,1,0,0.0,0
12860,74,1,2049.0982,74.0,4,Frequent Low-Spend Customers,0.8314323167244357,0,1,0,0.0,0
12859,119,1,2071.4196,119.0,4,Frequent Low-Spend Customers,0.8058089764282532,0,1,0,0.0,0
12858,44,1,2071.4196,44.0,4,Frequent Low-Spend Customers,0.853588205757942,0,1,0,0.0,0
12857,122,1,2049.0982,122.0,4,Frequent Low-Spend Customers,0.8042136024407319,0,1,0,0.0,0
12804,484,1,3578.27,484.0,0,Active Minimal Buyers,0.6791933137999562,0,1,0,0.0,0
12789,403,1,3578.27,403.0,0,Active Minimal Buyers,0.7018726238270449,0,1,0,0.0,0
12784,407,1,3578.27,407.0,0,Active Minimal Buyers,0.7006999658569477,0,1,0,0.0,0
12738,111,1,2049.0982,111.0,4,Frequent Low-Spend Customers,0.8098767157105337,0,1,0,0.0,0
12735,113,1,2049.0982,113.0,4,Frequent Low-Spend Customers,0.8088262483891199,0,1,0,0.0,0
12717,466,1,3578.27,466.0,0,Active Minimal Buyers,0.6840519432295391,0,1,0,0.0,0
12713,110,1,2071.4196,110.0,4,Frequent Low-Spend Customers,0.8104835291523347,0,1,0,0.0,0
12712,111,1,2049.0982,111.0,4,Frequent Low-Spend Customers,0.8098767157105337,0,1,0,0.0,0
12711,462,1,3578.27,462.0,0,Active Minimal Buyers,0.6851447846018333,0,1,0,0.0,0
12709,418,1,3578.27,418.0,0,Active Minimal Buyers,0.6975056133716295,0,1,0,0.0,0
12707,403,1,3578.27,403.0,0,Active Minimal Buyers,0.7018726238270449,0,1,0,0.0,0
12706,292,1,2071.4196,292.0,6,Declining Frequent Buyers,0.7374383588180995,0,1,0,0.0,0
12705,305,1,2049.0982,305.0,6,Declining Frequent Buyers,0.7331370867531586,0,1,0,0.0,0
12703,300,1,2049.0982,300.0,6,Declining Frequent Buyers,0.7347612752096929,0,1,0,0.0,0
12702,286,1,2049.0982,286.0,6,Declining Frequent Buyers,0.7393850673021571,0,1,0,0.0,0
12701,287,1,2071.4196,287.0,6,Declining Frequent Buyers,0.7390999119745258,0,1,0,0.0,0
12700,276,1,2071.4196,276.0,6,Declining Frequent Buyers,0.7428088960105789,0,1,0,0.0,0
12699,321,1,2049.0982,321.0,6,Declining Frequent Buyers,0.7280303229923734,0,1,0,0.0,0
12698,322,1,2071.4196,322.0,6,Declining Frequent Buyers,0.7277645246535676,0,1,0,0.0,0
12694,323,1,2049.0982,323.0,6,Declining Frequent Buyers,0.727401333796479,0,1,0,0.0,0
12693,333,1,2071.4196,333.0,6,Declining Frequent Buyers,0.7243351750583046,0,1,0,0.0,0
12689,312,1,2071.4196,312.0,6,Declining Frequent Buyers,0.7309351632992188,0,1,0,0.0,0
12688,327,1,2071.4196,327.0,6,Declining Frequent Buyers,0.7261983275759988,0,1,0,0.0,0
12736,113,1,2071.4196,113.0,4,Frequent Low-Spend Customers,0.8089041730953072,0,1,0,0.0,0
12742,67,1,2071.4196,67.0,4,Frequent Low-Spend Customers,0.8361752241182498,0,1,0,0.0,0
12780,405,1,3578.27,405.0,0,Active Minimal Buyers,0.7012855445639161,0,1,0,0.0,0
12745,108,1,2071.4196,108.0,4,Frequent Low-Spend Customers,0.8115487847297231,0,1,0,0.0,0
12779,425,1,3578.27,425.0,0,Active Minimal Buyers,0.6954954847913438,0,1,0,0.0,0
12777,419,1,3578.27,419.0,0,Active Minimal Buyers,0.6972173896300191,0,1,0,0.0,0
12774,406,1,3578.27,406.0,0,Active Minimal Buyers,0.7009925683418372,0,1,0,0.0,0
12773,399,1,3578.27,399.0,0,Active Minimal Buyers,0.7030513293732105,0,1,0,0.0,0
12772,419,1,3578.27,419.0,0,Active Minimal Buyers,0.6972173896300191,0,1,0,0.0,0
12771,417,1,3578.27,417.0,0,Active Minimal Buyers,0.6977941947074446,0,1,0,0.0,0
12770,408,1,3578.27,408.0,0,Active Minimal Buyers,0.7004077357182131,0,1,0,0.0,0
12769,403,1,3578.27,403.0,0,Active Minimal Buyers,0.7018726238270449,0,1,0,0.0,0
12768,414,1,3578.27,414.0,0,Active Minimal Buyers,0.6986620973269599,0,1,0,0.0,0
12766,405,1,3578.27,405.0,0,Active Minimal Buyers,0.7012855445639161,0,1,0,0.0,0
12764,410,1,3578.27,410.0,0,Active Minimal Buyers,0.6998243869578158,0,1,0,0.0,0
12762,404,1,3578.27,404.0,0,Active Minimal Buyers,0.7015788959228569,0,1,0,0.0,0
12761,403,1,3578.27,403.0,0,Active Minimal Buyers,0.7018726238270449,0,1,0,0.0,0
12756,408,1,3578.27,408.0,0,Active Minimal Buyers,0.7004077357182131,0,1,0,0.0,0
12755,413,1,3578.27,413.0,0,Active Minimal Buyers,0.6989521221260221,0,1,0,0.0,0
12754,481,1,3578.27,481.0,0,Active Minimal Buyers,0.679996498319842,0,1,0,0.0,0
12750,477,1,3578.27,477.0,0,Active Minimal Buyers,0.6810714618469995,0,1,0,0.0,0
12749,460,1,3578.27,460.0,0,Active Minimal Buyers,0.6856930447901411,0,1,0,0.0,0
12747,63,1,2049.0982,63.0,4,Frequent Low-Spend Customers,0.8388756506792147,0,1,0,0.0,0
12912,399,1,3578.27,399.0,0,Active Minimal Buyers,0.7030513293732105,0,1,0,0.0,0
12915,416,1,3578.27,416.0,0,Active Minimal Buyers,0.6980831349382102,0,1,0,0.0,0
13112,233,1,2049.0982,233.0,6,Declining Frequent Buyers,0.7580489896084972,0,1,0,0.0,0
13059,30,2,3089.7999999999997,364.0,1,High Value but Cooling,0.8307312150178493,0,0,0,0.0,0
13075,283,1,2071.4196,283.0,6,Declining Frequent Buyers,0.7404399749563151,0,1,0,0.0,0
13069,381,1,2181.5625,381.0,6,Declining Frequent Buyers,0.7102496978250877,0,1,0,0.0,0
13068,386,1,2181.5625,386.0,6,Declining Frequent Buyers,0.7088133475389349,0,1,0,0.0,0
13067,376,1,2443.35,376.0,6,Declining Frequent Buyers,0.712199910562169,0,1,0,0.0,0
13066,379,1,2443.35,379.0,6,Declining Frequent Buyers,0.711331032804253,0,1,0,0.0,0
13064,376,1,2181.5625,376.0,6,Declining Frequent Buyers,0.7116958489914749,0,1,0,0.0,0
13063,387,1,2443.35,387.0,6,Declining Frequent Buyers,0.709031298171668,0,1,0,0.0,0
13062,397,1,2181.5625,397.0,6,Declining Frequent Buyers,0.705686939991382,0,1,0,0.0,0
13060,391,1,2181.5625,391.0,6,Declining Frequent Buyers,0.7073866063549328,0,1,0,0.0,0
13058,9,2,3032.31,369.0,1,High Value but Cooling,0.8457421888927491,0,0,0,0.0,0
12917,405,1,3578.27,405.0,0,Active Minimal Buyers,0.7012855445639161,0,1,0,0.0,0
13057,389,1,2443.35,389.0,6,Declining Frequent Buyers,0.7084602233219741,0,1,0,0.0,0
13056,389,1,2443.35,389.0,6,Declining Frequent Buyers,0.7084602233219741,0,1,0,0.0,0
13055,382,1,2181.5625,382.0,6,Declining Frequent Buyers,0.7099616499250698,0,1,0,0.0,0
13051,293,1,2071.4196,293.0,6,Declining Frequent Buyers,0.7371078203021102,0,1,0,0.0,0
13050,285,1,2071.4196,285.0,6,Declining Frequent Buyers,0.7397687263322026,0,1,0,0.0,0
13049,282,1,2071.4196,282.0,6,Declining Frequent Buyers,0.7407765202554534,0,1,0,0.0,0
13039,395,1,2443.35,395.0,6,Declining Frequent Buyers,0.7067560685859409,0,1,0,0.0,0
13038,293,1,2071.4196,293.0,6,Declining Frequent Buyers,0.7371078203021102,0,1,0,0.0,0
13036,296,1,2049.0982,296.0,6,Declining Frequent Buyers,0.7360707450386733,0,1,0,0.0,0
13076,283,1,2049.0982,283.0,6,Declining Frequent Buyers,0.7403910257752917,0,1,0,0.0,0
13077,282,1,2049.0982,282.0,6,Declining Frequent Buyers,0.74072757107443,0,1,0,0.0,0
13078,298,1,2071.4196,298.0,6,Declining Frequent Buyers,0.7354638216703042,0,1,0,0.0,0
13079,280,1,2049.0982,280.0,6,Declining Frequent Buyers,0.7414025201754331,0,1,0,0.0,0
13111,214,1,2071.4196,214.0,6,Declining Frequent Buyers,0.7653180870853159,0,1,0,0.0,0
13110,239,1,2049.0982,239.0,6,Declining Frequent Buyers,0.7558327071258866,0,1,0,0.0,0
13109,225,1,2049.0982,225.0,6,Declining Frequent Buyers,0.7610504763957138,0,1,0,0.0,0
13108,225,1,2071.4196,225.0,6,Declining Frequent Buyers,0.7610994255767372,0,1,0,0.0,0
13107,240,1,2049.0982,240.0,6,Declining Frequent Buyers,0.7554661368150882,0,1,0,0.0,0
13106,227,1,2071.4196,227.0,6,Declining Frequent Buyers,0.7603439462594046,0,1,0,0.0,0
13105,233,1,2049.0982,233.0,6,Declining Frequent Buyers,0.7580489896084972,0,1,0,0.0,0
13104,233,1,2071.4196,233.0,6,Declining Frequent Buyers,0.7580979387895206,0,1,0,0.0,0
13103,217,1,2049.0982,217.0,6,Declining Frequent Buyers,0.7641076866079732,0,1,0,0.0,0
13093,393,1,2443.35,393.0,6,Declining Frequent Buyers,0.7073226202183026,0,1,0,0.0,0
13091,219,1,2071.4196,219.0,6,Declining Frequent Buyers,0.763386942431712,0,1,0,0.0,0
13090,221,1,2049.0982,221.0,6,Declining Frequent Buyers,0.7625719265994361,0,1,0,0.0,0
13089,255,1,2071.4196,255.0,6,Declining Frequent Buyers,0.7501085728854248,0,1,0,0.0,0
13088,367,1,2443.35,367.0,6,Declining Frequent Buyers,0.7148283178554877,0,1,0,0.0,0
13087,369,1,2443.35,369.0,6,Declining Frequent Buyers,0.71424136633928,0,1,0,0.0,0
13086,371,1,2443.35,371.0,6,Declining Frequent Buyers,0.7136560608178607,0,1,0,0.0,0
13085,394,1,2443.35,394.0,6,Declining Frequent Buyers,0.7070391581128339,0,1,0,0.0,0
13083,384,1,2181.5625,384.0,6,Declining Frequent Buyers,0.7093867239621887,0,1,0,0.0,0
13081,247,1,2049.0982,247.0,6,Declining Frequent Buyers,0.7529219731879115,0,1,0,0.0,0
13035,283,1,2049.0982,283.0,6,Declining Frequent Buyers,0.7403910257752917,0,1,0,0.0,0
13032,395,1,2443.35,395.0,6,Declining Frequent Buyers,0.7067560685859409,0,1,0,0.0,0
13029,375,1,2181.5625,375.0,6,Declining Frequent Buyers,0.7119862726562161,0,1,0,0.0,0
12990,287,1,2071.4196,287.0,6,Declining Frequent Buyers,0.7390999119745258,0,1,0,0.0,0
12988,304,1,2049.0982,304.0,6,Declining Frequent Buyers,0.733460815108694,0,1,0,0.0,0
12987,288,1,2071.4196,288.0,6,Declining Frequent Buyers,0.7387664096152551,0,1,0,0.0,0
12981,375,1,2443.35,375.0,6,Declining Frequent Buyers,0.7124903342269102,0,1,0,0.0,0
12980,390,1,2181.5625,390.0,6,Declining Frequent Buyers,0.7076711948602616,0,1,0,0.0,0
12975,385,1,2181.5625,385.0,6,Declining Frequent Buyers,0.7090998428213304,0,1,0,0.0,0
12950,369,1,2443.35,369.0,6,Declining Frequent Buyers,0.71424136633928,0,1,0,0.0,0
12949,385,1,2181.5625,385.0,6,Declining Frequent Buyers,0.7090998428213304,0,1,0,0.0,0
12947,396,1,2181.5625,396.0,6,Declining Frequent Buyers,0.7059692886382124,0,1,0,0.0,0
12942,385,1,2181.5625,385.0,6,Declining Frequent Buyers,0.7090998428213304,0,1,0,0.0,0
12941,381,1,2443.35,381.0,6,Declining Frequent Buyers,0.7107537593957819,0,1,0,0.0,0
12935,376,1,2443.35,376.0,6,Declining Frequent Buyers,0.712199910562169,0,1,0,0.0,0
12934,388,1,2181.5625,388.0,6,Declining Frequent Buyers,0.7082415085032446,0,1,0,0.0,0
12930,384,1,2181.5625,384.0,6,Declining Frequent Buyers,0.7093867239621887,0,1,0,0.0,0
12929,395,1,2443.35,395.0,6,Declining Frequent Buyers,0.7067560685859409,0,1,0,0.0,0
12926,373,1,2443.35,373.0,6,Declining Frequent Buyers,0.7130723878629416,0,1,0,0.0,0
12923,379,1,2181.5625,379.0,6,Declining Frequent Buyers,0.7108269712335589,0,1,0,0.0,0
12922,378,1,2181.5625,378.0,6,Declining Frequent Buyers,0.711116199881437,0,1,0,0.0,0
12921,371,1,2443.35,371.0,6,Declining Frequent Buyers,0.7136560608178607,0,1,0,0.0,0
12918,392,1,2443.35,392.0,6,Declining Frequent Buyers,0.7076064563402058,0,1,0,0.0,0
12989,304,1,2049.0982,304.0,6,Declining Frequent Buyers,0.733460815108694,0,1,0,0.0,0
12991,287,1,2049.0982,287.0,6,Declining Frequent Buyers,0.7390509627935025,0,1,0,0.0,0
13025,293,1,2071.4196,293.0,6,Declining Frequent Buyers,0.7371078203021102,0,1,0,0.0,0
12994,277,1,2071.4196,277.0,6,Declining Frequent Buyers,0.7424685897440434,0,1,0,0.0,0
13024,288,1,2049.0982,288.0,6,Declining Frequent Buyers,0.7387174604342317,0,1,0,0.0,0
13022,304,1,2049.0982,304.0,6,Declining Frequent Buyers,0.733460815108694,0,1,0,0.0,0
13021,287,1,2071.4196,287.0,6,Declining Frequent Buyers,0.7390999119745258,0,1,0,0.0,0
13020,303,1,2049.0982,303.0,6,Declining Frequent Buyers,0.7337850953596194,0,1,0,0.0,0
13019,383,1,2443.35,383.0,6,Declining Frequent Buyers,0.7101780540561464,0,1,0,0.0,0
13018,305,1,2071.4196,305.0,6,Declining Frequent Buyers,0.733186035934182,0,1,0,0.0,0
13016,384,1,2443.35,384.0,6,Declining Frequent Buyers,0.7098907855328829,0,1,0,0.0,0
13015,1,1,35.0,1.0,5,Champions,0.3979966446652532,0,1,0,0.0,0
13012,285,1,2071.4196,285.0,6,Declining Frequent Buyers,0.7397687263322026,0,1,0,0.0,0
13011,285,1,2049.0982,285.0,6,Declining Frequent Buyers,0.7397197771511792,0,1,0,0.0,0
13010,277,1,2071.4196,277.0,6,Declining Frequent Buyers,0.7424685897440434,0,1,0,0.0,0
13007,299,1,2071.4196,299.0,6,Declining Frequent Buyers,0.7351367400641251,0,1,0,0.0,0
13006,281,1,2049.0982,281.0,6,Declining Frequent Buyers,0.7410647347627434,0,1,0,0.0,0
13001,281,1,2049.0982,281.0,6,Declining Frequent Buyers,0.7410647347627434,0,1,0,0.0,0
13000,295,1,2071.4196,295.0,6,Declining Frequent Buyers,0.7364484909934587,0,1,0,0.0,0
12999,282,1,2071.4196,282.0,6,Declining Frequent Buyers,0.7407765202554534,0,1,0,0.0,0
12998,304,1,2049.0982,304.0,6,Declining Frequent Buyers,0.733460815108694,0,1,0,0.0,0
12996,283,1,2049.0982,283.0,6,Declining Frequent Buyers,0.7403910257752917,0,1,0,0.0,0
12995,288,1,2049.0982,288.0,6,Declining Frequent Buyers,0.7387174604342317,0,1,0,0.0,0
13563,752,1,3578.27,752.0,0,Active Minimal Buyers,0.6156875795418789,0,1,0,0.0,0
13564,421,1,3578.27,421.0,0,Active Minimal Buyers,0.6966420097653578,0,1,0,0.0,0
13565,372,1,2443.35,372.0,6,Declining Frequent Buyers,0.713364021101759,0,1,0,0.0,0
14080,317,1,1000.4375,317.0,2,Inactive Minimal Buyers,0.7218302645176816,0,1,0,0.0,0
14103,179,1,2071.4196,179.0,6,Declining Frequent Buyers,0.7795452796985735,0,1,0,0.0,0
14102,166,1,2071.4196,166.0,6,Declining Frequent Buyers,0.7851927912973099,0,1,0,0.0,0
14101,155,1,2049.0982,155.0,4,Frequent Low-Spend Customers,0.7886492340917161,0,1,0,0.0,0
14098,293,1,1000.4375,293.0,2,Inactive Minimal Buyers,0.7289223246993939,0,1,0,0.0,0
14095,275,1,1000.4375,275.0,2,Inactive Minimal Buyers,0.7344411144157416,0,1,0,0.0,0
14089,325,1,1000.4375,325.0,2,Inactive Minimal Buyers,0.7195284374550537,0,1,0,0.0,0
14088,323,1,1000.4375,323.0,2,Inactive Minimal Buyers,0.7201011174983082,0,1,0,0.0,0
14083,323,1,1000.4375,323.0,2,Inactive Minimal Buyers,0.7201011174983082,0,1,0,0.0,0
14081,313,1,1000.4375,313.0,2,Inactive Minimal Buyers,0.7229924622999726,0,1,0,0.0,0
14079,1,1,37.29,1.0,5,Champions,0.40540386663650807,0,1,0,0.0,0
14147,549,1,3578.27,549.0,0,Active Minimal Buyers,0.6623859561360862,0,1,0,0.0,0
14078,11,1,839.48,11.0,8,Recent Low-Value Customers,0.829056474428354,0,0,0,0.0,0
14071,169,1,2049.0982,169.0,6,Declining Frequent Buyers,0.7838208506484129,0,1,0,0.0,0
14070,165,1,2049.0982,165.0,6,Declining Frequent Buyers,0.7855875793280479,0,1,0,0.0,0
14066,31,2,2853.5681999999997,130.0,1,High Value but Cooling,0.8269800073332221,0,1,0,0.0,0
14065,176,1,2071.4196,176.0,6,Declining Frequent Buyers,0.7808292310370565,0,1,0,0.0,0
14064,155,1,2071.4196,155.0,4,Frequent Low-Spend Customers,0.7887271587979033,0,1,0,0.0,0
14063,166,1,2071.4196,166.0,6,Declining Frequent Buyers,0.7851927912973099,0,1,0,0.0,0
14062,163,1,2049.0982,163.0,6,Declining Frequent Buyers,0.7864792393764027,0,1,0,0.0,0
14058,176,1,2071.4196,176.0,6,Declining Frequent Buyers,0.7808292310370565,0,1,0,0.0,0
14104,302,1,1000.4375,302.0,2,Inactive Minimal Buyers,0.726228758273084,0,1,0,0.0,0
14105,298,1,1000.4375,298.0,2,Inactive Minimal Buyers,0.7274206942027134,0,1,0,0.0,0
14106,278,1,1000.4375,278.0,2,Inactive Minimal Buyers,0.7335086026647052,0,1,0,0.0,0
14109,276,1,1000.4375,276.0,2,Inactive Minimal Buyers,0.7341296946947796,0,1,0,0.0,0
14141,345,1,2443.35,345.0,6,Declining Frequent Buyers,0.721397452375529,0,1,0,0.0,0
14140,603,1,3578.27,603.0,0,Active Minimal Buyers,0.6491935546297588,0,1,0,0.0,0
14139,579,1,3578.27,579.0,0,Active Minimal Buyers,0.6549778312211479,0,1,0,0.0,0
14138,604,1,3578.27,604.0,0,Active Minimal Buyers,0.6489551581145034,0,1,0,0.0,0
14137,582,1,3578.27,582.0,0,Active Minimal Buyers,0.6542480819143022,0,1,0,0.0,0
14134,181,1,2049.0982,181.0,6,Declining Frequent Buyers,0.7786465301589564,0,1,0,0.0,0
14133,171,1,2049.0982,171.0,6,Declining Frequent Buyers,0.7829455842965175,0,1,0,0.0,0
14132,166,1,2049.0982,166.0,6,Declining Frequent Buyers,0.7851438421162865,0,1,0,0.0,0
14131,174,1,2071.4196,174.0,6,Declining Frequent Buyers,0.7816914895317224,0,1,0,0.0,0
14130,179,1,2049.0982,179.0,6,Declining Frequent Buyers,0.7794963305175501,0,1,0,0.0,0
14129,181,1,2049.0982,181.0,6,Declining Frequent Buyers,0.7786465301589564,0,1,0,0.0,0
14128,169,1,2071.4196,169.0,6,Declining Frequent Buyers,0.7838697998294363,0,1,0,0.0,0
14127,170,1,2049.0982,170.0,6,Declining Frequent Buyers,0.7833825526711529,0,1,0,0.0,0
14125,162,1,2071.4196,162.0,6,Declining Frequent Buyers,0.7869761372509505,0,1,0,0.0,0
14120,252,1,1000.4375,252.0,2,Inactive Minimal Buyers,0.7417726135099787,0,1,0,0.0,0
14117,248,1,1000.4375,248.0,2,Inactive Minimal Buyers,0.7430825210547044,0,1,0,0.0,0
14116,252,1,1000.4375,252.0,2,Inactive Minimal Buyers,0.7417726135099787,0,1,0,0.0,0
14115,268,1,1000.4375,268.0,2,Inactive Minimal Buyers,0.7366376652631184,0,1,0,0.0,0
14112,270,1,1000.4375,270.0,2,Inactive Minimal Buyers,0.7360070796019841,0,1,0,0.0,0
14055,173,1,2049.0982,173.0,6,Declining Frequent Buyers,0.7820755896108745,0,1,0,0.0,0
14051,174,1,2049.0982,174.0,6,Declining Frequent Buyers,0.781642540350699,0,1,0,0.0,0
14050,24,2,3295.2596,150.0,1,High Value but Cooling,0.8369643601611791,0,1,0,0.0,0
14011,176,1,2071.4196,176.0,6,Declining Frequent Buyers,0.7808292310370565,0,1,0,0.0,0
14007,21,2,3772.4096,150.0,1,High Value but Cooling,0.8442528033435004,0,0,0,0.0,0
14006,360,1,1000.4375,360.0,2,Inactive Minimal Buyers,0.7097873617762864,0,1,0,0.0,0
14005,341,1,1000.4375,341.0,2,Inactive Minimal Buyers,0.7150112186733129,0,1,0,0.0,0
14003,378,1,1000.4375,378.0,2,Inactive Minimal Buyers,0.7049686701200952,0,1,0,0.0,0
13999,370,1,1000.4375,370.0,2,Inactive Minimal Buyers,0.7070952941711591,0,1,0,0.0,0
13997,175,1,2071.4196,175.0,6,Declining Frequent Buyers,0.7812597239690348,0,1,0,0.0,0
13994,171,1,2071.4196,171.0,6,Declining Frequent Buyers,0.7829945334775408,0,1,0,0.0,0
13993,388,1,1000.4375,388.0,2,Inactive Minimal Buyers,0.7023429232620845,0,1,0,0.0,0
13992,391,1,1000.4375,391.0,2,Inactive Minimal Buyers,0.7015620545236644,0,1,0,0.0,0
13990,379,1,1000.4375,379.0,2,Inactive Minimal Buyers,0.7047044882955091,0,1,0,0.0,0
13986,387,1,1000.4375,387.0,2,Inactive Minimal Buyers,0.7026039076795942,0,1,0,0.0,0
13984,51,1,2443.35,51.0,4,Frequent Low-Spend Customers,0.8490523446540862,0,1,0,0.0,0
13979,55,1,2443.35,55.0,4,Frequent Low-Spend Customers,0.8459685203598404,0,1,0,0.0,0
13978,40,1,2443.35,40.0,4,Frequent Low-Spend Customers,0.8582332563459861,0,1,0,0.0,0
13977,62,1,2443.35,62.0,4,Frequent Low-Spend Customers,0.8408356151322758,0,1,0,0.0,0
13976,36,1,2181.5625,36.0,4,Frequent Low-Spend Customers,0.8610832743449646,0,1,0,0.0,0
13975,159,1,2049.0982,159.0,6,Declining Frequent Buyers,0.7882796682057681,0,1,0,0.0,0
13974,195,1,2071.4196,195.0,6,Declining Frequent Buyers,0.7728780206877336,0,1,0,0.0,0
13973,196,1,2071.4196,196.0,6,Declining Frequent Buyers,0.7724708777701399,0,1,0,0.0,0
14010,170,1,2071.4196,170.0,6,Declining Frequent Buyers,0.7834315018521762,0,1,0,0.0,0
14012,157,1,2049.0982,157.0,6,Declining Frequent Buyers,0.7891886536854628,0,1,0,0.0,0
14049,182,1,2071.4196,182.0,6,Declining Frequent Buyers,0.77827239838576,0,1,0,0.0,0
14017,366,1,1000.4375,366.0,2,Inactive Minimal Buyers,0.7081675418419552,0,1,0,0.0,0
14048,165,1,2071.4196,165.0,6,Declining Frequent Buyers,0.7856365285090712,0,1,0,0.0,0
14047,20,2,3321.2596,162.0,1,High Value but Cooling,0.8399963519171995,0,1,0,0.0,0
14046,8,2,3340.2596,166.0,1,High Value but Cooling,0.8506419672218818,0,1,0,0.0,0
14045,172,1,2049.0982,172.0,6,Declining Frequent Buyers,0.7825099337958051,0,1,0,0.0,0
14044,311,1,1000.4375,311.0,2,Inactive Minimal Buyers,0.7235764458222785,0,1,0,0.0,0
14039,168,1,2049.0982,168.0,6,Declining Frequent Buyers,0.7842604901310952,0,1,0,0.0,0
14038,172,1,2049.0982,172.0,6,Declining Frequent Buyers,0.7825099337958051,0,1,0,0.0,0
14037,312,1,1000.4375,312.0,2,Inactive Minimal Buyers,0.7232842117339906,0,1,0,0.0,0
14036,316,1,1000.4375,316.0,2,Inactive Minimal Buyers,0.7221200985826731,0,1,0,0.0,0
14033,165,1,2071.4196,165.0,6,Declining Frequent Buyers,0.7856365285090712,0,1,0,0.0,0
14032,178,1,2071.4196,178.0,6,Declining Frequent Buyers,0.7799720195815205,0,1,0,0.0,0
14031,164,1,2049.0982,164.0,6,Declining Frequent Buyers,0.7860327074715012,0,1,0,0.0,0
14030,158,1,2071.4196,158.0,6,Declining Frequent Buyers,0.7887823676069005,0,1,0,0.0,0
14026,353,1,1000.4375,353.0,2,Inactive Minimal Buyers,0.7116949321505013,0,1,0,0.0,0
14025,366,1,1000.4375,366.0,2,Inactive Minimal Buyers,0.7081675418419552,0,1,0,0.0,0
14024,341,1,1000.4375,341.0,2,Inactive Minimal Buyers,0.7150112186733129,0,1,0,0.0,0
14023,347,1,1000.4375,347.0,2,Inactive Minimal Buyers,0.7133456487574413,0,1,0,0.0,0
14022,353,1,1000.4375,353.0,2,Inactive Minimal Buyers,0.7116949321505013,0,1,0,0.0,0
14020,155,1,2071.4196,155.0,4,Frequent Low-Spend Customers,0.7887271587979033,0,1,0,0.0,0
14146,15,2,4405.6,636.0,1,High Value but Cooling,0.8547009106046984,0,1,0,0.0,0
14148,521,1,3578.27,521.0,0,Active Minimal Buyers,0.6694920734395784,0,1,0,0.0,0
13970,204,1,2049.0982,204.0,6,Declining Frequent Buyers,0.7692027104848793,0,1,0,0.0,0
14264,5,2,2822.7596000000003,131.0,1,High Value but Cooling,0.8476274530275153,0,1,0,0.0,0
14283,222,1,1000.4375,222.0,2,Inactive Minimal Buyers,0.7518773478038978,0,1,0,0.0,0
14279,145,1,2049.0982,145.0,4,Frequent Low-Spend Customers,0.7931678305634958,0,1,0,0.0,0
14277,130,1,2071.4196,130.0,4,Frequent Low-Spend Customers,0.8003365697558849,0,1,0,0.0,0
14276,144,1,2049.0982,144.0,4,Frequent Low-Spend Customers,0.793628419104833,0,1,0,0.0,0
14275,4,2,2800.4382,128.0,1,High Value but Cooling,0.848739965237583,0,1,0,0.0,0
14272,235,1,1000.4375,235.0,2,Inactive Minimal Buyers,0.7474169764300764,0,1,0,0.0,0
14270,222,1,1000.4375,222.0,2,Inactive Minimal Buyers,0.7518773478038978,0,1,0,0.0,0
14268,216,1,1000.4375,216.0,2,Inactive Minimal Buyers,0.75398152420203,0,1,0,0.0,0
14267,241,1,1000.4375,241.0,2,Inactive Minimal Buyers,0.7454014404246544,0,1,0,0.0,0
14263,150,1,2049.0982,150.0,4,Frequent Low-Spend Customers,0.7908890952539139,0,1,0,0.0,0
14149,537,1,3578.27,537.0,0,Active Minimal Buyers,0.6654078616155021,0,1,0,0.0,0
14262,148,1,2071.4196,148.0,4,Frequent Low-Spend Customers,0.7918737387145797,0,1,0,0.0,0
14261,142,1,2049.0982,142.0,4,Frequent Low-Spend Customers,0.7945545733477043,0,1,0,0.0,0
14260,146,1,2071.4196,146.0,4,Frequent Low-Spend Customers,0.7927868027800824,0,1,0,0.0,0
14259,135,1,2049.0982,135.0,4,Frequent Low-Spend Customers,0.7978502752375675,0,1,0,0.0,0
14256,232,1,1000.4375,232.0,2,Inactive Minimal Buyers,0.7484347298996142,0,1,0,0.0,0
14255,234,1,1000.4375,234.0,2,Inactive Minimal Buyers,0.7477554767972096,0,1,0,0.0,0
14253,242,1,1000.4375,242.0,2,Inactive Minimal Buyers,0.7450680521187477,0,1,0,0.0,0
14242,231,1,1000.4375,231.0,2,Inactive Minimal Buyers,0.7487754924281788,0,1,0,0.0,0
14240,248,1,1000.4375,248.0,2,Inactive Minimal Buyers,0.7430825210547044,0,1,0,0.0,0
14284,233,1,1000.4375,233.0,2,Inactive Minimal Buyers,0.748094726330294,0,1,0,0.0,0
14286,125,1,2049.0982,125.0,4,Frequent Low-Spend Customers,0.8027152622738302,0,1,0,0.0,0
14287,142,1,2049.0982,142.0,4,Frequent Low-Spend Customers,0.7945545733477043,0,1,0,0.0,0
14289,242,1,1000.4375,242.0,2,Inactive Minimal Buyers,0.7450680521187477,0,1,0,0.0,0
14326,147,1,2071.4196,147.0,4,Frequent Low-Spend Customers,0.7923294694601155,0,1,0,0.0,0
14325,127,1,2049.0982,127.0,4,Frequent Low-Spend Customers,0.8017266439504876,0,1,0,0.0,0
14324,147,1,2049.0982,147.0,4,Frequent Low-Spend Customers,0.7922515447539281,0,1,0,0.0,0
14323,138,1,2071.4196,138.0,4,Frequent Low-Spend Customers,0.7965052154978037,0,1,0,0.0,0
14322,151,1,2049.0982,151.0,4,Frequent Low-Spend Customers,0.7904380754291878,0,1,0,0.0,0
14316,152,1,2049.0982,152.0,4,Frequent Low-Spend Customers,0.7899885945347832,0,1,0,0.0,0
14310,134,1,2071.4196,134.0,4,Frequent Low-Spend Customers,0.7984061459218125,0,1,0,0.0,0
14308,137,1,2049.0982,137.0,4,Frequent Low-Spend Customers,0.796899830015734,0,1,0,0.0,0
14306,147,1,2071.4196,147.0,4,Frequent Low-Spend Customers,0.7923294694601155,0,1,0,0.0,0
14305,132,1,2049.0982,132.0,4,Frequent Low-Spend Customers,0.7992896626721319,0,1,0,0.0,0
14304,125,1,2049.0982,125.0,4,Frequent Low-Spend Customers,0.8027152622738302,0,1,0,0.0,0
14303,132,1,2049.0982,132.0,4,Frequent Low-Spend Customers,0.7992896626721319,0,1,0,0.0,0
14302,154,1,2071.4196,154.0,4,Frequent Low-Spend Customers,0.7891721134594557,0,1,0,0.0,0
14301,150,1,2071.4196,150.0,4,Frequent Low-Spend Customers,0.7909670199601012,0,1,0,0.0,0
14300,137,1,2071.4196,137.0,4,Frequent Low-Spend Customers,0.7969777547219213,0,1,0,0.0,0
14299,144,1,2071.4196,144.0,4,Frequent Low-Spend Customers,0.7937063438110203,0,1,0,0.0,0
14298,198,1,1000.4375,198.0,2,Inactive Minimal Buyers,0.7604821486233273,0,1,0,0.0,0
14292,192,1,1000.4375,192.0,8,Recent Low-Value Customers,0.7457684104431976,0,1,0,0.0,0
14290,191,1,1000.4375,191.0,8,Recent Low-Value Customers,0.7460681649454279,0,1,0,0.0,0
14239,268,1,1000.4375,268.0,2,Inactive Minimal Buyers,0.7366376652631184,0,1,0,0.0,0
14238,138,1,2049.0982,138.0,4,Frequent Low-Spend Customers,0.7964272907916163,0,1,0,0.0,0
14236,130,1,2071.4196,130.0,4,Frequent Low-Spend Customers,0.8003365697558849,0,1,0,0.0,0
14189,4,2,5997.33,527.0,1,High Value but Cooling,0.8778207085932633,0,1,0,0.0,0
14185,318,1,2181.5625,318.0,6,Declining Frequent Buyers,0.7292596307628035,0,1,0,0.0,0
14183,660,1,3578.27,660.0,0,Active Minimal Buyers,0.6359173235668455,0,1,0,0.0,0
14181,2,2,6006.32,522.0,1,High Value but Cooling,0.8812783545330645,0,1,0,0.0,0
14171,540,1,3578.27,540.0,0,Active Minimal Buyers,0.6646491293911317,0,1,0,0.0,0
14170,328,1,2443.35,328.0,6,Declining Frequent Buyers,0.7266236984799915,0,1,0,0.0,0
14169,351,1,2443.35,351.0,6,Declining Frequent Buyers,0.719584859637361,0,1,0,0.0,0
14167,534,1,3578.27,534.0,0,Active Minimal Buyers,0.6661687950653011,0,1,0,0.0,0
14165,650,1,3578.27,650.0,0,Active Minimal Buyers,0.6382021656823318,0,1,0,0.0,0
14164,535,1,3578.27,535.0,0,Active Minimal Buyers,0.6659149048474049,0,1,0,0.0,0
14163,529,1,3578.27,529.0,0,Active Minimal Buyers,0.667441960231448,0,1,0,0.0,0
14162,538,1,3578.27,538.0,0,Active Minimal Buyers,0.6651547072134242,0,1,0,0.0,0
14161,544,1,3578.27,544.0,0,Active Minimal Buyers,0.6636408785784838,0,1,0,0.0,0
14160,525,1,3578.27,525.0,0,Active Minimal Buyers,0.668464991944,0,1,0,0.0,0
14159,663,1,3578.27,663.0,0,Active Minimal Buyers,0.6352353778554762,0,1,0,0.0,0
14158,662,1,3578.27,662.0,0,Active Minimal Buyers,0.6354625149031177,0,1,0,0.0,0
14157,660,1,3578.27,660.0,0,Active Minimal Buyers,0.6359173235668455,0,1,0,0.0,0
14155,642,1,3578.27,642.0,0,Active Minimal Buyers,0.6400432003083038,0,1,0,0.0,0
14154,339,1,2181.5625,339.0,6,Declining Frequent Buyers,0.7227223881432084,0,1,0,0.0,0
14150,661,1,3578.27,661.0,0,Active Minimal Buyers,0.6356898300039555,0,1,0,0.0,0
14186,315,1,2443.35,315.0,6,Declining Frequent Buyers,0.7307156336756075,0,1,0,0.0,0
14191,659,1,3578.27,659.0,0,Active Minimal Buyers,0.6361449960022016,0,1,0,0.0,0
14235,128,1,2071.4196,128.0,4,Frequent Low-Spend Customers,0.8013132687042654,0,1,0,0.0,0
14192,314,1,2181.5625,314.0,6,Declining Frequent Buyers,0.7305299284891879,0,1,0,0.0,0
14234,153,1,2071.4196,153.0,4,Frequent Low-Spend Customers,0.7896185620186656,0,1,0,0.0,0
14230,146,1,2049.0982,146.0,4,Frequent Low-Spend Customers,0.7927088780738951,0,1,0,0.0,0
14226,150,1,2071.4196,150.0,4,Frequent Low-Spend Customers,0.7909670199601012,0,1,0,0.0,0
14225,151,1,2049.0982,151.0,4,Frequent Low-Spend Customers,0.7904380754291878,0,1,0,0.0,0
14224,143,1,2049.0982,143.0,4,Frequent Low-Spend Customers,0.7940906608738855,0,1,0,0.0,0
14220,171,1,2071.4196,171.0,6,Declining Frequent Buyers,0.7829945334775408,0,1,0,0.0,0
14219,167,1,2071.4196,167.0,6,Declining Frequent Buyers,0.784750432380749,0,1,0,0.0,0
14218,165,1,2049.0982,165.0,6,Declining Frequent Buyers,0.7855875793280479,0,1,0,0.0,0
14216,175,1,2049.0982,175.0,6,Declining Frequent Buyers,0.7812107747880114,0,1,0,0.0,0
14215,168,1,2049.0982,168.0,6,Declining Frequent Buyers,0.7842604901310952,0,1,0,0.0,0
14214,168,1,2049.0982,168.0,6,Declining Frequent Buyers,0.7842604901310952,0,1,0,0.0,0
14211,175,1,2049.0982,175.0,6,Declining Frequent Buyers,0.7812107747880114,0,1,0,0.0,0
14210,170,1,2071.4196,170.0,6,Declining Frequent Buyers,0.7834315018521762,0,1,0,0.0,0
14207,489,1,3578.27,489.0,0,Active Minimal Buyers,0.6778603876006527,0,1,0,0.0,0
14204,1,1,71.58000000000001,1.0,5,Champions,0.4786095827209402,0,0,0,0.0,0
14203,334,1,2181.5625,334.0,6,Declining Frequent Buyers,0.7242594021403564,0,1,0,0.0,0
14200,326,1,2181.5625,326.0,6,Declining Frequent Buyers,0.7267436263820417,0,1,0,0.0,0
14198,16,2,6011.31,517.0,1,High Value but Cooling,0.8653889153166067,0,1,0,0.0,0
14195,648,1,3578.27,648.0,0,Active Minimal Buyers,0.6386613173383404,0,1,0,0.0,0
13971,186,1,2049.0982,186.0,6,Declining Frequent Buyers,0.7765430211384573,0,1,0,0.0,0
13968,194,1,2071.4196,194.0,6,Declining Frequent Buyers,0.7732862442274295,0,1,0,0.0,0
13567,696,1,3578.27,696.0,0,Active Minimal Buyers,0.6278371555275458,0,1,0,0.0,0
13687,720,1,3578.27,720.0,0,Active Minimal Buyers,0.6225703106157087,0,1,0,0.0,0
13713,247,1,2443.35,247.0,6,Declining Frequent Buyers,0.7537080409227318,0,1,0,0.0,0
13705,259,1,2443.35,259.0,6,Declining Frequent Buyers,0.7494319414808139,0,1,0,0.0,0
13704,261,1,2181.5625,261.0,6,Declining Frequent Buyers,0.7482252419778984,0,1,0,0.0,0
13702,257,1,2181.5625,257.0,6,Declining Frequent Buyers,0.7496333314703567,0,1,0,0.0,0
13697,646,1,3578.27,646.0,0,Active Minimal Buyers,0.6391212046845496,0,1,0,0.0,0
13693,711,1,3578.27,711.0,0,Active Minimal Buyers,0.6245345457788227,0,1,0,0.0,0
13691,704,1,3578.27,704.0,0,Active Minimal Buyers,0.6260712190043368,0,1,0,0.0,0
13690,706,1,3578.27,706.0,0,Active Minimal Buyers,0.6256313637866592,0,1,0,0.0,0
13689,708,1,3578.27,708.0,0,Active Minimal Buyers,0.6251921545309049,0,1,0,0.0,0
13686,662,1,3578.27,662.0,0,Active Minimal Buyers,0.6354625149031177,0,1,0,0.0,0
13767,660,1,3578.27,660.0,0,Active Minimal Buyers,0.6359173235668455,0,1,0,0.0,0
13685,641,1,3578.27,641.0,0,Active Minimal Buyers,0.6402741644572216,0,1,0,0.0,0
13680,712,1,3578.27,712.0,0,Active Minimal Buyers,0.6243156628574787,0,1,0,0.0,0
13679,706,1,3578.27,706.0,0,Active Minimal Buyers,0.6256313637866592,0,1,0,0.0,0
13678,706,1,3578.27,706.0,0,Active Minimal Buyers,0.6256313637866592,0,1,0,0.0,0
13667,392,1,2181.5625,392.0,6,Declining Frequent Buyers,0.7071023947695116,0,1,0,0.0,0
13666,656,1,3578.27,656.0,0,Active Minimal Buyers,0.6368290906707756,0,1,0,0.0,0
13662,12,2,3021.0425,371.0,1,High Value but Cooling,0.8426627982777602,0,0,0,0.0,0
13661,724,1,3578.27,724.0,0,Active Minimal Buyers,0.6217014071623822,0,1,0,0.0,0
13658,261,1,2443.35,261.0,6,Declining Frequent Buyers,0.7487293035485926,0,1,0,0.0,0
13714,263,1,2443.35,263.0,6,Declining Frequent Buyers,0.7480294466719474,0,1,0,0.0,0
13715,220,1,2181.5625,220.0,6,Declining Frequent Buyers,0.7632365158732031,0,1,0,0.0,0
13716,231,1,2443.35,231.0,6,Declining Frequent Buyers,0.7595803662165567,0,1,0,0.0,0
13718,243,1,2443.35,243.0,6,Declining Frequent Buyers,0.7551572100637435,0,1,0,0.0,0
13765,699,1,3578.27,699.0,0,Active Minimal Buyers,0.6271737014683216,0,1,0,0.0,0
13747,9,2,3045.5325,174.0,1,High Value but Cooling,0.845915249653395,0,0,0,0.0,0
13746,6,2,3250.11,197.0,1,High Value but Cooling,0.8519249776384078,0,0,0,0.0,0
13745,20,2,3282.81,166.0,1,High Value but Cooling,0.8395384688874614,0,0,0,0.0,0
13744,6,2,2959.0025,179.0,1,High Value but Cooling,0.8482030567529314,0,0,0,0.0,0
13742,3,2,2988.3225,189.0,1,High Value but Cooling,0.8529302070454912,0,0,0,0.0,0
13741,21,2,2951.0525,207.0,1,High Value but Cooling,0.8346105084829114,0,0,0,0.0,0
13736,234,1,2181.5625,234.0,6,Declining Frequent Buyers,0.7579595823194042,0,1,0,0.0,0
13735,240,1,2181.5625,240.0,6,Declining Frequent Buyers,0.7557481429792144,0,1,0,0.0,0
13734,238,1,2181.5625,238.0,6,Declining Frequent Buyers,0.7564820779706061,0,1,0,0.0,0
13733,242,1,2181.5625,242.0,6,Declining Frequent Buyers,0.7550173655062538,0,1,0,0.0,0
13730,244,1,2181.5625,244.0,6,Declining Frequent Buyers,0.754289706146064,0,1,0,0.0,0
13729,219,1,2443.35,219.0,6,Declining Frequent Buyers,0.764124060985509,0,1,0,0.0,0
13728,218,1,2443.35,218.0,6,Declining Frequent Buyers,0.7645084511856987,0,1,0,0.0,0
13726,229,1,2181.5625,229.0,6,Declining Frequent Buyers,0.7598249590337501,0,1,0,0.0,0
13725,225,1,2181.5625,225.0,6,Declining Frequent Buyers,0.76133248255984,0,1,0,0.0,0
13724,233,1,2181.5625,233.0,6,Declining Frequent Buyers,0.7583309957726234,0,1,0,0.0,0
13722,222,1,2443.35,222.0,6,Declining Frequent Buyers,0.7629763055005648,0,1,0,0.0,0
13721,225,1,2181.5625,225.0,6,Declining Frequent Buyers,0.76133248255984,0,1,0,0.0,0
13653,261,1,2181.5625,261.0,6,Declining Frequent Buyers,0.7482252419778984,0,1,0,0.0,0
13651,207,1,2049.0982,207.0,6,Declining Frequent Buyers,0.7680123701168301,0,1,0,0.0,0
13650,202,1,2049.0982,202.0,6,Declining Frequent Buyers,0.7700013052902424,0,1,0,0.0,0
13607,652,1,3578.27,652.0,0,Active Minimal Buyers,0.6377437462848481,0,1,0,0.0,0
13605,374,1,2443.35,374.0,6,Declining Frequent Buyers,0.712781159451076,0,1,0,0.0,0
13602,724,1,3578.27,724.0,0,Active Minimal Buyers,0.6217014071623822,0,1,0,0.0,0
13600,726,1,3578.27,726.0,0,Active Minimal Buyers,0.6212678893684218,0,1,0,0.0,0
13595,382,1,2181.5625,382.0,6,Declining Frequent Buyers,0.7099616499250698,0,1,0,0.0,0
13592,393,1,2443.35,393.0,6,Declining Frequent Buyers,0.7073226202183026,0,1,0,0.0,0
13591,758,1,3578.27,758.0,0,Active Minimal Buyers,0.6144140967885732,0,1,0,0.0,0
13590,757,1,3578.27,757.0,0,Active Minimal Buyers,0.6146259797602771,0,1,0,0.0,0
13585,738,1,3578.27,738.0,0,Active Minimal Buyers,0.6186796951567359,0,1,0,0.0,0
13584,734,1,3578.27,734.0,0,Active Minimal Buyers,0.6195399840163749,0,1,0,0.0,0
13583,739,1,3578.27,739.0,0,Active Minimal Buyers,0.6184650011825924,0,1,0,0.0,0
13581,756,1,3578.27,756.0,0,Active Minimal Buyers,0.6148380080036078,0,1,0,0.0,0
13580,678,1,3578.27,678.0,0,Active Minimal Buyers,0.6318494151787726,0,1,0,0.0,0
13579,674,1,3578.27,674.0,0,Active Minimal Buyers,0.6327485064457707,0,1,0,0.0,0
13577,374,1,2181.5625,374.0,6,Declining Frequent Buyers,0.7122770978803818,0,1,0,0.0,0
13576,751,1,3578.27,751.0,0,Active Minimal Buyers,0.6159003385384118,0,1,0,0.0,0
13575,377,1,2181.5625,377.0,6,Declining Frequent Buyers,0.7114058252687577,0,1,0,0.0,0
13572,699,1,3578.27,699.0,0,Active Minimal Buyers,0.6271737014683216,0,1,0,0.0,0
13571,1,1,144.47,1.0,5,Champions,0.5511998262274528,0,0,0,0.0,0
13570,687,1,3578.27,687.0,0,Active Minimal Buyers,0.6298364682165701,0,1,0,0.0,0
13606,653,1,3578.27,653.0,0,Active Minimal Buyers,0.637514810117898,0,1,0,0.0,0
13616,199,1,2049.0982,199.0,6,Declining Frequent Buyers,0.7712069008533178,0,1,0,0.0,0
13649,193,1,2049.0982,193.0,6,Declining Frequent Buyers,0.7736466076401739,0,1,0,0.0,0
13618,202,1,2049.0982,202.0,6,Declining Frequent Buyers,0.7700013052902424,0,1,0,0.0,0
13648,184,1,2049.0982,184.0,6,Declining Frequent Buyers,0.7773808756026581,0,1,0,0.0,0
13647,212,1,2049.0982,212.0,6,Declining Frequent Buyers,0.766048122357072,0,1,0,0.0,0
13646,191,1,2049.0982,191.0,6,Declining Frequent Buyers,0.7744685342680862,0,1,0,0.0,0
13645,194,1,2049.0982,194.0,6,Declining Frequent Buyers,0.7732372950464061,0,1,0,0.0,0
13644,197,1,2071.4196,197.0,6,Declining Frequent Buyers,0.7720648071503784,0,1,0,0.0,0
13643,206,1,2071.4196,206.0,6,Declining Frequent Buyers,0.7684571023934486,0,1,0,0.0,0
13638,199,1,2049.0982,199.0,6,Declining Frequent Buyers,0.7712069008533178,0,1,0,0.0,0
13637,188,1,2049.0982,188.0,6,Declining Frequent Buyers,0.7757098093284164,0,1,0,0.0,0
13636,199,1,2071.4196,199.0,6,Declining Frequent Buyers,0.771255850034341,0,1,0,0.0,0
13633,188,1,2049.0982,188.0,6,Declining Frequent Buyers,0.7757098093284164,0,1,0,0.0,0
13632,191,1,2071.4196,191.0,6,Declining Frequent Buyers,0.7745174834491095,0,1,0,0.0,0
13631,212,1,2049.0982,212.0,6,Declining Frequent Buyers,0.766048122357072,0,1,0,0.0,0
13630,212,1,2071.4196,212.0,6,Declining Frequent Buyers,0.7660970715380954,0,1,0,0.0,0
13629,192,1,2049.0982,192.0,6,Declining Frequent Buyers,0.7740570178296392,0,1,0,0.0,0
13626,200,1,2049.0982,200.0,6,Declining Frequent Buyers,0.7708039982300077,0,1,0,0.0,0
13625,192,1,2049.0982,192.0,6,Declining Frequent Buyers,0.7740570178296392,0,1,0,0.0,0
13622,211,1,2071.4196,211.0,6,Declining Frequent Buyers,0.7664879888670351,0,1,0,0.0,0
13620,207,1,2049.0982,207.0,6,Declining Frequent Buyers,0.7680123701168301,0,1,0,0.0,0
13619,193,1,2049.0982,193.0,6,Declining Frequent Buyers,0.7736466076401739,0,1,0,0.0,0
13766,381,1,2181.5625,381.0,6,Declining Frequent Buyers,0.7102496978250877,0,1,0,0.0,0
13768,378,1,2181.5625,378.0,6,Declining Frequent Buyers,0.711116199881437,0,1,0,0.0,0
13967,206,1,2049.0982,206.0,6,Declining Frequent Buyers,0.7684081532124252,0,1,0,0.0,0
13890,140,1,2181.5625,140.0,4,Frequent Low-Spend Customers,0.7959364219119873,0,1,0,0.0,0
13905,96,1,2181.5625,96.0,4,Frequent Low-Spend Customers,0.8185363213829349,0,1,0,0.0,0
13904,97,1,2181.5625,97.0,4,Frequent Low-Spend Customers,0.8179692504076213,0,1,0,0.0,0
13903,122,1,2181.5625,122.0,4,Frequent Low-Spend Customers,0.8046625424847349,0,1,0,0.0,0
13898,102,1,2443.35,102.0,4,Frequent Low-Spend Customers,0.8159804104863563,0,1,0,0.0,0
13897,98,1,2181.5625,98.0,4,Frequent Low-Spend Customers,0.817405177732555,0,1,0,0.0,0
13896,110,1,2443.35,110.0,4,Frequent Low-Spend Customers,0.8116569858992906,0,1,0,0.0,0
13895,134,1,2181.5625,134.0,4,Frequent Low-Spend Customers,0.7987771612596282,0,1,0,0.0,0
13894,150,1,2443.35,150.0,4,Frequent Low-Spend Customers,0.7921404767070572,0,1,0,0.0,0
13892,153,1,2181.5625,153.0,4,Frequent Low-Spend Customers,0.7899895773564813,0,1,0,0.0,0
13889,137,1,2181.5625,137.0,4,Frequent Low-Spend Customers,0.797348770059737,0,1,0,0.0,0
13769,378,1,2181.5625,378.0,6,Declining Frequent Buyers,0.711116199881437,0,1,0,0.0,0
13887,141,1,2443.35,141.0,4,Frequent Low-Spend Customers,0.7962715557649795,0,1,0,0.0,0
13886,169,1,2181.5625,169.0,6,Declining Frequent Buyers,0.7841028568125391,0,1,0,0.0,0
13885,182,1,2443.35,182.0,6,Declining Frequent Buyers,0.779009516939557,0,1,0,0.0,0
13884,173,1,2181.5625,173.0,6,Declining Frequent Buyers,0.7823575957750007,0,1,0,0.0,0
13883,164,1,2181.5625,164.0,6,Declining Frequent Buyers,0.7863147136356274,0,1,0,0.0,0
13882,170,1,2443.35,170.0,6,Declining Frequent Buyers,0.7841686204059732,0,1,0,0.0,0
13877,161,1,2181.5625,161.0,6,Declining Frequent Buyers,0.7876585729450639,0,1,0,0.0,0
13873,177,1,2443.35,177.0,6,Declining Frequent Buyers,0.7811371183801085,0,1,0,0.0,0
13871,175,1,2181.5625,175.0,6,Declining Frequent Buyers,0.7814927809521376,0,1,0,0.0,0
13906,115,1,2181.5625,115.0,4,Frequent Low-Spend Customers,0.8082342526481251,0,1,0,0.0,0
13907,100,1,2181.5625,100.0,4,Frequent Low-Spend Customers,0.8162858448323305,0,1,0,0.0,0
13910,115,1,2181.5625,115.0,4,Frequent Low-Spend Customers,0.8082342526481251,0,1,0,0.0,0
13911,121,1,2181.5625,121.0,4,Frequent Low-Spend Customers,0.8051662005206759,0,1,0,0.0,0
13966,201,1,2049.0982,201.0,6,Declining Frequent Buyers,0.7704021356468498,0,1,0,0.0,0
13965,186,1,2071.4196,186.0,6,Declining Frequent Buyers,0.7765919703194807,0,1,0,0.0,0
13964,205,1,2071.4196,205.0,6,Declining Frequent Buyers,0.7688538800675809,0,1,0,0.0,0
13960,201,1,2071.4196,201.0,6,Declining Frequent Buyers,0.7704510848278732,0,1,0,0.0,0
13959,209,1,2049.0982,209.0,6,Declining Frequent Buyers,0.7672237587214908,0,1,0,0.0,0
13958,211,1,2049.0982,211.0,6,Declining Frequent Buyers,0.7664390396860117,0,1,0,0.0,0
13957,195,1,2071.4196,195.0,6,Declining Frequent Buyers,0.7728780206877336,0,1,0,0.0,0
13955,206,1,2071.4196,206.0,6,Declining Frequent Buyers,0.7684571023934486,0,1,0,0.0,0
13953,200,1,2071.4196,200.0,6,Declining Frequent Buyers,0.770852947411031,0,1,0,0.0,0
13949,35,1,2181.5625,35.0,4,Frequent Low-Spend Customers,0.862028060014497,0,1,0,0.0,0
13948,50,1,2181.5625,50.0,4,Frequent Low-Spend Customers,0.8490399481523707,0,1,0,0.0,0
13947,55,1,2181.5625,55.0,4,Frequent Low-Spend Customers,0.8451660789507002,0,1,0,0.0,0
13939,70,1,2181.5625,70.0,4,Frequent Low-Spend Customers,0.8345177909065337,0,1,0,0.0,0
13938,63,1,2181.5625,63.0,4,Frequent Low-Spend Customers,0.8393245907232177,0,1,0,0.0,0
13927,71,1,2181.5625,71.0,4,Frequent Low-Spend Customers,0.8338515707841914,0,1,0,0.0,0
13925,90,1,2443.35,90.0,4,Frequent Low-Spend Customers,0.8228068797634995,0,1,0,0.0,0
13917,63,1,2443.35,63.0,4,Frequent Low-Spend Customers,0.840127032132358,0,1,0,0.0,0
13915,73,1,2181.5625,73.0,4,Frequent Low-Spend Customers,0.8325334013888775,0,1,0,0.0,0
13912,84,1,2181.5625,84.0,4,Frequent Low-Spend Customers,0.8255935237127145,0,1,0,0.0,0
13870,157,1,2443.35,157.0,6,Declining Frequent Buyers,0.7899747214202831,0,1,0,0.0,0
13866,169,1,2181.5625,169.0,6,Declining Frequent Buyers,0.7841028568125391,0,1,0,0.0,0
13865,182,1,2181.5625,182.0,6,Declining Frequent Buyers,0.7785054553688628,0,1,0,0.0,0
13807,581,1,3578.27,581.0,0,Active Minimal Buyers,0.6544911144535872,0,1,0,0.0,0
13801,355,1,2443.35,355.0,6,Declining Frequent Buyers,0.7183853684830223,0,1,0,0.0,0
13800,374,1,2443.35,374.0,6,Declining Frequent Buyers,0.712781159451076,0,1,0,0.0,0
13799,379,1,2181.5625,379.0,6,Declining Frequent Buyers,0.7108269712335589,0,1,0,0.0,0
13795,635,1,3578.27,635.0,0,Active Minimal Buyers,0.6416638914692504,0,1,0,0.0,0
13794,671,1,3578.27,671.0,0,Active Minimal Buyers,0.6334246428347424,0,1,0,0.0,0
13793,377,1,2181.5625,377.0,6,Declining Frequent Buyers,0.7114058252687577,0,1,0,0.0,0
13792,699,1,3578.27,699.0,0,Active Minimal Buyers,0.6271737014683216,0,1,0,0.0,0
13790,623,1,3578.27,623.0,0,Active Minimal Buyers,0.6444639289288341,0,1,0,0.0,0
13789,22,2,4397.75,609.0,1,High Value but Cooling,0.8494243491163889,0,0,0,0.0,0
13784,693,1,3578.27,693.0,0,Active Minimal Buyers,0.628502094809652,0,1,0,0.0,0
13783,683,1,3578.27,683.0,0,Active Minimal Buyers,0.6307294118979782,0,1,0,0.0,0
13782,637,1,3578.27,637.0,0,Active Minimal Buyers,0.6411998952755892,0,1,0,0.0,0
13779,393,1,2181.5625,393.0,6,Declining Frequent Buyers,0.7068185586476085,0,1,0,0.0,0
13778,4,2,4397.75,628.0,1,High Value but Cooling,0.8663413549734624,0,0,0,0.0,0
13777,675,1,3578.27,675.0,0,Active Minimal Buyers,0.6325234747021362,0,1,0,0.0,0
13774,24,2,4392.74,588.0,1,High Value but Cooling,0.8480505400194746,0,0,0,0.0,0
13772,695,1,3578.27,695.0,0,Active Minimal Buyers,0.6280586364500229,0,1,0,0.0,0
13771,631,1,3578.27,631.0,0,Active Minimal Buyers,0.6425941634802175,0,1,0,0.0,0
13770,651,1,3578.27,651.0,0,Active Minimal Buyers,0.6379728646647168,0,1,0,0.0,0
13806,352,1,2181.5625,352.0,6,Declining Frequent Buyers,0.7187802641970976,0,1,0,0.0,0
13808,604,1,3578.27,604.0,0,Active Minimal Buyers,0.6489551581145034,0,1,0,0.0,0
13862,190,1,2181.5625,190.0,6,Declining Frequent Buyers,0.7751631718866329,0,1,0,0.0,0
13811,341,1,2181.5625,341.0,6,Declining Frequent Buyers,0.7221108727505822,0,1,0,0.0,0
13856,201,1,2181.5625,201.0,6,Declining Frequent Buyers,0.770684141810976,0,1,0,0.0,0
13855,191,1,2181.5625,191.0,6,Declining Frequent Buyers,0.7747505404322124,0,1,0,0.0,0
13854,189,1,2443.35,189.0,6,Declining Frequent Buyers,0.7760809888105196,0,1,0,0.0,0
13849,19,2,3084.5425,186.0,1,High Value but Cooling,0.8377983497578189,0,0,0,0.0,0
13847,681,1,3578.27,681.0,0,Active Minimal Buyers,0.6311769011166488,0,1,0,0.0,0
13846,671,1,3578.27,671.0,0,Active Minimal Buyers,0.6334246428347424,0,1,0,0.0,0
13845,676,1,3578.27,676.0,0,Active Minimal Buyers,0.6322986158347658,0,1,0,0.0,0
13844,583,1,3578.27,583.0,0,Active Minimal Buyers,0.6540052658499433,0,1,0,0.0,0
13842,594,1,3578.27,594.0,0,Active Minimal Buyers,0.6513484171831821,0,1,0,0.0,0
13841,30,2,4329.61,649.0,1,High Value but Cooling,0.8438130592857748,0,1,0,0.0,0
13840,339,1,2181.5625,339.0,6,Declining Frequent Buyers,0.7227223881432084,0,1,0,0.0,0
13839,361,1,2443.35,361.0,6,Declining Frequent Buyers,0.7165991854391424,0,1,0,0.0,0
13836,608,1,3578.27,608.0,0,Active Minimal Buyers,0.6480036132069432,0,1,0,0.0,0
13829,596,1,3578.27,596.0,0,Active Minimal Buyers,0.650868103331212,0,1,0,0.0,0
13823,348,1,2443.35,348.0,6,Declining Frequent Buyers,0.7204891323022097,0,1,0,0.0,0
13822,595,1,3578.27,595.0,0,Active Minimal Buyers,0.6511081555867589,0,1,0,0.0,0
13821,700,1,3578.27,700.0,0,Active Minimal Buyers,0.6269528784918952,0,1,0,0.0,0
13820,673,1,3578.27,673.0,0,Active Minimal Buyers,0.6329737114549889,0,1,0,0.0,0
13812,354,1,2443.35,354.0,6,Declining Frequent Buyers,0.7186845820796951,0,1,0,0.0,0
12687,318,1,2071.4196,318.0,6,Declining Frequent Buyers,0.7290265737797007,0,1,0,0.0,0
12686,336,1,2071.4196,336.0,6,Declining Frequent Buyers,0.7234101188963217,0,1,0,0.0,0
12685,366,1,2049.0982,366.0,6,Declining Frequent Buyers,0.7143363473734105,0,1,0,0.0,0
11529,493,1,3578.27,493.0,0,Active Minimal Buyers,0.6767991261616098,0,1,0,0.0,0
11540,504,1,3578.27,504.0,0,Active Minimal Buyers,0.6739034659928805,0,1,0,0.0,0
11539,494,1,3578.27,494.0,0,Active Minimal Buyers,0.6765345090428738,0,1,0,0.0,0
11538,501,1,3578.27,501.0,0,Active Minimal Buyers,0.674689914190644,0,1,0,0.0,0
11537,496,1,3578.27,496.0,0,Active Minimal Buyers,0.6760061066993048,0,1,0,0.0,0
11536,493,1,3578.27,493.0,0,Active Minimal Buyers,0.6767991261616098,0,1,0,0.0,0
11535,515,1,3578.27,515.0,0,Active Minimal Buyers,0.6710403926366921,0,1,0,0.0,0
11534,499,1,3578.27,499.0,0,Active Minimal Buyers,0.6752155702340035,0,1,0,0.0,0
11531,518,1,3578.27,518.0,0,Active Minimal Buyers,0.6702650706208036,0,1,0,0.0,0
11530,1,1,78.48,1.0,5,Champions,0.4884913876805994,0,1,0,0.0,0
11528,505,1,3578.27,505.0,0,Active Minimal Buyers,0.6736418562221231,0,1,0,0.0,0
11598,324,1,2071.4196,324.0,6,Declining Frequent Buyers,0.7271365447747447,0,1,0,0.0,0
11525,511,1,3578.27,511.0,0,Active Minimal Buyers,0.6720778073305114,0,1,0,0.0,0
11522,514,1,3578.27,514.0,0,Active Minimal Buyers,0.6712993534851849,0,1,0,0.0,0
11516,502,1,3578.27,502.0,0,Active Minimal Buyers,0.6744274941628504,0,1,0,0.0,0
11515,517,1,3578.27,517.0,0,Active Minimal Buyers,0.6705232519681847,0,1,0,0.0,0
11496,426,1,3399.99,426.0,0,Active Minimal Buyers,0.6951912677653911,0,1,0,0.0,0
11494,403,1,3399.99,403.0,0,Active Minimal Buyers,0.7018541631572107,0,1,0,0.0,0
11493,442,1,3399.99,442.0,0,Active Minimal Buyers,0.6906655996415016,0,1,0,0.0,0
11492,353,1,2049.0982,353.0,6,Declining Frequent Buyers,0.7181981661456813,0,1,0,0.0,0
11491,449,1,3374.99,449.0,0,Active Minimal Buyers,0.6887096741188272,0,1,0,0.0,0
11541,505,1,3578.27,505.0,0,Active Minimal Buyers,0.6736418562221231,0,1,0,0.0,0
11546,58,1,2071.4196,58.0,4,Frequent Low-Spend Customers,0.8425566422506956,0,1,0,0.0,0
11547,35,1,2071.4196,35.0,4,Frequent Low-Spend Customers,0.8616570446766814,0,1,0,0.0,0
11548,424,1,3374.99,424.0,0,Active Minimal Buyers,0.6957604526054253,0,1,0,0.0,0
11592,749,1,3578.27,749.0,0,Active Minimal Buyers,0.6163262979386619,0,1,0,0.0,0
11591,749,1,3578.27,749.0,0,Active Minimal Buyers,0.6163262979386619,0,1,0,0.0,0
11590,59,1,2049.0982,59.0,4,Frequent Low-Spend Customers,0.8417457727522971,0,1,0,0.0,0
11588,61,1,2049.0982,61.0,4,Frequent Low-Spend Customers,0.8402986844089759,0,1,0,0.0,0
11587,61,1,2049.0982,61.0,4,Frequent Low-Spend Customers,0.8402986844089759,0,1,0,0.0,0
11583,39,1,2071.4196,39.0,4,Frequent Low-Spend Customers,0.8579548932858707,0,1,0,0.0,0
11582,53,1,2049.0982,53.0,4,Frequent Low-Spend Customers,0.8462442128080303,0,1,0,0.0,0
11578,61,1,2071.4196,61.0,4,Frequent Low-Spend Customers,0.8403766091151632,0,1,0,0.0,0
11577,39,1,2049.0982,39.0,4,Frequent Low-Spend Customers,0.8578769685796834,0,1,0,0.0,0
11576,45,1,2071.4196,45.0,4,Frequent Low-Spend Customers,0.8527456445197586,0,1,0,0.0,0
11575,375,1,2049.0982,375.0,6,Declining Frequent Buyers,0.7117042664920898,0,1,0,0.0,0
11572,51,1,2071.4196,51.0,4,Frequent Low-Spend Customers,0.8478788879071302,0,1,0,0.0,0
11571,48,1,2071.4196,48.0,4,Frequent Low-Spend Customers,0.8502735390786501,0,1,0,0.0,0
11570,310,1,2071.4196,310.0,6,Declining Frequent Buyers,0.7315755775285785,0,1,0,0.0,0
11568,385,1,2071.4196,385.0,6,Declining Frequent Buyers,0.7088667858382276,0,1,0,0.0,0
11564,348,1,2049.0982,348.0,6,Declining Frequent Buyers,0.7197030645673893,0,1,0,0.0,0
11561,345,1,2049.0982,345.0,6,Declining Frequent Buyers,0.7206113846407086,0,1,0,0.0,0
11550,18,2,2826.4382,357.0,1,High Value but Cooling,0.8350498414849724,0,1,0,0.0,0
11549,405,1,3399.99,405.0,0,Active Minimal Buyers,0.701267083894082,0,1,0,0.0,0
11489,459,1,3374.99,459.0,0,Active Minimal Buyers,0.6859465010482587,0,1,0,0.0,0
11488,459,1,3374.99,459.0,0,Active Minimal Buyers,0.6859465010482587,0,1,0,0.0,0
11485,503,1,3399.99,503.0,0,Active Minimal Buyers,0.6741468843658704,0,1,0,0.0,0
11447,25,2,5684.959999999999,556.0,1,High Value but Cooling,0.8569838839474411,0,1,0,0.0,0
11445,25,2,5704.969999999999,578.0,1,High Value but Cooling,0.857112052460366,0,1,0,0.0,0
11444,5,2,5751.95,603.0,1,High Value but Cooling,0.8748716266870277,0,1,0,0.0,0
11443,602,1,3374.99,602.0,0,Active Minimal Buyers,0.6494110190414152,0,1,0,0.0,0
11432,50,1,2071.4196,50.0,4,Frequent Low-Spend Customers,0.8486689328145549,0,1,0,0.0,0
11431,405,1,3399.99,405.0,0,Active Minimal Buyers,0.701267083894082,0,1,0,0.0,0
11429,46,1,2071.4196,46.0,4,Frequent Low-Spend Customers,0.851912546553176,0,1,0,0.0,0
11428,421,1,3399.99,421.0,0,Active Minimal Buyers,0.6966235490955237,0,1,0,0.0,0
11427,406,1,3399.99,406.0,0,Active Minimal Buyers,0.7009741076720031,0,1,0,0.0,0
11425,68,1,2049.0982,68.0,4,Frequent Low-Spend Customers,0.835416076628059,0,1,0,0.0,0
11423,416,1,3374.99,416.0,0,Active Minimal Buyers,0.6980619976924359,0,1,0,0.0,0
11422,526,1,3399.99,526.0,0,Active Minimal Buyers,0.6681903955046843,0,1,0,0.0,0
11421,453,1,3399.99,453.0,0,Active Minimal Buyers,0.6876032911403377,0,1,0,0.0,0
11420,89,1,2071.4196,89.0,4,Frequent Low-Spend Customers,0.8222228735600049,0,1,0,0.0,0
11416,83,1,2049.0982,83.0,4,Frequent Low-Spend Customers,0.8257554204737467,0,1,0,0.0,0
11414,535,1,3399.99,535.0,0,Active Minimal Buyers,0.6658964441775708,0,1,0,0.0,0
11413,538,1,3399.99,538.0,0,Active Minimal Buyers,0.6651362465435902,0,1,0,0.0,0
11412,451,1,3374.99,451.0,0,Active Minimal Buyers,0.6881545069696084,0,1,0,0.0,0
11410,77,1,2049.0982,77.0,4,Frequent Low-Spend Customers,0.8295025386398249,0,1,0,0.0,0
11406,86,1,2049.0982,86.0,4,Frequent Low-Spend Customers,0.8239340110246125,0,1,0,0.0,0
11446,22,2,5754.969999999999,569.0,1,High Value but Cooling,0.8594054235441273,0,1,0,0.0,0
11448,31,2,5693.95,562.0,1,High Value but Cooling,0.8534188988391731,0,1,0,0.0,0
11484,13,2,4436.3996,380.0,1,High Value but Cooling,0.856663426576649,0,1,0,0.0,0
11449,30,2,5737.259999999999,560.0,1,High Value but Cooling,0.8542727557451207,0,1,0,0.0,0
11483,38,1,2071.4196,38.0,4,Frequent Low-Spend Customers,0.8588616898919472,0,1,0,0.0,0
11482,509,1,3374.99,509.0,0,Active Minimal Buyers,0.6725769565097768,0,1,0,0.0,0
11481,8,2,4424.0782,360.0,1,High Value but Cooling,0.861463768214828,0,1,0,0.0,0
11480,35,1,2071.4196,35.0,4,Frequent Low-Spend Customers,0.8616570446766814,0,1,0,0.0,0
11479,55,1,2071.4196,55.0,4,Frequent Low-Spend Customers,0.8447950636128845,0,1,0,0.0,0
11472,553,1,3399.99,553.0,0,Active Minimal Buyers,0.6613678188107573,0,1,0,0.0,0
11470,373,1,2049.0982,373.0,6,Declining Frequent Buyers,0.7122863201281212,0,1,0,0.0,0
11468,1,2,5694.98,539.0,1,High Value but Cooling,0.8815095294111965,0,1,0,0.0,0
11465,565,1,3399.99,565.0,0,Active Minimal Buyers,0.6583910840374271,0,1,0,0.0,0
11464,557,1,3374.99,557.0,0,Active Minimal Buyers,0.6603692084532108,0,1,0,0.0,0
11462,563,1,3374.99,563.0,0,Active Minimal Buyers,0.6588822368494707,0,1,0,0.0,0
11461,548,1,3374.99,548.0,0,Active Minimal Buyers,0.662615327717998,0,1,0,0.0,0
11460,558,1,3399.99,558.0,0,Active Minimal Buyers,0.6601234816227434,0,1,0,0.0,0
11459,552,1,3399.99,552.0,0,Active Minimal Buyers,0.6616173854742994,0,1,0,0.0,0
11457,562,1,3374.99,562.0,0,Active Minimal Buyers,0.6591294927164687,0,1,0,0.0,0
11455,20,2,5694.98,558.0,1,High Value but Cooling,0.860415774975025,0,1,0,0.0,0
11454,22,2,5669.98,526.0,1,High Value but Cooling,0.8588629304051835,0,1,0,0.0,0
11453,7,2,5757.919999999999,557.0,1,High Value but Cooling,0.8723791489556945,0,1,0,0.0,0
11452,16,2,5789.98,552.0,1,High Value but Cooling,0.8640271462078186,0,1,0,0.0,0
11593,739,1,3578.27,739.0,0,Active Minimal Buyers,0.6184650011825924,0,1,0,0.0,0
11599,742,1,3578.27,742.0,0,Active Minimal Buyers,0.6178218220749183,0,1,0,0.0,0
11398,576,1,3399.99,576.0,0,Active Minimal Buyers,0.6556910834806324,0,1,0,0.0,0
11772,479,1,3578.27,479.0,0,Active Minimal Buyers,0.6805333983435073,0,1,0,0.0,0
11796,471,1,3578.27,471.0,0,Active Minimal Buyers,0.6826927076830532,0,1,0,0.0,0
11780,472,1,3578.27,472.0,0,Active Minimal Buyers,0.6824217596207067,0,1,0,0.0,0
11779,470,1,3578.27,470.0,0,Active Minimal Buyers,0.6829639541382723,0,1,0,0.0,0
11778,460,1,3578.27,460.0,0,Active Minimal Buyers,0.6856930447901411,0,1,0,0.0,0
11777,473,1,3578.27,473.0,0,Active Minimal Buyers,0.6821511089931636,0,1,0,0.0,0
11776,482,1,3578.27,482.0,0,Active Minimal Buyers,0.679728482319964,0,1,0,0.0,0
11775,484,1,3578.27,484.0,0,Active Minimal Buyers,0.6791933137999562,0,1,0,0.0,0
11774,461,1,3578.27,461.0,0,Active Minimal Buyers,0.6854187605649582,0,1,0,0.0,0
11773,464,1,3578.27,464.0,0,Active Minimal Buyers,0.6845977534227576,0,1,0,0.0,0
11768,514,1,3399.99,514.0,0,Active Minimal Buyers,0.6712808928153509,0,1,0,0.0,0
11601,741,1,3578.27,741.0,0,Active Minimal Buyers,0.6180360649500309,0,1,0,0.0,0
11767,500,1,3399.99,500.0,0,Active Minimal Buyers,0.6749341452696765,0,1,0,0.0,0
11766,498,1,3399.99,498.0,0,Active Minimal Buyers,0.6754603472329987,0,1,0,0.0,0
11765,505,1,3374.99,505.0,0,Active Minimal Buyers,0.6736207189763489,0,1,0,0.0,0
11764,508,1,3399.99,508.0,0,Active Minimal Buyers,0.6728401738103319,0,1,0,0.0,0
11762,541,1,3399.99,541.0,0,Active Minimal Buyers,0.6643782439323589,0,1,0,0.0,0
11761,543,1,3399.99,543.0,0,Active Minimal Buyers,0.6638741192009106,0,1,0,0.0,0
11759,569,1,3374.99,569.0,0,Active Minimal Buyers,0.6574034610292664,0,1,0,0.0,0
11756,551,1,3374.99,551.0,0,Active Minimal Buyers,0.6618645101309519,0,1,0,0.0,0
11754,563,1,3399.99,563.0,0,Active Minimal Buyers,0.6588849134254109,0,1,0,0.0,0
11797,473,1,3578.27,473.0,0,Active Minimal Buyers,0.6821511089931636,0,1,0,0.0,0
11798,472,1,3578.27,472.0,0,Active Minimal Buyers,0.6824217596207067,0,1,0,0.0,0
11799,477,1,3578.27,477.0,0,Active Minimal Buyers,0.6810714618469995,0,1,0,0.0,0
11809,466,1,3578.27,466.0,0,Active Minimal Buyers,0.6840519432295391,0,1,0,0.0,0
11873,480,1,3578.27,480.0,0,Active Minimal Buyers,0.6802648033564938,0,1,0,0.0,0
11872,466,1,3578.27,466.0,0,Active Minimal Buyers,0.6840519432295391,0,1,0,0.0,0
11854,462,1,3578.27,462.0,0,Active Minimal Buyers,0.6851447846018333,0,1,0,0.0,0
11839,461,1,3578.27,461.0,0,Active Minimal Buyers,0.6854187605649582,0,1,0,0.0,0
11837,474,1,3578.27,474.0,0,Active Minimal Buyers,0.6818807548474449,0,1,0,0.0,0
11835,19,1,2319.2599999999998,19.0,4,Frequent Low-Spend Customers,0.8800047518859606,0,1,0,0.0,0
11834,465,1,3578.27,465.0,0,Active Minimal Buyers,0.6843246962009837,0,1,0,0.0,0
11831,460,1,3578.27,460.0,0,Active Minimal Buyers,0.6856930447901411,0,1,0,0.0,0
11830,488,1,3578.27,488.0,0,Active Minimal Buyers,0.6781264055278102,0,1,0,0.0,0
11826,460,1,3578.27,460.0,0,Active Minimal Buyers,0.6856930447901411,0,1,0,0.0,0
11825,471,1,3578.27,471.0,0,Active Minimal Buyers,0.6826927076830532,0,1,0,0.0,0
11818,466,1,3578.27,466.0,0,Active Minimal Buyers,0.6840519432295391,0,1,0,0.0,0
11817,474,1,3578.27,474.0,0,Active Minimal Buyers,0.6818807548474449,0,1,0,0.0,0
11816,485,1,3578.27,485.0,0,Active Minimal Buyers,0.6789261594763273,0,1,0,0.0,0
11815,485,1,3578.27,485.0,0,Active Minimal Buyers,0.6789261594763273,0,1,0,0.0,0
11813,471,1,3578.27,471.0,0,Active Minimal Buyers,0.6826927076830532,0,1,0,0.0,0
11812,484,1,3578.27,484.0,0,Active Minimal Buyers,0.6791933137999562,0,1,0,0.0,0
11811,472,1,3578.27,472.0,0,Active Minimal Buyers,0.6824217596207067,0,1,0,0.0,0
11810,467,1,3578.27,467.0,0,Active Minimal Buyers,0.6837794935190039,0,1,0,0.0,0
11751,571,1,3399.99,571.0,0,Active Minimal Buyers,0.6569150109204724,0,1,0,0.0,0
11750,565,1,3399.99,565.0,0,Active Minimal Buyers,0.6583910840374271,0,1,0,0.0,0
11746,1,1,42.28,1.0,5,Champions,0.41993195481989914,0,1,0,0.0,0
11630,496,1,3578.27,496.0,0,Active Minimal Buyers,0.6760061066993048,0,1,0,0.0,0
11628,505,1,3578.27,505.0,0,Active Minimal Buyers,0.6736418562221231,0,1,0,0.0,0
11626,516,1,3578.27,516.0,0,Active Minimal Buyers,0.6707816923862067,0,1,0,0.0,0
11625,493,1,3578.27,493.0,0,Active Minimal Buyers,0.6767991261616098,0,1,0,0.0,0
11624,496,1,3578.27,496.0,0,Active Minimal Buyers,0.6760061066993048,0,1,0,0.0,0
11623,510,1,3578.27,510.0,0,Active Minimal Buyers,0.6723378183018052,0,1,0,0.0,0
11617,507,1,3578.27,507.0,0,Active Minimal Buyers,0.6731194412679711,0,1,0,0.0,0
11616,12,2,2855.6996000000004,349.0,1,High Value but Cooling,0.8404135697295821,0,1,0,0.0,0
11615,29,2,2848.7596000000003,313.0,1,High Value but Cooling,0.8280772680973214,0,1,0,0.0,0
11614,264,1,2049.0982,264.0,6,Declining Frequent Buyers,0.746894483385882,0,1,0,0.0,0
11613,261,1,2071.4196,261.0,6,Declining Frequent Buyers,0.7479921849947956,0,1,0,0.0,0
11612,362,1,2049.0982,362.0,6,Declining Frequent Buyers,0.7155169199326947,0,1,0,0.0,0
11611,737,1,3578.27,737.0,0,Active Minimal Buyers,0.6188945401156702,0,1,0,0.0,0
11610,385,1,2071.4196,385.0,6,Declining Frequent Buyers,0.7088667858382276,0,1,0,0.0,0
11609,367,1,2049.0982,367.0,6,Declining Frequent Buyers,0.7140422501206674,0,1,0,0.0,0
11607,741,1,3578.27,741.0,0,Active Minimal Buyers,0.6180360649500309,0,1,0,0.0,0
11606,752,1,3578.27,752.0,0,Active Minimal Buyers,0.6156875795418789,0,1,0,0.0,0
11605,327,1,2049.0982,327.0,6,Declining Frequent Buyers,0.7261493783949754,0,1,0,0.0,0
11604,392,1,2049.0982,392.0,6,Declining Frequent Buyers,0.7068203886053854,0,1,0,0.0,0
11603,377,1,2049.0982,377.0,6,Declining Frequent Buyers,0.7111238191046315,0,1,0,0.0,0
11629,492,1,3578.27,492.0,0,Active Minimal Buyers,0.677064021715906,0,1,0,0.0,0
11654,469,1,3578.27,469.0,0,Active Minimal Buyers,0.6832354999495609,0,1,0,0.0,0
11745,477,1,3578.27,477.0,0,Active Minimal Buyers,0.6810714618469995,0,1,0,0.0,0
11663,459,1,3578.27,459.0,0,Active Minimal Buyers,0.685967638294033,0,1,0,0.0,0
11743,462,1,3578.27,462.0,0,Active Minimal Buyers,0.6851447846018333,0,1,0,0.0,0
11742,484,1,3578.27,484.0,0,Active Minimal Buyers,0.6791933137999562,0,1,0,0.0,0
11741,472,1,3578.27,472.0,0,Active Minimal Buyers,0.6824217596207067,0,1,0,0.0,0
11739,16,1,2359.9799999999996,16.0,4,Frequent Low-Spend Customers,0.8841655454041148,0,1,0,0.0,0
11727,475,1,3578.27,475.0,0,Active Minimal Buyers,0.6816106962356232,0,1,0,0.0,0
11708,462,1,3578.27,462.0,0,Active Minimal Buyers,0.6851447846018333,0,1,0,0.0,0
11707,477,1,3578.27,477.0,0,Active Minimal Buyers,0.6810714618469995,0,1,0,0.0,0
11705,459,1,3578.27,459.0,0,Active Minimal Buyers,0.685967638294033,0,1,0,0.0,0
11696,486,1,3578.27,486.0,0,Active Minimal Buyers,0.6786592905824049,0,1,0,0.0,0
11693,1,1,2294.99,1.0,4,Frequent Low-Spend Customers,0.9159042908418173,0,0,0,0.0,0
11690,462,1,3578.27,462.0,0,Active Minimal Buyers,0.6851447846018333,0,1,0,0.0,0
11688,485,1,3578.27,485.0,0,Active Minimal Buyers,0.6789261594763273,0,1,0,0.0,0
11683,482,1,3578.27,482.0,0,Active Minimal Buyers,0.679728482319964,0,1,0,0.0,0
11678,477,1,3578.27,477.0,0,Active Minimal Buyers,0.6810714618469995,0,1,0,0.0,0
11675,462,1,3578.27,462.0,0,Active Minimal Buyers,0.6851447846018333,0,1,0,0.0,0
11671,466,1,3578.27,466.0,0,Active Minimal Buyers,0.6840519432295391,0,1,0,0.0,0
11666,470,1,3578.27,470.0,0,Active Minimal Buyers,0.6829639541382723,0,1,0,0.0,0
11665,474,1,3578.27,474.0,0,Active Minimal Buyers,0.6818807548474449,0,1,0,0.0,0
11664,460,1,3578.27,460.0,0,Active Minimal Buyers,0.6856930447901411,0,1,0,0.0,0
11400,30,2,5693.95,534.0,1,High Value but Cooling,0.8539964838538223,0,1,0,0.0,0
11395,442,1,3399.99,442.0,0,Active Minimal Buyers,0.6906655996415016,0,1,0,0.0,0
11886,459,1,3578.27,459.0,0,Active Minimal Buyers,0.685967638294033,0,1,0,0.0,0
11083,23,1,2394.97,23.0,4,Frequent Low-Spend Customers,0.8753102082024168,0,1,0,0.0,0
11097,666,1,3374.99,666.0,0,Active Minimal Buyers,0.6345338937206128,0,1,0,0.0,0
11096,659,1,3374.99,659.0,0,Active Minimal Buyers,0.6361238587564274,0,1,0,0.0,0
11095,2,2,5738.95,667.0,1,High Value but Cooling,0.8796242744439463,0,1,0,0.0,0
11093,22,2,5760.94,641.0,1,High Value but Cooling,0.8594431870551336,0,1,0,0.0,0
11092,17,2,5716.959999999999,645.0,1,High Value but Cooling,0.8627809240660458,0,1,0,0.0,0
11090,2,2,5952.74,539.0,1,High Value but Cooling,0.8809536825146385,0,1,0,0.0,0
11089,31,1,2351.9599999999996,31.0,4,Frequent Low-Spend Customers,0.8664847107701504,0,1,0,0.0,0
11088,16,1,2366.4599999999996,16.0,4,Frequent Low-Spend Customers,0.8841848983582541,0,1,0,0.0,0
11084,25,1,2322.2799999999997,25.0,4,Frequent Low-Spend Customers,0.8727920759608522,0,1,0,0.0,0
11082,7,1,2329.99,7.0,4,Frequent Low-Spend Customers,0.8991808120492051,0,1,0,0.0,0
11156,21,1,2389.97,21.0,4,Frequent Low-Spend Customers,0.8776979577286419,0,0,0,0.0,0
11080,16,2,5734.969999999999,644.0,1,High Value but Cooling,0.8636794852850627,0,1,0,0.0,0
11077,4,2,5749.969999999999,651.0,1,High Value but Cooling,0.8762907673545839,0,1,0,0.0,0
11076,29,2,5774.969999999999,620.0,1,High Value but Cooling,0.8550987282391223,0,1,0,0.0,0
11075,13,2,5669.98,629.0,1,High Value but Cooling,0.8657714500691205,0,1,0,0.0,0
11072,20,2,5795.95,650.0,1,High Value but Cooling,0.8610560654207254,0,1,0,0.0,0
11069,3,2,5719.98,650.0,1,High Value but Cooling,0.877690056475648,0,1,0,0.0,0
11064,4,1,2304.9799999999996,4.0,4,Frequent Low-Spend Customers,0.9061007625445469,0,0,0,0.0,0
11063,17,1,2372.95,17.0,4,Frequent Low-Spend Customers,0.8828199230780237,0,0,0,0.0,0
11062,22,1,2351.9599999999996,22.0,4,Frequent Low-Spend Customers,0.8763700482068008,0,0,0,0.0,0
11099,663,1,3399.99,663.0,0,Active Minimal Buyers,0.6352169171856422,0,1,0,0.0,0
11100,654,1,3374.99,654.0,0,Active Minimal Buyers,0.6372649184949013,0,1,0,0.0,0
11101,3,2,5839.98,638.0,1,High Value but Cooling,0.8784458646342989,0,1,0,0.0,0
11104,7,2,5734.969999999999,629.0,1,High Value but Cooling,0.872233646547406,0,1,0,0.0,0
11154,19,1,2319.99,19.0,4,Frequent Low-Spend Customers,0.8800069787490705,0,0,0,0.0,0
11152,20,1,2294.99,20.0,4,Frequent Low-Spend Customers,0.8786552378259134,0,0,0,0.0,0
11151,625,1,3374.99,625.0,0,Active Minimal Buyers,0.6439741883415745,0,1,0,0.0,0
11147,627,1,3374.99,627.0,0,Active Minimal Buyers,0.6435063621531297,0,1,0,0.0,0
11145,4,1,2309.97,4.0,4,Frequent Low-Spend Customers,0.9061160757430391,0,0,0,0.0,0
11144,4,1,2399.97,4.0,4,Frequent Low-Spend Customers,0.9063859779308381,0,0,0,0.0,0
11136,26,1,2380.47,26.0,4,Frequent Low-Spend Customers,0.8718510848510481,0,0,0,0.0,0
11134,637,1,3399.99,637.0,0,Active Minimal Buyers,0.6411814346057552,0,1,0,0.0,0
11129,20,2,5873.26,522.0,1,High Value but Cooling,0.8615377985387,0,0,0,0.0,0
11126,612,1,3399.99,612.0,0,Active Minimal Buyers,0.647036849085363,0,1,0,0.0,0
11124,4,2,5709.959999999999,631.0,1,High Value but Cooling,0.8760362738477555,0,1,0,0.0,0
11120,626,1,3374.99,626.0,0,Active Minimal Buyers,0.6437401783387883,0,1,0,0.0,0
11112,615,1,3374.99,615.0,0,Active Minimal Buyers,0.6463250528044,0,1,0,0.0,0
11111,620,1,3399.99,620.0,0,Active Minimal Buyers,0.6451498387280565,0,1,0,0.0,0
11110,639,1,3399.99,639.0,0,Active Minimal Buyers,0.6407181934625681,0,1,0,0.0,0
11108,30,2,5704.98,607.0,1,High Value but Cooling,0.8540670699354115,0,1,0,0.0,0
11107,16,2,5751.95,623.0,1,High Value but Cooling,0.8637872016327575,0,1,0,0.0,0
11106,29,2,5694.98,593.0,1,High Value but Cooling,0.8545904302546924,0,1,0,0.0,0
11105,29,2,5694.98,597.0,1,High Value but Cooling,0.8545904302546924,0,1,0,0.0,0
11061,29,2,5744.95,659.0,1,High Value but Cooling,0.854908910049627,0,1,0,0.0,0
11060,25,2,5719.98,657.0,1,High Value but Cooling,0.8572078595557592,0,1,0,0.0,0
11058,25,2,5774.969999999999,667.0,1,High Value but Cooling,0.8575564263181211,0,1,0,0.0,0
11030,724,1,3399.99,724.0,0,Active Minimal Buyers,0.6216829464925482,0,1,0,0.0,0
11028,734,1,3374.99,734.0,0,Active Minimal Buyers,0.6195188467706005,0,1,0,0.0,0
11027,744,1,3399.99,744.0,0,Active Minimal Buyers,0.6173753246032914,0,1,0,0.0,0
11026,737,1,3399.99,737.0,0,Active Minimal Buyers,0.6188760794458361,0,1,0,0.0,0
11025,9,2,5780.459999999999,745.0,1,High Value but Cooling,0.8703032338587371,0,1,0,0.0,0
11022,9,1,2322.2799999999997,9.0,4,Frequent Low-Spend Customers,0.8952403312893245,0,0,0,0.0,0
11021,6,1,2371.9599999999996,6.0,4,Frequent Low-Spend Customers,0.9014577532045301,0,0,0,0.0,0
11020,31,1,2316.97,31.0,4,Frequent Low-Spend Customers,0.8663787429690064,0,0,0,0.0,0
11018,13,2,5741.959999999999,730.0,1,High Value but Cooling,0.8662314932129829,0,1,0,0.0,0
11017,28,2,5691.959999999999,720.0,1,High Value but Cooling,0.8551686914629955,0,1,0,0.0,0
11015,11,1,2500.97,11.0,4,Frequent Low-Spend Customers,0.8922347932140854,0,0,0,0.0,0
11011,4,2,5694.98,757.0,1,High Value but Cooling,0.8759404673333395,0,1,0,0.0,0
11010,18,2,5694.98,728.0,1,High Value but Cooling,0.8618788490994292,0,1,0,0.0,0
11009,9,2,5672.2699999999995,724.0,1,High Value but Cooling,0.8696145507864291,0,1,0,0.0,0
11008,26,2,5687.25,709.0,1,High Value but Cooling,0.8563667195810389,0,1,0,0.0,0
11006,31,2,5734.959999999999,705.0,1,High Value but Cooling,0.8536805589148904,0,1,0,0.0,0
11005,6,2,5737.259999999999,755.0,1,High Value but Cooling,0.8734661978663546,0,1,0,0.0,0
11004,7,2,5776.95,730.0,1,High Value but Cooling,0.872499299108709,0,1,0,0.0,0
11003,24,2,5718.95,738.0,1,High Value but Cooling,0.8578459092156553,0,1,0,0.0,0
11002,29,2,5694.98,724.0,1,High Value but Cooling,0.8545904302546924,0,1,0,0.0,0
11029,741,1,3399.99,741.0,0,Active Minimal Buyers,0.6180176042801968,0,1,0,0.0,0
11031,728,1,3399.99,728.0,0,Active Minimal Buyers,0.6208165300574248,0,1,0,0.0,0
11057,2,2,5694.98,705.0,1,High Value but Cooling,0.8793438683226635,0,1,0,0.0,0
11032,711,1,3374.99,711.0,0,Active Minimal Buyers,0.6245134085330485,0,1,0,0.0,0
11056,703,1,3374.99,703.0,0,Active Minimal Buyers,0.6262702524731601,0,1,0,0.0,0
11055,729,1,3374.99,729.0,0,Active Minimal Buyers,0.6205976355364797,0,1,0,0.0,0
11054,22,2,5803.959999999999,704.0,1,High Value but Cooling,0.8597140022767156,0,1,0,0.0,0
11053,12,1,2329.9799999999996,12.0,4,Frequent Low-Spend Customers,0.8900875276967111,0,0,0,0.0,0
11052,8,2,5712.259999999999,704.0,1,High Value but Cooling,0.8709478380075529,0,1,0,0.0,0
11050,709,1,3374.99,709.0,0,Active Minimal Buyers,0.6249516540275756,0,1,0,0.0,0
11048,719,1,3374.99,719.0,0,Active Minimal Buyers,0.6227667902839071,0,1,0,0.0,0
11047,726,1,3399.99,726.0,0,Active Minimal Buyers,0.6212494286985877,0,1,0,0.0,0
11046,723,1,3374.99,723.0,0,Active Minimal Buyers,0.6218972618068144,0,1,0,0.0,0
11044,701,1,3374.99,701.0,0,Active Minimal Buyers,0.6267110818648571,0,1,0,0.0,0
11042,8,1,2319.99,8.0,4,Frequent Low-Spend Customers,0.8971352098383869,0,1,0,0.0,0
11041,15,1,2380.47,15.0,4,Frequent Low-Spend Customers,0.8856538218471139,0,0,0,0.0,0
11039,722,1,3399.99,722.0,0,Active Minimal Buyers,0.6221170860365306,0,1,0,0.0,0
11038,722,1,3374.99,722.0,0,Active Minimal Buyers,0.6221144094605904,0,1,0,0.0,0
11037,9,1,2374.2299999999996,9.0,4,Frequent Low-Spend Customers,0.8953966163377494,0,0,0,0.0,0
11036,7,1,2354.9799999999996,7.0,4,Frequent Low-Spend Customers,0.8992561991465557,0,0,0,0.0,0
11035,723,1,3374.99,723.0,0,Active Minimal Buyers,0.6218972618068144,0,1,0,0.0,0
11034,728,1,3399.99,728.0,0,Active Minimal Buyers,0.6208165300574248,0,1,0,0.0,0
11033,714,1,3374.99,714.0,0,Active Minimal Buyers,0.6238572377189835,0,1,0,0.0,0
11155,23,1,2319.99,23.0,4,Frequent Low-Spend Customers,0.8750856322267753,0,0,0,0.0,0
11158,10,1,2395.9599999999996,10.0,4,Frequent Low-Spend Customers,0.8936554603878659,0,0,0,0.0,0
11394,575,1,3399.99,575.0,0,Active Minimal Buyers,0.6559354268300905,0,1,0,0.0,0
11327,491,1,3578.27,491.0,0,Active Minimal Buyers,0.6773291965644093,0,1,0,0.0,0
11339,4,2,4379.0782,110.0,1,High Value but Cooling,0.8661804747317604,0,0,0,0.0,0
11338,30,2,5744.95,446.0,1,High Value but Cooling,0.8543215616793841,0,0,0,0.0,0
11337,10,2,5763.95,682.0,1,High Value but Cooling,0.8691767254623552,0,1,0,0.0,0
11335,25,2,5744.25,439.0,1,High Value but Cooling,0.8573621685319758,0,0,0,0.0,0
11334,28,2,5734.959999999999,669.0,1,High Value but Cooling,0.8554431030375724,0,1,0,0.0,0
11333,24,2,5744.25,656.0,1,High Value but Cooling,0.8580067834166575,0,1,0,0.0,0
11332,23,2,5754.969999999999,449.0,1,High Value but Cooling,0.8587328606213889,0,0,0,0.0,0
11329,492,1,3578.27,492.0,0,Active Minimal Buyers,0.677064021715906,0,1,0,0.0,0
11328,24,1,2319.99,24.0,4,Frequent Low-Spend Customers,0.8739234084488292,0,1,0,0.0,0
11326,502,1,3578.27,502.0,0,Active Minimal Buyers,0.6744274941628504,0,1,0,0.0,0
11167,22,1,2329.99,22.0,4,Frequent Low-Spend Customers,0.8763037230545041,0,1,0,0.0,0
11325,498,1,3578.27,498.0,0,Active Minimal Buyers,0.6754788079028329,0,1,0,0.0,0
11324,491,1,3578.27,491.0,0,Active Minimal Buyers,0.6773291965644093,0,1,0,0.0,0
11323,507,1,3578.27,507.0,0,Active Minimal Buyers,0.6731194412679711,0,1,0,0.0,0
11319,508,1,3578.27,508.0,0,Active Minimal Buyers,0.672858634480166,0,1,0,0.0,0
11317,516,1,3578.27,516.0,0,Active Minimal Buyers,0.6707816923862067,0,1,0,0.0,0
11316,17,1,2349.9799999999996,17.0,4,Frequent Low-Spend Customers,0.8827512630285271,0,0,0,0.0,0
11307,513,1,3578.27,513.0,0,Active Minimal Buyers,0.6715585757009765,0,1,0,0.0,0
11303,515,1,3578.27,515.0,0,Active Minimal Buyers,0.6710403926366921,0,1,0,0.0,0
11302,511,1,3578.27,511.0,0,Active Minimal Buyers,0.6720778073305114,0,1,0,0.0,0
11341,26,2,5738.959999999999,633.0,1,High Value but Cooling,0.8566967396310872,0,1,0,0.0,0
11343,666,1,3399.99,666.0,0,Active Minimal Buyers,0.634536570296553,0,1,0,0.0,0
11344,627,1,3399.99,627.0,0,Active Minimal Buyers,0.64350903872907,0,1,0,0.0,0
11346,120,1,2049.0982,120.0,4,Frequent Low-Spend Customers,0.8052230678869245,0,1,0,0.0,0
11388,21,2,5717.91,555.0,1,High Value but Cooling,0.8598579309427489,0,1,0,0.0,0
11387,9,2,5729.969999999999,544.0,1,High Value but Cooling,0.8699836815540058,0,1,0,0.0,0
11382,87,1,2049.0982,87.0,4,Frequent Low-Spend Customers,0.8233341459360948,0,1,0,0.0,0
11381,597,1,3399.99,597.0,0,Active Minimal Buyers,0.6506097992141107,0,1,0,0.0,0
11380,476,1,3399.99,476.0,0,Active Minimal Buyers,0.6813224715449523,0,1,0,0.0,0
11379,119,1,2049.0982,119.0,4,Frequent Low-Spend Customers,0.8057310517220659,0,1,0,0.0,0
11378,104,1,2071.4196,104.0,4,Frequent Low-Spend Customers,0.8137101987397355,0,1,0,0.0,0
11372,602,1,3374.99,602.0,0,Active Minimal Buyers,0.6494110190414152,0,1,0,0.0,0
11368,585,1,3374.99,585.0,0,Active Minimal Buyers,0.6534991436506488,0,1,0,0.0,0
11365,609,1,3374.99,609.0,0,Active Minimal Buyers,0.6477450974741691,0,1,0,0.0,0
11364,602,1,3374.99,602.0,0,Active Minimal Buyers,0.6494110190414152,0,1,0,0.0,0
11363,601,1,3399.99,601.0,0,Active Minimal Buyers,0.6496525029341306,0,1,0,0.0,0
11360,582,1,3399.99,582.0,0,Active Minimal Buyers,0.6542296212444682,0,1,0,0.0,0
11359,596,1,3374.99,596.0,0,Active Minimal Buyers,0.6508469660854378,0,1,0,0.0,0
11358,581,1,3374.99,581.0,0,Active Minimal Buyers,0.654469977207813,0,1,0,0.0,0
11357,591,1,3374.99,591.0,0,Active Minimal Buyers,0.652049326131827,0,1,0,0.0,0
11356,630,1,3374.99,630.0,0,Active Minimal Buyers,0.6428060718205839,0,1,0,0.0,0
11353,597,1,3374.99,597.0,0,Active Minimal Buyers,0.6506071226381704,0,1,0,0.0,0
11351,597,1,3374.99,597.0,0,Active Minimal Buyers,0.6506071226381704,0,1,0,0.0,0
11299,491,1,3578.27,491.0,0,Active Minimal Buyers,0.6773291965644093,0,1,0,0.0,0
11298,505,1,3578.27,505.0,0,Active Minimal Buyers,0.6736418562221231,0,1,0,0.0,0
11297,491,1,3578.27,491.0,0,Active Minimal Buyers,0.6773291965644093,0,1,0,0.0,0
11250,684,1,3399.99,684.0,0,Active Minimal Buyers,0.6304874615276113,0,1,0,0.0,0
11247,18,2,5715.219999999999,693.0,1,High Value but Cooling,0.8620082287963322,0,1,0,0.0,0
11246,6,2,5704.969999999999,478.0,1,High Value but Cooling,0.8732604481323583,0,1,0,0.0,0
11245,32,2,5709.959999999999,459.0,1,High Value but Cooling,0.8529530217035436,0,1,0,0.0,0
11244,9,2,5754.98,708.0,1,High Value but Cooling,0.8701423690952207,0,1,0,0.0,0
11243,17,2,5764.969999999999,691.0,1,High Value but Cooling,0.863085638513911,0,1,0,0.0,0
11242,24,2,4369.0882,108.0,1,High Value but Cooling,0.8478463538005536,0,1,0,0.0,0
11241,31,2,4379.0782,110.0,1,High Value but Cooling,0.8436655042682211,0,1,0,0.0,0
11240,30,2,5769.95,672.0,1,High Value but Cooling,0.8544797164030374,0,1,0,0.0,0
11238,8,2,5729.969999999999,746.0,1,High Value but Cooling,0.8710606846958162,0,1,0,0.0,0
11237,11,2,5694.98,501.0,1,High Value but Cooling,0.8677628534828379,0,1,0,0.0,0
11227,545,1,3578.27,545.0,0,Active Minimal Buyers,0.6633894171072299,0,1,0,0.0,0
11224,2,2,5908.25,539.0,1,High Value but Cooling,0.8806815549187351,0,1,0,0.0,0
11217,538,1,3578.27,538.0,0,Active Minimal Buyers,0.6651547072134242,0,1,0,0.0,0
11216,533,1,3578.27,533.0,0,Active Minimal Buyers,0.6664229319486571,0,1,0,0.0,0
11191,19,2,5938.25,518.0,1,High Value but Cooling,0.8626592457913681,0,1,0,0.0,0
11189,522,1,3578.27,522.0,0,Active Minimal Buyers,0.6692349208300924,0,1,0,0.0,0
11175,7,2,5920.24,513.0,1,High Value but Cooling,0.8733897745411571,0,1,0,0.0,0
11171,13,2,5960.219999999999,515.0,1,High Value but Cooling,0.8675873202192634,0,1,0,0.0,0
11168,14,1,2359.25,14.0,4,Frequent Low-Spend Customers,0.887065079594848,0,1,0,0.0,0
11249,28,2,5709.959999999999,450.0,1,High Value but Cooling,0.8552838475068983,0,1,0,0.0,0
11252,3,2,5920.24,531.0,1,High Value but Cooling,0.8789415788364855,0,1,0,0.0,0
11296,516,1,3578.27,516.0,0,Active Minimal Buyers,0.6707816923862067,0,1,0,0.0,0
11257,29,2,5875.55,495.0,1,High Value but Cooling,0.8557266130332856,0,1,0,0.0,0
11292,29,2,5910.219999999999,473.0,1,High Value but Cooling,0.8559402158269533,0,0,0,0.0,0
11291,10,2,5873.26,503.0,1,High Value but Cooling,0.8698600004342505,0,0,0,0.0,0
11290,2,2,5933.25,495.0,1,High Value but Cooling,0.880834755768135,0,0,0,0.0,0
11289,13,2,5905.48,496.0,1,High Value but Cooling,0.8672526477031095,0,0,0,0.0,0
11286,9,2,5954.219999999999,487.0,1,High Value but Cooling,0.8713791706880909,0,0,0,0.0,0
11281,18,2,5921.19,486.0,1,High Value but Cooling,0.8632959243432662,0,0,0,0.0,0
11278,26,2,5908.25,475.0,1,High Value but Cooling,0.857753956612078,0,0,0,0.0,0
11275,17,2,5955.23,501.0,1,High Value but Cooling,0.8642654222405718,0,0,0,0.0,0
11274,519,1,3578.27,519.0,0,Active Minimal Buyers,0.6700071475859374,0,1,0,0.0,0
11272,16,2,5975.23,482.0,1,High Value but Cooling,0.8651708570604607,0,0,0,0.0,0
11271,7,2,5973.24,483.0,1,High Value but Cooling,0.8737129477053791,0,0,0,0.0,0
11270,22,2,5984.219999999999,485.0,1,High Value but Cooling,0.8608244319662285,0,0,0,0.0,0
11267,22,2,5943.23,478.0,1,High Value but Cooling,0.8605753016894028,0,0,0,0.0,0
11266,9,2,5922.23,498.0,1,High Value but Cooling,0.8711837909467106,0,0,0,0.0,0
11265,26,1,2351.9599999999996,26.0,4,Frequent Low-Spend Customers,0.8717660592289408,0,0,0,0.0,0
11264,27,1,2375.95,27.0,4,Frequent Low-Spend Customers,0.8707431662895408,0,1,0,0.0,0
11263,32,2,5973.24,487.0,1,High Value but Cooling,0.8545916419362553,0,1,0,0.0,0
11261,30,2,5908.25,460.0,1,High Value but Cooling,0.855340768480521,0,1,0,0.0,0
11259,14,2,5993.26,499.0,1,High Value but Cooling,0.8669232255284526,0,1,0,0.0,0
11885,459,1,3578.27,459.0,0,Active Minimal Buyers,0.685967638294033,0,1,0,0.0,0
11892,513,1,3399.99,513.0,0,Active Minimal Buyers,0.6715401150311425,0,1,0,0.0,0
12684,358,1,2049.0982,358.0,6,Declining Frequent Buyers,0.7167042705583815,0,1,0,0.0,0
12362,422,1,3578.27,422.0,0,Active Minimal Buyers,0.6963548510795473,0,1,0,0.0,0
12385,242,1,2071.4196,242.0,6,Declining Frequent Buyers,0.7547843085231509,0,1,0,0.0,0
12384,4,2,4478.0682,162.0,1,High Value but Cooling,0.8670246404278306,0,1,0,0.0,0
12383,609,1,3578.27,609.0,0,Active Minimal Buyers,0.6477662347199433,0,1,0,0.0,0
12382,215,1,2071.4196,215.0,6,Declining Frequent Buyers,0.7649300065327966,0,1,0,0.0,0
12381,224,1,2071.4196,224.0,6,Declining Frequent Buyers,0.7614784678294173,0,1,0,0.0,0
12380,239,1,2049.0982,239.0,6,Declining Frequent Buyers,0.7558327071258866,0,1,0,0.0,0
12378,175,1,2071.4196,175.0,6,Declining Frequent Buyers,0.7812597239690348,0,1,0,0.0,0
12373,582,1,3578.27,582.0,0,Active Minimal Buyers,0.6542480819143022,0,1,0,0.0,0
12364,400,1,3578.27,400.0,0,Active Minimal Buyers,0.7027560810272425,0,1,0,0.0,0
12360,379,1,2071.4196,379.0,6,Declining Frequent Buyers,0.710593914250456,0,1,0,0.0,0
12461,3,2,4441.3796,164.0,1,High Value but Cooling,0.8683041246508004,0,1,0,0.0,0
12358,367,1,2071.4196,367.0,6,Declining Frequent Buyers,0.7140911993016907,0,1,0,0.0,0
12356,386,1,2049.0982,386.0,6,Declining Frequent Buyers,0.7085313413748087,0,1,0,0.0,0
12355,397,1,2049.0982,397.0,6,Declining Frequent Buyers,0.7054049338272558,0,1,0,0.0,0
12354,392,1,2049.0982,392.0,6,Declining Frequent Buyers,0.7068203886053854,0,1,0,0.0,0
12353,370,1,2071.4196,370.0,6,Declining Frequent Buyers,0.7132113901189675,0,1,0,0.0,0
12350,389,1,2071.4196,389.0,6,Declining Frequent Buyers,0.7077231047681771,0,1,0,0.0,0
12349,397,1,2049.0982,397.0,6,Declining Frequent Buyers,0.7054049338272558,0,1,0,0.0,0
12348,367,1,2049.0982,367.0,6,Declining Frequent Buyers,0.7140422501206674,0,1,0,0.0,0
12347,382,1,2049.0982,382.0,6,Declining Frequent Buyers,0.7096796437609437,0,1,0,0.0,0
12386,180,1,2071.4196,180.0,6,Declining Frequent Buyers,0.7791197697215775,0,1,0,0.0,0
12388,170,1,2049.0982,170.0,6,Declining Frequent Buyers,0.7833825526711529,0,1,0,0.0,0
12390,31,2,4416.3796,146.0,1,High Value but Cooling,0.8439861284637316,0,1,0,0.0,0
12391,219,1,2049.0982,219.0,6,Declining Frequent Buyers,0.7633379932506886,0,1,0,0.0,0
12459,211,1,2071.4196,211.0,6,Declining Frequent Buyers,0.7664879888670351,0,1,0,0.0,0
12452,405,1,3578.27,405.0,0,Active Minimal Buyers,0.7012855445639161,0,1,0,0.0,0
12450,402,1,3578.27,402.0,0,Active Minimal Buyers,0.7021667296936543,0,1,0,0.0,0
12448,400,1,3578.27,400.0,0,Active Minimal Buyers,0.7027560810272425,0,1,0,0.0,0
12446,418,1,3578.27,418.0,0,Active Minimal Buyers,0.6975056133716295,0,1,0,0.0,0
12442,426,1,3578.27,426.0,0,Active Minimal Buyers,0.6952097284352251,0,1,0,0.0,0
12441,423,1,3578.27,423.0,0,Active Minimal Buyers,0.6960680448622941,0,1,0,0.0,0
12438,417,1,3578.27,417.0,0,Active Minimal Buyers,0.6977941947074446,0,1,0,0.0,0
12437,413,1,3578.27,413.0,0,Active Minimal Buyers,0.6989521221260221,0,1,0,0.0,0
12435,422,1,3578.27,422.0,0,Active Minimal Buyers,0.6963548510795473,0,1,0,0.0,0
12423,407,1,3578.27,407.0,0,Active Minimal Buyers,0.7006999658569477,0,1,0,0.0,0
12418,405,1,3578.27,405.0,0,Active Minimal Buyers,0.7012855445639161,0,1,0,0.0,0
12404,191,1,2071.4196,191.0,6,Declining Frequent Buyers,0.7745174834491095,0,1,0,0.0,0
12402,235,1,2049.0982,235.0,6,Declining Frequent Buyers,0.7573069828957092,0,1,0,0.0,0
12398,592,1,3578.27,592.0,0,Active Minimal Buyers,0.6518295705403391,0,1,0,0.0,0
12397,25,2,4379.0782,134.0,1,High Value but Cooling,0.847288135732112,0,1,0,0.0,0
12395,590,1,3578.27,590.0,0,Active Minimal Buyers,0.6523115677088233,0,1,0,0.0,0
12394,227,1,2049.0982,227.0,6,Declining Frequent Buyers,0.7602949970783812,0,1,0,0.0,0
12392,1,1,25.479999999999997,1.0,5,Champions,0.3601532486869637,0,1,0,0.0,0
12346,391,1,2071.4196,391.0,6,Declining Frequent Buyers,0.70715354937183,0,1,0,0.0,0
12343,378,1,2049.0982,378.0,6,Declining Frequent Buyers,0.7108341937173109,0,1,0,0.0,0
12342,385,1,2049.0982,385.0,6,Declining Frequent Buyers,0.7088178366572042,0,1,0,0.0,0
12297,170,1,2049.0982,170.0,6,Declining Frequent Buyers,0.7833825526711529,0,1,0,0.0,0
12292,254,1,2049.0982,254.0,6,Declining Frequent Buyers,0.7504148510244318,0,1,0,0.0,0
12291,190,1,2071.4196,190.0,6,Declining Frequent Buyers,0.77493011490353,0,1,0,0.0,0
12290,634,1,3578.27,634.0,0,Active Minimal Buyers,0.6418961738372889,0,1,0,0.0,0
12289,254,1,2049.0982,254.0,6,Declining Frequent Buyers,0.7504148510244318,0,1,0,0.0,0
12287,245,1,2049.0982,245.0,6,Declining Frequent Buyers,0.7536450275016505,0,1,0,0.0,0
12286,258,1,2049.0982,258.0,6,Declining Frequent Buyers,0.7489982457621339,0,1,0,0.0,0
12285,610,1,3578.27,610.0,0,Active Minimal Buyers,0.64752905831688,0,1,0,0.0,0
12284,298,1,2071.4196,298.0,6,Declining Frequent Buyers,0.7354638216703042,0,1,0,0.0,0
12283,305,1,2049.0982,305.0,6,Declining Frequent Buyers,0.7331370867531586,0,1,0,0.0,0
12282,280,1,2049.0982,280.0,6,Declining Frequent Buyers,0.7414025201754331,0,1,0,0.0,0
12281,2,2,2826.4382,289.0,1,High Value but Cooling,0.8525148607082068,0,1,0,0.0,0
12280,627,1,3578.27,627.0,0,Active Minimal Buyers,0.643527499398904,0,1,0,0.0,0
12279,627,1,3578.27,627.0,0,Active Minimal Buyers,0.643527499398904,0,1,0,0.0,0
12277,290,1,2071.4196,290.0,6,Declining Frequent Buyers,0.7381011987195651,0,1,0,0.0,0
12276,212,1,2071.4196,212.0,6,Declining Frequent Buyers,0.7660970715380954,0,1,0,0.0,0
12275,198,1,2071.4196,198.0,6,Declining Frequent Buyers,0.7716598006099665,0,1,0,0.0,0
12272,2,2,2822.7596000000003,300.0,1,High Value but Cooling,0.8524625366000006,0,1,0,0.0,0
12271,28,2,3340.2596,265.0,1,High Value but Cooling,0.8349926613379207,0,1,0,0.0,0
12270,220,1,2049.0982,220.0,6,Declining Frequent Buyers,0.7629545097090769,0,1,0,0.0,0
12296,23,2,6029.57,598.0,1,High Value but Cooling,0.8604252460987504,0,1,0,0.0,0
12298,161,1,2071.4196,161.0,6,Declining Frequent Buyers,0.7874255159619611,0,1,0,0.0,0
12341,391,1,2049.0982,391.0,6,Declining Frequent Buyers,0.7071046001908066,0,1,0,0.0,0
12299,265,1,2071.4196,265.0,6,Declining Frequent Buyers,0.7465952203451561,0,1,0,0.0,0
12340,372,1,2049.0982,372.0,6,Declining Frequent Buyers,0.7125779533669387,0,1,0,0.0,0
12339,382,1,2071.4196,382.0,6,Declining Frequent Buyers,0.709728592941967,0,1,0,0.0,0
12338,402,1,3374.99,402.0,0,Active Minimal Buyers,0.7021455924478801,0,1,0,0.0,0
12337,421,1,3399.99,421.0,0,Active Minimal Buyers,0.6966235490955237,0,1,0,0.0,0
12335,232,1,2049.0982,232.0,6,Declining Frequent Buyers,0.7584212285873987,0,1,0,0.0,0
12333,591,1,3578.27,591.0,0,Active Minimal Buyers,0.6520704633776012,0,1,0,0.0,0
12332,596,1,3578.27,596.0,0,Active Minimal Buyers,0.650868103331212,0,1,0,0.0,0
12330,162,1,2071.4196,162.0,6,Declining Frequent Buyers,0.7869761372509505,0,1,0,0.0,0
12328,239,1,2049.0982,239.0,6,Declining Frequent Buyers,0.7558327071258866,0,1,0,0.0,0
12323,585,1,3578.27,585.0,0,Active Minimal Buyers,0.653520280896423,0,1,0,0.0,0
12321,607,1,3578.27,607.0,0,Active Minimal Buyers,0.6482411942823174,0,1,0,0.0,0
12318,232,1,2049.0982,232.0,6,Declining Frequent Buyers,0.7584212285873987,0,1,0,0.0,0
12317,218,1,2071.4196,218.0,6,Declining Frequent Buyers,0.7637713326319017,0,1,0,0.0,0
12316,244,1,2071.4196,244.0,6,Declining Frequent Buyers,0.7540566491629612,0,1,0,0.0,0
12315,12,2,4468.1582,205.0,1,High Value but Cooling,0.8578297287201405,0,1,0,0.0,0
12314,166,1,2071.4196,166.0,6,Declining Frequent Buyers,0.7851927912973099,0,1,0,0.0,0
12307,28,2,6021.62,583.0,1,High Value but Cooling,0.8572146341283616,0,1,0,0.0,0
12305,216,1,2071.4196,216.0,6,Declining Frequent Buyers,0.7645428582742045,0,1,0,0.0,0
12302,159,1,2071.4196,159.0,6,Declining Frequent Buyers,0.7883286173867914,0,1,0,0.0,0
12460,188,1,2049.0982,188.0,6,Declining Frequent Buyers,0.7757098093284164,0,1,0,0.0,0
12462,22,2,4422.5682,122.0,1,High Value but Cooling,0.8496369891172377,0,1,0,0.0,0
12266,227,1,2071.4196,227.0,6,Declining Frequent Buyers,0.7603439462594046,0,1,0,0.0,0
12618,514,1,3578.27,514.0,0,Active Minimal Buyers,0.6712993534851849,0,1,0,0.0,0
12634,153,1,2071.4196,153.0,4,Frequent Low-Spend Customers,0.7896185620186656,0,1,0,0.0,0
12632,475,1,3578.27,475.0,0,Active Minimal Buyers,0.6816106962356232,0,1,0,0.0,0
12631,462,1,3578.27,462.0,0,Active Minimal Buyers,0.6851447846018333,0,1,0,0.0,0
12630,173,1,2071.4196,173.0,6,Declining Frequent Buyers,0.7821245387918979,0,1,0,0.0,0
12623,158,1,2049.0982,158.0,6,Declining Frequent Buyers,0.7887334184258771,0,1,0,0.0,0
12622,163,1,2049.0982,163.0,6,Declining Frequent Buyers,0.7864792393764027,0,1,0,0.0,0
12621,492,1,3578.27,492.0,0,Active Minimal Buyers,0.677064021715906,0,1,0,0.0,0
12620,497,1,3578.27,497.0,0,Active Minimal Buyers,0.6757423197788957,0,1,0,0.0,0
12619,178,1,2049.0982,178.0,6,Declining Frequent Buyers,0.7799230704004972,0,1,0,0.0,0
12615,172,1,2071.4196,172.0,6,Declining Frequent Buyers,0.7825588829768285,0,1,0,0.0,0
12463,207,1,2071.4196,207.0,6,Declining Frequent Buyers,0.7680613192978535,0,1,0,0.0,0
12614,497,1,3578.27,497.0,0,Active Minimal Buyers,0.6757423197788957,0,1,0,0.0,0
12613,518,1,3578.27,518.0,0,Active Minimal Buyers,0.6702650706208036,0,1,0,0.0,0
12612,167,1,2049.0982,167.0,6,Declining Frequent Buyers,0.7847014831997257,0,1,0,0.0,0
12609,174,1,2049.0982,174.0,6,Declining Frequent Buyers,0.781642540350699,0,1,0,0.0,0
12608,174,1,2049.0982,174.0,6,Declining Frequent Buyers,0.781642540350699,0,1,0,0.0,0
12607,516,1,3578.27,516.0,0,Active Minimal Buyers,0.6707816923862067,0,1,0,0.0,0
12599,165,1,2071.4196,165.0,6,Declining Frequent Buyers,0.7856365285090712,0,1,0,0.0,0
12589,345,1,2049.0982,345.0,6,Declining Frequent Buyers,0.7206113846407086,0,1,0,0.0,0
12588,366,1,2049.0982,366.0,6,Declining Frequent Buyers,0.7143363473734105,0,1,0,0.0,0
12637,143,1,2049.0982,143.0,4,Frequent Low-Spend Customers,0.7940906608738855,0,1,0,0.0,0
12640,136,1,2049.0982,136.0,4,Frequent Low-Spend Customers,0.7973741515622677,0,1,0,0.0,0
12644,150,1,2049.0982,150.0,4,Frequent Low-Spend Customers,0.7908890952539139,0,1,0,0.0,0
12645,136,1,2071.4196,136.0,4,Frequent Low-Spend Customers,0.7974520762684549,0,1,0,0.0,0
12683,346,1,2071.4196,346.0,6,Declining Frequent Buyers,0.7203571074766877,0,1,0,0.0,0
12681,338,1,2049.0982,338.0,6,Declining Frequent Buyers,0.7227468405058376,0,1,0,0.0,0
12680,343,1,2049.0982,343.0,6,Declining Frequent Buyers,0.7212192062616445,0,1,0,0.0,0
12677,360,1,2071.4196,360.0,6,Declining Frequent Buyers,0.7161586900501701,0,1,0,0.0,0
12676,346,1,2071.4196,346.0,6,Declining Frequent Buyers,0.7203571074766877,0,1,0,0.0,0
12675,354,1,2071.4196,354.0,6,Declining Frequent Buyers,0.7179474635258981,0,1,0,0.0,0
12674,344,1,2071.4196,344.0,6,Declining Frequent Buyers,0.720964015807609,0,1,0,0.0,0
12673,340,1,2049.0982,340.0,6,Declining Frequent Buyers,0.7221343913671164,0,1,0,0.0,0
12671,355,1,2049.0982,355.0,6,Declining Frequent Buyers,0.7175993007482019,0,1,0,0.0,0
12670,341,1,2049.0982,341.0,6,Declining Frequent Buyers,0.721828866586456,0,1,0,0.0,0
12669,357,1,2049.0982,357.0,6,Declining Frequent Buyers,0.717002180704286,0,1,0,0.0,0
12668,354,1,2071.4196,354.0,6,Declining Frequent Buyers,0.7179474635258981,0,1,0,0.0,0
12667,363,1,2049.0982,363.0,6,Declining Frequent Buyers,0.7152211457748316,0,1,0,0.0,0
12658,141,1,2071.4196,141.0,4,Frequent Low-Spend Customers,0.7950980990180235,0,1,0,0.0,0
12655,477,1,3578.27,477.0,0,Active Minimal Buyers,0.6810714618469995,0,1,0,0.0,0
12653,139,1,2049.0982,139.0,4,Frequent Low-Spend Customers,0.7959565144419143,0,1,0,0.0,0
12650,481,1,3578.27,481.0,0,Active Minimal Buyers,0.679996498319842,0,1,0,0.0,0
12648,128,1,2049.0982,128.0,4,Frequent Low-Spend Customers,0.8012353439980782,0,1,0,0.0,0
12647,154,1,2049.0982,154.0,4,Frequent Low-Spend Customers,0.7890941887532684,0,1,0,0.0,0
12586,361,1,2071.4196,361.0,6,Declining Frequent Buyers,0.7158620668853454,0,1,0,0.0,0
12585,336,1,2049.0982,336.0,6,Declining Frequent Buyers,0.7233611697152983,0,1,0,0.0,0
12584,354,1,2071.4196,354.0,6,Declining Frequent Buyers,0.7179474635258981,0,1,0,0.0,0
12521,116,1,2071.4196,116.0,4,Frequent Low-Spend Customers,0.8073462656287435,0,1,0,0.0,0
12510,521,1,3578.27,521.0,0,Active Minimal Buyers,0.6694920734395784,0,1,0,0.0,0
12501,123,1,2071.4196,123.0,4,Frequent Low-Spend Customers,0.8037899919876602,0,1,0,0.0,0
12500,150,1,2071.4196,150.0,4,Frequent Low-Spend Customers,0.7909670199601012,0,1,0,0.0,0
12499,138,1,2049.0982,138.0,4,Frequent Low-Spend Customers,0.7964272907916163,0,1,0,0.0,0
12495,133,1,2071.4196,133.0,4,Frequent Low-Spend Customers,0.7988859347538643,0,1,0,0.0,0
12494,578,1,3578.27,578.0,0,Active Minimal Buyers,0.6552215165876768,0,1,0,0.0,0
12492,200,1,2049.0982,200.0,6,Declining Frequent Buyers,0.7708039982300077,0,1,0,0.0,0
12487,137,1,2071.4196,137.0,4,Frequent Low-Spend Customers,0.7969777547219213,0,1,0,0.0,0
12486,194,1,2049.0982,194.0,6,Declining Frequent Buyers,0.7732372950464061,0,1,0,0.0,0
12485,567,1,3578.27,567.0,0,Active Minimal Buyers,0.6579166210477365,0,1,0,0.0,0
12484,127,1,2049.0982,127.0,4,Frequent Low-Spend Customers,0.8017266439504876,0,1,0,0.0,0
12483,575,1,3578.27,575.0,0,Active Minimal Buyers,0.6559538874999247,0,1,0,0.0,0
12480,569,1,3578.27,569.0,0,Active Minimal Buyers,0.6574245982750406,0,1,0,0.0,0
12479,147,1,2071.4196,147.0,4,Frequent Low-Spend Customers,0.7923294694601155,0,1,0,0.0,0
12475,148,1,2071.4196,148.0,4,Frequent Low-Spend Customers,0.7918737387145797,0,1,0,0.0,0
12474,557,1,3578.27,557.0,0,Active Minimal Buyers,0.660390345698985,0,1,0,0.0,0
12473,202,1,2071.4196,202.0,6,Declining Frequent Buyers,0.7700502544712657,0,1,0,0.0,0
12468,567,1,3578.27,567.0,0,Active Minimal Buyers,0.6579166210477365,0,1,0,0.0,0
12464,556,1,3578.27,556.0,0,Active Minimal Buyers,0.6606389804880386,0,1,0,0.0,0
12520,546,1,3578.27,546.0,0,Active Minimal Buyers,0.6631381947898756,0,1,0,0.0,0
12522,524,1,3578.27,524.0,0,Active Minimal Buyers,0.6687213808205427,0,1,0,0.0,0
12583,336,1,2071.4196,336.0,6,Declining Frequent Buyers,0.7234101188963217,0,1,0,0.0,0
12523,520,1,3578.27,520.0,0,Active Minimal Buyers,0.6697494821091317,0,1,0,0.0,0
12581,337,1,2071.4196,337.0,6,Declining Frequent Buyers,0.7231027182273865,0,1,0,0.0,0
12580,350,1,2049.0982,350.0,6,Declining Frequent Buyers,0.7190997696637637,0,1,0,0.0,0
12579,349,1,2049.0982,349.0,6,Declining Frequent Buyers,0.7194011932397316,0,1,0,0.0,0
12578,350,1,2049.0982,350.0,6,Declining Frequent Buyers,0.7190997696637637,0,1,0,0.0,0
12577,349,1,2049.0982,349.0,6,Declining Frequent Buyers,0.7194011932397316,0,1,0,0.0,0
12576,391,1,2049.0982,391.0,6,Declining Frequent Buyers,0.7071046001908066,0,1,0,0.0,0
12575,380,1,2049.0982,380.0,6,Declining Frequent Buyers,0.7102561315756171,0,1,0,0.0,0
12574,380,1,2071.4196,380.0,6,Declining Frequent Buyers,0.7103050807566403,0,1,0,0.0,0
12573,387,1,2049.0982,387.0,6,Declining Frequent Buyers,0.7082452304368476,0,1,0,0.0,0
12572,373,1,2071.4196,373.0,6,Declining Frequent Buyers,0.7123352693091446,0,1,0,0.0,0
12571,397,1,2071.4196,397.0,6,Declining Frequent Buyers,0.7054538830082792,0,1,0,0.0,0
12570,393,1,2049.0982,393.0,6,Declining Frequent Buyers,0.7065365524834822,0,1,0,0.0,0
12561,492,1,3578.27,492.0,0,Active Minimal Buyers,0.677064021715906,0,1,0,0.0,0
12560,198,1,2049.0982,198.0,6,Declining Frequent Buyers,0.7716108514289433,0,1,0,0.0,0
12559,190,1,2049.0982,190.0,6,Declining Frequent Buyers,0.7748811657225066,0,1,0,0.0,0
12549,530,1,3578.27,530.0,0,Active Minimal Buyers,0.6671868296305212,0,1,0,0.0,0
12547,534,1,3578.27,534.0,0,Active Minimal Buyers,0.6661687950653011,0,1,0,0.0,0
12546,115,1,2071.4196,115.0,4,Frequent Low-Spend Customers,0.8078632373103094,0,1,0,0.0,0
12526,203,1,2049.0982,203.0,6,Declining Frequent Buyers,0.769601499443439,0,1,0,0.0,0
12267,669,1,3578.27,669.0,0,Active Minimal Buyers,0.6338762719852103,0,1,0,0.0,0
12265,644,1,3578.27,644.0,0,Active Minimal Buyers,0.6395818311793826,0,1,0,0.0,0
11893,517,1,3374.99,517.0,0,Active Minimal Buyers,0.6705021147224105,0,1,0,0.0,0
11993,443,1,3374.99,443.0,0,Active Minimal Buyers,0.6903829107064118,0,1,0,0.0,0
12002,432,1,3374.99,432.0,0,Active Minimal Buyers,0.6934813068904444,0,1,0,0.0,0
12001,442,1,3374.99,442.0,0,Active Minimal Buyers,0.6906629230655614,0,1,0,0.0,0
12000,440,1,3399.99,440.0,0,Active Minimal Buyers,0.6912266112129111,0,1,0,0.0,0
11999,446,1,3399.99,446.0,0,Active Minimal Buyers,0.6895475104439643,0,1,0,0.0,0
11998,440,1,3374.99,440.0,0,Active Minimal Buyers,0.6912239346369708,0,1,0,0.0,0
11997,451,1,3399.99,451.0,0,Active Minimal Buyers,0.6881571835455487,0,1,0,0.0,0
11996,452,1,3374.99,452.0,0,Active Minimal Buyers,0.6878774019589337,0,1,0,0.0,0
11995,448,1,3399.99,448.0,0,Active Minimal Buyers,0.6889904149880144,0,1,0,0.0,0
11994,431,1,3374.99,431.0,0,Active Minimal Buyers,0.6937649968139208,0,1,0,0.0,0
11992,439,1,3399.99,439.0,0,Active Minimal Buyers,0.6915076126921323,0,1,0,0.0,0
12069,457,1,3578.27,457.0,0,Active Minimal Buyers,0.6865177572324486,0,1,0,0.0,0
11991,455,1,3374.99,455.0,0,Active Minimal Buyers,0.6870479883798427,0,1,0,0.0,0
11990,443,1,3374.99,443.0,0,Active Minimal Buyers,0.6903829107064118,0,1,0,0.0,0
11989,453,1,3374.99,453.0,0,Active Minimal Buyers,0.6876006145643975,0,1,0,0.0,0
11988,446,1,3374.99,446.0,0,Active Minimal Buyers,0.6895448338680241,0,1,0,0.0,0
11986,434,1,3399.99,434.0,0,Active Minimal Buyers,0.692917622950708,0,1,0,0.0,0
11983,448,1,3578.27,448.0,0,Active Minimal Buyers,0.6890088756578484,0,1,0,0.0,0
11977,455,1,3399.99,455.0,0,Active Minimal Buyers,0.6870506649557829,0,1,0,0.0,0
11976,462,1,3374.99,462.0,0,Active Minimal Buyers,0.685123647356059,0,1,0,0.0,0
11969,468,1,3399.99,468.0,0,Active Minimal Buyers,0.6834888854154479,0,1,0,0.0,0
12003,450,1,3374.99,450.0,0,Active Minimal Buyers,0.6884319306647924,0,1,0,0.0,0
12004,448,1,3374.99,448.0,0,Active Minimal Buyers,0.6889877384120742,0,1,0,0.0,0
12005,435,1,3399.99,435.0,0,Active Minimal Buyers,0.6926349499847821,0,1,0,0.0,0
12007,419,1,3399.99,419.0,0,Active Minimal Buyers,0.6971989289601851,0,1,0,0.0,0
12053,458,1,3578.27,458.0,0,Active Minimal Buyers,0.6862425420988565,0,1,0,0.0,0
12052,453,1,3578.27,453.0,0,Active Minimal Buyers,0.6876217518101717,0,1,0,0.0,0
12050,444,1,3578.27,444.0,0,Active Minimal Buyers,0.6901243630434823,0,1,0,0.0,0
12042,451,1,3578.27,451.0,0,Active Minimal Buyers,0.6881756442153827,0,1,0,0.0,0
12041,447,1,3578.27,447.0,0,Active Minimal Buyers,0.689287261876734,0,1,0,0.0,0
12039,399,1,3374.99,399.0,0,Active Minimal Buyers,0.7030301921274362,0,1,0,0.0,0
12037,399,1,3374.99,399.0,0,Active Minimal Buyers,0.7030301921274362,0,1,0,0.0,0
12030,450,1,3578.27,450.0,0,Active Minimal Buyers,0.6884530679105666,0,1,0,0.0,0
12027,446,1,3578.27,446.0,0,Active Minimal Buyers,0.6895659711137985,0,1,0,0.0,0
12025,438,1,3578.27,438.0,0,Active Minimal Buyers,0.6918074068256602,0,1,0,0.0,0
12023,457,1,3578.27,457.0,0,Active Minimal Buyers,0.6865177572324486,0,1,0,0.0,0
12021,423,1,3399.99,423.0,0,Active Minimal Buyers,0.69604958419246,0,1,0,0.0,0
12018,458,1,3578.27,458.0,0,Active Minimal Buyers,0.6862425420988565,0,1,0,0.0,0
12016,442,1,3578.27,442.0,0,Active Minimal Buyers,0.6906840603113358,0,1,0,0.0,0
12014,418,1,3399.99,418.0,0,Active Minimal Buyers,0.6974871527017955,0,1,0,0.0,0
12013,417,1,3399.99,417.0,0,Active Minimal Buyers,0.6977757340376106,0,1,0,0.0,0
12011,425,1,3374.99,425.0,0,Active Minimal Buyers,0.6954743475455696,0,1,0,0.0,0
12010,405,1,3374.99,405.0,0,Active Minimal Buyers,0.7012644073181419,0,1,0,0.0,0
12009,415,1,3399.99,415.0,0,Active Minimal Buyers,0.6983539747027012,0,1,0,0.0,0
11968,459,1,3399.99,459.0,0,Active Minimal Buyers,0.6859491776241988,0,1,0,0.0,0
11967,464,1,3374.99,464.0,0,Active Minimal Buyers,0.6845766161769833,0,1,0,0.0,0
11964,473,1,3399.99,473.0,0,Active Minimal Buyers,0.6821326483233295,0,1,0,0.0,0
11917,460,1,3399.99,460.0,0,Active Minimal Buyers,0.685674584120307,0,1,0,0.0,0
11915,485,1,3374.99,485.0,0,Active Minimal Buyers,0.678905022230553,0,1,0,0.0,0
11914,469,1,3374.99,469.0,0,Active Minimal Buyers,0.6832143627037867,0,1,0,0.0,0
11912,460,1,3374.99,460.0,0,Active Minimal Buyers,0.6856719075443669,0,1,0,0.0,0
11910,478,1,3374.99,478.0,0,Active Minimal Buyers,0.6807811469534953,0,1,0,0.0,0
11909,497,1,3374.99,497.0,0,Active Minimal Buyers,0.6757211825331214,0,1,0,0.0,0
11908,498,1,3374.99,498.0,0,Active Minimal Buyers,0.6754576706570585,0,1,0,0.0,0
11907,489,1,3399.99,489.0,0,Active Minimal Buyers,0.6778419269308187,0,1,0,0.0,0
11906,507,1,3374.99,507.0,0,Active Minimal Buyers,0.6730983040221967,0,1,0,0.0,0
11905,519,1,3374.99,519.0,0,Active Minimal Buyers,0.6699860103401631,0,1,0,0.0,0
11904,500,1,3399.99,500.0,0,Active Minimal Buyers,0.6749341452696765,0,1,0,0.0,0
11903,496,1,3374.99,496.0,0,Active Minimal Buyers,0.6759849694535306,0,1,0,0.0,0
11901,507,1,3399.99,507.0,0,Active Minimal Buyers,0.6731009805981369,0,1,0,0.0,0
11900,496,1,3399.99,496.0,0,Active Minimal Buyers,0.6759876460294708,0,1,0,0.0,0
11899,513,1,3374.99,513.0,0,Active Minimal Buyers,0.6715374384552023,0,1,0,0.0,0
11898,503,1,3399.99,503.0,0,Active Minimal Buyers,0.6741468843658704,0,1,0,0.0,0
11897,518,1,3399.99,518.0,0,Active Minimal Buyers,0.6702466099509695,0,1,0,0.0,0
11896,516,1,3374.99,516.0,0,Active Minimal Buyers,0.6707605551404324,0,1,0,0.0,0
11895,505,1,3374.99,505.0,0,Active Minimal Buyers,0.6736207189763489,0,1,0,0.0,0
11894,495,1,3374.99,495.0,0,Active Minimal Buyers,0.6762490322596449,0,1,0,0.0,0
11916,486,1,3374.99,486.0,0,Active Minimal Buyers,0.6786381533366307,0,1,0,0.0,0
11918,474,1,3399.99,474.0,0,Active Minimal Buyers,0.6818622941776109,0,1,0,0.0,0
11963,465,1,3374.99,465.0,0,Active Minimal Buyers,0.6843035589552094,0,1,0,0.0,0
11919,482,1,3374.99,482.0,0,Active Minimal Buyers,0.6797073450741897,0,1,0,0.0,0
11956,456,1,3578.27,456.0,0,Active Minimal Buyers,0.6867932847283036,0,1,0,0.0,0
11955,458,1,3578.27,458.0,0,Active Minimal Buyers,0.6862425420988565,0,1,0,0.0,0
11954,455,1,3578.27,455.0,0,Active Minimal Buyers,0.687069125625617,0,1,0,0.0,0
11952,482,1,3374.99,482.0,0,Active Minimal Buyers,0.6797073450741897,0,1,0,0.0,0
11947,474,1,3374.99,474.0,0,Active Minimal Buyers,0.6818596176016707,0,1,0,0.0,0
11946,466,1,3399.99,466.0,0,Active Minimal Buyers,0.684033482559705,0,1,0,0.0,0
11945,458,1,3578.27,458.0,0,Active Minimal Buyers,0.6862425420988565,0,1,0,0.0,0
11944,468,1,3374.99,468.0,0,Active Minimal Buyers,0.6834862088395078,0,1,0,0.0,0
11943,30,2,3914.9799999999996,439.0,1,High Value but Cooling,0.8399730354569034,0,1,0,0.0,0
11942,20,2,4014.95,452.0,1,High Value but Cooling,0.8473525649813655,0,1,0,0.0,0
11939,446,1,3578.27,446.0,0,Active Minimal Buyers,0.6895659711137985,0,1,0,0.0,0
11937,458,1,3578.27,458.0,0,Active Minimal Buyers,0.6862425420988565,0,1,0,0.0,0
11934,437,1,3578.27,437.0,0,Active Minimal Buyers,0.6920890734236165,0,1,0,0.0,0
11933,474,1,3578.27,474.0,0,Active Minimal Buyers,0.6818807548474449,0,1,0,0.0,0
11930,473,1,3399.99,473.0,0,Active Minimal Buyers,0.6821326483233295,0,1,0,0.0,0
11929,473,1,3374.99,473.0,0,Active Minimal Buyers,0.6821299717473893,0,1,0,0.0,0
11925,478,1,3578.27,478.0,0,Active Minimal Buyers,0.6808022841992696,0,1,0,0.0,0
11924,461,1,3578.27,461.0,0,Active Minimal Buyers,0.6854187605649582,0,1,0,0.0,0
11920,477,1,3374.99,477.0,0,Active Minimal Buyers,0.6810503246012253,0,1,0,0.0,0
12058,442,1,3578.27,442.0,0,Active Minimal Buyers,0.6906840603113358,0,1,0,0.0,0
12072,444,1,3578.27,444.0,0,Active Minimal Buyers,0.6901243630434823,0,1,0,0.0,0
12264,14,2,3292.9381999999996,280.0,1,High Value but Cooling,0.8443114695478612,0,1,0,0.0,0
12214,328,1,2049.0982,328.0,6,Declining Frequent Buyers,0.7258376307451712,0,1,0,0.0,0
12226,255,1,2049.0982,255.0,6,Declining Frequent Buyers,0.7500596237044014,0,1,0,0.0,0
12225,255,1,2071.4196,255.0,6,Declining Frequent Buyers,0.7501085728854248,0,1,0,0.0,0
12222,322,1,2049.0982,322.0,6,Declining Frequent Buyers,0.7277155754725442,0,1,0,0.0,0
12221,699,1,3578.27,699.0,0,Active Minimal Buyers,0.6271737014683216,0,1,0,0.0,0
12220,692,1,3578.27,692.0,0,Active Minimal Buyers,0.6287240729715696,0,1,0,0.0,0
12219,677,1,3578.27,677.0,0,Active Minimal Buyers,0.6320739294557881,0,1,0,0.0,0
12217,678,1,3578.27,678.0,0,Active Minimal Buyers,0.6318494151787726,0,1,0,0.0,0
12216,310,1,2071.4196,310.0,6,Declining Frequent Buyers,0.7315755775285785,0,1,0,0.0,0
12215,325,1,2071.4196,325.0,6,Declining Frequent Buyers,0.7268233076932002,0,1,0,0.0,0
12213,265,1,2049.0982,265.0,6,Declining Frequent Buyers,0.7465462711641327,0,1,0,0.0,0
12076,452,1,3578.27,452.0,0,Active Minimal Buyers,0.6878985392047079,0,1,0,0.0,0
12212,674,1,3578.27,674.0,0,Active Minimal Buyers,0.6327485064457707,0,1,0,0.0,0
12211,694,1,3578.27,694.0,0,Active Minimal Buyers,0.6282802827568164,0,1,0,0.0,0
12210,320,1,2071.4196,320.0,6,Declining Frequent Buyers,0.7283945279260092,0,1,0,0.0,0
12209,409,1,3578.27,409.0,0,Active Minimal Buyers,0.7001158765431627,0,1,0,0.0,0
12208,410,1,3578.27,410.0,0,Active Minimal Buyers,0.6998243869578158,0,1,0,0.0,0
12207,401,1,3578.27,401.0,0,Active Minimal Buyers,0.7024612149487257,0,1,0,0.0,0
12206,398,1,3578.27,398.0,0,Active Minimal Buyers,0.7033469614397367,0,1,0,0.0,0
12200,406,1,3578.27,406.0,0,Active Minimal Buyers,0.7009925683418372,0,1,0,0.0,0
12198,411,1,3578.27,411.0,0,Active Minimal Buyers,0.6995332655966093,0,1,0,0.0,0
12228,221,1,2071.4196,221.0,6,Declining Frequent Buyers,0.7626208757804593,0,1,0,0.0,0
12229,236,1,2071.4196,236.0,6,Declining Frequent Buyers,0.7569861537356452,0,1,0,0.0,0
12230,223,1,2049.0982,223.0,6,Declining Frequent Buyers,0.761809437121453,0,1,0,0.0,0
12231,228,1,2049.0982,228.0,6,Declining Frequent Buyers,0.759918548439269,0,1,0,0.0,0
12263,307,1,2071.4196,307.0,6,Declining Frequent Buyers,0.7325402239786719,0,1,0,0.0,0
12261,648,1,3578.27,648.0,0,Active Minimal Buyers,0.6386613173383404,0,1,0,0.0,0
12256,671,1,3578.27,671.0,0,Active Minimal Buyers,0.6334246428347424,0,1,0,0.0,0
12255,680,1,3578.27,680.0,0,Active Minimal Buyers,0.631400901392065,0,1,0,0.0,0
12254,685,1,3578.27,685.0,0,Active Minimal Buyers,0.630282601933583,0,1,0,0.0,0
12253,408,1,3399.99,408.0,0,Active Minimal Buyers,0.700389275048379,0,1,0,0.0,0
12252,401,1,3374.99,401.0,0,Active Minimal Buyers,0.7024400777029514,0,1,0,0.0,0
12251,421,1,3374.99,421.0,0,Active Minimal Buyers,0.6966208725195835,0,1,0,0.0,0
12250,419,1,3399.99,419.0,0,Active Minimal Buyers,0.6971989289601851,0,1,0,0.0,0
12248,416,1,3399.99,416.0,0,Active Minimal Buyers,0.6980646742683762,0,1,0,0.0,0
12246,420,1,3374.99,420.0,0,Active Minimal Buyers,0.6969083849438925,0,1,0,0.0,0
12245,414,1,3399.99,414.0,0,Active Minimal Buyers,0.6986436366571259,0,1,0,0.0,0
12243,402,1,3374.99,402.0,0,Active Minimal Buyers,0.7021455924478801,0,1,0,0.0,0
12242,410,1,3374.99,410.0,0,Active Minimal Buyers,0.6998032497120416,0,1,0,0.0,0
12241,410,1,3399.99,410.0,0,Active Minimal Buyers,0.6998059262879817,0,1,0,0.0,0
12240,398,1,3399.99,398.0,0,Active Minimal Buyers,0.7033285007699026,0,1,0,0.0,0
12239,312,1,2071.4196,312.0,6,Declining Frequent Buyers,0.7309351632992188,0,1,0,0.0,0
12237,226,1,2071.4196,226.0,6,Declining Frequent Buyers,0.7607212536598486,0,1,0,0.0,0
12232,240,1,2071.4196,240.0,6,Declining Frequent Buyers,0.7555150859961116,0,1,0,0.0,0
12190,417,1,3578.27,417.0,0,Active Minimal Buyers,0.6977941947074446,0,1,0,0.0,0
12189,412,1,3578.27,412.0,0,Active Minimal Buyers,0.6992425111023256,0,1,0,0.0,0
12188,401,1,3578.27,401.0,0,Active Minimal Buyers,0.7024612149487257,0,1,0,0.0,0
12133,353,1,2071.4196,353.0,6,Declining Frequent Buyers,0.7182471153267046,0,1,0,0.0,0
12130,30,2,3254.8896,236.0,1,High Value but Cooling,0.832789440597471,0,1,0,0.0,0
12128,273,1,2049.0982,273.0,6,Declining Frequent Buyers,0.7437847128856487,0,1,0,0.0,0
12125,259,1,2071.4196,259.0,6,Declining Frequent Buyers,0.748694822927017,0,1,0,0.0,0
12123,354,1,2049.0982,354.0,6,Declining Frequent Buyers,0.7178985143448747,0,1,0,0.0,0
12121,435,1,3578.27,435.0,0,Active Minimal Buyers,0.6926534106546162,0,1,0,0.0,0
12120,453,1,3578.27,453.0,0,Active Minimal Buyers,0.6876217518101717,0,1,0,0.0,0
12118,452,1,3578.27,452.0,0,Active Minimal Buyers,0.6878985392047079,0,1,0,0.0,0
12116,436,1,3578.27,436.0,0,Active Minimal Buyers,0.6923710743122422,0,1,0,0.0,0
12110,442,1,3578.27,442.0,0,Active Minimal Buyers,0.6906840603113358,0,1,0,0.0,0
12109,446,1,3578.27,446.0,0,Active Minimal Buyers,0.6895659711137985,0,1,0,0.0,0
12108,438,1,3578.27,438.0,0,Active Minimal Buyers,0.6918074068256602,0,1,0,0.0,0
12105,455,1,3578.27,455.0,0,Active Minimal Buyers,0.687069125625617,0,1,0,0.0,0
12104,458,1,3578.27,458.0,0,Active Minimal Buyers,0.6862425420988565,0,1,0,0.0,0
12102,449,1,3578.27,449.0,0,Active Minimal Buyers,0.6887308113646015,0,1,0,0.0,0
12096,439,1,3578.27,439.0,0,Active Minimal Buyers,0.6915260733619664,0,1,0,0.0,0
12094,451,1,3578.27,451.0,0,Active Minimal Buyers,0.6881756442153827,0,1,0,0.0,0
12084,448,1,3578.27,448.0,0,Active Minimal Buyers,0.6890088756578484,0,1,0,0.0,0
12082,439,1,3578.27,439.0,0,Active Minimal Buyers,0.6915260733619664,0,1,0,0.0,0
12079,451,1,3578.27,451.0,0,Active Minimal Buyers,0.6881756442153827,0,1,0,0.0,0
12131,4,2,6021.62,704.0,1,High Value but Cooling,0.8779670604692188,0,1,0,0.0,0
12141,451,1,3578.27,451.0,0,Active Minimal Buyers,0.6881756442153827,0,1,0,0.0,0
12187,401,1,3578.27,401.0,0,Active Minimal Buyers,0.7024612149487257,0,1,0,0.0,0
12143,440,1,3578.27,440.0,0,Active Minimal Buyers,0.6912450718827451,0,1,0,0.0,0
12186,401,1,3578.27,401.0,0,Active Minimal Buyers,0.7024612149487257,0,1,0,0.0,0
12184,404,1,3578.27,404.0,0,Active Minimal Buyers,0.7015788959228569,0,1,0,0.0,0
12181,423,1,3578.27,423.0,0,Active Minimal Buyers,0.6960680448622941,0,1,0,0.0,0
12180,416,1,3578.27,416.0,0,Active Minimal Buyers,0.6980831349382102,0,1,0,0.0,0
12179,410,1,3578.27,410.0,0,Active Minimal Buyers,0.6998243869578158,0,1,0,0.0,0
12178,401,1,3578.27,401.0,0,Active Minimal Buyers,0.7024612149487257,0,1,0,0.0,0
12174,420,1,3578.27,420.0,0,Active Minimal Buyers,0.6969295221896668,0,1,0,0.0,0
12173,444,1,3578.27,444.0,0,Active Minimal Buyers,0.6901243630434823,0,1,0,0.0,0
12172,436,1,3578.27,436.0,0,Active Minimal Buyers,0.6923710743122422,0,1,0,0.0,0
12171,455,1,3578.27,455.0,0,Active Minimal Buyers,0.687069125625617,0,1,0,0.0,0
12169,458,1,3578.27,458.0,0,Active Minimal Buyers,0.6862425420988565,0,1,0,0.0,0
12167,458,1,3578.27,458.0,0,Active Minimal Buyers,0.6862425420988565,0,1,0,0.0,0
12163,451,1,3578.27,451.0,0,Active Minimal Buyers,0.6881756442153827,0,1,0,0.0,0
12162,445,1,3578.27,445.0,0,Active Minimal Buyers,0.6898450044677437,0,1,0,0.0,0
12160,438,1,3578.27,438.0,0,Active Minimal Buyers,0.6918074068256602,0,1,0,0.0,0
12156,450,1,3578.27,450.0,0,Active Minimal Buyers,0.6884530679105666,0,1,0,0.0,0
12155,435,1,3578.27,435.0,0,Active Minimal Buyers,0.6926534106546162,0,1,0,0.0,0
12152,457,1,3578.27,457.0,0,Active Minimal Buyers,0.6865177572324486,0,1,0,0.0,0
12151,442,1,3578.27,442.0,0,Active Minimal Buyers,0.6906840603113358,0,1,0,0.0,0
14329,1,1,91.95,1.0,5,Champions,0.5052382995342757,0,0,0,0.0,0
14335,213,1,1000.4375,213.0,2,Inactive Minimal Buyers,0.7550449500778189,0,1,0,0.0,0
19436,104,1,782.99,104.0,8,Recent Low-Value Customers,0.7688176031260759,0,1,0,0.0,0
17334,680,1,3578.27,680.0,0,Active Minimal Buyers,0.631400901392065,0,1,0,0.0,0
17510,667,1,3578.27,667.0,0,Active Minimal Buyers,0.6343286020738685,0,1,0,0.0,0
17504,652,1,3578.27,652.0,0,Active Minimal Buyers,0.6377437462848481,0,1,0,0.0,0
17502,662,1,3578.27,662.0,0,Active Minimal Buyers,0.6354625149031177,0,1,0,0.0,0
17478,645,1,3578.27,645.0,0,Active Minimal Buyers,0.6393514253211838,0,1,0,0.0,0
17370,648,1,3578.27,648.0,0,Active Minimal Buyers,0.6386613173383404,0,1,0,0.0,0
17354,666,1,3578.27,666.0,0,Active Minimal Buyers,0.634555030966387,0,1,0,0.0,0
17353,659,1,3578.27,659.0,0,Active Minimal Buyers,0.6361449960022016,0,1,0,0.0,0
17352,653,1,3578.27,653.0,0,Active Minimal Buyers,0.637514810117898,0,1,0,0.0,0
17351,683,1,3578.27,683.0,0,Active Minimal Buyers,0.6307294118979782,0,1,0,0.0,0
17332,683,1,3578.27,683.0,0,Active Minimal Buyers,0.6307294118979782,0,1,0,0.0,0
17295,687,1,3578.27,687.0,0,Active Minimal Buyers,0.6298364682165701,0,1,0,0.0,0
17329,678,1,3578.27,678.0,0,Active Minimal Buyers,0.6318494151787726,0,1,0,0.0,0
17328,700,1,3578.27,700.0,0,Active Minimal Buyers,0.6269528784918952,0,1,0,0.0,0
17326,671,1,3578.27,671.0,0,Active Minimal Buyers,0.6334246428347424,0,1,0,0.0,0
17320,699,1,3578.27,699.0,0,Active Minimal Buyers,0.6271737014683216,0,1,0,0.0,0
17315,698,1,3578.27,698.0,0,Active Minimal Buyers,0.6273946883951664,0,1,0,0.0,0
17312,686,1,3578.27,686.0,0,Active Minimal Buyers,0.6300594507312223,0,1,0,0.0,0
17310,699,1,3578.27,699.0,0,Active Minimal Buyers,0.6271737014683216,0,1,0,0.0,0
17309,699,1,3578.27,699.0,0,Active Minimal Buyers,0.6271737014683216,0,1,0,0.0,0
17308,695,1,3578.27,695.0,0,Active Minimal Buyers,0.6280586364500229,0,1,0,0.0,0
17511,9,2,4150.53,654.0,1,High Value but Cooling,0.857965474233084,0,0,0,0.0,0
17512,25,2,4170.54,628.0,1,High Value but Cooling,0.8454364535670996,0,0,0,0.0,0
17513,18,2,4260.24,626.0,1,High Value but Cooling,0.8510762794316723,0,0,0,0.0,0
17514,661,1,3578.27,661.0,0,Active Minimal Buyers,0.6356898300039555,0,1,0,0.0,0
17716,207,1,1000.4375,207.0,2,Inactive Minimal Buyers,0.7571952910947002,0,1,0,0.0,0
17715,203,1,2181.5625,203.0,6,Declining Frequent Buyers,0.7698835056075652,0,1,0,0.0,0
17714,201,1,1000.4375,201.0,2,Inactive Minimal Buyers,0.7593781060498753,0,1,0,0.0,0
17700,11,2,2805.5325,200.0,1,High Value but Cooling,0.8406354482900255,0,0,0,0.0,0
17651,240,1,1000.4375,240.0,2,Inactive Minimal Buyers,0.7457355452166461,0,1,0,0.0,0
17648,218,1,1000.4375,218.0,2,Inactive Minimal Buyers,0.7532768116730539,0,1,0,0.0,0
17647,239,1,1000.4375,239.0,2,Inactive Minimal Buyers,0.74607037101712,0,1,0,0.0,0
17646,227,1,1000.4375,227.0,2,Inactive Minimal Buyers,0.750146232485652,0,1,0,0.0,0
17644,24,2,3017.33,171.0,1,High Value but Cooling,0.8334774845378659,0,0,0,0.0,0
17641,248,1,1000.4375,248.0,2,Inactive Minimal Buyers,0.7430825210547044,0,1,0,0.0,0
17639,192,1,2181.5625,192.0,6,Declining Frequent Buyers,0.7743390239937654,0,1,0,0.0,0
17635,135,1,2443.35,135.0,4,Frequent Low-Spend Customers,0.7991016566907108,0,1,0,0.0,0
17634,254,1,1000.4375,254.0,2,Inactive Minimal Buyers,0.7411216941805499,0,1,0,0.0,0
17633,259,1,1000.4375,259.0,2,Inactive Minimal Buyers,0.7395059080248643,0,1,0,0.0,0
17632,201,1,2181.5625,201.0,6,Declining Frequent Buyers,0.770684141810976,0,1,0,0.0,0
17629,125,1,2443.35,125.0,4,Frequent Low-Spend Customers,0.8039666437269734,0,1,0,0.0,0
17627,244,1,2181.5625,244.0,6,Declining Frequent Buyers,0.754289706146064,0,1,0,0.0,0
17626,215,1,2181.5625,215.0,6,Declining Frequent Buyers,0.7651630635158995,0,1,0,0.0,0
17515,657,1,3578.27,657.0,0,Active Minimal Buyers,0.636600879139817,0,1,0,0.0,0
17299,692,1,3578.27,692.0,0,Active Minimal Buyers,0.6287240729715696,0,1,0,0.0,0
17294,692,1,3578.27,692.0,0,Active Minimal Buyers,0.6287240729715696,0,1,0,0.0,0
14336,207,1,1000.4375,207.0,2,Inactive Minimal Buyers,0.7571952910947002,0,1,0,0.0,0
17202,214,1,2181.5625,214.0,6,Declining Frequent Buyers,0.7655511440684187,0,1,0,0.0,0
17221,148,1,2443.35,148.0,4,Frequent Low-Spend Customers,0.7930471954615356,0,1,0,0.0,0
17220,150,1,2181.5625,150.0,4,Frequent Low-Spend Customers,0.7913380352979169,0,1,0,0.0,0
17218,230,1,2181.5625,230.0,6,Declining Frequent Buyers,0.7594502109039891,0,1,0,0.0,0
17216,280,1,1000.4375,280.0,2,Inactive Minimal Buyers,0.7328898194166608,0,1,0,0.0,0
17214,237,1,2443.35,237.0,6,Declining Frequent Buyers,0.7573543036476854,0,1,0,0.0,0
17209,127,1,2443.35,127.0,4,Frequent Low-Spend Customers,0.802978025403631,0,1,0,0.0,0
17207,228,1,2181.5625,228.0,6,Declining Frequent Buyers,0.7602005546033952,0,1,0,0.0,0
17206,283,1,1000.4375,283.0,2,Inactive Minimal Buyers,0.7319659191109742,0,1,0,0.0,0
17203,233,1,2181.5625,233.0,6,Declining Frequent Buyers,0.7583309957726234,0,1,0,0.0,0
17199,141,1,2181.5625,141.0,4,Frequent Low-Spend Customers,0.7954691143558392,0,1,0,0.0,0
17293,671,1,3578.27,671.0,0,Active Minimal Buyers,0.6334246428347424,0,1,0,0.0,0
17198,127,1,2443.35,127.0,4,Frequent Low-Spend Customers,0.802978025403631,0,1,0,0.0,0
17196,276,1,1000.4375,276.0,2,Inactive Minimal Buyers,0.7341296946947796,0,1,0,0.0,0
17195,302,1,1000.4375,302.0,2,Inactive Minimal Buyers,0.726228758273084,0,1,0,0.0,0
17192,223,1,2181.5625,223.0,6,Declining Frequent Buyers,0.7620914432855791,0,1,0,0.0,0
17191,177,1,2181.5625,177.0,6,Declining Frequent Buyers,0.7806330568094143,0,1,0,0.0,0
17188,314,1,1000.4375,314.0,2,Inactive Minimal Buyers,0.7227011951767945,0,1,0,0.0,0
17187,313,1,1000.4375,313.0,2,Inactive Minimal Buyers,0.7229924622999726,0,1,0,0.0,0
17185,223,1,2181.5625,223.0,6,Declining Frequent Buyers,0.7620914432855791,0,1,0,0.0,0
17184,158,1,2443.35,158.0,6,Declining Frequent Buyers,0.7895194861606974,0,1,0,0.0,0
17225,238,1,2181.5625,238.0,6,Declining Frequent Buyers,0.7564820779706061,0,1,0,0.0,0
17229,693,1,3578.27,693.0,0,Active Minimal Buyers,0.628502094809652,0,1,0,0.0,0
17232,675,1,3578.27,675.0,0,Active Minimal Buyers,0.6325234747021362,0,1,0,0.0,0
17233,677,1,3578.27,677.0,0,Active Minimal Buyers,0.6320739294557881,0,1,0,0.0,0
17288,671,1,3578.27,671.0,0,Active Minimal Buyers,0.6334246428347424,0,1,0,0.0,0
17286,674,1,3578.27,674.0,0,Active Minimal Buyers,0.6327485064457707,0,1,0,0.0,0
17285,685,1,3578.27,685.0,0,Active Minimal Buyers,0.630282601933583,0,1,0,0.0,0
17280,691,1,3578.27,691.0,0,Active Minimal Buyers,0.6289462176069287,0,1,0,0.0,0
17279,674,1,3578.27,674.0,0,Active Minimal Buyers,0.6327485064457707,0,1,0,0.0,0
17278,678,1,3578.27,678.0,0,Active Minimal Buyers,0.6318494151787726,0,1,0,0.0,0
17277,671,1,3578.27,671.0,0,Active Minimal Buyers,0.6334246428347424,0,1,0,0.0,0
17259,686,1,3578.27,686.0,0,Active Minimal Buyers,0.6300594507312223,0,1,0,0.0,0
17258,682,1,3578.27,682.0,0,Active Minimal Buyers,0.6309530714117324,0,1,0,0.0,0
17257,684,1,3578.27,684.0,0,Active Minimal Buyers,0.6305059221974453,0,1,0,0.0,0
17256,671,1,3578.27,671.0,0,Active Minimal Buyers,0.6334246428347424,0,1,0,0.0,0
17255,682,1,3578.27,682.0,0,Active Minimal Buyers,0.6309530714117324,0,1,0,0.0,0
17249,687,1,3578.27,687.0,0,Active Minimal Buyers,0.6298364682165701,0,1,0,0.0,0
17248,688,1,3578.27,688.0,0,Active Minimal Buyers,0.6296136540172017,0,1,0,0.0,0
17247,691,1,3578.27,691.0,0,Active Minimal Buyers,0.6289462176069287,0,1,0,0.0,0
17246,693,1,3578.27,693.0,0,Active Minimal Buyers,0.628502094809652,0,1,0,0.0,0
17242,698,1,3578.27,698.0,0,Active Minimal Buyers,0.6273946883951664,0,1,0,0.0,0
17241,680,1,3578.27,680.0,0,Active Minimal Buyers,0.631400901392065,0,1,0,0.0,0
17240,677,1,3578.27,677.0,0,Active Minimal Buyers,0.6320739294557881,0,1,0,0.0,0
17717,191,1,2181.5625,191.0,6,Declining Frequent Buyers,0.7747505404322124,0,1,0,0.0,0
17720,196,1,2181.5625,196.0,6,Declining Frequent Buyers,0.7727039347532427,0,1,0,0.0,0
17722,136,1,2181.5625,136.0,4,Frequent Low-Spend Customers,0.7978230916062706,0,1,0,0.0,0
17827,80,1,1000.4375,80.0,8,Recent Low-Value Customers,0.7867826868864406,0,1,0,0.0,0
17849,172,1,2181.5625,172.0,6,Declining Frequent Buyers,0.7827919399599313,0,1,0,0.0,0
17848,112,1,2181.5625,112.0,4,Frequent Low-Spend Customers,0.8097992146819615,0,1,0,0.0,0
17847,116,1,2443.35,116.0,4,Frequent Low-Spend Customers,0.8085197223756995,0,1,0,0.0,0
17841,156,1,2181.5625,156.0,4,Frequent Low-Spend Customers,0.788654698844468,0,1,0,0.0,0
17834,69,1,1000.4375,69.0,8,Recent Low-Value Customers,0.7921485503209187,0,1,0,0.0,0
17831,89,1,1000.4375,89.0,8,Recent Low-Value Customers,0.7826685395722517,0,1,0,0.0,0
17830,89,1,1000.4375,89.0,8,Recent Low-Value Customers,0.7826685395722517,0,1,0,0.0,0
17829,179,1,2181.5625,179.0,6,Declining Frequent Buyers,0.7797783366816763,0,1,0,0.0,0
17828,174,1,2443.35,174.0,6,Declining Frequent Buyers,0.7824286080855194,0,1,0,0.0,0
17825,100,1,2181.5625,100.0,4,Frequent Low-Spend Customers,0.8162858448323305,0,1,0,0.0,0
17725,651,1,3578.27,651.0,0,Active Minimal Buyers,0.6379728646647168,0,1,0,0.0,0
17824,123,1,2443.35,123.0,4,Frequent Low-Spend Customers,0.8049634487346162,0,1,0,0.0,0
17815,171,1,2443.35,171.0,6,Declining Frequent Buyers,0.7837316520313378,0,1,0,0.0,0
17813,159,1,2443.35,159.0,6,Declining Frequent Buyers,0.7890657359405885,0,1,0,0.0,0
17812,166,1,2181.5625,166.0,6,Declining Frequent Buyers,0.7854258482804127,0,1,0,0.0,0
17811,107,1,2181.5625,107.0,4,Frequent Low-Spend Customers,0.8124562364206424,0,1,0,0.0,0
17803,161,1,2181.5625,161.0,6,Declining Frequent Buyers,0.7876585729450639,0,1,0,0.0,0
17799,113,1,2181.5625,113.0,4,Frequent Low-Spend Customers,0.8092751884331228,0,1,0,0.0,0
17798,158,1,2443.35,158.0,6,Declining Frequent Buyers,0.7895194861606974,0,1,0,0.0,0
17796,121,1,2181.5625,121.0,4,Frequent Low-Spend Customers,0.8051662005206759,0,1,0,0.0,0
17873,123,1,2443.35,123.0,4,Frequent Low-Spend Customers,0.8049634487346162,0,1,0,0.0,0
17885,47,1,1000.4375,47.0,8,Recent Low-Value Customers,0.8043951882745224,0,1,0,0.0,0
17889,179,1,2443.35,179.0,6,Declining Frequent Buyers,0.7802823982523704,0,1,0,0.0,0
17890,181,1,2181.5625,181.0,6,Declining Frequent Buyers,0.7789285363230826,0,1,0,0.0,0
17917,653,1,3578.27,653.0,0,Active Minimal Buyers,0.637514810117898,0,1,0,0.0,0
17916,652,1,3578.27,652.0,0,Active Minimal Buyers,0.6377437462848481,0,1,0,0.0,0
17915,660,1,3578.27,660.0,0,Active Minimal Buyers,0.6359173235668455,0,1,0,0.0,0
17914,645,1,3578.27,645.0,0,Active Minimal Buyers,0.6393514253211838,0,1,0,0.0,0
17913,641,1,3578.27,641.0,0,Active Minimal Buyers,0.6402741644572216,0,1,0,0.0,0
17912,662,1,3578.27,662.0,0,Active Minimal Buyers,0.6354625149031177,0,1,0,0.0,0
17911,664,1,3578.27,664.0,0,Active Minimal Buyers,0.6350084184537262,0,1,0,0.0,0
17910,659,1,3578.27,659.0,0,Active Minimal Buyers,0.6361449960022016,0,1,0,0.0,0
17909,649,1,3578.27,649.0,0,Active Minimal Buyers,0.6384316497641642,0,1,0,0.0,0
17904,668,1,3578.27,668.0,0,Active Minimal Buyers,0.6341023492133671,0,1,0,0.0,0
17902,64,1,2443.35,64.0,4,Frequent Low-Spend Customers,0.8394241781000839,0,1,0,0.0,0
17900,59,1,1000.4375,59.0,8,Recent Low-Value Customers,0.7974216795864916,0,1,0,0.0,0
17898,68,1,2443.35,68.0,4,Frequent Low-Spend Customers,0.8366674580812022,0,1,0,0.0,0
17897,46,1,1000.4375,46.0,8,Recent Low-Value Customers,0.8050153503447941,0,1,0,0.0,0
17896,142,1,2443.35,142.0,4,Frequent Low-Spend Customers,0.7958059548008476,0,1,0,0.0,0
17894,49,1,1000.4375,49.0,8,Recent Low-Value Customers,0.8031746881710655,0,1,0,0.0,0
17893,100,1,2181.5625,100.0,4,Frequent Low-Spend Customers,0.8162858448323305,0,1,0,0.0,0
17892,124,1,2181.5625,124.0,4,Frequent Low-Spend Customers,0.8036615690825586,0,1,0,0.0,0
17891,39,1,1000.4375,39.0,8,Recent Low-Value Customers,0.8095633013811251,0,1,0,0.0,0
17795,179,1,2443.35,179.0,6,Declining Frequent Buyers,0.7802823982523704,0,1,0,0.0,0
17794,159,1,2181.5625,159.0,6,Declining Frequent Buyers,0.7885616743698942,0,1,0,0.0,0
17793,175,1,2443.35,175.0,6,Declining Frequent Buyers,0.7819968425228317,0,1,0,0.0,0
17761,151,1,2181.5625,151.0,4,Frequent Low-Spend Customers,0.7908870154731907,0,1,0,0.0,0
17755,202,1,2181.5625,202.0,6,Declining Frequent Buyers,0.7702833114543686,0,1,0,0.0,0
17754,166,1,1000.4375,166.0,8,Recent Low-Value Customers,0.753844212974688,0,1,0,0.0,0
17753,207,1,2443.35,207.0,6,Declining Frequent Buyers,0.7687984378516505,0,1,0,0.0,0
17752,162,1,1000.4375,162.0,8,Recent Low-Value Customers,0.7551432278588942,0,1,0,0.0,0
17750,209,1,2181.5625,209.0,6,Declining Frequent Buyers,0.7675057648856171,0,1,0,0.0,0
17747,185,1,2181.5625,185.0,6,Declining Frequent Buyers,0.7772433694712468,0,1,0,0.0,0
17744,185,1,2181.5625,185.0,6,Declining Frequent Buyers,0.7772433694712468,0,1,0,0.0,0
17743,210,1,2181.5625,210.0,6,Declining Frequent Buyers,0.7671129223329642,0,1,0,0.0,0
17742,143,1,2443.35,143.0,4,Frequent Low-Spend Customers,0.7953420423270288,0,1,0,0.0,0
17741,138,1,2443.35,138.0,4,Frequent Low-Spend Customers,0.7976786722447596,0,1,0,0.0,0
17739,191,1,1000.4375,191.0,8,Recent Low-Value Customers,0.7460681649454279,0,1,0,0.0,0
17736,661,1,3578.27,661.0,0,Active Minimal Buyers,0.6356898300039555,0,1,0,0.0,0
17735,642,1,3578.27,642.0,0,Active Minimal Buyers,0.6400432003083038,0,1,0,0.0,0
17734,642,1,3578.27,642.0,0,Active Minimal Buyers,0.6400432003083038,0,1,0,0.0,0
17733,658,1,3578.27,658.0,0,Active Minimal Buyers,0.6363728477220062,0,1,0,0.0,0
17732,663,1,3578.27,663.0,0,Active Minimal Buyers,0.6352353778554762,0,1,0,0.0,0
17730,659,1,3578.27,659.0,0,Active Minimal Buyers,0.6361449960022016,0,1,0,0.0,0
17728,669,1,3578.27,669.0,0,Active Minimal Buyers,0.6338762719852103,0,1,0,0.0,0
17726,641,1,3578.27,641.0,0,Active Minimal Buyers,0.6402741644572216,0,1,0,0.0,0
17756,165,1,1000.4375,165.0,8,Recent Low-Value Customers,0.7541674375523856,0,1,0,0.0,0
17762,151,1,2181.5625,151.0,4,Frequent Low-Spend Customers,0.7908870154731907,0,1,0,0.0,0
17792,177,1,2443.35,177.0,6,Declining Frequent Buyers,0.7811371183801085,0,1,0,0.0,0
17764,100,1,2181.5625,100.0,4,Frequent Low-Spend Customers,0.8162858448323305,0,1,0,0.0,0
17790,166,1,2443.35,166.0,6,Declining Frequent Buyers,0.7859299098511069,0,1,0,0.0,0
17789,123,1,2181.5625,123.0,4,Frequent Low-Spend Customers,0.804161007325476,0,1,0,0.0,0
17787,89,1,1000.4375,89.0,8,Recent Low-Value Customers,0.7826685395722517,0,1,0,0.0,0
17784,109,1,2181.5625,109.0,4,Frequent Low-Spend Customers,0.8113859144752794,0,1,0,0.0,0
17782,185,1,2181.5625,185.0,6,Declining Frequent Buyers,0.7772433694712468,0,1,0,0.0,0
17781,113,1,2443.35,113.0,4,Frequent Low-Spend Customers,0.8100776298422631,0,1,0,0.0,0
17780,74,1,1000.4375,74.0,8,Recent Low-Value Customers,0.7896589517747515,0,1,0,0.0,0
17779,82,1,1000.4375,82.0,8,Recent Low-Value Customers,0.785848684696859,0,1,0,0.0,0
17778,104,1,1000.4375,104.0,8,Recent Low-Value Customers,0.7762612230140498,0,1,0,0.0,0
17777,94,1,2443.35,94.0,4,Frequent Low-Spend Customers,0.820482089269335,0,1,0,0.0,0
17775,120,1,1000.4375,120.0,8,Recent Low-Value Customers,0.769931785214276,0,1,0,0.0,0
17773,95,1,1000.4375,95.0,8,Recent Low-Value Customers,0.7800436062904761,0,1,0,0.0,0
17772,201,1,2181.5625,201.0,6,Declining Frequent Buyers,0.770684141810976,0,1,0,0.0,0
17770,137,1,1000.4375,137.0,8,Recent Low-Value Customers,0.7636670539804515,0,1,0,0.0,0
17769,94,1,2181.5625,94.0,4,Frequent Low-Spend Customers,0.8196796478601948,0,1,0,0.0,0
17768,97,1,2181.5625,97.0,4,Frequent Low-Spend Customers,0.8179692504076213,0,1,0,0.0,0
17767,175,1,1000.4375,175.0,8,Recent Low-Value Customers,0.7509793100714769,0,1,0,0.0,0
17766,175,1,1000.4375,175.0,8,Recent Low-Value Customers,0.7509793100714769,0,1,0,0.0,0
17765,96,1,2181.5625,96.0,4,Frequent Low-Spend Customers,0.8185363213829349,0,1,0,0.0,0
17183,165,1,2443.35,165.0,6,Declining Frequent Buyers,0.7863736470628683,0,1,0,0.0,0
17182,243,1,2181.5625,243.0,6,Declining Frequent Buyers,0.7546531484930493,0,1,0,0.0,0
17181,155,1,2181.5625,155.0,4,Frequent Low-Spend Customers,0.789098174135719,0,1,0,0.0,0
16541,284,1,2181.5625,284.0,6,Declining Frequent Buyers,0.7403371017238153,0,1,0,0.0,0
16554,275,1,2181.5625,275.0,6,Declining Frequent Buyers,0.7433828981172063,0,1,0,0.0,0
16553,285,1,2181.5625,285.0,6,Declining Frequent Buyers,0.7400017833153054,0,1,0,0.0,0
16552,212,1,2443.35,212.0,6,Declining Frequent Buyers,0.7668341900918924,0,1,0,0.0,0
16551,39,1,2443.35,39.0,4,Frequent Low-Spend Customers,0.8591283500328267,0,1,0,0.0,0
16550,302,1,2181.5625,302.0,6,Declining Frequent Buyers,0.734391936431041,0,1,0,0.0,0
16549,184,1,2443.35,184.0,6,Declining Frequent Buyers,0.7781669433374785,0,1,0,0.0,0
16548,44,1,2181.5625,44.0,4,Frequent Low-Spend Customers,0.8539592210957577,0,1,0,0.0,0
16547,48,1,2443.35,48.0,4,Frequent Low-Spend Customers,0.8514469958256061,0,1,0,0.0,0
16546,296,1,2181.5625,296.0,6,Declining Frequent Buyers,0.7363527512027995,0,1,0,0.0,0
16540,201,1,2181.5625,201.0,6,Declining Frequent Buyers,0.770684141810976,0,1,0,0.0,0
16624,761,1,3578.27,761.0,0,Active Minimal Buyers,0.613779316600679,0,1,0,0.0,0
16538,213,1,2181.5625,213.0,6,Declining Frequent Buyers,0.7659401635119137,0,1,0,0.0,0
16534,218,1,2181.5625,218.0,6,Declining Frequent Buyers,0.7640043896150045,0,1,0,0.0,0
16533,48,1,2181.5625,48.0,4,Frequent Low-Spend Customers,0.8506445544164658,0,1,0,0.0,0
16532,38,1,2443.35,38.0,4,Frequent Low-Spend Customers,0.8600351466389032,0,1,0,0.0,0
16531,278,1,2443.35,278.0,6,Declining Frequent Buyers,0.742866037399604,0,1,0,0.0,0
16530,302,1,2181.5625,302.0,6,Declining Frequent Buyers,0.734391936431041,0,1,0,0.0,0
16529,758,1,3578.27,758.0,0,Active Minimal Buyers,0.6144140967885732,0,1,0,0.0,0
16528,736,1,3578.27,736.0,0,Active Minimal Buyers,0.6191095363703787,0,1,0,0.0,0
16527,752,1,3578.27,752.0,0,Active Minimal Buyers,0.6156875795418789,0,1,0,0.0,0
16559,36,1,2181.5625,36.0,4,Frequent Low-Spend Customers,0.8610832743449646,0,1,0,0.0,0
16560,44,1,2181.5625,44.0,4,Frequent Low-Spend Customers,0.8539592210957577,0,1,0,0.0,0
16561,278,1,2181.5625,278.0,6,Declining Frequent Buyers,0.7423619758289098,0,1,0,0.0,0
16562,282,1,2181.5625,282.0,6,Declining Frequent Buyers,0.7410095772385562,0,1,0,0.0,0
16620,742,1,3578.27,742.0,0,Active Minimal Buyers,0.6178218220749183,0,1,0,0.0,0
16616,750,1,3578.27,750.0,0,Active Minimal Buyers,0.6161132445714707,0,1,0,0.0,0
16612,746,1,3578.27,746.0,0,Active Minimal Buyers,0.6169663450361318,0,1,0,0.0,0
16607,755,1,3578.27,755.0,0,Active Minimal Buyers,0.6150501818102683,0,1,0,0.0,0
16603,205,1,2181.5625,205.0,6,Declining Frequent Buyers,0.7690869370506838,0,1,0,0.0,0
16596,51,1,2181.5625,51.0,4,Frequent Low-Spend Customers,0.8482499032449459,0,1,0,0.0,0
16595,256,1,2181.5625,256.0,6,Declining Frequent Buyers,0.7499871227137029,0,1,0,0.0,0
16594,253,1,2443.35,253.0,6,Declining Frequent Buyers,0.7515568705402877,0,1,0,0.0,0
16589,246,1,2443.35,246.0,6,Declining Frequent Buyers,0.7540691878724654,0,1,0,0.0,0
16588,274,1,2181.5625,274.0,6,Declining Frequent Buyers,0.7437244856182863,0,1,0,0.0,0
16587,199,1,2181.5625,199.0,6,Declining Frequent Buyers,0.771488907017444,0,1,0,0.0,0
16585,297,1,2443.35,297.0,6,Declining Frequent Buyers,0.7365285906416417,0,1,0,0.0,0
16580,44,1,2443.35,44.0,4,Frequent Low-Spend Customers,0.8547616625048979,0,1,0,0.0,0
16575,294,1,2181.5625,294.0,6,Declining Frequent Buyers,0.7370109223447728,0,1,0,0.0,0
16573,283,1,2181.5625,283.0,6,Declining Frequent Buyers,0.7406730319394179,0,1,0,0.0,0
16572,186,1,2443.35,186.0,6,Declining Frequent Buyers,0.7773290888732777,0,1,0,0.0,0
16567,207,1,2443.35,207.0,6,Declining Frequent Buyers,0.7687984378516505,0,1,0,0.0,0
16566,36,1,2181.5625,36.0,4,Frequent Low-Spend Customers,0.8610832743449646,0,1,0,0.0,0
16565,190,1,2443.35,190.0,6,Declining Frequent Buyers,0.775667233457327,0,1,0,0.0,0
16526,744,1,3578.27,744.0,0,Active Minimal Buyers,0.6173937852731255,0,1,0,0.0,0
16525,746,1,3578.27,746.0,0,Active Minimal Buyers,0.6169663450361318,0,1,0,0.0,0
16524,744,1,3578.27,744.0,0,Active Minimal Buyers,0.6173937852731255,0,1,0,0.0,0
16470,328,1,2181.5625,328.0,6,Declining Frequent Buyers,0.7261196369092974,0,1,0,0.0,0
16465,312,1,2443.35,312.0,6,Declining Frequent Buyers,0.7316722818530158,0,1,0,0.0,0
16461,334,1,2443.35,334.0,6,Declining Frequent Buyers,0.7247634637110506,0,1,0,0.0,0
16452,331,1,2181.5625,331.0,6,Declining Frequent Buyers,0.7251873362795096,0,1,0,0.0,0
16451,244,1,2181.5625,244.0,6,Declining Frequent Buyers,0.754289706146064,0,1,0,0.0,0
16448,232,1,2181.5625,232.0,6,Declining Frequent Buyers,0.7587032347515249,0,1,0,0.0,0
16447,306,1,2181.5625,306.0,6,Declining Frequent Buyers,0.7330959137188737,0,1,0,0.0,0
16446,326,1,2181.5625,326.0,6,Declining Frequent Buyers,0.7267436263820417,0,1,0,0.0,0
16445,325,1,2443.35,325.0,6,Declining Frequent Buyers,0.7275604262469972,0,1,0,0.0,0
16444,310,1,2443.35,310.0,6,Declining Frequent Buyers,0.7323126960823755,0,1,0,0.0,0
16442,233,1,2443.35,233.0,6,Declining Frequent Buyers,0.7588350573433176,0,1,0,0.0,0
16436,55,1,2181.5625,55.0,4,Frequent Low-Spend Customers,0.8451660789507002,0,1,0,0.0,0
16433,85,1,2181.5625,85.0,4,Frequent Low-Spend Customers,0.8249864090868134,0,1,0,0.0,0
16432,78,1,2181.5625,78.0,4,Frequent Low-Spend Customers,0.8293168151721569,0,1,0,0.0,0
16431,89,1,2181.5625,89.0,4,Frequent Low-Spend Customers,0.8225938888978207,0,1,0,0.0,0
16430,71,1,2181.5625,71.0,4,Frequent Low-Spend Customers,0.8338515707841914,0,1,0,0.0,0
16429,216,1,2443.35,216.0,6,Declining Frequent Buyers,0.7652799768280015,0,1,0,0.0,0
16428,316,1,2181.5625,316.0,6,Declining Frequent Buyers,0.7298937386889711,0,1,0,0.0,0
16427,330,1,2181.5625,330.0,6,Declining Frequent Buyers,0.7254976150240955,0,1,0,0.0,0
16426,64,1,2181.5625,64.0,4,Frequent Low-Spend Customers,0.8386217366909435,0,1,0,0.0,0
16466,216,1,2181.5625,216.0,6,Declining Frequent Buyers,0.7647759152573074,0,1,0,0.0,0
16475,242,1,2181.5625,242.0,6,Declining Frequent Buyers,0.7550173655062538,0,1,0,0.0,0
16523,738,1,3578.27,738.0,0,Active Minimal Buyers,0.6186796951567359,0,1,0,0.0,0
16476,56,1,2181.5625,56.0,4,Frequent Low-Spend Customers,0.844413166255934,0,1,0,0.0,0
16522,753,1,3578.27,753.0,0,Active Minimal Buyers,0.61547496728526,0,1,0,0.0,0
16521,740,1,3578.27,740.0,0,Active Minimal Buyers,0.6182504578833148,0,1,0,0.0,0
16520,756,1,3578.27,756.0,0,Active Minimal Buyers,0.6148380080036078,0,1,0,0.0,0
16519,736,1,3578.27,736.0,0,Active Minimal Buyers,0.6191095363703787,0,1,0,0.0,0
16518,745,1,3578.27,745.0,0,Active Minimal Buyers,0.6171799907359968,0,1,0,0.0,0
16517,760,1,3578.27,760.0,0,Active Minimal Buyers,0.6139907654980665,0,1,0,0.0,0
16516,742,1,3578.27,742.0,0,Active Minimal Buyers,0.6178218220749183,0,1,0,0.0,0
16515,743,1,3578.27,743.0,0,Active Minimal Buyers,0.6176077289511968,0,1,0,0.0,0
16514,750,1,3578.27,750.0,0,Active Minimal Buyers,0.6161132445714707,0,1,0,0.0,0
16513,62,1,2181.5625,62.0,4,Frequent Low-Spend Customers,0.8400331737231355,0,1,0,0.0,0
16512,306,1,2443.35,306.0,6,Declining Frequent Buyers,0.7335999752895679,0,1,0,0.0,0
16509,310,1,2443.35,310.0,6,Declining Frequent Buyers,0.7323126960823755,0,1,0,0.0,0
16496,736,1,3578.27,736.0,0,Active Minimal Buyers,0.6191095363703787,0,1,0,0.0,0
16495,742,1,3578.27,742.0,0,Active Minimal Buyers,0.6178218220749183,0,1,0,0.0,0
16494,736,1,3578.27,736.0,0,Active Minimal Buyers,0.6191095363703787,0,1,0,0.0,0
16493,747,1,3578.27,747.0,0,Active Minimal Buyers,0.6167528478708757,0,1,0,0.0,0
16484,741,1,3578.27,741.0,0,Active Minimal Buyers,0.6180360649500309,0,1,0,0.0,0
16483,758,1,3578.27,758.0,0,Active Minimal Buyers,0.6144140967885732,0,1,0,0.0,0
16482,749,1,3578.27,749.0,0,Active Minimal Buyers,0.6163262979386619,0,1,0,0.0,0
16623,741,1,3578.27,741.0,0,Active Minimal Buyers,0.6180360649500309,0,1,0,0.0,0
16629,754,1,3578.27,754.0,0,Active Minimal Buyers,0.6152625014729347,0,1,0,0.0,0
17115,216,1,2181.5625,216.0,6,Declining Frequent Buyers,0.7647759152573074,0,1,0,0.0,0
16942,394,1,1000.4375,394.0,2,Inactive Minimal Buyers,0.700784284348936,0,1,0,0.0,0
17050,705,1,3578.27,705.0,0,Active Minimal Buyers,0.6258512104765608,0,1,0,0.0,0
17049,702,1,3578.27,702.0,0,Active Minimal Buyers,0.6265117229705488,0,1,0,0.0,0
17048,709,1,3578.27,709.0,0,Active Minimal Buyers,0.6249727912733498,0,1,0,0.0,0
17047,727,1,3578.27,727.0,0,Active Minimal Buyers,0.6210513628153644,0,1,0,0.0,0
17046,708,1,3578.27,708.0,0,Active Minimal Buyers,0.6251921545309049,0,1,0,0.0,0
17045,710,1,3578.27,710.0,0,Active Minimal Buyers,0.6247535884702533,0,1,0,0.0,0
16946,242,1,2181.5625,242.0,6,Declining Frequent Buyers,0.7550173655062538,0,1,0,0.0,0
16945,247,1,2443.35,247.0,6,Declining Frequent Buyers,0.7537080409227318,0,1,0,0.0,0
16944,26,2,4253.8099999999995,155.0,1,High Value but Cooling,0.8455563485406276,0,0,0,0.0,0
16940,170,1,2443.35,170.0,6,Declining Frequent Buyers,0.7841686204059732,0,1,0,0.0,0
16630,732,1,3578.27,732.0,0,Active Minimal Buyers,0.6199710406039542,0,1,0,0.0,0
16938,263,1,2181.5625,263.0,6,Declining Frequent Buyers,0.7475253851012532,0,1,0,0.0,0
16931,711,1,3578.27,711.0,0,Active Minimal Buyers,0.6245345457788227,0,1,0,0.0,0
16929,715,1,3578.27,715.0,0,Active Minimal Buyers,0.6236599693162301,0,1,0,0.0,0
16928,712,1,3578.27,712.0,0,Active Minimal Buyers,0.6243156628574787,0,1,0,0.0,0
16830,181,1,2443.35,181.0,6,Declining Frequent Buyers,0.7794325978937767,0,1,0,0.0,0
16828,259,1,2443.35,259.0,6,Declining Frequent Buyers,0.7494319414808139,0,1,0,0.0,0
16827,260,1,2443.35,260.0,6,Declining Frequent Buyers,0.749080272861718,0,1,0,0.0,0
16826,158,1,2181.5625,158.0,6,Declining Frequent Buyers,0.7890154245900033,0,1,0,0.0,0
16824,192,1,2181.5625,192.0,6,Declining Frequent Buyers,0.7743390239937654,0,1,0,0.0,0
17051,726,1,3578.27,726.0,0,Active Minimal Buyers,0.6212678893684218,0,1,0,0.0,0
17055,697,1,3578.27,697.0,0,Active Minimal Buyers,0.6276158396289664,0,1,0,0.0,0
17056,679,1,3578.27,679.0,0,Active Minimal Buyers,0.6316250726187219,0,1,0,0.0,0
17064,687,1,3578.27,687.0,0,Active Minimal Buyers,0.6298364682165701,0,1,0,0.0,0
17114,161,1,2443.35,161.0,6,Declining Frequent Buyers,0.7881626345157581,0,1,0,0.0,0
17109,307,1,1000.4375,307.0,2,Inactive Minimal Buyers,0.7247502762541551,0,1,0,0.0,0
17107,158,1,2443.35,158.0,6,Declining Frequent Buyers,0.7895194861606974,0,1,0,0.0,0
17103,169,1,2181.5625,169.0,6,Declining Frequent Buyers,0.7841028568125391,0,1,0,0.0,0
17099,342,1,1000.4375,342.0,2,Inactive Minimal Buyers,0.7147325755416418,0,1,0,0.0,0
17098,13,2,2768.5325,225.0,1,High Value but Cooling,0.8382702038611733,0,0,0,0.0,0
17097,238,1,2181.5625,238.0,6,Declining Frequent Buyers,0.7564820779706061,0,1,0,0.0,0
17096,158,1,2443.35,158.0,6,Declining Frequent Buyers,0.7895194861606974,0,1,0,0.0,0
17095,392,1,1000.4375,392.0,2,Inactive Minimal Buyers,0.7013024552904767,0,1,0,0.0,0
17094,221,1,2181.5625,221.0,6,Declining Frequent Buyers,0.7628539327635623,0,1,0,0.0,0
17093,161,1,2181.5625,161.0,6,Declining Frequent Buyers,0.7876585729450639,0,1,0,0.0,0
17086,168,1,2443.35,168.0,6,Declining Frequent Buyers,0.7850465578659156,0,1,0,0.0,0
17085,230,1,2181.5625,230.0,6,Declining Frequent Buyers,0.7594502109039891,0,1,0,0.0,0
17082,164,1,2181.5625,164.0,6,Declining Frequent Buyers,0.7863147136356274,0,1,0,0.0,0
17080,369,1,1000.4375,369.0,2,Inactive Minimal Buyers,0.7073627907461065,0,1,0,0.0,0
17079,679,1,3578.27,679.0,0,Active Minimal Buyers,0.6316250726187219,0,1,0,0.0,0
17071,699,1,3578.27,699.0,0,Active Minimal Buyers,0.6271737014683216,0,1,0,0.0,0
17069,689,1,3578.27,689.0,0,Active Minimal Buyers,0.6293910077620535,0,1,0,0.0,0
17065,695,1,3578.27,695.0,0,Active Minimal Buyers,0.6280586364500229,0,1,0,0.0,0
16823,265,1,2443.35,265.0,6,Declining Frequent Buyers,0.7473323388989531,0,1,0,0.0,0
16822,264,1,2443.35,264.0,6,Declining Frequent Buyers,0.7476805511207024,0,1,0,0.0,0
16821,210,1,2443.35,210.0,6,Declining Frequent Buyers,0.7676169839036584,0,1,0,0.0,0
16701,711,1,3578.27,711.0,0,Active Minimal Buyers,0.6245345457788227,0,1,0,0.0,0
16691,701,1,3578.27,701.0,0,Active Minimal Buyers,0.6267322191106315,0,1,0,0.0,0
16686,727,1,3578.27,727.0,0,Active Minimal Buyers,0.6210513628153644,0,1,0,0.0,0
16685,722,1,3578.27,722.0,0,Active Minimal Buyers,0.6221355467063646,0,1,0,0.0,0
16684,721,1,3578.27,721.0,0,Active Minimal Buyers,0.6223528504511955,0,1,0,0.0,0
16675,726,1,3578.27,726.0,0,Active Minimal Buyers,0.6212678893684218,0,1,0,0.0,0
16664,719,1,3578.27,719.0,0,Active Minimal Buyers,0.6227879275296815,0,1,0,0.0,0
16663,710,1,3578.27,710.0,0,Active Minimal Buyers,0.6247535884702533,0,1,0,0.0,0
16662,12,2,4355.71,717.0,1,High Value but Cooling,0.8568666638277176,0,0,0,0.0,0
16661,730,1,3578.27,730.0,0,Active Minimal Buyers,0.6204027086596089,0,1,0,0.0,0
16660,717,1,3578.27,717.0,0,Active Minimal Buyers,0.6232236329308913,0,1,0,0.0,0
16659,727,1,3578.27,727.0,0,Active Minimal Buyers,0.6210513628153644,0,1,0,0.0,0
16658,723,1,3578.27,723.0,0,Active Minimal Buyers,0.6219183990525886,0,1,0,0.0,0
16657,721,1,3578.27,721.0,0,Active Minimal Buyers,0.6223528504511955,0,1,0,0.0,0
16656,701,1,3578.27,701.0,0,Active Minimal Buyers,0.6267322191106315,0,1,0,0.0,0
16639,725,1,3578.27,725.0,0,Active Minimal Buyers,0.6214845707093983,0,1,0,0.0,0
16638,717,1,3578.27,717.0,0,Active Minimal Buyers,0.6232236329308913,0,1,0,0.0,0
16637,704,1,3578.27,704.0,0,Active Minimal Buyers,0.6260712190043368,0,1,0,0.0,0
16636,740,1,3578.27,740.0,0,Active Minimal Buyers,0.6182504578833148,0,1,0,0.0,0
16631,751,1,3578.27,751.0,0,Active Minimal Buyers,0.6159003385384118,0,1,0,0.0,0
16696,725,1,3578.27,725.0,0,Active Minimal Buyers,0.6214845707093983,0,1,0,0.0,0
16702,24,2,6021.62,684.0,1,High Value but Cooling,0.8597193363542521,0,0,0,0.0,0
16807,15,1,1728.27,15.0,4,Frequent Low-Spend Customers,0.8833458665426549,0,0,0,0.0,0
16703,720,1,3578.27,720.0,0,Active Minimal Buyers,0.6225703106157087,0,1,0,0.0,0
16805,14,1,1768.96,14.0,4,Frequent Low-Spend Customers,0.8849914874211596,0,0,0,0.0,0
16804,14,1,1728.27,14.0,4,Frequent Low-Spend Customers,0.8848202977517731,0,0,0,0.0,0
16803,15,1,1759.97,15.0,4,Frequent Low-Spend Customers,0.8834796219226643,0,0,0,0.0,0
16799,6,1,1700.99,6.0,4,Frequent Low-Spend Customers,0.8990576965471446,0,0,0,0.0,0
16798,13,1,1764.96,13.0,4,Frequent Low-Spend Customers,0.8865013002751011,0,0,0,0.0,0
16797,21,1,1732.26,21.0,4,Frequent Low-Spend Customers,0.8753789158279169,0,0,0,0.0,0
16794,14,1,1785.97,14.0,4,Frequent Low-Spend Customers,0.8850617284801938,0,0,0,0.0,0
16793,22,1,1788.95,22.0,4,Frequent Low-Spend Customers,0.8744007765143215,0,0,0,0.0,0
16792,12,1,1735.98,12.0,4,Frequent Low-Spend Customers,0.8879637405133577,0,0,0,0.0,0
16745,722,1,3578.27,722.0,0,Active Minimal Buyers,0.6221355467063646,0,1,0,0.0,0
16744,713,1,3578.27,713.0,0,Active Minimal Buyers,0.624096939365848,0,1,0,0.0,0
16743,731,1,3578.27,731.0,0,Active Minimal Buyers,0.6201867980396876,0,1,0,0.0,0
16742,707,1,3578.27,707.0,0,Active Minimal Buyers,0.6254116785869296,0,1,0,0.0,0
16741,728,1,3578.27,728.0,0,Active Minimal Buyers,0.6208349907272588,0,1,0,0.0,0
16740,729,1,3578.27,729.0,0,Active Minimal Buyers,0.620618772782254,0,1,0,0.0,0
16713,706,1,3578.27,706.0,0,Active Minimal Buyers,0.6256313637866592,0,1,0,0.0,0
16712,726,1,3578.27,726.0,0,Active Minimal Buyers,0.6212678893684218,0,1,0,0.0,0
16708,710,1,3578.27,710.0,0,Active Minimal Buyers,0.6247535884702533,0,1,0,0.0,0
16707,708,1,3578.27,708.0,0,Active Minimal Buyers,0.6251921545309049,0,1,0,0.0,0
17918,643,1,3578.27,643.0,0,Active Minimal Buyers,0.6398124226956762,0,1,0,0.0,0
17919,653,1,3578.27,653.0,0,Active Minimal Buyers,0.637514810117898,0,1,0,0.0,0
17920,665,1,3578.27,665.0,0,Active Minimal Buyers,0.6347816362921058,0,1,0,0.0,0
19058,33,1,2181.5625,33.0,4,Frequent Low-Spend Customers,0.8639594387541157,0,1,0,0.0,0
19089,565,1,3578.27,565.0,0,Active Minimal Buyers,0.6584095447072612,0,1,0,0.0,0
19084,568,1,3578.27,568.0,0,Active Minimal Buyers,0.6576704973514604,0,1,0,0.0,0
19083,563,1,3578.27,563.0,0,Active Minimal Buyers,0.6589033740952449,0,1,0,0.0,0
19076,343,1,782.99,343.0,2,Inactive Minimal Buyers,0.7112339685871525,0,1,0,0.0,0
19073,42,1,2443.35,42.0,4,Frequent Low-Spend Customers,0.8564764791260877,0,1,0,0.0,0
19070,45,1,2443.35,45.0,4,Frequent Low-Spend Customers,0.8539191012667147,0,1,0,0.0,0
19069,385,1,782.99,385.0,2,Inactive Minimal Buyers,0.6999065413993465,0,1,0,0.0,0
19067,144,1,1000.4375,144.0,8,Recent Low-Value Customers,0.761204729770887,0,1,0,0.0,0
19065,148,1,1000.4375,148.0,8,Recent Low-Value Customers,0.7598253653258703,0,1,0,0.0,0
19057,151,1,1000.4375,151.0,8,Recent Low-Value Customers,0.7588034232143811,0,1,0,0.0,0
19198,13,1,1155.48,13.0,8,Recent Low-Value Customers,0.8361862740889343,0,0,0,0.0,0
19052,382,1,782.99,382.0,2,Inactive Minimal Buyers,0.7006937171330693,0,1,0,0.0,0
19049,36,1,2443.35,36.0,4,Frequent Low-Spend Customers,0.8618857157541048,0,1,0,0.0,0
19048,51,1,2443.35,51.0,4,Frequent Low-Spend Customers,0.8490523446540862,0,1,0,0.0,0
19046,135,1,1000.4375,135.0,8,Recent Low-Value Customers,0.7643824346963949,0,1,0,0.0,0
19040,180,1,1000.4375,180.0,8,Recent Low-Value Customers,0.7494205365686171,0,1,0,0.0,0
19038,170,1,1000.4375,170.0,8,Recent Low-Value Customers,0.7525612643690328,0,1,0,0.0,0
19037,45,1,2443.35,45.0,4,Frequent Low-Spend Customers,0.8539191012667147,0,1,0,0.0,0
19036,36,1,2443.35,36.0,4,Frequent Low-Spend Customers,0.8618857157541048,0,1,0,0.0,0
19035,185,1,1000.4375,185.0,8,Recent Low-Value Customers,0.747883977530124,0,1,0,0.0,0
19093,567,1,3578.27,567.0,0,Active Minimal Buyers,0.6579166210477365,0,1,0,0.0,0
19094,558,1,3578.27,558.0,0,Active Minimal Buyers,0.6601419422925775,0,1,0,0.0,0
19095,526,1,3578.27,526.0,0,Active Minimal Buyers,0.6682088561745183,0,1,0,0.0,0
19096,546,1,3578.27,546.0,0,Active Minimal Buyers,0.6631381947898756,0,1,0,0.0,0
19196,136,1,1000.4375,136.0,8,Recent Low-Value Customers,0.7640240661256564,0,1,0,0.0,0
19195,349,1,1000.4375,349.0,2,Inactive Minimal Buyers,0.7127937786688676,0,1,0,0.0,0
19194,317,1,782.99,317.0,2,Inactive Minimal Buyers,0.7186098789681709,0,1,0,0.0,0
19193,346,1,1000.4375,346.0,2,Inactive Minimal Buyers,0.7136222017350815,0,1,0,0.0,0
19192,341,1,1000.4375,341.0,2,Inactive Minimal Buyers,0.7150112186733129,0,1,0,0.0,0
19188,133,1,1000.4375,133.0,8,Recent Low-Value Customers,0.7651033021366229,0,1,0,0.0,0
19186,374,1,1000.4375,374.0,2,Inactive Minimal Buyers,0.7060290358679888,0,1,0,0.0,0
19181,329,1,782.99,329.0,2,Inactive Minimal Buyers,0.7151681421251155,0,1,0,0.0,0
19174,314,1,782.99,314.0,2,Inactive Minimal Buyers,0.7194808096272838,0,1,0,0.0,0
19173,371,1,1000.4375,371.0,2,Inactive Minimal Buyers,0.7068281719186729,0,1,0,0.0,0
19172,393,1,1000.4375,393.0,2,Inactive Minimal Buyers,0.7010431990061566,0,1,0,0.0,0
19171,18,1,1174.48,18.0,8,Recent Low-Value Customers,0.8312761481217811,0,0,0,0.0,0
19169,4,1,1170.48,4.0,8,Recent Low-Value Customers,0.8498663384246445,0,0,0,0.0,0
19167,28,1,1120.49,28.0,8,Recent Low-Value Customers,0.8210037012131753,0,0,0,0.0,0
19160,10,1,1183.47,10.0,8,Recent Low-Value Customers,0.8406155824856615,0,0,0,0.0,0
19159,16,1,1120.49,16.0,8,Recent Low-Value Customers,0.8319509409974766,0,0,0,0.0,0
19105,533,1,3578.27,533.0,0,Active Minimal Buyers,0.6664229319486571,0,1,0,0.0,0
19102,533,1,3578.27,533.0,0,Active Minimal Buyers,0.6664229319486571,0,1,0,0.0,0
19099,525,1,3578.27,525.0,0,Active Minimal Buyers,0.668464991944,0,1,0,0.0,0
19034,201,1,1000.4375,201.0,2,Inactive Minimal Buyers,0.7593781060498753,0,1,0,0.0,0
19032,55,1,2181.5625,55.0,4,Frequent Low-Spend Customers,0.8451660789507002,0,1,0,0.0,0
19031,42,1,2443.35,42.0,4,Frequent Low-Spend Customers,0.8564764791260877,0,1,0,0.0,0
18739,559,1,3578.27,559.0,0,Active Minimal Buyers,0.6598937696401425,0,1,0,0.0,0
18737,552,1,3578.27,552.0,0,Active Minimal Buyers,0.6616358461441335,0,1,0,0.0,0
18736,553,1,3578.27,553.0,0,Active Minimal Buyers,0.6613862794805914,0,1,0,0.0,0
18735,568,1,3578.27,568.0,0,Active Minimal Buyers,0.6576704973514604,0,1,0,0.0,0
18731,552,1,3578.27,552.0,0,Active Minimal Buyers,0.6616358461441335,0,1,0,0.0,0
18729,557,1,3578.27,557.0,0,Active Minimal Buyers,0.660390345698985,0,1,0,0.0,0
18726,569,1,3578.27,569.0,0,Active Minimal Buyers,0.6574245982750406,0,1,0,0.0,0
18725,570,1,3578.27,570.0,0,Active Minimal Buyers,0.6571789232199515,0,1,0,0.0,0
18724,557,1,3578.27,557.0,0,Active Minimal Buyers,0.660390345698985,0,1,0,0.0,0
18723,555,1,3578.27,555.0,0,Active Minimal Buyers,0.6608878472912564,0,1,0,0.0,0
18722,571,1,3578.27,571.0,0,Active Minimal Buyers,0.6569334715903066,0,1,0,0.0,0
18721,564,1,3578.27,564.0,0,Active Minimal Buyers,0.6586563458809087,0,1,0,0.0,0
18718,549,1,3578.27,549.0,0,Active Minimal Buyers,0.6623859561360862,0,1,0,0.0,0
18716,567,1,3578.27,567.0,0,Active Minimal Buyers,0.6579166210477365,0,1,0,0.0,0
18710,572,1,3578.27,572.0,0,Active Minimal Buyers,0.6566882427928424,0,1,0,0.0,0
18709,550,1,3578.27,550.0,0,Active Minimal Buyers,0.6621356838243863,0,1,0,0.0,0
18708,570,1,3578.27,570.0,0,Active Minimal Buyers,0.6571789232199515,0,1,0,0.0,0
18706,563,1,3578.27,563.0,0,Active Minimal Buyers,0.6589033740952449,0,1,0,0.0,0
18703,599,1,3578.27,599.0,0,Active Minimal Buyers,0.6501491972950634,0,1,0,0.0,0
18702,580,1,3578.27,580.0,0,Active Minimal Buyers,0.6547343640332384,0,1,0,0.0,0
18738,563,1,3578.27,563.0,0,Active Minimal Buyers,0.6589033740952449,0,1,0,0.0,0
18740,571,1,3578.27,571.0,0,Active Minimal Buyers,0.6569334715903066,0,1,0,0.0,0
19030,192,1,1000.4375,192.0,8,Recent Low-Value Customers,0.7457684104431976,0,1,0,0.0,0
18746,577,1,3578.27,577.0,0,Active Minimal Buyers,0.655465420705669,0,1,0,0.0,0
19029,231,1,1000.4375,231.0,2,Inactive Minimal Buyers,0.7487754924281788,0,1,0,0.0,0
18958,24,1,565.21,24.0,8,Recent Low-Value Customers,0.8032373894583351,0,0,0,0.0,0
18957,5,1,589.26,5.0,8,Recent Low-Value Customers,0.8269299400990325,0,0,0,0.0,0
18931,560,1,3578.27,560.0,0,Active Minimal Buyers,0.6596458271158342,0,1,0,0.0,0
18930,555,1,3578.27,555.0,0,Active Minimal Buyers,0.6608878472912564,0,1,0,0.0,0
18929,559,1,3578.27,559.0,0,Active Minimal Buyers,0.6598937696401425,0,1,0,0.0,0
18928,550,1,3578.27,550.0,0,Active Minimal Buyers,0.6621356838243863,0,1,0,0.0,0
18909,576,1,3578.27,576.0,0,Active Minimal Buyers,0.6557095441504665,0,1,0,0.0,0
18908,553,1,3578.27,553.0,0,Active Minimal Buyers,0.6613862794805914,0,1,0,0.0,0
18907,14,2,4167.23,544.0,1,High Value but Cooling,0.853425663535087,0,0,0,0.0,0
18903,18,2,4143.74,544.0,1,High Value but Cooling,0.8500215876135521,0,0,0,0.0,0
18902,6,2,4186.23,553.0,1,High Value but Cooling,0.8617277955710235,0,0,0,0.0,0
18900,8,2,4132.24,557.0,1,High Value but Cooling,0.8588741483326133,0,0,0,0.0,0
18899,14,2,4118.26,562.0,1,High Value but Cooling,0.852975138944235,0,0,0,0.0,0
18769,561,1,3578.27,561.0,0,Active Minimal Buyers,0.659398114096616,0,1,0,0.0,0
18768,554,1,3578.27,554.0,0,Active Minimal Buyers,0.6611369467430197,0,1,0,0.0,0
18767,565,1,3578.27,565.0,0,Active Minimal Buyers,0.6584095447072612,0,1,0,0.0,0
18766,563,1,3578.27,563.0,0,Active Minimal Buyers,0.6589033740952449,0,1,0,0.0,0
18747,577,1,3578.27,577.0,0,Active Minimal Buyers,0.655465420705669,0,1,0,0.0,0
19197,108,1,1000.4375,108.0,8,Recent Low-Value Customers,0.7746343708121417,0,1,0,0.0,0
19199,5,1,1134.47,5.0,8,Recent Low-Value Customers,0.8470480384589387,0,0,0,0.0,0
18700,601,1,3578.27,601.0,0,Active Minimal Buyers,0.6496709636039646,0,1,0,0.0,0
19323,175,1,782.99,175.0,8,Recent Low-Value Customers,0.7435356901835032,0,1,0,0.0,0
19359,22,2,3478.7774999999997,194.0,1,High Value but Cooling,0.8404188548010093,0,0,0,0.0,0
19344,1,1,186.28,1.0,8,Recent Low-Value Customers,0.7962306681161887,0,0,0,0.0,0
19343,179,1,782.99,179.0,8,Recent Low-Value Customers,0.7422868642779492,0,1,0,0.0,0
19341,26,2,3498.7774999999997,194.0,1,High Value but Cooling,0.8380353841927826,0,0,0,0.0,0
19338,157,1,782.99,157.0,8,Recent Low-Value Customers,0.7493468921048285,0,1,0,0.0,0
19337,233,1,1000.4375,233.0,2,Inactive Minimal Buyers,0.748094726330294,0,1,0,0.0,0
19336,155,1,782.99,155.0,8,Recent Low-Value Customers,0.7500133789693665,0,1,0,0.0,0
19335,23,2,1957.47,151.0,1,High Value but Cooling,0.8163843202649224,0,0,0,0.0,0
19326,5,2,1903.48,156.0,1,High Value but Cooling,0.8313580848458261,0,0,0,0.0,0
19322,263,1,1000.4375,263.0,2,Inactive Minimal Buyers,0.7382248674353618,0,1,0,0.0,0
19201,2,1,1120.49,2.0,8,Recent Low-Value Customers,0.853110233693722,0,0,0,0.0,0
19321,62,1,1000.4375,62.0,8,Recent Low-Value Customers,0.7957947332521019,0,1,0,0.0,0
19320,24,2,1981.96,180.0,1,High Value but Cooling,0.816251097651041,0,0,0,0.0,0
19319,184,1,782.99,184.0,8,Recent Low-Value Customers,0.7407459364418768,0,1,0,0.0,0
19318,212,1,782.99,212.0,2,Inactive Minimal Buyers,0.7521807590769232,0,1,0,0.0,0
19316,41,1,1000.4375,41.0,8,Recent Low-Value Customers,0.8082243479750529,0,1,0,0.0,0
19315,231,1,782.99,231.0,2,Inactive Minimal Buyers,0.745555106878668,0,1,0,0.0,0
19314,91,1,1000.4375,91.0,8,Recent Low-Value Customers,0.781783730555361,0,1,0,0.0,0
19313,216,1,782.99,216.0,2,Inactive Minimal Buyers,0.7507611386525193,0,1,0,0.0,0
19312,269,1,1000.4375,269.0,2,Inactive Minimal Buyers,0.7363220690948404,0,1,0,0.0,0
19360,28,2,3511.7574999999997,197.0,1,High Value but Cooling,0.836951572858081,0,0,0,0.0,0
19361,4,2,3478.7774999999997,238.0,1,High Value but Cooling,0.8573358606580829,0,0,0,0.0,0
19362,10,2,3443.7875,225.0,1,High Value but Cooling,0.8497384285631768,0,0,0,0.0,0
19366,153,1,782.99,153.0,8,Recent Low-Value Customers,0.7506843199763958,0,1,0,0.0,0
19435,2,2,3457.7675,178.0,1,High Value but Cooling,0.8605026613336503,0,0,0,0.0,0
19433,13,2,3478.7774999999997,157.0,1,High Value but Cooling,0.8473273744649463,0,0,0,0.0,0
19428,20,2,1878.5682,554.0,1,High Value but Cooling,0.8167057542821635,0,0,0,0.0,0
19427,123,1,782.99,123.0,8,Recent Low-Value Customers,0.7613508660163708,0,1,0,0.0,0
19426,99,1,782.99,99.0,8,Recent Low-Value Customers,0.7708971389364202,0,1,0,0.0,0
19424,9,2,3511.7574999999997,197.0,1,High Value but Cooling,0.8515238756002316,0,0,0,0.0,0
19423,104,1,782.99,104.0,8,Recent Low-Value Customers,0.7688176031260759,0,1,0,0.0,0
19422,5,2,1819.5882000000001,544.0,1,High Value but Cooling,0.8294402053713725,0,0,0,0.0,0
19421,110,1,782.99,110.0,8,Recent Low-Value Customers,0.766388954797354,0,1,0,0.0,0
19419,129,1,782.99,129.0,8,Recent Low-Value Customers,0.7591183818057249,0,1,0,0.0,0
19418,26,2,3476.3875,175.0,1,High Value but Cooling,0.8377848308488478,0,0,0,0.0,0
19417,25,2,1854.5782,577.0,1,High Value but Cooling,0.8127914510569954,0,0,0,0.0,0
19416,19,2,3476.3875,193.0,1,High Value but Cooling,0.8425063671499644,0,0,0,0.0,0
19413,1,1,1145.48,1.0,8,Recent Low-Value Customers,0.8566363703423812,0,0,0,0.0,0
19393,22,1,1134.47,22.0,8,Recent Low-Value Customers,0.8264658398917039,0,0,0,0.0,0
19386,144,1,782.99,144.0,8,Recent Low-Value Customers,0.7537611098829133,0,1,0,0.0,0
19382,9,2,3443.7875,188.0,1,High Value but Cooling,0.8507607954272345,0,0,0,0.0,0
19381,131,1,782.99,131.0,8,Recent Low-Value Customers,0.7583861613419972,0,1,0,0.0,0
19380,154,1,782.99,154.0,8,Recent Low-Value Customers,0.7503482872597461,0,1,0,0.0,0
19311,91,1,1000.4375,91.0,8,Recent Low-Value Customers,0.781783730555361,0,1,0,0.0,0
19310,243,1,782.99,243.0,2,Inactive Minimal Buyers,0.7415149902738578,0,1,0,0.0,0
19309,240,1,782.99,240.0,2,Inactive Minimal Buyers,0.7425151596671353,0,1,0,0.0,0
19278,327,1,1000.4375,327.0,2,Inactive Minimal Buyers,0.7189575798000337,0,1,0,0.0,0
19274,119,1,1000.4375,119.0,8,Recent Low-Value Customers,0.7703141342769291,0,1,0,0.0,0
19271,9,2,4153.25,536.0,1,High Value but Cooling,0.8579904352111919,0,0,0,0.0,0
19270,21,2,4127.25,523.0,1,High Value but Cooling,0.8477021248580568,0,0,0,0.0,0
19269,5,2,4118.26,539.0,1,High Value but Cooling,0.8624163509335383,0,0,0,0.0,0
19264,3,2,4132.24,534.0,1,High Value but Cooling,0.8655671267097499,0,0,0,0.0,0
19263,325,1,1000.4375,325.0,2,Inactive Minimal Buyers,0.7195284374550537,0,1,0,0.0,0
19260,347,1,1000.4375,347.0,2,Inactive Minimal Buyers,0.7133456487574413,0,1,0,0.0,0
19258,342,1,1000.4375,342.0,2,Inactive Minimal Buyers,0.7147325755416418,0,1,0,0.0,0
19257,94,1,1000.4375,94.0,8,Recent Low-Value Customers,0.7804750498349824,0,1,0,0.0,0
19256,322,1,782.99,322.0,2,Inactive Minimal Buyers,0.7171677607059863,0,1,0,0.0,0
19255,335,1,782.99,335.0,2,Inactive Minimal Buyers,0.7134716541632636,0,1,0,0.0,0
19254,111,1,1000.4375,111.0,8,Recent Low-Value Customers,0.773434490930845,0,1,0,0.0,0
19253,352,1,1000.4375,352.0,2,Inactive Minimal Buyers,0.7119690364721492,0,1,0,0.0,0
19240,8,1,1155.48,8.0,8,Recent Low-Value Customers,0.8427062033046387,0,0,0,0.0,0
19225,29,1,1218.98,29.0,8,Recent Low-Value Customers,0.8226726119542095,0,0,0,0.0,0
19213,10,1,1155.48,10.0,8,Recent Low-Value Customers,0.8399158417756891,0,0,0,0.0,0
19212,17,1,1174.48,17.0,8,Recent Low-Value Customers,0.8322884189951445,0,0,0,0.0,0
19211,5,1,1120.49,5.0,8,Recent Low-Value Customers,0.8466837194765005,0,0,0,0.0,0
19202,14,1,1170.48,14.0,8,Recent Low-Value Customers,0.8354147140618463,0,0,0,0.0,0
19276,283,1,782.99,283.0,2,Inactive Minimal Buyers,0.7287455335614634,0,1,0,0.0,0
19280,264,1,782.99,264.0,2,Inactive Minimal Buyers,0.7346858002338291,0,1,0,0.0,0
19308,291,1,1000.4375,291.0,2,Inactive Minimal Buyers,0.7295266891290154,0,1,0,0.0,0
19282,248,1,782.99,248.0,2,Inactive Minimal Buyers,0.7398621355051936,0,1,0,0.0,0
19305,286,1,1000.4375,286.0,2,Inactive Minimal Buyers,0.7310470753282432,0,1,0,0.0,0
19302,287,1,1000.4375,287.0,2,Inactive Minimal Buyers,0.7307419038338344,0,1,0,0.0,0
19301,333,1,1000.4375,333.0,2,Inactive Minimal Buyers,0.7172557738578577,0,1,0,0.0,0
19299,327,1,1000.4375,327.0,2,Inactive Minimal Buyers,0.7189575798000337,0,1,0,0.0,0
19298,63,1,1000.4375,63.0,8,Recent Low-Value Customers,0.7952613972931829,0,1,0,0.0,0
19297,242,1,782.99,242.0,2,Inactive Minimal Buyers,0.741847666569237,0,1,0,0.0,0
19296,229,1,782.99,229.0,2,Inactive Minimal Buyers,0.7462389287740006,0,1,0,0.0,0
19295,232,1,782.99,232.0,2,Inactive Minimal Buyers,0.7452143443501035,0,1,0,0.0,0
19294,81,1,1000.4375,81.0,8,Recent Low-Value Customers,0.7863142063729225,0,1,0,0.0,0
19293,220,1,782.99,220.0,2,Inactive Minimal Buyers,0.7493550492452531,0,1,0,0.0,0
19292,257,1,782.99,257.0,2,Inactive Minimal Buyers,0.7369298828515048,0,1,0,0.0,0
19290,307,1,1000.4375,307.0,2,Inactive Minimal Buyers,0.7247502762541551,0,1,0,0.0,0
19289,64,1,1000.4375,64.0,8,Recent Low-Value Customers,0.7947323734112574,0,1,0,0.0,0
19288,63,1,1000.4375,63.0,8,Recent Low-Value Customers,0.7952613972931829,0,1,0,0.0,0
19287,248,1,782.99,248.0,2,Inactive Minimal Buyers,0.7398621355051936,0,1,0,0.0,0
19286,77,1,1000.4375,77.0,8,Recent Low-Value Customers,0.7882064472052429,0,1,0,0.0,0
19285,86,1,1000.4375,86.0,8,Recent Low-Value Customers,0.7840151301460268,0,1,0,0.0,0
19284,99,1,1000.4375,99.0,8,Recent Low-Value Customers,0.7783407588243939,0,1,0,0.0,0
19283,98,1,1000.4375,98.0,8,Recent Low-Value Customers,0.7787631026012807,0,1,0,0.0,0
18701,591,1,3578.27,591.0,0,Active Minimal Buyers,0.6520704633776012,0,1,0,0.0,0
18699,587,1,3578.27,587.0,0,Active Minimal Buyers,0.6530361551180134,0,1,0,0.0,0
17921,668,1,3578.27,668.0,0,Active Minimal Buyers,0.6341023492133671,0,1,0,0.0,0
18125,396,1,1000.4375,396.0,2,Inactive Minimal Buyers,0.7002674746707754,0,1,0,0.0,0
18140,343,1,1000.4375,343.0,2,Inactive Minimal Buyers,0.7144543541366632,0,1,0,0.0,0
18139,341,1,1000.4375,341.0,2,Inactive Minimal Buyers,0.7150112186733129,0,1,0,0.0,0
18136,74,1,2181.5625,74.0,4,Frequent Low-Spend Customers,0.8318812567684387,0,1,0,0.0,0
18135,86,1,2181.5625,86.0,4,Frequent Low-Spend Customers,0.8243829510686156,0,1,0,0.0,0
18134,352,1,1000.4375,352.0,2,Inactive Minimal Buyers,0.7119690364721492,0,1,0,0.0,0
18133,357,1,1000.4375,357.0,2,Inactive Minimal Buyers,0.7106025174868635,0,1,0,0.0,0
18130,387,1,1000.4375,387.0,2,Inactive Minimal Buyers,0.7026039076795942,0,1,0,0.0,0
18127,87,1,2181.5625,87.0,4,Frequent Low-Spend Customers,0.8237830859800979,0,1,0,0.0,0
18126,69,1,2181.5625,69.0,4,Frequent Low-Spend Customers,0.8351889039970445,0,1,0,0.0,0
18047,397,1,1000.4375,397.0,2,Inactive Minimal Buyers,0.7000095770481288,0,1,0,0.0,0
18204,631,1,3578.27,631.0,0,Active Minimal Buyers,0.6425941634802175,0,1,0,0.0,0
18045,52,1,2181.5625,52.0,4,Frequent Low-Spend Customers,0.8474677128506518,0,1,0,0.0,0
18028,79,1,2181.5625,79.0,4,Frequent Low-Spend Customers,0.8286863118079417,0,1,0,0.0,0
18027,48,1,2181.5625,48.0,4,Frequent Low-Spend Customers,0.8506445544164658,0,1,0,0.0,0
18026,92,1,2181.5625,92.0,4,Frequent Low-Spend Customers,0.8208355490892599,0,1,0,0.0,0
18021,118,1,2181.5625,118.0,4,Frequent Low-Spend Customers,0.8066901796458829,0,1,0,0.0,0
18019,57,1,2181.5625,57.0,4,Frequent Low-Spend Customers,0.843667085201355,0,1,0,0.0,0
18005,40,1,2181.5625,40.0,4,Frequent Low-Spend Customers,0.8574308149368459,0,1,0,0.0,0
18000,109,1,2443.35,109.0,4,Frequent Low-Spend Customers,0.8121883558844196,0,1,0,0.0,0
17998,35,1,2443.35,35.0,4,Frequent Low-Spend Customers,0.8628305014236373,0,1,0,0.0,0
18141,86,1,2181.5625,86.0,4,Frequent Low-Spend Customers,0.8243829510686156,0,1,0,0.0,0
18147,63,1,2181.5625,63.0,4,Frequent Low-Spend Customers,0.8393245907232177,0,1,0,0.0,0
18157,285,1,1000.4375,285.0,2,Inactive Minimal Buyers,0.7313527997413339,0,1,0,0.0,0
18158,93,1,2181.5625,93.0,4,Frequent Low-Spend Customers,0.8202560013197934,0,1,0,0.0,0
18202,610,1,3578.27,610.0,0,Active Minimal Buyers,0.64752905831688,0,1,0,0.0,0
18201,626,1,3578.27,626.0,0,Active Minimal Buyers,0.6437613155845625,0,1,0,0.0,0
18200,633,1,3578.27,633.0,0,Active Minimal Buyers,0.6421286463242605,0,1,0,0.0,0
18198,623,1,3578.27,623.0,0,Active Minimal Buyers,0.6444639289288341,0,1,0,0.0,0
18196,629,1,3578.27,629.0,0,Active Minimal Buyers,0.6430604466057623,0,1,0,0.0,0
18193,661,1,3578.27,661.0,0,Active Minimal Buyers,0.6356898300039555,0,1,0,0.0,0
18189,666,1,3578.27,666.0,0,Active Minimal Buyers,0.634555030966387,0,1,0,0.0,0
18188,666,1,3578.27,666.0,0,Active Minimal Buyers,0.634555030966387,0,1,0,0.0,0
18185,226,1,1000.4375,226.0,2,Inactive Minimal Buyers,0.7504908655578265,0,1,0,0.0,0
18183,221,1,1000.4375,221.0,2,Inactive Minimal Buyers,0.7522259828829211,0,1,0,0.0,0
18177,86,1,2181.5625,86.0,4,Frequent Low-Spend Customers,0.8243829510686156,0,1,0,0.0,0
18176,233,1,1000.4375,233.0,2,Inactive Minimal Buyers,0.748094726330294,0,1,0,0.0,0
18173,87,1,2443.35,87.0,4,Frequent Low-Spend Customers,0.8245855273892381,0,1,0,0.0,0
18171,217,1,1000.4375,217.0,2,Inactive Minimal Buyers,0.7536287480797926,0,1,0,0.0,0
18168,71,1,2181.5625,71.0,4,Frequent Low-Spend Customers,0.8338515707841914,0,1,0,0.0,0
18167,238,1,1000.4375,238.0,2,Inactive Minimal Buyers,0.7464059223960018,0,1,0,0.0,0
18166,81,1,2443.35,81.0,4,Frequent Low-Spend Customers,0.8282399143089774,0,1,0,0.0,0
18164,256,1,1000.4375,256.0,2,Inactive Minimal Buyers,0.7404734217845945,0,1,0,0.0,0
18160,73,1,2181.5625,73.0,4,Frequent Low-Spend Customers,0.8325334013888775,0,1,0,0.0,0
17990,99,1,2181.5625,99.0,4,Frequent Low-Spend Customers,0.8168440574566418,0,1,0,0.0,0
17989,57,1,2181.5625,57.0,4,Frequent Low-Spend Customers,0.843667085201355,0,1,0,0.0,0
17986,44,1,2181.5625,44.0,4,Frequent Low-Spend Customers,0.8539592210957577,0,1,0,0.0,0
17948,130,1,2443.35,130.0,4,Frequent Low-Spend Customers,0.8015100265028409,0,1,0,0.0,0
17946,92,1,2181.5625,92.0,4,Frequent Low-Spend Customers,0.8208355490892599,0,1,0,0.0,0
17945,70,1,2181.5625,70.0,4,Frequent Low-Spend Customers,0.8345177909065337,0,1,0,0.0,0
17944,57,1,1000.4375,57.0,8,Recent Low-Value Customers,0.7985299042385462,0,1,0,0.0,0
17943,144,1,2181.5625,144.0,4,Frequent Low-Spend Customers,0.794077359148836,0,1,0,0.0,0
17942,88,1,2181.5625,88.0,4,Frequent Low-Spend Customers,0.8231867519611363,0,1,0,0.0,0
17941,90,1,2181.5625,90.0,4,Frequent Low-Spend Customers,0.8220044383543592,0,1,0,0.0,0
17940,84,1,2181.5625,84.0,4,Frequent Low-Spend Customers,0.8255935237127145,0,1,0,0.0,0
17937,150,1,2443.35,150.0,4,Frequent Low-Spend Customers,0.7921404767070572,0,1,0,0.0,0
17934,74,1,2181.5625,74.0,4,Frequent Low-Spend Customers,0.8318812567684387,0,1,0,0.0,0
17933,137,1,2443.35,137.0,4,Frequent Low-Spend Customers,0.7981512114688772,0,1,0,0.0,0
17932,44,1,1000.4375,44.0,8,Recent Low-Value Customers,0.8062765848210642,0,1,0,0.0,0
17929,83,1,2181.5625,83.0,4,Frequent Low-Spend Customers,0.8262043605177497,0,1,0,0.0,0
17928,67,1,2181.5625,67.0,4,Frequent Low-Spend Customers,0.8365462394560655,0,1,0,0.0,0
17927,651,1,3578.27,651.0,0,Active Minimal Buyers,0.6379728646647168,0,1,0,0.0,0
17926,644,1,3578.27,644.0,0,Active Minimal Buyers,0.6395818311793826,0,1,0,0.0,0
17925,659,1,3578.27,659.0,0,Active Minimal Buyers,0.6361449960022016,0,1,0,0.0,0
17924,659,1,3578.27,659.0,0,Active Minimal Buyers,0.6361449960022016,0,1,0,0.0,0
17923,644,1,3578.27,644.0,0,Active Minimal Buyers,0.6395818311793826,0,1,0,0.0,0
17922,641,1,3578.27,641.0,0,Active Minimal Buyers,0.6402741644572216,0,1,0,0.0,0
17947,49,1,2181.5625,49.0,4,Frequent Low-Spend Customers,0.8498380828208396,0,1,0,0.0,0
17950,47,1,1000.4375,47.0,8,Recent Low-Value Customers,0.8043951882745224,0,1,0,0.0,0
17985,36,1,2443.35,36.0,4,Frequent Low-Spend Customers,0.8618857157541048,0,1,0,0.0,0
17952,36,1,2181.5625,36.0,4,Frequent Low-Spend Customers,0.8610832743449646,0,1,0,0.0,0
17984,41,1,2443.35,41.0,4,Frequent Low-Spend Customers,0.8573494345005837,0,1,0,0.0,0
17983,46,1,2181.5625,46.0,4,Frequent Low-Spend Customers,0.8522835618909919,0,1,0,0.0,0
17981,122,1,2443.35,122.0,4,Frequent Low-Spend Customers,0.8054649838938751,0,1,0,0.0,0
17980,58,1,2443.35,58.0,4,Frequent Low-Spend Customers,0.8437300989976516,0,1,0,0.0,0
17979,111,1,2181.5625,111.0,4,Frequent Low-Spend Customers,0.8103256557545366,0,1,0,0.0,0
17978,103,1,2181.5625,103.0,4,Frequent Low-Spend Customers,0.8146282218669241,0,1,0,0.0,0
17977,96,1,2181.5625,96.0,4,Frequent Low-Spend Customers,0.8185363213829349,0,1,0,0.0,0
17976,40,1,2181.5625,40.0,4,Frequent Low-Spend Customers,0.8574308149368459,0,1,0,0.0,0
17974,101,1,2181.5625,101.0,4,Frequent Low-Spend Customers,0.8157304962255161,0,1,0,0.0,0
17969,140,1,2443.35,140.0,4,Frequent Low-Spend Customers,0.7967388633211275,0,1,0,0.0,0
17968,138,1,2443.35,138.0,4,Frequent Low-Spend Customers,0.7976786722447596,0,1,0,0.0,0
17966,132,1,2443.35,132.0,4,Frequent Low-Spend Customers,0.800541044125275,0,1,0,0.0,0
17965,131,1,2181.5625,131.0,4,Frequent Low-Spend Customers,0.8002221404688402,0,1,0,0.0,0
17964,59,1,2181.5625,59.0,4,Frequent Low-Spend Customers,0.8421947127963001,0,1,0,0.0,0
17963,62,1,2181.5625,62.0,4,Frequent Low-Spend Customers,0.8400331737231355,0,1,0,0.0,0
17962,137,1,2181.5625,137.0,4,Frequent Low-Spend Customers,0.797348770059737,0,1,0,0.0,0
17960,138,1,2181.5625,138.0,4,Frequent Low-Spend Customers,0.7968762308356194,0,1,0,0.0,0
17959,139,1,2181.5625,139.0,4,Frequent Low-Spend Customers,0.7964054544859173,0,1,0,0.0,0
17958,127,1,2181.5625,127.0,4,Frequent Low-Spend Customers,0.8021755839944907,0,1,0,0.0,0
18203,629,1,3578.27,629.0,0,Active Minimal Buyers,0.6430604466057623,0,1,0,0.0,0
18205,20,2,6056.61,612.0,1,High Value but Cooling,0.8626520129360826,0,0,0,0.0,0
18698,10,2,5314.25,575.0,1,High Value but Cooling,0.8662019099981587,0,0,0,0.0,0
18465,605,1,3578.27,605.0,0,Active Minimal Buyers,0.6487169662264075,0,1,0,0.0,0
18486,607,1,3578.27,607.0,0,Active Minimal Buyers,0.6482411942823174,0,1,0,0.0,0
18485,584,1,3578.27,584.0,0,Active Minimal Buyers,0.6537626656975093,0,1,0,0.0,0
18484,602,1,3578.27,602.0,0,Active Minimal Buyers,0.6494321562871894,0,1,0,0.0,0
18483,582,1,3578.27,582.0,0,Active Minimal Buyers,0.6542480819143022,0,1,0,0.0,0
18482,588,1,3578.27,588.0,0,Active Minimal Buyers,0.6527944130315234,0,1,0,0.0,0
18470,599,1,3578.27,599.0,0,Active Minimal Buyers,0.6501491972950634,0,1,0,0.0,0
18469,587,1,3578.27,587.0,0,Active Minimal Buyers,0.6530361551180134,0,1,0,0.0,0
18468,26,2,5333.25,569.0,1,High Value but Cooling,0.8540116034181615,0,0,0,0.0,0
18467,29,2,5279.26,573.0,1,High Value but Cooling,0.8518109748901989,0,0,0,0.0,0
18464,585,1,3578.27,585.0,0,Active Minimal Buyers,0.653520280896423,0,1,0,0.0,0
18208,30,2,6035.599999999999,596.0,1,High Value but Cooling,0.8561136029440968,0,0,0,0.0,0
18463,595,1,3578.27,595.0,0,Active Minimal Buyers,0.6511081555867589,0,1,0,0.0,0
18462,587,1,3578.27,587.0,0,Active Minimal Buyers,0.6530361551180134,0,1,0,0.0,0
18461,595,1,3578.27,595.0,0,Active Minimal Buyers,0.6511081555867589,0,1,0,0.0,0
18458,589,1,3578.27,589.0,0,Active Minimal Buyers,0.6525528840780185,0,1,0,0.0,0
18457,602,1,3578.27,602.0,0,Active Minimal Buyers,0.6494321562871894,0,1,0,0.0,0
18452,609,1,3578.27,609.0,0,Active Minimal Buyers,0.6477662347199433,0,1,0,0.0,0
18338,605,1,3578.27,605.0,0,Active Minimal Buyers,0.6487169662264075,0,1,0,0.0,0
18337,606,1,3578.27,606.0,0,Active Minimal Buyers,0.6484789784525946,0,1,0,0.0,0
18336,594,1,3578.27,594.0,0,Active Minimal Buyers,0.6513484171831821,0,1,0,0.0,0
18487,602,1,3578.27,602.0,0,Active Minimal Buyers,0.6494321562871894,0,1,0,0.0,0
18488,607,1,3578.27,607.0,0,Active Minimal Buyers,0.6482411942823174,0,1,0,0.0,0
18489,594,1,3578.27,594.0,0,Active Minimal Buyers,0.6513484171831821,0,1,0,0.0,0
18490,591,1,3578.27,591.0,0,Active Minimal Buyers,0.6520704633776012,0,1,0,0.0,0
18697,26,2,5279.26,565.0,1,High Value but Cooling,0.853636814651513,0,0,0,0.0,0
18696,597,1,3578.27,597.0,0,Active Minimal Buyers,0.6506282598839447,0,1,0,0.0,0
18695,608,1,3578.27,608.0,0,Active Minimal Buyers,0.6480036132069432,0,1,0,0.0,0
18694,607,1,3578.27,607.0,0,Active Minimal Buyers,0.6482411942823174,0,1,0,0.0,0
18693,602,1,3578.27,602.0,0,Active Minimal Buyers,0.6494321562871894,0,1,0,0.0,0
18692,586,1,3578.27,586.0,0,Active Minimal Buyers,0.6532781108885154,0,1,0,0.0,0
18691,581,1,3578.27,581.0,0,Active Minimal Buyers,0.6544911144535872,0,1,0,0.0,0
18633,70,1,2181.5625,70.0,4,Frequent Low-Spend Customers,0.8345177909065337,0,1,0,0.0,0
18627,64,1,2443.35,64.0,4,Frequent Low-Spend Customers,0.8394241781000839,0,1,0,0.0,0
18626,220,1,1000.4375,220.0,2,Inactive Minimal Buyers,0.7525754347947639,0,1,0,0.0,0
18625,77,1,2181.5625,77.0,4,Frequent Low-Spend Customers,0.8299514786838279,0,1,0,0.0,0
18621,75,1,2443.35,75.0,4,Frequent Low-Spend Customers,0.8320360555049411,0,1,0,0.0,0
18620,64,1,2181.5625,64.0,4,Frequent Low-Spend Customers,0.8386217366909435,0,1,0,0.0,0
18544,28,1,1155.48,28.0,8,Recent Low-Value Customers,0.8219060485099556,0,0,0,0.0,0
18496,599,1,3578.27,599.0,0,Active Minimal Buyers,0.6501491972950634,0,1,0,0.0,0
18495,602,1,3578.27,602.0,0,Active Minimal Buyers,0.6494321562871894,0,1,0,0.0,0
18494,581,1,3578.27,581.0,0,Active Minimal Buyers,0.6544911144535872,0,1,0,0.0,0
18493,593,1,3578.27,593.0,0,Active Minimal Buyers,0.6515888886553347,0,1,0,0.0,0
18491,595,1,3578.27,595.0,0,Active Minimal Buyers,0.6511081555867589,0,1,0,0.0,0
18335,604,1,3578.27,604.0,0,Active Minimal Buyers,0.6489551581145034,0,1,0,0.0,0
18334,603,1,3578.27,603.0,0,Active Minimal Buyers,0.6491935546297588,0,1,0,0.0,0
18332,581,1,3578.27,581.0,0,Active Minimal Buyers,0.6544911144535872,0,1,0,0.0,0
18254,619,1,3578.27,619.0,0,Active Minimal Buyers,0.6454034822540766,0,1,0,0.0,0
18251,611,1,3578.27,611.0,0,Active Minimal Buyers,0.647292083495395,0,1,0,0.0,0
18250,635,1,3578.27,635.0,0,Active Minimal Buyers,0.6416638914692504,0,1,0,0.0,0
18249,621,1,3578.27,621.0,0,Active Minimal Buyers,0.6449333132114692,0,1,0,0.0,0
18248,615,1,3578.27,615.0,0,Active Minimal Buyers,0.6463461900501744,0,1,0,0.0,0
18246,23,2,6030.61,605.0,1,High Value but Cooling,0.8604314879168969,0,0,0,0.0,0
18245,624,1,3578.27,624.0,0,Active Minimal Buyers,0.6442295298779204,0,1,0,0.0,0
18244,16,2,6021.62,604.0,1,High Value but Cooling,0.8654509528317874,0,0,0,0.0,0
18243,22,2,6058.21,612.0,1,High Value but Cooling,0.8612692529689104,0,0,0,0.0,0
18241,11,2,6058.21,622.0,1,High Value but Cooling,0.8700086449754822,0,0,0,0.0,0
18239,32,2,6030.61,582.0,1,High Value but Cooling,0.854937804552497,0,0,0,0.0,0
18238,4,2,6030.61,631.0,1,High Value but Cooling,0.8780210566967089,0,0,0,0.0,0
18222,10,2,6044.59,615.0,1,High Value but Cooling,0.8709023519755753,0,0,0,0.0,0
18220,22,2,6021.62,611.0,1,High Value but Cooling,0.8610500546121453,0,0,0,0.0,0
18219,10,2,6038.5599999999995,608.0,1,High Value but Cooling,0.8708662397022771,0,0,0,0.0,0
18218,20,2,6021.62,609.0,1,High Value but Cooling,0.8624423681109042,0,0,0,0.0,0
18217,17,2,6056.61,614.0,1,High Value but Cooling,0.8648766841106559,0,0,0,0.0,0
18212,26,2,6029.57,599.0,1,High Value but Cooling,0.8584906175612294,0,0,0,0.0,0
18210,9,2,6044.59,628.0,1,High Value but Cooling,0.8719247188396329,0,0,0,0.0,0
18209,20,2,6056.61,610.0,1,High Value but Cooling,0.8626520129360826,0,0,0,0.0,0
18252,610,1,3578.27,610.0,0,Active Minimal Buyers,0.64752905831688,0,1,0,0.0,0
18255,628,1,3578.27,628.0,0,Active Minimal Buyers,0.6432938765616018,0,1,0,0.0,0
18331,580,1,3578.27,580.0,0,Active Minimal Buyers,0.6547343640332384,0,1,0,0.0,0
18260,617,1,3578.27,617.0,0,Active Minimal Buyers,0.6458744399065436,0,1,0,0.0,0
18309,607,1,3578.27,607.0,0,Active Minimal Buyers,0.6482411942823174,0,1,0,0.0,0
18308,599,1,3578.27,599.0,0,Active Minimal Buyers,0.6501491972950634,0,1,0,0.0,0
18307,597,1,3578.27,597.0,0,Active Minimal Buyers,0.6506282598839447,0,1,0,0.0,0
18303,592,1,3578.27,592.0,0,Active Minimal Buyers,0.6518295705403391,0,1,0,0.0,0
18302,584,1,3578.27,584.0,0,Active Minimal Buyers,0.6537626656975093,0,1,0,0.0,0
18301,1,2,6056.61,600.0,1,High Value but Cooling,0.8837457673722542,0,0,0,0.0,0
18297,584,1,3578.27,584.0,0,Active Minimal Buyers,0.6537626656975093,0,1,0,0.0,0
18296,599,1,3578.27,599.0,0,Active Minimal Buyers,0.6501491972950634,0,1,0,0.0,0
18293,1,1,2.29,1.0,5,Champions,0.0560174740694287,0,1,0,0.0,0
18288,602,1,3578.27,602.0,0,Active Minimal Buyers,0.6494321562871894,0,1,0,0.0,0
18284,596,1,3578.27,596.0,0,Active Minimal Buyers,0.650868103331212,0,1,0,0.0,0
18281,608,1,3578.27,608.0,0,Active Minimal Buyers,0.6480036132069432,0,1,0,0.0,0
18277,594,1,3578.27,594.0,0,Active Minimal Buyers,0.6513484171831821,0,1,0,0.0,0
18276,592,1,3578.27,592.0,0,Active Minimal Buyers,0.6518295705403391,0,1,0,0.0,0
18275,626,1,3578.27,626.0,0,Active Minimal Buyers,0.6437613155845625,0,1,0,0.0,0
18273,612,1,3578.27,612.0,0,Active Minimal Buyers,0.647055309755197,0,1,0,0.0,0
18272,630,1,3578.27,630.0,0,Active Minimal Buyers,0.6428272090663582,0,1,0,0.0,0
18269,620,1,3578.27,620.0,0,Active Minimal Buyers,0.6451682993978906,0,1,0,0.0,0
18268,624,1,3578.27,624.0,0,Active Minimal Buyers,0.6442295298779204,0,1,0,0.0,0
16425,77,1,2181.5625,77.0,4,Frequent Low-Spend Customers,0.8299514786838279,0,1,0,0.0,0
16424,92,1,2181.5625,92.0,4,Frequent Low-Spend Customers,0.8208355490892599,0,1,0,0.0,0
16422,233,1,2181.5625,233.0,6,Declining Frequent Buyers,0.7583309957726234,0,1,0,0.0,0
15121,97,1,2071.4196,97.0,4,Frequent Low-Spend Customers,0.8175982350698054,0,1,0,0.0,0
15143,122,1,2071.4196,122.0,4,Frequent Low-Spend Customers,0.8042915271469192,0,1,0,0.0,0
15138,1,1,34.99,1.0,5,Champions,0.3979631329939183,0,1,0,0.0,0
15135,100,1,2071.4196,100.0,4,Frequent Low-Spend Customers,0.8159148294945148,0,1,0,0.0,0
15134,98,1,2071.4196,98.0,4,Frequent Low-Spend Customers,0.8170341623947392,0,1,0,0.0,0
15133,97,1,2071.4196,97.0,4,Frequent Low-Spend Customers,0.8175982350698054,0,1,0,0.0,0
15130,114,1,2049.0982,114.0,4,Frequent Low-Spend Customers,0.808304604848874,0,1,0,0.0,0
15129,110,1,2071.4196,110.0,4,Frequent Low-Spend Customers,0.8104835291523347,0,1,0,0.0,0
15127,108,1,2071.4196,108.0,4,Frequent Low-Spend Customers,0.8115487847297231,0,1,0,0.0,0
15122,112,1,2071.4196,112.0,4,Frequent Low-Spend Customers,0.8094281993441458,0,1,0,0.0,0
15120,114,1,2049.0982,114.0,4,Frequent Low-Spend Customers,0.808304604848874,0,1,0,0.0,0
15195,385,1,782.99,385.0,2,Inactive Minimal Buyers,0.6999065413993465,0,1,0,0.0,0
15118,517,1,3578.27,517.0,0,Active Minimal Buyers,0.6705232519681847,0,1,0,0.0,0
15117,376,1,2181.5625,376.0,6,Declining Frequent Buyers,0.7116958489914749,0,1,0,0.0,0
15116,394,1,2443.35,394.0,6,Declining Frequent Buyers,0.7070391581128339,0,1,0,0.0,0
15114,394,1,2181.5625,394.0,6,Declining Frequent Buyers,0.7065350965421398,0,1,0,0.0,0
15106,492,1,3578.27,492.0,0,Active Minimal Buyers,0.677064021715906,0,1,0,0.0,0
15101,391,1,2181.5625,391.0,6,Declining Frequent Buyers,0.7073866063549328,0,1,0,0.0,0
15100,391,1,2181.5625,391.0,6,Declining Frequent Buyers,0.7073866063549328,0,1,0,0.0,0
15097,502,1,3578.27,502.0,0,Active Minimal Buyers,0.6744274941628504,0,1,0,0.0,0
15095,198,1,2443.35,198.0,6,Declining Frequent Buyers,0.7723969191637635,0,1,0,0.0,0
15144,117,1,2049.0982,117.0,4,Frequent Low-Spend Customers,0.806753659732225,0,1,0,0.0,0
15145,122,1,2071.4196,122.0,4,Frequent Low-Spend Customers,0.8042915271469192,0,1,0,0.0,0
15150,94,1,2049.0982,94.0,4,Frequent Low-Spend Customers,0.8192307078161917,0,1,0,0.0,0
15151,107,1,2049.0982,107.0,4,Frequent Low-Spend Customers,0.8120072963766394,0,1,0,0.0,0
15193,380,1,782.99,380.0,2,Inactive Minimal Buyers,0.7012202818556489,0,1,0,0.0,0
15192,122,1,2049.0982,122.0,4,Frequent Low-Spend Customers,0.8042136024407319,0,1,0,0.0,0
15191,387,1,782.99,387.0,2,Inactive Minimal Buyers,0.6993835221300835,0,1,0,0.0,0
15189,371,1,782.99,371.0,2,Inactive Minimal Buyers,0.7036077863691622,0,1,0,0.0,0
15188,383,1,782.99,383.0,2,Inactive Minimal Buyers,0.7004309704521596,0,1,0,0.0,0
15185,122,1,2071.4196,122.0,4,Frequent Low-Spend Customers,0.8042915271469192,0,1,0,0.0,0
15184,104,1,2071.4196,104.0,4,Frequent Low-Spend Customers,0.8137101987397355,0,1,0,0.0,0
15183,113,1,2071.4196,113.0,4,Frequent Low-Spend Customers,0.8089041730953072,0,1,0,0.0,0
15182,99,1,2071.4196,99.0,4,Frequent Low-Spend Customers,0.8164730421188261,0,1,0,0.0,0
15181,112,1,2071.4196,112.0,4,Frequent Low-Spend Customers,0.8094281993441458,0,1,0,0.0,0
15180,114,1,2071.4196,114.0,4,Frequent Low-Spend Customers,0.8083825295550613,0,1,0,0.0,0
15179,115,1,2071.4196,115.0,4,Frequent Low-Spend Customers,0.8078632373103094,0,1,0,0.0,0
15178,104,1,2049.0982,104.0,4,Frequent Low-Spend Customers,0.8136322740335482,0,1,0,0.0,0
15171,121,1,2049.0982,121.0,4,Frequent Low-Spend Customers,0.8047172604766729,0,1,0,0.0,0
15169,120,1,2071.4196,120.0,4,Frequent Low-Spend Customers,0.8053009925931118,0,1,0,0.0,0
15167,373,1,782.99,373.0,2,Inactive Minimal Buyers,0.7030746587301011,0,1,0,0.0,0
15166,378,1,782.99,378.0,2,Inactive Minimal Buyers,0.7017482845705845,0,1,0,0.0,0
15155,380,1,782.99,380.0,2,Inactive Minimal Buyers,0.7012202818556489,0,1,0,0.0,0
15152,117,1,2049.0982,117.0,4,Frequent Low-Spend Customers,0.806753659732225,0,1,0,0.0,0
15094,213,1,2181.5625,213.0,6,Declining Frequent Buyers,0.7659401635119137,0,1,0,0.0,0
15093,194,1,2443.35,194.0,6,Declining Frequent Buyers,0.7740233627812265,0,1,0,0.0,0
15089,494,1,3578.27,494.0,0,Active Minimal Buyers,0.6765345090428738,0,1,0,0.0,0
15058,538,1,3578.27,538.0,0,Active Minimal Buyers,0.6651547072134242,0,1,0,0.0,0
15055,426,1,3578.27,426.0,0,Active Minimal Buyers,0.6952097284352251,0,1,0,0.0,0
15054,420,1,3578.27,420.0,0,Active Minimal Buyers,0.6969295221896668,0,1,0,0.0,0
15051,539,1,3578.27,539.0,0,Active Minimal Buyers,0.6649017967006203,0,1,0,0.0,0
15050,400,1,3578.27,400.0,0,Active Minimal Buyers,0.7027560810272425,0,1,0,0.0,0
15048,547,1,3578.27,547.0,0,Active Minimal Buyers,0.6628872109623846,0,1,0,0.0,0
15047,560,1,3578.27,560.0,0,Active Minimal Buyers,0.6596458271158342,0,1,0,0.0,0
15046,561,1,3578.27,561.0,0,Active Minimal Buyers,0.659398114096616,0,1,0,0.0,0
15044,107,1,2049.0982,107.0,4,Frequent Low-Spend Customers,0.8120072963766394,0,1,0,0.0,0
15043,109,1,2071.4196,109.0,4,Frequent Low-Spend Customers,0.8110148991374636,0,1,0,0.0,0
15042,100,1,2071.4196,100.0,4,Frequent Low-Spend Customers,0.8159148294945148,0,1,0,0.0,0
15041,96,1,2071.4196,96.0,4,Frequent Low-Spend Customers,0.8181653060451192,0,1,0,0.0,0
15040,100,1,2071.4196,100.0,4,Frequent Low-Spend Customers,0.8159148294945148,0,1,0,0.0,0
15038,97,1,2049.0982,97.0,4,Frequent Low-Spend Customers,0.8175203103636182,0,1,0,0.0,0
15037,99,1,2071.4196,99.0,4,Frequent Low-Spend Customers,0.8164730421188261,0,1,0,0.0,0
15035,108,1,2071.4196,108.0,4,Frequent Low-Spend Customers,0.8115487847297231,0,1,0,0.0,0
15033,96,1,2071.4196,96.0,4,Frequent Low-Spend Customers,0.8181653060451192,0,1,0,0.0,0
15032,115,1,2049.0982,115.0,4,Frequent Low-Spend Customers,0.8077853126041221,0,1,0,0.0,0
15030,97,1,2071.4196,97.0,4,Frequent Low-Spend Customers,0.8175982350698054,0,1,0,0.0,0
15029,116,1,2071.4196,116.0,4,Frequent Low-Spend Customers,0.8073462656287435,0,1,0,0.0,0
15056,535,1,3578.27,535.0,0,Active Minimal Buyers,0.6659149048474049,0,1,0,0.0,0
15059,539,1,3578.27,539.0,0,Active Minimal Buyers,0.6649017967006203,0,1,0,0.0,0
15088,499,1,3578.27,499.0,0,Active Minimal Buyers,0.6752155702340035,0,1,0,0.0,0
15061,222,1,2181.5625,222.0,6,Declining Frequent Buyers,0.7624722439298707,0,1,0,0.0,0
15087,496,1,3578.27,496.0,0,Active Minimal Buyers,0.6760061066993048,0,1,0,0.0,0
15086,198,1,2181.5625,198.0,6,Declining Frequent Buyers,0.7718928575930694,0,1,0,0.0,0
15085,183,1,2443.35,183.0,6,Declining Frequent Buyers,0.7785876353844907,0,1,0,0.0,0
15084,373,1,2181.5625,373.0,6,Declining Frequent Buyers,0.7125683262922474,0,1,0,0.0,0
15083,502,1,3578.27,502.0,0,Active Minimal Buyers,0.6744274941628504,0,1,0,0.0,0
15082,233,1,2181.5625,233.0,6,Declining Frequent Buyers,0.7583309957726234,0,1,0,0.0,0
15081,546,1,3578.27,546.0,0,Active Minimal Buyers,0.6631381947898756,0,1,0,0.0,0
15080,398,1,3578.27,398.0,0,Active Minimal Buyers,0.7033469614397367,0,1,0,0.0,0
15079,219,1,2181.5625,219.0,6,Declining Frequent Buyers,0.7636199994148148,0,1,0,0.0,0
15078,544,1,3578.27,544.0,0,Active Minimal Buyers,0.6636408785784838,0,1,0,0.0,0
15077,542,1,3578.27,542.0,0,Active Minimal Buyers,0.664144521654211,0,1,0,0.0,0
15073,424,1,3578.27,424.0,0,Active Minimal Buyers,0.6957815898511996,0,1,0,0.0,0
15072,234,1,2181.5625,234.0,6,Declining Frequent Buyers,0.7579595823194042,0,1,0,0.0,0
15071,234,1,2181.5625,234.0,6,Declining Frequent Buyers,0.7579595823194042,0,1,0,0.0,0
15070,242,1,2181.5625,242.0,6,Declining Frequent Buyers,0.7550173655062538,0,1,0,0.0,0
15067,221,1,2181.5625,221.0,6,Declining Frequent Buyers,0.7628539327635623,0,1,0,0.0,0
15064,233,1,2443.35,233.0,6,Declining Frequent Buyers,0.7588350573433176,0,1,0,0.0,0
15063,407,1,3578.27,407.0,0,Active Minimal Buyers,0.7006999658569477,0,1,0,0.0,0
15062,543,1,3578.27,543.0,0,Active Minimal Buyers,0.6638925798707446,0,1,0,0.0,0
15194,377,1,782.99,377.0,2,Inactive Minimal Buyers,0.7020128287774953,0,1,0,0.0,0
15196,368,1,782.99,368.0,2,Inactive Minimal Buyers,0.7044102776323625,0,1,0,0.0,0
15027,115,1,2049.0982,115.0,4,Frequent Low-Spend Customers,0.8077853126041221,0,1,0,0.0,0
15342,289,1,782.99,289.0,2,Inactive Minimal Buyers,0.7269128224183449,0,1,0,0.0,0
15354,514,1,3578.27,514.0,0,Active Minimal Buyers,0.6712993534851849,0,1,0,0.0,0
15351,287,1,782.99,287.0,2,Inactive Minimal Buyers,0.7275215182843237,0,1,0,0.0,0
15350,289,1,782.99,289.0,2,Inactive Minimal Buyers,0.7269128224183449,0,1,0,0.0,0
15349,275,1,782.99,275.0,2,Inactive Minimal Buyers,0.7312207288662308,0,1,0,0.0,0
15348,294,1,782.99,294.0,2,Inactive Minimal Buyers,0.725400557876499,0,1,0,0.0,0
15347,284,1,782.99,284.0,2,Inactive Minimal Buyers,0.7284386944639447,0,1,0,0.0,0
15346,299,1,782.99,299.0,2,Inactive Minimal Buyers,0.7239015518870839,0,1,0,0.0,0
15345,299,1,782.99,299.0,2,Inactive Minimal Buyers,0.7239015518870839,0,1,0,0.0,0
15343,304,1,782.99,304.0,2,Inactive Minimal Buyers,0.7224154700905758,0,1,0,0.0,0
15341,288,1,782.99,288.0,2,Inactive Minimal Buyers,0.7272168967939482,0,1,0,0.0,0
15199,394,1,782.99,394.0,2,Inactive Minimal Buyers,0.6975638987994253,0,1,0,0.0,0
15339,290,1,782.99,290.0,2,Inactive Minimal Buyers,0.726609292293332,0,1,0,0.0,0
15338,290,1,782.99,290.0,2,Inactive Minimal Buyers,0.726609292293332,0,1,0,0.0,0
15337,304,1,782.99,304.0,2,Inactive Minimal Buyers,0.7224154700905758,0,1,0,0.0,0
15333,305,1,782.99,305.0,2,Inactive Minimal Buyers,0.7221197761879732,0,1,0,0.0,0
15329,312,1,782.99,312.0,2,Inactive Minimal Buyers,0.7200638261844798,0,1,0,0.0,0
15328,320,1,782.99,320.0,2,Inactive Minimal Buyers,0.7177432065175607,0,1,0,0.0,0
15325,324,1,782.99,324.0,2,Inactive Minimal Buyers,0.7165941630647849,0,1,0,0.0,0
15322,317,1,782.99,317.0,2,Inactive Minimal Buyers,0.7186098789681709,0,1,0,0.0,0
15321,309,1,782.99,309.0,2,Inactive Minimal Buyers,0.7209419918807879,0,1,0,0.0,0
15357,386,1,2443.35,386.0,6,Declining Frequent Buyers,0.709317409109629,0,1,0,0.0,0
15364,293,1,782.99,293.0,2,Inactive Minimal Buyers,0.7257019391498832,0,1,0,0.0,0
15365,253,1,782.99,253.0,2,Inactive Minimal Buyers,0.7382264354525643,0,1,0,0.0,0
15367,251,1,782.99,251.0,2,Inactive Minimal Buyers,0.7388786901570049,0,1,0,0.0,0
15425,78,1,2071.4196,78.0,4,Frequent Low-Spend Customers,0.8289457998343412,0,1,0,0.0,0
15422,229,1,782.99,229.0,2,Inactive Minimal Buyers,0.7462389287740006,0,1,0,0.0,0
15419,229,1,782.99,229.0,2,Inactive Minimal Buyers,0.7462389287740006,0,1,0,0.0,0
15411,240,1,782.99,240.0,2,Inactive Minimal Buyers,0.7425151596671353,0,1,0,0.0,0
15410,216,1,782.99,216.0,2,Inactive Minimal Buyers,0.7507611386525193,0,1,0,0.0,0
15409,238,1,782.99,238.0,2,Inactive Minimal Buyers,0.743185536846491,0,1,0,0.0,0
15404,238,1,782.99,238.0,2,Inactive Minimal Buyers,0.743185536846491,0,1,0,0.0,0
15399,231,1,782.99,231.0,2,Inactive Minimal Buyers,0.745555106878668,0,1,0,0.0,0
15398,274,1,782.99,274.0,2,Inactive Minimal Buyers,0.7315327353356907,0,1,0,0.0,0
15396,251,1,782.99,251.0,2,Inactive Minimal Buyers,0.7388786901570049,0,1,0,0.0,0
15394,249,1,782.99,249.0,2,Inactive Minimal Buyers,0.7395336398258421,0,1,0,0.0,0
15389,245,1,782.99,245.0,2,Inactive Minimal Buyers,0.7408517560426183,0,1,0,0.0,0
15388,269,1,782.99,269.0,2,Inactive Minimal Buyers,0.7331016835453298,0,1,0,0.0,0
15380,254,1,782.99,254.0,2,Inactive Minimal Buyers,0.7379013086310391,0,1,0,0.0,0
15379,260,1,782.99,260.0,2,Inactive Minimal Buyers,0.7359643078995362,0,1,0,0.0,0
15374,266,1,782.99,266.0,2,Inactive Minimal Buyers,0.734050305829933,0,1,0,0.0,0
15372,245,1,782.99,245.0,2,Inactive Minimal Buyers,0.7408517560426183,0,1,0,0.0,0
15371,258,1,782.99,258.0,2,Inactive Minimal Buyers,0.7366073795349497,0,1,0,0.0,0
15369,255,1,782.99,255.0,2,Inactive Minimal Buyers,0.7375768435331418,0,1,0,0.0,0
15320,317,1,782.99,317.0,2,Inactive Minimal Buyers,0.7186098789681709,0,1,0,0.0,0
15314,323,1,782.99,323.0,2,Inactive Minimal Buyers,0.7168807319487974,0,1,0,0.0,0
15312,324,1,782.99,324.0,2,Inactive Minimal Buyers,0.7165941630647849,0,1,0,0.0,0
15228,71,1,2049.0982,71.0,4,Frequent Low-Spend Customers,0.8334026307401884,0,1,0,0.0,0
15226,79,1,2071.4196,79.0,4,Frequent Low-Spend Customers,0.828315296470126,0,1,0,0.0,0
15225,92,1,2071.4196,92.0,4,Frequent Low-Spend Customers,0.8204645337514442,0,1,0,0.0,0
15223,86,1,2071.4196,86.0,4,Frequent Low-Spend Customers,0.8240119357307998,0,1,0,0.0,0
15221,81,1,2071.4196,81.0,4,Frequent Low-Spend Customers,0.8270664575620215,0,1,0,0.0,0
15220,66,1,2049.0982,66.0,4,Frequent Low-Spend Customers,0.8367837469407495,0,1,0,0.0,0
15219,83,1,2049.0982,83.0,4,Frequent Low-Spend Customers,0.8257554204737467,0,1,0,0.0,0
15218,64,1,2049.0982,64.0,4,Frequent Low-Spend Customers,0.8381727966469406,0,1,0,0.0,0
15215,75,1,2049.0982,75.0,4,Frequent Low-Spend Customers,0.8307846740517978,0,1,0,0.0,0
15214,78,1,2071.4196,78.0,4,Frequent Low-Spend Customers,0.8289457998343412,0,1,0,0.0,0
15213,117,1,2049.0982,117.0,4,Frequent Low-Spend Customers,0.806753659732225,0,1,0,0.0,0
15211,116,1,2071.4196,116.0,4,Frequent Low-Spend Customers,0.8073462656287435,0,1,0,0.0,0
15210,119,1,2071.4196,119.0,4,Frequent Low-Spend Customers,0.8058089764282532,0,1,0,0.0,0
15209,100,1,2049.0982,100.0,4,Frequent Low-Spend Customers,0.8158369047883275,0,1,0,0.0,0
15208,116,1,2049.0982,116.0,4,Frequent Low-Spend Customers,0.8072683409225562,0,1,0,0.0,0
15207,122,1,2071.4196,122.0,4,Frequent Low-Spend Customers,0.8042915271469192,0,1,0,0.0,0
15205,111,1,2071.4196,111.0,4,Frequent Low-Spend Customers,0.8099546404167209,0,1,0,0.0,0
15204,114,1,2049.0982,114.0,4,Frequent Low-Spend Customers,0.808304604848874,0,1,0,0.0,0
15203,365,1,782.99,365.0,2,Inactive Minimal Buyers,0.7052161656464364,0,1,0,0.0,0
15200,353,1,782.99,353.0,2,Inactive Minimal Buyers,0.7084745466009905,0,1,0,0.0,0
15227,82,1,2049.0982,82.0,4,Frequent Low-Spend Customers,0.8263700470023386,0,1,0,0.0,0
15229,87,1,2049.0982,87.0,4,Frequent Low-Spend Customers,0.8233341459360948,0,1,0,0.0,0
15311,327,1,782.99,327.0,2,Inactive Minimal Buyers,0.715737194250523,0,1,0,0.0,0
15252,340,1,782.99,340.0,2,Inactive Minimal Buyers,0.7120698998573477,0,1,0,0.0,0
15309,313,1,782.99,313.0,2,Inactive Minimal Buyers,0.7197720767504618,0,1,0,0.0,0
15308,326,1,782.99,326.0,2,Inactive Minimal Buyers,0.7160223963392564,0,1,0,0.0,0
15303,334,1,782.99,334.0,2,Inactive Minimal Buyers,0.7137533026735216,0,1,0,0.0,0
15302,312,1,782.99,312.0,2,Inactive Minimal Buyers,0.7200638261844798,0,1,0,0.0,0
15290,322,1,782.99,322.0,2,Inactive Minimal Buyers,0.7171677607059863,0,1,0,0.0,0
15289,343,1,782.99,343.0,2,Inactive Minimal Buyers,0.7112339685871525,0,1,0,0.0,0
15288,365,1,782.99,365.0,2,Inactive Minimal Buyers,0.7052161656464364,0,1,0,0.0,0
15287,339,1,782.99,339.0,2,Inactive Minimal Buyers,0.7123493920818157,0,1,0,0.0,0
15284,364,1,782.99,364.0,2,Inactive Minimal Buyers,0.7054855571208061,0,1,0,0.0,0
15280,340,1,782.99,340.0,2,Inactive Minimal Buyers,0.7120698998573477,0,1,0,0.0,0
15276,9,2,1346.76,336.0,1,High Value but Cooling,0.8115793151128049,0,0,0,0.0,0
15268,91,1,2071.4196,91.0,4,Frequent Low-Spend Customers,0.8210473281705406,0,1,0,0.0,0
15267,70,1,2049.0982,70.0,4,Frequent Low-Spend Customers,0.8340688508625307,0,1,0,0.0,0
15266,68,1,2071.4196,68.0,4,Frequent Low-Spend Customers,0.8354940013342462,0,1,0,0.0,0
15265,90,1,2049.0982,90.0,4,Frequent Low-Spend Customers,0.8215554983103562,0,1,0,0.0,0
15262,80,1,2071.4196,80.0,4,Frequent Low-Spend Customers,0.827688874487264,0,1,0,0.0,0
15256,350,1,782.99,350.0,2,Inactive Minimal Buyers,0.709298072431532,0,1,0,0.0,0
15255,361,1,782.99,361.0,2,Inactive Minimal Buyers,0.7062960402407563,0,1,0,0.0,0
15254,365,1,782.99,365.0,2,Inactive Minimal Buyers,0.7052161656464364,0,1,0,0.0,0
15028,99,1,2071.4196,99.0,4,Frequent Low-Spend Customers,0.8164730421188261,0,1,0,0.0,0
15022,119,1,2071.4196,119.0,4,Frequent Low-Spend Customers,0.8058089764282532,0,1,0,0.0,0
15429,223,1,782.99,223.0,2,Inactive Minimal Buyers,0.7483091384487215,0,1,0,0.0,0
14452,78,1,1000.4375,78.0,8,Recent Low-Value Customers,0.7877287489361239,0,1,0,0.0,0
14473,53,1,1000.4375,53.0,8,Recent Low-Value Customers,0.8008075635846149,0,1,0,0.0,0
14472,35,1,1000.4375,35.0,8,Recent Low-Value Customers,0.8123498351567169,0,1,0,0.0,0
14471,59,1,1000.4375,59.0,8,Recent Low-Value Customers,0.7974216795864916,0,1,0,0.0,0
14470,43,1,1000.4375,43.0,8,Recent Low-Value Customers,0.8069181282268911,0,1,0,0.0,0
14464,45,1,1000.4375,45.0,8,Recent Low-Value Customers,0.8056424061772546,0,1,0,0.0,0
14461,40,1,1000.4375,40.0,8,Recent Low-Value Customers,0.8088895826356163,0,1,0,0.0,0
14457,60,1,1000.4375,60.0,8,Recent Low-Value Customers,0.7968747634377221,0,1,0,0.0,0
14456,91,1,1000.4375,91.0,8,Recent Low-Value Customers,0.781783730555361,0,1,0,0.0,0
14453,86,1,1000.4375,86.0,8,Recent Low-Value Customers,0.7840151301460268,0,1,0,0.0,0
14451,87,1,1000.4375,87.0,8,Recent Low-Value Customers,0.783563623939635,0,1,0,0.0,0
14697,611,1,3578.27,611.0,0,Active Minimal Buyers,0.647292083495395,0,1,0,0.0,0
14449,80,1,1000.4375,80.0,8,Recent Low-Value Customers,0.7867826868864406,0,1,0,0.0,0
14448,79,1,1000.4375,79.0,8,Recent Low-Value Customers,0.7872541819250689,0,1,0,0.0,0
14447,74,1,1000.4375,74.0,8,Recent Low-Value Customers,0.7896589517747515,0,1,0,0.0,0
14442,72,1,1000.4375,72.0,8,Recent Low-Value Customers,0.7906441220139564,0,1,0,0.0,0
14440,91,1,1000.4375,91.0,8,Recent Low-Value Customers,0.781783730555361,0,1,0,0.0,0
14439,88,1,1000.4375,88.0,8,Recent Low-Value Customers,0.7831147754972143,0,1,0,0.0,0
14438,83,1,1000.4375,83.0,8,Recent Low-Value Customers,0.7853860678558656,0,1,0,0.0,0
14434,78,1,1000.4375,78.0,8,Recent Low-Value Customers,0.7877287489361239,0,1,0,0.0,0
14433,85,1,1000.4375,85.0,8,Recent Low-Value Customers,0.7844693406772423,0,1,0,0.0,0
14477,56,1,1000.4375,56.0,8,Recent Low-Value Customers,0.7990914642177178,0,1,0,0.0,0
14481,42,1,1000.4375,42.0,8,Recent Low-Value Customers,0.8075672922853112,0,1,0,0.0,0
14484,58,1,1000.4375,58.0,8,Recent Low-Value Customers,0.7979733521691446,0,1,0,0.0,0
14485,42,1,1000.4375,42.0,8,Recent Low-Value Customers,0.8075672922853112,0,1,0,0.0,0
14676,137,1,2049.0982,137.0,4,Frequent Low-Spend Customers,0.796899830015734,0,1,0,0.0,0
14673,142,1,2071.4196,142.0,4,Frequent Low-Spend Customers,0.7946324980538916,0,1,0,0.0,0
14672,125,1,2071.4196,125.0,4,Frequent Low-Spend Customers,0.8027931869800174,0,1,0,0.0,0
14671,126,1,2071.4196,126.0,4,Frequent Low-Spend Customers,0.8022978667629684,0,1,0,0.0,0
14670,143,1,2071.4196,143.0,4,Frequent Low-Spend Customers,0.7941685855800728,0,1,0,0.0,0
14668,147,1,2071.4196,147.0,4,Frequent Low-Spend Customers,0.7923294694601155,0,1,0,0.0,0
14667,127,1,2049.0982,127.0,4,Frequent Low-Spend Customers,0.8017266439504876,0,1,0,0.0,0
14666,141,1,2049.0982,141.0,4,Frequent Low-Spend Customers,0.7950201743118362,0,1,0,0.0,0
14555,307,1,2181.5625,307.0,6,Declining Frequent Buyers,0.7327732809617747,0,1,0,0.0,0
14541,509,1,3578.27,509.0,0,Active Minimal Buyers,0.672598093755551,0,1,0,0.0,0
14539,333,1,2443.35,333.0,6,Declining Frequent Buyers,0.7250722936121016,0,1,0,0.0,0
14538,331,1,2181.5625,331.0,6,Declining Frequent Buyers,0.7251873362795096,0,1,0,0.0,0
14525,662,1,3578.27,662.0,0,Active Minimal Buyers,0.6354625149031177,0,1,0,0.0,0
14524,331,1,2181.5625,331.0,6,Declining Frequent Buyers,0.7251873362795096,0,1,0,0.0,0
14523,135,1,2071.4196,135.0,4,Frequent Low-Spend Customers,0.7979281999437549,0,1,0,0.0,0
14498,61,1,1000.4375,61.0,8,Recent Low-Value Customers,0.7963324857315511,0,1,0,0.0,0
14495,42,1,1000.4375,42.0,8,Recent Low-Value Customers,0.8075672922853112,0,1,0,0.0,0
14494,59,1,1000.4375,59.0,8,Recent Low-Value Customers,0.7974216795864916,0,1,0,0.0,0
14486,62,1,1000.4375,62.0,8,Recent Low-Value Customers,0.7957947332521019,0,1,0,0.0,0
14429,670,1,3578.27,670.0,0,Active Minimal Buyers,0.6336503699912274,0,1,0,0.0,0
14428,519,1,3578.27,519.0,0,Active Minimal Buyers,0.6700071475859374,0,1,0,0.0,0
14427,664,1,3578.27,664.0,0,Active Minimal Buyers,0.6350084184537262,0,1,0,0.0,0
14380,133,1,1000.4375,133.0,8,Recent Low-Value Customers,0.7651033021366229,0,1,0,0.0,0
14378,134,1,1000.4375,134.0,8,Recent Low-Value Customers,0.7647421748772184,0,1,0,0.0,0
14377,139,1,1000.4375,139.0,8,Recent Low-Value Customers,0.7629570396050224,0,1,0,0.0,0
14374,124,1,1000.4375,124.0,8,Recent Low-Value Customers,0.7684185689345074,0,1,0,0.0,0
14367,148,1,1000.4375,148.0,8,Recent Low-Value Customers,0.7598253653258703,0,1,0,0.0,0
14366,136,1,1000.4375,136.0,8,Recent Low-Value Customers,0.7640240661256564,0,1,0,0.0,0
14365,182,1,1000.4375,182.0,8,Recent Low-Value Customers,0.7488032990800471,0,1,0,0.0,0
14364,169,1,1000.4375,169.0,8,Recent Low-Value Customers,0.7528805269299599,0,1,0,0.0,0
14362,170,1,1000.4375,170.0,8,Recent Low-Value Customers,0.7525612643690328,0,1,0,0.0,0
14357,156,1,1000.4375,156.0,8,Recent Low-Value Customers,0.7571232040587864,0,1,0,0.0,0
14356,159,1,1000.4375,159.0,8,Recent Low-Value Customers,0.7561283938741948,0,1,0,0.0,0
14355,168,1,1000.4375,168.0,8,Recent Low-Value Customers,0.7532007666627628,0,1,0,0.0,0
14354,158,1,1000.4375,158.0,8,Recent Low-Value Customers,0.7564589120714241,0,1,0,0.0,0
14348,147,1,2071.4196,147.0,4,Frequent Low-Spend Customers,0.7923294694601155,0,1,0,0.0,0
14347,129,1,2071.4196,129.0,4,Frequent Low-Spend Customers,0.8008239434158465,0,1,0,0.0,0
14346,125,1,2071.4196,125.0,4,Frequent Low-Spend Customers,0.8027931869800174,0,1,0,0.0,0
14345,152,1,2049.0982,152.0,4,Frequent Low-Spend Customers,0.7899885945347832,0,1,0,0.0,0
14343,164,1,1000.4375,164.0,8,Recent Low-Value Customers,0.7544916753047659,0,1,0,0.0,0
14342,182,1,1000.4375,182.0,8,Recent Low-Value Customers,0.7488032990800471,0,1,0,0.0,0
14337,179,1,1000.4375,179.0,8,Recent Low-Value Customers,0.7497304841659229,0,1,0,0.0,0
14379,131,1,1000.4375,131.0,8,Recent Low-Value Customers,0.7658297812299709,0,1,0,0.0,0
14381,149,1,1000.4375,149.0,8,Recent Low-Value Customers,0.7594835400421013,0,1,0,0.0,0
14426,496,1,3578.27,496.0,0,Active Minimal Buyers,0.6760061066993048,0,1,0,0.0,0
14382,149,1,1000.4375,149.0,8,Recent Low-Value Customers,0.7594835400421013,0,1,0,0.0,0
14425,502,1,3578.27,502.0,0,Active Minimal Buyers,0.6744274941628504,0,1,0,0.0,0
14424,331,1,2181.5625,331.0,6,Declining Frequent Buyers,0.7251873362795096,0,1,0,0.0,0
14421,85,1,1000.4375,85.0,8,Recent Low-Value Customers,0.7844693406772423,0,1,0,0.0,0
14420,64,1,1000.4375,64.0,8,Recent Low-Value Customers,0.7947323734112574,0,1,0,0.0,0
14419,78,1,1000.4375,78.0,8,Recent Low-Value Customers,0.7877287489361239,0,1,0,0.0,0
14418,120,1,1000.4375,120.0,8,Recent Low-Value Customers,0.769931785214276,0,1,0,0.0,0
14417,119,1,1000.4375,119.0,8,Recent Low-Value Customers,0.7703141342769291,0,1,0,0.0,0
14415,107,1,1000.4375,107.0,8,Recent Low-Value Customers,0.775038135504231,0,1,0,0.0,0
14414,107,1,1000.4375,107.0,8,Recent Low-Value Customers,0.775038135504231,0,1,0,0.0,0
14413,99,1,1000.4375,99.0,8,Recent Low-Value Customers,0.7783407588243939,0,1,0,0.0,0
14412,94,1,1000.4375,94.0,8,Recent Low-Value Customers,0.7804750498349824,0,1,0,0.0,0
14411,118,1,1000.4375,118.0,8,Recent Low-Value Customers,0.7706981422790133,0,1,0,0.0,0
14406,115,1,1000.4375,115.0,8,Recent Low-Value Customers,0.7718603345068643,0,1,0,0.0,0
14400,119,1,1000.4375,119.0,8,Recent Low-Value Customers,0.7703141342769291,0,1,0,0.0,0
14398,109,1,1000.4375,109.0,8,Recent Low-Value Customers,0.7742325260256683,0,1,0,0.0,0
14394,102,1,1000.4375,102.0,8,Recent Low-Value Customers,0.7770867281129771,0,1,0,0.0,0
14392,113,1,1000.4375,113.0,8,Recent Low-Value Customers,0.7726438256224136,0,1,0,0.0,0
14386,111,1,1000.4375,111.0,8,Recent Low-Value Customers,0.773434490930845,0,1,0,0.0,0
14385,103,1,1000.4375,103.0,8,Recent Low-Value Customers,0.776672944610412,0,1,0,0.0,0
14681,153,1,2049.0982,153.0,4,Frequent Low-Spend Customers,0.7895406373124784,0,1,0,0.0,0
14700,613,1,3578.27,613.0,0,Active Minimal Buyers,0.6468187365980502,0,1,0,0.0,0
15017,9,2,1307.0582,396.0,1,High Value but Cooling,0.8102455429984394,0,0,0,0.0,0
14937,572,1,3578.27,572.0,0,Active Minimal Buyers,0.6566882427928424,0,1,0,0.0,0
14949,561,1,3578.27,561.0,0,Active Minimal Buyers,0.659398114096616,0,1,0,0.0,0
14948,229,1,2181.5625,229.0,6,Declining Frequent Buyers,0.7598249590337501,0,1,0,0.0,0
14947,577,1,3578.27,577.0,0,Active Minimal Buyers,0.655465420705669,0,1,0,0.0,0
14946,231,1,2181.5625,231.0,6,Declining Frequent Buyers,0.7590763046458625,0,1,0,0.0,0
14945,18,2,4260.24,438.0,1,High Value but Cooling,0.8510762794316723,0,0,0,0.0,0
14944,214,1,2443.35,214.0,6,Declining Frequent Buyers,0.7660552056391129,0,1,0,0.0,0
14941,565,1,3578.27,565.0,0,Active Minimal Buyers,0.6584095447072612,0,1,0,0.0,0
14940,440,1,3578.27,440.0,0,Active Minimal Buyers,0.6912450718827451,0,1,0,0.0,0
14939,439,1,3578.27,439.0,0,Active Minimal Buyers,0.6915260733619664,0,1,0,0.0,0
14931,246,1,2181.5625,246.0,6,Declining Frequent Buyers,0.7535651263017712,0,1,0,0.0,0
14701,321,1,2181.5625,321.0,6,Declining Frequent Buyers,0.7283123291564996,0,1,0,0.0,0
14929,561,1,3578.27,561.0,0,Active Minimal Buyers,0.659398114096616,0,1,0,0.0,0
14928,549,1,3578.27,549.0,0,Active Minimal Buyers,0.6623859561360862,0,1,0,0.0,0
14927,5,2,4190.23,436.0,1,High Value but Cooling,0.8630764014767713,0,0,0,0.0,0
14861,560,1,3578.27,560.0,0,Active Minimal Buyers,0.6596458271158342,0,1,0,0.0,0
14855,143,1,2049.0982,143.0,4,Frequent Low-Spend Customers,0.7940906608738855,0,1,0,0.0,0
14848,263,1,2181.5625,263.0,6,Declining Frequent Buyers,0.7475253851012532,0,1,0,0.0,0
14847,558,1,3578.27,558.0,0,Active Minimal Buyers,0.6601419422925775,0,1,0,0.0,0
14846,559,1,3578.27,559.0,0,Active Minimal Buyers,0.6598937696401425,0,1,0,0.0,0
14843,592,1,3578.27,592.0,0,Active Minimal Buyers,0.6518295705403391,0,1,0,0.0,0
14950,566,1,3578.27,566.0,0,Active Minimal Buyers,0.658162969965052,0,1,0,0.0,0
14956,447,1,3578.27,447.0,0,Active Minimal Buyers,0.689287261876734,0,1,0,0.0,0
14957,242,1,2181.5625,242.0,6,Declining Frequent Buyers,0.7550173655062538,0,1,0,0.0,0
14960,231,1,2181.5625,231.0,6,Declining Frequent Buyers,0.7590763046458625,0,1,0,0.0,0
15015,118,1,2049.0982,118.0,4,Frequent Low-Spend Customers,0.8062412396018799,0,1,0,0.0,0
15014,143,1,2071.4196,143.0,4,Frequent Low-Spend Customers,0.7941685855800728,0,1,0,0.0,0
15004,216,1,2443.35,216.0,6,Declining Frequent Buyers,0.7652799768280015,0,1,0,0.0,0
15003,234,1,2443.35,234.0,6,Declining Frequent Buyers,0.7584636438900983,0,1,0,0.0,0
15002,226,1,2181.5625,226.0,6,Declining Frequent Buyers,0.7609543106429514,0,1,0,0.0,0
14998,239,1,2443.35,239.0,6,Declining Frequent Buyers,0.7566187748607069,0,1,0,0.0,0
14997,420,1,3578.27,420.0,0,Active Minimal Buyers,0.6969295221896668,0,1,0,0.0,0
14995,216,1,2181.5625,216.0,6,Declining Frequent Buyers,0.7647759152573074,0,1,0,0.0,0
14991,560,1,3578.27,560.0,0,Active Minimal Buyers,0.6596458271158342,0,1,0,0.0,0
14990,426,1,3578.27,426.0,0,Active Minimal Buyers,0.6952097284352251,0,1,0,0.0,0
14984,564,1,3578.27,564.0,0,Active Minimal Buyers,0.6586563458809087,0,1,0,0.0,0
14979,416,1,3578.27,416.0,0,Active Minimal Buyers,0.6980831349382102,0,1,0,0.0,0
14978,404,1,3578.27,404.0,0,Active Minimal Buyers,0.7015788959228569,0,1,0,0.0,0
14976,225,1,2181.5625,225.0,6,Declining Frequent Buyers,0.76133248255984,0,1,0,0.0,0
14975,568,1,3578.27,568.0,0,Active Minimal Buyers,0.6576704973514604,0,1,0,0.0,0
14969,416,1,3578.27,416.0,0,Active Minimal Buyers,0.6980831349382102,0,1,0,0.0,0
14967,441,1,3578.27,441.0,0,Active Minimal Buyers,0.690964401244772,0,1,0,0.0,0
14966,238,1,2181.5625,238.0,6,Declining Frequent Buyers,0.7564820779706061,0,1,0,0.0,0
14965,225,1,2181.5625,225.0,6,Declining Frequent Buyers,0.76133248255984,0,1,0,0.0,0
14838,441,1,3578.27,441.0,0,Active Minimal Buyers,0.690964401244772,0,1,0,0.0,0
14834,447,1,3578.27,447.0,0,Active Minimal Buyers,0.689287261876734,0,1,0,0.0,0
14833,598,1,3578.27,598.0,0,Active Minimal Buyers,0.650388624714603,0,1,0,0.0,0
14779,289,1,2443.35,289.0,6,Declining Frequent Buyers,0.7391706247959757,0,1,0,0.0,0
14777,607,1,3578.27,607.0,0,Active Minimal Buyers,0.6482411942823174,0,1,0,0.0,0
14776,587,1,3578.27,587.0,0,Active Minimal Buyers,0.6530361551180134,0,1,0,0.0,0
14775,25,2,5997.33,487.0,1,High Value but Cooling,0.858928369593615,0,1,0,0.0,0
14774,516,1,3578.27,516.0,0,Active Minimal Buyers,0.6707816923862067,0,1,0,0.0,0
14773,302,1,2181.5625,302.0,6,Declining Frequent Buyers,0.734391936431041,0,1,0,0.0,0
14772,500,1,3578.27,500.0,0,Active Minimal Buyers,0.6749526059395106,0,1,0,0.0,0
14771,591,1,3578.27,591.0,0,Active Minimal Buyers,0.6520704633776012,0,1,0,0.0,0
14770,581,1,3578.27,581.0,0,Active Minimal Buyers,0.6544911144535872,0,1,0,0.0,0
14769,513,1,3578.27,513.0,0,Active Minimal Buyers,0.6715585757009765,0,1,0,0.0,0
14720,626,1,3578.27,626.0,0,Active Minimal Buyers,0.6437613155845625,0,1,0,0.0,0
14719,297,1,2443.35,297.0,6,Declining Frequent Buyers,0.7365285906416417,0,1,0,0.0,0
14716,295,1,2443.35,295.0,6,Declining Frequent Buyers,0.7371856095472556,0,1,0,0.0,0
14714,282,1,2443.35,282.0,6,Declining Frequent Buyers,0.7415136388092504,0,1,0,0.0,0
14713,506,1,3578.27,506.0,0,Active Minimal Buyers,0.6733805149152194,0,1,0,0.0,0
14712,620,1,3578.27,620.0,0,Active Minimal Buyers,0.6451682993978906,0,1,0,0.0,0
14709,503,1,3578.27,503.0,0,Active Minimal Buyers,0.6741653450357045,0,1,0,0.0,0
14708,286,1,2181.5625,286.0,6,Declining Frequent Buyers,0.7396670734662834,0,1,0,0.0,0
14705,628,1,3578.27,628.0,0,Active Minimal Buyers,0.6432938765616018,0,1,0,0.0,0
14702,633,1,3578.27,633.0,0,Active Minimal Buyers,0.6421286463242605,0,1,0,0.0,0
14778,596,1,3578.27,596.0,0,Active Minimal Buyers,0.650868103331212,0,1,0,0.0,0
14789,497,1,3578.27,497.0,0,Active Minimal Buyers,0.6757423197788957,0,1,0,0.0,0
14832,595,1,3578.27,595.0,0,Active Minimal Buyers,0.6511081555867589,0,1,0,0.0,0
14790,286,1,2181.5625,286.0,6,Declining Frequent Buyers,0.7396670734662834,0,1,0,0.0,0
14831,582,1,3578.27,582.0,0,Active Minimal Buyers,0.6542480819143022,0,1,0,0.0,0
14830,462,1,3578.27,462.0,0,Active Minimal Buyers,0.6851447846018333,0,1,0,0.0,0
14827,480,1,3578.27,480.0,0,Active Minimal Buyers,0.6802648033564938,0,1,0,0.0,0
14824,469,1,3578.27,469.0,0,Active Minimal Buyers,0.6832354999495609,0,1,0,0.0,0
14823,485,1,3578.27,485.0,0,Active Minimal Buyers,0.6789261594763273,0,1,0,0.0,0
14822,479,1,3578.27,479.0,0,Active Minimal Buyers,0.6805333983435073,0,1,0,0.0,0
14819,479,1,3578.27,479.0,0,Active Minimal Buyers,0.6805333983435073,0,1,0,0.0,0
14803,472,1,3578.27,472.0,0,Active Minimal Buyers,0.6824217596207067,0,1,0,0.0,0
14802,276,1,2443.35,276.0,6,Declining Frequent Buyers,0.7435460145643759,0,1,0,0.0,0
14801,488,1,3578.27,488.0,0,Active Minimal Buyers,0.6781264055278102,0,1,0,0.0,0
14800,514,1,3578.27,514.0,0,Active Minimal Buyers,0.6712993534851849,0,1,0,0.0,0
14798,294,1,2181.5625,294.0,6,Declining Frequent Buyers,0.7370109223447728,0,1,0,0.0,0
14797,494,1,3578.27,494.0,0,Active Minimal Buyers,0.6765345090428738,0,1,0,0.0,0
14796,280,1,2181.5625,280.0,6,Declining Frequent Buyers,0.7416845263395593,0,1,0,0.0,0
14795,515,1,3578.27,515.0,0,Active Minimal Buyers,0.6710403926366921,0,1,0,0.0,0
14794,588,1,3578.27,588.0,0,Active Minimal Buyers,0.6527944130315234,0,1,0,0.0,0
14793,601,1,3578.27,601.0,0,Active Minimal Buyers,0.6496709636039646,0,1,0,0.0,0
14792,579,1,3578.27,579.0,0,Active Minimal Buyers,0.6549778312211479,0,1,0,0.0,0
14791,276,1,2443.35,276.0,6,Declining Frequent Buyers,0.7435460145643759,0,1,0,0.0,0
15428,228,1,782.99,228.0,2,Inactive Minimal Buyers,0.7465819982576883,0,1,0,0.0,0
15432,222,1,782.99,222.0,2,Inactive Minimal Buyers,0.748656962254387,0,1,0,0.0,0
16420,346,1,2181.5625,346.0,6,Declining Frequent Buyers,0.7205901644597905,0,1,0,0.0,0
15934,70,1,782.99,70.0,8,Recent Low-Value Customers,0.7841997973099203,0,1,0,0.0,0
15959,33,1,782.99,33.0,8,Recent Low-Value Customers,0.8063599246186002,0,1,0,0.0,0
15954,44,1,782.99,44.0,8,Recent Low-Value Customers,0.7988329649330905,0,1,0,0.0,0
15953,55,1,782.99,55.0,8,Recent Low-Value Customers,0.7922145463450223,0,1,0,0.0,0
15952,44,1,782.99,44.0,8,Recent Low-Value Customers,0.7988329649330905,0,1,0,0.0,0
15949,37,1,782.99,37.0,8,Recent Low-Value Customers,0.803493890200672,0,1,0,0.0,0
15948,91,1,782.99,91.0,8,Recent Low-Value Customers,0.7743401106673873,0,1,0,0.0,0
15944,85,1,782.99,85.0,8,Recent Low-Value Customers,0.7770257207892685,0,1,0,0.0,0
15941,66,1,782.99,66.0,8,Recent Low-Value Customers,0.7862432441657017,0,1,0,0.0,0
15937,92,1,782.99,92.0,8,Recent Low-Value Customers,0.7739014532053856,0,1,0,0.0,0
15933,372,1,2181.5625,372.0,6,Declining Frequent Buyers,0.7128599595310648,0,1,0,0.0,0
16031,57,1,2049.0982,57.0,4,Frequent Low-Spend Customers,0.843218145157352,0,1,0,0.0,0
15932,329,1,2443.35,329.0,6,Declining Frequent Buyers,0.7263124427227232,0,1,0,0.0,0
15931,125,1,2443.35,125.0,4,Frequent Low-Spend Customers,0.8039666437269734,0,1,0,0.0,0
15929,385,1,2181.5625,385.0,6,Declining Frequent Buyers,0.7090998428213304,0,1,0,0.0,0
15928,313,1,2181.5625,313.0,6,Declining Frequent Buyers,0.7308488103666226,0,1,0,0.0,0
15927,328,1,2181.5625,328.0,6,Declining Frequent Buyers,0.7261196369092974,0,1,0,0.0,0
15926,334,1,2181.5625,334.0,6,Declining Frequent Buyers,0.7242594021403564,0,1,0,0.0,0
15925,137,1,2443.35,137.0,4,Frequent Low-Spend Customers,0.7981512114688772,0,1,0,0.0,0
15924,137,1,2181.5625,137.0,4,Frequent Low-Spend Customers,0.797348770059737,0,1,0,0.0,0
15923,151,1,2443.35,151.0,4,Frequent Low-Spend Customers,0.7916894568823309,0,1,0,0.0,0
15961,56,1,782.99,56.0,8,Recent Low-Value Customers,0.791647844329744,0,1,0,0.0,0
15964,53,1,782.99,53.0,8,Recent Low-Value Customers,0.7933639436966412,0,1,0,0.0,0
15965,44,1,782.99,44.0,8,Recent Low-Value Customers,0.7988329649330905,0,1,0,0.0,0
15968,44,1,782.99,44.0,8,Recent Low-Value Customers,0.7988329649330905,0,1,0,0.0,0
16028,51,1,2071.4196,51.0,4,Frequent Low-Spend Customers,0.8478788879071302,0,1,0,0.0,0
16027,53,1,2071.4196,53.0,4,Frequent Low-Spend Customers,0.8463221375142176,0,1,0,0.0,0
16026,55,1,2049.0982,55.0,4,Frequent Low-Spend Customers,0.8447171389066972,0,1,0,0.0,0
16025,57,1,2071.4196,57.0,4,Frequent Low-Spend Customers,0.8432960698635393,0,1,0,0.0,0
16015,8,1,574.98,8.0,8,Recent Low-Value Customers,0.8212611423589141,0,0,0,0.0,0
15994,45,1,782.99,45.0,8,Recent Low-Value Customers,0.7981987862892809,0,1,0,0.0,0
15992,34,1,782.99,34.0,8,Recent Low-Value Customers,0.80562767457678,0,1,0,0.0,0
15991,53,1,782.99,53.0,8,Recent Low-Value Customers,0.7933639436966412,0,1,0,0.0,0
15990,40,1,782.99,40.0,8,Recent Low-Value Customers,0.8014459627476426,0,1,0,0.0,0
15989,59,1,782.99,59.0,8,Recent Low-Value Customers,0.7899780596985178,0,1,0,0.0,0
15987,39,1,782.99,39.0,8,Recent Low-Value Customers,0.8021196814931513,0,1,0,0.0,0
15986,55,1,782.99,55.0,8,Recent Low-Value Customers,0.7922145463450223,0,1,0,0.0,0
15985,35,1,782.99,35.0,8,Recent Low-Value Customers,0.8049062152687432,0,1,0,0.0,0
15984,48,1,782.99,48.0,8,Recent Low-Value Customers,0.796338082989688,0,1,0,0.0,0
15983,50,1,782.99,50.0,8,Recent Low-Value Customers,0.7951303286113754,0,1,0,0.0,0
15980,47,1,782.99,47.0,8,Recent Low-Value Customers,0.7969515683865487,0,1,0,0.0,0
15976,51,1,782.99,51.0,8,Recent Low-Value Customers,0.7945356779376516,0,1,0,0.0,0
15972,60,1,782.99,60.0,8,Recent Low-Value Customers,0.7894311435497483,0,1,0,0.0,0
15969,60,1,782.99,60.0,8,Recent Low-Value Customers,0.7894311435497483,0,1,0,0.0,0
15921,149,1,2443.35,149.0,4,Frequent Low-Spend Customers,0.7925930509753627,0,1,0,0.0,0
15920,125,1,2181.5625,125.0,4,Frequent Low-Spend Customers,0.8031642023178331,0,1,0,0.0,0
15918,88,1,782.99,88.0,8,Recent Low-Value Customers,0.7756711556092405,0,1,0,0.0,0
15851,123,1,782.99,123.0,8,Recent Low-Value Customers,0.7613508660163708,0,1,0,0.0,0
15844,100,1,782.99,100.0,8,Recent Low-Value Customers,0.7704769836895369,0,1,0,0.0,0
15843,103,1,782.99,103.0,8,Recent Low-Value Customers,0.7692293247224382,0,1,0,0.0,0
15842,107,1,782.99,107.0,8,Recent Low-Value Customers,0.7675945156162572,0,1,0,0.0,0
15841,109,1,782.99,109.0,8,Recent Low-Value Customers,0.7667889061376945,0,1,0,0.0,0
15840,117,1,782.99,117.0,8,Recent Low-Value Customers,0.7636402105625294,0,1,0,0.0,0
15834,107,1,782.99,107.0,8,Recent Low-Value Customers,0.7675945156162572,0,1,0,0.0,0
15833,50,1,2071.4196,50.0,4,Frequent Low-Spend Customers,0.8486689328145549,0,1,0,0.0,0
15832,36,1,2071.4196,36.0,4,Frequent Low-Spend Customers,0.8607122590071488,0,1,0,0.0,0
15831,55,1,2049.0982,55.0,4,Frequent Low-Spend Customers,0.8447171389066972,0,1,0,0.0,0
15830,40,1,2071.4196,40.0,4,Frequent Low-Spend Customers,0.8570597995990301,0,1,0,0.0,0
15827,102,1,782.99,102.0,8,Recent Low-Value Customers,0.7696431082250034,0,1,0,0.0,0
15808,57,1,2049.0982,57.0,4,Frequent Low-Spend Customers,0.843218145157352,0,1,0,0.0,0
15802,36,1,2049.0982,36.0,4,Frequent Low-Spend Customers,0.8606343343009615,0,1,0,0.0,0
15801,34,1,2049.0982,34.0,4,Frequent Low-Spend Customers,0.8625376411282341,0,1,0,0.0,0
15800,61,1,2049.0982,61.0,4,Frequent Low-Spend Customers,0.8402986844089759,0,1,0,0.0,0
15799,48,1,2071.4196,48.0,4,Frequent Low-Spend Customers,0.8502735390786501,0,1,0,0.0,0
15797,61,1,2071.4196,61.0,4,Frequent Low-Spend Customers,0.8403766091151632,0,1,0,0.0,0
15793,43,1,2049.0982,43.0,4,Frequent Low-Spend Customers,0.8543626270139503,0,1,0,0.0,0
15792,57,1,2071.4196,57.0,4,Frequent Low-Spend Customers,0.8432960698635393,0,1,0,0.0,0
15845,99,1,782.99,99.0,8,Recent Low-Value Customers,0.7708971389364202,0,1,0,0.0,0
15852,103,1,782.99,103.0,8,Recent Low-Value Customers,0.7692293247224382,0,1,0,0.0,0
15915,93,1,782.99,93.0,8,Recent Low-Value Customers,0.7734652394302829,0,1,0,0.0,0
15856,1,1,37.269999999999996,1.0,5,Champions,0.4053413772245786,0,1,0,0.0,0
15914,74,1,782.99,74.0,8,Recent Low-Value Customers,0.7822153318867777,0,1,0,0.0,0
15909,69,1,782.99,69.0,8,Recent Low-Value Customers,0.784704930432945,0,1,0,0.0,0
15908,64,1,782.99,64.0,8,Recent Low-Value Customers,0.7872887535232835,0,1,0,0.0,0
15904,75,1,782.99,75.0,8,Recent Low-Value Customers,0.7817278644681573,0,1,0,0.0,0
15903,63,1,782.99,63.0,8,Recent Low-Value Customers,0.7878177774052092,0,1,0,0.0,0
15902,88,1,782.99,88.0,8,Recent Low-Value Customers,0.7756711556092405,0,1,0,0.0,0
15901,88,1,782.99,88.0,8,Recent Low-Value Customers,0.7756711556092405,0,1,0,0.0,0
15899,70,1,782.99,70.0,8,Recent Low-Value Customers,0.7841997973099203,0,1,0,0.0,0
15897,86,1,782.99,86.0,8,Recent Low-Value Customers,0.7765715102580529,0,1,0,0.0,0
15893,80,1,782.99,80.0,8,Recent Low-Value Customers,0.7793390669984668,0,1,0,0.0,0
15892,93,1,782.99,93.0,8,Recent Low-Value Customers,0.7734652394302829,0,1,0,0.0,0
15890,70,1,782.99,70.0,8,Recent Low-Value Customers,0.7841997973099203,0,1,0,0.0,0
15888,63,1,782.99,63.0,8,Recent Low-Value Customers,0.7878177774052092,0,1,0,0.0,0
15886,66,1,782.99,66.0,8,Recent Low-Value Customers,0.7862432441657017,0,1,0,0.0,0
15885,91,1,782.99,91.0,8,Recent Low-Value Customers,0.7743401106673873,0,1,0,0.0,0
15882,123,1,782.99,123.0,8,Recent Low-Value Customers,0.7613508660163708,0,1,0,0.0,0
15873,97,1,782.99,97.0,8,Recent Low-Value Customers,0.7717440487007654,0,1,0,0.0,0
15865,99,1,782.99,99.0,8,Recent Low-Value Customers,0.7708971389364202,0,1,0,0.0,0
15860,120,1,782.99,120.0,8,Recent Low-Value Customers,0.7624881653263023,0,1,0,0.0,0
16029,40,1,2071.4196,40.0,4,Frequent Low-Spend Customers,0.8570597995990301,0,1,0,0.0,0
16033,387,1,2181.5625,387.0,6,Declining Frequent Buyers,0.7085272366009738,0,1,0,0.0,0
15789,59,1,2049.0982,59.0,4,Frequent Low-Spend Customers,0.8417457727522971,0,1,0,0.0,0
16308,358,1,2181.5625,358.0,6,Declining Frequent Buyers,0.7169862767225077,0,1,0,0.0,0
16345,740,1,3578.27,740.0,0,Active Minimal Buyers,0.6182504578833148,0,1,0,0.0,0
16329,365,1,2443.35,365.0,6,Declining Frequent Buyers,0.7154169289789091,0,1,0,0.0,0
16328,352,1,2181.5625,352.0,6,Declining Frequent Buyers,0.7187802641970976,0,1,0,0.0,0
16327,3,2,4647.8825,259.0,1,High Value but Cooling,0.8700143312149354,0,0,0,0.0,0
16324,337,1,2443.35,337.0,6,Declining Frequent Buyers,0.7238398367811836,0,1,0,0.0,0
16318,341,1,2181.5625,341.0,6,Declining Frequent Buyers,0.7221108727505822,0,1,0,0.0,0
16317,347,1,2181.5625,347.0,6,Declining Frequent Buyers,0.7202873917618017,0,1,0,0.0,0
16316,13,2,4659.8025,246.0,1,High Value but Cooling,0.8585120540304594,0,0,0,0.0,0
16311,25,2,2988.3225,339.0,1,High Value but Cooling,0.8324480101256024,0,0,0,0.0,0
16305,245,1,2443.35,245.0,6,Declining Frequent Buyers,0.7544310952364709,0,1,0,0.0,0
16045,375,1,2181.5625,375.0,6,Declining Frequent Buyers,0.7119862726562161,0,1,0,0.0,0
16298,264,1,2181.5625,264.0,6,Declining Frequent Buyers,0.7471764895500083,0,1,0,0.0,0
16297,258,1,2181.5625,258.0,6,Declining Frequent Buyers,0.7492802519262601,0,1,0,0.0,0
16291,8,2,4921.69,107.0,1,High Value but Cooling,0.8654601783994944,0,0,0,0.0,0
16290,284,1,2181.5625,284.0,6,Declining Frequent Buyers,0.7403371017238153,0,1,0,0.0,0
16289,109,1,2181.5625,109.0,4,Frequent Low-Spend Customers,0.8113859144752794,0,1,0,0.0,0
16288,95,1,2181.5625,95.0,4,Frequent Low-Spend Customers,0.8191064377551025,0,1,0,0.0,0
16287,349,1,2181.5625,349.0,6,Declining Frequent Buyers,0.7196831994038578,0,1,0,0.0,0
16286,123,1,2181.5625,123.0,4,Frequent Low-Spend Customers,0.804161007325476,0,1,0,0.0,0
16278,289,1,2443.35,289.0,6,Declining Frequent Buyers,0.7391706247959757,0,1,0,0.0,0
16347,734,1,3578.27,734.0,0,Active Minimal Buyers,0.6195399840163749,0,1,0,0.0,0
16348,744,1,3578.27,744.0,0,Active Minimal Buyers,0.6173937852731255,0,1,0,0.0,0
16349,735,1,3578.27,735.0,0,Active Minimal Buyers,0.6193246842329082,0,1,0,0.0,0
16350,737,1,3578.27,737.0,0,Active Minimal Buyers,0.6188945401156702,0,1,0,0.0,0
16417,345,1,2181.5625,345.0,6,Declining Frequent Buyers,0.7208933908048347,0,1,0,0.0,0
16416,82,1,2443.35,82.0,4,Frequent Low-Spend Customers,0.8276214284554819,0,1,0,0.0,0
16415,76,1,2443.35,76.0,4,Frequent Low-Spend Customers,0.8313928250711489,0,1,0,0.0,0
16414,231,1,2443.35,231.0,6,Declining Frequent Buyers,0.7595803662165567,0,1,0,0.0,0
16412,107,1,2443.35,107.0,4,Frequent Low-Spend Customers,0.8132586778297827,0,1,0,0.0,0
16411,233,1,2181.5625,233.0,6,Declining Frequent Buyers,0.7583309957726234,0,1,0,0.0,0
16410,344,1,2443.35,344.0,6,Declining Frequent Buyers,0.721701134361406,0,1,0,0.0,0
16409,254,1,2443.35,254.0,6,Declining Frequent Buyers,0.7512009187592522,0,1,0,0.0,0
16408,108,1,2181.5625,108.0,4,Frequent Low-Spend Customers,0.8119198000675388,0,1,0,0.0,0
16407,343,1,2443.35,343.0,6,Declining Frequent Buyers,0.7220052739964647,0,1,0,0.0,0
16406,359,1,2181.5625,359.0,6,Declining Frequent Buyers,0.7166887973831557,0,1,0,0.0,0
16405,347,1,2443.35,347.0,6,Declining Frequent Buyers,0.7207914533324958,0,1,0,0.0,0
16404,108,1,2443.35,108.0,4,Frequent Low-Spend Customers,0.812722241476679,0,1,0,0.0,0
16400,2,2,4958.28,118.0,1,High Value but Cooling,0.8742422350546547,0,0,0,0.0,0
16393,104,1,2181.5625,104.0,4,Frequent Low-Spend Customers,0.8140812140775512,0,1,0,0.0,0
16392,1,2,3431.4024999999997,122.0,1,High Value but Cooling,0.862369093069597,0,1,0,0.0,0
16391,11,2,4624.9125,109.0,1,High Value but Cooling,0.8600609441102348,0,0,0,0.0,0
16352,747,1,3578.27,747.0,0,Active Minimal Buyers,0.6167528478708757,0,1,0,0.0,0
16351,760,1,3578.27,760.0,0,Active Minimal Buyers,0.6139907654980665,0,1,0,0.0,0
16277,336,1,2181.5625,336.0,6,Declining Frequent Buyers,0.7236431758794245,0,1,0,0.0,0
16275,360,1,2443.35,360.0,6,Declining Frequent Buyers,0.7168958086039671,0,1,0,0.0,0
16273,95,1,2181.5625,95.0,4,Frequent Low-Spend Customers,0.8191064377551025,0,1,0,0.0,0
16197,317,1,2181.5625,317.0,6,Declining Frequent Buyers,0.7295764257365835,0,1,0,0.0,0
16180,34,1,2049.0982,34.0,4,Frequent Low-Spend Customers,0.8625376411282341,0,1,0,0.0,0
16176,62,1,2049.0982,62.0,4,Frequent Low-Spend Customers,0.8395842336791325,0,1,0,0.0,0
16169,46,1,2049.0982,46.0,4,Frequent Low-Spend Customers,0.8518346218469888,0,1,0,0.0,0
16164,42,1,2049.0982,42.0,4,Frequent Low-Spend Customers,0.8552250976729444,0,1,0,0.0,0
16163,54,1,2071.4196,54.0,4,Frequent Low-Spend Customers,0.8455549942021667,0,1,0,0.0,0
16161,45,1,2049.0982,45.0,4,Frequent Low-Spend Customers,0.8526677198135715,0,1,0,0.0,0
16160,51,1,2049.0982,51.0,4,Frequent Low-Spend Customers,0.8478009632009429,0,1,0,0.0,0
16159,39,1,2071.4196,39.0,4,Frequent Low-Spend Customers,0.8579548932858707,0,1,0,0.0,0
16158,54,1,2049.0982,54.0,4,Frequent Low-Spend Customers,0.8454770694959794,0,1,0,0.0,0
16157,43,1,2071.4196,43.0,4,Frequent Low-Spend Customers,0.8544405517201376,0,1,0,0.0,0
16156,33,1,2049.0982,33.0,4,Frequent Low-Spend Customers,0.8635104987101128,0,1,0,0.0,0
16155,55,1,2049.0982,55.0,4,Frequent Low-Spend Customers,0.8447171389066972,0,1,0,0.0,0
16132,11,1,2459.62,11.0,4,Frequent Low-Spend Customers,0.8921179047834438,0,0,0,0.0,0
16098,6,1,756.33,6.0,8,Recent Low-Value Customers,0.8330648396213719,0,1,0,0.0,0
16054,388,1,2181.5625,388.0,6,Declining Frequent Buyers,0.7082415085032446,0,1,0,0.0,0
16053,369,1,2181.5625,369.0,6,Declining Frequent Buyers,0.7137373047685859,0,1,0,0.0,0
16052,147,1,2181.5625,147.0,4,Frequent Low-Spend Customers,0.7927004847979312,0,1,0,0.0,0
16051,139,1,2181.5625,139.0,4,Frequent Low-Spend Customers,0.7964054544859173,0,1,0,0.0,0
16046,392,1,2443.35,392.0,6,Declining Frequent Buyers,0.7076064563402058,0,1,0,0.0,0
16196,328,1,2443.35,328.0,6,Declining Frequent Buyers,0.7266236984799915,0,1,0,0.0,0
16199,315,1,2181.5625,315.0,6,Declining Frequent Buyers,0.7302115721049134,0,1,0,0.0,0
16272,340,1,2181.5625,340.0,6,Declining Frequent Buyers,0.7224163975312426,0,1,0,0.0,0
16201,377,1,2181.5625,377.0,6,Declining Frequent Buyers,0.7114058252687577,0,1,0,0.0,0
16270,278,1,2181.5625,278.0,6,Declining Frequent Buyers,0.7423619758289098,0,1,0,0.0,0
16269,298,1,2181.5625,298.0,6,Declining Frequent Buyers,0.735696878653407,0,1,0,0.0,0
16268,101,1,2181.5625,101.0,4,Frequent Low-Spend Customers,0.8157304962255161,0,1,0,0.0,0
16267,292,1,2443.35,292.0,6,Declining Frequent Buyers,0.7381754773718965,0,1,0,0.0,0
16263,284,1,2443.35,284.0,6,Declining Frequent Buyers,0.7408411632945094,0,1,0,0.0,0
16262,152,1,2181.5625,152.0,4,Frequent Low-Spend Customers,0.7904375345787862,0,1,0,0.0,0
16261,126,1,2443.35,126.0,4,Frequent Low-Spend Customers,0.8034713235099245,0,1,0,0.0,0
16260,362,1,2181.5625,362.0,6,Declining Frequent Buyers,0.7157989260968208,0,1,0,0.0,0
16259,141,1,2181.5625,141.0,4,Frequent Low-Spend Customers,0.7954691143558392,0,1,0,0.0,0
16253,303,1,2181.5625,303.0,6,Declining Frequent Buyers,0.7340671015237457,0,1,0,0.0,0
16252,293,1,2181.5625,293.0,6,Declining Frequent Buyers,0.737340877285213,0,1,0,0.0,0
16250,347,1,2181.5625,347.0,6,Declining Frequent Buyers,0.7202873917618017,0,1,0,0.0,0
16231,18,1,2525.94,18.0,4,Frequent Low-Spend Customers,0.8819138693576141,0,0,0,0.0,0
16218,17,1,574.98,17.0,8,Recent Low-Value Customers,0.8103662946756202,0,0,0,0.0,0
16207,295,1,2443.35,295.0,6,Declining Frequent Buyers,0.7371856095472556,0,1,0,0.0,0
16206,289,1,2443.35,289.0,6,Declining Frequent Buyers,0.7391706247959757,0,1,0,0.0,0
16205,139,1,2181.5625,139.0,4,Frequent Low-Spend Customers,0.7964054544859173,0,1,0,0.0,0
16204,136,1,2443.35,136.0,4,Frequent Low-Spend Customers,0.7986255330154108,0,1,0,0.0,0
16203,150,1,2181.5625,150.0,4,Frequent Low-Spend Customers,0.7913380352979169,0,1,0,0.0,0
15790,48,1,2071.4196,48.0,4,Frequent Low-Spend Customers,0.8502735390786501,0,1,0,0.0,0
15788,43,1,2071.4196,43.0,4,Frequent Low-Spend Customers,0.8544405517201376,0,1,0,0.0,0
15433,238,1,782.99,238.0,2,Inactive Minimal Buyers,0.743185536846491,0,1,0,0.0,0
15549,18,1,574.98,18.0,8,Recent Low-Value Customers,0.8093540238022567,0,0,0,0.0,0
15562,126,1,782.99,126.0,8,Recent Low-Value Customers,0.7602277738202123,0,1,0,0.0,0
15561,150,1,782.99,150.0,8,Recent Low-Value Customers,0.7516992767412927,0,1,0,0.0,0
15558,150,1,782.99,150.0,8,Recent Low-Value Customers,0.7516992767412927,0,1,0,0.0,0
15557,21,2,1337.96,125.0,1,High Value but Cooling,0.801238624607923,0,0,0,0.0,0
15555,13,2,1371.95,122.0,1,High Value but Cooling,0.8085742261011385,0,0,0,0.0,0
15554,5,2,1357.97,143.0,1,High Value but Cooling,0.8166962715902172,0,0,0,0.0,0
15553,24,2,1372.95,138.0,1,High Value but Cooling,0.8003673152231819,0,0,0,0.0,0
15552,4,2,1426.46,159.0,1,High Value but Cooling,0.8203068560592803,0,0,0,0.0,0
15551,28,2,1375.26,132.0,1,High Value but Cooling,0.797937186212405,0,0,0,0.0,0
15548,2,2,1337.96,155.0,1,High Value but Cooling,0.8208710976550816,0,0,0,0.0,0
15620,482,1,3578.27,482.0,0,Active Minimal Buyers,0.679728482319964,0,1,0,0.0,0
15547,165,1,782.99,165.0,8,Recent Low-Value Customers,0.7467238176644118,0,1,0,0.0,0
15542,162,1,782.99,162.0,8,Recent Low-Value Customers,0.7476996079709204,0,1,0,0.0,0
15540,159,1,782.99,159.0,8,Recent Low-Value Customers,0.748684773986221,0,1,0,0.0,0
15538,157,1,782.99,157.0,8,Recent Low-Value Customers,0.7493468921048285,0,1,0,0.0,0
15537,177,1,782.99,177.0,8,Recent Low-Value Customers,0.7429094547324236,0,1,0,0.0,0
15535,159,1,782.99,159.0,8,Recent Low-Value Customers,0.748684773986221,0,1,0,0.0,0
15534,177,1,782.99,177.0,8,Recent Low-Value Customers,0.7429094547324236,0,1,0,0.0,0
15532,155,1,782.99,155.0,8,Recent Low-Value Customers,0.7500133789693665,0,1,0,0.0,0
15531,177,1,782.99,177.0,8,Recent Low-Value Customers,0.7429094547324236,0,1,0,0.0,0
15565,153,1,782.99,153.0,8,Recent Low-Value Customers,0.7506843199763958,0,1,0,0.0,0
15568,126,1,782.99,126.0,8,Recent Low-Value Customers,0.7602277738202123,0,1,0,0.0,0
15569,135,1,782.99,135.0,8,Recent Low-Value Customers,0.7569388148084212,0,1,0,0.0,0
15570,129,1,782.99,129.0,8,Recent Low-Value Customers,0.7591183818057249,0,1,0,0.0,0
15614,474,1,3578.27,474.0,0,Active Minimal Buyers,0.6818807548474449,0,1,0,0.0,0
15601,68,1,2049.0982,68.0,4,Frequent Low-Spend Customers,0.835416076628059,0,1,0,0.0,0
15600,91,1,2071.4196,91.0,4,Frequent Low-Spend Customers,0.8210473281705406,0,1,0,0.0,0
15597,72,1,2071.4196,72.0,4,Frequent Low-Spend Customers,0.8328191253936328,0,1,0,0.0,0
15596,66,1,2049.0982,66.0,4,Frequent Low-Spend Customers,0.8367837469407495,0,1,0,0.0,0
15595,93,1,2049.0982,93.0,4,Frequent Low-Spend Customers,0.8198070612757903,0,1,0,0.0,0
15591,89,1,2049.0982,89.0,4,Frequent Low-Spend Customers,0.8221449488538176,0,1,0,0.0,0
15590,66,1,2049.0982,66.0,4,Frequent Low-Spend Customers,0.8367837469407495,0,1,0,0.0,0
15589,64,1,2071.4196,64.0,4,Frequent Low-Spend Customers,0.8382507213531278,0,1,0,0.0,0
15588,88,1,2049.0982,88.0,4,Frequent Low-Spend Customers,0.8227378119171332,0,1,0,0.0,0
15587,72,1,2071.4196,72.0,4,Frequent Low-Spend Customers,0.8328191253936328,0,1,0,0.0,0
15586,64,1,2071.4196,64.0,4,Frequent Low-Spend Customers,0.8382507213531278,0,1,0,0.0,0
15585,69,1,2049.0982,69.0,4,Frequent Low-Spend Customers,0.8347399639530415,0,1,0,0.0,0
15582,63,1,2049.0982,63.0,4,Frequent Low-Spend Customers,0.8388756506792147,0,1,0,0.0,0
15580,93,1,2071.4196,93.0,4,Frequent Low-Spend Customers,0.8198849859819776,0,1,0,0.0,0
15578,80,1,2071.4196,80.0,4,Frequent Low-Spend Customers,0.827688874487264,0,1,0,0.0,0
15576,67,1,2049.0982,67.0,4,Frequent Low-Spend Customers,0.8360972994120626,0,1,0,0.0,0
15575,92,1,2071.4196,92.0,4,Frequent Low-Spend Customers,0.8204645337514442,0,1,0,0.0,0
15571,1,1,34.89,1.0,5,Champions,0.39762743232478154,0,1,0,0.0,0
15529,177,1,782.99,177.0,8,Recent Low-Value Customers,0.7429094547324236,0,1,0,0.0,0
15528,163,1,782.99,163.0,8,Recent Low-Value Customers,0.7473733156892344,0,1,0,0.0,0
15527,169,1,782.99,169.0,8,Recent Low-Value Customers,0.7454369070419862,0,1,0,0.0,0
15475,223,1,782.99,223.0,2,Inactive Minimal Buyers,0.7483091384487215,0,1,0,0.0,0
15473,244,1,782.99,244.0,2,Inactive Minimal Buyers,0.7411830215596145,0,1,0,0.0,0
15472,243,1,782.99,243.0,2,Inactive Minimal Buyers,0.7415149902738578,0,1,0,0.0,0
15471,240,1,782.99,240.0,2,Inactive Minimal Buyers,0.7425151596671353,0,1,0,0.0,0
15467,221,1,782.99,221.0,2,Inactive Minimal Buyers,0.7490055973334103,0,1,0,0.0,0
15466,241,1,782.99,241.0,2,Inactive Minimal Buyers,0.7421810548751437,0,1,0,0.0,0
15463,188,1,2181.5625,188.0,6,Declining Frequent Buyers,0.7759918154925426,0,1,0,0.0,0
15462,196,1,2443.35,196.0,6,Declining Frequent Buyers,0.7732079963239369,0,1,0,0.0,0
15460,397,1,2181.5625,397.0,6,Declining Frequent Buyers,0.705686939991382,0,1,0,0.0,0
15457,395,1,2181.5625,395.0,6,Declining Frequent Buyers,0.7062520070152467,0,1,0,0.0,0
15456,375,1,2181.5625,375.0,6,Declining Frequent Buyers,0.7119862726562161,0,1,0,0.0,0
15455,205,1,2443.35,205.0,6,Declining Frequent Buyers,0.7695909986213779,0,1,0,0.0,0
15454,367,1,2181.5625,367.0,6,Declining Frequent Buyers,0.7143242562847936,0,1,0,0.0,0
15453,482,1,3578.27,482.0,0,Active Minimal Buyers,0.679728482319964,0,1,0,0.0,0
15451,204,1,2181.5625,204.0,6,Declining Frequent Buyers,0.7694847166490055,0,1,0,0.0,0
15440,486,1,3578.27,486.0,0,Active Minimal Buyers,0.6786592905824049,0,1,0,0.0,0
15439,88,1,2049.0982,88.0,4,Frequent Low-Spend Customers,0.8227378119171332,0,1,0,0.0,0
15438,82,1,2071.4196,82.0,4,Frequent Low-Spend Customers,0.8264479717085259,0,1,0,0.0,0
15436,89,1,2071.4196,89.0,4,Frequent Low-Spend Customers,0.8222228735600049,0,1,0,0.0,0
15435,83,1,2071.4196,83.0,4,Frequent Low-Spend Customers,0.825833345179934,0,1,0,0.0,0
15474,223,1,782.99,223.0,2,Inactive Minimal Buyers,0.7483091384487215,0,1,0,0.0,0
15480,198,1,782.99,198.0,2,Inactive Minimal Buyers,0.7572617630738165,0,1,0,0.0,0
15525,181,1,782.99,181.0,8,Recent Low-Value Customers,0.7416678574541955,0,1,0,0.0,0
15481,199,1,782.99,199.0,2,Inactive Minimal Buyers,0.7568927940906462,0,1,0,0.0,0
15523,175,1,782.99,175.0,8,Recent Low-Value Customers,0.7435356901835032,0,1,0,0.0,0
15521,179,1,782.99,179.0,8,Recent Low-Value Customers,0.7422868642779492,0,1,0,0.0,0
15520,206,1,782.99,206.0,2,Inactive Minimal Buyers,0.7543364143414366,0,1,0,0.0,0
15518,197,1,782.99,197.0,2,Inactive Minimal Buyers,0.7576316965766013,0,1,0,0.0,0
15517,212,1,782.99,212.0,2,Inactive Minimal Buyers,0.7521807590769232,0,1,0,0.0,0
15506,190,1,782.99,190.0,8,Recent Low-Value Customers,0.7389251117533832,0,1,0,0.0,0
15503,206,1,782.99,206.0,2,Inactive Minimal Buyers,0.7543364143414366,0,1,0,0.0,0
15502,198,1,782.99,198.0,2,Inactive Minimal Buyers,0.7572617630738165,0,1,0,0.0,0
15501,184,1,782.99,184.0,8,Recent Low-Value Customers,0.7407459364418768,0,1,0,0.0,0
15500,191,1,782.99,191.0,8,Recent Low-Value Customers,0.7386245450574542,0,1,0,0.0,0
15499,204,1,782.99,204.0,2,Inactive Minimal Buyers,0.7550621639914626,0,1,0,0.0,0
15497,211,1,782.99,211.0,2,Inactive Minimal Buyers,0.7525378234755546,0,1,0,0.0,0
15493,213,1,782.99,213.0,2,Inactive Minimal Buyers,0.7518245645283081,0,1,0,0.0,0
15492,207,1,782.99,207.0,2,Inactive Minimal Buyers,0.7539749055451894,0,1,0,0.0,0
15491,213,1,782.99,213.0,2,Inactive Minimal Buyers,0.7518245645283081,0,1,0,0.0,0
15489,207,1,782.99,207.0,2,Inactive Minimal Buyers,0.7539749055451894,0,1,0,0.0,0
15484,191,1,782.99,191.0,8,Recent Low-Value Customers,0.7386245450574542,0,1,0,0.0,0
15483,204,1,782.99,204.0,2,Inactive Minimal Buyers,0.7550621639914626,0,1,0,0.0,0
15482,202,1,782.99,202.0,2,Inactive Minimal Buyers,0.7557916015293191,0,1,0,0.0,0
15619,474,1,3578.27,474.0,0,Active Minimal Buyers,0.6818807548474449,0,1,0,0.0,0
15621,480,1,3578.27,480.0,0,Active Minimal Buyers,0.6802648033564938,0,1,0,0.0,0
15786,33,1,2049.0982,33.0,4,Frequent Low-Spend Customers,0.8635104987101128,0,1,0,0.0,0
15719,67,1,2049.0982,67.0,4,Frequent Low-Spend Customers,0.8360972994120626,0,1,0,0.0,0
15734,35,1,2071.4196,35.0,4,Frequent Low-Spend Customers,0.8616570446766814,0,1,0,0.0,0
15733,52,1,2049.0982,52.0,4,Frequent Low-Spend Customers,0.8470187728066488,0,1,0,0.0,0
15732,48,1,2071.4196,48.0,4,Frequent Low-Spend Customers,0.8502735390786501,0,1,0,0.0,0
15729,33,1,2071.4196,33.0,4,Frequent Low-Spend Customers,0.8635884234162999,0,1,0,0.0,0
15726,83,1,2049.0982,83.0,4,Frequent Low-Spend Customers,0.8257554204737467,0,1,0,0.0,0
15725,69,1,2071.4196,69.0,4,Frequent Low-Spend Customers,0.8348178886592288,0,1,0,0.0,0
15724,86,1,2049.0982,86.0,4,Frequent Low-Spend Customers,0.8239340110246125,0,1,0,0.0,0
15723,82,1,2049.0982,82.0,4,Frequent Low-Spend Customers,0.8263700470023386,0,1,0,0.0,0
15722,72,1,2049.0982,72.0,4,Frequent Low-Spend Customers,0.8327412006874455,0,1,0,0.0,0
15717,79,1,2049.0982,79.0,4,Frequent Low-Spend Customers,0.8282373717639387,0,1,0,0.0,0
15622,381,1,2443.35,381.0,6,Declining Frequent Buyers,0.7107537593957819,0,1,0,0.0,0
15716,71,1,2049.0982,71.0,4,Frequent Low-Spend Customers,0.8334026307401884,0,1,0,0.0,0
15710,149,1,2181.5625,149.0,4,Frequent Low-Spend Customers,0.7917906095662224,0,1,0,0.0,0
15703,1,1,74.98,1.0,5,Champions,0.48360652756259714,0,0,0,0.0,0
15702,386,1,2181.5625,386.0,6,Declining Frequent Buyers,0.7088133475389349,0,1,0,0.0,0
15700,124,1,2181.5625,124.0,4,Frequent Low-Spend Customers,0.8036615690825586,0,1,0,0.0,0
15699,390,1,2181.5625,390.0,6,Declining Frequent Buyers,0.7076711948602616,0,1,0,0.0,0
15697,319,1,2181.5625,319.0,6,Declining Frequent Buyers,0.7289433513022936,0,1,0,0.0,0
15693,307,1,2181.5625,307.0,6,Declining Frequent Buyers,0.7327732809617747,0,1,0,0.0,0
15692,426,1,3578.27,426.0,0,Active Minimal Buyers,0.6952097284352251,0,1,0,0.0,0
15737,149,1,782.99,149.0,8,Recent Low-Value Customers,0.7520399201541275,0,1,0,0.0,0
15739,154,1,782.99,154.0,8,Recent Low-Value Customers,0.7503482872597461,0,1,0,0.0,0
15750,143,1,782.99,143.0,8,Recent Low-Value Customers,0.7541090298262066,0,1,0,0.0,0
15751,39,1,2071.4196,39.0,4,Frequent Low-Spend Customers,0.8579548932858707,0,1,0,0.0,0
15785,61,1,2071.4196,61.0,4,Frequent Low-Spend Customers,0.8403766091151632,0,1,0,0.0,0
15784,46,1,2049.0982,46.0,4,Frequent Low-Spend Customers,0.8518346218469888,0,1,0,0.0,0
15781,104,1,782.99,104.0,8,Recent Low-Value Customers,0.7688176031260759,0,1,0,0.0,0
15780,111,1,782.99,111.0,8,Recent Low-Value Customers,0.7659908710428712,0,1,0,0.0,0
15778,100,1,782.99,100.0,8,Recent Low-Value Customers,0.7704769836895369,0,1,0,0.0,0
15771,98,1,782.99,98.0,8,Recent Low-Value Customers,0.771319482713307,0,1,0,0.0,0
15770,109,1,782.99,109.0,8,Recent Low-Value Customers,0.7667889061376945,0,1,0,0.0,0
15769,116,1,782.99,116.0,8,Recent Low-Value Customers,0.764027600587713,0,1,0,0.0,0
15768,116,1,782.99,116.0,8,Recent Low-Value Customers,0.764027600587713,0,1,0,0.0,0
15767,39,1,2049.0982,39.0,4,Frequent Low-Spend Customers,0.8578769685796834,0,1,0,0.0,0
15765,38,1,2049.0982,38.0,4,Frequent Low-Spend Customers,0.8587837651857599,0,1,0,0.0,0
15764,53,1,2071.4196,53.0,4,Frequent Low-Spend Customers,0.8463221375142176,0,1,0,0.0,0
15763,143,1,782.99,143.0,8,Recent Low-Value Customers,0.7541090298262066,0,1,0,0.0,0
15757,36,1,2071.4196,36.0,4,Frequent Low-Spend Customers,0.8607122590071488,0,1,0,0.0,0
15756,35,1,2071.4196,35.0,4,Frequent Low-Spend Customers,0.8616570446766814,0,1,0,0.0,0
15755,36,1,2049.0982,36.0,4,Frequent Low-Spend Customers,0.8606343343009615,0,1,0,0.0,0
15754,56,1,2071.4196,56.0,4,Frequent Low-Spend Customers,0.8440421509181183,0,1,0,0.0,0
15753,51,1,2049.0982,51.0,4,Frequent Low-Spend Customers,0.8478009632009429,0,1,0,0.0,0
15752,52,1,2071.4196,52.0,4,Frequent Low-Spend Customers,0.8470966975128361,0,1,0,0.0,0
15691,399,1,3578.27,399.0,0,Active Minimal Buyers,0.7030513293732105,0,1,0,0.0,0
15688,143,1,2181.5625,143.0,4,Frequent Low-Spend Customers,0.7945396009178886,0,1,0,0.0,0
15687,137,1,2181.5625,137.0,4,Frequent Low-Spend Customers,0.797348770059737,0,1,0,0.0,0
15652,439,1,3578.27,439.0,0,Active Minimal Buyers,0.6915260733619664,0,1,0,0.0,0
15649,354,1,2443.35,354.0,6,Declining Frequent Buyers,0.7186845820796951,0,1,0,0.0,0
15648,93,1,2071.4196,93.0,4,Frequent Low-Spend Customers,0.8198849859819776,0,1,0,0.0,0
15647,84,1,2049.0982,84.0,4,Frequent Low-Spend Customers,0.8251445836687116,0,1,0,0.0,0
15646,75,1,2049.0982,75.0,4,Frequent Low-Spend Customers,0.8307846740517978,0,1,0,0.0,0
15645,88,1,2049.0982,88.0,4,Frequent Low-Spend Customers,0.8227378119171332,0,1,0,0.0,0
15644,79,1,2071.4196,79.0,4,Frequent Low-Spend Customers,0.828315296470126,0,1,0,0.0,0
15643,91,1,2071.4196,91.0,4,Frequent Low-Spend Customers,0.8210473281705406,0,1,0,0.0,0
15642,90,1,2071.4196,90.0,4,Frequent Low-Spend Customers,0.8216334230165435,0,1,0,0.0,0
15640,1,1,2.29,1.0,5,Champions,0.0560174740694287,0,1,0,0.0,0
15638,437,1,3578.27,437.0,0,Active Minimal Buyers,0.6920890734236165,0,1,0,0.0,0
15637,178,1,2181.5625,178.0,6,Declining Frequent Buyers,0.7802050765646233,0,1,0,0.0,0
15632,447,1,3578.27,447.0,0,Active Minimal Buyers,0.689287261876734,0,1,0,0.0,0
15631,463,1,3578.27,463.0,0,Active Minimal Buyers,0.6848711158896444,0,1,0,0.0,0
15630,4,2,4385.03,459.0,1,High Value but Cooling,0.8662318413281664,0,1,0,0.0,0
15627,347,1,2181.5625,347.0,6,Declining Frequent Buyers,0.7202873917618017,0,1,0,0.0,0
15626,336,1,2181.5625,336.0,6,Declining Frequent Buyers,0.7236431758794245,0,1,0,0.0,0
15625,356,1,2443.35,356.0,6,Declining Frequent Buyers,0.7180865912214449,0,1,0,0.0,0
15624,165,1,2181.5625,165.0,6,Declining Frequent Buyers,0.785869585492174,0,1,0,0.0,0
15623,157,1,2443.35,157.0,6,Declining Frequent Buyers,0.7899747214202831,0,1,0,0.0,0
15651,169,1,2181.5625,169.0,6,Declining Frequent Buyers,0.7841028568125391,0,1,0,0.0,0
15653,447,1,3578.27,447.0,0,Active Minimal Buyers,0.689287261876734,0,1,0,0.0,0
15685,310,1,2443.35,310.0,6,Declining Frequent Buyers,0.7323126960823755,0,1,0,0.0,0
15655,342,1,2181.5625,342.0,6,Declining Frequent Buyers,0.7218058117330802,0,1,0,0.0,0
15684,326,1,2181.5625,326.0,6,Declining Frequent Buyers,0.7267436263820417,0,1,0,0.0,0
15678,143,1,2443.35,143.0,4,Frequent Low-Spend Customers,0.7953420423270288,0,1,0,0.0,0
15677,124,1,2443.35,124.0,4,Frequent Low-Spend Customers,0.8044640104916988,0,1,0,0.0,0
15676,158,1,2443.35,158.0,6,Declining Frequent Buyers,0.7895194861606974,0,1,0,0.0,0
15675,326,1,2443.35,326.0,6,Declining Frequent Buyers,0.7272476879527359,0,1,0,0.0,0
15674,322,1,2443.35,322.0,6,Declining Frequent Buyers,0.7285016432073645,0,1,0,0.0,0
15669,418,1,3578.27,418.0,0,Active Minimal Buyers,0.6975056133716295,0,1,0,0.0,0
15668,402,1,3578.27,402.0,0,Active Minimal Buyers,0.7021667296936543,0,1,0,0.0,0
15667,366,1,2443.35,366.0,6,Declining Frequent Buyers,0.7151224151082308,0,1,0,0.0,0
15666,162,1,2443.35,162.0,6,Declining Frequent Buyers,0.7877132558047475,0,1,0,0.0,0
15665,169,1,2181.5625,169.0,6,Declining Frequent Buyers,0.7841028568125391,0,1,0,0.0,0
15664,363,1,2181.5625,363.0,6,Declining Frequent Buyers,0.7155031519389577,0,1,0,0.0,0
15663,164,1,2181.5625,164.0,6,Declining Frequent Buyers,0.7863147136356274,0,1,0,0.0,0
15662,420,1,3578.27,420.0,0,Active Minimal Buyers,0.6969295221896668,0,1,0,0.0,0
15661,420,1,3578.27,420.0,0,Active Minimal Buyers,0.6969295221896668,0,1,0,0.0,0
15660,409,1,3578.27,409.0,0,Active Minimal Buyers,0.7001158765431627,0,1,0,0.0,0
15659,348,1,2443.35,348.0,6,Declining Frequent Buyers,0.7204891323022097,0,1,0,0.0,0
15657,451,1,3578.27,451.0,0,Active Minimal Buyers,0.6881756442153827,0,1,0,0.0,0
15656,354,1,2443.35,354.0,6,Declining Frequent Buyers,0.7186845820796951,0,1,0,0.0,0
19170,13,1,1151.76,13.0,8,Recent Low-Value Customers,0.8360918260001103,0,0,0,0.0,0
