sample,tracer_i,tracer_j,ratio_pair,log_ratio_residual
mel1,L,h,L/h,0.015585652051374691
mel1,L,Si,L/Si,0.03313294542102463
mel1,L,Zn,L/Zn,0.04364674970790425
mel1,L,Mn,L/Mn,0.025196224571313874
mel1,L,K,L/K,0.04914167727711194
mel1,L,Ti,L/Ti,0.023363618604670733
mel1,L,y,L/y,0.02143116066862169
mel1,L,C_star,L/C_star,0.05226202526898957
mel1,h,Si,h/Si,0.01754729336964994
mel1,h,Zn,h/Zn,0.028061097656529546
mel1,h,Mn,h/Mn,0.009610572519939187
mel1,h,K,h/K,0.03355602522573724
mel1,h,Ti,h/Ti,0.007777966553296045
mel1,h,y,h/y,0.005845508617247003
mel1,h,C_star,h/C_star,0.03667637321761487
mel1,Si,Zn,Si/Zn,0.010513804286879605
mel1,Si,Mn,Si/Mn,-0.007936720849710754
mel1,Si,K,Si/K,0.01600873185608731
mel1,Si,Ti,Si/Ti,-0.009769326816353896
mel1,Si,y,Si/y,-0.011701784752402942
mel1,Si,C_star,Si/C_star,0.01912907984796493
mel1,Zn,Mn,Zn/Mn,-0.018450525136590346
mel1,Zn,K,Zn/K,0.0054949275692076915
mel1,Zn,Ti,Zn/Ti,-0.020283131103233515
mel1,Zn,y,Zn/y,-0.022215589039282557
mel1,Zn,C_star,Zn/C_star,0.008615275561085323
mel1,Mn,K,Mn/K,0.023945452705798065
mel1,Mn,Ti,Mn/Ti,-0.0018326059666431416
mel1,Mn,y,Mn/y,-0.003765063902692267
mel1,Mn,C_star,Mn/C_star,0.027065800697675724
mel1,K,Ti,K/Ti,-0.025778058672441206
mel1,K,y,K/y,-0.02771051660849025
mel1,K,C_star,K/C_star,0.003120347991877631
mel1,Ti,y,Ti/y,-0.0019324579360490146
mel1,Ti,C_star,Ti/C_star,0.028898406664318865
mel1,y,C_star,y/C_star,0.030830864600367873
mel2,L,h,L/h,0.0095781966425902
mel2,L,Si,L/Si,-0.10515255032894327
mel2,L,Zn,L/Zn,-0.013639067005683132
mel2,L,Mn,L/Mn,-0.0067257413199530575
mel2,L,K,L/K,-0.013429835740673565
mel2,L,Ti,L/Ti,-0.0331441560008858
mel2,L,y,L/y,-0.007541269716848473
mel2,L,C_star,L/C_star,-0.010557852241715265
mel2,h,Si,h/Si,-0.11473074697153346
mel2,h,Zn,h/Zn,-0.023217263648273333
mel2,h,Mn,h/Mn,-0.016303937962543258
mel2,h,K,h/K,-0.023008032383263766
mel2,h,Ti,h/Ti,-0.042722352643476
mel2,h,y,h/y,-0.01711946635943868
mel2,h,C_star,h/C_star,-0.02013604888430548
mel2,Si,Zn,Si/Zn,0.09151348332326013
mel2,Si,Mn,Si/Mn,0.09842680900899022
mel2,Si,K,Si/K,0.0917227145882697
mel2,Si,Ti,Si/Ti,0.07200839432805747
mel2,Si,y,Si/y,0.09761128061209479
mel2,Si,C_star,Si/C_star,0.09459469808722801
mel2,Zn,Mn,Zn/Mn,0.006913325685730075
mel2,Zn,K,Zn/K,0.00020923126500956707
mel2,Zn,Ti,Zn/Ti,-0.019505088995202667
mel2,Zn,y,Zn/y,0.00609779728883466
mel2,Zn,C_star,Zn/C_star,0.00308121476396786
mel2,Mn,K,Mn/K,-0.006704094420720508
mel2,Mn,Ti,Mn/Ti,-0.026418414680932742
mel2,Mn,y,Mn/y,-0.0008155283968954152
mel2,Mn,C_star,Mn/C_star,-0.003832110921762208
mel2,K,Ti,K/Ti,-0.019714320260212234
mel2,K,y,K/y,0.0058885660238250925
mel2,K,C_star,K/C_star,0.0028719834989583
mel2,Ti,y,Ti/y,0.025602886284037327
mel2,Ti,C_star,Ti/C_star,0.022586303759170534
mel2,y,C_star,y/C_star,-0.003016582524866779
mel3,L,h,L/h,0.026529587942313915
mel3,L,Si,L/Si,-0.044854807805093044
mel3,L,Zn,L/Zn,0.04584226571817013
mel3,L,Mn,L/Mn,-0.038601626644450104
mel3,L,K,L/K,-0.019107550171268917
mel3,L,Ti,L/Ti,-0.03540481349334057
mel3,L,y,L/y,0.021226535769618526
mel3,L,C_star,L/C_star,-0.020400880868018667
mel3,h,Si,h/Si,-0.0713843957474069
mel3,h,Zn,h/Zn,0.019312677775856213
mel3,h,Mn,h/Mn,-0.06513121458676402
mel3,h,K,h/K,-0.045637138113582804
mel3,h,Ti,h/Ti,-0.061934401435654506
mel3,h,y,h/y,-0.0053030521726954195
mel3,h,C_star,h/C_star,-0.04693046881033258
mel3,Si,Zn,Si/Zn,0.09069707352326312
mel3,Si,Mn,Si/Mn,0.00625318116064294
mel3,Si,K,Si/K,0.0257472576338241
mel3,Si,Ti,Si/Ti,0.009449994311752398
mel3,Si,y,Si/y,0.06608134357471149
mel3,Si,C_star,Si/C_star,0.024453926937074377
mel3,Zn,Mn,Zn/Mn,-0.08444389236262023
mel3,Zn,K,Zn/K,-0.06494981588943903
mel3,Zn,Ti,Zn/Ti,-0.08124707921151071
mel3,Zn,y,Zn/y,-0.024615729948551632
mel3,Zn,C_star,Zn/C_star,-0.0662431465861888
mel3,Mn,K,Mn/K,0.019494076473181188
mel3,Mn,Ti,Mn/Ti,0.0031968131511095066
mel3,Mn,y,Mn/y,0.05982816241406863
mel3,Mn,C_star,Mn/C_star,0.018200745776431437
mel3,K,Ti,K/Ti,-0.016297263322071702
mel3,K,y,K/y,0.04033408594088739
mel3,K,C_star,K/C_star,-0.0012933306967497504
mel3,Ti,y,Ti/y,0.056631349262959096
mel3,Ti,C_star,Ti/C_star,0.015003932625321903
mel3,y,C_star,y/C_star,-0.04162741663763719
mel4,L,h,L/h,0.03679539581102792
mel4,L,Si,L/Si,0.003938860155542789
mel4,L,Zn,L/Zn,0.03801156657516436
mel4,L,Mn,L/Mn,0.022451905064046263
mel4,L,K,L/K,0.01975549548962502
mel4,L,Ti,L/Ti,0.047270855953333246
mel4,L,y,L/y,0.030545054288454554
mel4,L,C_star,L/C_star,0.048291546734860136
mel4,h,Si,h/Si,-0.03285653565548516
mel4,h,Zn,h/Zn,0.001216170764136354
mel4,h,Mn,h/Mn,-0.014343490746981755
mel4,h,K,h/K,-0.017039900321402957
mel4,h,Ti,h/Ti,0.010475460142305243
mel4,h,y,h/y,-0.006250341522573484
mel4,h,C_star,h/C_star,0.01149615092383205
mel4,Si,Zn,Si/Zn,0.03407270641962151
mel4,Si,Mn,Si/Mn,0.01851304490850339
mel4,Si,K,Si/K,0.015816635334082174
mel4,Si,Ti,Si/Ti,0.0433319957977904
mel4,Si,y,Si/y,0.02660619413291168
mel4,Si,C_star,Si/C_star,0.044352686579317346
mel4,Zn,Mn,Zn/Mn,-0.015559661511118112
mel4,Zn,K,Zn/K,-0.018256071085539283
mel4,Zn,Ti,Zn/Ti,0.009259289378168889
mel4,Zn,y,Zn/y,-0.007466512286709831
mel4,Zn,C_star,Zn/C_star,0.010279980159695778
mel4,Mn,K,Mn/K,-0.002696409574421188
mel4,Mn,Ti,Mn/Ti,0.024818950889286998
mel4,Mn,y,Mn/y,0.008093149224408274
mel4,Mn,C_star,Mn/C_star,0.025839641670813873
mel4,K,Ti,K/Ti,0.02751536046370817
mel4,K,y,K/y,0.01078955879882948
mel4,K,C_star,K/C_star,0.028536051245235117
mel4,Ti,y,Ti/y,-0.01672580166487872
mel4,Ti,C_star,Ti/C_star,0.0010206907815268895
mel4,y,C_star,y/C_star,0.017746492446405693
mel5,L,h,L/h,0.05669958327776928
mel5,L,Si,L/Si,-0.044315315370938774
mel5,L,Zn,L/Zn,-0.024397055562204617
mel5,L,Mn,L/Mn,0.00573972978939688
mel5,L,K,L/K,0.033572157062890184
mel5,L,Ti,L/Ti,-0.05864725072049429
mel5,L,y,L/y,0.034546090051179396
mel5,L,C_star,L/C_star,-0.025188225633550054
mel5,h,Si,h/Si,-0.10101489864870804
mel5,h,Zn,h/Zn,-0.0810966388399739
mel5,h,Mn,h/Mn,-0.0509598534883724
mel5,h,K,h/K,-0.023127426214879093
mel5,h,Ti,h/Ti,-0.11534683399826356
mel5,h,y,h/y,-0.022153493226589896
mel5,h,C_star,h/C_star,-0.08188780891131936
mel5,Si,Zn,Si/Zn,0.019918259808734143
mel5,Si,Mn,Si/Mn,0.05005504516033564
mel5,Si,K,Si/K,0.07788747243382894
mel5,Si,Ti,Si/Ti,-0.014331935349555527
mel5,Si,y,Si/y,0.07886140542211814
mel5,Si,C_star,Si/C_star,0.01912708973738869
mel5,Zn,Mn,Zn/Mn,0.030136785351601497
mel5,Zn,K,Zn/K,0.0579692126250948
mel5,Zn,Ti,Zn/Ti,-0.03425019515828967
mel5,Zn,y,Zn/y,0.058943145613384
mel5,Zn,C_star,Zn/C_star,-0.0007911700713454373
mel5,Mn,K,Mn/K,0.027832427273493304
mel5,Mn,Ti,Mn/Ti,-0.06438698050989117
mel5,Mn,y,Mn/y,0.0288063602617825
mel5,Mn,C_star,Mn/C_star,-0.030927955422946934
mel5,K,Ti,K/Ti,-0.09221940778338447
mel5,K,y,K/y,0.0009739329882892112
mel5,K,C_star,K/C_star,-0.05876038269644024
mel5,Ti,y,Ti/y,0.09319334077167367
mel5,Ti,C_star,Ti/C_star,0.03345902508694423
mel5,y,C_star,y/C_star,-0.05973431568472942
mel6,L,h,L/h,0.012502613520128991
mel6,L,Si,L/Si,0.08101379865558575
mel6,L,Zn,L/Zn,-0.03198694981695101
mel6,L,Mn,L/Mn,0.049982797188088124
mel6,L,K,L/K,0.048637295833101994
mel6,L,Ti,L/Ti,0.04803802703109153
mel6,L,y,L/y,0.030581706835548762
mel6,L,C_star,L/C_star,0.07439656681175467
mel6,h,Si,h/Si,0.06851118513545676
mel6,h,Zn,h/Zn,-0.044489563337079985
mel6,h,Mn,h/Mn,0.03748018366795913
mel6,h,K,h/K,0.036134682312973
mel6,h,Ti,h/Ti,0.035535413510962566
mel6,h,y,h/y,0.01807909331541977
mel6,h,C_star,h/C_star,0.06189395329162568
mel6,Si,Zn,Si/Zn,-0.11300074847253676
mel6,Si,Mn,Si/Mn,-0.0310310014674976
mel6,Si,K,Si/K,-0.03237650282248375
mel6,Si,Ti,Si/Ti,-0.03297577162449419
mel6,Si,y,Si/y,-0.050432091820036974
mel6,Si,C_star,Si/C_star,-0.006617231843831069
mel6,Zn,Mn,Zn/Mn,0.08196974700503912
mel6,Zn,K,Zn/K,0.080624245650053
mel6,Zn,Ti,Zn/Ti,0.08002497684804255
mel6,Zn,y,Zn/y,0.06256865665249978
mel6,Zn,C_star,Zn/C_star,0.10638351662870568
mel6,Mn,K,Mn/K,-0.0013455013549861505
mel6,Mn,Ti,Mn/Ti,-0.001944770156996567
mel6,Mn,y,Mn/y,-0.01940109035253934
mel6,Mn,C_star,Mn/C_star,0.024413769623666537
mel6,K,Ti,K/Ti,-0.0005992688020104442
mel6,K,y,K/y,-0.018055588997553232
mel6,K,C_star,K/C_star,0.025759270978652674
mel6,Ti,y,Ti/y,-0.017456320195542774
mel6,Ti,C_star,Ti/C_star,0.02635853978066313
mel6,y,C_star,y/C_star,0.043814859976205905
mel8,L,h,L/h,-0.0001196930319591824
mel8,L,Si,L/Si,0.06942884117784939
mel8,L,Zn,L/Zn,0.0024759173762125136
mel8,L,Mn,L/Mn,0.02282675400409237
mel8,L,K,L/K,0.05846186162640747
mel8,L,Ti,L/Ti,0.0797179947379748
mel8,L,y,L/y,0.01564788654409196
mel8,L,C_star,L/C_star,0.0668989921115242
mel8,h,Si,h/Si,0.06954853420980857
mel8,h,Zn,h/Zn,0.002595610408171689
mel8,h,Mn,h/Mn,0.02294644703605156
mel8,h,K,h/K,0.05858155465836665
mel8,h,Ti,h/Ti,0.079837687769934
mel8,h,y,h/y,0.015767579576051134
mel8,h,C_star,h/C_star,0.06701868514348336
mel8,Si,Zn,Si/Zn,-0.06695292380163688
mel8,Si,Mn,Si/Mn,-0.04660208717375702
mel8,Si,K,Si/K,-0.010966979551441922
mel8,Si,Ti,Si/Ti,0.010289153560125427
mel8,Si,y,Si/y,-0.053780954633757434
mel8,Si,C_star,Si/C_star,-0.002529849066325196
mel8,Zn,Mn,Zn/Mn,0.02035083662787987
mel8,Zn,K,Zn/K,0.05598594425019496
mel8,Zn,Ti,Zn/Ti,0.0772420773617623
mel8,Zn,y,Zn/y,0.013171969167879438
mel8,Zn,C_star,Zn/C_star,0.06442307473531167
mel8,Mn,K,Mn/K,0.03563510762231509
mel8,Mn,Ti,Mn/Ti,0.05689124073388244
mel8,Mn,y,Mn/y,-0.007178867460000432
mel8,Mn,C_star,Mn/C_star,0.04407223810743183
mel8,K,Ti,K/Ti,0.02125613311156735
mel8,K,y,K/y,-0.04281397508231551
mel8,K,C_star,K/C_star,0.008437130485116719
mel8,Ti,y,Ti/y,-0.06407010819388287
mel8,Ti,C_star,Ti/C_star,-0.01281900262645063
mel8,y,C_star,y/C_star,0.05125110556743223
mel10,L,h,L/h,0.007757972982571026
mel10,L,Si,L/Si,0.02087366325349823
mel10,L,Zn,L/Zn,-0.052691886915038594
mel10,L,Mn,L/Mn,0.028693225287656138
mel10,L,K,L/K,-0.0032326773627587985
mel10,L,Ti,L/Ti,0.007264729015561293
mel10,L,y,L/y,0.006906221153213238
mel10,L,C_star,L/C_star,0.022735689712933223
mel10,h,Si,h/Si,0.013115690270927207
mel10,h,Zn,h/Zn,-0.060449859897609606
mel10,h,Mn,h/Mn,0.02093525230508514
mel10,h,K,h/K,-0.010990650345329818
mel10,h,Ti,h/Ti,-0.0004932439670097405
mel10,h,y,h/y,-0.0008517518293577869
mel10,h,C_star,h/C_star,0.01497771673036219
mel10,Si,Zn,Si/Zn,-0.07356555016853682
mel10,Si,Mn,Si/Mn,0.007819562034157929
mel10,Si,K,Si/K,-0.02410634061625703
mel10,Si,Ti,Si/Ti,-0.013608934237936937
mel10,Si,y,Si/y,-0.013967442100284996
mel10,Si,C_star,Si/C_star,0.0018620264594349928
mel10,Zn,Mn,Zn/Mn,0.08138511220269473
mel10,Zn,K,Zn/K,0.04945920955227979
mel10,Zn,Ti,Zn/Ti,0.05995661593059988
mel10,Zn,y,Zn/y,0.05959810806825183
mel10,Zn,C_star,Zn/C_star,0.07542757662797181
mel10,Mn,K,Mn/K,-0.03192590265041495
mel10,Mn,Ti,Mn/Ti,-0.021428496272094852
mel10,Mn,y,Mn/y,-0.0217870041344429
mel10,Mn,C_star,Mn/C_star,-0.005957535574722922
mel10,K,Ti,K/Ti,0.010497406378320091
mel10,K,y,K/y,0.010138898515972036
mel10,K,C_star,K/C_star,0.025968367075692028
mel10,Ti,y,Ti/y,-0.0003585078623480481
mel10,Ti,C_star,Ti/C_star,0.01547096069737193
mel10,y,C_star,y/C_star,0.015829468559719978
mel12,L,h,L/h,0.005319920058276445
mel12,L,Si,L/Si,0.035664270235846667
mel12,L,Zn,L/Zn,-0.012275243758399959
mel12,L,Mn,L/Mn,0.03924768164644853
mel12,L,K,L/K,0.0565269728538593
mel12,L,Ti,L/Ti,0.02313653886705084
mel12,L,y,L/y,0.011870689263511966
mel12,L,C_star,L/C_star,0.05865154796080871
mel12,h,Si,h/Si,0.03034435017757023
mel12,h,Zn,h/Zn,-0.017595163816676404
mel12,h,Mn,h/Mn,0.033927761588172095
mel12,h,K,h/K,0.05120705279558286
mel12,h,Ti,h/Ti,0.017816618808774387
mel12,h,y,h/y,0.0065507692052355244
mel12,h,C_star,h/C_star,0.053331627902532264
mel12,Si,Zn,Si/Zn,-0.04793951399424663
mel12,Si,Mn,Si/Mn,0.0035834114106018666
mel12,Si,K,Si/K,0.020862702618012634
mel12,Si,Ti,Si/Ti,-0.012527731368795838
mel12,Si,y,Si/y,-0.0237935809723347
mel12,Si,C_star,Si/C_star,0.022987277724962035
mel12,Zn,Mn,Zn/Mn,0.0515229254048485
mel12,Zn,K,Zn/K,0.06880221661225927
mel12,Zn,Ti,Zn/Ti,0.03541178262545079
mel12,Zn,y,Zn/y,0.024145933021911932
mel12,Zn,C_star,Zn/C_star,0.07092679171920865
mel12,Mn,K,Mn/K,0.017279291207410764
mel12,Mn,Ti,Mn/Ti,-0.016111142779397705
mel12,Mn,y,Mn/y,-0.027376992382936567
mel12,Mn,C_star,Mn/C_star,0.01940386631436017
mel12,K,Ti,K/Ti,-0.03339043398680847
mel12,K,y,K/y,-0.04465628359034733
mel12,K,C_star,K/C_star,0.002124575106949411
mel12,Ti,y,Ti/y,-0.011265849603538863
mel12,Ti,C_star,Ti/C_star,0.03551500909375788
mel12,y,C_star,y/C_star,0.04678085869729673
mel13,L,h,L/h,0.032525166135574796
mel13,L,Si,L/Si,0.06780985425264559
mel13,L,Zn,L/Zn,-0.07053779432806741
mel13,L,Mn,L/Mn,0.023055262417930364
mel13,L,K,L/K,0.04328542224301887
mel13,L,Ti,L/Ti,0.042373290067363595
mel13,L,y,L/y,0.02707908863399479
mel13,L,C_star,L/C_star,0.020959919247063058
mel13,h,Si,h/Si,0.03528468811707081
mel13,h,Zn,h/Zn,-0.10306296046364219
mel13,h,Mn,h/Mn,-0.009469903717644416
mel13,h,K,h/K,0.010760256107444077
mel13,h,Ti,h/Ti,0.009848123931788803
mel13,h,y,h/y,-0.005446077501580004
mel13,h,C_star,h/C_star,-0.011565246888511738
mel13,Si,Zn,Si/Zn,-0.13834764858071302
mel13,Si,Mn,Si/Mn,-0.04475459183471523
mel13,Si,K,Si/K,-0.024524432009626736
mel13,Si,Ti,Si/Ti,-0.02543656418528201
mel13,Si,y,Si/y,-0.04073076561865081
mel13,Si,C_star,Si/C_star,-0.046849935005582544
mel13,Zn,Mn,Zn/Mn,0.09359305674599777
mel13,Zn,K,Zn/K,0.11382321657108627
mel13,Zn,Ti,Zn/Ti,0.11291108439543099
mel13,Zn,y,Zn/y,0.0976168829620622
mel13,Zn,C_star,Zn/C_star,0.09149771357513047
mel13,Mn,K,Mn/K,0.020230159825088495
mel13,Mn,Ti,Mn/Ti,0.019318027649433224
mel13,Mn,y,Mn/y,0.004023826216064416
mel13,Mn,C_star,Mn/C_star,-0.00209534317086732
mel13,K,Ti,K/Ti,-0.0009121321756552737
mel13,K,y,K/y,-0.016206333609024078
mel13,K,C_star,K/C_star,-0.022325502995955815
mel13,Ti,y,Ti/y,-0.015294201433368803
mel13,Ti,C_star,Ti/C_star,-0.021413370820300537
mel13,y,C_star,y/C_star,-0.0061191693869317165
mel15,L,h,L/h,0.035569739132040895
mel15,L,Si,L/Si,-0.0343652054935422
mel15,L,Zn,L/Zn,-0.0003647368765921921
mel15,L,Mn,L/Mn,0.0020779807571230657
mel15,L,K,L/K,0.02478466140166366
mel15,L,Ti,L/Ti,-0.01911577555806203
mel15,L,y,L/y,0.017687397565898294
mel15,L,C_star,L/C_star,-0.0033428885399519603
mel15,h,Si,h/Si,-0.06993494462558311
mel15,h,Zn,h/Zn,-0.03593447600863308
mel15,h,Mn,h/Mn,-0.03349175837491783
mel15,h,K,h/K,-0.010785077730377228
mel15,h,Ti,h/Ti,-0.0546855146901029
mel15,h,y,h/y,-0.017882341566142587
mel15,h,C_star,h/C_star,-0.03891262767199288
mel15,Si,Zn,Si/Zn,0.03400046861695003
mel15,Si,Mn,Si/Mn,0.03644318625066528
mel15,Si,K,Si/K,0.05914986689520588
mel15,Si,Ti,Si/Ti,0.015249429935480199
mel15,Si,y,Si/y,0.052052603059440525
mel15,Si,C_star,Si/C_star,0.031022316953590257
mel15,Zn,Mn,Zn/Mn,0.002442717633715258
mel15,Zn,K,Zn/K,0.025149398278255845
mel15,Zn,Ti,Zn/Ti,-0.018751038681469833
mel15,Zn,y,Zn/y,0.018052134442490493
mel15,Zn,C_star,Zn/C_star,-0.002978151663359796
mel15,Mn,K,Mn/K,0.022706680644540594
mel15,Mn,Ti,Mn/Ti,-0.02119375631518508
mel15,Mn,y,Mn/y,0.015609416808775256
mel15,Mn,C_star,Mn/C_star,-0.005420869297075026
mel15,K,Ti,K/Ti,-0.043900436959725675
mel15,K,y,K/y,-0.007097263835765352
mel15,K,C_star,K/C_star,-0.028127549941615648
mel15,Ti,y,Ti/y,0.03680317312396032
mel15,Ti,C_star,Ti/C_star,0.015772887018110082
mel15,y,C_star,y/C_star,-0.021030286105850282
mel17,L,h,L/h,-0.008542108909523116
mel17,L,Si,L/Si,-0.0395384298321626
mel17,L,Zn,L/Zn,0.020490197102566443
mel17,L,Mn,L/Mn,-0.016145736922352716
mel17,L,K,L/K,-0.00048212951103196455
mel17,L,Ti,L/Ti,-0.06400395638401754
mel17,L,y,L/y,-0.02382712899691916
mel17,L,C_star,L/C_star,-0.031190958077434466
mel17,h,Si,h/Si,-0.03099632092263947
mel17,h,Zn,h/Zn,0.029032306012089542
mel17,h,Mn,h/Mn,-0.007603628012829572
mel17,h,K,h/K,0.008059979398491166
mel17,h,Ti,h/Ti,-0.05546184747449439
mel17,h,y,h/y,-0.015285020087396031
mel17,h,C_star,h/C_star,-0.022648849167911322
mel17,Si,Zn,Si/Zn,0.060028626934729004
mel17,Si,Mn,Si/Mn,0.023392692909809887
mel17,Si,K,Si/K,0.03905630032113063
mel17,Si,Ti,Si/Ti,-0.02446552655185492
mel17,Si,y,Si/y,0.015711300835243445
mel17,Si,C_star,Si/C_star,0.008347471754728109
mel17,Zn,Mn,Zn/Mn,-0.0366359340249191
mel17,Zn,K,Zn/K,-0.02097232661359838
mel17,Zn,Ti,Zn/Ti,-0.08449415348658393
mel17,Zn,y,Zn/y,-0.04431732609948557
mel17,Zn,C_star,Zn/C_star,-0.05168115518000094
mel17,Mn,K,Mn/K,0.01566360741132075
mel17,Mn,Ti,Mn/Ti,-0.047858219461664825
mel17,Mn,y,Mn/y,-0.0076813920745664455
mel17,Mn,C_star,Mn/C_star,-0.015045221155081778
mel17,K,Ti,K/Ti,-0.06352182687298555
mel17,K,y,K/y,-0.023344999485887197
mel17,K,C_star,K/C_star,-0.030708828566402446
mel17,Ti,y,Ti/y,0.040176827387098366
mel17,Ti,C_star,Ti/C_star,0.032812998306583074
mel17,y,C_star,y/C_star,-0.007363829080515305
mel19,L,h,L/h,0.03236210618065949
mel19,L,Si,L/Si,0.004575078293568791
mel19,L,Zn,L/Zn,-0.011906114490138398
mel19,L,Mn,L/Mn,0.03361288915876631
mel19,L,K,L/K,0.05209025706792966
mel19,L,Ti,L/Ti,0.0017181793305077186
mel19,L,y,L/y,0.021010786808979942
mel19,L,C_star,L/C_star,-0.005182468647616678
mel19,h,Si,h/Si,-0.027787027887090733
mel19,h,Zn,h/Zn,-0.04426822067079797
mel19,h,Mn,h/Mn,0.001250782978106768
mel19,h,K,h/K,0.019728150887270146
mel19,h,Ti,h/Ti,-0.030643926850151847
mel19,h,y,h/y,-0.011351319371679623
mel19,h,C_star,h/C_star,-0.03754457482827617
mel19,Si,Zn,Si/Zn,-0.016481192783707244
mel19,Si,Mn,Si/Mn,0.029037810865197522
mel19,Si,K,Si/K,0.04751517877436087
mel19,Si,Ti,Si/Ti,-0.0028568989630611136
mel19,Si,y,Si/y,0.01643570851541111
mel19,Si,C_star,Si/C_star,-0.009757546941185469
mel19,Zn,Mn,Zn/Mn,0.04551900364890474
mel19,Zn,K,Zn/K,0.06399637155806812
mel19,Zn,Ti,Zn/Ti,0.01362429382064613
mel19,Zn,y,Zn/y,0.032916901299118353
mel19,Zn,C_star,Zn/C_star,0.006723645842521775
mel19,Mn,K,Mn/K,0.01847736790916335
mel19,Mn,Ti,Mn/Ti,-0.03189470982825862
mel19,Mn,y,Mn/y,-0.01260210234978637
mel19,Mn,C_star,Mn/C_star,-0.03879535780638299
mel19,K,Ti,K/Ti,-0.050372077737421986
mel19,K,y,K/y,-0.031079470258949762
mel19,K,C_star,K/C_star,-0.05727272571554637
mel19,Ti,y,Ti/y,0.019292607478472223
mel19,Ti,C_star,Ti/C_star,-0.006900647978124341
mel19,y,C_star,y/C_star,-0.02619325545659662
mel20,L,h,L/h,0.050087730499117265
mel20,L,Si,L/Si,-0.012120925007649788
mel20,L,Zn,L/Zn,0.03752867430795154
mel20,L,Mn,L/Mn,-0.012140776542847176
mel20,L,K,L/K,-0.00745495370676294
mel20,L,Ti,L/Ti,0.0284386600702399
mel20,L,y,L/y,0.04136074805808226
mel20,L,C_star,L/C_star,0.018343101425229012
mel20,h,Si,h/Si,-0.06220865550676705
mel20,h,Zn,h/Zn,-0.012559056191165735
mel20,h,Mn,h/Mn,-0.062228507041964365
mel20,h,K,h/K,-0.05754268420588021
mel20,h,Ti,h/Ti,-0.02164907042887737
mel20,h,y,h/y,-0.008726982441035015
mel20,h,C_star,h/C_star,-0.03174462907388825
mel20,Si,Zn,Si/Zn,0.049649599315601325
mel20,Si,Mn,Si/Mn,-1.985153519734606e-05
mel20,Si,K,Si/K,0.004665971300886848
mel20,Si,Ti,Si/Ti,0.040559585077889676
mel20,Si,y,Si/y,0.053481673065732045
mel20,Si,C_star,Si/C_star,0.0304640264328788
mel20,Zn,Mn,Zn/Mn,-0.04966945085079866
mel20,Zn,K,Zn/K,-0.04498362801471448
mel20,Zn,Ti,Zn/Ti,-0.009090014237711636
mel20,Zn,y,Zn/y,0.003832073750130699
mel20,Zn,C_star,Zn/C_star,-0.019185572882722518
mel20,Mn,K,Mn/K,0.004685822836084097
mel20,Mn,Ti,Mn/Ti,0.040579436613086994
mel20,Mn,y,Mn/y,0.053501524600929384
mel20,Mn,C_star,Mn/C_star,0.030483877968076112
mel20,K,Ti,K/Ti,0.03589361377700284
mel20,K,y,K/y,0.048815701764845176
mel20,K,C_star,K/C_star,0.02579805513199196
mel20,Ti,y,Ti/y,0.012922087987842362
mel20,Ti,C_star,Ti/C_star,-0.010095558645010883
mel20,y,C_star,y/C_star,-0.023017646632853238
mel22,L,h,L/h,0.015582197902033829
mel22,L,Si,L/Si,0.0009630421290486996
mel22,L,Zn,L/Zn,0.05350534022771902
mel22,L,Mn,L/Mn,-0.007685707623937277
mel22,L,K,L/K,0.011731180585176665
mel22,L,Ti,L/Ti,0.021623047501670933
mel22,L,y,L/y,0.016220166846007883
mel22,L,C_star,L/C_star,0.0271748218190328
mel22,h,Si,h/Si,-0.014619155772985129
mel22,h,Zn,h/Zn,0.037923142325685194
mel22,h,Mn,h/Mn,-0.023267905525971078
mel22,h,K,h/K,-0.0038510173168571638
mel22,h,Ti,h/Ti,0.006040849599637105
mel22,h,y,h/y,0.0006379689439740682
mel22,h,C_star,h/C_star,0.011592623916998973
mel22,Si,Zn,Si/Zn,0.05254229809867032
mel22,Si,Mn,Si/Mn,-0.008648749752985962
mel22,Si,K,Si/K,0.01076813845612798
mel22,Si,Ti,Si/Ti,0.020660005372622234
mel22,Si,y,Si/y,0.015257124716959197
mel22,Si,C_star,Si/C_star,0.026211779689984116
mel22,Zn,Mn,Zn/Mn,-0.0611910478516563
mel22,Zn,K,Zn/K,-0.041774159642542344
mel22,Zn,Ti,Zn/Ti,-0.03188229272604809
mel22,Zn,y,Zn/y,-0.037285173381711126
mel22,Zn,C_star,Zn/C_star,-0.02633051840868622
mel22,Mn,K,Mn/K,0.01941688820911397
mel22,Mn,Ti,Mn/Ti,0.029308755125608266
mel22,Mn,y,Mn/y,0.023905874469945187
mel22,Mn,C_star,Mn/C_star,0.034860529442970106
mel22,K,Ti,K/Ti,0.009891866916494269
mel22,K,y,K/y,0.004488986260831232
mel22,K,C_star,K/C_star,0.015443641233856137
mel22,Ti,y,Ti/y,-0.0054028806556630365
mel22,Ti,C_star,Ti/C_star,0.005551774317361868
mel22,y,C_star,y/C_star,0.010954654973024919
mel24,L,h,L/h,0.012840650984807883
mel24,L,Si,L/Si,0.01849184390253808
mel24,L,Zn,L/Zn,-0.008628700924764005
mel24,L,Mn,L/Mn,0.009164027626154203
mel24,L,K,L/K,0.005048941742570201
mel24,L,Ti,L/Ti,0.0013403833090770145
mel24,L,y,L/y,0.006202176038758195
mel24,L,C_star,L/C_star,0.005766165132248702
mel24,h,Si,h/Si,0.005651192917730204
mel24,h,Zn,h/Zn,-0.02146935190957191
mel24,h,Mn,h/Mn,-0.0036766233586536523
mel24,h,K,h/K,-0.007791709242237682
mel24,h,Ti,h/Ti,-0.011500267675730869
mel24,h,y,h/y,-0.00663847494604968
mel24,h,C_star,h/C_star,-0.007074485852559154
mel24,Si,Zn,Si/Zn,-0.02712054482730211
mel24,Si,Mn,Si/Mn,-0.009327816276383905
mel24,Si,K,Si/K,-0.013442902159967879
mel24,Si,Ti,Si/Ti,-0.017151460593461065
mel24,Si,y,Si/y,-0.012289667863779885
mel24,Si,C_star,Si/C_star,-0.012725678770289406
mel24,Zn,Mn,Zn/Mn,0.017792728550918235
mel24,Zn,K,Zn/K,0.013677642667334226
mel24,Zn,Ti,Zn/Ti,0.00996908423384104
mel24,Zn,y,Zn/y,0.014830876963522224
mel24,Zn,C_star,Zn/C_star,0.014394866057012734
mel24,Mn,K,Mn/K,-0.004115085883584002
mel24,Mn,Ti,Mn/Ti,-0.00782364431707716
mel24,Mn,y,Mn/y,-0.0029618515873959805
mel24,Mn,C_star,Mn/C_star,-0.0033978624939055013
mel24,K,Ti,K/Ti,-0.0037085584334931865
mel24,K,y,K/y,0.0011532342961879938
mel24,K,C_star,K/C_star,0.0007172233896785007
mel24,Ti,y,Ti/y,0.00486179272968118
mel24,Ti,C_star,Ti/C_star,0.004425781823171715
mel24,y,C_star,y/C_star,-0.0004360109065095208
mel26,L,h,L/h,0.016590876663513277
mel26,L,Si,L/Si,0.04394878734853369
mel26,L,Zn,L/Zn,-0.0184484114946023
mel26,L,Mn,L/Mn,0.018804832250395087
mel26,L,K,L/K,0.02728390753142393
mel26,L,Ti,L/Ti,0.017590091102274635
mel26,L,y,L/y,0.01757191726315327
mel26,L,C_star,L/C_star,0.020718823199710745
mel26,h,Si,h/Si,0.0273579106850204
mel26,h,Zn,h/Zn,-0.035039288158115606
mel26,h,Mn,h/Mn,0.0022139555868818106
mel26,h,K,h/K,0.010693030867910638
mel26,h,Ti,h/Ti,0.0009992144387613658
mel26,h,y,h/y,0.0009810405996400207
mel26,h,C_star,h/C_star,0.004127946536197469
mel26,Si,Zn,Si/Zn,-0.06239719884313601
mel26,Si,Mn,Si/Mn,-0.025143955098138604
mel26,Si,K,Si/K,-0.016664879817109762
mel26,Si,Ti,Si/Ti,-0.026358696246259035
mel26,Si,y,Si/y,-0.026376870085380387
mel26,Si,C_star,Si/C_star,-0.02322996414882289
mel26,Zn,Mn,Zn/Mn,0.03725324374499739
mel26,Zn,K,Zn/K,0.04573231902602624
mel26,Zn,Ti,Zn/Ti,0.03603850259687697
mel26,Zn,y,Zn/y,0.036020328757755626
mel26,Zn,C_star,Zn/C_star,0.03916723469431305
mel26,Mn,K,Mn/K,0.008479075281028842
mel26,Mn,Ti,Mn/Ti,-0.0012147411481204795
mel26,Mn,y,Mn/y,-0.0012329149872418177
mel26,Mn,C_star,Mn/C_star,0.0019139909493156582
mel26,K,Ti,K/Ti,-0.009693816429149266
mel26,K,y,K/y,-0.00971199026827061
mel26,K,C_star,K/C_star,-0.006565084331713211
mel26,Ti,y,Ti/y,-1.8173839121345126e-05
mel26,Ti,C_star,Ti/C_star,0.0031287320974361377
mel26,y,C_star,y/C_star,0.003146905936557476
mel27,L,h,L/h,0.004987750116974721
mel27,L,Si,L/Si,-0.02300087357788083
mel27,L,Zn,L/Zn,-0.04425860209325044
mel27,L,Mn,L/Mn,-0.004494253908306767
mel27,L,K,L/K,-0.01470348623166684
mel27,L,Ti,L/Ti,0.03700477104011257
mel27,L,y,L/y,-0.01726856043422531
mel27,L,C_star,L/C_star,-0.025060374949406883
mel27,h,Si,h/Si,-0.027988623694855552
mel27,h,Zn,h/Zn,-0.04924635221022522
mel27,h,Mn,h/Mn,-0.009482004025281519
mel27,h,K,h/K,-0.01969123634864156
mel27,h,Ti,h/Ti,0.03201702092313782
mel27,h,y,h/y,-0.02225631055120004
mel27,h,C_star,h/C_star,-0.03004812506638166
mel27,Si,Zn,Si/Zn,-0.021257728515369667
mel27,Si,Mn,Si/Mn,0.018506619669574037
mel27,Si,K,Si/K,0.008297387346213991
mel27,Si,Ti,Si/Ti,0.060005644617993376
mel27,Si,y,Si/y,0.005732313143655521
mel27,Si,C_star,Si/C_star,-0.0020595013715260513
mel27,Zn,Mn,Zn/Mn,0.0397643481849437
mel27,Zn,K,Zn/K,0.029555115861583603
mel27,Zn,Ti,Zn/Ti,0.08126337313336304
mel27,Zn,y,Zn/y,0.026990041659025178
mel27,Zn,C_star,Zn/C_star,0.01919822714384356
mel27,Mn,K,Mn/K,-0.010209232323360073
mel27,Mn,Ti,Mn/Ti,0.04149902494841934
mel27,Mn,y,Mn/y,-0.01277430652591852
mel27,Mn,C_star,Mn/C_star,-0.020566121041100116
mel27,K,Ti,K/Ti,0.05170825727177941
mel27,K,y,K/y,-0.0025650742025584705
mel27,K,C_star,K/C_star,-0.010356888717740043
mel27,Ti,y,Ti/y,-0.05427333147433786
mel27,Ti,C_star,Ti/C_star,-0.0620651459895194
mel27,y,C_star,y/C_star,-0.007791814515181628
mel29,L,h,L/h,0.03227846452541383
mel29,L,Si,L/Si,0.00038967793621069724
mel29,L,Zn,L/Zn,-0.006798646384300944
mel29,L,Mn,L/Mn,0.037339854672318484
mel29,L,K,L/K,0.04926625465895029
mel29,L,Ti,L/Ti,0.029918843079456803
mel29,L,y,L/y,0.016273467217044424
mel29,L,C_star,L/C_star,0.004400002807860792
mel29,h,Si,h/Si,-0.0318887865892032
mel29,h,Zn,h/Zn,-0.03907711090971479
mel29,h,Mn,h/Mn,0.005061390146904682
mel29,h,K,h/K,0.016987790133536462
mel29,h,Ti,h/Ti,-0.0023596214459570136
mel29,h,y,h/y,-0.01600499730836942
mel29,h,C_star,h/C_star,-0.027878461717553038
mel29,Si,Zn,Si/Zn,-0.007188324320511585
mel29,Si,Mn,Si/Mn,0.036950176736107884
mel29,Si,K,Si/K,0.04887657672273965
mel29,Si,Ti,Si/Ti,0.02952916514324619
mel29,Si,y,Si/y,0.015883789280833782
mel29,Si,C_star,Si/C_star,0.004010324871650206
mel29,Zn,Mn,Zn/Mn,0.04413850105661947
mel29,Zn,K,Zn/K,0.056064901043251236
mel29,Zn,Ti,Zn/Ti,0.036717489463757774
mel29,Zn,y,Zn/y,0.023072113601345364
mel29,Zn,C_star,Zn/C_star,0.011198649192161736
mel29,Mn,K,Mn/K,0.01192639998663178
mel29,Mn,Ti,Mn/Ti,-0.007421011592861695
mel29,Mn,y,Mn/y,-0.021066387455274095
mel29,Mn,C_star,Mn/C_star,-0.0329398518644578
mel29,K,Ti,K/Ti,-0.01934741157949349
mel29,K,y,K/y,-0.032992787441905896
mel29,K,C_star,K/C_star,-0.0448662518510895
mel29,Ti,y,Ti/y,-0.013645375862412407
mel29,Ti,C_star,Ti/C_star,-0.02551884027159612
mel29,y,C_star,y/C_star,-0.011873464409183576
mel31,L,h,L/h,0.021843410447365985
mel31,L,Si,L/Si,0.015212514469209348
mel31,L,Zn,L/Zn,0.024803574686003027
mel31,L,Mn,L/Mn,0.029175455987233756
mel31,L,K,L/K,0.04512618028531562
mel31,L,Ti,L/Ti,0.01808596322848105
mel31,L,y,L/y,0.008523757335060334
mel31,L,C_star,L/C_star,-0.016122845269546493
mel31,h,Si,h/Si,-0.0066308959781566715
mel31,h,Zn,h/Zn,0.002960164238637049
mel31,h,Mn,h/Mn,0.007332045539867771
mel31,h,K,h/K,0.023282769837949607
mel31,h,Ti,h/Ti,-0.0037574472188849697
mel31,h,y,h/y,-0.013319653112305634
mel31,h,C_star,h/C_star,-0.03796625571691248
mel31,Si,Zn,Si/Zn,0.00959106021679372
mel31,Si,Mn,Si/Mn,0.013962941518024463
mel31,Si,K,Si/K,0.029913665816106313
mel31,Si,Ti,Si/Ti,0.0028734487592717017
mel31,Si,y,Si/y,-0.006688757134148959
mel31,Si,C_star,Si/C_star,-0.031335359738755786
mel31,Zn,Mn,Zn/Mn,0.004371881301230729
mel31,Zn,K,Zn/K,0.020322605599312565
mel31,Zn,Ti,Zn/Ti,-0.006717611457522019
mel31,Zn,y,Zn/y,-0.016279817350942687
mel31,Zn,C_star,Zn/C_star,-0.040926419955549576
mel31,Mn,K,Mn/K,0.015950724298081836
mel31,Mn,Ti,Mn/Ti,-0.011089492758752761
mel31,Mn,y,Mn/y,-0.020651698652173422
mel31,Mn,C_star,Mn/C_star,-0.04529830125678025
mel31,K,Ti,K/Ti,-0.027040217056834626
mel31,K,y,K/y,-0.03660242295025526
mel31,K,C_star,K/C_star,-0.06124902555486211
mel31,Ti,y,Ti/y,-0.009562205893420661
mel31,Ti,C_star,Ti/C_star,-0.03420880849802743
mel31,y,C_star,y/C_star,-0.024646602604606827
mel33,L,h,L/h,0.06298123107175535
mel33,L,Si,L/Si,-0.07728685529406801
mel33,L,Zn,L/Zn,0.027797845101148744
mel33,L,Mn,L/Mn,-0.02890604643251299
mel33,L,K,L/K,0.01158793454072643
mel33,L,Ti,L/Ti,-0.019618432848778844
mel33,L,y,L/y,0.051868917947686166
mel33,L,C_star,L/C_star,-0.010379523825753578
mel33,h,Si,h/Si,-0.14026808636582336
mel33,h,Zn,h/Zn,-0.03518338597060659
mel33,h,Mn,h/Mn,-0.09188727750426834
mel33,h,K,h/K,-0.05139329653102892
mel33,h,Ti,h/Ti,-0.08259966392053417
mel33,h,y,h/y,-0.01111231312406918
mel33,h,C_star,h/C_star,-0.07336075489750887
mel33,Si,Zn,Si/Zn,0.10508470039521678
mel33,Si,Mn,Si/Mn,0.04838080886155502
mel33,Si,K,Si/K,0.08887478983479445
mel33,Si,Ti,Si/Ti,0.05766842244528919
mel33,Si,y,Si/y,0.12915577324175417
mel33,Si,C_star,Si/C_star,0.0669073314683144
mel33,Zn,Mn,Zn/Mn,-0.05670389153366173
mel33,Zn,K,Zn/K,-0.016209910560422314
mel33,Zn,Ti,Zn/Ti,-0.04741627794992759
mel33,Zn,y,Zn/y,0.024071072846537412
mel33,Zn,C_star,Zn/C_star,-0.03817736892690238
mel33,Mn,K,Mn/K,0.04049398097323942
mel33,Mn,Ti,Mn/Ti,0.009287613583734144
mel33,Mn,y,Mn/y,0.08077496438019915
mel33,Mn,C_star,Mn/C_star,0.01852652260675941
mel33,K,Ti,K/Ti,-0.03120636738950526
mel33,K,y,K/y,0.04028098340695975
mel33,K,C_star,K/C_star,-0.02196745836648001
mel33,Ti,y,Ti/y,0.071487350796465
mel33,Ti,C_star,Ti/C_star,0.009238909023025266
mel33,y,C_star,y/C_star,-0.062248441773439744
mel34,L,h,L/h,0.033995548208234805
mel34,L,Si,L/Si,-0.0677495138511175
mel34,L,Zn,L/Zn,-0.028423515199367866
mel34,L,Mn,L/Mn,-0.007824835793632523
mel34,L,K,L/K,-0.024870051383119096
mel34,L,Ti,L/Ti,-0.042185387371986405
mel34,L,y,L/y,0.004186992203304818
mel34,L,C_star,L/C_star,-0.02278868639607412
mel34,h,Si,h/Si,-0.10174506205935235
mel34,h,Zn,h/Zn,-0.06241906340760268
mel34,h,Mn,h/Mn,-0.04182038400186736
mel34,h,K,h/K,-0.0588655995913539
mel34,h,Ti,h/Ti,-0.07618093558022124
mel34,h,y,h/y,-0.029808556004930008
mel34,h,C_star,h/C_star,-0.056784234604309036
mel34,Si,Zn,Si/Zn,0.03932599865174968
mel34,Si,Mn,Si/Mn,0.059924678057485026
mel34,Si,K,Si/K,0.0428794624679984
mel34,Si,Ti,Si/Ti,0.025564126479131116
mel34,Si,y,Si/y,0.07193650605442237
mel34,Si,C_star,Si/C_star,0.04496082745504343
mel34,Zn,Mn,Zn/Mn,0.020598679405735315
mel34,Zn,K,Zn/K,0.0035534638162487697
mel34,Zn,Ti,Zn/Ti,-0.013761872172618567
mel34,Zn,y,Zn/y,0.03261050740267267
mel34,Zn,C_star,Zn/C_star,0.00563482880329369
mel34,Mn,K,Mn/K,-0.017045215589486573
mel34,Mn,Ti,Mn/Ti,-0.03436055157835391
mel34,Mn,y,Mn/y,0.012011827996937355
mel34,Mn,C_star,Mn/C_star,-0.014963850602441653
mel34,K,Ti,K/Ti,-0.01731533598886731
mel34,K,y,K/y,0.029057043586423914
mel34,K,C_star,K/C_star,0.0020813649870449757
mel34,Ti,y,Ti/y,0.04637237957529125
mel34,Ti,C_star,Ti/C_star,0.019396700975912284
mel34,y,C_star,y/C_star,-0.026975678599378994
mel36,L,h,L/h,0.01948875247569609
mel36,L,Si,L/Si,-0.08195081043294788
mel36,L,Zn,L/Zn,-0.02066908359060282
mel36,L,Mn,L/Mn,-0.013204376486581626
mel36,L,K,L/K,0.005266698369018552
mel36,L,Ti,L/Ti,-0.0016062405116156198
mel36,L,y,L/y,-0.015196514304135655
mel36,L,C_star,L/C_star,-0.0454037635340967
mel36,h,Si,h/Si,-0.101439562908644
mel36,h,Zn,h/Zn,-0.040157836066298885
mel36,h,Mn,h/Mn,-0.03269312896227766
mel36,h,K,h/K,-0.01422205410667754
mel36,h,Ti,h/Ti,-0.021094992987311663
mel36,h,y,h/y,-0.03468526677983172
mel36,h,C_star,h/C_star,-0.06489251600979273
mel36,Si,Zn,Si/Zn,0.06128172684234509
mel36,Si,Mn,Si/Mn,0.06874643394636631
mel36,Si,K,Si/K,0.08721750880196646
mel36,Si,Ti,Si/Ti,0.0803445699213323
mel36,Si,y,Si/y,0.06675429612881227
mel36,Si,C_star,Si/C_star,0.03654704689885119
mel36,Zn,Mn,Zn/Mn,0.007464707104021223
mel36,Zn,K,Zn/K,0.025935781959621373
mel36,Zn,Ti,Zn/Ti,0.019062843078987216
mel36,Zn,y,Zn/y,0.005472569286467166
mel36,Zn,C_star,Zn/C_star,-0.024734679943493876
mel36,Mn,K,Mn/K,0.018471074855600123
mel36,Mn,Ti,Mn/Ti,0.011598135974966
mel36,Mn,y,Mn/y,-0.001992137817554057
mel36,Mn,C_star,Mn/C_star,-0.03219938704751507
mel36,K,Ti,K/Ti,-0.006872938880634172
mel36,K,y,K/y,-0.020463212673154207
mel36,K,C_star,K/C_star,-0.05067046190311525
mel36,Ti,y,Ti/y,-0.013590273792520056
mel36,Ti,C_star,Ti/C_star,-0.04379752302248108
mel36,y,C_star,y/C_star,-0.030207249229961042
mel38,L,h,L/h,0.027543736309996625
mel38,L,Si,L/Si,-0.061354768941574545
mel38,L,Zn,L/Zn,-0.05282542465575574
mel38,L,Mn,L/Mn,-0.024616234868651388
mel38,L,K,L/K,-0.02243613240692438
mel38,L,Ti,L/Ti,-0.051786360519825464
mel38,L,y,L/y,-0.013208297450042317
mel38,L,C_star,L/C_star,-0.0573819899327116
mel38,h,Si,h/Si,-0.08889850525157117
mel38,h,Zn,h/Zn,-0.08036916096575235
mel38,h,Mn,h/Mn,-0.05215997117864802
mel38,h,K,h/K,-0.049979868716921005
mel38,h,Ti,h/Ti,-0.0793300968298221
mel38,h,y,h/y,-0.04075203376003894
mel38,h,C_star,h/C_star,-0.08492572624270822
mel38,Si,Zn,Si/Zn,0.008529344285818821
mel38,Si,Mn,Si/Mn,0.03673853407292314
mel38,Si,K,Si/K,0.03891863653465015
mel38,Si,Ti,Si/Ti,0.009568408421749067
mel38,Si,y,Si/y,0.048146471491532214
mel38,Si,C_star,Si/C_star,0.003972779008862948
mel38,Zn,Mn,Zn/Mn,0.028209189787104325
mel38,Zn,K,Zn/K,0.03038929224883133
mel38,Zn,Ti,Zn/Ti,0.0010390641359302455
mel38,Zn,y,Zn/y,0.03961712720571341
mel38,Zn,C_star,Zn/C_star,-0.0045565652769558596
mel38,Mn,K,Mn/K,0.002180102461727007
mel38,Mn,Ti,Mn/Ti,-0.027170125651174083
mel38,Mn,y,Mn/y,0.011407937418609078
mel38,Mn,C_star,Mn/C_star,-0.03276575506406021
mel38,K,Ti,K/Ti,-0.029350228112901083
mel38,K,y,K/y,0.009227834956882064
mel38,K,C_star,K/C_star,-0.034945857525787216
mel38,Ti,y,Ti/y,0.03857806306978316
mel38,Ti,C_star,Ti/C_star,-0.005595629412886105
mel38,y,C_star,y/C_star,-0.04417369248266928
mel40,L,h,L/h,0.023772538585221104
mel40,L,Si,L/Si,0.04053287171118504
mel40,L,Zn,L/Zn,-0.03150036597023109
mel40,L,Mn,L/Mn,0.030500004051229546
mel40,L,K,L/K,0.012737260091633035
mel40,L,Ti,L/Ti,0.0576062758823547
mel40,L,y,L/y,0.012214715378017618
mel40,L,C_star,L/C_star,0.01378341604304073
mel40,h,Si,h/Si,0.016760333125963943
mel40,h,Zn,h/Zn,-0.0552729045554522
mel40,h,Mn,h/Mn,0.006727465466008432
mel40,h,K,h/K,-0.011035278493588062
mel40,h,Ti,h/Ti,0.03383373729713361
mel40,h,y,h/y,-0.011557823207203478
mel40,h,C_star,h/C_star,-0.009989122542180373
mel40,Si,Zn,Si/Zn,-0.07203323768141615
mel40,Si,Mn,Si/Mn,-0.01003286765995551
mel40,Si,K,Si/K,-0.027795611619552005
mel40,Si,Ti,Si/Ti,0.017073404171169676
mel40,Si,y,Si/y,-0.02831815633316742
mel40,Si,C_star,Si/C_star,-0.02674945566814435
mel40,Zn,Mn,Zn/Mn,0.06200037002146064
mel40,Zn,K,Zn/K,0.04423762606186414
mel40,Zn,Ti,Zn/Ti,0.08910664185258584
mel40,Zn,y,Zn/y,0.043715081348248724
mel40,Zn,C_star,Zn/C_star,0.04528378201327185
mel40,Mn,K,Mn/K,-0.017762743959596497
mel40,Mn,Ti,Mn/Ti,0.027106271831125184
mel40,Mn,y,Mn/y,-0.018285288673211914
mel40,Mn,C_star,Mn/C_star,-0.016716588008188815
mel40,K,Ti,K/Ti,0.044869015790721674
mel40,K,y,K/y,-0.0005225447136154165
mel40,K,C_star,K/C_star,0.0010461559514076957
mel40,Ti,y,Ti/y,-0.04539156050433709
mel40,Ti,C_star,Ti/C_star,-0.043822859839314
mel40,y,C_star,y/C_star,0.0015687006650230706
mel41,L,h,L/h,0.02511626868138206
mel41,L,Si,L/Si,0.018875995389337707
mel41,L,Zn,L/Zn,-0.00594910715261987
mel41,L,Mn,L/Mn,0.028930024902401874
mel41,L,K,L/K,0.0036032878190005446
mel41,L,Ti,L/Ti,-0.0004064390912656979
mel41,L,y,L/y,0.004707254701023289
mel41,L,C_star,L/C_star,0.025419208456456177
mel41,h,Si,h/Si,-0.006240273292044407
mel41,h,Zn,h/Zn,-0.03106537583400195
mel41,h,Mn,h/Mn,0.0038137562210197734
mel41,h,K,h/K,-0.02151298086238157
mel41,h,Ti,h/Ti,-0.025522707772647785
mel41,h,y,h/y,-0.020409013980358826
mel41,h,C_star,h/C_star,0.00030293977507411807
mel41,Si,Zn,Si/Zn,-0.02482510254195755
mel41,Si,Mn,Si/Mn,0.010054029513064167
mel41,Si,K,Si/K,-0.015272707570337163
mel41,Si,Ti,Si/Ti,-0.019282434480603378
mel41,Si,y,Si/y,-0.014168740688314418
mel41,Si,C_star,Si/C_star,0.00654321306711847
mel41,Zn,Mn,Zn/Mn,0.034879132055021723
mel41,Zn,K,Zn/K,0.009552394971620415
mel41,Zn,Ti,Zn/Ti,0.005542668061354172
mel41,Zn,y,Zn/y,0.01065636185364313
mel41,Zn,C_star,Zn/C_star,0.03136831560907605
mel41,Mn,K,Mn/K,-0.02532673708340133
mel41,Mn,Ti,Mn/Ti,-0.029336463993667544
mel41,Mn,y,Mn/y,-0.024222770201378595
mel41,Mn,C_star,Mn/C_star,-0.0035108164459457525
mel41,K,Ti,K/Ti,-0.004009726910266187
mel41,K,y,K/y,0.0011039668820227444
mel41,K,C_star,K/C_star,0.021815920637455632
mel41,Ti,y,Ti/y,0.005113693792288959
mel41,Ti,C_star,Ti/C_star,0.025825647547721875
mel41,y,C_star,y/C_star,0.020711953755432888
mel43,L,h,L/h,0.01602383367626492
mel43,L,Si,L/Si,-0.026735923473271445
mel43,L,Zn,L/Zn,-0.04084010701249857
mel43,L,Mn,L/Mn,-0.027111832588794654
mel43,L,K,L/K,-0.03610393433379039
mel43,L,Ti,L/Ti,0.0033038457405691612
mel43,L,y,L/y,-0.008338420792414758
mel43,L,C_star,L/C_star,-0.031221019080474144
mel43,h,Si,h/Si,-0.04275975714953634
mel43,h,Zn,h/Zn,-0.056863940688763465
mel43,h,Mn,h/Mn,-0.04313566626505955
mel43,h,K,h/K,-0.05212776801005531
mel43,h,Ti,h/Ti,-0.012719987935695731
mel43,h,y,h/y,-0.024362254468679647
mel43,h,C_star,h/C_star,-0.047244852756739064
mel43,Si,Zn,Si/Zn,-0.014104183539227128
mel43,Si,Mn,Si/Mn,-0.0003759091155232097
mel43,Si,K,Si/K,-0.009368010860518944
mel43,Si,Ti,Si/Ti,0.030039769213840606
mel43,Si,y,Si/y,0.018397502680856687
mel43,Si,C_star,Si/C_star,-0.0044850956072026715
mel43,Zn,Mn,Zn/Mn,0.013728274423703918
mel43,Zn,K,Zn/K,0.004736172678708184
mel43,Zn,Ti,Zn/Ti,0.04414395275306773
mel43,Zn,y,Zn/y,0.032501686220083814
mel43,Zn,C_star,Zn/C_star,0.009619087932024428
mel43,Mn,K,Mn/K,-0.008992101744995734
mel43,Mn,Ti,Mn/Ti,0.030415678329363816
mel43,Mn,y,Mn/y,0.01877341179637987
mel43,Mn,C_star,Mn/C_star,-0.004109186491679517
mel43,K,Ti,K/Ti,0.03940778007435955
mel43,K,y,K/y,0.02776551354137563
mel43,K,C_star,K/C_star,0.0048829152533162445
mel43,Ti,y,Ti/y,-0.01164226653298392
mel43,Ti,C_star,Ti/C_star,-0.03452486482104328
mel43,y,C_star,y/C_star,-0.022882598288059386
mel45,L,h,L/h,0.036525841375064455
mel45,L,Si,L/Si,-0.005640255170201114
mel45,L,Zn,L/Zn,0.007517903367252443
mel45,L,Mn,L/Mn,-0.011102684894966186
mel45,L,K,L/K,-0.006455921638155643
mel45,L,Ti,L/Ti,-0.009754520342802442
mel45,L,y,L/y,0.01646508935484209
mel45,L,C_star,L/C_star,-0.006434630655052703
mel45,h,Si,h/Si,-0.04216609654526556
mel45,h,Zn,h/Zn,-0.029007938007812005
mel45,h,Mn,h/Mn,-0.04762852627003061
mel45,h,K,h/K,-0.0429817630132201
mel45,h,Ti,h/Ti,-0.0462803617178669
mel45,h,y,h/y,-0.02006075202022235
mel45,h,C_star,h/C_star,-0.04296047203011716
mel45,Si,Zn,Si/Zn,0.013158158537453557
mel45,Si,Mn,Si/Mn,-0.005462429724765072
mel45,Si,K,Si/K,-0.0008156664679545289
mel45,Si,Ti,Si/Ti,-0.004114265172601328
mel45,Si,y,Si/y,0.022105344525043216
mel45,Si,C_star,Si/C_star,-0.0007943754848515894
mel45,Zn,Mn,Zn/Mn,-0.01862058826221863
mel45,Zn,K,Zn/K,-0.013973825005408058
mel45,Zn,Ti,Zn/Ti,-0.017272423710054885
mel45,Zn,y,Zn/y,0.00894718598758966
mel45,Zn,C_star,Zn/C_star,-0.013952534022305119
mel45,Mn,K,Mn/K,0.004646763256810543
mel45,Mn,Ti,Mn/Ti,0.0013481645521637442
mel45,Mn,y,Mn/y,0.027567774249808275
mel45,Mn,C_star,Mn/C_star,0.004668054239913483
mel45,K,Ti,K/Ti,-0.003298598704646799
mel45,K,y,K/y,0.02292101099299776
mel45,K,C_star,K/C_star,2.129098310293953e-05
mel45,Ti,y,Ti/y,0.02621960969764453
mel45,Ti,C_star,Ti/C_star,0.0033198896877497386
mel45,y,C_star,y/C_star,-0.02289972000989482
mel47,L,h,L/h,0.02992107378290111
mel47,L,Si,L/Si,0.02333611969222517
mel47,L,Zn,L/Zn,0.0062960142623278426
mel47,L,Mn,L/Mn,0.025124154396585663
mel47,L,K,L/K,0.025726200646315978
mel47,L,Ti,L/Ti,0.06868134781276877
mel47,L,y,L/y,0.03890968016623925
mel47,L,C_star,L/C_star,0.05489112882188587
mel47,h,Si,h/Si,-0.0065849540906759395
mel47,h,Zn,h/Zn,-0.02362505952057327
mel47,h,Mn,h/Mn,-0.00479691938631549
mel47,h,K,h/K,-0.004194873136585134
mel47,h,Ti,h/Ti,0.038760274029867675
mel47,h,y,h/y,0.008988606383338139
mel47,h,C_star,h/C_star,0.024970055038984758
mel47,Si,Zn,Si/Zn,-0.017040105429897326
mel47,Si,Mn,Si/Mn,0.0017880347043605083
mel47,Si,K,Si/K,0.002390080954090809
mel47,Si,Ti,Si/Ti,0.04534522812054362
mel47,Si,y,Si/y,0.015573560474014078
mel47,Si,C_star,Si/C_star,0.0315550091296607
mel47,Zn,Mn,Zn/Mn,0.018828140134257765
mel47,Zn,K,Zn/K,0.019430186383988135
mel47,Zn,Ti,Zn/Ti,0.06238533355044093
mel47,Zn,y,Zn/y,0.032613665903911404
mel47,Zn,C_star,Zn/C_star,0.04859511455955802
mel47,Mn,K,Mn/K,0.0006020462497303147
mel47,Mn,Ti,Mn/Ti,0.04355719341618314
mel47,Mn,y,Mn/y,0.013785525769653584
mel47,Mn,C_star,Mn/C_star,0.02976697442530024
mel47,K,Ti,K/Ti,0.042955147166452795
mel47,K,y,K/y,0.013183479519923269
mel47,K,C_star,K/C_star,0.029164928175569885
mel47,Ti,y,Ti/y,-0.029771667646529526
mel47,Ti,C_star,Ti/C_star,-0.01379021899088291
mel47,y,C_star,y/C_star,0.01598144865564663
mel48,L,h,L/h,0.03209631638353938
mel48,L,Si,L/Si,0.036728842969454056
mel48,L,Zn,L/Zn,-0.07911057416216549
mel48,L,Mn,L/Mn,0.03695585596446302
mel48,L,K,L/K,0.013549135501469356
mel48,L,Ti,L/Ti,0.05042638447247852
mel48,L,y,L/y,0.013130797427652885
mel48,L,C_star,L/C_star,-0.016061290583892107
mel48,h,Si,h/Si,0.004632526585914683
mel48,h,Zn,h/Zn,-0.11120689054570486
mel48,h,Mn,h/Mn,0.004859539580923611
mel48,h,K,h/K,-0.018547180882070025
mel48,h,Ti,h/Ti,0.018330068088939118
mel48,h,y,h/y,-0.018965518955886478
mel48,h,C_star,h/C_star,-0.04815760696743149
mel48,Si,Zn,Si/Zn,-0.11583941713161955
mel48,Si,Mn,Si/Mn,0.00022701299500893501
mel48,Si,K,Si/K,-0.023179707467984714
mel48,Si,Ti,Si/Ti,0.013697541503024435
mel48,Si,y,Si/y,-0.023598045541801158
mel48,Si,C_star,Si/C_star,-0.052790133553346164
mel48,Zn,Mn,Zn/Mn,0.11606643012662848
mel48,Zn,K,Zn/K,0.09265970966363483
mel48,Zn,Ti,Zn/Ti,0.12953695863464398
mel48,Zn,y,Zn/y,0.09224137158981838
mel48,Zn,C_star,Zn/C_star,0.06304928357827339
mel48,Mn,K,Mn/K,-0.02340672046299365
mel48,Mn,Ti,Mn/Ti,0.013470528508015493
mel48,Mn,y,Mn/y,-0.023825058536810093
mel48,Mn,C_star,Mn/C_star,-0.0530171465483551
mel48,K,Ti,K/Ti,0.036877248971009136
mel48,K,y,K/y,-0.0004183380738164433
mel48,K,C_star,K/C_star,-0.029610426085361463
mel48,Ti,y,Ti/y,-0.03729558704482559
mel48,Ti,C_star,Ti/C_star,-0.06648767505637065
mel48,y,C_star,y/C_star,-0.029192088011544992
mel49,L,h,L/h,0.054831499052417826
mel49,L,Si,L/Si,-0.06964281342355613
mel49,L,Zn,L/Zn,-0.07234215212622089
mel49,L,Mn,L/Mn,-0.020212901452317633
mel49,L,K,L/K,-0.012876290905495358
mel49,L,Ti,L/Ti,1.8280579416607434e-06
mel49,L,y,L/y,0.0234548220186708
mel49,L,C_star,L/C_star,-0.038217842783213274
mel49,h,Si,h/Si,-0.12447431247597399
mel49,h,Zn,h/Zn,-0.12717365117863874
mel49,h,Mn,h/Mn,-0.07504440050473546
mel49,h,K,h/K,-0.06770778995791318
mel49,h,Ti,h/Ti,-0.05482967099447619
mel49,h,y,h/y,-0.03137667703374706
mel49,h,C_star,h/C_star,-0.09304934183563113
mel49,Si,Zn,Si/Zn,-0.0026993387026647553
mel49,Si,Mn,Si/Mn,0.0494299119712385
mel49,Si,K,Si/K,0.056766522518060775
mel49,Si,Ti,Si/Ti,0.0696446414814978
mel49,Si,y,Si/y,0.09309763544222693
mel49,Si,C_star,Si/C_star,0.03142497064034286
mel49,Zn,Mn,Zn/Mn,0.052129250673903255
mel49,Zn,K,Zn/K,0.05946586122072553
mel49,Zn,Ti,Zn/Ti,0.07234398018416255
mel49,Zn,y,Zn/y,0.09579697414489169
mel49,Zn,C_star,Zn/C_star,0.034124309343007586
mel49,Mn,K,Mn/K,0.007336610546822275
mel49,Mn,Ti,Mn/Ti,0.020214729510259294
mel49,Mn,y,Mn/y,0.043667723470988434
mel49,Mn,C_star,Mn/C_star,-0.01800494133089564
mel49,K,Ti,K/Ti,0.012878118963437019
mel49,K,y,K/y,0.03633111292416616
mel49,K,C_star,K/C_star,-0.025341551877717916
mel49,Ti,y,Ti/y,0.02345299396072914
mel49,Ti,C_star,Ti/C_star,-0.038219670841154935
mel49,y,C_star,y/C_star,-0.06167266480188405
mel50,L,h,L/h,0.01456138939428217
mel50,L,Si,L/Si,-0.04450742388248598
mel50,L,Zn,L/Zn,-0.06768543098418033
mel50,L,Mn,L/Mn,-0.025289998910969058
mel50,L,K,L/K,-0.03510884139303311
mel50,L,Ti,L/Ti,-0.037036294386831634
mel50,L,y,L/y,-0.014338568660215628
mel50,L,C_star,L/C_star,-0.05926184188251257
mel50,h,Si,h/Si,-0.05906881327676814
mel50,h,Zn,h/Zn,-0.08224682037846248
mel50,h,Mn,h/Mn,-0.03985138830525123
mel50,h,K,h/K,-0.04967023078731528
mel50,h,Ti,h/Ti,-0.05159768378111383
mel50,h,y,h/y,-0.028899958054497805
mel50,h,C_star,h/C_star,-0.07382323127679474
mel50,Si,Zn,Si/Zn,-0.023178007101694348
mel50,Si,Mn,Si/Mn,0.019217424971516905
mel50,Si,K,Si/K,0.009398582489452856
mel50,Si,Ti,Si/Ti,0.007471129495654316
mel50,Si,y,Si/y,0.030168855222270342
mel50,Si,C_star,Si/C_star,-0.014754418000026637
mel50,Zn,Mn,Zn/Mn,0.04239543207321125
mel50,Zn,K,Zn/K,0.03257658959114719
mel50,Zn,Ti,Zn/Ti,0.030649136597348664
mel50,Zn,y,Zn/y,0.05334686232396469
mel50,Zn,C_star,Zn/C_star,0.008423589101667739
mel50,Mn,K,Mn/K,-0.00981884248206405
mel50,Mn,Ti,Mn/Ti,-0.01174629547586259
mel50,Mn,y,Mn/y,0.01095143025075343
mel50,Mn,C_star,Mn/C_star,-0.033971842971543514
mel50,K,Ti,K/Ti,-0.0019274529937985396
mel50,K,y,K/y,0.02077027273281748
mel50,K,C_star,K/C_star,-0.024153000489479465
mel50,Ti,y,Ti/y,0.022697725726616033
mel50,Ti,C_star,Ti/C_star,-0.022225547495680897
mel50,y,C_star,y/C_star,-0.044923273222296944
mel51,L,h,L/h,0.029545008871290218
mel51,L,Si,L/Si,0.015791944352779086
mel51,L,Zn,L/Zn,0.005564435836003717
mel51,L,Mn,L/Mn,0.02054227852701765
mel51,L,K,L/K,0.028840851121020916
mel51,L,Ti,L/Ti,0.024774590464620633
mel51,L,y,L/y,0.02913191213567559
mel51,L,C_star,L/C_star,0.030028888489089106
mel51,h,Si,h/Si,-0.013753064518511143
mel51,h,Zn,h/Zn,-0.023980573035286522
mel51,h,Mn,h/Mn,-0.00900273034427257
mel51,h,K,h/K,-0.0007041577502693158
mel51,h,Ti,h/Ti,-0.004770418406669599
mel51,h,y,h/y,-0.00041309673561464727
mel51,h,C_star,h/C_star,0.000483879617798888
mel51,Si,Zn,Si/Zn,-0.010227508516775376
mel51,Si,Mn,Si/Mn,0.004750334174238563
mel51,Si,K,Si/K,0.013048906768241816
mel51,Si,Ti,Si/Ti,0.00898264611184155
mel51,Si,y,Si/y,0.013339967782896495
mel51,Si,C_star,Si/C_star,0.014236944136309992
mel51,Zn,Mn,Zn/Mn,0.014977842691013932
mel51,Zn,K,Zn/K,0.0232764152850172
mel51,Zn,Ti,Zn/Ti,0.019210154628616923
mel51,Zn,y,Zn/y,0.023567476299671875
mel51,Zn,C_star,Zn/C_star,0.02446445265308539
mel51,Mn,K,Mn/K,0.008298572594003267
mel51,Mn,Ti,Mn/Ti,0.004232311937603012
mel51,Mn,y,Mn/y,0.008589633608657943
mel51,Mn,C_star,Mn/C_star,0.009486609962071457
mel51,K,Ti,K/Ti,-0.0040662606564002765
mel51,K,y,K/y,0.00029106101465466855
mel51,K,C_star,K/C_star,0.0011880373680682177
mel51,Ti,y,Ti/y,0.004357321671054945
mel51,Ti,C_star,Ti/C_star,0.005254298024468473
mel51,y,C_star,y/C_star,0.0008969763534135144
mel52,L,h,L/h,0.029552082668066637
mel52,L,Si,L/Si,0.0400492671559006
mel52,L,Zn,L/Zn,-0.006669663806143117
mel52,L,Mn,L/Mn,0.02496973963095428
mel52,L,K,L/K,0.020416625058414822
mel52,L,Ti,L/Ti,0.0015657154174634341
mel52,L,y,L/y,0.01778145780745613
mel52,L,C_star,L/C_star,0.01949711619850178
mel52,h,Si,h/Si,0.010497184487833947
mel52,h,Zn,h/Zn,-0.03622174647420976
mel52,h,Mn,h/Mn,-0.00458234303711233
mel52,h,K,h/K,-0.009135457609651787
mel52,h,Ti,h/Ti,-0.027986367250603203
mel52,h,y,h/y,-0.0117706248606105
mel52,h,C_star,h/C_star,-0.01005496646956483
mel52,Si,Zn,Si/Zn,-0.04671893096204371
mel52,Si,Mn,Si/Mn,-0.01507952752494629
mel52,Si,K,Si/K,-0.01963264209748576
mel52,Si,Ti,Si/Ti,-0.03848355173843715
mel52,Si,y,Si/y,-0.022267809348444446
mel52,Si,C_star,Si/C_star,-0.020552150957398763
mel52,Zn,Mn,Zn/Mn,0.03163940343709741
mel52,Zn,K,Zn/K,0.027086288864557953
mel52,Zn,Ti,Zn/Ti,0.008235379223606558
mel52,Zn,y,Zn/y,0.02445112161359926
mel52,Zn,C_star,Zn/C_star,0.026166780004644896
mel52,Mn,K,Mn/K,-0.004553114572539457
mel52,Mn,Ti,Mn/Ti,-0.023404024213490845
mel52,Mn,y,Mn/y,-0.007188281823498149
mel52,Mn,C_star,Mn/C_star,-0.0054726234324525
mel52,K,Ti,K/Ti,-0.018850909640951388
mel52,K,y,K/y,-0.002635167250958692
mel52,K,C_star,K/C_star,-0.000919508859913043
mel52,Ti,y,Ti/y,0.016215742389992696
mel52,Ti,C_star,Ti/C_star,0.01793140078103836
mel52,y,C_star,y/C_star,0.001715658391045649
mel53,L,h,L/h,0.03242009520358022
mel53,L,Si,L/Si,0.050336787181019776
mel53,L,Zn,L/Zn,-0.042124533661893004
mel53,L,Mn,L/Mn,0.024576552132548196
mel53,L,K,L/K,0.004632818440430675
mel53,L,Ti,L/Ti,0.02712178836284626
mel53,L,y,L/y,0.024523837208925064
mel53,L,C_star,L/C_star,0.01658285680878563
mel53,h,Si,h/Si,0.017916691977439524
mel53,h,Zn,h/Zn,-0.07454462886547325
mel53,h,Mn,h/Mn,-0.007843543071032022
mel53,h,K,h/K,-0.0277872767631496
mel53,h,Ti,h/Ti,-0.005298306840733992
mel53,h,y,h/y,-0.007896257994655178
mel53,h,C_star,h/C_star,-0.015837238394794617
mel53,Si,Zn,Si/Zn,-0.09246132084291278
mel53,Si,Mn,Si/Mn,-0.02576023504847158
mel53,Si,K,Si/K,-0.045703968740589115
mel53,Si,Ti,Si/Ti,-0.023214998818173512
mel53,Si,y,Si/y,-0.0258129499720947
mel53,Si,C_star,Si/C_star,-0.03375393037223412
mel53,Zn,Mn,Zn/Mn,0.0667010857944412
mel53,Zn,K,Zn/K,0.04675735210232365
mel53,Zn,Ti,Zn/Ti,0.06924632202473925
mel53,Zn,y,Zn/y,0.06664837087081807
mel53,Zn,C_star,Zn/C_star,0.05870739047067863
mel53,Mn,K,Mn/K,-0.01994373369211755
mel53,Mn,Ti,Mn/Ti,0.002545236230298051
mel53,Mn,y,Mn/y,-5.271492362313168e-05
mel53,Mn,C_star,Mn/C_star,-0.007993695323762567
mel53,K,Ti,K/Ti,0.0224889699224156
mel53,K,y,K/y,0.019891018768494417
mel53,K,C_star,K/C_star,0.01195003836835501
mel53,Ti,y,Ti/y,-0.002597951153921186
mel53,Ti,C_star,Ti/C_star,-0.010538931554060604
mel53,y,C_star,y/C_star,-0.007940980400139408
mel54,L,h,L/h,0.007028332589618547
mel54,L,Si,L/Si,0.047543559916121136
mel54,L,Zn,L/Zn,0.00457357707360706
mel54,L,Mn,L/Mn,0.01819075203186568
mel54,L,K,L/K,0.0061610632505835206
mel54,L,Ti,L/Ti,0.0050774385676063405
mel54,L,y,L/y,-0.0026244627802408105
mel54,L,C_star,L/C_star,0.018200628650859585
mel54,h,Si,h/Si,0.04051522732650254
mel54,h,Zn,h/Zn,-0.00245475551601153
mel54,h,Mn,h/Mn,0.011162419442247107
mel54,h,K,h/K,-0.0008672693390350539
mel54,h,Ti,h/Ti,-0.00195089402201222
mel54,h,y,h/y,-0.009652795369859395
mel54,h,C_star,h/C_star,0.011172296061241038
mel54,Si,Zn,Si/Zn,-0.042969982842514076
mel54,Si,Mn,Si/Mn,-0.029352807884255427
mel54,Si,K,Si/K,-0.04138249666553759
mel54,Si,Ti,Si/Ti,-0.04246612134851477
mel54,Si,y,Si/y,-0.05016802269636193
mel54,Si,C_star,Si/C_star,-0.02934293126526155
mel54,Zn,Mn,Zn/Mn,0.013617174958258621
mel54,Zn,K,Zn/K,0.0015874861769764742
mel54,Zn,Ti,Zn/Ti,0.000503861493999308
mel54,Zn,y,Zn/y,-0.007198039853847864
mel54,Zn,C_star,Zn/C_star,0.013627051577252525
mel54,Mn,K,Mn/K,-0.01202968878128216
mel54,Mn,Ti,Mn/Ti,-0.01311331346425934
mel54,Mn,y,Mn/y,-0.02081521481210652
mel54,Mn,C_star,Mn/C_star,9.876618993903685e-06
mel54,K,Ti,K/Ti,-0.00108362468297718
mel54,K,y,K/y,-0.008785526030824345
mel54,K,C_star,K/C_star,0.012039565400276064
mel54,Ti,y,Ti/y,-0.007701901347847175
mel54,Ti,C_star,Ti/C_star,0.013123190083253189
mel54,y,C_star,y/C_star,0.020825091431100395
mel55,L,h,L/h,-0.04533639525205574
mel55,L,Si,L/Si,-0.0023510794281774716
mel55,L,Zn,L/Zn,-0.06967479565718715
mel55,L,Mn,L/Mn,-0.007165654566174073
mel55,L,K,L/K,-0.039662564022788616
mel55,L,Ti,L/Ti,-0.04833993599178593
mel55,L,y,L/y,-0.06009305320533406
mel55,L,C_star,L/C_star,-0.09567644966576361
mel55,h,Si,h/Si,0.04298531582387826
mel55,h,Zn,h/Zn,-0.02433840040513144
mel55,h,Mn,h/Mn,0.03817074068588164
mel55,h,K,h/K,0.005673831229267096
mel55,h,Ti,h/Ti,-0.003003540739730255
mel55,h,y,h/y,-0.014756657953278369
mel55,h,C_star,h/C_star,-0.050340054413707924
mel55,Si,Zn,Si/Zn,-0.0673237162290097
mel55,Si,Mn,Si/Mn,-0.004814575137996643
mel55,Si,K,Si/K,-0.03731148459461117
mel55,Si,Ti,Si/Ti,-0.04598885656360851
mel55,Si,y,Si/y,-0.05774197377715663
mel55,Si,C_star,Si/C_star,-0.09332537023758619
mel55,Zn,Mn,Zn/Mn,0.06250914109101306
mel55,Zn,K,Zn/K,0.030012231634398534
mel55,Zn,Ti,Zn/Ti,0.021334859665401187
mel55,Zn,y,Zn/y,0.00958174245185307
mel55,Zn,C_star,Zn/C_star,-0.026001654008576458
mel55,Mn,K,Mn/K,-0.03249690945661453
mel55,Mn,Ti,Mn/Ti,-0.04117428142561188
mel55,Mn,y,Mn/y,-0.05292739863916
mel55,Mn,C_star,Mn/C_star,-0.08851079509958953
mel55,K,Ti,K/Ti,-0.008677371968997344
mel55,K,y,K/y,-0.020430489182545475
mel55,K,C_star,K/C_star,-0.05601388564297494
mel55,Ti,y,Ti/y,-0.011753117213548117
mel55,Ti,C_star,Ti/C_star,-0.04733651367397762
mel55,y,C_star,y/C_star,-0.03558339646042952
mel56,L,h,L/h,0.03216124221515823
mel56,L,Si,L/Si,0.043150209485416674
mel56,L,Zn,L/Zn,-0.006859935894524355
mel56,L,Mn,L/Mn,0.028434884422716217
mel56,L,K,L/K,0.026473753825634966
mel56,L,Ti,L/Ti,0.016113698098182333
mel56,L,y,L/y,0.030853273086080796
mel56,L,C_star,L/C_star,0.028359309287539797
mel56,h,Si,h/Si,0.010988967270258438
mel56,h,Zn,h/Zn,-0.03902117810968257
mel56,h,Mn,h/Mn,-0.0037263577924420144
mel56,h,K,h/K,-0.005687488389523251
mel56,h,Ti,h/Ti,-0.016047544116975884
mel56,h,y,h/y,-0.001307969129077437
mel56,h,C_star,h/C_star,-0.0038019329276184344
mel56,Si,Zn,Si/Zn,-0.05001014537994101
mel56,Si,Mn,Si/Mn,-0.014715325062700457
mel56,Si,K,Si/K,-0.016676455659781694
mel56,Si,Ti,Si/Ti,-0.027036511387234327
mel56,Si,y,Si/y,-0.012296936399335875
mel56,Si,C_star,Si/C_star,-0.014790900197876877
mel56,Zn,Mn,Zn/Mn,0.03529482031724057
mel56,Zn,K,Zn/K,0.03333368972015932
mel56,Zn,Ti,Zn/Ti,0.022973633992706688
mel56,Zn,y,Zn/y,0.03771320898060514
mel56,Zn,C_star,Zn/C_star,0.03521924518206415
mel56,Mn,K,Mn/K,-0.001961130597081251
mel56,Mn,Ti,Mn/Ti,-0.012321186324533884
mel56,Mn,y,Mn/y,0.0024183886633645235
mel56,Mn,C_star,Mn/C_star,-7.557513517642e-05
mel56,K,Ti,K/Ti,-0.010360055727452633
mel56,K,y,K/y,0.004379519260445816
mel56,K,C_star,K/C_star,0.001885555461904831
mel56,Ti,y,Ti/y,0.014739574987898449
mel56,Ti,C_star,Ti/C_star,0.012245611189357464
mel56,y,C_star,y/C_star,-0.002493963798540999
mel57,L,h,L/h,0.023393917042794116
mel57,L,Si,L/Si,0.020374748749808963
mel57,L,Zn,L/Zn,-0.01541724806193423
mel57,L,Mn,L/Mn,0.013619799884064476
mel57,L,K,L/K,0.006974826000931161
mel57,L,Ti,L/Ti,0.031150343211522408
mel57,L,y,L/y,0.015874775496443394
mel57,L,C_star,L/C_star,0.018887707029251244
mel57,h,Si,h/Si,-0.003019168292985104
mel57,h,Zn,h/Zn,-0.0388111651047283
mel57,h,Mn,h/Mn,-0.00977411715872964
mel57,h,K,h/K,-0.016419091041862913
mel57,h,Ti,h/Ti,0.007756426168728316
mel57,h,y,h/y,-0.007519141546350701
mel57,h,C_star,h/C_star,-0.004506210013542844
mel57,Si,Zn,Si/Zn,-0.03579199681174319
mel57,Si,Mn,Si/Mn,-0.006754948865744501
mel57,Si,K,Si/K,-0.013399922748877809
mel57,Si,Ti,Si/Ti,0.010775594461713422
mel57,Si,y,Si/y,-0.004499973253365593
mel57,Si,C_star,Si/C_star,-0.0014870417205577469
mel57,Zn,Mn,Zn/Mn,0.029037047945998692
mel57,Zn,K,Zn/K,0.022392074062865384
mel57,Zn,Ti,Zn/Ti,0.04656759127345662
mel57,Zn,y,Zn/y,0.0312920235583776
mel57,Zn,C_star,Zn/C_star,0.03430495509118542
mel57,Mn,K,Mn/K,-0.006644973883133301
mel57,Mn,Ti,Mn/Ti,0.01753054332745793
mel57,Mn,y,Mn/y,0.0022549756123789177
mel57,Mn,C_star,Mn/C_star,0.005267907145186768
mel57,K,Ti,K/Ti,0.024175517210591232
mel57,K,y,K/y,0.008899949495512212
mel57,K,C_star,K/C_star,0.011912881028320055
mel57,Ti,y,Ti/y,-0.015275567715079015
mel57,Ti,C_star,Ti/C_star,-0.012262636182271136
mel57,y,C_star,y/C_star,0.00301293153280785
mel58,L,h,L/h,0.04300363825787676
mel58,L,Si,L/Si,0.036494853572204666
mel58,L,Zn,L/Zn,-0.05991864577925593
mel58,L,Mn,L/Mn,0.022984000725584208
mel58,L,K,L/K,0.009682038920881986
mel58,L,Ti,L/Ti,0.015496894683543788
mel58,L,y,L/y,0.03834570128900644
mel58,L,C_star,L/C_star,0.006675335789104425
mel58,h,Si,h/Si,-0.006508784685672068
mel58,h,Zn,h/Zn,-0.10292228403713269
mel58,h,Mn,h/Mn,-0.020019637532292522
mel58,h,K,h/K,-0.033321599336994745
mel58,h,Ti,h/Ti,-0.027506743574332942
mel58,h,y,h/y,-0.004657936968870284
mel58,h,C_star,h/C_star,-0.03632830246877233
mel58,Si,Zn,Si/Zn,-0.09641349935146062
mel58,Si,Mn,Si/Mn,-0.013510852846620458
mel58,Si,K,Si/K,-0.02681281465132268
mel58,Si,Ti,Si/Ti,-0.020997958888660875
mel58,Si,y,Si/y,0.0018508477168017838
mel58,Si,C_star,Si/C_star,-0.029819517783100213
mel58,Zn,Mn,Zn/Mn,0.08290264650484015
mel58,Zn,K,Zn/K,0.06960068470013793
mel58,Zn,Ti,Zn/Ti,0.07541554046279975
mel58,Zn,y,Zn/y,0.0982643470682624
mel58,Zn,C_star,Zn/C_star,0.06659398156836038
mel58,Mn,K,Mn/K,-0.013301961804702236
mel58,Mn,Ti,Mn/Ti,-0.00748710604204042
mel58,Mn,y,Mn/y,0.015361700563422231
mel58,Mn,C_star,Mn/C_star,-0.016308664936479783
mel58,K,Ti,K/Ti,0.005814855762661809
mel58,K,y,K/y,0.02866366236812446
mel58,K,C_star,K/C_star,-0.003006703131777533
mel58,Ti,y,Ti/y,0.02284880660546265
mel58,Ti,C_star,Ti/C_star,-0.008821558894439363
mel58,y,C_star,y/C_star,-0.03167036549990204
mel59,L,h,L/h,0.012490690070233956
mel59,L,Si,L/Si,-0.0890683453217386
mel59,L,Zn,L/Zn,-0.0029249842891070355
mel59,L,Mn,L/Mn,-0.05636111140200961
mel59,L,K,L/K,-0.038366454234930236
mel59,L,Ti,L/Ti,-0.11418782083741555
mel59,L,y,L/y,-0.02249285511162108
mel59,L,C_star,L/C_star,-0.0859578916968593
mel59,h,Si,h/Si,-0.10155903539197256
mel59,h,Zn,h/Zn,-0.015415674359341004
mel59,h,Mn,h/Mn,-0.06885180147224355
mel59,h,K,h/K,-0.05085714430516419
mel59,h,Ti,h/Ti,-0.12667851090764948
mel59,h,y,h/y,-0.03498354518185502
mel59,h,C_star,h/C_star,-0.09844858176709326
mel59,Si,Zn,Si/Zn,0.08614336103263155
mel59,Si,Mn,Si/Mn,0.032707233919729004
mel59,Si,K,Si/K,0.050701891086808365
mel59,Si,Ti,Si/Ti,-0.02511947551567692
mel59,Si,y,Si/y,0.06657549021011752
mel59,Si,C_star,Si/C_star,0.003110453624879328
mel59,Zn,Mn,Zn/Mn,-0.05343612711290255
mel59,Zn,K,Zn/K,-0.0354414699458232
mel59,Zn,Ti,Zn/Ti,-0.11126283654830847
mel59,Zn,y,Zn/y,-0.01956787082251402
mel59,Zn,C_star,Zn/C_star,-0.08303290740775227
mel59,Mn,K,Mn/K,0.017994657167079375
mel59,Mn,Ti,Mn/Ti,-0.057826709435405924
mel59,Mn,y,Mn/y,0.03386825629038852
mel59,Mn,C_star,Mn/C_star,-0.02959678029484969
mel59,K,Ti,K/Ti,-0.07582136660248531
mel59,K,y,K/y,0.015873599123309157
mel59,K,C_star,K/C_star,-0.047591437461929065
mel59,Ti,y,Ti/y,0.09169496572579444
mel59,Ti,C_star,Ti/C_star,0.028229929140556276
mel59,y,C_star,y/C_star,-0.06346503658523822
mel60,L,h,L/h,0.028419353108809733
mel60,L,Si,L/Si,0.025322954515153664
mel60,L,Zn,L/Zn,0.007938292589326212
mel60,L,Mn,L/Mn,0.022864430013989467
mel60,L,K,L/K,0.025939984332027363
mel60,L,Ti,L/Ti,0.03075349533402448
mel60,L,y,L/y,0.02635601897337861
mel60,L,C_star,L/C_star,0.036144777275143966
mel60,h,Si,h/Si,-0.0030963985936560655
mel60,h,Zn,h/Zn,-0.02048106051948352
mel60,h,Mn,h/Mn,-0.005554923094820308
mel60,h,K,h/K,-0.0024793687767823702
mel60,h,Ti,h/Ti,0.002334142225214747
mel60,h,y,h/y,-0.002063334135431121
mel60,h,C_star,h/C_star,0.007725424166334233
mel60,Si,Zn,Si/Zn,-0.017384661925827466
mel60,Si,Mn,Si/Mn,-0.002458524501164183
mel60,Si,K,Si/K,0.0006170298168736987
mel60,Si,Ti,Si/Ti,0.005430540818870816
mel60,Si,y,Si/y,0.0010330644582249443
mel60,Si,C_star,Si/C_star,0.010821822759990302
mel60,Zn,Mn,Zn/Mn,0.014926137424663255
mel60,Zn,K,Zn/K,0.01800169174270115
mel60,Zn,Ti,Zn/Ti,0.022815202744698268
mel60,Zn,y,Zn/y,0.01841772638405241
mel60,Zn,C_star,Zn/C_star,0.028206484685817754
mel60,Mn,K,Mn/K,0.0030755543180379097
mel60,Mn,Ti,Mn/Ti,0.007889065320035027
mel60,Mn,y,Mn/y,0.003491588959389169
mel60,Mn,C_star,Mn/C_star,0.013280347261154513
mel60,K,Ti,K/Ti,0.004813511001997117
mel60,K,y,K/y,0.00041603464135125945
mel60,K,C_star,K/C_star,0.010204792943116603
mel60,Ti,y,Ti/y,-0.004397476360645858
mel60,Ti,C_star,Ti/C_star,0.005391281941119486
mel60,y,C_star,y/C_star,0.009788758301765343
mel61,L,h,L/h,0.030730044890246805
mel61,L,Si,L/Si,0.047983831770829044
mel61,L,Zn,L/Zn,-0.03194503509349958
mel61,L,Mn,L/Mn,0.025114531849122795
mel61,L,K,L/K,0.004346875692876229
mel61,L,Ti,L/Ti,0.0403538602122086
mel61,L,y,L/y,0.01766165793669755
mel61,L,C_star,L/C_star,0.02289933666448557
mel61,h,Si,h/Si,0.017253786880582222
mel61,h,Zn,h/Zn,-0.06267507998374638
mel61,h,Mn,h/Mn,-0.005615513041124041
mel61,h,K,h/K,-0.02638316919737059
mel61,h,Ti,h/Ti,0.009623815321961778
mel61,h,y,h/y,-0.013068386953549269
mel61,h,C_star,h/C_star,-0.007830708225761263
mel61,Si,Zn,Si/Zn,-0.07992886686432862
mel61,Si,Mn,Si/Mn,-0.022869299921706266
mel61,Si,K,Si/K,-0.043636956077952815
mel61,Si,Ti,Si/Ti,-0.007629971558620448
mel61,Si,y,Si/y,-0.030322173834131497
mel61,Si,C_star,Si/C_star,-0.025084495106343474
mel61,Zn,Mn,Zn/Mn,0.057059566942622354
mel61,Zn,K,Zn/K,0.0362919107863758
mel61,Zn,Ti,Zn/Ti,0.07229889530570818
mel61,Zn,y,Zn/y,0.049606693030197116
mel61,Zn,C_star,Zn/C_star,0.05484437175798518
mel61,Mn,K,Mn/K,-0.020767656156246553
mel61,Mn,Ti,Mn/Ti,0.015239328363085818
mel61,Mn,y,Mn/y,-0.00745287391242523
mel61,Mn,C_star,Mn/C_star,-0.0022151951846371976
mel61,K,Ti,K/Ti,0.036006984519332375
mel61,K,y,K/y,0.013314782243821321
mel61,K,C_star,K/C_star,0.01855246097160934
mel61,Ti,y,Ti/y,-0.02269220227551105
mel61,Ti,C_star,Ti/C_star,-0.017454523547722978
mel61,y,C_star,y/C_star,0.00523767872778802
mel62,L,h,L/h,0.05513198472678971
mel62,L,Si,L/Si,0.04349710530253037
mel62,L,Zn,L/Zn,-0.04122860885366067
mel62,L,Mn,L/Mn,0.0350286312567632
mel62,L,K,L/K,0.032151388198313535
mel62,L,Ti,L/Ti,0.03727822428482569
mel62,L,y,L/y,0.055485588560931276
mel62,L,C_star,L/C_star,0.03239921560994741
mel62,h,Si,h/Si,-0.011634879424259368
mel62,h,Zn,h/Zn,-0.09636059358045038
mel62,h,Mn,h/Mn,-0.020103353470026536
mel62,h,K,h/K,-0.022980596528476185
mel62,h,Ti,h/Ti,-0.017853760441964066
mel62,h,y,h/y,0.0003536038341415207
mel62,h,C_star,h/C_star,-0.0227327691168423
mel62,Si,Zn,Si/Zn,-0.08472571415619101
mel62,Si,Mn,Si/Mn,-0.008468474045767171
mel62,Si,K,Si/K,-0.011345717104216821
mel62,Si,Ti,Si/Ti,-0.006218881017704694
mel62,Si,y,Si/y,0.011988483258400889
mel62,Si,C_star,Si/C_star,-0.011097889692582963
mel62,Zn,Mn,Zn/Mn,0.07625724011042384
mel62,Zn,K,Zn/K,0.07337999705197419
mel62,Zn,Ti,Zn/Ti,0.07850683313848632
mel62,Zn,y,Zn/y,0.09671419741459189
mel62,Zn,C_star,Zn/C_star,0.07362782446360805
mel62,Mn,K,Mn/K,-0.0028772430584496633
mel62,Mn,Ti,Mn/Ti,0.002249593028062491
mel62,Mn,y,Mn/y,0.02045695730416805
mel62,Mn,C_star,Mn/C_star,-0.0026294156468157914
mel62,K,Ti,K/Ti,0.0051268360865121265
mel62,K,y,K/y,0.023334200362617706
mel62,K,C_star,K/C_star,0.0002478274116338719
mel62,Ti,y,Ti/y,0.018207364276105583
mel62,Ti,C_star,Ti/C_star,-0.004879008674878282
mel62,y,C_star,y/C_star,-0.02308637295098387
mel63,L,h,L/h,0.012500798566140725
mel63,L,Si,L/Si,-0.025999858014355448
mel63,L,Zn,L/Zn,-0.029734119671344372
mel63,L,Mn,L/Mn,-0.00461695507973664
mel63,L,K,L/K,-0.007314253613160238
mel63,L,Ti,L/Ti,-0.02180048519847544
mel63,L,y,L/y,-0.011778885106528914
mel63,L,C_star,L/C_star,-0.0325512085405541
mel63,h,Si,h/Si,-0.0385006565804962
mel63,h,Zn,h/Zn,-0.042234918237485056
mel63,h,Mn,h/Mn,-0.01711775364587735
mel63,h,K,h/K,-0.019815052179300963
mel63,h,Ti,h/Ti,-0.03430128376461614
mel63,h,y,h/y,-0.024279683672669618
mel63,h,C_star,h/C_star,-0.04505200710669488
mel63,Si,Zn,Si/Zn,-0.0037342616569888687
mel63,Si,Mn,Si/Mn,0.02138290293461885
mel63,Si,K,Si/K,0.018685604401195238
mel63,Si,Ti,Si/Ti,0.004199372815880051
mel63,Si,y,Si/y,0.014220972907826576
mel63,Si,C_star,Si/C_star,-0.0065513505261986515
mel63,Zn,Mn,Zn/Mn,0.025117164591607705
mel63,Zn,K,Zn/K,0.022419866058184135
mel63,Zn,Ti,Zn/Ti,0.007933634472868906
mel63,Zn,y,Zn/y,0.017955234564815438
mel63,Zn,C_star,Zn/C_star,-0.0028170888692098384
mel63,Mn,K,Mn/K,-0.0026972985334235977
mel63,Mn,Ti,Mn/Ti,-0.017183530118738792
mel63,Mn,y,Mn/y,-0.007161930026792267
mel63,Mn,C_star,Mn/C_star,-0.02793425346081746
mel63,K,Ti,K/Ti,-0.014486231585315174
mel63,K,y,K/y,-0.004464631493368676
mel63,K,C_star,K/C_star,-0.025236954927393862
mel63,Ti,y,Ti/y,0.010021600091946525
mel63,Ti,C_star,Ti/C_star,-0.01075072334207866
mel63,y,C_star,y/C_star,-0.02077232343402513
mel64,L,h,L/h,0.018448257120230967
mel64,L,Si,L/Si,0.07530208771939295
mel64,L,Zn,L/Zn,-0.04011979384938362
mel64,L,Mn,L/Mn,0.024073118570757668
mel64,L,K,L/K,0.05090543039741123
mel64,L,Ti,L/Ti,0.055403799127293804
mel64,L,y,L/y,0.021833679336731124
mel64,L,C_star,L/C_star,0.039963427935827696
mel64,h,Si,h/Si,0.05685383059916198
mel64,h,Zn,h/Zn,-0.05856805096961458
mel64,h,Mn,h/Mn,0.0056248614505267636
mel64,h,K,h/K,0.03245717327718027
mel64,h,Ti,h/Ti,0.03695554200706283
mel64,h,y,h/y,0.0033854222165001606
mel64,h,C_star,h/C_star,0.021515170815596736
mel64,Si,Zn,Si/Zn,-0.11542188156877656
mel64,Si,Mn,Si/Mn,-0.05122896914863523
mel64,Si,K,Si/K,-0.024396657321981707
mel64,Si,Ti,Si/Ti,-0.019898288592099134
mel64,Si,y,Si/y,-0.05346840838266182
mel64,Si,C_star,Si/C_star,-0.03533865978356525
mel64,Zn,Mn,Zn/Mn,0.0641929124201413
mel64,Zn,K,Zn/K,0.09102522424679485
mel64,Zn,Ti,Zn/Ti,0.09552359297667742
mel64,Zn,y,Zn/y,0.061953473186114744
mel64,Zn,C_star,Zn/C_star,0.08008322178521131
mel64,Mn,K,Mn/K,0.026832311826653577
mel64,Mn,Ti,Mn/Ti,0.031330680556536095
mel64,Mn,y,Mn/y,-0.0022394392340265856
mel64,Mn,C_star,Mn/C_star,0.015890309365069966
mel64,K,Ti,K/Ti,0.004498368729882574
mel64,K,y,K/y,-0.029071751060680107
mel64,K,C_star,K/C_star,-0.010942002461583542
mel64,Ti,y,Ti/y,-0.03357011979056268
mel64,Ti,C_star,Ti/C_star,-0.015440371191466115
mel64,y,C_star,y/C_star,0.018129748599096565
mel65,L,h,L/h,0.031618696485428074
mel65,L,Si,L/Si,0.04368864994465106
mel65,L,Zn,L/Zn,-0.00754619159102371
mel65,L,Mn,L/Mn,0.043908205872661824
mel65,L,K,L/K,0.041621568557511424
mel65,L,Ti,L/Ti,0.04426088298087062
mel65,L,y,L/y,0.023716969401674642
mel65,L,C_star,L/C_star,0.0232893971042111
mel65,h,Si,h/Si,0.012069953459222987
mel65,h,Zn,h/Zn,-0.039164888076451784
mel65,h,Mn,h/Mn,0.012289509387233737
mel65,h,K,h/K,0.010002872072083363
mel65,h,Ti,h/Ti,0.012642186495442553
mel65,h,y,h/y,-0.007901727083753435
mel65,h,C_star,h/C_star,-0.008329299381216959
mel65,Si,Zn,Si/Zn,-0.05123484153567477
mel65,Si,Mn,Si/Mn,0.00021955592801075046
mel65,Si,K,Si/K,-0.0020670813871396226
mel65,Si,Ti,Si/Ti,0.0005722330362195674
mel65,Si,y,Si/y,-0.019971680542976423
mel65,Si,C_star,Si/C_star,-0.020399252840439974
mel65,Zn,Mn,Zn/Mn,0.05145439746368552
mel65,Zn,K,Zn/K,0.04916776014853515
mel65,Zn,Ti,Zn/Ti,0.05180707457189433
mel65,Zn,y,Zn/y,0.031263160992698345
mel65,Zn,C_star,Zn/C_star,0.03083558869523481
mel65,Mn,K,Mn/K,-0.002286637315150373
mel65,Mn,Ti,Mn/Ti,0.00035267710820881606
mel65,Mn,y,Mn/y,-0.020191236470987174
mel65,Mn,C_star,Mn/C_star,-0.020618808768450736
mel65,K,Ti,K/Ti,0.0026393144233591882
mel65,K,y,K/y,-0.017904599155836802
mel65,K,C_star,K/C_star,-0.018332171453300322
mel65,Ti,y,Ti/y,-0.02054391357919599
mel65,Ti,C_star,Ti/C_star,-0.020971485876659535
mel65,y,C_star,y/C_star,-0.000427572297463541
mel66,L,h,L/h,0.03193447651128001
mel66,L,Si,L/Si,0.047802639635041444
mel66,L,Zn,L/Zn,-0.010995589651676352
mel66,L,Mn,L/Mn,0.040332653816955444
mel66,L,K,L/K,0.04427940165363403
mel66,L,Ti,L/Ti,0.031039635329256132
mel66,L,y,L/y,0.03289379436575013
mel66,L,C_star,L/C_star,0.02637113197410107
mel66,h,Si,h/Si,0.015868163123761367
mel66,h,Zn,h/Zn,-0.04293006616295638
mel66,h,Mn,h/Mn,0.008398177305675436
mel66,h,K,h/K,0.012344925142353982
mel66,h,Ti,h/Ti,-0.0008948411820238894
mel66,h,y,h/y,0.0009593178544701
mel66,h,C_star,h/C_star,-0.005563344537178994
mel66,Si,Zn,Si/Zn,-0.05879822928671775
mel66,Si,Mn,Si/Mn,-0.007469985818086
mel66,Si,K,Si/K,-0.0035232379814073705
mel66,Si,Ti,Si/Ti,-0.016763004305785256
mel66,Si,y,Si/y,-0.014908845269291267
mel66,Si,C_star,Si/C_star,-0.021431507660940374
mel66,Zn,Mn,Zn/Mn,0.051328243468631796
mel66,Zn,K,Zn/K,0.05527499130531036
mel66,Zn,Ti,Zn/Ti,0.0420352249809325
mel66,Zn,y,Zn/y,0.04388938401742648
mel66,Zn,C_star,Zn/C_star,0.037366721625777366
mel66,Mn,K,Mn/K,0.003946747836678588
mel66,Mn,Ti,Mn/Ti,-0.009293018487699284
mel66,Mn,y,Mn/y,-0.007438859451205315
mel66,Mn,C_star,Mn/C_star,-0.013961521842854374
mel66,K,Ti,K/Ti,-0.013239766324377879
mel66,K,y,K/y,-0.01138560728788389
mel66,K,C_star,K/C_star,-0.017908269679532962
mel66,Ti,y,Ti/y,0.001854159036493986
mel66,Ti,C_star,Ti/C_star,-0.0046685033551550625
mel66,y,C_star,y/C_star,-0.006522662391649059
mel67,L,h,L/h,0.010076035726181376
mel67,L,Si,L/Si,-0.02095422562340643
mel67,L,Zn,L/Zn,0.050546815527027666
mel67,L,Mn,L/Mn,-0.017297507381445143
mel67,L,K,L/K,0.0020729811649976004
mel67,L,Ti,L/Ti,0.008946144041916015
mel67,L,y,L/y,-0.00942080315246463
mel67,L,C_star,L/C_star,0.0012735813278786923
mel67,h,Si,h/Si,-0.031030261349587807
mel67,h,Zn,h/Zn,0.04047077980084625
mel67,h,Mn,h/Mn,-0.027373543107626533
mel67,h,K,h/K,-0.008003054561183831
mel67,h,Ti,h/Ti,-0.0011298916842653467
mel67,h,y,h/y,-0.019496838878646047
mel67,h,C_star,h/C_star,-0.008802454398302628
mel67,Si,Zn,Si/Zn,0.07150104115043407
mel67,Si,Mn,Si/Mn,0.0036567182419612876
mel67,Si,K,Si/K,0.02302720678840403
mel67,Si,Ti,Si/Ti,0.029900369665322474
mel67,Si,y,Si/y,0.011533422470941773
mel67,Si,C_star,Si/C_star,0.022227806951285123
mel67,Zn,Mn,Zn/Mn,-0.06784432290847278
mel67,Zn,K,Zn/K,-0.048473834362030066
mel67,Zn,Ti,Zn/Ti,-0.041600671485111596
mel67,Zn,y,Zn/y,-0.0599676186794923
mel67,Zn,C_star,Zn/C_star,-0.049273234199148974
mel67,Mn,K,Mn/K,0.019370488546442743
mel67,Mn,Ti,Mn/Ti,0.026243651423361193
mel67,Mn,y,Mn/y,0.007876704228980486
mel67,Mn,C_star,Mn/C_star,0.01857108870932389
mel67,K,Ti,K/Ti,0.006873162876918415
mel67,K,y,K/y,-0.01149378431746223
mel67,K,C_star,K/C_star,-0.0007993998371189082
mel67,Ti,y,Ti/y,-0.018366947194380694
mel67,Ti,C_star,Ti/C_star,-0.007672562714037268
mel67,y,C_star,y/C_star,0.010694384480343433
mel68,L,h,L/h,0.017760278186897932
mel68,L,Si,L/Si,0.06535148298374083
mel68,L,Zn,L/Zn,-0.020828247353388285
mel68,L,Mn,L/Mn,0.024288743195803875
mel68,L,K,L/K,0.03278936040123778
mel68,L,Ti,L/Ti,0.03185154934379868
mel68,L,y,L/y,0.017510755083063392
mel68,L,C_star,L/C_star,0.03146613498940283
mel68,h,Si,h/Si,0.047591204796842895
mel68,h,Zn,h/Zn,-0.03858852554028622
mel68,h,Mn,h/Mn,0.006528465008905915
mel68,h,K,h/K,0.01502908221433985
mel68,h,Ti,h/Ti,0.014091271156900759
mel68,h,y,h/y,-0.0002495231038345345
mel68,h,C_star,h/C_star,0.013705856802504898
mel68,Si,Zn,Si/Zn,-0.08617973033712911
mel68,Si,Mn,Si/Mn,-0.04106273978793701
mel68,Si,K,Si/K,-0.032562122582503045
mel68,Si,Ti,Si/Ti,-0.03349993363994214
mel68,Si,y,Si/y,-0.047840727900677435
mel68,Si,C_star,Si/C_star,-0.03388534799433798
mel68,Zn,Mn,Zn/Mn,0.04511699054919213
mel68,Zn,K,Zn/K,0.05361760775462607
mel68,Zn,Ti,Zn/Ti,0.05267979669718696
mel68,Zn,y,Zn/y,0.03833900243645169
mel68,Zn,C_star,Zn/C_star,0.052294382342791115
mel68,Mn,K,Mn/K,0.008500617205433936
mel68,Mn,Ti,Mn/Ti,0.007562806147994816
mel68,Mn,y,Mn/y,-0.006777988112740496
mel68,Mn,C_star,Mn/C_star,0.007177391793598997
mel68,K,Ti,K/Ti,-0.0009378110574391058
mel68,K,y,K/y,-0.01527860531817439
mel68,K,C_star,K/C_star,-0.0013232254118349523
mel68,Ti,y,Ti/y,-0.014340794260735257
mel68,Ti,C_star,Ti/C_star,-0.0003854143543958466
mel68,y,C_star,y/C_star,0.013955379906339438
mel69,L,h,L/h,0.03391049801664853
mel69,L,Si,L/Si,0.038481029467545905
mel69,L,Zn,L/Zn,-0.04946529917283625
mel69,L,Mn,L/Mn,0.01611878246157529
mel69,L,K,L/K,0.046283530456228184
mel69,L,Ti,L/Ti,0.03313249924142714
mel69,L,y,L/y,0.024946948237340505
mel69,L,C_star,L/C_star,0.01951097861789708
mel69,h,Si,h/Si,0.0045705314508973395
mel69,h,Zn,h/Zn,-0.0833757971894848
mel69,h,Mn,h/Mn,-0.017791715555073265
mel69,h,K,h/K,0.012373032439579646
mel69,h,Ti,h/Ti,-0.0007779987752214203
mel69,h,y,h/y,-0.008963549779308036
mel69,h,C_star,h/C_star,-0.014399519398751448
mel69,Si,Zn,Si/Zn,-0.08794632864038214
mel69,Si,Mn,Si/Mn,-0.0223622470059706
mel69,Si,K,Si/K,0.007802500988682307
mel69,Si,Ti,Si/Ti,-0.00534853022611876
mel69,Si,y,Si/y,-0.013534081230205374
mel69,Si,C_star,Si/C_star,-0.018970050849648812
mel69,Zn,Mn,Zn/Mn,0.06558408163441154
mel69,Zn,K,Zn/K,0.09574882962906445
mel69,Zn,Ti,Zn/Ti,0.08259779841426337
mel69,Zn,y,Zn/y,0.07441224741017677
mel69,Zn,C_star,Zn/C_star,0.06897627779073334
mel69,Mn,K,Mn/K,0.030164747994652907
mel69,Mn,Ti,Mn/Ti,0.017013716779851848
mel69,Mn,y,Mn/y,0.008828165775765229
mel69,Mn,C_star,Mn/C_star,0.003392196156321775
mel69,K,Ti,K/Ti,-0.013151031214801066
mel69,K,y,K/y,-0.02133658221888768
mel69,K,C_star,K/C_star,-0.026772551838331132
mel69,Ti,y,Ti/y,-0.008185551004086614
mel69,Ti,C_star,Ti/C_star,-0.013621520623530059
mel69,y,C_star,y/C_star,-0.005435969619443426
mel70,L,h,L/h,0.03244708847187672
mel70,L,Si,L/Si,-0.03438801415116233
mel70,L,Zn,L/Zn,0.009240454157553285
mel70,L,Mn,L/Mn,-0.02012409264711329
mel70,L,K,L/K,-0.009341440208799234
mel70,L,Ti,L/Ti,0.0018103126035575179
mel70,L,y,L/y,0.021954935117787927
mel70,L,C_star,L/C_star,-0.007411219923357082
mel70,h,Si,h/Si,-0.06683510262303906
mel70,h,Zn,h/Zn,-0.02320663431432344
mel70,h,Mn,h/Mn,-0.05257118111899001
mel70,h,K,h/K,-0.04178852868067595
mel70,h,Ti,h/Ti,-0.0306367758683192
mel70,h,y,h/y,-0.010492153354088795
mel70,h,C_star,h/C_star,-0.0398583083952338
mel70,Si,Zn,Si/Zn,0.043628468308715626
mel70,Si,Mn,Si/Mn,0.014263921504049037
mel70,Si,K,Si/K,0.025046573942363093
mel70,Si,Ti,Si/Ti,0.03619832675471985
mel70,Si,y,Si/y,0.05634294926895027
mel70,Si,C_star,Si/C_star,0.026976794227805245
mel70,Zn,Mn,Zn/Mn,-0.029364546804666547
mel70,Zn,K,Zn/K,-0.01858189436635252
mel70,Zn,Ti,Zn/Ti,-0.007430141553995774
mel70,Zn,y,Zn/y,0.012714480960234642
mel70,Zn,C_star,Zn/C_star,-0.016651674080910395
mel70,Mn,K,Mn/K,0.010782652438314055
mel70,Mn,Ti,Mn/Ti,0.021934405250670808
mel70,Mn,y,Mn/y,0.04207902776490119
mel70,Mn,C_star,Mn/C_star,0.012712872723756208
mel70,K,Ti,K/Ti,0.011151752812356752
mel70,K,y,K/y,0.031296375326587175
mel70,K,C_star,K/C_star,0.0019302202854421524
mel70,Ti,y,Ti/y,0.020144622514230423
mel70,Ti,C_star,Ti/C_star,-0.0092215325269146
mel70,y,C_star,y/C_star,-0.02936615504114498
mel71,L,h,L/h,0.03626414360940605
mel71,L,Si,L/Si,-0.011375873068789788
mel71,L,Zn,L/Zn,-0.032064527187711134
mel71,L,Mn,L/Mn,0.014642993762402023
mel71,L,K,L/K,0.020774422242289856
mel71,L,Ti,L/Ti,0.010340328736078097
mel71,L,y,L/y,0.018330895752018156
mel71,L,C_star,L/C_star,-0.009453278396766879
mel71,h,Si,h/Si,-0.04764001667819581
mel71,h,Zn,h/Zn,-0.06832867079711716
mel71,h,Mn,h/Mn,-0.021621149847003987
mel71,h,K,h/K,-0.015489721367116155
mel71,h,Ti,h/Ti,-0.02592381487332795
mel71,h,y,h/y,-0.017933247857387875
mel71,h,C_star,h/C_star,-0.0457174220061729
mel71,Si,Zn,Si/Zn,-0.02068865411892135
mel71,Si,Mn,Si/Mn,0.02601886683119182
mel71,Si,K,Si/K,0.03215029531107965
mel71,Si,Ti,Si/Ti,0.021716201804867857
mel71,Si,y,Si/y,0.029706768820807933
mel71,Si,C_star,Si/C_star,0.001922594672022937
mel71,Zn,Mn,Zn/Mn,0.04670752095011317
mel71,Zn,K,Zn/K,0.052838949430001
mel71,Zn,Ti,Zn/Ti,0.0424048559237892
mel71,Zn,y,Zn/y,0.05039542293972928
mel71,Zn,C_star,Zn/C_star,0.022611248790944227
mel71,Mn,K,Mn/K,0.006131428479887832
mel71,Mn,Ti,Mn/Ti,-0.004302665026323961
mel71,Mn,y,Mn/y,0.0036879019896161186
mel71,Mn,C_star,Mn/C_star,-0.02409627215916893
mel71,K,Ti,K/Ti,-0.010434093506211793
mel71,K,y,K/y,-0.0024435264902717135
mel71,K,C_star,K/C_star,-0.030227700639056776
mel71,Ti,y,Ti/y,0.007990567015940076
mel71,Ti,C_star,Ti/C_star,-0.019793607132844948
mel71,y,C_star,y/C_star,-0.027784174148785035
mel72,L,h,L/h,0.02341284078957656
mel72,L,Si,L/Si,-0.06833861851328424
mel72,L,Zn,L/Zn,-0.030029743043139656
mel72,L,Mn,L/Mn,-0.021438952743977724
mel72,L,K,L/K,-0.0073641741732669574
mel72,L,Ti,L/Ti,-0.024280815743904005
mel72,L,y,L/y,0.002941333723718853
mel72,L,C_star,L/C_star,-0.03366319920655769
mel72,h,Si,h/Si,-0.0917514593028608
mel72,h,Zn,h/Zn,-0.05344258383271623
mel72,h,Mn,h/Mn,-0.044851793533554285
mel72,h,K,h/K,-0.03077701496284352
mel72,h,Ti,h/Ti,-0.047693656533480566
mel72,h,y,h/y,-0.02047150706585775
mel72,h,C_star,h/C_star,-0.05707603999613431
mel72,Si,Zn,Si/Zn,0.038308875470144575
mel72,Si,Mn,Si/Mn,0.046899665769306514
mel72,Si,K,Si/K,0.06097444434001727
mel72,Si,Ti,Si/Ti,0.044057802769380226
mel72,Si,y,Si/y,0.07127995223700305
mel72,Si,C_star,Si/C_star,0.03467541930672652
mel72,Zn,Mn,Zn/Mn,0.008590790299161932
mel72,Zn,K,Zn/K,0.0226655688698727
mel72,Zn,Ti,Zn/Ti,0.005748927299235658
mel72,Zn,y,Zn/y,0.03297107676685848
mel72,Zn,C_star,Zn/C_star,-0.0036334561634180362
mel72,Mn,K,Mn/K,0.014074778570710766
mel72,Mn,Ti,Mn/Ti,-0.0028418629999262812
mel72,Mn,y,Mn/y,0.02438028646769655
mel72,Mn,C_star,Mn/C_star,-0.012224246462579968
mel72,K,Ti,K/Ti,-0.016916641570637048
mel72,K,y,K/y,0.010305507896985783
mel72,K,C_star,K/C_star,-0.026299025033290735
mel72,Ti,y,Ti/y,0.027222149467622823
mel72,Ti,C_star,Ti/C_star,-0.009382383462653687
mel72,y,C_star,y/C_star,-0.036604532930276545
mel73,L,h,L/h,0.01857819972103547
mel73,L,Si,L/Si,-0.05470742974181403
mel73,L,Zn,L/Zn,-0.060134043365082324
mel73,L,Mn,L/Mn,0.008365073780806975
mel73,L,K,L/K,0.0077328971856292505
mel73,L,Ti,L/Ti,0.0019457740934883394
mel73,L,y,L/y,-0.013066296513529863
mel73,L,C_star,L/C_star,-0.061730063036755656
mel73,h,Si,h/Si,-0.0732856294628495
mel73,h,Zn,h/Zn,-0.0787122430861178
mel73,h,Mn,h/Mn,-0.010213125940228513
mel73,h,K,h/K,-0.01084530253540622
mel73,h,Ti,h/Ti,-0.01663242562754709
mel73,h,y,h/y,-0.03164449623456536
mel73,h,C_star,h/C_star,-0.08030826275779113
mel73,Si,Zn,Si/Zn,-0.005426613623268267
mel73,Si,Mn,Si/Mn,0.06307250352262098
mel73,Si,K,Si/K,0.06244032692744328
mel73,Si,Ti,Si/Ti,0.05665320383530241
mel73,Si,y,Si/y,0.04164113322828414
mel73,Si,C_star,Si/C_star,-0.007022633294941627
mel73,Zn,Mn,Zn/Mn,0.06849911714588927
mel73,Zn,K,Zn/K,0.06786694055071157
mel73,Zn,Ti,Zn/Ti,0.0620798174585707
mel73,Zn,y,Zn/y,0.047067746851552426
mel73,Zn,C_star,Zn/C_star,-0.0015960196716733321
mel73,Mn,K,Mn/K,-0.0006321765951777247
mel73,Mn,Ti,Mn/Ti,-0.006419299687318573
mel73,Mn,y,Mn/y,-0.021431370294336848
mel73,Mn,C_star,Mn/C_star,-0.07009513681756263
mel73,K,Ti,K/Ti,-0.005787123092140856
mel73,K,y,K/y,-0.020799193699159113
mel73,K,C_star,K/C_star,-0.0694629602223849
mel73,Ti,y,Ti/y,-0.015012070607018278
mel73,Ti,C_star,Ti/C_star,-0.06367583713024405
mel73,y,C_star,y/C_star,-0.04866376652322579
mel74,L,h,L/h,0.019890891467574445
mel74,L,Si,L/Si,0.009774279202219072
mel74,L,Zn,L/Zn,0.03300245672507275
mel74,L,Mn,L/Mn,-0.00190356071088571
mel74,L,K,L/K,0.005071494484697486
mel74,L,Ti,L/Ti,-0.013322773446091923
mel74,L,y,L/y,0.016268183958421084
mel74,L,C_star,L/C_star,0.006899696651705756
mel74,h,Si,h/Si,-0.010116612265355367
mel74,h,Zn,h/Zn,0.013111565257498299
mel74,h,Mn,h/Mn,-0.021794452178460155
mel74,h,K,h/K,-0.014819396982876959
mel74,h,Ti,h/Ti,-0.03321366491366637
mel74,h,y,h/y,-0.003622707509153349
mel74,h,C_star,h/C_star,-0.01299119481586869
mel74,Si,Zn,Si/Zn,0.023228177522853673
mel74,Si,Mn,Si/Mn,-0.011677839913104782
mel74,Si,K,Si/K,-0.004702784717521585
mel74,Si,Ti,Si/Ti,-0.023097052648310995
mel74,Si,y,Si/y,0.006493904756202016
mel74,Si,C_star,Si/C_star,-0.002874582550513316
mel74,Zn,Mn,Zn/Mn,-0.03490601743595845
mel74,Zn,K,Zn/K,-0.027930962240375265
mel74,Zn,Ti,Zn/Ti,-0.046325230171164675
mel74,Zn,y,Zn/y,-0.01673427276665166
mel74,Zn,C_star,Zn/C_star,-0.02610276007336701
mel74,Mn,K,Mn/K,0.006975055195583224
mel74,Mn,Ti,Mn/Ti,-0.011419212735206213
mel74,Mn,y,Mn/y,0.018171744669306822
mel74,Mn,C_star,Mn/C_star,0.008803257362591466
mel74,K,Ti,K/Ti,-0.01839426793078941
mel74,K,y,K/y,0.011196689473723598
mel74,K,C_star,K/C_star,0.0018282021670082693
mel74,Ti,y,Ti/y,0.029590957404513007
mel74,Ti,C_star,Ti/C_star,0.02022247009779768
mel74,y,C_star,y/C_star,-0.009368487306715328
mel75,L,h,L/h,0.023235636424262185
mel75,L,Si,L/Si,0.018388382267930603
mel75,L,Zn,L/Zn,0.0498355886144255
mel75,L,Mn,L/Mn,-0.004454167684411037
mel75,L,K,L/K,0.0015914607690444282
mel75,L,Ti,L/Ti,0.02527761695787778
mel75,L,y,L/y,0.022985631732874878
mel75,L,C_star,L/C_star,0.028140537682517952
mel75,h,Si,h/Si,-0.004847254156331533
mel75,h,Zn,h/Zn,0.026599952190163312
mel75,h,Mn,h/Mn,-0.02768980410867322
mel75,h,K,h/K,-0.02164417565521773
mel75,h,Ti,h/Ti,0.0020419805336156296
mel75,h,y,h/y,-0.00025000469138732745
mel75,h,C_star,h/C_star,0.004904901258255823
mel75,Si,Zn,Si/Zn,0.03144720634649484
mel75,Si,Mn,Si/Mn,-0.022842549952341668
mel75,Si,K,Si/K,-0.016796921498886203
mel75,Si,Ti,Si/Ti,0.006889234689947163
mel75,Si,y,Si/y,0.004597249464944206
mel75,Si,C_star,Si/C_star,0.009752155414587294
mel75,Zn,Mn,Zn/Mn,-0.05428975629883653
mel75,Zn,K,Zn/K,-0.04824412784538104
mel75,Zn,Ti,Zn/Ti,-0.024557971656547682
mel75,Zn,y,Zn/y,-0.02684995688155064
mel75,Zn,C_star,Zn/C_star,-0.02169505093190749
mel75,Mn,K,Mn/K,0.006045628453455465
mel75,Mn,Ti,Mn/Ti,0.029731784642288817
mel75,Mn,y,Mn/y,0.027439799417285887
mel75,Mn,C_star,Mn/C_star,0.03259470536692899
mel75,K,Ti,K/Ti,0.023686156188833365
mel75,K,y,K/y,0.021394170963830395
mel75,K,C_star,K/C_star,0.026549076913473524
mel75,Ti,y,Ti/y,-0.002291985225002957
mel75,Ti,C_star,Ti/C_star,0.0028629207246401722
mel75,y,C_star,y/C_star,0.005154905949643074
mel76,L,h,L/h,0.03199773042250442
mel76,L,Si,L/Si,0.030654025909273186
mel76,L,Zn,L/Zn,0.0020365364613004755
mel76,L,Mn,L/Mn,-0.014310089854817576
mel76,L,K,L/K,-0.02140550868278812
mel76,L,Ti,L/Ti,-0.013945697873841034
mel76,L,y,L/y,0.010168062849030823
mel76,L,C_star,L/C_star,-0.006511089779871582
mel76,h,Si,h/Si,-0.0013437045132312087
mel76,h,Zn,h/Zn,-0.029961193961203905
mel76,h,Mn,h/Mn,-0.046307820277322
mel76,h,K,h/K,-0.053403239105292544
mel76,h,Ti,h/Ti,-0.04594342829634537
mel76,h,y,h/y,-0.02182966757347358
mel76,h,C_star,h/C_star,-0.03850882020237595
mel76,Si,Zn,Si/Zn,-0.02861748944797271
mel76,Si,Mn,Si/Mn,-0.04496411576409079
mel76,Si,K,Si/K,-0.05205953459206131
mel76,Si,Ti,Si/Ti,-0.044599723783114165
mel76,Si,y,Si/y,-0.020485963060242376
mel76,Si,C_star,Si/C_star,-0.03716511568914477
mel76,Zn,Mn,Zn/Mn,-0.01634662631611808
mel76,Zn,K,Zn/K,-0.023442045144088597
mel76,Zn,Ti,Zn/Ti,-0.015982234335141454
mel76,Zn,y,Zn/y,0.008131526387730327
mel76,Zn,C_star,Zn/C_star,-0.008547626241172113
mel76,Mn,K,Mn/K,-0.007095418827970518
mel76,Mn,Ti,Mn/Ti,0.00036439198097662495
mel76,Mn,y,Mn/y,0.024478152703848413
mel76,Mn,C_star,Mn/C_star,0.007799000074945994
mel76,K,Ti,K/Ti,0.007459810808947143
mel76,K,y,K/y,0.031573571531818945
mel76,K,C_star,K/C_star,0.01489441890291654
mel76,Ti,y,Ti/y,0.024113760722871788
mel76,Ti,C_star,Ti/C_star,0.0074346080939694525
mel76,y,C_star,y/C_star,-0.01667915262890235
mel77,L,h,L/h,0.027359576548494753
mel77,L,Si,L/Si,0.04804168582750142
mel77,L,Zn,L/Zn,0.007140691206900515
mel77,L,Mn,L/Mn,0.03201399620188228
mel77,L,K,L/K,0.034543159963312184
mel77,L,Ti,L/Ti,0.004617012033088716
mel77,L,y,L/y,0.03288351400180851
mel77,L,C_star,L/C_star,0.03027350962591853
mel77,h,Si,h/Si,0.020682109279006673
mel77,h,Zn,h/Zn,-0.02021888534159423
mel77,h,Mn,h/Mn,0.0046544196533875315
mel77,h,K,h/K,0.007183583414817438
mel77,h,Ti,h/Ti,-0.022742564515406044
mel77,h,y,h/y,0.005523937453313756
mel77,h,C_star,h/C_star,0.002913933077423783
mel77,Si,Zn,Si/Zn,-0.04090099462060093
mel77,Si,Mn,Si/Mn,-0.016027689625619124
mel77,Si,K,Si/K,-0.01349852586418926
mel77,Si,Ti,Si/Ti,-0.04342467379441273
mel77,Si,y,Si/y,-0.015158171825692915
mel77,Si,C_star,Si/C_star,-0.017768176201582914
mel77,Zn,Mn,Zn/Mn,0.02487330499498175
mel77,Zn,K,Zn/K,0.02740246875641167
mel77,Zn,Ti,Zn/Ti,-0.002523679173811799
mel77,Zn,y,Zn/y,0.025742822794907985
mel77,Zn,C_star,Zn/C_star,0.023132818419018014
mel77,Mn,K,Mn/K,0.00252916376142992
mel77,Mn,Ti,Mn/Ti,-0.027396984168793548
mel77,Mn,y,Mn/y,0.0008695177999262227
mel77,Mn,C_star,Mn/C_star,-0.0017404865759637345
mel77,K,Ti,K/Ti,-0.029926147930223468
mel77,K,y,K/y,-0.0016596459615036835
mel77,K,C_star,K/C_star,-0.0042696503373936545
mel77,Ti,y,Ti/y,0.028266501968719798
mel77,Ti,C_star,Ti/C_star,0.025656497592829813
mel77,y,C_star,y/C_star,-0.002610004375889971
mel78,L,h,L/h,0.016418840685751085
mel78,L,Si,L/Si,-0.002620903877417119
mel78,L,Zn,L/Zn,-0.004075191452507038
mel78,L,Mn,L/Mn,0.0023626699472770185
mel78,L,K,L/K,0.0027939931702364446
mel78,L,Ti,L/Ti,0.012870691020067299
mel78,L,y,L/y,0.001592691664786955
mel78,L,C_star,L/C_star,0.006854646111880358
mel78,h,Si,h/Si,-0.01903974456316821
mel78,h,Zn,h/Zn,-0.02049403213825811
mel78,h,Mn,h/Mn,-0.014056170738474094
mel78,h,K,h/K,-0.013624847515514654
mel78,h,Ti,h/Ti,-0.0035481496656837967
mel78,h,y,h/y,-0.014826149020964127
mel78,h,C_star,h/C_star,-0.009564194573870699
mel78,Si,Zn,Si/Zn,-0.0014542875750899013
mel78,Si,Mn,Si/Mn,0.004983573824694124
mel78,Si,K,Si/K,0.0054148970476535635
mel78,Si,Ti,Si/Ti,0.01549159489748441
mel78,Si,y,Si/y,0.004213595542204081
mel78,Si,C_star,Si/C_star,0.00947554998929745
mel78,Zn,Mn,Zn/Mn,0.0064378613997840214
mel78,Zn,K,Zn/K,0.006869184622743454
mel78,Zn,Ti,Zn/Ti,0.016945882472574312
mel78,Zn,y,Zn/y,0.005667883117293982
mel78,Zn,C_star,Zn/C_star,0.010929837564387368
mel78,Mn,K,Mn/K,0.0004313232229594399
mel78,Mn,Ti,Mn/Ti,0.010508021072790287
mel78,Mn,y,Mn/y,-0.0007699782824900428
mel78,Mn,C_star,Mn/C_star,0.004491976164603395
mel78,K,Ti,K/Ti,0.01007669784983084
mel78,K,y,K/y,-0.0012013015054494897
mel78,K,C_star,K/C_star,0.0040606529416439
mel78,Ti,y,Ti/y,-0.01127799935528033
mel78,Ti,C_star,Ti/C_star,-0.006016044908186913
mel78,y,C_star,y/C_star,0.0052619544470933755
mel79,L,h,L/h,0.061232880218179964
mel79,L,Si,L/Si,-0.12393886082985156
mel79,L,Zn,L/Zn,-0.04204498460097161
mel79,L,Mn,L/Mn,-0.046525928348018414
mel79,L,K,L/K,-0.04399221468997899
mel79,L,Ti,L/Ti,-0.07131149300840031
mel79,L,y,L/y,0.02172262766815486
mel79,L,C_star,L/C_star,-0.06268062077811326
mel79,h,Si,h/Si,-0.18517174104803152
mel79,h,Zn,h/Zn,-0.10327786481915155
mel79,h,Mn,h/Mn,-0.10775880856619835
mel79,h,K,h/K,-0.10522509490815896
mel79,h,Ti,h/Ti,-0.1325443732265803
mel79,h,y,h/y,-0.03951025255002508
mel79,h,C_star,h/C_star,-0.12391350099629322
mel79,Si,Zn,Si/Zn,0.08189387622887997
mel79,Si,Mn,Si/Mn,0.07741293248183316
mel79,Si,K,Si/K,0.07994664613987257
mel79,Si,Ti,Si/Ti,0.05262736782145125
mel79,Si,y,Si/y,0.14566148849800642
mel79,Si,C_star,Si/C_star,0.0612582400517383
mel79,Zn,Mn,Zn/Mn,-0.0044809437470468005
mel79,Zn,K,Zn/K,-0.0019472300890074346
mel79,Zn,Ti,Zn/Ti,-0.029266508407428726
mel79,Zn,y,Zn/y,0.06376761226912649
mel79,Zn,C_star,Zn/C_star,-0.020635636177141703
mel79,Mn,K,Mn/K,0.0025337136580393937
mel79,Mn,Ti,Mn/Ti,-0.024785564660381912
mel79,Mn,y,Mn/y,0.0682485560161733
mel79,Mn,C_star,Mn/C_star,-0.016154692430094875
mel79,K,Ti,K/Ti,-0.02731927831842132
mel79,K,y,K/y,0.06571484235813385
mel79,K,C_star,K/C_star,-0.01868840608813427
mel79,Ti,y,Ti/y,0.0930341206765552
mel79,Ti,C_star,Ti/C_star,0.008630872230287023
mel79,y,C_star,y/C_star,-0.08440324844626818
mel80,L,h,L/h,0.011309143317536009
mel80,L,Si,L/Si,-0.0068259072266221195
mel80,L,Zn,L/Zn,-0.0028748756452020574
mel80,L,Mn,L/Mn,0.016370788433174965
mel80,L,K,L/K,0.004374140547193955
mel80,L,Ti,L/Ti,0.04852017609946832
mel80,L,y,L/y,0.02267859703518082
mel80,L,C_star,L/C_star,0.044184485873324145
mel80,h,Si,h/Si,-0.018135050544158128
mel80,h,Zn,h/Zn,-0.014184018962738076
mel80,h,Mn,h/Mn,0.005061645115639002
mel80,h,K,h/K,-0.006935002770342064
mel80,h,Ti,h/Ti,0.0372110327819323
mel80,h,y,h/y,0.011369453717644803
mel80,h,C_star,h/C_star,0.03287534255578813
mel80,Si,Zn,Si/Zn,0.003951031581420059
mel80,Si,Mn,Si/Mn,0.023196695659797095
mel80,Si,K,Si/K,0.011200047773816071
mel80,Si,Ti,Si/Ti,0.05534608332609044
mel80,Si,y,Si/y,0.02950450426180294
mel80,Si,C_star,Si/C_star,0.05101039309994626
mel80,Zn,Mn,Zn/Mn,0.01924566407837708
mel80,Zn,K,Zn/K,0.007249016192396013
mel80,Zn,Ti,Zn/Ti,0.05139505174467038
mel80,Zn,y,Zn/y,0.025553472680382883
mel80,Zn,C_star,Zn/C_star,0.047059361518526216
mel80,Mn,K,Mn/K,-0.011996647885981038
mel80,Mn,Ti,Mn/Ti,0.03214938766629333
mel80,Mn,y,Mn/y,0.006307808602005804
mel80,Mn,C_star,Mn/C_star,0.02781369744014911
mel80,K,Ti,K/Ti,0.044146035552274365
mel80,K,y,K/y,0.01830445648798687
mel80,K,C_star,K/C_star,0.0398103453261302
mel80,Ti,y,Ti/y,-0.025841579064287495
mel80,Ti,C_star,Ti/C_star,-0.004335690226144162
mel80,y,C_star,y/C_star,0.021505888838143326
mel81,L,h,L/h,0.020327131961156777
mel81,L,Si,L/Si,0.008158125843764755
mel81,L,Zn,L/Zn,-0.1306285682695978
mel81,L,Mn,L/Mn,0.05189586463678178
mel81,L,K,L/K,0.014882532835745463
mel81,L,Ti,L/Ti,0.01607061084475779
mel81,L,y,L/y,0.017035700762610587
mel81,L,C_star,L/C_star,0.03360063577639612
mel81,h,Si,h/Si,-0.012169006117392016
mel81,h,Zn,h/Zn,-0.1509557002307546
mel81,h,Mn,h/Mn,0.031568732675625
mel81,h,K,h/K,-0.005444599125411304
mel81,h,Ti,h/Ti,-0.004256521116398997
mel81,h,y,h/y,-0.0032914311985462012
mel81,h,C_star,h/C_star,0.013273503815239313
mel81,Si,Zn,Si/Zn,-0.13878669411336256
mel81,Si,Mn,Si/Mn,0.04373773879301702
mel81,Si,K,Si/K,0.006724406991980712
mel81,Si,Ti,Si/Ti,0.007912485000993022
mel81,Si,y,Si/y,0.008877574918845818
mel81,Si,C_star,Si/C_star,0.025442509932631363
mel81,Zn,Mn,Zn/Mn,0.1825244329063796
mel81,Zn,K,Zn/K,0.14551110110534327
mel81,Zn,Ti,Zn/Ti,0.14669917911435557
mel81,Zn,y,Zn/y,0.1476642690322084
mel81,Zn,C_star,Zn/C_star,0.16422920404599392
mel81,Mn,K,Mn/K,-0.0370133318010363
mel81,Mn,Ti,Mn/Ti,-0.035825253792023996
mel81,Mn,y,Mn/y,-0.0348601638741712
mel81,Mn,C_star,Mn/C_star,-0.01829522886038565
mel81,K,Ti,K/Ti,0.0011880780090123087
mel81,K,y,K/y,0.0021531679268651056
mel81,K,C_star,K/C_star,0.018718102940650655
mel81,Ti,y,Ti/y,0.0009650899178527969
mel81,Ti,C_star,Ti/C_star,0.017530024931638355
mel81,y,C_star,y/C_star,0.01656493501378553
mel82,L,h,L/h,0.03936653009688802
mel82,L,Si,L/Si,0.006397907108492511
mel82,L,Zn,L/Zn,0.011902674644101344
mel82,L,Mn,L/Mn,0.010983056812680969
mel82,L,K,L/K,0.016345473640716188
mel82,L,Ti,L/Ti,0.030166210159653956
mel82,L,y,L/y,0.038496847342764054
mel82,L,C_star,L/C_star,0.027487263500685834
mel82,h,Si,h/Si,-0.032968622988395514
mel82,h,Zn,h/Zn,-0.027463855452786706
mel82,h,Mn,h/Mn,-0.02838347328420704
mel82,h,K,h/K,-0.023021056456171834
mel82,h,Ti,h/Ti,-0.00920031993723408
mel82,h,y,h/y,-0.0008696827541239717
mel82,h,C_star,h/C_star,-0.011879266596202191
mel82,Si,Zn,Si/Zn,0.005504767535608829
mel82,Si,Mn,Si/Mn,0.004585149704188496
mel82,Si,K,Si/K,0.009947566532223673
mel82,Si,Ti,Si/Ti,0.023768303051161427
mel82,Si,y,Si/y,0.032098940234271546
mel82,Si,C_star,Si/C_star,0.021089356392193323
mel82,Zn,Mn,Zn/Mn,-0.0009196178314203607
mel82,Zn,K,Zn/K,0.004442798996614844
mel82,Zn,Ti,Zn/Ti,0.018263535515552598
mel82,Zn,y,Zn/y,0.02659417269866271
mel82,Zn,C_star,Zn/C_star,0.015584588856584508
mel82,Mn,K,Mn/K,0.005362416828035177
mel82,Mn,Ti,Mn/Ti,0.01918315334697296
mel82,Mn,y,Mn/y,0.02751379053008307
mel82,Mn,C_star,Mn/C_star,0.01650420668800484
mel82,K,Ti,K/Ti,0.013820736518937754
mel82,K,y,K/y,0.022151373702047866
mel82,K,C_star,K/C_star,0.011141789859969664
mel82,Ti,y,Ti/y,0.008330637183110112
mel82,Ti,C_star,Ti/C_star,-0.00267894665896809
mel82,y,C_star,y/C_star,-0.011009583842078223
mel83,L,h,L/h,0.008213561842790151
mel83,L,Si,L/Si,0.0038931976350008446
mel83,L,Zn,L/Zn,-0.011474193489802775
mel83,L,Mn,L/Mn,0.001295900210222023
mel83,L,K,L/K,0.021064009686810214
mel83,L,Ti,L/Ti,0.023523079953375492
mel83,L,y,L/y,0.00797163114176791
mel83,L,C_star,L/C_star,0.011230780428765796
mel83,h,Si,h/Si,-0.004320364207789263
mel83,h,Zn,h/Zn,-0.01968775533259294
mel83,h,Mn,h/Mn,-0.006917661632568128
mel83,h,K,h/K,0.012850447844020077
mel83,h,Ti,h/Ti,0.015309518110585368
mel83,h,y,h/y,-0.00024193070102226238
mel83,h,C_star,h/C_star,0.0030172185859757006
mel83,Si,Zn,Si/Zn,-0.015367391124803679
mel83,Si,Mn,Si/Mn,-0.0025972974247788216
mel83,Si,K,Si/K,0.017170812051809342
mel83,Si,Ti,Si/Ti,0.01962988231837463
mel83,Si,y,Si/y,0.004078433506767003
mel83,Si,C_star,Si/C_star,0.007337582793764841
mel83,Zn,Mn,Zn/Mn,0.012770093700024798
mel83,Zn,K,Zn/K,0.03253820317661302
mel83,Zn,Ti,Zn/Ti,0.03499727344317831
mel83,Zn,y,Zn/y,0.01944582463157068
mel83,Zn,C_star,Zn/C_star,0.022704973918568627
mel83,Mn,K,Mn/K,0.01976810947658819
mel83,Mn,Ti,Mn/Ti,0.02222717974315347
mel83,Mn,y,Mn/y,0.006675730931545887
mel83,Mn,C_star,Mn/C_star,0.009934880218543773
mel83,K,Ti,K/Ti,0.0024590702665652983
mel83,K,y,K/y,-0.013092378545042332
mel83,K,C_star,K/C_star,-0.009833229258044418
mel83,Ti,y,Ti/y,-0.015551448811607627
mel83,Ti,C_star,Ti/C_star,-0.012292299524609696
mel83,y,C_star,y/C_star,0.0032591492869978866
mel84,L,h,L/h,0.05892021422327264
mel84,L,Si,L/Si,0.07020278245355237
mel84,L,Zn,L/Zn,-0.013282801907693292
mel84,L,Mn,L/Mn,0.052390704010986444
mel84,L,K,L/K,0.046258760146842035
mel84,L,Ti,L/Ti,0.05083335474029038
mel84,L,y,L/y,0.06765603252948207
mel84,L,C_star,L/C_star,0.06100124408289455
mel84,h,Si,h/Si,0.011282568230279729
mel84,h,Zn,h/Zn,-0.07220301613096591
mel84,h,Mn,h/Mn,-0.006529510212286205
mel84,h,K,h/K,-0.0126614540764306
mel84,h,Ti,h/Ti,-0.00808685948298224
mel84,h,y,h/y,0.008735818306209432
mel84,h,C_star,h/C_star,0.002081029859621903
mel84,Si,Zn,Si/Zn,-0.08348558436124563
mel84,Si,Mn,Si/Mn,-0.017812078442565937
mel84,Si,K,Si/K,-0.023944022306710333
mel84,Si,Ti,Si/Ti,-0.019369427713261944
mel84,Si,y,Si/y,-0.0025467499240703004
mel84,Si,C_star,Si/C_star,-0.009201538370657826
mel84,Zn,Mn,Zn/Mn,0.06567350591867971
mel84,Zn,K,Zn/K,0.05954156205453531
mel84,Zn,Ti,Zn/Ti,0.06411615664798367
mel84,Zn,y,Zn/y,0.08093883443717537
mel84,Zn,C_star,Zn/C_star,0.07428404599058783
mel84,Mn,K,Mn/K,-0.006131943864144396
mel84,Mn,Ti,Mn/Ti,-0.0015573492706960346
mel84,Mn,y,Mn/y,0.015265328518495658
mel84,Mn,C_star,Mn/C_star,0.00861054007190809
mel84,K,Ti,K/Ti,0.004574594593448361
mel84,K,y,K/y,0.021397272382640053
mel84,K,C_star,K/C_star,0.014742483936052514
mel84,Ti,y,Ti/y,0.016822677789191692
mel84,Ti,C_star,Ti/C_star,0.010167889342604153
mel84,y,C_star,y/C_star,-0.006654788446587526
mel85,L,h,L/h,0.01042075649206814
mel85,L,Si,L/Si,-0.01638981134676809
mel85,L,Zn,L/Zn,-0.033697402253050956
mel85,L,Mn,L/Mn,0.010219035612412553
mel85,L,K,L/K,-0.020249088002886495
mel85,L,Ti,L/Ti,-0.006234682639853828
mel85,L,y,L/y,-0.013670030726457894
mel85,L,C_star,L/C_star,-0.004689767260163791
mel85,h,Si,h/Si,-0.026810567838836202
mel85,h,Zn,h/Zn,-0.044118158745119096
mel85,h,Mn,h/Mn,-0.00020172087965555224
mel85,h,K,h/K,-0.030669844494954634
mel85,h,Ti,h/Ti,-0.01665543913192198
mel85,h,y,h/y,-0.02409078721852602
mel85,h,C_star,h/C_star,-0.015110523752231986
mel85,Si,Zn,Si/Zn,-0.017307590906282894
mel85,Si,Mn,Si/Mn,0.026608846959180643
mel85,Si,K,Si/K,-0.0038592766561184044
mel85,Si,Ti,Si/Ti,0.010155128706914235
mel85,Si,y,Si/y,0.002719780620310197
mel85,Si,C_star,Si/C_star,0.0117000440866043
mel85,Zn,Mn,Zn/Mn,0.04391643786546354
mel85,Zn,K,Zn/K,0.013448314250164461
mel85,Zn,Ti,Zn/Ti,0.027462719613197115
mel85,Zn,y,Zn/y,0.020027371526593073
mel85,Zn,C_star,Zn/C_star,0.029007634992887166
mel85,Mn,K,Mn/K,-0.030468123615299103
mel85,Mn,Ti,Mn/Ti,-0.016453718252266422
mel85,Mn,y,Mn/y,-0.023889066338870467
mel85,Mn,C_star,Mn/C_star,-0.014908802872576343
mel85,K,Ti,K/Ti,0.014014405363032667
mel85,K,y,K/y,0.0065790572764286015
mel85,K,C_star,K/C_star,0.015559320742722704
mel85,Ti,y,Ti/y,-0.007435348086604038
mel85,Ti,C_star,Ti/C_star,0.0015449153796900372
mel85,y,C_star,y/C_star,0.008980263466294103
mel86,L,h,L/h,0.05171725641690482
mel86,L,Si,L/Si,0.035184382204308765
mel86,L,Zn,L/Zn,-0.08839662321543146
mel86,L,Mn,L/Mn,0.04293515087637738
mel86,L,K,L/K,0.027323847569676582
mel86,L,Ti,L/Ti,0.036463334121103017
mel86,L,y,L/y,0.038436421474124516
mel86,L,C_star,L/C_star,-0.002883676541107688
mel86,h,Si,h/Si,-0.01653287421259604
mel86,h,Zn,h/Zn,-0.14011387963233626
mel86,h,Mn,h/Mn,-0.008782105540527425
mel86,h,K,h/K,-0.02439340884722823
mel86,h,Ti,h/Ti,-0.015253922295801798
mel86,h,y,h/y,-0.013280834942780293
mel86,h,C_star,h/C_star,-0.054600932958012494
mel86,Si,Zn,Si/Zn,-0.12358100541974022
mel86,Si,Mn,Si/Mn,0.007750768672068621
mel86,Si,K,Si/K,-0.007860534634632182
mel86,Si,Ti,Si/Ti,0.001278951916794245
mel86,Si,y,Si/y,0.0032520392698157496
mel86,Si,C_star,Si/C_star,-0.038068058745416467
mel86,Zn,Mn,Zn/Mn,0.13133177409180882
mel86,Zn,K,Zn/K,0.11572047078510804
mel86,Zn,Ti,Zn/Ti,0.12485995733653447
mel86,Zn,y,Zn/y,0.12683304468955597
mel86,Zn,C_star,Zn/C_star,0.08551294667432374
mel86,Mn,K,Mn/K,-0.015611303306700804
mel86,Mn,Ti,Mn/Ti,-0.0064718167552743735
mel86,Mn,y,Mn/y,-0.00449872940225287
mel86,Mn,C_star,Mn/C_star,-0.04581882741748511
mel86,K,Ti,K/Ti,0.009139486551426431
mel86,K,y,K/y,0.011112573904447934
mel86,K,C_star,K/C_star,-0.030207524110784312
mel86,Ti,y,Ti/y,0.0019730873530215028
mel86,Ti,C_star,Ti/C_star,-0.03934701066221069
mel86,y,C_star,y/C_star,-0.041320098015232204
mel87,L,h,L/h,0.012775128998743002
mel87,L,Si,L/Si,0.010668601177023673
mel87,L,Zn,L/Zn,0.006946320680711826
mel87,L,Mn,L/Mn,0.0189917976551659
mel87,L,K,L/K,0.024604814707923306
mel87,L,Ti,L/Ti,0.04125118909204367
mel87,L,y,L/y,0.0076541403445613
mel87,L,C_star,L/C_star,0.018008848236930386
mel87,h,Si,h/Si,-0.002106527821719339
mel87,h,Zn,h/Zn,-0.005828808318031172
mel87,h,Mn,h/Mn,0.006216668656422897
mel87,h,K,h/K,0.01182968570918029
mel87,h,Ti,h/Ti,0.02847606009330067
mel87,h,y,h/y,-0.005120988654181695
mel87,h,C_star,h/C_star,0.005233719238187384
mel87,Si,Zn,Si/Zn,-0.003722280496311833
mel87,Si,Mn,Si/Mn,0.008323196478142225
mel87,Si,K,Si/K,0.013936213530899633
mel87,Si,Ti,Si/Ti,0.030582587915020013
mel87,Si,y,Si/y,-0.0030144608324623526
mel87,Si,C_star,Si/C_star,0.007340247059906657
mel87,Zn,Mn,Zn/Mn,0.012045476974454072
mel87,Zn,K,Zn/K,0.017658494027211466
mel87,Zn,Ti,Zn/Ti,0.034304868411331846
mel87,Zn,y,Zn/y,0.0007078196638494808
mel87,Zn,C_star,Zn/C_star,0.011062527556218504
mel87,Mn,K,Mn/K,0.0056130170527574075
mel87,Mn,Ti,Mn/Ti,0.0222593914368778
mel87,Mn,y,Mn/y,-0.01133765731060457
mel87,Mn,C_star,Mn/C_star,-0.0009829494182355125
mel87,K,Ti,K/Ti,0.016646374384120394
mel87,K,y,K/y,-0.01695067436336198
mel87,K,C_star,K/C_star,-0.00659596647099292
mel87,Ti,y,Ti/y,-0.033597048747482365
mel87,Ti,C_star,Ti/C_star,-0.02324234085511323
mel87,y,C_star,y/C_star,0.010354707892369086
mel88,L,h,L/h,0.020514743367566146
mel88,L,Si,L/Si,-0.012887520922199483
mel88,L,Zn,L/Zn,-0.0016903593647291382
mel88,L,Mn,L/Mn,0.00044211704226423953
mel88,L,K,L/K,0.00607616714265212
mel88,L,Ti,L/Ti,0.003975018654485685
mel88,L,y,L/y,0.0015371618480351512
mel88,L,C_star,L/C_star,0.002982820043729406
mel88,h,Si,h/Si,-0.033402264289765615
mel88,h,Zn,h/Zn,-0.02220510273229527
mel88,h,Mn,h/Mn,-0.020072626325301893
mel88,h,K,h/K,-0.014438576224914013
mel88,h,Ti,h/Ti,-0.01653972471308044
mel88,h,y,h/y,-0.018977581519531002
mel88,h,C_star,h/C_star,-0.01753192332383674
mel88,Si,Zn,Si/Zn,0.011197161557470345
mel88,Si,Mn,Si/Mn,0.013329637964463723
mel88,Si,K,Si/K,0.018963688064851603
mel88,Si,Ti,Si/Ti,0.016862539576685175
mel88,Si,y,Si/y,0.014424682770234617
mel88,Si,C_star,Si/C_star,0.015870340965928875
mel88,Zn,Mn,Zn/Mn,0.0021324764069933777
mel88,Zn,K,Zn/K,0.007766526507381258
mel88,Zn,Ti,Zn/Ti,0.00566537801921483
mel88,Zn,y,Zn/y,0.003227521212764272
mel88,Zn,C_star,Zn/C_star,0.004673179408458544
mel88,Mn,K,Mn/K,0.00563405010038788
mel88,Mn,Ti,Mn/Ti,0.003532901612221452
mel88,Mn,y,Mn/y,0.0010950448057708978
mel88,Mn,C_star,Mn/C_star,0.002540703001465139
mel88,K,Ti,K/Ti,-0.002101148488166428
mel88,K,y,K/y,-0.004539005294616989
mel88,K,C_star,K/C_star,-0.0030933470989227274
mel88,Ti,y,Ti/y,-0.0024378568064505578
mel88,Ti,C_star,Ti/C_star,-0.0009921986107562786
mel88,y,C_star,y/C_star,0.0014456581956943104
mel89,L,h,L/h,0.028919118908509456
mel89,L,Si,L/Si,-0.04578320591745244
mel89,L,Zn,L/Zn,-0.04249860457390153
mel89,L,Mn,L/Mn,0.0037123249913058043
mel89,L,K,L/K,-0.008149771290622887
mel89,L,Ti,L/Ti,-0.008571192134695982
mel89,L,y,L/y,0.0035908104777259697
mel89,L,C_star,L/C_star,-0.016073932793043477
mel89,h,Si,h/Si,-0.07470232482596187
mel89,h,Zn,h/Zn,-0.0714177234824109
mel89,h,Mn,h/Mn,-0.02520679391720361
mel89,h,K,h/K,-0.03706889019913234
mel89,h,Ti,h/Ti,-0.037490311043205396
mel89,h,y,h/y,-0.025328308430783472
mel89,h,C_star,h/C_star,-0.04499305170155299
mel89,Si,Zn,Si/Zn,0.0032846013435509636
mel89,Si,Mn,Si/Mn,0.04949553090875827
mel89,Si,K,Si/K,0.037633434626829554
mel89,Si,Ti,Si/Ti,0.03721201378275649
mel89,Si,y,Si/y,0.04937401639517841
mel89,Si,C_star,Si/C_star,0.029709273124408964
mel89,Zn,Mn,Zn/Mn,0.04621092956520731
mel89,Zn,K,Zn/K,0.03434883328327859
mel89,Zn,Ti,Zn/Ti,0.03392741243920552
mel89,Zn,y,Zn/y,0.04608941505162745
mel89,Zn,C_star,Zn/C_star,0.026424671780858056
mel89,Mn,K,Mn/K,-0.011862096281928691
mel89,Mn,Ti,Mn/Ti,-0.012283517126001786
mel89,Mn,y,Mn/y,-0.00012151451357986925
mel89,Mn,C_star,Mn/C_star,-0.01978625778434928
mel89,K,Ti,K/Ti,-0.00042142084407303937
mel89,K,y,K/y,0.011740581768348857
mel89,K,C_star,K/C_star,-0.00792416150242059
mel89,Ti,y,Ti/y,0.012162002612421924
mel89,Ti,C_star,Ti/C_star,-0.00750274065834744
mel89,y,C_star,y/C_star,-0.01966474327076939
mel90,L,h,L/h,0.030345789031475445
mel90,L,Si,L/Si,0.02014114476475709
mel90,L,Zn,L/Zn,-0.001616174729183073
mel90,L,Mn,L/Mn,0.011630761360083841
mel90,L,K,L/K,0.01674900660860451
mel90,L,Ti,L/Ti,0.0021599536949180598
mel90,L,y,L/y,0.02760567427482552
mel90,L,C_star,L/C_star,-0.0006811953856363795
mel90,h,Si,h/Si,-0.010204644266718386
mel90,h,Zn,h/Zn,-0.031961963760658504
mel90,h,Mn,h/Mn,-0.018715027671391604
mel90,h,K,h/K,-0.013596782422870962
mel90,h,Ti,h/Ti,-0.028185835336557392
mel90,h,y,h/y,-0.002740114756649953
mel90,h,C_star,h/C_star,-0.031026984417111936
mel90,Si,Zn,Si/Zn,-0.021757319493940115
mel90,Si,Mn,Si/Mn,-0.00851038340467325
mel90,Si,K,Si/K,-0.00339213815615258
mel90,Si,Ti,Si/Ti,-0.017981191069839007
mel90,Si,y,Si/y,0.007464529510068433
mel90,Si,C_star,Si/C_star,-0.020822340150393526
mel90,Zn,Mn,Zn/Mn,0.013246936089266914
mel90,Zn,K,Zn/K,0.018365181337787542
mel90,Zn,Ti,Zn/Ti,0.003776128424101112
mel90,Zn,y,Zn/y,0.02922184900400855
mel90,Zn,C_star,Zn/C_star,0.0009349793435465825
mel90,Mn,K,Mn/K,0.00511824524852067
mel90,Mn,Ti,Mn/Ti,-0.009470807665165781
mel90,Mn,y,Mn/y,0.01597491291474168
mel90,Mn,C_star,Mn/C_star,-0.01231195674572022
mel90,K,Ti,K/Ti,-0.014589052913686437
mel90,K,y,K/y,0.01085666766622101
mel90,K,C_star,K/C_star,-0.017430201994240946
mel90,Ti,y,Ti/y,0.02544572057990744
mel90,Ti,C_star,Ti/C_star,-0.0028411490805544393
mel90,y,C_star,y/C_star,-0.0282868696604619
mel91,L,h,L/h,0.04894854415731059
mel91,L,Si,L/Si,-0.12591977214905237
mel91,L,Zn,L/Zn,0.018701374016561245
mel91,L,Mn,L/Mn,-0.01534441648247381
mel91,L,K,L/K,-0.03477322028279467
mel91,L,Ti,L/Ti,-0.04376175100224872
mel91,L,y,L/y,0.027174590476276628
mel91,L,C_star,L/C_star,0.0013201238439419782
mel91,h,Si,h/Si,-0.17486831630636293
mel91,h,Zn,h/Zn,-0.030247170140749402
mel91,h,Mn,h/Mn,-0.0642929606397844
mel91,h,K,h/K,-0.08372176444010526
mel91,h,Ti,h/Ti,-0.09271029515955928
mel91,h,y,h/y,-0.021773953681034006
mel91,h,C_star,h/C_star,-0.04762842031336856
mel91,Si,Zn,Si/Zn,0.1446211461656135
mel91,Si,Mn,Si/Mn,0.11057535566657853
mel91,Si,K,Si/K,0.09114655186625764
mel91,Si,Ti,Si/Ti,0.08215802114680362
mel91,Si,y,Si/y,0.15309436262532888
mel91,Si,C_star,Si/C_star,0.12723989599299435
mel91,Zn,Mn,Zn/Mn,-0.03404579049903499
mel91,Zn,K,Zn/K,-0.053474594299355915
mel91,Zn,Ti,Zn/Ti,-0.06246312501880988
mel91,Zn,y,Zn/y,0.008473216459715393
mel91,Zn,C_star,Zn/C_star,-0.017381250172619267
mel91,Mn,K,Mn/K,-0.01942880380032086
mel91,Mn,Ti,Mn/Ti,-0.028417334519774906
mel91,Mn,y,Mn/y,0.04251900695875038
mel91,Mn,C_star,Mn/C_star,0.016664540326415733
mel91,K,Ti,K/Ti,-0.008988530719454046
mel91,K,y,K/y,0.06194781075907124
mel91,K,C_star,K/C_star,0.03609334412673665
mel91,Ti,y,Ti/y,0.07093634147852526
mel91,Ti,C_star,Ti/C_star,0.045081874846190695
mel91,y,C_star,y/C_star,-0.025854466632334594
mel92,L,h,L/h,0.022907734535810867
mel92,L,Si,L/Si,0.0006332135988335805
mel92,L,Zn,L/Zn,-0.0042121696342209206
mel92,L,Mn,L/Mn,0.018479036513031982
mel92,L,K,L/K,0.01992024641461334
mel92,L,Ti,L/Ti,0.026240541843451107
mel92,L,y,L/y,0.024409965930371168
mel92,L,C_star,L/C_star,0.0311267148055532
mel92,h,Si,h/Si,-0.022274520936977286
mel92,h,Zn,h/Zn,-0.02711990417003178
mel92,h,Mn,h/Mn,-0.004428698022778899
mel92,h,K,h/K,-0.0029874881211975207
mel92,h,Ti,h/Ti,0.00333280730764024
mel92,h,y,h/y,0.001502231394560299
mel92,h,C_star,h/C_star,0.00821898026974234
mel92,Si,Zn,Si/Zn,-0.004845383233054501
mel92,Si,Mn,Si/Mn,0.017845822914198395
mel92,Si,K,Si/K,0.01928703281577976
mel92,Si,Ti,Si/Ti,0.02560732824461752
mel92,Si,y,Si/y,0.023776752331537584
mel92,Si,C_star,Si/C_star,0.03049350120671962
mel92,Zn,Mn,Zn/Mn,0.022691206147252896
mel92,Zn,K,Zn/K,0.02413241604883426
mel92,Zn,Ti,Zn/Ti,0.03045271147767202
mel92,Zn,y,Zn/y,0.02862213556459209
mel92,Zn,C_star,Zn/C_star,0.03533888443977412
mel92,Mn,K,Mn/K,0.001441209901581364
mel92,Mn,Ti,Mn/Ti,0.007761505330419111
mel92,Mn,y,Mn/y,0.005930929417339192
mel92,Mn,C_star,Mn/C_star,0.012647678292521225
mel92,K,Ti,K/Ti,0.0063202954288377605
mel92,K,y,K/y,0.0044897195157578285
mel92,K,C_star,K/C_star,0.011206468390939861
mel92,Ti,y,Ti/y,-0.001830575913079932
mel92,Ti,C_star,Ti/C_star,0.0048861729621021005
mel92,y,C_star,y/C_star,0.0067167488751820326
mel93,L,h,L/h,0.028038064786222894
mel93,L,Si,L/Si,0.022621646126849027
mel93,L,Zn,L/Zn,0.06343609765959726
mel93,L,Mn,L/Mn,-0.006574478936029304
mel93,L,K,L/K,-0.003613013625417605
mel93,L,Ti,L/Ti,0.020461558496146393
mel93,L,y,L/y,0.028755630811140714
mel93,L,C_star,L/C_star,0.030068292263955576
mel93,h,Si,h/Si,-0.005416418659373881
mel93,h,Zn,h/Zn,0.035398032873374355
mel93,h,Mn,h/Mn,-0.0346125437222522
mel93,h,K,h/K,-0.03165107841164051
mel93,h,Ti,h/Ti,-0.007576506290076501
mel93,h,y,h/y,0.0007175660249178241
mel93,h,C_star,h/C_star,0.0020302274777326823
mel93,Si,Zn,Si/Zn,0.040814451532748236
mel93,Si,Mn,Si/Mn,-0.02919612506287833
mel93,Si,K,Si/K,-0.026234659752266618
mel93,Si,Ti,Si/Ti,-0.00216008763070262
mel93,Si,y,Si/y,0.006133984684291705
mel93,Si,C_star,Si/C_star,0.0074466461371065495
mel93,Zn,Mn,Zn/Mn,-0.07001057659562654
mel93,Zn,K,Zn/K,-0.06704911128501485
mel93,Zn,Ti,Zn/Ti,-0.042974539163450856
mel93,Zn,y,Zn/y,-0.034680466848456534
mel93,Zn,C_star,Zn/C_star,-0.03336780539564166
mel93,Mn,K,Mn/K,0.0029614653106116995
mel93,Mn,Ti,Mn/Ti,0.027036037432175697
mel93,Mn,y,Mn/y,0.035330109747170046
mel93,Mn,C_star,Mn/C_star,0.03664277119998488
mel93,K,Ti,K/Ti,0.024074572121563997
mel93,K,y,K/y,0.03236864443655832
mel93,K,C_star,K/C_star,0.03368130588937318
mel93,Ti,y,Ti/y,0.008294072314994322
mel93,Ti,C_star,Ti/C_star,0.009606733767809184
mel93,y,C_star,y/C_star,0.001312661452814834
mel94,L,h,L/h,0.01880394174335326
mel94,L,Si,L/Si,-0.0005363151270289801
mel94,L,Zn,L/Zn,-0.10181230270132949
mel94,L,Mn,L/Mn,-0.012997209142085214
mel94,L,K,L/K,-0.04417225053647811
mel94,L,Ti,L/Ti,-0.022349418411997002
mel94,L,y,L/y,-0.007002347240000484
mel94,L,C_star,L/C_star,-0.05609406302719569
mel94,h,Si,h/Si,-0.01934025687038226
mel94,h,Zn,h/Zn,-0.12061624444468276
mel94,h,Mn,h/Mn,-0.03180115088543847
mel94,h,K,h/K,-0.06297619227983137
mel94,h,Ti,h/Ti,-0.04115336015535026
mel94,h,y,h/y,-0.025806288983353763
mel94,h,C_star,h/C_star,-0.07489800477054898
mel94,Si,Zn,Si/Zn,-0.10127598757430051
mel94,Si,Mn,Si/Mn,-0.012460894015056234
mel94,Si,K,Si/K,-0.04363593540944913
mel94,Si,Ti,Si/Ti,-0.021813103284968022
mel94,Si,y,Si/y,-0.006466032112971511
mel94,Si,C_star,Si/C_star,-0.055557747900166654
mel94,Zn,Mn,Zn/Mn,0.08881509355924427
mel94,Zn,K,Zn/K,0.05764005216485138
mel94,Zn,Ti,Zn/Ti,0.07946288428933249
mel94,Zn,y,Zn/y,0.094809955461329
mel94,Zn,C_star,Zn/C_star,0.0457182396741338
mel94,Mn,K,Mn/K,-0.031175041394392894
mel94,Mn,Ti,Mn/Ti,-0.009352209269911788
mel94,Mn,y,Mn/y,0.0059948619020847305
mel94,Mn,C_star,Mn/C_star,-0.043096853885110475
mel94,K,Ti,K/Ti,0.021822832124481106
mel94,K,y,K/y,0.0371699032964776
mel94,K,C_star,K/C_star,-0.011921812490717582
mel94,Ti,y,Ti/y,0.015347071171996504
mel94,Ti,C_star,Ti/C_star,-0.03374464461519869
mel94,y,C_star,y/C_star,-0.049091715787195234
mel95,L,h,L/h,0.012265618001888828
mel95,L,Si,L/Si,0.04337544577244962
mel95,L,Zn,L/Zn,-0.002386887025840473
mel95,L,Mn,L/Mn,0.03927338801627103
mel95,L,K,L/K,0.037237819876307254
mel95,L,Ti,L/Ti,0.029585060521518963
mel95,L,y,L/y,0.000905268631187367
mel95,L,C_star,L/C_star,0.0068904459010477315
mel95,h,Si,h/Si,0.031109827770560823
mel95,h,Zn,h/Zn,-0.014652505027729284
mel95,h,Mn,h/Mn,0.027007770014382204
mel95,h,K,h/K,0.024972201874418454
mel95,h,Ti,h/Ti,0.017319442519630152
mel95,h,y,h/y,-0.011360349370701423
mel95,h,C_star,h/C_star,-0.005375172100841041
mel95,Si,Zn,Si/Zn,-0.045762332798290103
mel95,Si,Mn,Si/Mn,-0.004102057756178584
mel95,Si,K,Si/K,-0.006137625896142369
mel95,Si,Ti,Si/Ti,-0.01379038525093067
mel95,Si,y,Si/y,-0.04247017714126225
mel95,Si,C_star,Si/C_star,-0.03648499987140191
mel95,Zn,Mn,Zn/Mn,0.04166027504211152
mel95,Zn,K,Zn/K,0.039624706902147734
mel95,Zn,Ti,Zn/Ti,0.031971947547359436
mel95,Zn,y,Zn/y,0.0032921556570278624
mel95,Zn,C_star,Zn/C_star,0.009277332926888204
mel95,Mn,K,Mn/K,-0.0020355681399637643
mel95,Mn,Ti,Mn/Ti,-0.00968832749475207
mel95,Mn,y,Mn/y,-0.03836811938508365
mel95,Mn,C_star,Mn/C_star,-0.03238294211522333
mel95,K,Ti,K/Ti,-0.007652759354788305
mel95,K,y,K/y,-0.03633255124511987
mel95,K,C_star,K/C_star,-0.03034737397525955
mel95,Ti,y,Ti/y,-0.028679791890331575
mel95,Ti,C_star,Ti/C_star,-0.022694614620471232
mel95,y,C_star,y/C_star,0.005985177269860309
mel96,L,h,L/h,0.03407609395483702
mel96,L,Si,L/Si,0.005711010203011957
mel96,L,Zn,L/Zn,-0.017656119073820253
mel96,L,Mn,L/Mn,0.07224586689442869
mel96,L,K,L/K,0.08202013235825936
mel96,L,Ti,L/Ti,0.020334121155965
mel96,L,y,L/y,0.0024587745409890283
mel96,L,C_star,L/C_star,-0.03038857088885971
mel96,h,Si,h/Si,-0.028365083751825004
mel96,h,Zn,h/Zn,-0.05173221302865721
mel96,h,Mn,h/Mn,0.0381697729395917
mel96,h,K,h/K,0.04794403840342237
mel96,h,Ti,h/Ti,-0.013741972798871994
mel96,h,y,h/y,-0.03161731941384795
mel96,h,C_star,h/C_star,-0.06446466484369673
mel96,Si,Zn,Si/Zn,-0.02336712927683221
mel96,Si,Mn,Si/Mn,0.0665348566914167
mel96,Si,K,Si/K,0.07630912215524738
mel96,Si,Ti,Si/Ti,0.01462311095295301
mel96,Si,y,Si/y,-0.0032522356620229426
mel96,Si,C_star,Si/C_star,-0.036099581091871724
mel96,Zn,Mn,Zn/Mn,0.08990198596824892
mel96,Zn,K,Zn/K,0.09967625143207962
mel96,Zn,Ti,Zn/Ti,0.03799024022978521
mel96,Zn,y,Zn/y,0.02011489361480926
mel96,Zn,C_star,Zn/C_star,-0.012732451815039514
mel96,Mn,K,Mn/K,0.0097742654638307
mel96,Mn,Ti,Mn/Ti,-0.051911745738463695
mel96,Mn,y,Mn/y,-0.06978709235343966
mel96,Mn,C_star,Mn/C_star,-0.1026344377832884
mel96,K,Ti,K/Ti,-0.06168601120229436
mel96,K,y,K/y,-0.07956135781727033
mel96,K,C_star,K/C_star,-0.1124087032471191
mel96,Ti,y,Ti/y,-0.017875346614975952
mel96,Ti,C_star,Ti/C_star,-0.05072269204482471
mel96,y,C_star,y/C_star,-0.03284734542984874
mel97,L,h,L/h,0.041506826770652094
mel97,L,Si,L/Si,0.03733049296513408
mel97,L,Zn,L/Zn,0.04012662109561177
mel97,L,Mn,L/Mn,0.022416591795266755
mel97,L,K,L/K,0.0366959739323226
mel97,L,Ti,L/Ti,0.07308796792950767
mel97,L,y,L/y,0.031114481898358692
mel97,L,C_star,L/C_star,-0.000491775327912225
mel97,h,Si,h/Si,-0.004176333805518011
mel97,h,Zn,h/Zn,-0.0013802056750403698
mel97,h,Mn,h/Mn,-0.019090234975385367
mel97,h,K,h/K,-0.004810852838329521
mel97,h,Ti,h/Ti,0.03158114115885554
mel97,h,y,h/y,-0.010392344872293457
mel97,h,C_star,h/C_star,-0.04199860209856443
mel97,Si,Zn,Si/Zn,0.0027961281304776375
mel97,Si,Mn,Si/Mn,-0.01491390116986735
mel97,Si,K,Si/K,-0.0006345190328115313
mel97,Si,Ti,Si/Ti,0.03575747496437355
mel97,Si,y,Si/y,-0.006216011066775447
mel97,Si,C_star,Si/C_star,-0.03782226829304636
mel97,Zn,Mn,Zn/Mn,-0.017710029300345015
mel97,Zn,K,Zn/K,-0.003430647163289141
mel97,Zn,Ti,Zn/Ti,0.03296134683389591
mel97,Zn,y,Zn/y,-0.009012139197253084
mel97,Zn,C_star,Zn/C_star,-0.04061839642352394
mel97,Mn,K,Mn/K,0.014279382137055846
mel97,Mn,Ti,Mn/Ti,0.050671376134240914
mel97,Mn,y,Mn/y,0.00869789010309191
mel97,Mn,C_star,Mn/C_star,-0.022908367123179008
mel97,K,Ti,K/Ti,0.03639199399718504
mel97,K,y,K/y,-0.005581492033963936
mel97,K,C_star,K/C_star,-0.037187749260234826
mel97,Ti,y,Ti/y,-0.041973486031149
mel97,Ti,C_star,Ti/C_star,-0.07357974325741978
mel97,y,C_star,y/C_star,-0.03160625722627086
