2026-07-12T06:11:14.353Z 	 info: Azurite Blob service is starting on 127.0.0.1:10000
2026-07-12T06:11:14.355Z 	 info: AccountDataStore:init() Refresh accounts from environment variable AZURITE_ACCOUNTS with value undefined
2026-07-12T06:11:14.355Z 	 info: AccountDataStore:init() Fallback to default emulator account devstoreaccount1.
2026-07-12T06:11:14.389Z 	 info: BlobGCManager:start() Starting BlobGCManager. Set status to Initializing.
2026-07-12T06:11:14.389Z 	 info: BlobGCManager:start() Trigger mark and sweep loop. Set status to Running.
2026-07-12T06:11:14.390Z 	 info: BlobGCManager:markSweepLoop() Start next mark and sweep.
2026-07-12T06:11:14.390Z 	 info: BlobGCManager:markSweep() Get all extents.
2026-07-12T06:11:14.392Z 	 info: BlobGCManager:start() BlobGCManager successfully started.
2026-07-12T06:11:14.405Z 	 info: BlobGCManager:markSweep() Got 0 extents.
2026-07-12T06:11:14.406Z 	 info: BlobGCManager:markSweep() Get referred extents.
2026-07-12T06:11:14.407Z 	 info: BlobGCManager:markSweep() Got referred extents, unreferenced extents count is 0.
2026-07-12T06:11:14.407Z 	 info: BlobGCManager:markSweepLoop() Mark and sweep finished, taken 17ms.
2026-07-12T06:11:14.407Z 	 info: BlobGCManager:markSweepLoop() Sleep for 600000ms.
2026-07-12T06:11:14.412Z 	 info: Azurite Blob service successfully listens on http://127.0.0.1:10000
2026-07-12T06:11:14.412Z 	 info: Azurite Queue service is starting on 127.0.0.1:10001
2026-07-12T06:11:14.413Z 	 info: AccountDataStore:init() Refresh accounts from environment variable AZURITE_ACCOUNTS with value undefined
2026-07-12T06:11:14.413Z 	 info: AccountDataStore:init() Fallback to default emulator account devstoreaccount1.
2026-07-12T06:11:14.436Z 	 info: QueueGCManager:start() Starting QueueGCManager, set status to Initializing
2026-07-12T06:11:14.436Z 	 info: QueueGCManager:start() Trigger mark and sweep loop, set status to Running.
2026-07-12T06:11:14.437Z 	 info: QueueGCManager:markSweepLoop() Start new mark and sweep.
2026-07-12T06:11:14.437Z 	 info: QueueGCManger:markSweep() Get all extents.
2026-07-12T06:11:14.438Z 	 info: QueueGCManager:start() QueueGCManager successfully started.
2026-07-12T06:11:14.438Z 	 info: QueueGCManager:marksweep() Get 0 extents.
2026-07-12T06:11:14.438Z 	 info: QueueGCManager:markSweep() Get referred extents, then remove from allExtents.
2026-07-12T06:11:14.439Z 	 info: QueueGCManager:markSweep() Got referred extents, unreferenced extents count is 0.
2026-07-12T06:11:14.439Z 	 info: QueueGCManager:markSweepLoop() Mark and sweep finished, take 2ms.
2026-07-12T06:11:14.439Z 	 info: QueueGCManager:markSweepLoop() Sleep for 60000
2026-07-12T06:11:14.440Z 	 info: Azurite Queue service successfully listens on http://127.0.0.1:10001
2026-07-12T06:11:14.441Z 	 info: Azurite Table service is starting on 127.0.0.1:10002
2026-07-12T06:11:14.441Z 	 info: AccountDataStore:init() Refresh accounts from environment variable AZURITE_ACCOUNTS with value undefined
2026-07-12T06:11:14.441Z 	 info: AccountDataStore:init() Fallback to default emulator account devstoreaccount1.
2026-07-12T06:11:14.466Z 	 info: Azurite Table service successfully listens on http://127.0.0.1:10002
2026-07-12T06:11:14.467Z 	 info: InstaceID 7854f9ec-0f37-465d-9ecf-0bb00fd0ca8f, SessionID d15639d2-932f-4cd9-be20-34579825bf36.
2026-07-12T06:11:14.552Z 	 info: Telemetry initialize successfully.
2026-07-12T06:11:14.556Z 	 verbose: Send start telemetry
2026-07-12T06:11:36.112Z 5baab637-1fbf-4d70-89a6-c347f47f3c50 info: BlobStorageContextMiddleware: RequestMethod=HEAD RequestURL=http://127.0.0.1/devstoreaccount1/azure-webjobs-hosts/locks/desktopk3253ts-1555588203/host RequestHeaders:{"host":"127.0.0.1:10000","x-ms-version":"2024-11-04","accept":"application/xml","x-ms-client-request-id":"c90a0b80-0d52-4396-9560-eff301d3d82b","x-ms-return-client-request-id":"true","user-agent":"azsdk-net-Storage.Blobs/12.22.1 (.NET 8.0.28; Microsoft Windows 10.0.19045)","x-ms-date":"Sun, 12 Jul 2026 06:11:36 GMT","authorization":"SharedKey devstoreaccount1:PFtvjAxgVYG/dbpkFur6cWCnIGaMqMIX1Trk8ZAGsKY="} ClientIP=127.0.0.1 Protocol=http HTTPVersion=1.1
2026-07-12T06:11:36.113Z 5baab637-1fbf-4d70-89a6-c347f47f3c50 info: BlobStorageContextMiddleware: Account=devstoreaccount1 Container=azure-webjobs-hosts Blob=locks/desktopk3253ts-1555588203/host
2026-07-12T06:11:36.113Z 5baab637-1fbf-4d70-89a6-c347f47f3c50 verbose: DispatchMiddleware: Dispatching request...
2026-07-12T06:11:36.114Z 5baab637-1fbf-4d70-89a6-c347f47f3c50 info: DispatchMiddleware: Operation=Blob_GetProperties
2026-07-12T06:11:36.115Z 5baab637-1fbf-4d70-89a6-c347f47f3c50 verbose: AuthenticationMiddlewareFactory:createAuthenticationMiddleware() Validating authentications.
2026-07-12T06:11:36.115Z 5baab637-1fbf-4d70-89a6-c347f47f3c50 info: PublicAccessAuthenticator:validate() Start validation against public access.
2026-07-12T06:11:36.115Z 5baab637-1fbf-4d70-89a6-c347f47f3c50 debug: PublicAccessAuthenticator:validate() Getting account properties...
2026-07-12T06:11:36.115Z 5baab637-1fbf-4d70-89a6-c347f47f3c50 debug: PublicAccessAuthenticator:validate() Retrieved account name from context: devstoreaccount1, container: azure-webjobs-hosts, blob: locks/desktopk3253ts-1555588203/host
2026-07-12T06:11:36.122Z 5baab637-1fbf-4d70-89a6-c347f47f3c50 debug: PublicAccessAuthenticator:validate() Skip public access authentication. Cannot get public access type for container azure-webjobs-hosts
2026-07-12T06:11:36.123Z 5baab637-1fbf-4d70-89a6-c347f47f3c50 info: BlobSharedKeyAuthenticator:validate() Start validation against account shared key authentication.
2026-07-12T06:11:36.135Z 5baab637-1fbf-4d70-89a6-c347f47f3c50 info: BlobSharedKeyAuthenticator:validate() [STRING TO SIGN]:"HEAD\n\n\n\n\n\n\n\n\n\n\n\nx-ms-client-request-id:c90a0b80-0d52-4396-9560-eff301d3d82b\nx-ms-date:Sun, 12 Jul 2026 06:11:36 GMT\nx-ms-return-client-request-id:true\nx-ms-version:2024-11-04\n/devstoreaccount1/devstoreaccount1/azure-webjobs-hosts/locks/desktopk3253ts-1555588203/host"
2026-07-12T06:11:36.137Z 5baab637-1fbf-4d70-89a6-c347f47f3c50 info: BlobSharedKeyAuthenticator:validate() Calculated authentication header based on key1: SharedKey devstoreaccount1:PFtvjAxgVYG/dbpkFur6cWCnIGaMqMIX1Trk8ZAGsKY=
2026-07-12T06:11:36.137Z 5baab637-1fbf-4d70-89a6-c347f47f3c50 info: BlobSharedKeyAuthenticator:validate() Signature 1 matched.
2026-07-12T06:11:36.137Z 5baab637-1fbf-4d70-89a6-c347f47f3c50 verbose: DeserializerMiddleware: Start deserializing...
2026-07-12T06:11:36.138Z 5baab637-1fbf-4d70-89a6-c347f47f3c50 info: HandlerMiddleware: DeserializedParameters={"options":{"requestId":"c90a0b80-0d52-4396-9560-eff301d3d82b","leaseAccessConditions":{},"cpkInfo":{},"modifiedAccessConditions":{}},"version":"2024-11-04"}
2026-07-12T06:11:36.139Z 5baab637-1fbf-4d70-89a6-c347f47f3c50 error: ErrorMiddleware: Received a MiddlewareError, fill error information to HTTP response
2026-07-12T06:11:36.140Z 5baab637-1fbf-4d70-89a6-c347f47f3c50 error: ErrorMiddleware: ErrorName=StorageError ErrorMessage=The specified container does not exist.  ErrorHTTPStatusCode=404 ErrorHTTPStatusMessage=The specified container does not exist. ErrorHTTPHeaders={"x-ms-error-code":"ContainerNotFound","x-ms-request-id":"5baab637-1fbf-4d70-89a6-c347f47f3c50"} ErrorHTTPBody="<?xml version=\"1.0\" encoding=\"UTF-8\" standalone=\"yes\"?>\n<Error>\n  <Code>ContainerNotFound</Code>\n  <Message>The specified container does not exist.\nRequestId:5baab637-1fbf-4d70-89a6-c347f47f3c50\nTime:2026-07-12T06:11:36.139Z</Message>\n</Error>" ErrorStack="StorageError: The specified container does not exist.\n    at StorageErrorFactory.getContainerNotFound (C:\\Users\\Rodrigo\\AppData\\Roaming\\npm\\node_modules\\azurite\\dist\\src\\blob\\errors\\StorageErrorFactory.js:14:16)\n    at LokiBlobMetadataStore.checkContainerExist (C:\\Users\\Rodrigo\\AppData\\Roaming\\npm\\node_modules\\azurite\\dist\\src\\blob\\persistence\\LokiBlobMetadataStore.js:566:49)\n    at LokiBlobMetadataStore.getBlobWithLeaseUpdated (C:\\Users\\Rodrigo\\AppData\\Roaming\\npm\\node_modules\\azurite\\dist\\src\\blob\\persistence\\LokiBlobMetadataStore.js:2104:20)\n    at LokiBlobMetadataStore.getBlobProperties (C:\\Users\\Rodrigo\\AppData\\Roaming\\npm\\node_modules\\azurite\\dist\\src\\blob\\persistence\\LokiBlobMetadataStore.js:866:32)\n    at BlobHandler.getProperties (C:\\Users\\Rodrigo\\AppData\\Roaming\\npm\\node_modules\\azurite\\dist\\src\\blob\\handlers\\BlobHandler.js:73:46)\n    at C:\\Users\\Rodrigo\\AppData\\Roaming\\npm\\node_modules\\azurite\\dist\\src\\blob\\generated\\middleware\\HandlerMiddlewareFactory.js:58:18\n    at C:\\Users\\Rodrigo\\AppData\\Roaming\\npm\\node_modules\\azurite\\dist\\src\\blob\\generated\\ExpressMiddlewareFactory.js:78:63\n    at Layer.handle [as handle_request] (C:\\Users\\Rodrigo\\AppData\\Roaming\\npm\\node_modules\\azurite\\node_modules\\express\\lib\\router\\layer.js:95:5)\n    at trim_prefix (C:\\Users\\Rodrigo\\AppData\\Roaming\\npm\\node_modules\\azurite\\node_modules\\express\\lib\\router\\index.js:328:13)\n    at C:\\Users\\Rodrigo\\AppData\\Roaming\\npm\\node_modules\\azurite\\node_modules\\express\\lib\\router\\index.js:286:9"
2026-07-12T06:11:36.140Z 5baab637-1fbf-4d70-89a6-c347f47f3c50 error: ErrorMiddleware: Set HTTP code: 404
2026-07-12T06:11:36.140Z 5baab637-1fbf-4d70-89a6-c347f47f3c50 error: ErrorMiddleware: Set HTTP status message: The specified container does not exist.
2026-07-12T06:11:36.140Z 5baab637-1fbf-4d70-89a6-c347f47f3c50 error: ErrorMiddleware: Set HTTP Header: x-ms-error-code=ContainerNotFound
2026-07-12T06:11:36.140Z 5baab637-1fbf-4d70-89a6-c347f47f3c50 error: ErrorMiddleware: Set HTTP Header: x-ms-request-id=5baab637-1fbf-4d70-89a6-c347f47f3c50
2026-07-12T06:11:36.140Z 5baab637-1fbf-4d70-89a6-c347f47f3c50 error: ErrorMiddleware: Set HTTP body: "<?xml version=\"1.0\" encoding=\"UTF-8\" standalone=\"yes\"?>\n<Error>\n  <Code>ContainerNotFound</Code>\n  <Message>The specified container does not exist.\nRequestId:5baab637-1fbf-4d70-89a6-c347f47f3c50\nTime:2026-07-12T06:11:36.139Z</Message>\n</Error>"
2026-07-12T06:11:36.141Z 5baab637-1fbf-4d70-89a6-c347f47f3c50 verbose: Send Blob telemetry: B_Blob_GetProperties
2026-07-12T06:11:36.141Z 5baab637-1fbf-4d70-89a6-c347f47f3c50 info: EndMiddleware: End response. TotalTimeInMS=29 StatusCode=404 StatusMessage=The specified container does not exist. Headers={"server":"Azurite-Blob/3.35.0","x-ms-error-code":"ContainerNotFound","x-ms-request-id":"5baab637-1fbf-4d70-89a6-c347f47f3c50"}
2026-07-12T06:11:36.159Z c8e69be5-b545-41dc-8858-9a80ff6c0062 info: BlobStorageContextMiddleware: RequestMethod=PUT RequestURL=http://127.0.0.1/devstoreaccount1/azure-webjobs-hosts/locks/desktopk3253ts-1555588203/host?comp=lease RequestHeaders:{"host":"127.0.0.1:10000","x-ms-lease-action":"acquire","x-ms-version":"2024-11-04","accept":"application/xml","x-ms-lease-duration":"15","x-ms-proposed-lease-id":"00000000000000000000000047B12EBF","x-ms-client-request-id":"7f9934e9-7661-4b53-836c-14cebd79d5c1","x-ms-return-client-request-id":"true","user-agent":"azsdk-net-Storage.Blobs/12.22.1 (.NET 8.0.28; Microsoft Windows 10.0.19045)","x-ms-date":"Sun, 12 Jul 2026 06:11:36 GMT","authorization":"SharedKey devstoreaccount1:cDebCC62F1fzb8giLHaFfmG4guM7VGzUyAtsd/GaDCU=","content-length":"0"} ClientIP=127.0.0.1 Protocol=http HTTPVersion=1.1
2026-07-12T06:11:36.159Z c8e69be5-b545-41dc-8858-9a80ff6c0062 info: BlobStorageContextMiddleware: Account=devstoreaccount1 Container=azure-webjobs-hosts Blob=locks/desktopk3253ts-1555588203/host
2026-07-12T06:11:36.159Z c8e69be5-b545-41dc-8858-9a80ff6c0062 verbose: DispatchMiddleware: Dispatching request...
2026-07-12T06:11:36.160Z c8e69be5-b545-41dc-8858-9a80ff6c0062 info: DispatchMiddleware: Operation=Blob_AcquireLease
2026-07-12T06:11:36.160Z c8e69be5-b545-41dc-8858-9a80ff6c0062 verbose: AuthenticationMiddlewareFactory:createAuthenticationMiddleware() Validating authentications.
2026-07-12T06:11:36.160Z c8e69be5-b545-41dc-8858-9a80ff6c0062 info: PublicAccessAuthenticator:validate() Start validation against public access.
2026-07-12T06:11:36.160Z c8e69be5-b545-41dc-8858-9a80ff6c0062 debug: PublicAccessAuthenticator:validate() Getting account properties...
2026-07-12T06:11:36.160Z c8e69be5-b545-41dc-8858-9a80ff6c0062 debug: PublicAccessAuthenticator:validate() Retrieved account name from context: devstoreaccount1, container: azure-webjobs-hosts, blob: locks/desktopk3253ts-1555588203/host
2026-07-12T06:11:36.161Z c8e69be5-b545-41dc-8858-9a80ff6c0062 debug: PublicAccessAuthenticator:validate() Skip public access authentication. Cannot get public access type for container azure-webjobs-hosts
2026-07-12T06:11:36.161Z c8e69be5-b545-41dc-8858-9a80ff6c0062 info: BlobSharedKeyAuthenticator:validate() Start validation against account shared key authentication.
2026-07-12T06:11:36.161Z c8e69be5-b545-41dc-8858-9a80ff6c0062 info: BlobSharedKeyAuthenticator:validate() [STRING TO SIGN]:"PUT\n\n\n\n\n\n\n\n\n\n\n\nx-ms-client-request-id:7f9934e9-7661-4b53-836c-14cebd79d5c1\nx-ms-date:Sun, 12 Jul 2026 06:11:36 GMT\nx-ms-lease-action:acquire\nx-ms-lease-duration:15\nx-ms-proposed-lease-id:00000000000000000000000047B12EBF\nx-ms-return-client-request-id:true\nx-ms-version:2024-11-04\n/devstoreaccount1/devstoreaccount1/azure-webjobs-hosts/locks/desktopk3253ts-1555588203/host\ncomp:lease"
2026-07-12T06:11:36.161Z c8e69be5-b545-41dc-8858-9a80ff6c0062 info: BlobSharedKeyAuthenticator:validate() Calculated authentication header based on key1: SharedKey devstoreaccount1:cDebCC62F1fzb8giLHaFfmG4guM7VGzUyAtsd/GaDCU=
2026-07-12T06:11:36.161Z c8e69be5-b545-41dc-8858-9a80ff6c0062 info: BlobSharedKeyAuthenticator:validate() Signature 1 matched.
2026-07-12T06:11:36.161Z c8e69be5-b545-41dc-8858-9a80ff6c0062 verbose: DeserializerMiddleware: Start deserializing...
2026-07-12T06:11:36.161Z c8e69be5-b545-41dc-8858-9a80ff6c0062 info: HandlerMiddleware: DeserializedParameters={"options":{"duration":15,"proposedLeaseId":"00000000000000000000000047B12EBF","requestId":"7f9934e9-7661-4b53-836c-14cebd79d5c1","modifiedAccessConditions":{}},"comp":"lease","version":"2024-11-04","action":"acquire"}
2026-07-12T06:11:36.162Z c8e69be5-b545-41dc-8858-9a80ff6c0062 error: ErrorMiddleware: Received a MiddlewareError, fill error information to HTTP response
2026-07-12T06:11:36.162Z c8e69be5-b545-41dc-8858-9a80ff6c0062 error: ErrorMiddleware: ErrorName=StorageError ErrorMessage=The specified container does not exist.  ErrorHTTPStatusCode=404 ErrorHTTPStatusMessage=The specified container does not exist. ErrorHTTPHeaders={"x-ms-error-code":"ContainerNotFound","x-ms-request-id":"c8e69be5-b545-41dc-8858-9a80ff6c0062"} ErrorHTTPBody="<?xml version=\"1.0\" encoding=\"UTF-8\" standalone=\"yes\"?>\n<Error>\n  <Code>ContainerNotFound</Code>\n  <Message>The specified container does not exist.\nRequestId:c8e69be5-b545-41dc-8858-9a80ff6c0062\nTime:2026-07-12T06:11:36.161Z</Message>\n</Error>" ErrorStack="StorageError: The specified container does not exist.\n    at StorageErrorFactory.getContainerNotFound (C:\\Users\\Rodrigo\\AppData\\Roaming\\npm\\node_modules\\azurite\\dist\\src\\blob\\errors\\StorageErrorFactory.js:14:16)\n    at LokiBlobMetadataStore.checkContainerExist (C:\\Users\\Rodrigo\\AppData\\Roaming\\npm\\node_modules\\azurite\\dist\\src\\blob\\persistence\\LokiBlobMetadataStore.js:566:49)\n    at LokiBlobMetadataStore.getBlobWithLeaseUpdated (C:\\Users\\Rodrigo\\AppData\\Roaming\\npm\\node_modules\\azurite\\dist\\src\\blob\\persistence\\LokiBlobMetadataStore.js:2104:20)\n    at LokiBlobMetadataStore.acquireBlobLease (C:\\Users\\Rodrigo\\AppData\\Roaming\\npm\\node_modules\\azurite\\dist\\src\\blob\\persistence\\LokiBlobMetadataStore.js:1044:32)\n    at BlobHandler.acquireLease (C:\\Users\\Rodrigo\\AppData\\Roaming\\npm\\node_modules\\azurite\\dist\\src\\blob\\handlers\\BlobHandler.js:242:46)\n    at C:\\Users\\Rodrigo\\AppData\\Roaming\\npm\\node_modules\\azurite\\dist\\src\\blob\\generated\\middleware\\HandlerMiddlewareFactory.js:58:18\n    at C:\\Users\\Rodrigo\\AppData\\Roaming\\npm\\node_modules\\azurite\\dist\\src\\blob\\generated\\ExpressMiddlewareFactory.js:78:63\n    at Layer.handle [as handle_request] (C:\\Users\\Rodrigo\\AppData\\Roaming\\npm\\node_modules\\azurite\\node_modules\\express\\lib\\router\\layer.js:95:5)\n    at trim_prefix (C:\\Users\\Rodrigo\\AppData\\Roaming\\npm\\node_modules\\azurite\\node_modules\\express\\lib\\router\\index.js:328:13)\n    at C:\\Users\\Rodrigo\\AppData\\Roaming\\npm\\node_modules\\azurite\\node_modules\\express\\lib\\router\\index.js:286:9"
2026-07-12T06:11:36.162Z c8e69be5-b545-41dc-8858-9a80ff6c0062 error: ErrorMiddleware: Set HTTP code: 404
2026-07-12T06:11:36.162Z c8e69be5-b545-41dc-8858-9a80ff6c0062 error: ErrorMiddleware: Set HTTP status message: The specified container does not exist.
2026-07-12T06:11:36.162Z c8e69be5-b545-41dc-8858-9a80ff6c0062 error: ErrorMiddleware: Set HTTP Header: x-ms-error-code=ContainerNotFound
2026-07-12T06:11:36.162Z c8e69be5-b545-41dc-8858-9a80ff6c0062 error: ErrorMiddleware: Set HTTP Header: x-ms-request-id=c8e69be5-b545-41dc-8858-9a80ff6c0062
2026-07-12T06:11:36.162Z c8e69be5-b545-41dc-8858-9a80ff6c0062 error: ErrorMiddleware: Set content type: application/xml
2026-07-12T06:11:36.162Z c8e69be5-b545-41dc-8858-9a80ff6c0062 error: ErrorMiddleware: Set HTTP body: "<?xml version=\"1.0\" encoding=\"UTF-8\" standalone=\"yes\"?>\n<Error>\n  <Code>ContainerNotFound</Code>\n  <Message>The specified container does not exist.\nRequestId:c8e69be5-b545-41dc-8858-9a80ff6c0062\nTime:2026-07-12T06:11:36.161Z</Message>\n</Error>"
2026-07-12T06:11:36.162Z c8e69be5-b545-41dc-8858-9a80ff6c0062 verbose: Send Blob telemetry: B_Blob_AcquireLease
2026-07-12T06:11:36.162Z c8e69be5-b545-41dc-8858-9a80ff6c0062 info: EndMiddleware: End response. TotalTimeInMS=3 StatusCode=404 StatusMessage=The specified container does not exist. Headers={"server":"Azurite-Blob/3.35.0","x-ms-error-code":"ContainerNotFound","x-ms-request-id":"c8e69be5-b545-41dc-8858-9a80ff6c0062","content-type":"application/xml"}
2026-07-12T06:11:36.168Z 7d445a4d-b9bc-47be-9655-fcbf72395956 info: BlobStorageContextMiddleware: RequestMethod=GET RequestURL=http://127.0.0.1/devstoreaccount1/?comp=list&maxresults=1 RequestHeaders:{"host":"127.0.0.1:10000","x-ms-version":"2024-11-04","accept":"application/xml","x-ms-client-request-id":"2f1c5cde-3193-43d2-b89e-c5b2e5f02e22","x-ms-return-client-request-id":"true","user-agent":"azsdk-net-Storage.Blobs/12.22.1 (.NET 8.0.28; Microsoft Windows 10.0.19045)","x-ms-date":"Sun, 12 Jul 2026 06:11:36 GMT","authorization":"SharedKey devstoreaccount1:55VlQnOdsENNllWMxoiescG4JNyN15+QJYt8cwLak6c="} ClientIP=127.0.0.1 Protocol=http HTTPVersion=1.1
2026-07-12T06:11:36.168Z 7d445a4d-b9bc-47be-9655-fcbf72395956 info: BlobStorageContextMiddleware: Account=devstoreaccount1 Container= Blob=
2026-07-12T06:11:36.168Z 7d445a4d-b9bc-47be-9655-fcbf72395956 verbose: DispatchMiddleware: Dispatching request...
2026-07-12T06:11:36.168Z 7d445a4d-b9bc-47be-9655-fcbf72395956 info: DispatchMiddleware: Operation=Service_ListContainersSegment
2026-07-12T06:11:36.168Z 7d445a4d-b9bc-47be-9655-fcbf72395956 verbose: AuthenticationMiddlewareFactory:createAuthenticationMiddleware() Validating authentications.
2026-07-12T06:11:36.168Z 7d445a4d-b9bc-47be-9655-fcbf72395956 info: PublicAccessAuthenticator:validate() Start validation against public access.
2026-07-12T06:11:36.168Z 7d445a4d-b9bc-47be-9655-fcbf72395956 debug: PublicAccessAuthenticator:validate() Getting account properties...
2026-07-12T06:11:36.168Z 7d445a4d-b9bc-47be-9655-fcbf72395956 debug: PublicAccessAuthenticator:validate() Retrieved account name from context: devstoreaccount1, container: , blob: 
2026-07-12T06:11:36.168Z 7d445a4d-b9bc-47be-9655-fcbf72395956 debug: PublicAccessAuthenticator:validate() Skip public access authentication. Cannot get public access type for container 
2026-07-12T06:11:36.168Z 7d445a4d-b9bc-47be-9655-fcbf72395956 info: BlobSharedKeyAuthenticator:validate() Start validation against account shared key authentication.
2026-07-12T06:11:36.169Z 7d445a4d-b9bc-47be-9655-fcbf72395956 info: BlobSharedKeyAuthenticator:validate() [STRING TO SIGN]:"GET\n\n\n\n\n\n\n\n\n\n\n\nx-ms-client-request-id:2f1c5cde-3193-43d2-b89e-c5b2e5f02e22\nx-ms-date:Sun, 12 Jul 2026 06:11:36 GMT\nx-ms-return-client-request-id:true\nx-ms-version:2024-11-04\n/devstoreaccount1/devstoreaccount1/\ncomp:list\nmaxresults:1"
2026-07-12T06:11:36.169Z 7d445a4d-b9bc-47be-9655-fcbf72395956 info: BlobSharedKeyAuthenticator:validate() Calculated authentication header based on key1: SharedKey devstoreaccount1:55VlQnOdsENNllWMxoiescG4JNyN15+QJYt8cwLak6c=
2026-07-12T06:11:36.169Z 7d445a4d-b9bc-47be-9655-fcbf72395956 info: BlobSharedKeyAuthenticator:validate() Signature 1 matched.
2026-07-12T06:11:36.169Z 7d445a4d-b9bc-47be-9655-fcbf72395956 verbose: DeserializerMiddleware: Start deserializing...
2026-07-12T06:11:36.169Z 7d445a4d-b9bc-47be-9655-fcbf72395956 info: HandlerMiddleware: DeserializedParameters={"options":{"maxresults":1,"include":[],"requestId":"2f1c5cde-3193-43d2-b89e-c5b2e5f02e22"},"comp":"list","version":"2024-11-04"}
2026-07-12T06:11:36.169Z 7d445a4d-b9bc-47be-9655-fcbf72395956 verbose: SerializerMiddleware: Start serializing...
2026-07-12T06:11:36.170Z 7d445a4d-b9bc-47be-9655-fcbf72395956 debug: Serializer: Raw response body string is <?xml version="1.0" encoding="UTF-8" standalone="yes"?><EnumerationResults ServiceEndpoint="http://127.0.0.1:10000/devstoreaccount1"><Prefix/><MaxResults>1</MaxResults><Containers/><NextMarker/></EnumerationResults>
2026-07-12T06:11:36.170Z 7d445a4d-b9bc-47be-9655-fcbf72395956 info: Serializer: Start returning stream body.
2026-07-12T06:11:36.171Z 7d445a4d-b9bc-47be-9655-fcbf72395956 verbose: Send Blob telemetry: B_Service_ListContainersSegment
2026-07-12T06:11:36.171Z 7d445a4d-b9bc-47be-9655-fcbf72395956 info: EndMiddleware: End response. TotalTimeInMS=4 StatusCode=200 StatusMessage=OK Headers={"server":"Azurite-Blob/3.35.0","x-ms-client-request-id":"2f1c5cde-3193-43d2-b89e-c5b2e5f02e22","x-ms-request-id":"7d445a4d-b9bc-47be-9655-fcbf72395956","x-ms-version":"2025-11-05","content-type":"application/xml"}
2026-07-12T06:11:36.187Z 78b1424a-bccd-4fbc-b8af-d1c48ff271c8 info: BlobStorageContextMiddleware: RequestMethod=PUT RequestURL=http://127.0.0.1/devstoreaccount1/azure-webjobs-hosts/locks/desktopk3253ts-1555588203/host RequestHeaders:{"host":"127.0.0.1:10000","x-ms-blob-type":"BlockBlob","if-none-match":"*","x-ms-version":"2024-11-04","accept":"application/xml","x-ms-client-request-id":"63f5b4ef-3c7f-4df4-a15b-cab03fe6ff29","x-ms-return-client-request-id":"true","user-agent":"azsdk-net-Storage.Blobs/12.22.1 (.NET 8.0.28; Microsoft Windows 10.0.19045)","x-ms-date":"Sun, 12 Jul 2026 06:11:36 GMT","authorization":"SharedKey devstoreaccount1:sIbBjp6757FhkBKdPcgGOAc7J82yzxoILDMn8f3WJcg=","content-length":"0","content-type":"application/octet-stream"} ClientIP=127.0.0.1 Protocol=http HTTPVersion=1.1
2026-07-12T06:11:36.187Z 78b1424a-bccd-4fbc-b8af-d1c48ff271c8 info: BlobStorageContextMiddleware: Account=devstoreaccount1 Container=azure-webjobs-hosts Blob=locks/desktopk3253ts-1555588203/host
2026-07-12T06:11:36.187Z 78b1424a-bccd-4fbc-b8af-d1c48ff271c8 verbose: DispatchMiddleware: Dispatching request...
2026-07-12T06:11:36.188Z 78b1424a-bccd-4fbc-b8af-d1c48ff271c8 info: DispatchMiddleware: Operation=BlockBlob_Upload
2026-07-12T06:11:36.188Z 78b1424a-bccd-4fbc-b8af-d1c48ff271c8 verbose: AuthenticationMiddlewareFactory:createAuthenticationMiddleware() Validating authentications.
2026-07-12T06:11:36.188Z 78b1424a-bccd-4fbc-b8af-d1c48ff271c8 info: PublicAccessAuthenticator:validate() Start validation against public access.
2026-07-12T06:11:36.188Z 78b1424a-bccd-4fbc-b8af-d1c48ff271c8 debug: PublicAccessAuthenticator:validate() Getting account properties...
2026-07-12T06:11:36.188Z 78b1424a-bccd-4fbc-b8af-d1c48ff271c8 debug: PublicAccessAuthenticator:validate() Retrieved account name from context: devstoreaccount1, container: azure-webjobs-hosts, blob: locks/desktopk3253ts-1555588203/host
2026-07-12T06:11:36.188Z 78b1424a-bccd-4fbc-b8af-d1c48ff271c8 debug: PublicAccessAuthenticator:validate() Skip public access authentication. Cannot get public access type for container azure-webjobs-hosts
2026-07-12T06:11:36.188Z 78b1424a-bccd-4fbc-b8af-d1c48ff271c8 info: BlobSharedKeyAuthenticator:validate() Start validation against account shared key authentication.
2026-07-12T06:11:36.189Z 78b1424a-bccd-4fbc-b8af-d1c48ff271c8 info: BlobSharedKeyAuthenticator:validate() [STRING TO SIGN]:"PUT\n\n\n\n\napplication/octet-stream\n\n\n\n*\n\n\nx-ms-blob-type:BlockBlob\nx-ms-client-request-id:63f5b4ef-3c7f-4df4-a15b-cab03fe6ff29\nx-ms-date:Sun, 12 Jul 2026 06:11:36 GMT\nx-ms-return-client-request-id:true\nx-ms-version:2024-11-04\n/devstoreaccount1/devstoreaccount1/azure-webjobs-hosts/locks/desktopk3253ts-1555588203/host"
2026-07-12T06:11:36.189Z 78b1424a-bccd-4fbc-b8af-d1c48ff271c8 info: BlobSharedKeyAuthenticator:validate() Calculated authentication header based on key1: SharedKey devstoreaccount1:sIbBjp6757FhkBKdPcgGOAc7J82yzxoILDMn8f3WJcg=
2026-07-12T06:11:36.189Z 78b1424a-bccd-4fbc-b8af-d1c48ff271c8 info: BlobSharedKeyAuthenticator:validate() Signature 1 matched.
2026-07-12T06:11:36.189Z 78b1424a-bccd-4fbc-b8af-d1c48ff271c8 verbose: DeserializerMiddleware: Start deserializing...
2026-07-12T06:11:36.189Z 78b1424a-bccd-4fbc-b8af-d1c48ff271c8 info: HandlerMiddleware: DeserializedParameters={"options":{"metadata":{},"requestId":"63f5b4ef-3c7f-4df4-a15b-cab03fe6ff29","blobHTTPHeaders":{},"leaseAccessConditions":{},"cpkInfo":{},"cpkScopeInfo":{},"modifiedAccessConditions":{"ifNoneMatch":"*"}},"contentLength":0,"version":"2024-11-04","blobType":"BlockBlob","body":"ReadableStream"}
2026-07-12T06:11:36.189Z 78b1424a-bccd-4fbc-b8af-d1c48ff271c8 error: ErrorMiddleware: Received a MiddlewareError, fill error information to HTTP response
2026-07-12T06:11:36.189Z 78b1424a-bccd-4fbc-b8af-d1c48ff271c8 error: ErrorMiddleware: ErrorName=StorageError ErrorMessage=The specified container does not exist.  ErrorHTTPStatusCode=404 ErrorHTTPStatusMessage=The specified container does not exist. ErrorHTTPHeaders={"x-ms-error-code":"ContainerNotFound","x-ms-request-id":"78b1424a-bccd-4fbc-b8af-d1c48ff271c8"} ErrorHTTPBody="<?xml version=\"1.0\" encoding=\"UTF-8\" standalone=\"yes\"?>\n<Error>\n  <Code>ContainerNotFound</Code>\n  <Message>The specified container does not exist.\nRequestId:78b1424a-bccd-4fbc-b8af-d1c48ff271c8\nTime:2026-07-12T06:11:36.189Z</Message>\n</Error>" ErrorStack="StorageError: The specified container does not exist.\n    at StorageErrorFactory.getContainerNotFound (C:\\Users\\Rodrigo\\AppData\\Roaming\\npm\\node_modules\\azurite\\dist\\src\\blob\\errors\\StorageErrorFactory.js:14:16)\n    at LokiBlobMetadataStore.checkContainerExist (C:\\Users\\Rodrigo\\AppData\\Roaming\\npm\\node_modules\\azurite\\dist\\src\\blob\\persistence\\LokiBlobMetadataStore.js:566:49)\n    at BlockBlobHandler.upload (C:\\Users\\Rodrigo\\AppData\\Roaming\\npm\\node_modules\\azurite\\dist\\src\\blob\\handlers\\BlockBlobHandler.js:40:34)\n    at C:\\Users\\Rodrigo\\AppData\\Roaming\\npm\\node_modules\\azurite\\dist\\src\\blob\\generated\\middleware\\HandlerMiddlewareFactory.js:58:18\n    at C:\\Users\\Rodrigo\\AppData\\Roaming\\npm\\node_modules\\azurite\\dist\\src\\blob\\generated\\ExpressMiddlewareFactory.js:78:63\n    at Layer.handle [as handle_request] (C:\\Users\\Rodrigo\\AppData\\Roaming\\npm\\node_modules\\azurite\\node_modules\\express\\lib\\router\\layer.js:95:5)\n    at trim_prefix (C:\\Users\\Rodrigo\\AppData\\Roaming\\npm\\node_modules\\azurite\\node_modules\\express\\lib\\router\\index.js:328:13)\n    at C:\\Users\\Rodrigo\\AppData\\Roaming\\npm\\node_modules\\azurite\\node_modules\\express\\lib\\router\\index.js:286:9\n    at router.process_params (C:\\Users\\Rodrigo\\AppData\\Roaming\\npm\\node_modules\\azurite\\node_modules\\express\\lib\\router\\index.js:346:12)\n    at next (C:\\Users\\Rodrigo\\AppData\\Roaming\\npm\\node_modules\\azurite\\node_modules\\express\\lib\\router\\index.js:280:10)"
2026-07-12T06:11:36.189Z 78b1424a-bccd-4fbc-b8af-d1c48ff271c8 error: ErrorMiddleware: Set HTTP code: 404
2026-07-12T06:11:36.189Z 78b1424a-bccd-4fbc-b8af-d1c48ff271c8 error: ErrorMiddleware: Set HTTP status message: The specified container does not exist.
2026-07-12T06:11:36.190Z 78b1424a-bccd-4fbc-b8af-d1c48ff271c8 error: ErrorMiddleware: Set HTTP Header: x-ms-error-code=ContainerNotFound
2026-07-12T06:11:36.190Z 78b1424a-bccd-4fbc-b8af-d1c48ff271c8 error: ErrorMiddleware: Set HTTP Header: x-ms-request-id=78b1424a-bccd-4fbc-b8af-d1c48ff271c8
2026-07-12T06:11:36.190Z 78b1424a-bccd-4fbc-b8af-d1c48ff271c8 error: ErrorMiddleware: Set content type: application/xml
2026-07-12T06:11:36.190Z 78b1424a-bccd-4fbc-b8af-d1c48ff271c8 error: ErrorMiddleware: Set HTTP body: "<?xml version=\"1.0\" encoding=\"UTF-8\" standalone=\"yes\"?>\n<Error>\n  <Code>ContainerNotFound</Code>\n  <Message>The specified container does not exist.\nRequestId:78b1424a-bccd-4fbc-b8af-d1c48ff271c8\nTime:2026-07-12T06:11:36.189Z</Message>\n</Error>"
2026-07-12T06:11:36.190Z 78b1424a-bccd-4fbc-b8af-d1c48ff271c8 verbose: Send Blob telemetry: B_BlockBlob_Upload
2026-07-12T06:11:36.190Z 78b1424a-bccd-4fbc-b8af-d1c48ff271c8 info: EndMiddleware: End response. TotalTimeInMS=3 StatusCode=404 StatusMessage=The specified container does not exist. Headers={"server":"Azurite-Blob/3.35.0","x-ms-error-code":"ContainerNotFound","x-ms-request-id":"78b1424a-bccd-4fbc-b8af-d1c48ff271c8","content-type":"application/xml"}
2026-07-12T06:11:36.196Z 152a9ac9-bf70-4d84-b9e0-0d8cc78c3180 info: BlobStorageContextMiddleware: RequestMethod=PUT RequestURL=http://127.0.0.1/devstoreaccount1/azure-webjobs-hosts?restype=container RequestHeaders:{"host":"127.0.0.1:10000","x-ms-version":"2024-11-04","accept":"application/xml","x-ms-client-request-id":"59790832-5080-4f8d-aeb8-8dd41c439db9","x-ms-return-client-request-id":"true","user-agent":"azsdk-net-Storage.Blobs/12.22.1 (.NET 8.0.28; Microsoft Windows 10.0.19045)","x-ms-date":"Sun, 12 Jul 2026 06:11:36 GMT","authorization":"SharedKey devstoreaccount1:b4p83hJwrze6T9fphLzSzZmAMwnIvr3ti4aPxG4cKKc=","content-length":"0"} ClientIP=127.0.0.1 Protocol=http HTTPVersion=1.1
2026-07-12T06:11:36.196Z 152a9ac9-bf70-4d84-b9e0-0d8cc78c3180 info: BlobStorageContextMiddleware: Account=devstoreaccount1 Container=azure-webjobs-hosts Blob=
2026-07-12T06:11:36.196Z 152a9ac9-bf70-4d84-b9e0-0d8cc78c3180 verbose: DispatchMiddleware: Dispatching request...
2026-07-12T06:11:36.196Z 152a9ac9-bf70-4d84-b9e0-0d8cc78c3180 info: DispatchMiddleware: Operation=Container_Create
2026-07-12T06:11:36.197Z 152a9ac9-bf70-4d84-b9e0-0d8cc78c3180 verbose: AuthenticationMiddlewareFactory:createAuthenticationMiddleware() Validating authentications.
2026-07-12T06:11:36.197Z 152a9ac9-bf70-4d84-b9e0-0d8cc78c3180 info: PublicAccessAuthenticator:validate() Start validation against public access.
2026-07-12T06:11:36.197Z 152a9ac9-bf70-4d84-b9e0-0d8cc78c3180 debug: PublicAccessAuthenticator:validate() Getting account properties...
2026-07-12T06:11:36.197Z 152a9ac9-bf70-4d84-b9e0-0d8cc78c3180 debug: PublicAccessAuthenticator:validate() Retrieved account name from context: devstoreaccount1, container: azure-webjobs-hosts, blob: 
2026-07-12T06:11:36.197Z 152a9ac9-bf70-4d84-b9e0-0d8cc78c3180 debug: PublicAccessAuthenticator:validate() Skip public access authentication. Cannot get public access type for container azure-webjobs-hosts
2026-07-12T06:11:36.197Z 152a9ac9-bf70-4d84-b9e0-0d8cc78c3180 info: BlobSharedKeyAuthenticator:validate() Start validation against account shared key authentication.
2026-07-12T06:11:36.197Z 152a9ac9-bf70-4d84-b9e0-0d8cc78c3180 info: BlobSharedKeyAuthenticator:validate() [STRING TO SIGN]:"PUT\n\n\n\n\n\n\n\n\n\n\n\nx-ms-client-request-id:59790832-5080-4f8d-aeb8-8dd41c439db9\nx-ms-date:Sun, 12 Jul 2026 06:11:36 GMT\nx-ms-return-client-request-id:true\nx-ms-version:2024-11-04\n/devstoreaccount1/devstoreaccount1/azure-webjobs-hosts\nrestype:container"
2026-07-12T06:11:36.197Z 152a9ac9-bf70-4d84-b9e0-0d8cc78c3180 info: BlobSharedKeyAuthenticator:validate() Calculated authentication header based on key1: SharedKey devstoreaccount1:b4p83hJwrze6T9fphLzSzZmAMwnIvr3ti4aPxG4cKKc=
2026-07-12T06:11:36.197Z 152a9ac9-bf70-4d84-b9e0-0d8cc78c3180 info: BlobSharedKeyAuthenticator:validate() Signature 1 matched.
2026-07-12T06:11:36.197Z 152a9ac9-bf70-4d84-b9e0-0d8cc78c3180 verbose: DeserializerMiddleware: Start deserializing...
2026-07-12T06:11:36.197Z 152a9ac9-bf70-4d84-b9e0-0d8cc78c3180 info: HandlerMiddleware: DeserializedParameters={"options":{"metadata":{},"requestId":"59790832-5080-4f8d-aeb8-8dd41c439db9","containerCpkScopeInfo":{}},"restype":"container","version":"2024-11-04"}
2026-07-12T06:11:36.198Z 152a9ac9-bf70-4d84-b9e0-0d8cc78c3180 verbose: SerializerMiddleware: Start serializing...
2026-07-12T06:11:36.198Z 152a9ac9-bf70-4d84-b9e0-0d8cc78c3180 verbose: Send Blob telemetry: B_Container_Create
2026-07-12T06:11:36.198Z 152a9ac9-bf70-4d84-b9e0-0d8cc78c3180 info: EndMiddleware: End response. TotalTimeInMS=2 StatusCode=201 StatusMessage=undefined Headers={"server":"Azurite-Blob/3.35.0","etag":"\"0x2185A1CCDA39100\"","last-modified":"Sun, 12 Jul 2026 06:11:36 GMT","x-ms-client-request-id":"59790832-5080-4f8d-aeb8-8dd41c439db9","x-ms-request-id":"152a9ac9-bf70-4d84-b9e0-0d8cc78c3180","x-ms-version":"2025-11-05"}
2026-07-12T06:11:36.202Z 0278799f-0da8-4549-b032-37b3f92fa74c info: BlobStorageContextMiddleware: RequestMethod=PUT RequestURL=http://127.0.0.1/devstoreaccount1/azure-webjobs-hosts/locks/desktopk3253ts-1555588203/host RequestHeaders:{"host":"127.0.0.1:10000","x-ms-blob-type":"BlockBlob","if-none-match":"*","x-ms-version":"2024-11-04","accept":"application/xml","x-ms-client-request-id":"7711c6b0-a2b8-4d15-abfb-9b24a00cd10f","x-ms-return-client-request-id":"true","user-agent":"azsdk-net-Storage.Blobs/12.22.1 (.NET 8.0.28; Microsoft Windows 10.0.19045)","x-ms-date":"Sun, 12 Jul 2026 06:11:36 GMT","authorization":"SharedKey devstoreaccount1:y2h24nFSjAMX4NAn3ptovvV8E2t2yXwGK4GMH+RBEj0=","content-length":"0","content-type":"application/octet-stream"} ClientIP=127.0.0.1 Protocol=http HTTPVersion=1.1
2026-07-12T06:11:36.202Z 0278799f-0da8-4549-b032-37b3f92fa74c info: BlobStorageContextMiddleware: Account=devstoreaccount1 Container=azure-webjobs-hosts Blob=locks/desktopk3253ts-1555588203/host
2026-07-12T06:11:36.202Z 0278799f-0da8-4549-b032-37b3f92fa74c verbose: DispatchMiddleware: Dispatching request...
2026-07-12T06:11:36.203Z 0278799f-0da8-4549-b032-37b3f92fa74c info: DispatchMiddleware: Operation=BlockBlob_Upload
2026-07-12T06:11:36.203Z 0278799f-0da8-4549-b032-37b3f92fa74c verbose: AuthenticationMiddlewareFactory:createAuthenticationMiddleware() Validating authentications.
2026-07-12T06:11:36.203Z 0278799f-0da8-4549-b032-37b3f92fa74c info: PublicAccessAuthenticator:validate() Start validation against public access.
2026-07-12T06:11:36.203Z 0278799f-0da8-4549-b032-37b3f92fa74c debug: PublicAccessAuthenticator:validate() Getting account properties...
2026-07-12T06:11:36.203Z 0278799f-0da8-4549-b032-37b3f92fa74c debug: PublicAccessAuthenticator:validate() Retrieved account name from context: devstoreaccount1, container: azure-webjobs-hosts, blob: locks/desktopk3253ts-1555588203/host
2026-07-12T06:11:36.204Z 0278799f-0da8-4549-b032-37b3f92fa74c debug: PublicAccessAuthenticator:validate() Skip public access authentication. Cannot get public access type for container azure-webjobs-hosts
2026-07-12T06:11:36.204Z 0278799f-0da8-4549-b032-37b3f92fa74c info: BlobSharedKeyAuthenticator:validate() Start validation against account shared key authentication.
2026-07-12T06:11:36.204Z 0278799f-0da8-4549-b032-37b3f92fa74c info: BlobSharedKeyAuthenticator:validate() [STRING TO SIGN]:"PUT\n\n\n\n\napplication/octet-stream\n\n\n\n*\n\n\nx-ms-blob-type:BlockBlob\nx-ms-client-request-id:7711c6b0-a2b8-4d15-abfb-9b24a00cd10f\nx-ms-date:Sun, 12 Jul 2026 06:11:36 GMT\nx-ms-return-client-request-id:true\nx-ms-version:2024-11-04\n/devstoreaccount1/devstoreaccount1/azure-webjobs-hosts/locks/desktopk3253ts-1555588203/host"
2026-07-12T06:11:36.204Z 0278799f-0da8-4549-b032-37b3f92fa74c info: BlobSharedKeyAuthenticator:validate() Calculated authentication header based on key1: SharedKey devstoreaccount1:y2h24nFSjAMX4NAn3ptovvV8E2t2yXwGK4GMH+RBEj0=
2026-07-12T06:11:36.204Z 0278799f-0da8-4549-b032-37b3f92fa74c info: BlobSharedKeyAuthenticator:validate() Signature 1 matched.
2026-07-12T06:11:36.204Z 0278799f-0da8-4549-b032-37b3f92fa74c verbose: DeserializerMiddleware: Start deserializing...
2026-07-12T06:11:36.204Z 0278799f-0da8-4549-b032-37b3f92fa74c info: HandlerMiddleware: DeserializedParameters={"options":{"metadata":{},"requestId":"7711c6b0-a2b8-4d15-abfb-9b24a00cd10f","blobHTTPHeaders":{},"leaseAccessConditions":{},"cpkInfo":{},"cpkScopeInfo":{},"modifiedAccessConditions":{"ifNoneMatch":"*"}},"contentLength":0,"version":"2024-11-04","blobType":"BlockBlob","body":"ReadableStream"}
2026-07-12T06:11:36.204Z 0278799f-0da8-4549-b032-37b3f92fa74c debug: OperationQueue.operate() Schedule incoming job 69c0bf46-5731-4e90-9f6d-bbaa32cbadeb
2026-07-12T06:11:36.205Z 0278799f-0da8-4549-b032-37b3f92fa74c debug: OperationQueue:execute() Current runningConcurrency:0 maxConcurrency:50 operations.length:1
2026-07-12T06:11:36.205Z 0278799f-0da8-4549-b032-37b3f92fa74c info: FSExtentStore:appendExtent() Select extent from idle location for extent append operation. LocationId:1 extentId:66cda4b3-e981-490d-bd94-843a427d98a5 offset:0 MAX_EXTENT_SIZE:67108864 
2026-07-12T06:11:36.205Z 0278799f-0da8-4549-b032-37b3f92fa74c debug: FSExtentStore:appendExtent() Get fd:undefined for extent:66cda4b3-e981-490d-bd94-843a427d98a5 from cache.
2026-07-12T06:11:36.206Z 0278799f-0da8-4549-b032-37b3f92fa74c debug: FSExtentStore:appendExtent() Open file:C:\Users\Rodrigo\Desktop\profile\portfolio\notebooks-and-scripts\2-retail-analytics\3-customer-feedback-nlp\azure\.azurite\__blobstorage__\66cda4b3-e981-490d-bd94-843a427d98a5 for extent:66cda4b3-e981-490d-bd94-843a427d98a5, get new fd:4
2026-07-12T06:11:36.206Z 0278799f-0da8-4549-b032-37b3f92fa74c debug: FSExtentStore:appendExtent() Created write stream for fd:4
2026-07-12T06:11:36.206Z 0278799f-0da8-4549-b032-37b3f92fa74c debug: FSExtentStore:appendExtent() Start writing to extent 66cda4b3-e981-490d-bd94-843a427d98a5
2026-07-12T06:11:36.206Z 0278799f-0da8-4549-b032-37b3f92fa74c debug: FSExtentStore:streamPipe() Start piping data to write stream
2026-07-12T06:11:36.206Z 0278799f-0da8-4549-b032-37b3f92fa74c debug: FSExtentStore:streamPipe() Readable stream triggers close event, 0 bytes piped
2026-07-12T06:11:36.206Z 0278799f-0da8-4549-b032-37b3f92fa74c debug: FSExtentStore:streamPipe() Invoke write stream end()
2026-07-12T06:11:36.207Z 0278799f-0da8-4549-b032-37b3f92fa74c debug: FSExtentStore:streamPipe() Writable stream triggers finish event, after 0 bytes piped. Flush data to fd:4.
2026-07-12T06:11:36.207Z 0278799f-0da8-4549-b032-37b3f92fa74c debug: FSExtentStore:streamPipe() Readable stream triggers close event, 0 bytes piped
2026-07-12T06:11:36.209Z 0278799f-0da8-4549-b032-37b3f92fa74c debug: FSExtentStore:streamPipe() Flush data to fd:4 successfully. Resolve streamPipe().
2026-07-12T06:11:36.210Z 0278799f-0da8-4549-b032-37b3f92fa74c debug: FSExtentStore:appendExtent() Write finish, start updating extent metadata. extent:{"id":"66cda4b3-e981-490d-bd94-843a427d98a5","locationId":"Default","path":"66cda4b3-e981-490d-bd94-843a427d98a5","size":0,"lastModifiedInMS":1783836696210}
2026-07-12T06:11:36.210Z 0278799f-0da8-4549-b032-37b3f92fa74c debug: FSExtentStore:appendExtent() Update extent metadata done. Resolve()
2026-07-12T06:11:36.210Z 0278799f-0da8-4549-b032-37b3f92fa74c debug: OperationQueue.operate() Job 69c0bf46-5731-4e90-9f6d-bbaa32cbadeb completes callback, resolve.
2026-07-12T06:11:36.211Z 0278799f-0da8-4549-b032-37b3f92fa74c debug: OperationQueue:execute() Current runningConcurrency:0 maxConcurrency:50 operations.length:0
2026-07-12T06:11:36.211Z 0278799f-0da8-4549-b032-37b3f92fa74c debug: OperationQueue:execute() return. Operation.length === 0
2026-07-12T06:11:36.212Z 0278799f-0da8-4549-b032-37b3f92fa74c verbose: SerializerMiddleware: Start serializing...
2026-07-12T06:11:36.213Z 0278799f-0da8-4549-b032-37b3f92fa74c verbose: Send Blob telemetry: B_BlockBlob_Upload
2026-07-12T06:11:36.213Z 0278799f-0da8-4549-b032-37b3f92fa74c info: EndMiddleware: End response. TotalTimeInMS=11 StatusCode=201 StatusMessage=undefined Headers={"server":"Azurite-Blob/3.35.0","etag":"\"0x25A9A93EC4E8420\"","last-modified":"Sun, 12 Jul 2026 06:11:36 GMT","content-md5":"1B2M2Y8AsgTpgAmY7PhCfg==","x-ms-client-request-id":"7711c6b0-a2b8-4d15-abfb-9b24a00cd10f","x-ms-request-id":"0278799f-0da8-4549-b032-37b3f92fa74c","x-ms-version":"2025-11-05","date":"Sun, 12 Jul 2026 06:11:36 GMT","x-ms-request-server-encrypted":"true"}
2026-07-12T06:11:36.214Z 2c115ab7-d6b7-41c0-b25d-f2c8e23524f9 info: BlobStorageContextMiddleware: RequestMethod=PUT RequestURL=http://127.0.0.1/devstoreaccount1/azure-webjobs-hosts/locks/desktopk3253ts-1555588203/host?comp=lease RequestHeaders:{"host":"127.0.0.1:10000","x-ms-lease-action":"acquire","x-ms-version":"2024-11-04","accept":"application/xml","x-ms-lease-duration":"15","x-ms-proposed-lease-id":"00000000000000000000000047B12EBF","x-ms-client-request-id":"997e05fd-38d6-430e-a999-45e7e6baa8e8","x-ms-return-client-request-id":"true","user-agent":"azsdk-net-Storage.Blobs/12.22.1 (.NET 8.0.28; Microsoft Windows 10.0.19045)","x-ms-date":"Sun, 12 Jul 2026 06:11:36 GMT","authorization":"SharedKey devstoreaccount1:DIc/7Gv+Mw8Aa7paW5W+/7EljpS171TzuS9sIkyGIHM=","content-length":"0"} ClientIP=127.0.0.1 Protocol=http HTTPVersion=1.1
2026-07-12T06:11:36.215Z 2c115ab7-d6b7-41c0-b25d-f2c8e23524f9 info: BlobStorageContextMiddleware: Account=devstoreaccount1 Container=azure-webjobs-hosts Blob=locks/desktopk3253ts-1555588203/host
2026-07-12T06:11:36.215Z 2c115ab7-d6b7-41c0-b25d-f2c8e23524f9 verbose: DispatchMiddleware: Dispatching request...
2026-07-12T06:11:36.215Z 2c115ab7-d6b7-41c0-b25d-f2c8e23524f9 info: DispatchMiddleware: Operation=Blob_AcquireLease
2026-07-12T06:11:36.215Z 2c115ab7-d6b7-41c0-b25d-f2c8e23524f9 verbose: AuthenticationMiddlewareFactory:createAuthenticationMiddleware() Validating authentications.
2026-07-12T06:11:36.215Z 2c115ab7-d6b7-41c0-b25d-f2c8e23524f9 info: PublicAccessAuthenticator:validate() Start validation against public access.
2026-07-12T06:11:36.215Z 2c115ab7-d6b7-41c0-b25d-f2c8e23524f9 debug: PublicAccessAuthenticator:validate() Getting account properties...
2026-07-12T06:11:36.215Z 2c115ab7-d6b7-41c0-b25d-f2c8e23524f9 debug: PublicAccessAuthenticator:validate() Retrieved account name from context: devstoreaccount1, container: azure-webjobs-hosts, blob: locks/desktopk3253ts-1555588203/host
2026-07-12T06:11:36.215Z 2c115ab7-d6b7-41c0-b25d-f2c8e23524f9 debug: PublicAccessAuthenticator:validate() Skip public access authentication. Cannot get public access type for container azure-webjobs-hosts
2026-07-12T06:11:36.215Z 2c115ab7-d6b7-41c0-b25d-f2c8e23524f9 info: BlobSharedKeyAuthenticator:validate() Start validation against account shared key authentication.
2026-07-12T06:11:36.216Z 2c115ab7-d6b7-41c0-b25d-f2c8e23524f9 info: BlobSharedKeyAuthenticator:validate() [STRING TO SIGN]:"PUT\n\n\n\n\n\n\n\n\n\n\n\nx-ms-client-request-id:997e05fd-38d6-430e-a999-45e7e6baa8e8\nx-ms-date:Sun, 12 Jul 2026 06:11:36 GMT\nx-ms-lease-action:acquire\nx-ms-lease-duration:15\nx-ms-proposed-lease-id:00000000000000000000000047B12EBF\nx-ms-return-client-request-id:true\nx-ms-version:2024-11-04\n/devstoreaccount1/devstoreaccount1/azure-webjobs-hosts/locks/desktopk3253ts-1555588203/host\ncomp:lease"
2026-07-12T06:11:36.216Z 2c115ab7-d6b7-41c0-b25d-f2c8e23524f9 info: BlobSharedKeyAuthenticator:validate() Calculated authentication header based on key1: SharedKey devstoreaccount1:DIc/7Gv+Mw8Aa7paW5W+/7EljpS171TzuS9sIkyGIHM=
2026-07-12T06:11:36.216Z 2c115ab7-d6b7-41c0-b25d-f2c8e23524f9 info: BlobSharedKeyAuthenticator:validate() Signature 1 matched.
2026-07-12T06:11:36.216Z 2c115ab7-d6b7-41c0-b25d-f2c8e23524f9 verbose: DeserializerMiddleware: Start deserializing...
2026-07-12T06:11:36.216Z 2c115ab7-d6b7-41c0-b25d-f2c8e23524f9 info: HandlerMiddleware: DeserializedParameters={"options":{"duration":15,"proposedLeaseId":"00000000000000000000000047B12EBF","requestId":"997e05fd-38d6-430e-a999-45e7e6baa8e8","modifiedAccessConditions":{}},"comp":"lease","version":"2024-11-04","action":"acquire"}
2026-07-12T06:11:36.216Z 2c115ab7-d6b7-41c0-b25d-f2c8e23524f9 verbose: SerializerMiddleware: Start serializing...
2026-07-12T06:11:36.217Z 2c115ab7-d6b7-41c0-b25d-f2c8e23524f9 verbose: Send Blob telemetry: B_Blob_AcquireLease
2026-07-12T06:11:36.217Z 2c115ab7-d6b7-41c0-b25d-f2c8e23524f9 info: EndMiddleware: End response. TotalTimeInMS=3 StatusCode=201 StatusMessage=undefined Headers={"server":"Azurite-Blob/3.35.0","etag":"\"0x25A9A93EC4E8420\"","last-modified":"Sun, 12 Jul 2026 06:11:36 GMT","x-ms-lease-id":"00000000000000000000000047B12EBF","x-ms-client-request-id":"997e05fd-38d6-430e-a999-45e7e6baa8e8","x-ms-request-id":"2c115ab7-d6b7-41c0-b25d-f2c8e23524f9","x-ms-version":"2025-11-05","date":"Sun, 12 Jul 2026 06:11:36 GMT"}
2026-07-12T06:11:36.219Z d31416a3-5007-4775-a8d5-d329233c9004 info: BlobStorageContextMiddleware: RequestMethod=HEAD RequestURL=http://127.0.0.1/devstoreaccount1/azure-webjobs-hosts/locks/desktopk3253ts-1555588203/host RequestHeaders:{"host":"127.0.0.1:10000","x-ms-version":"2024-11-04","accept":"application/xml","x-ms-client-request-id":"716da387-4eb1-4251-9cbd-b9b6f58c8127","x-ms-return-client-request-id":"true","user-agent":"azsdk-net-Storage.Blobs/12.22.1 (.NET 8.0.28; Microsoft Windows 10.0.19045)","x-ms-date":"Sun, 12 Jul 2026 06:11:36 GMT","authorization":"SharedKey devstoreaccount1:01PElX36oPmfqv3W7OVNcsjIgii5pQcYSih5Y2xdcCM="} ClientIP=127.0.0.1 Protocol=http HTTPVersion=1.1
2026-07-12T06:11:36.219Z d31416a3-5007-4775-a8d5-d329233c9004 info: BlobStorageContextMiddleware: Account=devstoreaccount1 Container=azure-webjobs-hosts Blob=locks/desktopk3253ts-1555588203/host
2026-07-12T06:11:36.219Z d31416a3-5007-4775-a8d5-d329233c9004 verbose: DispatchMiddleware: Dispatching request...
2026-07-12T06:11:36.219Z d31416a3-5007-4775-a8d5-d329233c9004 info: DispatchMiddleware: Operation=Blob_GetProperties
2026-07-12T06:11:36.220Z d31416a3-5007-4775-a8d5-d329233c9004 verbose: AuthenticationMiddlewareFactory:createAuthenticationMiddleware() Validating authentications.
2026-07-12T06:11:36.220Z d31416a3-5007-4775-a8d5-d329233c9004 info: PublicAccessAuthenticator:validate() Start validation against public access.
2026-07-12T06:11:36.220Z d31416a3-5007-4775-a8d5-d329233c9004 debug: PublicAccessAuthenticator:validate() Getting account properties...
2026-07-12T06:11:36.220Z d31416a3-5007-4775-a8d5-d329233c9004 debug: PublicAccessAuthenticator:validate() Retrieved account name from context: devstoreaccount1, container: azure-webjobs-hosts, blob: locks/desktopk3253ts-1555588203/host
2026-07-12T06:11:36.220Z d31416a3-5007-4775-a8d5-d329233c9004 debug: PublicAccessAuthenticator:validate() Skip public access authentication. Cannot get public access type for container azure-webjobs-hosts
2026-07-12T06:11:36.220Z d31416a3-5007-4775-a8d5-d329233c9004 info: BlobSharedKeyAuthenticator:validate() Start validation against account shared key authentication.
2026-07-12T06:11:36.220Z d31416a3-5007-4775-a8d5-d329233c9004 info: BlobSharedKeyAuthenticator:validate() [STRING TO SIGN]:"HEAD\n\n\n\n\n\n\n\n\n\n\n\nx-ms-client-request-id:716da387-4eb1-4251-9cbd-b9b6f58c8127\nx-ms-date:Sun, 12 Jul 2026 06:11:36 GMT\nx-ms-return-client-request-id:true\nx-ms-version:2024-11-04\n/devstoreaccount1/devstoreaccount1/azure-webjobs-hosts/locks/desktopk3253ts-1555588203/host"
2026-07-12T06:11:36.220Z d31416a3-5007-4775-a8d5-d329233c9004 info: BlobSharedKeyAuthenticator:validate() Calculated authentication header based on key1: SharedKey devstoreaccount1:01PElX36oPmfqv3W7OVNcsjIgii5pQcYSih5Y2xdcCM=
2026-07-12T06:11:36.220Z d31416a3-5007-4775-a8d5-d329233c9004 info: BlobSharedKeyAuthenticator:validate() Signature 1 matched.
2026-07-12T06:11:36.220Z d31416a3-5007-4775-a8d5-d329233c9004 verbose: DeserializerMiddleware: Start deserializing...
2026-07-12T06:11:36.220Z d31416a3-5007-4775-a8d5-d329233c9004 info: HandlerMiddleware: DeserializedParameters={"options":{"requestId":"716da387-4eb1-4251-9cbd-b9b6f58c8127","leaseAccessConditions":{},"cpkInfo":{},"modifiedAccessConditions":{}},"version":"2024-11-04"}
2026-07-12T06:11:36.220Z d31416a3-5007-4775-a8d5-d329233c9004 verbose: SerializerMiddleware: Start serializing...
2026-07-12T06:11:36.221Z d31416a3-5007-4775-a8d5-d329233c9004 verbose: Send Blob telemetry: B_Blob_GetProperties
2026-07-12T06:11:36.221Z d31416a3-5007-4775-a8d5-d329233c9004 info: EndMiddleware: End response. TotalTimeInMS=2 StatusCode=200 StatusMessage=undefined Headers={"server":"Azurite-Blob/3.35.0","last-modified":"Sun, 12 Jul 2026 06:11:36 GMT","x-ms-creation-time":"Sun, 12 Jul 2026 06:11:36 GMT","x-ms-blob-type":"BlockBlob","x-ms-lease-duration":"fixed","x-ms-lease-state":"leased","x-ms-lease-status":"locked","content-length":"0","content-type":"application/octet-stream","etag":"\"0x25A9A93EC4E8420\"","content-md5":"1B2M2Y8AsgTpgAmY7PhCfg==","x-ms-client-request-id":"716da387-4eb1-4251-9cbd-b9b6f58c8127","x-ms-request-id":"d31416a3-5007-4775-a8d5-d329233c9004","x-ms-version":"2025-11-05","date":"Sun, 12 Jul 2026 06:11:36 GMT","accept-ranges":"bytes","x-ms-server-encrypted":"true","x-ms-access-tier":"Hot","x-ms-access-tier-inferred":"true","x-ms-access-tier-change-time":"Sun, 12 Jul 2026 06:11:36 GMT"}
2026-07-12T06:11:36.229Z a0bda1ec-000f-4d5f-84ec-7adda4b2e86e info: BlobStorageContextMiddleware: RequestMethod=PUT RequestURL=http://127.0.0.1/devstoreaccount1/azure-webjobs-hosts/locks/desktopk3253ts-1555588203/host?comp=metadata RequestHeaders:{"host":"127.0.0.1:10000","x-ms-meta-functioninstance":"00000000000000000000000047B12EBF","x-ms-lease-id":"00000000000000000000000047B12EBF","x-ms-version":"2024-11-04","accept":"application/xml","x-ms-client-request-id":"3be3f783-11d2-4e55-823f-c62663c63a22","x-ms-return-client-request-id":"true","user-agent":"azsdk-net-Storage.Blobs/12.22.1 (.NET 8.0.28; Microsoft Windows 10.0.19045)","x-ms-date":"Sun, 12 Jul 2026 06:11:36 GMT","authorization":"SharedKey devstoreaccount1:+85Kx4T7oujA43v/hHJcttiZccR6L7mmiSZzTBBEN4Y=","content-length":"0"} ClientIP=127.0.0.1 Protocol=http HTTPVersion=1.1
2026-07-12T06:11:36.229Z a0bda1ec-000f-4d5f-84ec-7adda4b2e86e info: BlobStorageContextMiddleware: Account=devstoreaccount1 Container=azure-webjobs-hosts Blob=locks/desktopk3253ts-1555588203/host
2026-07-12T06:11:36.229Z a0bda1ec-000f-4d5f-84ec-7adda4b2e86e verbose: DispatchMiddleware: Dispatching request...
2026-07-12T06:11:36.229Z a0bda1ec-000f-4d5f-84ec-7adda4b2e86e info: DispatchMiddleware: Operation=Blob_SetMetadata
2026-07-12T06:11:36.229Z a0bda1ec-000f-4d5f-84ec-7adda4b2e86e verbose: AuthenticationMiddlewareFactory:createAuthenticationMiddleware() Validating authentications.
2026-07-12T06:11:36.230Z a0bda1ec-000f-4d5f-84ec-7adda4b2e86e info: PublicAccessAuthenticator:validate() Start validation against public access.
2026-07-12T06:11:36.230Z a0bda1ec-000f-4d5f-84ec-7adda4b2e86e debug: PublicAccessAuthenticator:validate() Getting account properties...
2026-07-12T06:11:36.230Z a0bda1ec-000f-4d5f-84ec-7adda4b2e86e debug: PublicAccessAuthenticator:validate() Retrieved account name from context: devstoreaccount1, container: azure-webjobs-hosts, blob: locks/desktopk3253ts-1555588203/host
2026-07-12T06:11:36.230Z a0bda1ec-000f-4d5f-84ec-7adda4b2e86e debug: PublicAccessAuthenticator:validate() Skip public access authentication. Cannot get public access type for container azure-webjobs-hosts
2026-07-12T06:11:36.230Z a0bda1ec-000f-4d5f-84ec-7adda4b2e86e info: BlobSharedKeyAuthenticator:validate() Start validation against account shared key authentication.
2026-07-12T06:11:36.230Z a0bda1ec-000f-4d5f-84ec-7adda4b2e86e info: BlobSharedKeyAuthenticator:validate() [STRING TO SIGN]:"PUT\n\n\n\n\n\n\n\n\n\n\n\nx-ms-client-request-id:3be3f783-11d2-4e55-823f-c62663c63a22\nx-ms-date:Sun, 12 Jul 2026 06:11:36 GMT\nx-ms-lease-id:00000000000000000000000047B12EBF\nx-ms-meta-functioninstance:00000000000000000000000047B12EBF\nx-ms-return-client-request-id:true\nx-ms-version:2024-11-04\n/devstoreaccount1/devstoreaccount1/azure-webjobs-hosts/locks/desktopk3253ts-1555588203/host\ncomp:metadata"
2026-07-12T06:11:36.230Z a0bda1ec-000f-4d5f-84ec-7adda4b2e86e info: BlobSharedKeyAuthenticator:validate() Calculated authentication header based on key1: SharedKey devstoreaccount1:+85Kx4T7oujA43v/hHJcttiZccR6L7mmiSZzTBBEN4Y=
2026-07-12T06:11:36.230Z a0bda1ec-000f-4d5f-84ec-7adda4b2e86e info: BlobSharedKeyAuthenticator:validate() Signature 1 matched.
2026-07-12T06:11:36.230Z a0bda1ec-000f-4d5f-84ec-7adda4b2e86e verbose: DeserializerMiddleware: Start deserializing...
2026-07-12T06:11:36.230Z a0bda1ec-000f-4d5f-84ec-7adda4b2e86e info: HandlerMiddleware: DeserializedParameters={"options":{"metadata":{"functioninstance":"00000000000000000000000047B12EBF"},"requestId":"3be3f783-11d2-4e55-823f-c62663c63a22","leaseAccessConditions":{"leaseId":"00000000000000000000000047B12EBF"},"cpkInfo":{},"cpkScopeInfo":{},"modifiedAccessConditions":{}},"comp":"metadata","version":"2024-11-04"}
2026-07-12T06:11:36.231Z a0bda1ec-000f-4d5f-84ec-7adda4b2e86e verbose: SerializerMiddleware: Start serializing...
2026-07-12T06:11:36.231Z a0bda1ec-000f-4d5f-84ec-7adda4b2e86e verbose: Send Blob telemetry: B_Blob_SetMetadata
2026-07-12T06:11:36.231Z a0bda1ec-000f-4d5f-84ec-7adda4b2e86e info: EndMiddleware: End response. TotalTimeInMS=2 StatusCode=200 StatusMessage=undefined Headers={"server":"Azurite-Blob/3.35.0","etag":"\"0x227847DE96A6C40\"","last-modified":"Sun, 12 Jul 2026 06:11:36 GMT","x-ms-client-request-id":"3be3f783-11d2-4e55-823f-c62663c63a22","x-ms-request-id":"a0bda1ec-000f-4d5f-84ec-7adda4b2e86e","x-ms-version":"2025-11-05","date":"Sun, 12 Jul 2026 06:11:36 GMT","x-ms-request-server-encrypted":"true"}
2026-07-12T06:11:48.238Z 9346d13e-50ac-4502-925d-4a13cf4d75c6 info: BlobStorageContextMiddleware: RequestMethod=PUT RequestURL=http://127.0.0.1/devstoreaccount1/azure-webjobs-hosts/locks/desktopk3253ts-1555588203/host?comp=lease RequestHeaders:{"host":"127.0.0.1:10000","x-ms-lease-action":"renew","x-ms-lease-id":"00000000000000000000000047B12EBF","x-ms-version":"2024-11-04","accept":"application/xml","x-ms-client-request-id":"495d2b22-1ac3-4b15-af15-1ecb1aa91e55","x-ms-return-client-request-id":"true","user-agent":"azsdk-net-Storage.Blobs/12.22.1 (.NET 8.0.28; Microsoft Windows 10.0.19045)","x-ms-date":"Sun, 12 Jul 2026 06:11:48 GMT","authorization":"SharedKey devstoreaccount1:QXzwVtBxlTxGOTRxdjVevL7DK8NIH/QZlG9HAwEUB2Q=","content-length":"0"} ClientIP=127.0.0.1 Protocol=http HTTPVersion=1.1
2026-07-12T06:11:48.238Z 9346d13e-50ac-4502-925d-4a13cf4d75c6 info: BlobStorageContextMiddleware: Account=devstoreaccount1 Container=azure-webjobs-hosts Blob=locks/desktopk3253ts-1555588203/host
2026-07-12T06:11:48.238Z 9346d13e-50ac-4502-925d-4a13cf4d75c6 verbose: DispatchMiddleware: Dispatching request...
2026-07-12T06:11:48.238Z 9346d13e-50ac-4502-925d-4a13cf4d75c6 info: DispatchMiddleware: Operation=Blob_RenewLease
2026-07-12T06:11:48.238Z 9346d13e-50ac-4502-925d-4a13cf4d75c6 verbose: AuthenticationMiddlewareFactory:createAuthenticationMiddleware() Validating authentications.
2026-07-12T06:11:48.238Z 9346d13e-50ac-4502-925d-4a13cf4d75c6 info: PublicAccessAuthenticator:validate() Start validation against public access.
2026-07-12T06:11:48.239Z 9346d13e-50ac-4502-925d-4a13cf4d75c6 debug: PublicAccessAuthenticator:validate() Getting account properties...
2026-07-12T06:11:48.239Z 9346d13e-50ac-4502-925d-4a13cf4d75c6 debug: PublicAccessAuthenticator:validate() Retrieved account name from context: devstoreaccount1, container: azure-webjobs-hosts, blob: locks/desktopk3253ts-1555588203/host
2026-07-12T06:11:48.239Z 9346d13e-50ac-4502-925d-4a13cf4d75c6 debug: PublicAccessAuthenticator:validate() Skip public access authentication. Cannot get public access type for container azure-webjobs-hosts
2026-07-12T06:11:48.239Z 9346d13e-50ac-4502-925d-4a13cf4d75c6 info: BlobSharedKeyAuthenticator:validate() Start validation against account shared key authentication.
2026-07-12T06:11:48.239Z 9346d13e-50ac-4502-925d-4a13cf4d75c6 info: BlobSharedKeyAuthenticator:validate() [STRING TO SIGN]:"PUT\n\n\n\n\n\n\n\n\n\n\n\nx-ms-client-request-id:495d2b22-1ac3-4b15-af15-1ecb1aa91e55\nx-ms-date:Sun, 12 Jul 2026 06:11:48 GMT\nx-ms-lease-action:renew\nx-ms-lease-id:00000000000000000000000047B12EBF\nx-ms-return-client-request-id:true\nx-ms-version:2024-11-04\n/devstoreaccount1/devstoreaccount1/azure-webjobs-hosts/locks/desktopk3253ts-1555588203/host\ncomp:lease"
2026-07-12T06:11:48.239Z 9346d13e-50ac-4502-925d-4a13cf4d75c6 info: BlobSharedKeyAuthenticator:validate() Calculated authentication header based on key1: SharedKey devstoreaccount1:QXzwVtBxlTxGOTRxdjVevL7DK8NIH/QZlG9HAwEUB2Q=
2026-07-12T06:11:48.239Z 9346d13e-50ac-4502-925d-4a13cf4d75c6 info: BlobSharedKeyAuthenticator:validate() Signature 1 matched.
2026-07-12T06:11:48.239Z 9346d13e-50ac-4502-925d-4a13cf4d75c6 verbose: DeserializerMiddleware: Start deserializing...
2026-07-12T06:11:48.239Z 9346d13e-50ac-4502-925d-4a13cf4d75c6 info: HandlerMiddleware: DeserializedParameters={"options":{"requestId":"495d2b22-1ac3-4b15-af15-1ecb1aa91e55","modifiedAccessConditions":{}},"comp":"lease","leaseId":"00000000000000000000000047B12EBF","version":"2024-11-04","action":"renew"}
2026-07-12T06:11:48.239Z 9346d13e-50ac-4502-925d-4a13cf4d75c6 verbose: SerializerMiddleware: Start serializing...
2026-07-12T06:11:48.240Z 9346d13e-50ac-4502-925d-4a13cf4d75c6 verbose: Send Blob telemetry: B_Blob_RenewLease
2026-07-12T06:11:48.240Z 9346d13e-50ac-4502-925d-4a13cf4d75c6 info: EndMiddleware: End response. TotalTimeInMS=2 StatusCode=200 StatusMessage=undefined Headers={"server":"Azurite-Blob/3.35.0","etag":"\"0x227847DE96A6C40\"","last-modified":"Sun, 12 Jul 2026 06:11:36 GMT","x-ms-lease-id":"00000000000000000000000047B12EBF","x-ms-client-request-id":"495d2b22-1ac3-4b15-af15-1ecb1aa91e55","x-ms-request-id":"9346d13e-50ac-4502-925d-4a13cf4d75c6","x-ms-version":"2025-11-05","date":"Sun, 12 Jul 2026 06:11:48 GMT"}
2026-07-12T06:12:00.233Z 7025fcc6-bfce-4e93-809d-64dae2026185 info: BlobStorageContextMiddleware: RequestMethod=PUT RequestURL=http://127.0.0.1/devstoreaccount1/azure-webjobs-hosts/locks/desktopk3253ts-1555588203/host?comp=lease RequestHeaders:{"host":"127.0.0.1:10000","x-ms-lease-action":"renew","x-ms-lease-id":"00000000000000000000000047B12EBF","x-ms-version":"2024-11-04","accept":"application/xml","x-ms-client-request-id":"7e2c659d-30d7-43db-991e-184c320c9548","x-ms-return-client-request-id":"true","user-agent":"azsdk-net-Storage.Blobs/12.22.1 (.NET 8.0.28; Microsoft Windows 10.0.19045)","x-ms-date":"Sun, 12 Jul 2026 06:12:00 GMT","authorization":"SharedKey devstoreaccount1:6aGEyRto5DBSkDg2iDT4LMI+9o1F1+0MUgJEb4G4kpo=","content-length":"0"} ClientIP=127.0.0.1 Protocol=http HTTPVersion=1.1
2026-07-12T06:12:00.234Z 7025fcc6-bfce-4e93-809d-64dae2026185 info: BlobStorageContextMiddleware: Account=devstoreaccount1 Container=azure-webjobs-hosts Blob=locks/desktopk3253ts-1555588203/host
2026-07-12T06:12:00.235Z 7025fcc6-bfce-4e93-809d-64dae2026185 verbose: DispatchMiddleware: Dispatching request...
2026-07-12T06:12:00.238Z 7025fcc6-bfce-4e93-809d-64dae2026185 info: DispatchMiddleware: Operation=Blob_RenewLease
2026-07-12T06:12:00.239Z 7025fcc6-bfce-4e93-809d-64dae2026185 verbose: AuthenticationMiddlewareFactory:createAuthenticationMiddleware() Validating authentications.
2026-07-12T06:12:00.239Z 7025fcc6-bfce-4e93-809d-64dae2026185 info: PublicAccessAuthenticator:validate() Start validation against public access.
2026-07-12T06:12:00.239Z 7025fcc6-bfce-4e93-809d-64dae2026185 debug: PublicAccessAuthenticator:validate() Getting account properties...
2026-07-12T06:12:00.239Z 7025fcc6-bfce-4e93-809d-64dae2026185 debug: PublicAccessAuthenticator:validate() Retrieved account name from context: devstoreaccount1, container: azure-webjobs-hosts, blob: locks/desktopk3253ts-1555588203/host
2026-07-12T06:12:00.240Z 7025fcc6-bfce-4e93-809d-64dae2026185 debug: PublicAccessAuthenticator:validate() Skip public access authentication. Cannot get public access type for container azure-webjobs-hosts
2026-07-12T06:12:00.240Z 7025fcc6-bfce-4e93-809d-64dae2026185 info: BlobSharedKeyAuthenticator:validate() Start validation against account shared key authentication.
2026-07-12T06:12:00.241Z 7025fcc6-bfce-4e93-809d-64dae2026185 info: BlobSharedKeyAuthenticator:validate() [STRING TO SIGN]:"PUT\n\n\n\n\n\n\n\n\n\n\n\nx-ms-client-request-id:7e2c659d-30d7-43db-991e-184c320c9548\nx-ms-date:Sun, 12 Jul 2026 06:12:00 GMT\nx-ms-lease-action:renew\nx-ms-lease-id:00000000000000000000000047B12EBF\nx-ms-return-client-request-id:true\nx-ms-version:2024-11-04\n/devstoreaccount1/devstoreaccount1/azure-webjobs-hosts/locks/desktopk3253ts-1555588203/host\ncomp:lease"
2026-07-12T06:12:00.241Z 7025fcc6-bfce-4e93-809d-64dae2026185 info: BlobSharedKeyAuthenticator:validate() Calculated authentication header based on key1: SharedKey devstoreaccount1:6aGEyRto5DBSkDg2iDT4LMI+9o1F1+0MUgJEb4G4kpo=
2026-07-12T06:12:00.241Z 7025fcc6-bfce-4e93-809d-64dae2026185 info: BlobSharedKeyAuthenticator:validate() Signature 1 matched.
2026-07-12T06:12:00.241Z 7025fcc6-bfce-4e93-809d-64dae2026185 verbose: DeserializerMiddleware: Start deserializing...
2026-07-12T06:12:00.242Z 7025fcc6-bfce-4e93-809d-64dae2026185 info: HandlerMiddleware: DeserializedParameters={"options":{"requestId":"7e2c659d-30d7-43db-991e-184c320c9548","modifiedAccessConditions":{}},"comp":"lease","leaseId":"00000000000000000000000047B12EBF","version":"2024-11-04","action":"renew"}
2026-07-12T06:12:00.243Z 7025fcc6-bfce-4e93-809d-64dae2026185 verbose: SerializerMiddleware: Start serializing...
2026-07-12T06:12:00.244Z 7025fcc6-bfce-4e93-809d-64dae2026185 verbose: Send Blob telemetry: B_Blob_RenewLease
2026-07-12T06:12:00.244Z 7025fcc6-bfce-4e93-809d-64dae2026185 info: EndMiddleware: End response. TotalTimeInMS=11 StatusCode=200 StatusMessage=undefined Headers={"server":"Azurite-Blob/3.35.0","etag":"\"0x227847DE96A6C40\"","last-modified":"Sun, 12 Jul 2026 06:11:36 GMT","x-ms-lease-id":"00000000000000000000000047B12EBF","x-ms-client-request-id":"7e2c659d-30d7-43db-991e-184c320c9548","x-ms-request-id":"7025fcc6-bfce-4e93-809d-64dae2026185","x-ms-version":"2025-11-05","date":"Sun, 12 Jul 2026 06:12:00 GMT"}
2026-07-12T06:12:06.175Z 4f9eb63d-1dad-4625-851c-6f021d293169 info: BlobStorageContextMiddleware: RequestMethod=GET RequestURL=http://127.0.0.1/devstoreaccount1/?comp=list&maxresults=1 RequestHeaders:{"host":"127.0.0.1:10000","x-ms-version":"2024-11-04","accept":"application/xml","x-ms-client-request-id":"245a442b-039e-48b0-bce9-b7c73b876f55","x-ms-return-client-request-id":"true","user-agent":"azsdk-net-Storage.Blobs/12.22.1 (.NET 8.0.28; Microsoft Windows 10.0.19045)","x-ms-date":"Sun, 12 Jul 2026 06:12:06 GMT","authorization":"SharedKey devstoreaccount1:KNl0YOKe3wd/bHIj8D5bJzuxYzRmXydhptpawOYTXOc="} ClientIP=127.0.0.1 Protocol=http HTTPVersion=1.1
2026-07-12T06:12:06.176Z 4f9eb63d-1dad-4625-851c-6f021d293169 info: BlobStorageContextMiddleware: Account=devstoreaccount1 Container= Blob=
2026-07-12T06:12:06.176Z 4f9eb63d-1dad-4625-851c-6f021d293169 verbose: DispatchMiddleware: Dispatching request...
2026-07-12T06:12:06.176Z 4f9eb63d-1dad-4625-851c-6f021d293169 info: DispatchMiddleware: Operation=Service_ListContainersSegment
2026-07-12T06:12:06.176Z 4f9eb63d-1dad-4625-851c-6f021d293169 verbose: AuthenticationMiddlewareFactory:createAuthenticationMiddleware() Validating authentications.
2026-07-12T06:12:06.176Z 4f9eb63d-1dad-4625-851c-6f021d293169 info: PublicAccessAuthenticator:validate() Start validation against public access.
2026-07-12T06:12:06.176Z 4f9eb63d-1dad-4625-851c-6f021d293169 debug: PublicAccessAuthenticator:validate() Getting account properties...
2026-07-12T06:12:06.176Z 4f9eb63d-1dad-4625-851c-6f021d293169 debug: PublicAccessAuthenticator:validate() Retrieved account name from context: devstoreaccount1, container: , blob: 
2026-07-12T06:12:06.176Z 4f9eb63d-1dad-4625-851c-6f021d293169 debug: PublicAccessAuthenticator:validate() Skip public access authentication. Cannot get public access type for container 
2026-07-12T06:12:06.176Z 4f9eb63d-1dad-4625-851c-6f021d293169 info: BlobSharedKeyAuthenticator:validate() Start validation against account shared key authentication.
2026-07-12T06:12:06.177Z 4f9eb63d-1dad-4625-851c-6f021d293169 info: BlobSharedKeyAuthenticator:validate() [STRING TO SIGN]:"GET\n\n\n\n\n\n\n\n\n\n\n\nx-ms-client-request-id:245a442b-039e-48b0-bce9-b7c73b876f55\nx-ms-date:Sun, 12 Jul 2026 06:12:06 GMT\nx-ms-return-client-request-id:true\nx-ms-version:2024-11-04\n/devstoreaccount1/devstoreaccount1/\ncomp:list\nmaxresults:1"
2026-07-12T06:12:06.177Z 4f9eb63d-1dad-4625-851c-6f021d293169 info: BlobSharedKeyAuthenticator:validate() Calculated authentication header based on key1: SharedKey devstoreaccount1:KNl0YOKe3wd/bHIj8D5bJzuxYzRmXydhptpawOYTXOc=
2026-07-12T06:12:06.177Z 4f9eb63d-1dad-4625-851c-6f021d293169 info: BlobSharedKeyAuthenticator:validate() Signature 1 matched.
2026-07-12T06:12:06.177Z 4f9eb63d-1dad-4625-851c-6f021d293169 verbose: DeserializerMiddleware: Start deserializing...
2026-07-12T06:12:06.177Z 4f9eb63d-1dad-4625-851c-6f021d293169 info: HandlerMiddleware: DeserializedParameters={"options":{"maxresults":1,"include":[],"requestId":"245a442b-039e-48b0-bce9-b7c73b876f55"},"comp":"list","version":"2024-11-04"}
2026-07-12T06:12:06.177Z 4f9eb63d-1dad-4625-851c-6f021d293169 verbose: SerializerMiddleware: Start serializing...
2026-07-12T06:12:06.178Z 4f9eb63d-1dad-4625-851c-6f021d293169 debug: Serializer: Raw response body string is <?xml version="1.0" encoding="UTF-8" standalone="yes"?><EnumerationResults ServiceEndpoint="http://127.0.0.1:10000/devstoreaccount1"><Prefix/><MaxResults>1</MaxResults><Containers><Container><Name>azure-webjobs-hosts</Name><Properties><Last-Modified>Sun, 12 Jul 2026 06:11:36 GMT</Last-Modified><Etag>"0x2185A1CCDA39100"</Etag><LeaseStatus>unlocked</LeaseStatus><LeaseState>available</LeaseState><HasImmutabilityPolicy>false</HasImmutabilityPolicy><HasLegalHold>false</HasLegalHold></Properties></Container></Containers><NextMarker/></EnumerationResults>
2026-07-12T06:12:06.178Z 4f9eb63d-1dad-4625-851c-6f021d293169 info: Serializer: Start returning stream body.
2026-07-12T06:12:06.178Z 4f9eb63d-1dad-4625-851c-6f021d293169 verbose: Send Blob telemetry: B_Service_ListContainersSegment
2026-07-12T06:12:06.178Z 4f9eb63d-1dad-4625-851c-6f021d293169 info: EndMiddleware: End response. TotalTimeInMS=3 StatusCode=200 StatusMessage=OK Headers={"server":"Azurite-Blob/3.35.0","x-ms-client-request-id":"245a442b-039e-48b0-bce9-b7c73b876f55","x-ms-request-id":"4f9eb63d-1dad-4625-851c-6f021d293169","x-ms-version":"2025-11-05","content-type":"application/xml"}
2026-07-12T06:12:12.232Z 3ff66139-9cf3-44c0-a676-bf4c38a346d4 info: BlobStorageContextMiddleware: RequestMethod=PUT RequestURL=http://127.0.0.1/devstoreaccount1/azure-webjobs-hosts/locks/desktopk3253ts-1555588203/host?comp=lease RequestHeaders:{"host":"127.0.0.1:10000","x-ms-lease-action":"renew","x-ms-lease-id":"00000000000000000000000047B12EBF","x-ms-version":"2024-11-04","accept":"application/xml","x-ms-client-request-id":"451e4c9c-3b1e-4cb4-84a5-7ed8c62fb1bb","x-ms-return-client-request-id":"true","user-agent":"azsdk-net-Storage.Blobs/12.22.1 (.NET 8.0.28; Microsoft Windows 10.0.19045)","x-ms-date":"Sun, 12 Jul 2026 06:12:12 GMT","authorization":"SharedKey devstoreaccount1:QZ+ivb1WVXDKEP0iRjlhwLDcEo+YdISL9ZXqGBBrY4Q=","content-length":"0"} ClientIP=127.0.0.1 Protocol=http HTTPVersion=1.1
2026-07-12T06:12:12.232Z 3ff66139-9cf3-44c0-a676-bf4c38a346d4 info: BlobStorageContextMiddleware: Account=devstoreaccount1 Container=azure-webjobs-hosts Blob=locks/desktopk3253ts-1555588203/host
2026-07-12T06:12:12.232Z 3ff66139-9cf3-44c0-a676-bf4c38a346d4 verbose: DispatchMiddleware: Dispatching request...
2026-07-12T06:12:12.234Z 3ff66139-9cf3-44c0-a676-bf4c38a346d4 info: DispatchMiddleware: Operation=Blob_RenewLease
2026-07-12T06:12:12.234Z 3ff66139-9cf3-44c0-a676-bf4c38a346d4 verbose: AuthenticationMiddlewareFactory:createAuthenticationMiddleware() Validating authentications.
2026-07-12T06:12:12.234Z 3ff66139-9cf3-44c0-a676-bf4c38a346d4 info: PublicAccessAuthenticator:validate() Start validation against public access.
2026-07-12T06:12:12.234Z 3ff66139-9cf3-44c0-a676-bf4c38a346d4 debug: PublicAccessAuthenticator:validate() Getting account properties...
2026-07-12T06:12:12.234Z 3ff66139-9cf3-44c0-a676-bf4c38a346d4 debug: PublicAccessAuthenticator:validate() Retrieved account name from context: devstoreaccount1, container: azure-webjobs-hosts, blob: locks/desktopk3253ts-1555588203/host
2026-07-12T06:12:12.234Z 3ff66139-9cf3-44c0-a676-bf4c38a346d4 debug: PublicAccessAuthenticator:validate() Skip public access authentication. Cannot get public access type for container azure-webjobs-hosts
2026-07-12T06:12:12.234Z 3ff66139-9cf3-44c0-a676-bf4c38a346d4 info: BlobSharedKeyAuthenticator:validate() Start validation against account shared key authentication.
2026-07-12T06:12:12.234Z 3ff66139-9cf3-44c0-a676-bf4c38a346d4 info: BlobSharedKeyAuthenticator:validate() [STRING TO SIGN]:"PUT\n\n\n\n\n\n\n\n\n\n\n\nx-ms-client-request-id:451e4c9c-3b1e-4cb4-84a5-7ed8c62fb1bb\nx-ms-date:Sun, 12 Jul 2026 06:12:12 GMT\nx-ms-lease-action:renew\nx-ms-lease-id:00000000000000000000000047B12EBF\nx-ms-return-client-request-id:true\nx-ms-version:2024-11-04\n/devstoreaccount1/devstoreaccount1/azure-webjobs-hosts/locks/desktopk3253ts-1555588203/host\ncomp:lease"
2026-07-12T06:12:12.234Z 3ff66139-9cf3-44c0-a676-bf4c38a346d4 info: BlobSharedKeyAuthenticator:validate() Calculated authentication header based on key1: SharedKey devstoreaccount1:QZ+ivb1WVXDKEP0iRjlhwLDcEo+YdISL9ZXqGBBrY4Q=
2026-07-12T06:12:12.235Z 3ff66139-9cf3-44c0-a676-bf4c38a346d4 info: BlobSharedKeyAuthenticator:validate() Signature 1 matched.
2026-07-12T06:12:12.235Z 3ff66139-9cf3-44c0-a676-bf4c38a346d4 verbose: DeserializerMiddleware: Start deserializing...
2026-07-12T06:12:12.235Z 3ff66139-9cf3-44c0-a676-bf4c38a346d4 info: HandlerMiddleware: DeserializedParameters={"options":{"requestId":"451e4c9c-3b1e-4cb4-84a5-7ed8c62fb1bb","modifiedAccessConditions":{}},"comp":"lease","leaseId":"00000000000000000000000047B12EBF","version":"2024-11-04","action":"renew"}
2026-07-12T06:12:12.235Z 3ff66139-9cf3-44c0-a676-bf4c38a346d4 verbose: SerializerMiddleware: Start serializing...
2026-07-12T06:12:12.236Z 3ff66139-9cf3-44c0-a676-bf4c38a346d4 verbose: Send Blob telemetry: B_Blob_RenewLease
2026-07-12T06:12:12.236Z 3ff66139-9cf3-44c0-a676-bf4c38a346d4 info: EndMiddleware: End response. TotalTimeInMS=4 StatusCode=200 StatusMessage=undefined Headers={"server":"Azurite-Blob/3.35.0","etag":"\"0x227847DE96A6C40\"","last-modified":"Sun, 12 Jul 2026 06:11:36 GMT","x-ms-lease-id":"00000000000000000000000047B12EBF","x-ms-client-request-id":"451e4c9c-3b1e-4cb4-84a5-7ed8c62fb1bb","x-ms-request-id":"3ff66139-9cf3-44c0-a676-bf4c38a346d4","x-ms-version":"2025-11-05","date":"Sun, 12 Jul 2026 06:12:12 GMT"}
2026-07-12T06:12:14.370Z 	 info: AccountDataStore:init() Refresh accounts from environment variable AZURITE_ACCOUNTS with value undefined
2026-07-12T06:12:14.370Z 	 info: AccountDataStore:init() Fallback to default emulator account devstoreaccount1.
2026-07-12T06:12:14.417Z 	 info: AccountDataStore:init() Refresh accounts from environment variable AZURITE_ACCOUNTS with value undefined
2026-07-12T06:12:14.417Z 	 info: AccountDataStore:init() Fallback to default emulator account devstoreaccount1.
2026-07-12T06:12:14.448Z 	 info: QueueGCManager:markSweepLoop() Start new mark and sweep.
2026-07-12T06:12:14.448Z 	 info: QueueGCManger:markSweep() Get all extents.
2026-07-12T06:12:14.449Z 	 info: QueueGCManager:marksweep() Get 0 extents.
2026-07-12T06:12:14.449Z 	 info: QueueGCManager:markSweep() Get referred extents, then remove from allExtents.
2026-07-12T06:12:14.449Z 	 info: QueueGCManager:markSweep() Got referred extents, unreferenced extents count is 0.
2026-07-12T06:12:14.449Z 	 info: QueueGCManager:markSweepLoop() Mark and sweep finished, take 1ms.
2026-07-12T06:12:14.449Z 	 info: QueueGCManager:markSweepLoop() Sleep for 60000
2026-07-12T06:12:14.449Z 	 info: AccountDataStore:init() Refresh accounts from environment variable AZURITE_ACCOUNTS with value undefined
2026-07-12T06:12:14.449Z 	 info: AccountDataStore:init() Fallback to default emulator account devstoreaccount1.
2026-07-12T06:12:24.247Z 8c4e3cba-4eb3-47da-93b3-d7cd992fc78f info: BlobStorageContextMiddleware: RequestMethod=PUT RequestURL=http://127.0.0.1/devstoreaccount1/azure-webjobs-hosts/locks/desktopk3253ts-1555588203/host?comp=lease RequestHeaders:{"host":"127.0.0.1:10000","x-ms-lease-action":"renew","x-ms-lease-id":"00000000000000000000000047B12EBF","x-ms-version":"2024-11-04","accept":"application/xml","x-ms-client-request-id":"882e9e83-5f58-47b5-825f-b382421be2f4","x-ms-return-client-request-id":"true","user-agent":"azsdk-net-Storage.Blobs/12.22.1 (.NET 8.0.28; Microsoft Windows 10.0.19045)","x-ms-date":"Sun, 12 Jul 2026 06:12:24 GMT","authorization":"SharedKey devstoreaccount1:D9i+MO3Cdvuf5LQYTxiCapralMYD8/UTPx4rws2uWTE=","content-length":"0"} ClientIP=127.0.0.1 Protocol=http HTTPVersion=1.1
2026-07-12T06:12:24.248Z 8c4e3cba-4eb3-47da-93b3-d7cd992fc78f info: BlobStorageContextMiddleware: Account=devstoreaccount1 Container=azure-webjobs-hosts Blob=locks/desktopk3253ts-1555588203/host
2026-07-12T06:12:24.248Z 8c4e3cba-4eb3-47da-93b3-d7cd992fc78f verbose: DispatchMiddleware: Dispatching request...
2026-07-12T06:12:24.250Z 8c4e3cba-4eb3-47da-93b3-d7cd992fc78f info: DispatchMiddleware: Operation=Blob_RenewLease
2026-07-12T06:12:24.251Z 8c4e3cba-4eb3-47da-93b3-d7cd992fc78f verbose: AuthenticationMiddlewareFactory:createAuthenticationMiddleware() Validating authentications.
2026-07-12T06:12:24.251Z 8c4e3cba-4eb3-47da-93b3-d7cd992fc78f info: PublicAccessAuthenticator:validate() Start validation against public access.
2026-07-12T06:12:24.251Z 8c4e3cba-4eb3-47da-93b3-d7cd992fc78f debug: PublicAccessAuthenticator:validate() Getting account properties...
2026-07-12T06:12:24.251Z 8c4e3cba-4eb3-47da-93b3-d7cd992fc78f debug: PublicAccessAuthenticator:validate() Retrieved account name from context: devstoreaccount1, container: azure-webjobs-hosts, blob: locks/desktopk3253ts-1555588203/host
2026-07-12T06:12:24.251Z 8c4e3cba-4eb3-47da-93b3-d7cd992fc78f debug: PublicAccessAuthenticator:validate() Skip public access authentication. Cannot get public access type for container azure-webjobs-hosts
2026-07-12T06:12:24.252Z 8c4e3cba-4eb3-47da-93b3-d7cd992fc78f info: BlobSharedKeyAuthenticator:validate() Start validation against account shared key authentication.
2026-07-12T06:12:24.252Z 8c4e3cba-4eb3-47da-93b3-d7cd992fc78f info: BlobSharedKeyAuthenticator:validate() [STRING TO SIGN]:"PUT\n\n\n\n\n\n\n\n\n\n\n\nx-ms-client-request-id:882e9e83-5f58-47b5-825f-b382421be2f4\nx-ms-date:Sun, 12 Jul 2026 06:12:24 GMT\nx-ms-lease-action:renew\nx-ms-lease-id:00000000000000000000000047B12EBF\nx-ms-return-client-request-id:true\nx-ms-version:2024-11-04\n/devstoreaccount1/devstoreaccount1/azure-webjobs-hosts/locks/desktopk3253ts-1555588203/host\ncomp:lease"
2026-07-12T06:12:24.252Z 8c4e3cba-4eb3-47da-93b3-d7cd992fc78f info: BlobSharedKeyAuthenticator:validate() Calculated authentication header based on key1: SharedKey devstoreaccount1:D9i+MO3Cdvuf5LQYTxiCapralMYD8/UTPx4rws2uWTE=
2026-07-12T06:12:24.252Z 8c4e3cba-4eb3-47da-93b3-d7cd992fc78f info: BlobSharedKeyAuthenticator:validate() Signature 1 matched.
2026-07-12T06:12:24.253Z 8c4e3cba-4eb3-47da-93b3-d7cd992fc78f verbose: DeserializerMiddleware: Start deserializing...
2026-07-12T06:12:24.253Z 8c4e3cba-4eb3-47da-93b3-d7cd992fc78f info: HandlerMiddleware: DeserializedParameters={"options":{"requestId":"882e9e83-5f58-47b5-825f-b382421be2f4","modifiedAccessConditions":{}},"comp":"lease","leaseId":"00000000000000000000000047B12EBF","version":"2024-11-04","action":"renew"}
2026-07-12T06:12:24.254Z 8c4e3cba-4eb3-47da-93b3-d7cd992fc78f verbose: SerializerMiddleware: Start serializing...
2026-07-12T06:12:24.254Z 8c4e3cba-4eb3-47da-93b3-d7cd992fc78f verbose: Send Blob telemetry: B_Blob_RenewLease
2026-07-12T06:12:24.255Z 8c4e3cba-4eb3-47da-93b3-d7cd992fc78f info: EndMiddleware: End response. TotalTimeInMS=8 StatusCode=200 StatusMessage=undefined Headers={"server":"Azurite-Blob/3.35.0","etag":"\"0x227847DE96A6C40\"","last-modified":"Sun, 12 Jul 2026 06:11:36 GMT","x-ms-lease-id":"00000000000000000000000047B12EBF","x-ms-client-request-id":"882e9e83-5f58-47b5-825f-b382421be2f4","x-ms-request-id":"8c4e3cba-4eb3-47da-93b3-d7cd992fc78f","x-ms-version":"2025-11-05","date":"Sun, 12 Jul 2026 06:12:24 GMT"}
2026-07-12T06:12:36.201Z 10ca9500-2eb3-4cd3-ad6f-49f09a125970 info: BlobStorageContextMiddleware: RequestMethod=GET RequestURL=http://127.0.0.1/devstoreaccount1/?comp=list&maxresults=1 RequestHeaders:{"host":"127.0.0.1:10000","x-ms-version":"2024-11-04","accept":"application/xml","x-ms-client-request-id":"ccd87bc5-6a63-4014-91dd-c8675a8585f4","x-ms-return-client-request-id":"true","user-agent":"azsdk-net-Storage.Blobs/12.22.1 (.NET 8.0.28; Microsoft Windows 10.0.19045)","x-ms-date":"Sun, 12 Jul 2026 06:12:36 GMT","authorization":"SharedKey devstoreaccount1:Ppf/aavMdpgbUVohjT/igSwCA2a6ZNguwQO3h/959OA="} ClientIP=127.0.0.1 Protocol=http HTTPVersion=1.1
2026-07-12T06:12:36.201Z 10ca9500-2eb3-4cd3-ad6f-49f09a125970 info: BlobStorageContextMiddleware: Account=devstoreaccount1 Container= Blob=
2026-07-12T06:12:36.201Z 10ca9500-2eb3-4cd3-ad6f-49f09a125970 verbose: DispatchMiddleware: Dispatching request...
2026-07-12T06:12:36.201Z 10ca9500-2eb3-4cd3-ad6f-49f09a125970 info: DispatchMiddleware: Operation=Service_ListContainersSegment
2026-07-12T06:12:36.201Z 10ca9500-2eb3-4cd3-ad6f-49f09a125970 verbose: AuthenticationMiddlewareFactory:createAuthenticationMiddleware() Validating authentications.
2026-07-12T06:12:36.201Z 10ca9500-2eb3-4cd3-ad6f-49f09a125970 info: PublicAccessAuthenticator:validate() Start validation against public access.
2026-07-12T06:12:36.201Z 10ca9500-2eb3-4cd3-ad6f-49f09a125970 debug: PublicAccessAuthenticator:validate() Getting account properties...
2026-07-12T06:12:36.201Z 10ca9500-2eb3-4cd3-ad6f-49f09a125970 debug: PublicAccessAuthenticator:validate() Retrieved account name from context: devstoreaccount1, container: , blob: 
2026-07-12T06:12:36.202Z 10ca9500-2eb3-4cd3-ad6f-49f09a125970 debug: PublicAccessAuthenticator:validate() Skip public access authentication. Cannot get public access type for container 
2026-07-12T06:12:36.202Z 10ca9500-2eb3-4cd3-ad6f-49f09a125970 info: BlobSharedKeyAuthenticator:validate() Start validation against account shared key authentication.
2026-07-12T06:12:36.202Z 10ca9500-2eb3-4cd3-ad6f-49f09a125970 info: BlobSharedKeyAuthenticator:validate() [STRING TO SIGN]:"GET\n\n\n\n\n\n\n\n\n\n\n\nx-ms-client-request-id:ccd87bc5-6a63-4014-91dd-c8675a8585f4\nx-ms-date:Sun, 12 Jul 2026 06:12:36 GMT\nx-ms-return-client-request-id:true\nx-ms-version:2024-11-04\n/devstoreaccount1/devstoreaccount1/\ncomp:list\nmaxresults:1"
2026-07-12T06:12:36.202Z 10ca9500-2eb3-4cd3-ad6f-49f09a125970 info: BlobSharedKeyAuthenticator:validate() Calculated authentication header based on key1: SharedKey devstoreaccount1:Ppf/aavMdpgbUVohjT/igSwCA2a6ZNguwQO3h/959OA=
2026-07-12T06:12:36.202Z 10ca9500-2eb3-4cd3-ad6f-49f09a125970 info: BlobSharedKeyAuthenticator:validate() Signature 1 matched.
2026-07-12T06:12:36.202Z 10ca9500-2eb3-4cd3-ad6f-49f09a125970 verbose: DeserializerMiddleware: Start deserializing...
2026-07-12T06:12:36.203Z 10ca9500-2eb3-4cd3-ad6f-49f09a125970 info: HandlerMiddleware: DeserializedParameters={"options":{"maxresults":1,"include":[],"requestId":"ccd87bc5-6a63-4014-91dd-c8675a8585f4"},"comp":"list","version":"2024-11-04"}
2026-07-12T06:12:36.203Z 10ca9500-2eb3-4cd3-ad6f-49f09a125970 verbose: SerializerMiddleware: Start serializing...
2026-07-12T06:12:36.203Z 10ca9500-2eb3-4cd3-ad6f-49f09a125970 debug: Serializer: Raw response body string is <?xml version="1.0" encoding="UTF-8" standalone="yes"?><EnumerationResults ServiceEndpoint="http://127.0.0.1:10000/devstoreaccount1"><Prefix/><MaxResults>1</MaxResults><Containers><Container><Name>azure-webjobs-hosts</Name><Properties><Last-Modified>Sun, 12 Jul 2026 06:11:36 GMT</Last-Modified><Etag>"0x2185A1CCDA39100"</Etag><LeaseStatus>unlocked</LeaseStatus><LeaseState>available</LeaseState><HasImmutabilityPolicy>false</HasImmutabilityPolicy><HasLegalHold>false</HasLegalHold></Properties></Container></Containers><NextMarker/></EnumerationResults>
2026-07-12T06:12:36.203Z 10ca9500-2eb3-4cd3-ad6f-49f09a125970 info: Serializer: Start returning stream body.
2026-07-12T06:12:36.203Z 10ca9500-2eb3-4cd3-ad6f-49f09a125970 verbose: Send Blob telemetry: B_Service_ListContainersSegment
2026-07-12T06:12:36.203Z 10ca9500-2eb3-4cd3-ad6f-49f09a125970 info: EndMiddleware: End response. TotalTimeInMS=2 StatusCode=200 StatusMessage=OK Headers={"server":"Azurite-Blob/3.35.0","x-ms-client-request-id":"ccd87bc5-6a63-4014-91dd-c8675a8585f4","x-ms-request-id":"10ca9500-2eb3-4cd3-ad6f-49f09a125970","x-ms-version":"2025-11-05","content-type":"application/xml"}
2026-07-12T06:12:36.237Z bd6fb8d3-402b-4932-81b1-f281ea66f92a info: BlobStorageContextMiddleware: RequestMethod=PUT RequestURL=http://127.0.0.1/devstoreaccount1/azure-webjobs-hosts/locks/desktopk3253ts-1555588203/host?comp=lease RequestHeaders:{"host":"127.0.0.1:10000","x-ms-lease-action":"renew","x-ms-lease-id":"00000000000000000000000047B12EBF","x-ms-version":"2024-11-04","accept":"application/xml","x-ms-client-request-id":"ec0eaeba-8c06-418d-827b-1ef2f967c446","x-ms-return-client-request-id":"true","user-agent":"azsdk-net-Storage.Blobs/12.22.1 (.NET 8.0.28; Microsoft Windows 10.0.19045)","x-ms-date":"Sun, 12 Jul 2026 06:12:36 GMT","authorization":"SharedKey devstoreaccount1:2Lq8nsmqwL8DaytbNDmhIBqzmFXLSzvXgf4jJpPgnWw=","content-length":"0"} ClientIP=127.0.0.1 Protocol=http HTTPVersion=1.1
2026-07-12T06:12:36.237Z bd6fb8d3-402b-4932-81b1-f281ea66f92a info: BlobStorageContextMiddleware: Account=devstoreaccount1 Container=azure-webjobs-hosts Blob=locks/desktopk3253ts-1555588203/host
2026-07-12T06:12:36.237Z bd6fb8d3-402b-4932-81b1-f281ea66f92a verbose: DispatchMiddleware: Dispatching request...
2026-07-12T06:12:36.238Z bd6fb8d3-402b-4932-81b1-f281ea66f92a info: DispatchMiddleware: Operation=Blob_RenewLease
2026-07-12T06:12:36.238Z bd6fb8d3-402b-4932-81b1-f281ea66f92a verbose: AuthenticationMiddlewareFactory:createAuthenticationMiddleware() Validating authentications.
2026-07-12T06:12:36.238Z bd6fb8d3-402b-4932-81b1-f281ea66f92a info: PublicAccessAuthenticator:validate() Start validation against public access.
2026-07-12T06:12:36.238Z bd6fb8d3-402b-4932-81b1-f281ea66f92a debug: PublicAccessAuthenticator:validate() Getting account properties...
2026-07-12T06:12:36.238Z bd6fb8d3-402b-4932-81b1-f281ea66f92a debug: PublicAccessAuthenticator:validate() Retrieved account name from context: devstoreaccount1, container: azure-webjobs-hosts, blob: locks/desktopk3253ts-1555588203/host
2026-07-12T06:12:36.238Z bd6fb8d3-402b-4932-81b1-f281ea66f92a debug: PublicAccessAuthenticator:validate() Skip public access authentication. Cannot get public access type for container azure-webjobs-hosts
2026-07-12T06:12:36.238Z bd6fb8d3-402b-4932-81b1-f281ea66f92a info: BlobSharedKeyAuthenticator:validate() Start validation against account shared key authentication.
2026-07-12T06:12:36.238Z bd6fb8d3-402b-4932-81b1-f281ea66f92a info: BlobSharedKeyAuthenticator:validate() [STRING TO SIGN]:"PUT\n\n\n\n\n\n\n\n\n\n\n\nx-ms-client-request-id:ec0eaeba-8c06-418d-827b-1ef2f967c446\nx-ms-date:Sun, 12 Jul 2026 06:12:36 GMT\nx-ms-lease-action:renew\nx-ms-lease-id:00000000000000000000000047B12EBF\nx-ms-return-client-request-id:true\nx-ms-version:2024-11-04\n/devstoreaccount1/devstoreaccount1/azure-webjobs-hosts/locks/desktopk3253ts-1555588203/host\ncomp:lease"
2026-07-12T06:12:36.238Z bd6fb8d3-402b-4932-81b1-f281ea66f92a info: BlobSharedKeyAuthenticator:validate() Calculated authentication header based on key1: SharedKey devstoreaccount1:2Lq8nsmqwL8DaytbNDmhIBqzmFXLSzvXgf4jJpPgnWw=
2026-07-12T06:12:36.238Z bd6fb8d3-402b-4932-81b1-f281ea66f92a info: BlobSharedKeyAuthenticator:validate() Signature 1 matched.
2026-07-12T06:12:36.238Z bd6fb8d3-402b-4932-81b1-f281ea66f92a verbose: DeserializerMiddleware: Start deserializing...
2026-07-12T06:12:36.238Z bd6fb8d3-402b-4932-81b1-f281ea66f92a info: HandlerMiddleware: DeserializedParameters={"options":{"requestId":"ec0eaeba-8c06-418d-827b-1ef2f967c446","modifiedAccessConditions":{}},"comp":"lease","leaseId":"00000000000000000000000047B12EBF","version":"2024-11-04","action":"renew"}
2026-07-12T06:12:36.239Z bd6fb8d3-402b-4932-81b1-f281ea66f92a verbose: SerializerMiddleware: Start serializing...
2026-07-12T06:12:36.239Z bd6fb8d3-402b-4932-81b1-f281ea66f92a verbose: Send Blob telemetry: B_Blob_RenewLease
2026-07-12T06:12:36.239Z bd6fb8d3-402b-4932-81b1-f281ea66f92a info: EndMiddleware: End response. TotalTimeInMS=2 StatusCode=200 StatusMessage=undefined Headers={"server":"Azurite-Blob/3.35.0","etag":"\"0x227847DE96A6C40\"","last-modified":"Sun, 12 Jul 2026 06:11:36 GMT","x-ms-lease-id":"00000000000000000000000047B12EBF","x-ms-client-request-id":"ec0eaeba-8c06-418d-827b-1ef2f967c446","x-ms-request-id":"bd6fb8d3-402b-4932-81b1-f281ea66f92a","x-ms-version":"2025-11-05","date":"Sun, 12 Jul 2026 06:12:36 GMT"}
2026-07-12T06:12:48.240Z 25271f9b-69d1-4162-82ff-991f39a04b9a info: BlobStorageContextMiddleware: RequestMethod=PUT RequestURL=http://127.0.0.1/devstoreaccount1/azure-webjobs-hosts/locks/desktopk3253ts-1555588203/host?comp=lease RequestHeaders:{"host":"127.0.0.1:10000","x-ms-lease-action":"renew","x-ms-lease-id":"00000000000000000000000047B12EBF","x-ms-version":"2024-11-04","accept":"application/xml","x-ms-client-request-id":"e4a65545-1989-49f8-928f-96c4e8451fd2","x-ms-return-client-request-id":"true","user-agent":"azsdk-net-Storage.Blobs/12.22.1 (.NET 8.0.28; Microsoft Windows 10.0.19045)","x-ms-date":"Sun, 12 Jul 2026 06:12:48 GMT","authorization":"SharedKey devstoreaccount1:sPDqkt2vIVH3YI6N1+xZx0/S82wB90POmoAak7lDDMU=","content-length":"0"} ClientIP=127.0.0.1 Protocol=http HTTPVersion=1.1
2026-07-12T06:12:48.240Z 25271f9b-69d1-4162-82ff-991f39a04b9a info: BlobStorageContextMiddleware: Account=devstoreaccount1 Container=azure-webjobs-hosts Blob=locks/desktopk3253ts-1555588203/host
2026-07-12T06:12:48.240Z 25271f9b-69d1-4162-82ff-991f39a04b9a verbose: DispatchMiddleware: Dispatching request...
2026-07-12T06:12:48.241Z 25271f9b-69d1-4162-82ff-991f39a04b9a info: DispatchMiddleware: Operation=Blob_RenewLease
2026-07-12T06:12:48.241Z 25271f9b-69d1-4162-82ff-991f39a04b9a verbose: AuthenticationMiddlewareFactory:createAuthenticationMiddleware() Validating authentications.
2026-07-12T06:12:48.241Z 25271f9b-69d1-4162-82ff-991f39a04b9a info: PublicAccessAuthenticator:validate() Start validation against public access.
2026-07-12T06:12:48.242Z 25271f9b-69d1-4162-82ff-991f39a04b9a debug: PublicAccessAuthenticator:validate() Getting account properties...
2026-07-12T06:12:48.242Z 25271f9b-69d1-4162-82ff-991f39a04b9a debug: PublicAccessAuthenticator:validate() Retrieved account name from context: devstoreaccount1, container: azure-webjobs-hosts, blob: locks/desktopk3253ts-1555588203/host
2026-07-12T06:12:48.242Z 25271f9b-69d1-4162-82ff-991f39a04b9a debug: PublicAccessAuthenticator:validate() Skip public access authentication. Cannot get public access type for container azure-webjobs-hosts
2026-07-12T06:12:48.242Z 25271f9b-69d1-4162-82ff-991f39a04b9a info: BlobSharedKeyAuthenticator:validate() Start validation against account shared key authentication.
2026-07-12T06:12:48.242Z 25271f9b-69d1-4162-82ff-991f39a04b9a info: BlobSharedKeyAuthenticator:validate() [STRING TO SIGN]:"PUT\n\n\n\n\n\n\n\n\n\n\n\nx-ms-client-request-id:e4a65545-1989-49f8-928f-96c4e8451fd2\nx-ms-date:Sun, 12 Jul 2026 06:12:48 GMT\nx-ms-lease-action:renew\nx-ms-lease-id:00000000000000000000000047B12EBF\nx-ms-return-client-request-id:true\nx-ms-version:2024-11-04\n/devstoreaccount1/devstoreaccount1/azure-webjobs-hosts/locks/desktopk3253ts-1555588203/host\ncomp:lease"
2026-07-12T06:12:48.242Z 25271f9b-69d1-4162-82ff-991f39a04b9a info: BlobSharedKeyAuthenticator:validate() Calculated authentication header based on key1: SharedKey devstoreaccount1:sPDqkt2vIVH3YI6N1+xZx0/S82wB90POmoAak7lDDMU=
2026-07-12T06:12:48.242Z 25271f9b-69d1-4162-82ff-991f39a04b9a info: BlobSharedKeyAuthenticator:validate() Signature 1 matched.
2026-07-12T06:12:48.242Z 25271f9b-69d1-4162-82ff-991f39a04b9a verbose: DeserializerMiddleware: Start deserializing...
2026-07-12T06:12:48.242Z 25271f9b-69d1-4162-82ff-991f39a04b9a info: HandlerMiddleware: DeserializedParameters={"options":{"requestId":"e4a65545-1989-49f8-928f-96c4e8451fd2","modifiedAccessConditions":{}},"comp":"lease","leaseId":"00000000000000000000000047B12EBF","version":"2024-11-04","action":"renew"}
2026-07-12T06:12:48.243Z 25271f9b-69d1-4162-82ff-991f39a04b9a verbose: SerializerMiddleware: Start serializing...
2026-07-12T06:12:48.243Z 25271f9b-69d1-4162-82ff-991f39a04b9a verbose: Send Blob telemetry: B_Blob_RenewLease
2026-07-12T06:12:48.243Z 25271f9b-69d1-4162-82ff-991f39a04b9a info: EndMiddleware: End response. TotalTimeInMS=3 StatusCode=200 StatusMessage=undefined Headers={"server":"Azurite-Blob/3.35.0","etag":"\"0x227847DE96A6C40\"","last-modified":"Sun, 12 Jul 2026 06:11:36 GMT","x-ms-lease-id":"00000000000000000000000047B12EBF","x-ms-client-request-id":"e4a65545-1989-49f8-928f-96c4e8451fd2","x-ms-request-id":"25271f9b-69d1-4162-82ff-991f39a04b9a","x-ms-version":"2025-11-05","date":"Sun, 12 Jul 2026 06:12:48 GMT"}
2026-07-12T06:13:00.240Z 0883851a-9013-4876-b294-ff029f8aae59 info: BlobStorageContextMiddleware: RequestMethod=PUT RequestURL=http://127.0.0.1/devstoreaccount1/azure-webjobs-hosts/locks/desktopk3253ts-1555588203/host?comp=lease RequestHeaders:{"host":"127.0.0.1:10000","x-ms-lease-action":"renew","x-ms-lease-id":"00000000000000000000000047B12EBF","x-ms-version":"2024-11-04","accept":"application/xml","x-ms-client-request-id":"9b1bbc0e-9298-4e74-b192-e5313a1f61ad","x-ms-return-client-request-id":"true","user-agent":"azsdk-net-Storage.Blobs/12.22.1 (.NET 8.0.28; Microsoft Windows 10.0.19045)","x-ms-date":"Sun, 12 Jul 2026 06:13:00 GMT","authorization":"SharedKey devstoreaccount1:IEMRdbm1oQwA8Fvu8w99U3SwefPI+ZBlu2+Bw1m9CeE=","content-length":"0"} ClientIP=127.0.0.1 Protocol=http HTTPVersion=1.1
2026-07-12T06:13:00.240Z 0883851a-9013-4876-b294-ff029f8aae59 info: BlobStorageContextMiddleware: Account=devstoreaccount1 Container=azure-webjobs-hosts Blob=locks/desktopk3253ts-1555588203/host
2026-07-12T06:13:00.240Z 0883851a-9013-4876-b294-ff029f8aae59 verbose: DispatchMiddleware: Dispatching request...
2026-07-12T06:13:00.241Z 0883851a-9013-4876-b294-ff029f8aae59 info: DispatchMiddleware: Operation=Blob_RenewLease
2026-07-12T06:13:00.241Z 0883851a-9013-4876-b294-ff029f8aae59 verbose: AuthenticationMiddlewareFactory:createAuthenticationMiddleware() Validating authentications.
2026-07-12T06:13:00.241Z 0883851a-9013-4876-b294-ff029f8aae59 info: PublicAccessAuthenticator:validate() Start validation against public access.
2026-07-12T06:13:00.241Z 0883851a-9013-4876-b294-ff029f8aae59 debug: PublicAccessAuthenticator:validate() Getting account properties...
2026-07-12T06:13:00.241Z 0883851a-9013-4876-b294-ff029f8aae59 debug: PublicAccessAuthenticator:validate() Retrieved account name from context: devstoreaccount1, container: azure-webjobs-hosts, blob: locks/desktopk3253ts-1555588203/host
2026-07-12T06:13:00.241Z 0883851a-9013-4876-b294-ff029f8aae59 debug: PublicAccessAuthenticator:validate() Skip public access authentication. Cannot get public access type for container azure-webjobs-hosts
2026-07-12T06:13:00.241Z 0883851a-9013-4876-b294-ff029f8aae59 info: BlobSharedKeyAuthenticator:validate() Start validation against account shared key authentication.
2026-07-12T06:13:00.241Z 0883851a-9013-4876-b294-ff029f8aae59 info: BlobSharedKeyAuthenticator:validate() [STRING TO SIGN]:"PUT\n\n\n\n\n\n\n\n\n\n\n\nx-ms-client-request-id:9b1bbc0e-9298-4e74-b192-e5313a1f61ad\nx-ms-date:Sun, 12 Jul 2026 06:13:00 GMT\nx-ms-lease-action:renew\nx-ms-lease-id:00000000000000000000000047B12EBF\nx-ms-return-client-request-id:true\nx-ms-version:2024-11-04\n/devstoreaccount1/devstoreaccount1/azure-webjobs-hosts/locks/desktopk3253ts-1555588203/host\ncomp:lease"
2026-07-12T06:13:00.241Z 0883851a-9013-4876-b294-ff029f8aae59 info: BlobSharedKeyAuthenticator:validate() Calculated authentication header based on key1: SharedKey devstoreaccount1:IEMRdbm1oQwA8Fvu8w99U3SwefPI+ZBlu2+Bw1m9CeE=
2026-07-12T06:13:00.241Z 0883851a-9013-4876-b294-ff029f8aae59 info: BlobSharedKeyAuthenticator:validate() Signature 1 matched.
2026-07-12T06:13:00.241Z 0883851a-9013-4876-b294-ff029f8aae59 verbose: DeserializerMiddleware: Start deserializing...
2026-07-12T06:13:00.241Z 0883851a-9013-4876-b294-ff029f8aae59 info: HandlerMiddleware: DeserializedParameters={"options":{"requestId":"9b1bbc0e-9298-4e74-b192-e5313a1f61ad","modifiedAccessConditions":{}},"comp":"lease","leaseId":"00000000000000000000000047B12EBF","version":"2024-11-04","action":"renew"}
2026-07-12T06:13:00.242Z 0883851a-9013-4876-b294-ff029f8aae59 verbose: SerializerMiddleware: Start serializing...
2026-07-12T06:13:00.242Z 0883851a-9013-4876-b294-ff029f8aae59 verbose: Send Blob telemetry: B_Blob_RenewLease
2026-07-12T06:13:00.242Z 0883851a-9013-4876-b294-ff029f8aae59 info: EndMiddleware: End response. TotalTimeInMS=2 StatusCode=200 StatusMessage=undefined Headers={"server":"Azurite-Blob/3.35.0","etag":"\"0x227847DE96A6C40\"","last-modified":"Sun, 12 Jul 2026 06:11:36 GMT","x-ms-lease-id":"00000000000000000000000047B12EBF","x-ms-client-request-id":"9b1bbc0e-9298-4e74-b192-e5313a1f61ad","x-ms-request-id":"0883851a-9013-4876-b294-ff029f8aae59","x-ms-version":"2025-11-05","date":"Sun, 12 Jul 2026 06:13:00 GMT"}
2026-07-12T06:13:06.215Z d76505a3-06ab-49dd-9fc0-4f41dc20e447 info: BlobStorageContextMiddleware: RequestMethod=GET RequestURL=http://127.0.0.1/devstoreaccount1/?comp=list&maxresults=1 RequestHeaders:{"host":"127.0.0.1:10000","x-ms-version":"2024-11-04","accept":"application/xml","x-ms-client-request-id":"b3c3a0b8-ead0-4428-8860-d1501cbd2cd0","x-ms-return-client-request-id":"true","user-agent":"azsdk-net-Storage.Blobs/12.22.1 (.NET 8.0.28; Microsoft Windows 10.0.19045)","x-ms-date":"Sun, 12 Jul 2026 06:13:06 GMT","authorization":"SharedKey devstoreaccount1:nt8rAQahXKmSCaTLLtE+VxkXyDJk/P3fYZ4SQ3ZRdGs="} ClientIP=127.0.0.1 Protocol=http HTTPVersion=1.1
2026-07-12T06:13:06.216Z d76505a3-06ab-49dd-9fc0-4f41dc20e447 info: BlobStorageContextMiddleware: Account=devstoreaccount1 Container= Blob=
2026-07-12T06:13:06.216Z d76505a3-06ab-49dd-9fc0-4f41dc20e447 verbose: DispatchMiddleware: Dispatching request...
2026-07-12T06:13:06.216Z d76505a3-06ab-49dd-9fc0-4f41dc20e447 info: DispatchMiddleware: Operation=Service_ListContainersSegment
2026-07-12T06:13:06.216Z d76505a3-06ab-49dd-9fc0-4f41dc20e447 verbose: AuthenticationMiddlewareFactory:createAuthenticationMiddleware() Validating authentications.
2026-07-12T06:13:06.216Z d76505a3-06ab-49dd-9fc0-4f41dc20e447 info: PublicAccessAuthenticator:validate() Start validation against public access.
2026-07-12T06:13:06.216Z d76505a3-06ab-49dd-9fc0-4f41dc20e447 debug: PublicAccessAuthenticator:validate() Getting account properties...
2026-07-12T06:13:06.216Z d76505a3-06ab-49dd-9fc0-4f41dc20e447 debug: PublicAccessAuthenticator:validate() Retrieved account name from context: devstoreaccount1, container: , blob: 
2026-07-12T06:13:06.217Z d76505a3-06ab-49dd-9fc0-4f41dc20e447 debug: PublicAccessAuthenticator:validate() Skip public access authentication. Cannot get public access type for container 
2026-07-12T06:13:06.217Z d76505a3-06ab-49dd-9fc0-4f41dc20e447 info: BlobSharedKeyAuthenticator:validate() Start validation against account shared key authentication.
2026-07-12T06:13:06.217Z d76505a3-06ab-49dd-9fc0-4f41dc20e447 info: BlobSharedKeyAuthenticator:validate() [STRING TO SIGN]:"GET\n\n\n\n\n\n\n\n\n\n\n\nx-ms-client-request-id:b3c3a0b8-ead0-4428-8860-d1501cbd2cd0\nx-ms-date:Sun, 12 Jul 2026 06:13:06 GMT\nx-ms-return-client-request-id:true\nx-ms-version:2024-11-04\n/devstoreaccount1/devstoreaccount1/\ncomp:list\nmaxresults:1"
2026-07-12T06:13:06.217Z d76505a3-06ab-49dd-9fc0-4f41dc20e447 info: BlobSharedKeyAuthenticator:validate() Calculated authentication header based on key1: SharedKey devstoreaccount1:nt8rAQahXKmSCaTLLtE+VxkXyDJk/P3fYZ4SQ3ZRdGs=
2026-07-12T06:13:06.217Z d76505a3-06ab-49dd-9fc0-4f41dc20e447 info: BlobSharedKeyAuthenticator:validate() Signature 1 matched.
2026-07-12T06:13:06.217Z d76505a3-06ab-49dd-9fc0-4f41dc20e447 verbose: DeserializerMiddleware: Start deserializing...
2026-07-12T06:13:06.218Z d76505a3-06ab-49dd-9fc0-4f41dc20e447 info: HandlerMiddleware: DeserializedParameters={"options":{"maxresults":1,"include":[],"requestId":"b3c3a0b8-ead0-4428-8860-d1501cbd2cd0"},"comp":"list","version":"2024-11-04"}
2026-07-12T06:13:06.218Z d76505a3-06ab-49dd-9fc0-4f41dc20e447 verbose: SerializerMiddleware: Start serializing...
2026-07-12T06:13:06.219Z d76505a3-06ab-49dd-9fc0-4f41dc20e447 debug: Serializer: Raw response body string is <?xml version="1.0" encoding="UTF-8" standalone="yes"?><EnumerationResults ServiceEndpoint="http://127.0.0.1:10000/devstoreaccount1"><Prefix/><MaxResults>1</MaxResults><Containers><Container><Name>azure-webjobs-hosts</Name><Properties><Last-Modified>Sun, 12 Jul 2026 06:11:36 GMT</Last-Modified><Etag>"0x2185A1CCDA39100"</Etag><LeaseStatus>unlocked</LeaseStatus><LeaseState>available</LeaseState><HasImmutabilityPolicy>false</HasImmutabilityPolicy><HasLegalHold>false</HasLegalHold></Properties></Container></Containers><NextMarker/></EnumerationResults>
2026-07-12T06:13:06.219Z d76505a3-06ab-49dd-9fc0-4f41dc20e447 info: Serializer: Start returning stream body.
2026-07-12T06:13:06.219Z d76505a3-06ab-49dd-9fc0-4f41dc20e447 verbose: Send Blob telemetry: B_Service_ListContainersSegment
2026-07-12T06:13:06.219Z d76505a3-06ab-49dd-9fc0-4f41dc20e447 info: EndMiddleware: End response. TotalTimeInMS=4 StatusCode=200 StatusMessage=OK Headers={"server":"Azurite-Blob/3.35.0","x-ms-client-request-id":"b3c3a0b8-ead0-4428-8860-d1501cbd2cd0","x-ms-request-id":"d76505a3-06ab-49dd-9fc0-4f41dc20e447","x-ms-version":"2025-11-05","content-type":"application/xml"}
2026-07-12T06:13:12.238Z 5e831665-e1f6-4755-ab9f-51f67ba6114c info: BlobStorageContextMiddleware: RequestMethod=PUT RequestURL=http://127.0.0.1/devstoreaccount1/azure-webjobs-hosts/locks/desktopk3253ts-1555588203/host?comp=lease RequestHeaders:{"host":"127.0.0.1:10000","x-ms-lease-action":"renew","x-ms-lease-id":"00000000000000000000000047B12EBF","x-ms-version":"2024-11-04","accept":"application/xml","x-ms-client-request-id":"76d462e1-8a28-462a-be5e-c890f7ac24d4","x-ms-return-client-request-id":"true","user-agent":"azsdk-net-Storage.Blobs/12.22.1 (.NET 8.0.28; Microsoft Windows 10.0.19045)","x-ms-date":"Sun, 12 Jul 2026 06:13:12 GMT","authorization":"SharedKey devstoreaccount1:WQRLNRyhl4xj2AzdTxFvfp7LRNSpSogUFvPs0lWPbTM=","content-length":"0"} ClientIP=127.0.0.1 Protocol=http HTTPVersion=1.1
2026-07-12T06:13:12.238Z 5e831665-e1f6-4755-ab9f-51f67ba6114c info: BlobStorageContextMiddleware: Account=devstoreaccount1 Container=azure-webjobs-hosts Blob=locks/desktopk3253ts-1555588203/host
2026-07-12T06:13:12.238Z 5e831665-e1f6-4755-ab9f-51f67ba6114c verbose: DispatchMiddleware: Dispatching request...
2026-07-12T06:13:12.238Z 5e831665-e1f6-4755-ab9f-51f67ba6114c info: DispatchMiddleware: Operation=Blob_RenewLease
2026-07-12T06:13:12.238Z 5e831665-e1f6-4755-ab9f-51f67ba6114c verbose: AuthenticationMiddlewareFactory:createAuthenticationMiddleware() Validating authentications.
2026-07-12T06:13:12.238Z 5e831665-e1f6-4755-ab9f-51f67ba6114c info: PublicAccessAuthenticator:validate() Start validation against public access.
2026-07-12T06:13:12.238Z 5e831665-e1f6-4755-ab9f-51f67ba6114c debug: PublicAccessAuthenticator:validate() Getting account properties...
2026-07-12T06:13:12.238Z 5e831665-e1f6-4755-ab9f-51f67ba6114c debug: PublicAccessAuthenticator:validate() Retrieved account name from context: devstoreaccount1, container: azure-webjobs-hosts, blob: locks/desktopk3253ts-1555588203/host
2026-07-12T06:13:12.238Z 5e831665-e1f6-4755-ab9f-51f67ba6114c debug: PublicAccessAuthenticator:validate() Skip public access authentication. Cannot get public access type for container azure-webjobs-hosts
2026-07-12T06:13:12.238Z 5e831665-e1f6-4755-ab9f-51f67ba6114c info: BlobSharedKeyAuthenticator:validate() Start validation against account shared key authentication.
2026-07-12T06:13:12.238Z 5e831665-e1f6-4755-ab9f-51f67ba6114c info: BlobSharedKeyAuthenticator:validate() [STRING TO SIGN]:"PUT\n\n\n\n\n\n\n\n\n\n\n\nx-ms-client-request-id:76d462e1-8a28-462a-be5e-c890f7ac24d4\nx-ms-date:Sun, 12 Jul 2026 06:13:12 GMT\nx-ms-lease-action:renew\nx-ms-lease-id:00000000000000000000000047B12EBF\nx-ms-return-client-request-id:true\nx-ms-version:2024-11-04\n/devstoreaccount1/devstoreaccount1/azure-webjobs-hosts/locks/desktopk3253ts-1555588203/host\ncomp:lease"
2026-07-12T06:13:12.238Z 5e831665-e1f6-4755-ab9f-51f67ba6114c info: BlobSharedKeyAuthenticator:validate() Calculated authentication header based on key1: SharedKey devstoreaccount1:WQRLNRyhl4xj2AzdTxFvfp7LRNSpSogUFvPs0lWPbTM=
2026-07-12T06:13:12.238Z 5e831665-e1f6-4755-ab9f-51f67ba6114c info: BlobSharedKeyAuthenticator:validate() Signature 1 matched.
2026-07-12T06:13:12.238Z 5e831665-e1f6-4755-ab9f-51f67ba6114c verbose: DeserializerMiddleware: Start deserializing...
2026-07-12T06:13:12.239Z 5e831665-e1f6-4755-ab9f-51f67ba6114c info: HandlerMiddleware: DeserializedParameters={"options":{"requestId":"76d462e1-8a28-462a-be5e-c890f7ac24d4","modifiedAccessConditions":{}},"comp":"lease","leaseId":"00000000000000000000000047B12EBF","version":"2024-11-04","action":"renew"}
2026-07-12T06:13:12.239Z 5e831665-e1f6-4755-ab9f-51f67ba6114c verbose: SerializerMiddleware: Start serializing...
2026-07-12T06:13:12.239Z 5e831665-e1f6-4755-ab9f-51f67ba6114c verbose: Send Blob telemetry: B_Blob_RenewLease
2026-07-12T06:13:12.239Z 5e831665-e1f6-4755-ab9f-51f67ba6114c info: EndMiddleware: End response. TotalTimeInMS=1 StatusCode=200 StatusMessage=undefined Headers={"server":"Azurite-Blob/3.35.0","etag":"\"0x227847DE96A6C40\"","last-modified":"Sun, 12 Jul 2026 06:11:36 GMT","x-ms-lease-id":"00000000000000000000000047B12EBF","x-ms-client-request-id":"76d462e1-8a28-462a-be5e-c890f7ac24d4","x-ms-request-id":"5e831665-e1f6-4755-ab9f-51f67ba6114c","x-ms-version":"2025-11-05","date":"Sun, 12 Jul 2026 06:13:12 GMT"}
2026-07-12T06:13:14.372Z 	 info: AccountDataStore:init() Refresh accounts from environment variable AZURITE_ACCOUNTS with value undefined
2026-07-12T06:13:14.372Z 	 info: AccountDataStore:init() Fallback to default emulator account devstoreaccount1.
2026-07-12T06:13:14.423Z 	 info: AccountDataStore:init() Refresh accounts from environment variable AZURITE_ACCOUNTS with value undefined
2026-07-12T06:13:14.423Z 	 info: AccountDataStore:init() Fallback to default emulator account devstoreaccount1.
2026-07-12T06:13:14.457Z 	 info: QueueGCManager:markSweepLoop() Start new mark and sweep.
2026-07-12T06:13:14.457Z 	 info: QueueGCManger:markSweep() Get all extents.
2026-07-12T06:13:14.458Z 	 info: QueueGCManager:marksweep() Get 0 extents.
2026-07-12T06:13:14.458Z 	 info: QueueGCManager:markSweep() Get referred extents, then remove from allExtents.
2026-07-12T06:13:14.458Z 	 info: QueueGCManager:markSweep() Got referred extents, unreferenced extents count is 0.
2026-07-12T06:13:14.458Z 	 info: QueueGCManager:markSweepLoop() Mark and sweep finished, take 1ms.
2026-07-12T06:13:14.458Z 	 info: QueueGCManager:markSweepLoop() Sleep for 60000
2026-07-12T06:13:14.458Z 	 info: AccountDataStore:init() Refresh accounts from environment variable AZURITE_ACCOUNTS with value undefined
2026-07-12T06:13:14.458Z 	 info: AccountDataStore:init() Fallback to default emulator account devstoreaccount1.
2026-07-12T06:13:24.233Z b97a643f-84fa-4522-a2cb-87519b2dbf04 info: BlobStorageContextMiddleware: RequestMethod=PUT RequestURL=http://127.0.0.1/devstoreaccount1/azure-webjobs-hosts/locks/desktopk3253ts-1555588203/host?comp=lease RequestHeaders:{"host":"127.0.0.1:10000","x-ms-lease-action":"renew","x-ms-lease-id":"00000000000000000000000047B12EBF","x-ms-version":"2024-11-04","accept":"application/xml","x-ms-client-request-id":"30dee3d6-dfa4-4163-97f9-04388b7dfcf6","x-ms-return-client-request-id":"true","user-agent":"azsdk-net-Storage.Blobs/12.22.1 (.NET 8.0.28; Microsoft Windows 10.0.19045)","x-ms-date":"Sun, 12 Jul 2026 06:13:24 GMT","authorization":"SharedKey devstoreaccount1:GHAe6dKEvt9nQJPTdMDeXOCiPVoNMqV4ixXT3vEb5Lc=","content-length":"0"} ClientIP=127.0.0.1 Protocol=http HTTPVersion=1.1
2026-07-12T06:13:24.233Z b97a643f-84fa-4522-a2cb-87519b2dbf04 info: BlobStorageContextMiddleware: Account=devstoreaccount1 Container=azure-webjobs-hosts Blob=locks/desktopk3253ts-1555588203/host
2026-07-12T06:13:24.233Z b97a643f-84fa-4522-a2cb-87519b2dbf04 verbose: DispatchMiddleware: Dispatching request...
2026-07-12T06:13:24.234Z b97a643f-84fa-4522-a2cb-87519b2dbf04 info: DispatchMiddleware: Operation=Blob_RenewLease
2026-07-12T06:13:24.234Z b97a643f-84fa-4522-a2cb-87519b2dbf04 verbose: AuthenticationMiddlewareFactory:createAuthenticationMiddleware() Validating authentications.
2026-07-12T06:13:24.234Z b97a643f-84fa-4522-a2cb-87519b2dbf04 info: PublicAccessAuthenticator:validate() Start validation against public access.
2026-07-12T06:13:24.234Z b97a643f-84fa-4522-a2cb-87519b2dbf04 debug: PublicAccessAuthenticator:validate() Getting account properties...
2026-07-12T06:13:24.234Z b97a643f-84fa-4522-a2cb-87519b2dbf04 debug: PublicAccessAuthenticator:validate() Retrieved account name from context: devstoreaccount1, container: azure-webjobs-hosts, blob: locks/desktopk3253ts-1555588203/host
2026-07-12T06:13:24.234Z b97a643f-84fa-4522-a2cb-87519b2dbf04 debug: PublicAccessAuthenticator:validate() Skip public access authentication. Cannot get public access type for container azure-webjobs-hosts
2026-07-12T06:13:24.234Z b97a643f-84fa-4522-a2cb-87519b2dbf04 info: BlobSharedKeyAuthenticator:validate() Start validation against account shared key authentication.
2026-07-12T06:13:24.234Z b97a643f-84fa-4522-a2cb-87519b2dbf04 info: BlobSharedKeyAuthenticator:validate() [STRING TO SIGN]:"PUT\n\n\n\n\n\n\n\n\n\n\n\nx-ms-client-request-id:30dee3d6-dfa4-4163-97f9-04388b7dfcf6\nx-ms-date:Sun, 12 Jul 2026 06:13:24 GMT\nx-ms-lease-action:renew\nx-ms-lease-id:00000000000000000000000047B12EBF\nx-ms-return-client-request-id:true\nx-ms-version:2024-11-04\n/devstoreaccount1/devstoreaccount1/azure-webjobs-hosts/locks/desktopk3253ts-1555588203/host\ncomp:lease"
2026-07-12T06:13:24.234Z b97a643f-84fa-4522-a2cb-87519b2dbf04 info: BlobSharedKeyAuthenticator:validate() Calculated authentication header based on key1: SharedKey devstoreaccount1:GHAe6dKEvt9nQJPTdMDeXOCiPVoNMqV4ixXT3vEb5Lc=
2026-07-12T06:13:24.234Z b97a643f-84fa-4522-a2cb-87519b2dbf04 info: BlobSharedKeyAuthenticator:validate() Signature 1 matched.
2026-07-12T06:13:24.234Z b97a643f-84fa-4522-a2cb-87519b2dbf04 verbose: DeserializerMiddleware: Start deserializing...
2026-07-12T06:13:24.234Z b97a643f-84fa-4522-a2cb-87519b2dbf04 info: HandlerMiddleware: DeserializedParameters={"options":{"requestId":"30dee3d6-dfa4-4163-97f9-04388b7dfcf6","modifiedAccessConditions":{}},"comp":"lease","leaseId":"00000000000000000000000047B12EBF","version":"2024-11-04","action":"renew"}
2026-07-12T06:13:24.235Z b97a643f-84fa-4522-a2cb-87519b2dbf04 verbose: SerializerMiddleware: Start serializing...
2026-07-12T06:13:24.235Z b97a643f-84fa-4522-a2cb-87519b2dbf04 verbose: Send Blob telemetry: B_Blob_RenewLease
2026-07-12T06:13:24.235Z b97a643f-84fa-4522-a2cb-87519b2dbf04 info: EndMiddleware: End response. TotalTimeInMS=2 StatusCode=200 StatusMessage=undefined Headers={"server":"Azurite-Blob/3.35.0","etag":"\"0x227847DE96A6C40\"","last-modified":"Sun, 12 Jul 2026 06:11:36 GMT","x-ms-lease-id":"00000000000000000000000047B12EBF","x-ms-client-request-id":"30dee3d6-dfa4-4163-97f9-04388b7dfcf6","x-ms-request-id":"b97a643f-84fa-4522-a2cb-87519b2dbf04","x-ms-version":"2025-11-05","date":"Sun, 12 Jul 2026 06:13:24 GMT"}
2026-07-12T06:13:36.232Z c98262e7-1929-4ed4-be24-b55857eb594b info: BlobStorageContextMiddleware: RequestMethod=GET RequestURL=http://127.0.0.1/devstoreaccount1/?comp=list&maxresults=1 RequestHeaders:{"host":"127.0.0.1:10000","x-ms-version":"2024-11-04","accept":"application/xml","x-ms-client-request-id":"9765d3c3-9d5e-436a-a825-d49bcaa199b9","x-ms-return-client-request-id":"true","user-agent":"azsdk-net-Storage.Blobs/12.22.1 (.NET 8.0.28; Microsoft Windows 10.0.19045)","x-ms-date":"Sun, 12 Jul 2026 06:13:36 GMT","authorization":"SharedKey devstoreaccount1:Cq+Sz7P4lEW3VwjHmAQmb6s7bvoUYlpmHPgfkJ9jaMo="} ClientIP=127.0.0.1 Protocol=http HTTPVersion=1.1
2026-07-12T06:13:36.232Z c98262e7-1929-4ed4-be24-b55857eb594b info: BlobStorageContextMiddleware: Account=devstoreaccount1 Container= Blob=
2026-07-12T06:13:36.232Z c98262e7-1929-4ed4-be24-b55857eb594b verbose: DispatchMiddleware: Dispatching request...
2026-07-12T06:13:36.232Z c98262e7-1929-4ed4-be24-b55857eb594b info: DispatchMiddleware: Operation=Service_ListContainersSegment
2026-07-12T06:13:36.232Z c98262e7-1929-4ed4-be24-b55857eb594b verbose: AuthenticationMiddlewareFactory:createAuthenticationMiddleware() Validating authentications.
2026-07-12T06:13:36.232Z c98262e7-1929-4ed4-be24-b55857eb594b info: PublicAccessAuthenticator:validate() Start validation against public access.
2026-07-12T06:13:36.232Z c98262e7-1929-4ed4-be24-b55857eb594b debug: PublicAccessAuthenticator:validate() Getting account properties...
2026-07-12T06:13:36.232Z c98262e7-1929-4ed4-be24-b55857eb594b debug: PublicAccessAuthenticator:validate() Retrieved account name from context: devstoreaccount1, container: , blob: 
2026-07-12T06:13:36.233Z c98262e7-1929-4ed4-be24-b55857eb594b debug: PublicAccessAuthenticator:validate() Skip public access authentication. Cannot get public access type for container 
2026-07-12T06:13:36.233Z c98262e7-1929-4ed4-be24-b55857eb594b info: BlobSharedKeyAuthenticator:validate() Start validation against account shared key authentication.
2026-07-12T06:13:36.233Z c98262e7-1929-4ed4-be24-b55857eb594b info: BlobSharedKeyAuthenticator:validate() [STRING TO SIGN]:"GET\n\n\n\n\n\n\n\n\n\n\n\nx-ms-client-request-id:9765d3c3-9d5e-436a-a825-d49bcaa199b9\nx-ms-date:Sun, 12 Jul 2026 06:13:36 GMT\nx-ms-return-client-request-id:true\nx-ms-version:2024-11-04\n/devstoreaccount1/devstoreaccount1/\ncomp:list\nmaxresults:1"
2026-07-12T06:13:36.233Z c98262e7-1929-4ed4-be24-b55857eb594b info: BlobSharedKeyAuthenticator:validate() Calculated authentication header based on key1: SharedKey devstoreaccount1:Cq+Sz7P4lEW3VwjHmAQmb6s7bvoUYlpmHPgfkJ9jaMo=
2026-07-12T06:13:36.233Z c98262e7-1929-4ed4-be24-b55857eb594b info: BlobSharedKeyAuthenticator:validate() Signature 1 matched.
2026-07-12T06:13:36.233Z c98262e7-1929-4ed4-be24-b55857eb594b verbose: DeserializerMiddleware: Start deserializing...
2026-07-12T06:13:36.233Z c98262e7-1929-4ed4-be24-b55857eb594b info: HandlerMiddleware: DeserializedParameters={"options":{"maxresults":1,"include":[],"requestId":"9765d3c3-9d5e-436a-a825-d49bcaa199b9"},"comp":"list","version":"2024-11-04"}
2026-07-12T06:13:36.233Z c98262e7-1929-4ed4-be24-b55857eb594b verbose: SerializerMiddleware: Start serializing...
2026-07-12T06:13:36.234Z c98262e7-1929-4ed4-be24-b55857eb594b debug: Serializer: Raw response body string is <?xml version="1.0" encoding="UTF-8" standalone="yes"?><EnumerationResults ServiceEndpoint="http://127.0.0.1:10000/devstoreaccount1"><Prefix/><MaxResults>1</MaxResults><Containers><Container><Name>azure-webjobs-hosts</Name><Properties><Last-Modified>Sun, 12 Jul 2026 06:11:36 GMT</Last-Modified><Etag>"0x2185A1CCDA39100"</Etag><LeaseStatus>unlocked</LeaseStatus><LeaseState>available</LeaseState><HasImmutabilityPolicy>false</HasImmutabilityPolicy><HasLegalHold>false</HasLegalHold></Properties></Container></Containers><NextMarker/></EnumerationResults>
2026-07-12T06:13:36.234Z c98262e7-1929-4ed4-be24-b55857eb594b info: Serializer: Start returning stream body.
2026-07-12T06:13:36.234Z c98262e7-1929-4ed4-be24-b55857eb594b verbose: Send Blob telemetry: B_Service_ListContainersSegment
2026-07-12T06:13:36.234Z c98262e7-1929-4ed4-be24-b55857eb594b info: EndMiddleware: End response. TotalTimeInMS=2 StatusCode=200 StatusMessage=OK Headers={"server":"Azurite-Blob/3.35.0","x-ms-client-request-id":"9765d3c3-9d5e-436a-a825-d49bcaa199b9","x-ms-request-id":"c98262e7-1929-4ed4-be24-b55857eb594b","x-ms-version":"2025-11-05","content-type":"application/xml"}
2026-07-12T06:13:36.235Z 5873cd21-4237-46ab-b47a-a6201bc8c707 info: BlobStorageContextMiddleware: RequestMethod=PUT RequestURL=http://127.0.0.1/devstoreaccount1/azure-webjobs-hosts/locks/desktopk3253ts-1555588203/host?comp=lease RequestHeaders:{"host":"127.0.0.1:10000","x-ms-lease-action":"renew","x-ms-lease-id":"00000000000000000000000047B12EBF","x-ms-version":"2024-11-04","accept":"application/xml","x-ms-client-request-id":"d9dd44f4-85fb-4249-b5e7-9653d6799d60","x-ms-return-client-request-id":"true","user-agent":"azsdk-net-Storage.Blobs/12.22.1 (.NET 8.0.28; Microsoft Windows 10.0.19045)","x-ms-date":"Sun, 12 Jul 2026 06:13:36 GMT","authorization":"SharedKey devstoreaccount1:Y7HpKuFGbxIECVve0JXdosgCYwQi8LRsBr8MdDKvDGM=","content-length":"0"} ClientIP=127.0.0.1 Protocol=http HTTPVersion=1.1
2026-07-12T06:13:36.235Z 5873cd21-4237-46ab-b47a-a6201bc8c707 info: BlobStorageContextMiddleware: Account=devstoreaccount1 Container=azure-webjobs-hosts Blob=locks/desktopk3253ts-1555588203/host
2026-07-12T06:13:36.235Z 5873cd21-4237-46ab-b47a-a6201bc8c707 verbose: DispatchMiddleware: Dispatching request...
2026-07-12T06:13:36.236Z 5873cd21-4237-46ab-b47a-a6201bc8c707 info: DispatchMiddleware: Operation=Blob_RenewLease
2026-07-12T06:13:36.236Z 5873cd21-4237-46ab-b47a-a6201bc8c707 verbose: AuthenticationMiddlewareFactory:createAuthenticationMiddleware() Validating authentications.
2026-07-12T06:13:36.236Z 5873cd21-4237-46ab-b47a-a6201bc8c707 info: PublicAccessAuthenticator:validate() Start validation against public access.
2026-07-12T06:13:36.236Z 5873cd21-4237-46ab-b47a-a6201bc8c707 debug: PublicAccessAuthenticator:validate() Getting account properties...
2026-07-12T06:13:36.236Z 5873cd21-4237-46ab-b47a-a6201bc8c707 debug: PublicAccessAuthenticator:validate() Retrieved account name from context: devstoreaccount1, container: azure-webjobs-hosts, blob: locks/desktopk3253ts-1555588203/host
2026-07-12T06:13:36.236Z 5873cd21-4237-46ab-b47a-a6201bc8c707 debug: PublicAccessAuthenticator:validate() Skip public access authentication. Cannot get public access type for container azure-webjobs-hosts
2026-07-12T06:13:36.236Z 5873cd21-4237-46ab-b47a-a6201bc8c707 info: BlobSharedKeyAuthenticator:validate() Start validation against account shared key authentication.
2026-07-12T06:13:36.236Z 5873cd21-4237-46ab-b47a-a6201bc8c707 info: BlobSharedKeyAuthenticator:validate() [STRING TO SIGN]:"PUT\n\n\n\n\n\n\n\n\n\n\n\nx-ms-client-request-id:d9dd44f4-85fb-4249-b5e7-9653d6799d60\nx-ms-date:Sun, 12 Jul 2026 06:13:36 GMT\nx-ms-lease-action:renew\nx-ms-lease-id:00000000000000000000000047B12EBF\nx-ms-return-client-request-id:true\nx-ms-version:2024-11-04\n/devstoreaccount1/devstoreaccount1/azure-webjobs-hosts/locks/desktopk3253ts-1555588203/host\ncomp:lease"
2026-07-12T06:13:36.236Z 5873cd21-4237-46ab-b47a-a6201bc8c707 info: BlobSharedKeyAuthenticator:validate() Calculated authentication header based on key1: SharedKey devstoreaccount1:Y7HpKuFGbxIECVve0JXdosgCYwQi8LRsBr8MdDKvDGM=
2026-07-12T06:13:36.236Z 5873cd21-4237-46ab-b47a-a6201bc8c707 info: BlobSharedKeyAuthenticator:validate() Signature 1 matched.
2026-07-12T06:13:36.236Z 5873cd21-4237-46ab-b47a-a6201bc8c707 verbose: DeserializerMiddleware: Start deserializing...
2026-07-12T06:13:36.236Z 5873cd21-4237-46ab-b47a-a6201bc8c707 info: HandlerMiddleware: DeserializedParameters={"options":{"requestId":"d9dd44f4-85fb-4249-b5e7-9653d6799d60","modifiedAccessConditions":{}},"comp":"lease","leaseId":"00000000000000000000000047B12EBF","version":"2024-11-04","action":"renew"}
2026-07-12T06:13:36.237Z 5873cd21-4237-46ab-b47a-a6201bc8c707 verbose: SerializerMiddleware: Start serializing...
2026-07-12T06:13:36.237Z 5873cd21-4237-46ab-b47a-a6201bc8c707 verbose: Send Blob telemetry: B_Blob_RenewLease
2026-07-12T06:13:36.237Z 5873cd21-4237-46ab-b47a-a6201bc8c707 info: EndMiddleware: End response. TotalTimeInMS=2 StatusCode=200 StatusMessage=undefined Headers={"server":"Azurite-Blob/3.35.0","etag":"\"0x227847DE96A6C40\"","last-modified":"Sun, 12 Jul 2026 06:11:36 GMT","x-ms-lease-id":"00000000000000000000000047B12EBF","x-ms-client-request-id":"d9dd44f4-85fb-4249-b5e7-9653d6799d60","x-ms-request-id":"5873cd21-4237-46ab-b47a-a6201bc8c707","x-ms-version":"2025-11-05","date":"Sun, 12 Jul 2026 06:13:36 GMT"}
2026-07-12T06:13:48.233Z 50279a80-7391-4bb8-8beb-3d18a15ab21a info: BlobStorageContextMiddleware: RequestMethod=PUT RequestURL=http://127.0.0.1/devstoreaccount1/azure-webjobs-hosts/locks/desktopk3253ts-1555588203/host?comp=lease RequestHeaders:{"host":"127.0.0.1:10000","x-ms-lease-action":"renew","x-ms-lease-id":"00000000000000000000000047B12EBF","x-ms-version":"2024-11-04","accept":"application/xml","x-ms-client-request-id":"ee5ec472-579d-4dc1-b306-e17ff45b8a82","x-ms-return-client-request-id":"true","user-agent":"azsdk-net-Storage.Blobs/12.22.1 (.NET 8.0.28; Microsoft Windows 10.0.19045)","x-ms-date":"Sun, 12 Jul 2026 06:13:48 GMT","authorization":"SharedKey devstoreaccount1:lmzne5gnxAieWJFhXMlPzPgu/gXs8cGJ8enBuUeobik=","content-length":"0"} ClientIP=127.0.0.1 Protocol=http HTTPVersion=1.1
2026-07-12T06:13:48.233Z 50279a80-7391-4bb8-8beb-3d18a15ab21a info: BlobStorageContextMiddleware: Account=devstoreaccount1 Container=azure-webjobs-hosts Blob=locks/desktopk3253ts-1555588203/host
2026-07-12T06:13:48.234Z 50279a80-7391-4bb8-8beb-3d18a15ab21a verbose: DispatchMiddleware: Dispatching request...
2026-07-12T06:13:48.235Z 50279a80-7391-4bb8-8beb-3d18a15ab21a info: DispatchMiddleware: Operation=Blob_RenewLease
2026-07-12T06:13:48.235Z 50279a80-7391-4bb8-8beb-3d18a15ab21a verbose: AuthenticationMiddlewareFactory:createAuthenticationMiddleware() Validating authentications.
2026-07-12T06:13:48.235Z 50279a80-7391-4bb8-8beb-3d18a15ab21a info: PublicAccessAuthenticator:validate() Start validation against public access.
2026-07-12T06:13:48.235Z 50279a80-7391-4bb8-8beb-3d18a15ab21a debug: PublicAccessAuthenticator:validate() Getting account properties...
2026-07-12T06:13:48.235Z 50279a80-7391-4bb8-8beb-3d18a15ab21a debug: PublicAccessAuthenticator:validate() Retrieved account name from context: devstoreaccount1, container: azure-webjobs-hosts, blob: locks/desktopk3253ts-1555588203/host
2026-07-12T06:13:48.235Z 50279a80-7391-4bb8-8beb-3d18a15ab21a debug: PublicAccessAuthenticator:validate() Skip public access authentication. Cannot get public access type for container azure-webjobs-hosts
2026-07-12T06:13:48.236Z 50279a80-7391-4bb8-8beb-3d18a15ab21a info: BlobSharedKeyAuthenticator:validate() Start validation against account shared key authentication.
2026-07-12T06:13:48.236Z 50279a80-7391-4bb8-8beb-3d18a15ab21a info: BlobSharedKeyAuthenticator:validate() [STRING TO SIGN]:"PUT\n\n\n\n\n\n\n\n\n\n\n\nx-ms-client-request-id:ee5ec472-579d-4dc1-b306-e17ff45b8a82\nx-ms-date:Sun, 12 Jul 2026 06:13:48 GMT\nx-ms-lease-action:renew\nx-ms-lease-id:00000000000000000000000047B12EBF\nx-ms-return-client-request-id:true\nx-ms-version:2024-11-04\n/devstoreaccount1/devstoreaccount1/azure-webjobs-hosts/locks/desktopk3253ts-1555588203/host\ncomp:lease"
2026-07-12T06:13:48.236Z 50279a80-7391-4bb8-8beb-3d18a15ab21a info: BlobSharedKeyAuthenticator:validate() Calculated authentication header based on key1: SharedKey devstoreaccount1:lmzne5gnxAieWJFhXMlPzPgu/gXs8cGJ8enBuUeobik=
2026-07-12T06:13:48.236Z 50279a80-7391-4bb8-8beb-3d18a15ab21a info: BlobSharedKeyAuthenticator:validate() Signature 1 matched.
2026-07-12T06:13:48.236Z 50279a80-7391-4bb8-8beb-3d18a15ab21a verbose: DeserializerMiddleware: Start deserializing...
2026-07-12T06:13:48.236Z 50279a80-7391-4bb8-8beb-3d18a15ab21a info: HandlerMiddleware: DeserializedParameters={"options":{"requestId":"ee5ec472-579d-4dc1-b306-e17ff45b8a82","modifiedAccessConditions":{}},"comp":"lease","leaseId":"00000000000000000000000047B12EBF","version":"2024-11-04","action":"renew"}
2026-07-12T06:13:48.237Z 50279a80-7391-4bb8-8beb-3d18a15ab21a verbose: SerializerMiddleware: Start serializing...
2026-07-12T06:13:48.237Z 50279a80-7391-4bb8-8beb-3d18a15ab21a verbose: Send Blob telemetry: B_Blob_RenewLease
2026-07-12T06:13:48.237Z 50279a80-7391-4bb8-8beb-3d18a15ab21a info: EndMiddleware: End response. TotalTimeInMS=4 StatusCode=200 StatusMessage=undefined Headers={"server":"Azurite-Blob/3.35.0","etag":"\"0x227847DE96A6C40\"","last-modified":"Sun, 12 Jul 2026 06:11:36 GMT","x-ms-lease-id":"00000000000000000000000047B12EBF","x-ms-client-request-id":"ee5ec472-579d-4dc1-b306-e17ff45b8a82","x-ms-request-id":"50279a80-7391-4bb8-8beb-3d18a15ab21a","x-ms-version":"2025-11-05","date":"Sun, 12 Jul 2026 06:13:48 GMT"}
2026-07-12T06:14:00.234Z 3951fa40-984a-4420-887c-eb254b9e5140 info: BlobStorageContextMiddleware: RequestMethod=PUT RequestURL=http://127.0.0.1/devstoreaccount1/azure-webjobs-hosts/locks/desktopk3253ts-1555588203/host?comp=lease RequestHeaders:{"host":"127.0.0.1:10000","x-ms-lease-action":"renew","x-ms-lease-id":"00000000000000000000000047B12EBF","x-ms-version":"2024-11-04","accept":"application/xml","x-ms-client-request-id":"ea451c98-e75c-4f00-88ff-7bf800080ea3","x-ms-return-client-request-id":"true","user-agent":"azsdk-net-Storage.Blobs/12.22.1 (.NET 8.0.28; Microsoft Windows 10.0.19045)","x-ms-date":"Sun, 12 Jul 2026 06:14:00 GMT","authorization":"SharedKey devstoreaccount1:vrhfxxh+5LGkOx/ZFYE5eaTeFhL2VfZDsYMqarQXtPo=","content-length":"0"} ClientIP=127.0.0.1 Protocol=http HTTPVersion=1.1
2026-07-12T06:14:00.234Z 3951fa40-984a-4420-887c-eb254b9e5140 info: BlobStorageContextMiddleware: Account=devstoreaccount1 Container=azure-webjobs-hosts Blob=locks/desktopk3253ts-1555588203/host
2026-07-12T06:14:00.234Z 3951fa40-984a-4420-887c-eb254b9e5140 verbose: DispatchMiddleware: Dispatching request...
2026-07-12T06:14:00.234Z 3951fa40-984a-4420-887c-eb254b9e5140 info: DispatchMiddleware: Operation=Blob_RenewLease
2026-07-12T06:14:00.234Z 3951fa40-984a-4420-887c-eb254b9e5140 verbose: AuthenticationMiddlewareFactory:createAuthenticationMiddleware() Validating authentications.
2026-07-12T06:14:00.234Z 3951fa40-984a-4420-887c-eb254b9e5140 info: PublicAccessAuthenticator:validate() Start validation against public access.
2026-07-12T06:14:00.234Z 3951fa40-984a-4420-887c-eb254b9e5140 debug: PublicAccessAuthenticator:validate() Getting account properties...
2026-07-12T06:14:00.234Z 3951fa40-984a-4420-887c-eb254b9e5140 debug: PublicAccessAuthenticator:validate() Retrieved account name from context: devstoreaccount1, container: azure-webjobs-hosts, blob: locks/desktopk3253ts-1555588203/host
2026-07-12T06:14:00.234Z 3951fa40-984a-4420-887c-eb254b9e5140 debug: PublicAccessAuthenticator:validate() Skip public access authentication. Cannot get public access type for container azure-webjobs-hosts
2026-07-12T06:14:00.234Z 3951fa40-984a-4420-887c-eb254b9e5140 info: BlobSharedKeyAuthenticator:validate() Start validation against account shared key authentication.
2026-07-12T06:14:00.235Z 3951fa40-984a-4420-887c-eb254b9e5140 info: BlobSharedKeyAuthenticator:validate() [STRING TO SIGN]:"PUT\n\n\n\n\n\n\n\n\n\n\n\nx-ms-client-request-id:ea451c98-e75c-4f00-88ff-7bf800080ea3\nx-ms-date:Sun, 12 Jul 2026 06:14:00 GMT\nx-ms-lease-action:renew\nx-ms-lease-id:00000000000000000000000047B12EBF\nx-ms-return-client-request-id:true\nx-ms-version:2024-11-04\n/devstoreaccount1/devstoreaccount1/azure-webjobs-hosts/locks/desktopk3253ts-1555588203/host\ncomp:lease"
2026-07-12T06:14:00.235Z 3951fa40-984a-4420-887c-eb254b9e5140 info: BlobSharedKeyAuthenticator:validate() Calculated authentication header based on key1: SharedKey devstoreaccount1:vrhfxxh+5LGkOx/ZFYE5eaTeFhL2VfZDsYMqarQXtPo=
2026-07-12T06:14:00.235Z 3951fa40-984a-4420-887c-eb254b9e5140 info: BlobSharedKeyAuthenticator:validate() Signature 1 matched.
2026-07-12T06:14:00.235Z 3951fa40-984a-4420-887c-eb254b9e5140 verbose: DeserializerMiddleware: Start deserializing...
2026-07-12T06:14:00.235Z 3951fa40-984a-4420-887c-eb254b9e5140 info: HandlerMiddleware: DeserializedParameters={"options":{"requestId":"ea451c98-e75c-4f00-88ff-7bf800080ea3","modifiedAccessConditions":{}},"comp":"lease","leaseId":"00000000000000000000000047B12EBF","version":"2024-11-04","action":"renew"}
2026-07-12T06:14:00.235Z 3951fa40-984a-4420-887c-eb254b9e5140 verbose: SerializerMiddleware: Start serializing...
2026-07-12T06:14:00.235Z 3951fa40-984a-4420-887c-eb254b9e5140 verbose: Send Blob telemetry: B_Blob_RenewLease
2026-07-12T06:14:00.235Z 3951fa40-984a-4420-887c-eb254b9e5140 info: EndMiddleware: End response. TotalTimeInMS=1 StatusCode=200 StatusMessage=undefined Headers={"server":"Azurite-Blob/3.35.0","etag":"\"0x227847DE96A6C40\"","last-modified":"Sun, 12 Jul 2026 06:11:36 GMT","x-ms-lease-id":"00000000000000000000000047B12EBF","x-ms-client-request-id":"ea451c98-e75c-4f00-88ff-7bf800080ea3","x-ms-request-id":"3951fa40-984a-4420-887c-eb254b9e5140","x-ms-version":"2025-11-05","date":"Sun, 12 Jul 2026 06:14:00 GMT"}
2026-07-12T06:14:06.243Z 1cd64615-bd6b-4d2f-9a98-f31e70774152 info: BlobStorageContextMiddleware: RequestMethod=GET RequestURL=http://127.0.0.1/devstoreaccount1/?comp=list&maxresults=1 RequestHeaders:{"host":"127.0.0.1:10000","x-ms-version":"2024-11-04","accept":"application/xml","x-ms-client-request-id":"d64377ea-0258-4d32-8609-cd579f1be725","x-ms-return-client-request-id":"true","user-agent":"azsdk-net-Storage.Blobs/12.22.1 (.NET 8.0.28; Microsoft Windows 10.0.19045)","x-ms-date":"Sun, 12 Jul 2026 06:14:06 GMT","authorization":"SharedKey devstoreaccount1:Qs7Nv3iGaM0wHoGqkWmuYcTvcvytejrBpLQH47WL75U="} ClientIP=127.0.0.1 Protocol=http HTTPVersion=1.1
2026-07-12T06:14:06.244Z 1cd64615-bd6b-4d2f-9a98-f31e70774152 info: BlobStorageContextMiddleware: Account=devstoreaccount1 Container= Blob=
2026-07-12T06:14:06.244Z 1cd64615-bd6b-4d2f-9a98-f31e70774152 verbose: DispatchMiddleware: Dispatching request...
2026-07-12T06:14:06.244Z 1cd64615-bd6b-4d2f-9a98-f31e70774152 info: DispatchMiddleware: Operation=Service_ListContainersSegment
2026-07-12T06:14:06.244Z 1cd64615-bd6b-4d2f-9a98-f31e70774152 verbose: AuthenticationMiddlewareFactory:createAuthenticationMiddleware() Validating authentications.
2026-07-12T06:14:06.244Z 1cd64615-bd6b-4d2f-9a98-f31e70774152 info: PublicAccessAuthenticator:validate() Start validation against public access.
2026-07-12T06:14:06.244Z 1cd64615-bd6b-4d2f-9a98-f31e70774152 debug: PublicAccessAuthenticator:validate() Getting account properties...
2026-07-12T06:14:06.244Z 1cd64615-bd6b-4d2f-9a98-f31e70774152 debug: PublicAccessAuthenticator:validate() Retrieved account name from context: devstoreaccount1, container: , blob: 
2026-07-12T06:14:06.244Z 1cd64615-bd6b-4d2f-9a98-f31e70774152 debug: PublicAccessAuthenticator:validate() Skip public access authentication. Cannot get public access type for container 
2026-07-12T06:14:06.244Z 1cd64615-bd6b-4d2f-9a98-f31e70774152 info: BlobSharedKeyAuthenticator:validate() Start validation against account shared key authentication.
2026-07-12T06:14:06.244Z 1cd64615-bd6b-4d2f-9a98-f31e70774152 info: BlobSharedKeyAuthenticator:validate() [STRING TO SIGN]:"GET\n\n\n\n\n\n\n\n\n\n\n\nx-ms-client-request-id:d64377ea-0258-4d32-8609-cd579f1be725\nx-ms-date:Sun, 12 Jul 2026 06:14:06 GMT\nx-ms-return-client-request-id:true\nx-ms-version:2024-11-04\n/devstoreaccount1/devstoreaccount1/\ncomp:list\nmaxresults:1"
2026-07-12T06:14:06.244Z 1cd64615-bd6b-4d2f-9a98-f31e70774152 info: BlobSharedKeyAuthenticator:validate() Calculated authentication header based on key1: SharedKey devstoreaccount1:Qs7Nv3iGaM0wHoGqkWmuYcTvcvytejrBpLQH47WL75U=
2026-07-12T06:14:06.244Z 1cd64615-bd6b-4d2f-9a98-f31e70774152 info: BlobSharedKeyAuthenticator:validate() Signature 1 matched.
2026-07-12T06:14:06.244Z 1cd64615-bd6b-4d2f-9a98-f31e70774152 verbose: DeserializerMiddleware: Start deserializing...
2026-07-12T06:14:06.244Z 1cd64615-bd6b-4d2f-9a98-f31e70774152 info: HandlerMiddleware: DeserializedParameters={"options":{"maxresults":1,"include":[],"requestId":"d64377ea-0258-4d32-8609-cd579f1be725"},"comp":"list","version":"2024-11-04"}
2026-07-12T06:14:06.244Z 1cd64615-bd6b-4d2f-9a98-f31e70774152 verbose: SerializerMiddleware: Start serializing...
2026-07-12T06:14:06.245Z 1cd64615-bd6b-4d2f-9a98-f31e70774152 debug: Serializer: Raw response body string is <?xml version="1.0" encoding="UTF-8" standalone="yes"?><EnumerationResults ServiceEndpoint="http://127.0.0.1:10000/devstoreaccount1"><Prefix/><MaxResults>1</MaxResults><Containers><Container><Name>azure-webjobs-hosts</Name><Properties><Last-Modified>Sun, 12 Jul 2026 06:11:36 GMT</Last-Modified><Etag>"0x2185A1CCDA39100"</Etag><LeaseStatus>unlocked</LeaseStatus><LeaseState>available</LeaseState><HasImmutabilityPolicy>false</HasImmutabilityPolicy><HasLegalHold>false</HasLegalHold></Properties></Container></Containers><NextMarker/></EnumerationResults>
2026-07-12T06:14:06.245Z 1cd64615-bd6b-4d2f-9a98-f31e70774152 info: Serializer: Start returning stream body.
2026-07-12T06:14:06.245Z 1cd64615-bd6b-4d2f-9a98-f31e70774152 verbose: Send Blob telemetry: B_Service_ListContainersSegment
2026-07-12T06:14:06.245Z 1cd64615-bd6b-4d2f-9a98-f31e70774152 info: EndMiddleware: End response. TotalTimeInMS=2 StatusCode=200 StatusMessage=OK Headers={"server":"Azurite-Blob/3.35.0","x-ms-client-request-id":"d64377ea-0258-4d32-8609-cd579f1be725","x-ms-request-id":"1cd64615-bd6b-4d2f-9a98-f31e70774152","x-ms-version":"2025-11-05","content-type":"application/xml"}
2026-07-12T06:14:12.233Z 88e4436b-9cec-4844-bb0d-aef78ac9d47f info: BlobStorageContextMiddleware: RequestMethod=PUT RequestURL=http://127.0.0.1/devstoreaccount1/azure-webjobs-hosts/locks/desktopk3253ts-1555588203/host?comp=lease RequestHeaders:{"host":"127.0.0.1:10000","x-ms-lease-action":"renew","x-ms-lease-id":"00000000000000000000000047B12EBF","x-ms-version":"2024-11-04","accept":"application/xml","x-ms-client-request-id":"d038032c-9af5-4d1d-983d-534f99c285be","x-ms-return-client-request-id":"true","user-agent":"azsdk-net-Storage.Blobs/12.22.1 (.NET 8.0.28; Microsoft Windows 10.0.19045)","x-ms-date":"Sun, 12 Jul 2026 06:14:12 GMT","authorization":"SharedKey devstoreaccount1:anVb29b2oZaBTbpf10PDWvywYhaP429y+pKc2zuihjs=","content-length":"0"} ClientIP=127.0.0.1 Protocol=http HTTPVersion=1.1
2026-07-12T06:14:12.233Z 88e4436b-9cec-4844-bb0d-aef78ac9d47f info: BlobStorageContextMiddleware: Account=devstoreaccount1 Container=azure-webjobs-hosts Blob=locks/desktopk3253ts-1555588203/host
2026-07-12T06:14:12.233Z 88e4436b-9cec-4844-bb0d-aef78ac9d47f verbose: DispatchMiddleware: Dispatching request...
2026-07-12T06:14:12.234Z 88e4436b-9cec-4844-bb0d-aef78ac9d47f info: DispatchMiddleware: Operation=Blob_RenewLease
2026-07-12T06:14:12.234Z 88e4436b-9cec-4844-bb0d-aef78ac9d47f verbose: AuthenticationMiddlewareFactory:createAuthenticationMiddleware() Validating authentications.
2026-07-12T06:14:12.234Z 88e4436b-9cec-4844-bb0d-aef78ac9d47f info: PublicAccessAuthenticator:validate() Start validation against public access.
2026-07-12T06:14:12.234Z 88e4436b-9cec-4844-bb0d-aef78ac9d47f debug: PublicAccessAuthenticator:validate() Getting account properties...
2026-07-12T06:14:12.234Z 88e4436b-9cec-4844-bb0d-aef78ac9d47f debug: PublicAccessAuthenticator:validate() Retrieved account name from context: devstoreaccount1, container: azure-webjobs-hosts, blob: locks/desktopk3253ts-1555588203/host
2026-07-12T06:14:12.234Z 88e4436b-9cec-4844-bb0d-aef78ac9d47f debug: PublicAccessAuthenticator:validate() Skip public access authentication. Cannot get public access type for container azure-webjobs-hosts
2026-07-12T06:14:12.234Z 88e4436b-9cec-4844-bb0d-aef78ac9d47f info: BlobSharedKeyAuthenticator:validate() Start validation against account shared key authentication.
2026-07-12T06:14:12.234Z 88e4436b-9cec-4844-bb0d-aef78ac9d47f info: BlobSharedKeyAuthenticator:validate() [STRING TO SIGN]:"PUT\n\n\n\n\n\n\n\n\n\n\n\nx-ms-client-request-id:d038032c-9af5-4d1d-983d-534f99c285be\nx-ms-date:Sun, 12 Jul 2026 06:14:12 GMT\nx-ms-lease-action:renew\nx-ms-lease-id:00000000000000000000000047B12EBF\nx-ms-return-client-request-id:true\nx-ms-version:2024-11-04\n/devstoreaccount1/devstoreaccount1/azure-webjobs-hosts/locks/desktopk3253ts-1555588203/host\ncomp:lease"
2026-07-12T06:14:12.234Z 88e4436b-9cec-4844-bb0d-aef78ac9d47f info: BlobSharedKeyAuthenticator:validate() Calculated authentication header based on key1: SharedKey devstoreaccount1:anVb29b2oZaBTbpf10PDWvywYhaP429y+pKc2zuihjs=
2026-07-12T06:14:12.234Z 88e4436b-9cec-4844-bb0d-aef78ac9d47f info: BlobSharedKeyAuthenticator:validate() Signature 1 matched.
2026-07-12T06:14:12.234Z 88e4436b-9cec-4844-bb0d-aef78ac9d47f verbose: DeserializerMiddleware: Start deserializing...
2026-07-12T06:14:12.234Z 88e4436b-9cec-4844-bb0d-aef78ac9d47f info: HandlerMiddleware: DeserializedParameters={"options":{"requestId":"d038032c-9af5-4d1d-983d-534f99c285be","modifiedAccessConditions":{}},"comp":"lease","leaseId":"00000000000000000000000047B12EBF","version":"2024-11-04","action":"renew"}
2026-07-12T06:14:12.234Z 88e4436b-9cec-4844-bb0d-aef78ac9d47f verbose: SerializerMiddleware: Start serializing...
2026-07-12T06:14:12.235Z 88e4436b-9cec-4844-bb0d-aef78ac9d47f verbose: Send Blob telemetry: B_Blob_RenewLease
2026-07-12T06:14:12.235Z 88e4436b-9cec-4844-bb0d-aef78ac9d47f info: EndMiddleware: End response. TotalTimeInMS=2 StatusCode=200 StatusMessage=undefined Headers={"server":"Azurite-Blob/3.35.0","etag":"\"0x227847DE96A6C40\"","last-modified":"Sun, 12 Jul 2026 06:11:36 GMT","x-ms-lease-id":"00000000000000000000000047B12EBF","x-ms-client-request-id":"d038032c-9af5-4d1d-983d-534f99c285be","x-ms-request-id":"88e4436b-9cec-4844-bb0d-aef78ac9d47f","x-ms-version":"2025-11-05","date":"Sun, 12 Jul 2026 06:14:12 GMT"}
2026-07-12T06:14:14.376Z 	 info: AccountDataStore:init() Refresh accounts from environment variable AZURITE_ACCOUNTS with value undefined
2026-07-12T06:14:14.376Z 	 info: AccountDataStore:init() Fallback to default emulator account devstoreaccount1.
2026-07-12T06:14:14.428Z 	 info: AccountDataStore:init() Refresh accounts from environment variable AZURITE_ACCOUNTS with value undefined
2026-07-12T06:14:14.429Z 	 info: AccountDataStore:init() Fallback to default emulator account devstoreaccount1.
2026-07-12T06:14:14.462Z 	 info: QueueGCManager:markSweepLoop() Start new mark and sweep.
2026-07-12T06:14:14.462Z 	 info: QueueGCManger:markSweep() Get all extents.
2026-07-12T06:14:14.462Z 	 info: QueueGCManager:marksweep() Get 0 extents.
2026-07-12T06:14:14.462Z 	 info: QueueGCManager:markSweep() Get referred extents, then remove from allExtents.
2026-07-12T06:14:14.462Z 	 info: QueueGCManager:markSweep() Got referred extents, unreferenced extents count is 0.
2026-07-12T06:14:14.462Z 	 info: QueueGCManager:markSweepLoop() Mark and sweep finished, take 0ms.
2026-07-12T06:14:14.462Z 	 info: QueueGCManager:markSweepLoop() Sleep for 60000
2026-07-12T06:14:14.462Z 	 info: AccountDataStore:init() Refresh accounts from environment variable AZURITE_ACCOUNTS with value undefined
2026-07-12T06:14:14.462Z 	 info: AccountDataStore:init() Fallback to default emulator account devstoreaccount1.
2026-07-12T06:14:24.237Z b76b5c71-02b3-46af-aaa8-dcf9ecfcfefd info: BlobStorageContextMiddleware: RequestMethod=PUT RequestURL=http://127.0.0.1/devstoreaccount1/azure-webjobs-hosts/locks/desktopk3253ts-1555588203/host?comp=lease RequestHeaders:{"host":"127.0.0.1:10000","x-ms-lease-action":"renew","x-ms-lease-id":"00000000000000000000000047B12EBF","x-ms-version":"2024-11-04","accept":"application/xml","x-ms-client-request-id":"12e8baaf-746c-4a57-9c85-cc4d8535c86d","x-ms-return-client-request-id":"true","user-agent":"azsdk-net-Storage.Blobs/12.22.1 (.NET 8.0.28; Microsoft Windows 10.0.19045)","x-ms-date":"Sun, 12 Jul 2026 06:14:24 GMT","authorization":"SharedKey devstoreaccount1:P9KJ+fuB7rYc6f7gKfgUAEt8EyRdwDfHN3ARNiqr1xo=","content-length":"0"} ClientIP=127.0.0.1 Protocol=http HTTPVersion=1.1
2026-07-12T06:14:24.237Z b76b5c71-02b3-46af-aaa8-dcf9ecfcfefd info: BlobStorageContextMiddleware: Account=devstoreaccount1 Container=azure-webjobs-hosts Blob=locks/desktopk3253ts-1555588203/host
2026-07-12T06:14:24.237Z b76b5c71-02b3-46af-aaa8-dcf9ecfcfefd verbose: DispatchMiddleware: Dispatching request...
2026-07-12T06:14:24.238Z b76b5c71-02b3-46af-aaa8-dcf9ecfcfefd info: DispatchMiddleware: Operation=Blob_RenewLease
2026-07-12T06:14:24.238Z b76b5c71-02b3-46af-aaa8-dcf9ecfcfefd verbose: AuthenticationMiddlewareFactory:createAuthenticationMiddleware() Validating authentications.
2026-07-12T06:14:24.238Z b76b5c71-02b3-46af-aaa8-dcf9ecfcfefd info: PublicAccessAuthenticator:validate() Start validation against public access.
2026-07-12T06:14:24.238Z b76b5c71-02b3-46af-aaa8-dcf9ecfcfefd debug: PublicAccessAuthenticator:validate() Getting account properties...
2026-07-12T06:14:24.238Z b76b5c71-02b3-46af-aaa8-dcf9ecfcfefd debug: PublicAccessAuthenticator:validate() Retrieved account name from context: devstoreaccount1, container: azure-webjobs-hosts, blob: locks/desktopk3253ts-1555588203/host
2026-07-12T06:14:24.238Z b76b5c71-02b3-46af-aaa8-dcf9ecfcfefd debug: PublicAccessAuthenticator:validate() Skip public access authentication. Cannot get public access type for container azure-webjobs-hosts
2026-07-12T06:14:24.238Z b76b5c71-02b3-46af-aaa8-dcf9ecfcfefd info: BlobSharedKeyAuthenticator:validate() Start validation against account shared key authentication.
2026-07-12T06:14:24.238Z b76b5c71-02b3-46af-aaa8-dcf9ecfcfefd info: BlobSharedKeyAuthenticator:validate() [STRING TO SIGN]:"PUT\n\n\n\n\n\n\n\n\n\n\n\nx-ms-client-request-id:12e8baaf-746c-4a57-9c85-cc4d8535c86d\nx-ms-date:Sun, 12 Jul 2026 06:14:24 GMT\nx-ms-lease-action:renew\nx-ms-lease-id:00000000000000000000000047B12EBF\nx-ms-return-client-request-id:true\nx-ms-version:2024-11-04\n/devstoreaccount1/devstoreaccount1/azure-webjobs-hosts/locks/desktopk3253ts-1555588203/host\ncomp:lease"
2026-07-12T06:14:24.238Z b76b5c71-02b3-46af-aaa8-dcf9ecfcfefd info: BlobSharedKeyAuthenticator:validate() Calculated authentication header based on key1: SharedKey devstoreaccount1:P9KJ+fuB7rYc6f7gKfgUAEt8EyRdwDfHN3ARNiqr1xo=
2026-07-12T06:14:24.238Z b76b5c71-02b3-46af-aaa8-dcf9ecfcfefd info: BlobSharedKeyAuthenticator:validate() Signature 1 matched.
2026-07-12T06:14:24.238Z b76b5c71-02b3-46af-aaa8-dcf9ecfcfefd verbose: DeserializerMiddleware: Start deserializing...
2026-07-12T06:14:24.238Z b76b5c71-02b3-46af-aaa8-dcf9ecfcfefd info: HandlerMiddleware: DeserializedParameters={"options":{"requestId":"12e8baaf-746c-4a57-9c85-cc4d8535c86d","modifiedAccessConditions":{}},"comp":"lease","leaseId":"00000000000000000000000047B12EBF","version":"2024-11-04","action":"renew"}
2026-07-12T06:14:24.238Z b76b5c71-02b3-46af-aaa8-dcf9ecfcfefd verbose: SerializerMiddleware: Start serializing...
2026-07-12T06:14:24.238Z b76b5c71-02b3-46af-aaa8-dcf9ecfcfefd verbose: Send Blob telemetry: B_Blob_RenewLease
2026-07-12T06:14:24.238Z b76b5c71-02b3-46af-aaa8-dcf9ecfcfefd info: EndMiddleware: End response. TotalTimeInMS=1 StatusCode=200 StatusMessage=undefined Headers={"server":"Azurite-Blob/3.35.0","etag":"\"0x227847DE96A6C40\"","last-modified":"Sun, 12 Jul 2026 06:11:36 GMT","x-ms-lease-id":"00000000000000000000000047B12EBF","x-ms-client-request-id":"12e8baaf-746c-4a57-9c85-cc4d8535c86d","x-ms-request-id":"b76b5c71-02b3-46af-aaa8-dcf9ecfcfefd","x-ms-version":"2025-11-05","date":"Sun, 12 Jul 2026 06:14:24 GMT"}
2026-07-12T06:14:36.235Z 85483ecb-a0ec-4673-9239-0b74c0917104 info: BlobStorageContextMiddleware: RequestMethod=PUT RequestURL=http://127.0.0.1/devstoreaccount1/azure-webjobs-hosts/locks/desktopk3253ts-1555588203/host?comp=lease RequestHeaders:{"host":"127.0.0.1:10000","x-ms-lease-action":"renew","x-ms-lease-id":"00000000000000000000000047B12EBF","x-ms-version":"2024-11-04","accept":"application/xml","x-ms-client-request-id":"f81a5e8e-0813-45a1-bb07-56d222de63d4","x-ms-return-client-request-id":"true","user-agent":"azsdk-net-Storage.Blobs/12.22.1 (.NET 8.0.28; Microsoft Windows 10.0.19045)","x-ms-date":"Sun, 12 Jul 2026 06:14:36 GMT","authorization":"SharedKey devstoreaccount1:nE1a8rVQZ6iJUPU8Z+S1Qz9Wse3Ki77+hZkFW5s2vMs=","content-length":"0"} ClientIP=127.0.0.1 Protocol=http HTTPVersion=1.1
2026-07-12T06:14:36.235Z 85483ecb-a0ec-4673-9239-0b74c0917104 info: BlobStorageContextMiddleware: Account=devstoreaccount1 Container=azure-webjobs-hosts Blob=locks/desktopk3253ts-1555588203/host
2026-07-12T06:14:36.235Z 85483ecb-a0ec-4673-9239-0b74c0917104 verbose: DispatchMiddleware: Dispatching request...
2026-07-12T06:14:36.236Z 85483ecb-a0ec-4673-9239-0b74c0917104 info: DispatchMiddleware: Operation=Blob_RenewLease
2026-07-12T06:14:36.236Z 85483ecb-a0ec-4673-9239-0b74c0917104 verbose: AuthenticationMiddlewareFactory:createAuthenticationMiddleware() Validating authentications.
2026-07-12T06:14:36.236Z 85483ecb-a0ec-4673-9239-0b74c0917104 info: PublicAccessAuthenticator:validate() Start validation against public access.
2026-07-12T06:14:36.236Z 85483ecb-a0ec-4673-9239-0b74c0917104 debug: PublicAccessAuthenticator:validate() Getting account properties...
2026-07-12T06:14:36.236Z 85483ecb-a0ec-4673-9239-0b74c0917104 debug: PublicAccessAuthenticator:validate() Retrieved account name from context: devstoreaccount1, container: azure-webjobs-hosts, blob: locks/desktopk3253ts-1555588203/host
2026-07-12T06:14:36.236Z 85483ecb-a0ec-4673-9239-0b74c0917104 debug: PublicAccessAuthenticator:validate() Skip public access authentication. Cannot get public access type for container azure-webjobs-hosts
2026-07-12T06:14:36.236Z 85483ecb-a0ec-4673-9239-0b74c0917104 info: BlobSharedKeyAuthenticator:validate() Start validation against account shared key authentication.
2026-07-12T06:14:36.236Z 85483ecb-a0ec-4673-9239-0b74c0917104 info: BlobSharedKeyAuthenticator:validate() [STRING TO SIGN]:"PUT\n\n\n\n\n\n\n\n\n\n\n\nx-ms-client-request-id:f81a5e8e-0813-45a1-bb07-56d222de63d4\nx-ms-date:Sun, 12 Jul 2026 06:14:36 GMT\nx-ms-lease-action:renew\nx-ms-lease-id:00000000000000000000000047B12EBF\nx-ms-return-client-request-id:true\nx-ms-version:2024-11-04\n/devstoreaccount1/devstoreaccount1/azure-webjobs-hosts/locks/desktopk3253ts-1555588203/host\ncomp:lease"
2026-07-12T06:14:36.236Z 85483ecb-a0ec-4673-9239-0b74c0917104 info: BlobSharedKeyAuthenticator:validate() Calculated authentication header based on key1: SharedKey devstoreaccount1:nE1a8rVQZ6iJUPU8Z+S1Qz9Wse3Ki77+hZkFW5s2vMs=
2026-07-12T06:14:36.236Z 85483ecb-a0ec-4673-9239-0b74c0917104 info: BlobSharedKeyAuthenticator:validate() Signature 1 matched.
2026-07-12T06:14:36.236Z 85483ecb-a0ec-4673-9239-0b74c0917104 verbose: DeserializerMiddleware: Start deserializing...
2026-07-12T06:14:36.236Z 85483ecb-a0ec-4673-9239-0b74c0917104 info: HandlerMiddleware: DeserializedParameters={"options":{"requestId":"f81a5e8e-0813-45a1-bb07-56d222de63d4","modifiedAccessConditions":{}},"comp":"lease","leaseId":"00000000000000000000000047B12EBF","version":"2024-11-04","action":"renew"}
2026-07-12T06:14:36.236Z 85483ecb-a0ec-4673-9239-0b74c0917104 verbose: SerializerMiddleware: Start serializing...
2026-07-12T06:14:36.236Z 85483ecb-a0ec-4673-9239-0b74c0917104 verbose: Send Blob telemetry: B_Blob_RenewLease
2026-07-12T06:14:36.236Z 85483ecb-a0ec-4673-9239-0b74c0917104 info: EndMiddleware: End response. TotalTimeInMS=1 StatusCode=200 StatusMessage=undefined Headers={"server":"Azurite-Blob/3.35.0","etag":"\"0x227847DE96A6C40\"","last-modified":"Sun, 12 Jul 2026 06:11:36 GMT","x-ms-lease-id":"00000000000000000000000047B12EBF","x-ms-client-request-id":"f81a5e8e-0813-45a1-bb07-56d222de63d4","x-ms-request-id":"85483ecb-a0ec-4673-9239-0b74c0917104","x-ms-version":"2025-11-05","date":"Sun, 12 Jul 2026 06:14:36 GMT"}
2026-07-12T06:14:36.250Z e432af86-c680-4f6f-9067-657ecfc74ddb info: BlobStorageContextMiddleware: RequestMethod=GET RequestURL=http://127.0.0.1/devstoreaccount1/?comp=list&maxresults=1 RequestHeaders:{"host":"127.0.0.1:10000","x-ms-version":"2024-11-04","accept":"application/xml","x-ms-client-request-id":"ef16fc94-8e83-4ada-9942-5f368d341350","x-ms-return-client-request-id":"true","user-agent":"azsdk-net-Storage.Blobs/12.22.1 (.NET 8.0.28; Microsoft Windows 10.0.19045)","x-ms-date":"Sun, 12 Jul 2026 06:14:36 GMT","authorization":"SharedKey devstoreaccount1:aifyk1vsiWbNE5s5rCcglUmFSmYqbpZ/mQEbu94UM2k="} ClientIP=127.0.0.1 Protocol=http HTTPVersion=1.1
2026-07-12T06:14:36.250Z e432af86-c680-4f6f-9067-657ecfc74ddb info: BlobStorageContextMiddleware: Account=devstoreaccount1 Container= Blob=
2026-07-12T06:14:36.250Z e432af86-c680-4f6f-9067-657ecfc74ddb verbose: DispatchMiddleware: Dispatching request...
2026-07-12T06:14:36.250Z e432af86-c680-4f6f-9067-657ecfc74ddb info: DispatchMiddleware: Operation=Service_ListContainersSegment
2026-07-12T06:14:36.250Z e432af86-c680-4f6f-9067-657ecfc74ddb verbose: AuthenticationMiddlewareFactory:createAuthenticationMiddleware() Validating authentications.
2026-07-12T06:14:36.250Z e432af86-c680-4f6f-9067-657ecfc74ddb info: PublicAccessAuthenticator:validate() Start validation against public access.
2026-07-12T06:14:36.250Z e432af86-c680-4f6f-9067-657ecfc74ddb debug: PublicAccessAuthenticator:validate() Getting account properties...
2026-07-12T06:14:36.250Z e432af86-c680-4f6f-9067-657ecfc74ddb debug: PublicAccessAuthenticator:validate() Retrieved account name from context: devstoreaccount1, container: , blob: 
2026-07-12T06:14:36.250Z e432af86-c680-4f6f-9067-657ecfc74ddb debug: PublicAccessAuthenticator:validate() Skip public access authentication. Cannot get public access type for container 
2026-07-12T06:14:36.250Z e432af86-c680-4f6f-9067-657ecfc74ddb info: BlobSharedKeyAuthenticator:validate() Start validation against account shared key authentication.
2026-07-12T06:14:36.250Z e432af86-c680-4f6f-9067-657ecfc74ddb info: BlobSharedKeyAuthenticator:validate() [STRING TO SIGN]:"GET\n\n\n\n\n\n\n\n\n\n\n\nx-ms-client-request-id:ef16fc94-8e83-4ada-9942-5f368d341350\nx-ms-date:Sun, 12 Jul 2026 06:14:36 GMT\nx-ms-return-client-request-id:true\nx-ms-version:2024-11-04\n/devstoreaccount1/devstoreaccount1/\ncomp:list\nmaxresults:1"
2026-07-12T06:14:36.250Z e432af86-c680-4f6f-9067-657ecfc74ddb info: BlobSharedKeyAuthenticator:validate() Calculated authentication header based on key1: SharedKey devstoreaccount1:aifyk1vsiWbNE5s5rCcglUmFSmYqbpZ/mQEbu94UM2k=
2026-07-12T06:14:36.250Z e432af86-c680-4f6f-9067-657ecfc74ddb info: BlobSharedKeyAuthenticator:validate() Signature 1 matched.
2026-07-12T06:14:36.251Z e432af86-c680-4f6f-9067-657ecfc74ddb verbose: DeserializerMiddleware: Start deserializing...
2026-07-12T06:14:36.251Z e432af86-c680-4f6f-9067-657ecfc74ddb info: HandlerMiddleware: DeserializedParameters={"options":{"maxresults":1,"include":[],"requestId":"ef16fc94-8e83-4ada-9942-5f368d341350"},"comp":"list","version":"2024-11-04"}
2026-07-12T06:14:36.251Z e432af86-c680-4f6f-9067-657ecfc74ddb verbose: SerializerMiddleware: Start serializing...
2026-07-12T06:14:36.251Z e432af86-c680-4f6f-9067-657ecfc74ddb debug: Serializer: Raw response body string is <?xml version="1.0" encoding="UTF-8" standalone="yes"?><EnumerationResults ServiceEndpoint="http://127.0.0.1:10000/devstoreaccount1"><Prefix/><MaxResults>1</MaxResults><Containers><Container><Name>azure-webjobs-hosts</Name><Properties><Last-Modified>Sun, 12 Jul 2026 06:11:36 GMT</Last-Modified><Etag>"0x2185A1CCDA39100"</Etag><LeaseStatus>unlocked</LeaseStatus><LeaseState>available</LeaseState><HasImmutabilityPolicy>false</HasImmutabilityPolicy><HasLegalHold>false</HasLegalHold></Properties></Container></Containers><NextMarker/></EnumerationResults>
2026-07-12T06:14:36.251Z e432af86-c680-4f6f-9067-657ecfc74ddb info: Serializer: Start returning stream body.
2026-07-12T06:14:36.251Z e432af86-c680-4f6f-9067-657ecfc74ddb verbose: Send Blob telemetry: B_Service_ListContainersSegment
2026-07-12T06:14:36.251Z e432af86-c680-4f6f-9067-657ecfc74ddb info: EndMiddleware: End response. TotalTimeInMS=1 StatusCode=200 StatusMessage=OK Headers={"server":"Azurite-Blob/3.35.0","x-ms-client-request-id":"ef16fc94-8e83-4ada-9942-5f368d341350","x-ms-request-id":"e432af86-c680-4f6f-9067-657ecfc74ddb","x-ms-version":"2025-11-05","content-type":"application/xml"}
2026-07-12T06:14:48.234Z 9c82d1b8-e353-441c-919e-04585631eea6 info: BlobStorageContextMiddleware: RequestMethod=PUT RequestURL=http://127.0.0.1/devstoreaccount1/azure-webjobs-hosts/locks/desktopk3253ts-1555588203/host?comp=lease RequestHeaders:{"host":"127.0.0.1:10000","x-ms-lease-action":"renew","x-ms-lease-id":"00000000000000000000000047B12EBF","x-ms-version":"2024-11-04","accept":"application/xml","x-ms-client-request-id":"c10c6bb4-27f5-42b5-988c-e153b812ba4f","x-ms-return-client-request-id":"true","user-agent":"azsdk-net-Storage.Blobs/12.22.1 (.NET 8.0.28; Microsoft Windows 10.0.19045)","x-ms-date":"Sun, 12 Jul 2026 06:14:48 GMT","authorization":"SharedKey devstoreaccount1:FedidLOjio3RD4pm12d6e6xaaUIn7MF5v9pbSdrYTvU=","content-length":"0"} ClientIP=127.0.0.1 Protocol=http HTTPVersion=1.1
2026-07-12T06:14:48.234Z 9c82d1b8-e353-441c-919e-04585631eea6 info: BlobStorageContextMiddleware: Account=devstoreaccount1 Container=azure-webjobs-hosts Blob=locks/desktopk3253ts-1555588203/host
2026-07-12T06:14:48.234Z 9c82d1b8-e353-441c-919e-04585631eea6 verbose: DispatchMiddleware: Dispatching request...
2026-07-12T06:14:48.235Z 9c82d1b8-e353-441c-919e-04585631eea6 info: DispatchMiddleware: Operation=Blob_RenewLease
2026-07-12T06:14:48.235Z 9c82d1b8-e353-441c-919e-04585631eea6 verbose: AuthenticationMiddlewareFactory:createAuthenticationMiddleware() Validating authentications.
2026-07-12T06:14:48.235Z 9c82d1b8-e353-441c-919e-04585631eea6 info: PublicAccessAuthenticator:validate() Start validation against public access.
2026-07-12T06:14:48.235Z 9c82d1b8-e353-441c-919e-04585631eea6 debug: PublicAccessAuthenticator:validate() Getting account properties...
2026-07-12T06:14:48.235Z 9c82d1b8-e353-441c-919e-04585631eea6 debug: PublicAccessAuthenticator:validate() Retrieved account name from context: devstoreaccount1, container: azure-webjobs-hosts, blob: locks/desktopk3253ts-1555588203/host
2026-07-12T06:14:48.235Z 9c82d1b8-e353-441c-919e-04585631eea6 debug: PublicAccessAuthenticator:validate() Skip public access authentication. Cannot get public access type for container azure-webjobs-hosts
2026-07-12T06:14:48.235Z 9c82d1b8-e353-441c-919e-04585631eea6 info: BlobSharedKeyAuthenticator:validate() Start validation against account shared key authentication.
2026-07-12T06:14:48.235Z 9c82d1b8-e353-441c-919e-04585631eea6 info: BlobSharedKeyAuthenticator:validate() [STRING TO SIGN]:"PUT\n\n\n\n\n\n\n\n\n\n\n\nx-ms-client-request-id:c10c6bb4-27f5-42b5-988c-e153b812ba4f\nx-ms-date:Sun, 12 Jul 2026 06:14:48 GMT\nx-ms-lease-action:renew\nx-ms-lease-id:00000000000000000000000047B12EBF\nx-ms-return-client-request-id:true\nx-ms-version:2024-11-04\n/devstoreaccount1/devstoreaccount1/azure-webjobs-hosts/locks/desktopk3253ts-1555588203/host\ncomp:lease"
2026-07-12T06:14:48.235Z 9c82d1b8-e353-441c-919e-04585631eea6 info: BlobSharedKeyAuthenticator:validate() Calculated authentication header based on key1: SharedKey devstoreaccount1:FedidLOjio3RD4pm12d6e6xaaUIn7MF5v9pbSdrYTvU=
2026-07-12T06:14:48.235Z 9c82d1b8-e353-441c-919e-04585631eea6 info: BlobSharedKeyAuthenticator:validate() Signature 1 matched.
2026-07-12T06:14:48.235Z 9c82d1b8-e353-441c-919e-04585631eea6 verbose: DeserializerMiddleware: Start deserializing...
2026-07-12T06:14:48.235Z 9c82d1b8-e353-441c-919e-04585631eea6 info: HandlerMiddleware: DeserializedParameters={"options":{"requestId":"c10c6bb4-27f5-42b5-988c-e153b812ba4f","modifiedAccessConditions":{}},"comp":"lease","leaseId":"00000000000000000000000047B12EBF","version":"2024-11-04","action":"renew"}
2026-07-12T06:14:48.235Z 9c82d1b8-e353-441c-919e-04585631eea6 verbose: SerializerMiddleware: Start serializing...
2026-07-12T06:14:48.235Z 9c82d1b8-e353-441c-919e-04585631eea6 verbose: Send Blob telemetry: B_Blob_RenewLease
2026-07-12T06:14:48.235Z 9c82d1b8-e353-441c-919e-04585631eea6 info: EndMiddleware: End response. TotalTimeInMS=1 StatusCode=200 StatusMessage=undefined Headers={"server":"Azurite-Blob/3.35.0","etag":"\"0x227847DE96A6C40\"","last-modified":"Sun, 12 Jul 2026 06:11:36 GMT","x-ms-lease-id":"00000000000000000000000047B12EBF","x-ms-client-request-id":"c10c6bb4-27f5-42b5-988c-e153b812ba4f","x-ms-request-id":"9c82d1b8-e353-441c-919e-04585631eea6","x-ms-version":"2025-11-05","date":"Sun, 12 Jul 2026 06:14:48 GMT"}
2026-07-12T06:15:00.244Z 3a802ceb-c60f-4116-b84a-a529a86b31d2 info: BlobStorageContextMiddleware: RequestMethod=PUT RequestURL=http://127.0.0.1/devstoreaccount1/azure-webjobs-hosts/locks/desktopk3253ts-1555588203/host?comp=lease RequestHeaders:{"host":"127.0.0.1:10000","x-ms-lease-action":"renew","x-ms-lease-id":"00000000000000000000000047B12EBF","x-ms-version":"2024-11-04","accept":"application/xml","x-ms-client-request-id":"0228660b-1469-490b-9419-0c6fbcb4776c","x-ms-return-client-request-id":"true","user-agent":"azsdk-net-Storage.Blobs/12.22.1 (.NET 8.0.28; Microsoft Windows 10.0.19045)","x-ms-date":"Sun, 12 Jul 2026 06:15:00 GMT","authorization":"SharedKey devstoreaccount1:P7neaKaTiV0v1Qx3CO6S4BWCrPTvkJAaGIGkkKVJr9c=","content-length":"0"} ClientIP=127.0.0.1 Protocol=http HTTPVersion=1.1
2026-07-12T06:15:00.244Z 3a802ceb-c60f-4116-b84a-a529a86b31d2 info: BlobStorageContextMiddleware: Account=devstoreaccount1 Container=azure-webjobs-hosts Blob=locks/desktopk3253ts-1555588203/host
2026-07-12T06:15:00.244Z 3a802ceb-c60f-4116-b84a-a529a86b31d2 verbose: DispatchMiddleware: Dispatching request...
2026-07-12T06:15:00.244Z 3a802ceb-c60f-4116-b84a-a529a86b31d2 info: DispatchMiddleware: Operation=Blob_RenewLease
2026-07-12T06:15:00.245Z 3a802ceb-c60f-4116-b84a-a529a86b31d2 verbose: AuthenticationMiddlewareFactory:createAuthenticationMiddleware() Validating authentications.
2026-07-12T06:15:00.245Z 3a802ceb-c60f-4116-b84a-a529a86b31d2 info: PublicAccessAuthenticator:validate() Start validation against public access.
2026-07-12T06:15:00.245Z 3a802ceb-c60f-4116-b84a-a529a86b31d2 debug: PublicAccessAuthenticator:validate() Getting account properties...
2026-07-12T06:15:00.245Z 3a802ceb-c60f-4116-b84a-a529a86b31d2 debug: PublicAccessAuthenticator:validate() Retrieved account name from context: devstoreaccount1, container: azure-webjobs-hosts, blob: locks/desktopk3253ts-1555588203/host
2026-07-12T06:15:00.245Z 3a802ceb-c60f-4116-b84a-a529a86b31d2 debug: PublicAccessAuthenticator:validate() Skip public access authentication. Cannot get public access type for container azure-webjobs-hosts
2026-07-12T06:15:00.245Z 3a802ceb-c60f-4116-b84a-a529a86b31d2 info: BlobSharedKeyAuthenticator:validate() Start validation against account shared key authentication.
2026-07-12T06:15:00.245Z 3a802ceb-c60f-4116-b84a-a529a86b31d2 info: BlobSharedKeyAuthenticator:validate() [STRING TO SIGN]:"PUT\n\n\n\n\n\n\n\n\n\n\n\nx-ms-client-request-id:0228660b-1469-490b-9419-0c6fbcb4776c\nx-ms-date:Sun, 12 Jul 2026 06:15:00 GMT\nx-ms-lease-action:renew\nx-ms-lease-id:00000000000000000000000047B12EBF\nx-ms-return-client-request-id:true\nx-ms-version:2024-11-04\n/devstoreaccount1/devstoreaccount1/azure-webjobs-hosts/locks/desktopk3253ts-1555588203/host\ncomp:lease"
2026-07-12T06:15:00.245Z 3a802ceb-c60f-4116-b84a-a529a86b31d2 info: BlobSharedKeyAuthenticator:validate() Calculated authentication header based on key1: SharedKey devstoreaccount1:P7neaKaTiV0v1Qx3CO6S4BWCrPTvkJAaGIGkkKVJr9c=
2026-07-12T06:15:00.245Z 3a802ceb-c60f-4116-b84a-a529a86b31d2 info: BlobSharedKeyAuthenticator:validate() Signature 1 matched.
2026-07-12T06:15:00.245Z 3a802ceb-c60f-4116-b84a-a529a86b31d2 verbose: DeserializerMiddleware: Start deserializing...
2026-07-12T06:15:00.245Z 3a802ceb-c60f-4116-b84a-a529a86b31d2 info: HandlerMiddleware: DeserializedParameters={"options":{"requestId":"0228660b-1469-490b-9419-0c6fbcb4776c","modifiedAccessConditions":{}},"comp":"lease","leaseId":"00000000000000000000000047B12EBF","version":"2024-11-04","action":"renew"}
2026-07-12T06:15:00.245Z 3a802ceb-c60f-4116-b84a-a529a86b31d2 verbose: SerializerMiddleware: Start serializing...
2026-07-12T06:15:00.245Z 3a802ceb-c60f-4116-b84a-a529a86b31d2 verbose: Send Blob telemetry: B_Blob_RenewLease
2026-07-12T06:15:00.245Z 3a802ceb-c60f-4116-b84a-a529a86b31d2 info: EndMiddleware: End response. TotalTimeInMS=1 StatusCode=200 StatusMessage=undefined Headers={"server":"Azurite-Blob/3.35.0","etag":"\"0x227847DE96A6C40\"","last-modified":"Sun, 12 Jul 2026 06:11:36 GMT","x-ms-lease-id":"00000000000000000000000047B12EBF","x-ms-client-request-id":"0228660b-1469-490b-9419-0c6fbcb4776c","x-ms-request-id":"3a802ceb-c60f-4116-b84a-a529a86b31d2","x-ms-version":"2025-11-05","date":"Sun, 12 Jul 2026 06:15:00 GMT"}
2026-07-12T06:15:06.255Z 839655b4-c559-461a-b0d4-f2b60c9ddad4 info: BlobStorageContextMiddleware: RequestMethod=GET RequestURL=http://127.0.0.1/devstoreaccount1/?comp=list&maxresults=1 RequestHeaders:{"host":"127.0.0.1:10000","x-ms-version":"2024-11-04","accept":"application/xml","x-ms-client-request-id":"72d5d3a3-bf39-4f05-b6b6-7abf669119ba","x-ms-return-client-request-id":"true","user-agent":"azsdk-net-Storage.Blobs/12.22.1 (.NET 8.0.28; Microsoft Windows 10.0.19045)","x-ms-date":"Sun, 12 Jul 2026 06:15:06 GMT","authorization":"SharedKey devstoreaccount1:klybKYW0Sqh5JfSrVJM+2TzyVVUz9wWHs7UNACHY/Kc="} ClientIP=127.0.0.1 Protocol=http HTTPVersion=1.1
2026-07-12T06:15:06.255Z 839655b4-c559-461a-b0d4-f2b60c9ddad4 info: BlobStorageContextMiddleware: Account=devstoreaccount1 Container= Blob=
2026-07-12T06:15:06.255Z 839655b4-c559-461a-b0d4-f2b60c9ddad4 verbose: DispatchMiddleware: Dispatching request...
2026-07-12T06:15:06.256Z 839655b4-c559-461a-b0d4-f2b60c9ddad4 info: DispatchMiddleware: Operation=Service_ListContainersSegment
2026-07-12T06:15:06.256Z 839655b4-c559-461a-b0d4-f2b60c9ddad4 verbose: AuthenticationMiddlewareFactory:createAuthenticationMiddleware() Validating authentications.
2026-07-12T06:15:06.256Z 839655b4-c559-461a-b0d4-f2b60c9ddad4 info: PublicAccessAuthenticator:validate() Start validation against public access.
2026-07-12T06:15:06.256Z 839655b4-c559-461a-b0d4-f2b60c9ddad4 debug: PublicAccessAuthenticator:validate() Getting account properties...
2026-07-12T06:15:06.256Z 839655b4-c559-461a-b0d4-f2b60c9ddad4 debug: PublicAccessAuthenticator:validate() Retrieved account name from context: devstoreaccount1, container: , blob: 
2026-07-12T06:15:06.256Z 839655b4-c559-461a-b0d4-f2b60c9ddad4 debug: PublicAccessAuthenticator:validate() Skip public access authentication. Cannot get public access type for container 
2026-07-12T06:15:06.256Z 839655b4-c559-461a-b0d4-f2b60c9ddad4 info: BlobSharedKeyAuthenticator:validate() Start validation against account shared key authentication.
2026-07-12T06:15:06.256Z 839655b4-c559-461a-b0d4-f2b60c9ddad4 info: BlobSharedKeyAuthenticator:validate() [STRING TO SIGN]:"GET\n\n\n\n\n\n\n\n\n\n\n\nx-ms-client-request-id:72d5d3a3-bf39-4f05-b6b6-7abf669119ba\nx-ms-date:Sun, 12 Jul 2026 06:15:06 GMT\nx-ms-return-client-request-id:true\nx-ms-version:2024-11-04\n/devstoreaccount1/devstoreaccount1/\ncomp:list\nmaxresults:1"
2026-07-12T06:15:06.257Z 839655b4-c559-461a-b0d4-f2b60c9ddad4 info: BlobSharedKeyAuthenticator:validate() Calculated authentication header based on key1: SharedKey devstoreaccount1:klybKYW0Sqh5JfSrVJM+2TzyVVUz9wWHs7UNACHY/Kc=
2026-07-12T06:15:06.257Z 839655b4-c559-461a-b0d4-f2b60c9ddad4 info: BlobSharedKeyAuthenticator:validate() Signature 1 matched.
2026-07-12T06:15:06.257Z 839655b4-c559-461a-b0d4-f2b60c9ddad4 verbose: DeserializerMiddleware: Start deserializing...
2026-07-12T06:15:06.257Z 839655b4-c559-461a-b0d4-f2b60c9ddad4 info: HandlerMiddleware: DeserializedParameters={"options":{"maxresults":1,"include":[],"requestId":"72d5d3a3-bf39-4f05-b6b6-7abf669119ba"},"comp":"list","version":"2024-11-04"}
2026-07-12T06:15:06.257Z 839655b4-c559-461a-b0d4-f2b60c9ddad4 verbose: SerializerMiddleware: Start serializing...
2026-07-12T06:15:06.257Z 839655b4-c559-461a-b0d4-f2b60c9ddad4 debug: Serializer: Raw response body string is <?xml version="1.0" encoding="UTF-8" standalone="yes"?><EnumerationResults ServiceEndpoint="http://127.0.0.1:10000/devstoreaccount1"><Prefix/><MaxResults>1</MaxResults><Containers><Container><Name>azure-webjobs-hosts</Name><Properties><Last-Modified>Sun, 12 Jul 2026 06:11:36 GMT</Last-Modified><Etag>"0x2185A1CCDA39100"</Etag><LeaseStatus>unlocked</LeaseStatus><LeaseState>available</LeaseState><HasImmutabilityPolicy>false</HasImmutabilityPolicy><HasLegalHold>false</HasLegalHold></Properties></Container></Containers><NextMarker/></EnumerationResults>
2026-07-12T06:15:06.257Z 839655b4-c559-461a-b0d4-f2b60c9ddad4 info: Serializer: Start returning stream body.
2026-07-12T06:15:06.257Z 839655b4-c559-461a-b0d4-f2b60c9ddad4 verbose: Send Blob telemetry: B_Service_ListContainersSegment
2026-07-12T06:15:06.258Z 839655b4-c559-461a-b0d4-f2b60c9ddad4 info: EndMiddleware: End response. TotalTimeInMS=2 StatusCode=200 StatusMessage=OK Headers={"server":"Azurite-Blob/3.35.0","x-ms-client-request-id":"72d5d3a3-bf39-4f05-b6b6-7abf669119ba","x-ms-request-id":"839655b4-c559-461a-b0d4-f2b60c9ddad4","x-ms-version":"2025-11-05","content-type":"application/xml"}
2026-07-12T06:15:12.247Z 6415c96c-0254-4d8c-b27e-9a296b1799d2 info: BlobStorageContextMiddleware: RequestMethod=PUT RequestURL=http://127.0.0.1/devstoreaccount1/azure-webjobs-hosts/locks/desktopk3253ts-1555588203/host?comp=lease RequestHeaders:{"host":"127.0.0.1:10000","x-ms-lease-action":"renew","x-ms-lease-id":"00000000000000000000000047B12EBF","x-ms-version":"2024-11-04","accept":"application/xml","x-ms-client-request-id":"edbab8a2-9083-425b-849c-8fbab862ba5e","x-ms-return-client-request-id":"true","user-agent":"azsdk-net-Storage.Blobs/12.22.1 (.NET 8.0.28; Microsoft Windows 10.0.19045)","x-ms-date":"Sun, 12 Jul 2026 06:15:12 GMT","authorization":"SharedKey devstoreaccount1:pYLOD0qbWv7VyZFNZDKLmrx//NHFcK5kXOahCkXyYiM=","content-length":"0"} ClientIP=127.0.0.1 Protocol=http HTTPVersion=1.1
2026-07-12T06:15:12.247Z 6415c96c-0254-4d8c-b27e-9a296b1799d2 info: BlobStorageContextMiddleware: Account=devstoreaccount1 Container=azure-webjobs-hosts Blob=locks/desktopk3253ts-1555588203/host
2026-07-12T06:15:12.247Z 6415c96c-0254-4d8c-b27e-9a296b1799d2 verbose: DispatchMiddleware: Dispatching request...
2026-07-12T06:15:12.248Z 6415c96c-0254-4d8c-b27e-9a296b1799d2 info: DispatchMiddleware: Operation=Blob_RenewLease
2026-07-12T06:15:12.248Z 6415c96c-0254-4d8c-b27e-9a296b1799d2 verbose: AuthenticationMiddlewareFactory:createAuthenticationMiddleware() Validating authentications.
2026-07-12T06:15:12.248Z 6415c96c-0254-4d8c-b27e-9a296b1799d2 info: PublicAccessAuthenticator:validate() Start validation against public access.
2026-07-12T06:15:12.248Z 6415c96c-0254-4d8c-b27e-9a296b1799d2 debug: PublicAccessAuthenticator:validate() Getting account properties...
2026-07-12T06:15:12.248Z 6415c96c-0254-4d8c-b27e-9a296b1799d2 debug: PublicAccessAuthenticator:validate() Retrieved account name from context: devstoreaccount1, container: azure-webjobs-hosts, blob: locks/desktopk3253ts-1555588203/host
2026-07-12T06:15:12.248Z 6415c96c-0254-4d8c-b27e-9a296b1799d2 debug: PublicAccessAuthenticator:validate() Skip public access authentication. Cannot get public access type for container azure-webjobs-hosts
2026-07-12T06:15:12.248Z 6415c96c-0254-4d8c-b27e-9a296b1799d2 info: BlobSharedKeyAuthenticator:validate() Start validation against account shared key authentication.
2026-07-12T06:15:12.248Z 6415c96c-0254-4d8c-b27e-9a296b1799d2 info: BlobSharedKeyAuthenticator:validate() [STRING TO SIGN]:"PUT\n\n\n\n\n\n\n\n\n\n\n\nx-ms-client-request-id:edbab8a2-9083-425b-849c-8fbab862ba5e\nx-ms-date:Sun, 12 Jul 2026 06:15:12 GMT\nx-ms-lease-action:renew\nx-ms-lease-id:00000000000000000000000047B12EBF\nx-ms-return-client-request-id:true\nx-ms-version:2024-11-04\n/devstoreaccount1/devstoreaccount1/azure-webjobs-hosts/locks/desktopk3253ts-1555588203/host\ncomp:lease"
2026-07-12T06:15:12.248Z 6415c96c-0254-4d8c-b27e-9a296b1799d2 info: BlobSharedKeyAuthenticator:validate() Calculated authentication header based on key1: SharedKey devstoreaccount1:pYLOD0qbWv7VyZFNZDKLmrx//NHFcK5kXOahCkXyYiM=
2026-07-12T06:15:12.248Z 6415c96c-0254-4d8c-b27e-9a296b1799d2 info: BlobSharedKeyAuthenticator:validate() Signature 1 matched.
2026-07-12T06:15:12.248Z 6415c96c-0254-4d8c-b27e-9a296b1799d2 verbose: DeserializerMiddleware: Start deserializing...
2026-07-12T06:15:12.248Z 6415c96c-0254-4d8c-b27e-9a296b1799d2 info: HandlerMiddleware: DeserializedParameters={"options":{"requestId":"edbab8a2-9083-425b-849c-8fbab862ba5e","modifiedAccessConditions":{}},"comp":"lease","leaseId":"00000000000000000000000047B12EBF","version":"2024-11-04","action":"renew"}
2026-07-12T06:15:12.248Z 6415c96c-0254-4d8c-b27e-9a296b1799d2 verbose: SerializerMiddleware: Start serializing...
2026-07-12T06:15:12.248Z 6415c96c-0254-4d8c-b27e-9a296b1799d2 verbose: Send Blob telemetry: B_Blob_RenewLease
2026-07-12T06:15:12.248Z 6415c96c-0254-4d8c-b27e-9a296b1799d2 info: EndMiddleware: End response. TotalTimeInMS=1 StatusCode=200 StatusMessage=undefined Headers={"server":"Azurite-Blob/3.35.0","etag":"\"0x227847DE96A6C40\"","last-modified":"Sun, 12 Jul 2026 06:11:36 GMT","x-ms-lease-id":"00000000000000000000000047B12EBF","x-ms-client-request-id":"edbab8a2-9083-425b-849c-8fbab862ba5e","x-ms-request-id":"6415c96c-0254-4d8c-b27e-9a296b1799d2","x-ms-version":"2025-11-05","date":"Sun, 12 Jul 2026 06:15:12 GMT"}
2026-07-12T06:15:14.387Z 	 info: AccountDataStore:init() Refresh accounts from environment variable AZURITE_ACCOUNTS with value undefined
2026-07-12T06:15:14.387Z 	 info: AccountDataStore:init() Fallback to default emulator account devstoreaccount1.
2026-07-12T06:15:14.434Z 	 info: AccountDataStore:init() Refresh accounts from environment variable AZURITE_ACCOUNTS with value undefined
2026-07-12T06:15:14.434Z 	 info: AccountDataStore:init() Fallback to default emulator account devstoreaccount1.
2026-07-12T06:15:14.470Z 	 info: QueueGCManager:markSweepLoop() Start new mark and sweep.
2026-07-12T06:15:14.470Z 	 info: QueueGCManger:markSweep() Get all extents.
2026-07-12T06:15:14.470Z 	 info: QueueGCManager:marksweep() Get 0 extents.
2026-07-12T06:15:14.470Z 	 info: QueueGCManager:markSweep() Get referred extents, then remove from allExtents.
2026-07-12T06:15:14.470Z 	 info: QueueGCManager:markSweep() Got referred extents, unreferenced extents count is 0.
2026-07-12T06:15:14.470Z 	 info: QueueGCManager:markSweepLoop() Mark and sweep finished, take 0ms.
2026-07-12T06:15:14.470Z 	 info: QueueGCManager:markSweepLoop() Sleep for 60000
2026-07-12T06:15:14.470Z 	 info: AccountDataStore:init() Refresh accounts from environment variable AZURITE_ACCOUNTS with value undefined
2026-07-12T06:15:14.470Z 	 info: AccountDataStore:init() Fallback to default emulator account devstoreaccount1.
2026-07-12T06:15:24.233Z d202af86-cb44-4a30-b7cd-dd0defb91947 info: BlobStorageContextMiddleware: RequestMethod=PUT RequestURL=http://127.0.0.1/devstoreaccount1/azure-webjobs-hosts/locks/desktopk3253ts-1555588203/host?comp=lease RequestHeaders:{"host":"127.0.0.1:10000","x-ms-lease-action":"renew","x-ms-lease-id":"00000000000000000000000047B12EBF","x-ms-version":"2024-11-04","accept":"application/xml","x-ms-client-request-id":"2c6e46f1-c8cc-40a8-9c8a-0ad293f47841","x-ms-return-client-request-id":"true","user-agent":"azsdk-net-Storage.Blobs/12.22.1 (.NET 8.0.28; Microsoft Windows 10.0.19045)","x-ms-date":"Sun, 12 Jul 2026 06:15:24 GMT","authorization":"SharedKey devstoreaccount1:2qnlTGmm/iLPEp1T2rbW3/HKUbvehDo1R/vkWkcYXeY=","content-length":"0"} ClientIP=127.0.0.1 Protocol=http HTTPVersion=1.1
2026-07-12T06:15:24.233Z d202af86-cb44-4a30-b7cd-dd0defb91947 info: BlobStorageContextMiddleware: Account=devstoreaccount1 Container=azure-webjobs-hosts Blob=locks/desktopk3253ts-1555588203/host
2026-07-12T06:15:24.233Z d202af86-cb44-4a30-b7cd-dd0defb91947 verbose: DispatchMiddleware: Dispatching request...
2026-07-12T06:15:24.234Z d202af86-cb44-4a30-b7cd-dd0defb91947 info: DispatchMiddleware: Operation=Blob_RenewLease
2026-07-12T06:15:24.234Z d202af86-cb44-4a30-b7cd-dd0defb91947 verbose: AuthenticationMiddlewareFactory:createAuthenticationMiddleware() Validating authentications.
2026-07-12T06:15:24.234Z d202af86-cb44-4a30-b7cd-dd0defb91947 info: PublicAccessAuthenticator:validate() Start validation against public access.
2026-07-12T06:15:24.234Z d202af86-cb44-4a30-b7cd-dd0defb91947 debug: PublicAccessAuthenticator:validate() Getting account properties...
2026-07-12T06:15:24.234Z d202af86-cb44-4a30-b7cd-dd0defb91947 debug: PublicAccessAuthenticator:validate() Retrieved account name from context: devstoreaccount1, container: azure-webjobs-hosts, blob: locks/desktopk3253ts-1555588203/host
2026-07-12T06:15:24.234Z d202af86-cb44-4a30-b7cd-dd0defb91947 debug: PublicAccessAuthenticator:validate() Skip public access authentication. Cannot get public access type for container azure-webjobs-hosts
2026-07-12T06:15:24.234Z d202af86-cb44-4a30-b7cd-dd0defb91947 info: BlobSharedKeyAuthenticator:validate() Start validation against account shared key authentication.
2026-07-12T06:15:24.234Z d202af86-cb44-4a30-b7cd-dd0defb91947 info: BlobSharedKeyAuthenticator:validate() [STRING TO SIGN]:"PUT\n\n\n\n\n\n\n\n\n\n\n\nx-ms-client-request-id:2c6e46f1-c8cc-40a8-9c8a-0ad293f47841\nx-ms-date:Sun, 12 Jul 2026 06:15:24 GMT\nx-ms-lease-action:renew\nx-ms-lease-id:00000000000000000000000047B12EBF\nx-ms-return-client-request-id:true\nx-ms-version:2024-11-04\n/devstoreaccount1/devstoreaccount1/azure-webjobs-hosts/locks/desktopk3253ts-1555588203/host\ncomp:lease"
2026-07-12T06:15:24.234Z d202af86-cb44-4a30-b7cd-dd0defb91947 info: BlobSharedKeyAuthenticator:validate() Calculated authentication header based on key1: SharedKey devstoreaccount1:2qnlTGmm/iLPEp1T2rbW3/HKUbvehDo1R/vkWkcYXeY=
2026-07-12T06:15:24.234Z d202af86-cb44-4a30-b7cd-dd0defb91947 info: BlobSharedKeyAuthenticator:validate() Signature 1 matched.
2026-07-12T06:15:24.234Z d202af86-cb44-4a30-b7cd-dd0defb91947 verbose: DeserializerMiddleware: Start deserializing...
2026-07-12T06:15:24.234Z d202af86-cb44-4a30-b7cd-dd0defb91947 info: HandlerMiddleware: DeserializedParameters={"options":{"requestId":"2c6e46f1-c8cc-40a8-9c8a-0ad293f47841","modifiedAccessConditions":{}},"comp":"lease","leaseId":"00000000000000000000000047B12EBF","version":"2024-11-04","action":"renew"}
2026-07-12T06:15:24.234Z d202af86-cb44-4a30-b7cd-dd0defb91947 verbose: SerializerMiddleware: Start serializing...
2026-07-12T06:15:24.234Z d202af86-cb44-4a30-b7cd-dd0defb91947 verbose: Send Blob telemetry: B_Blob_RenewLease
2026-07-12T06:15:24.235Z d202af86-cb44-4a30-b7cd-dd0defb91947 info: EndMiddleware: End response. TotalTimeInMS=1 StatusCode=200 StatusMessage=undefined Headers={"server":"Azurite-Blob/3.35.0","etag":"\"0x227847DE96A6C40\"","last-modified":"Sun, 12 Jul 2026 06:11:36 GMT","x-ms-lease-id":"00000000000000000000000047B12EBF","x-ms-client-request-id":"2c6e46f1-c8cc-40a8-9c8a-0ad293f47841","x-ms-request-id":"d202af86-cb44-4a30-b7cd-dd0defb91947","x-ms-version":"2025-11-05","date":"Sun, 12 Jul 2026 06:15:24 GMT"}
2026-07-12T06:15:36.234Z e9aa53f9-6a4e-4b10-8114-d4655f9c11c9 info: BlobStorageContextMiddleware: RequestMethod=PUT RequestURL=http://127.0.0.1/devstoreaccount1/azure-webjobs-hosts/locks/desktopk3253ts-1555588203/host?comp=lease RequestHeaders:{"host":"127.0.0.1:10000","x-ms-lease-action":"renew","x-ms-lease-id":"00000000000000000000000047B12EBF","x-ms-version":"2024-11-04","accept":"application/xml","x-ms-client-request-id":"0a24c993-0b41-4088-9c7a-6f12f1d23097","x-ms-return-client-request-id":"true","user-agent":"azsdk-net-Storage.Blobs/12.22.1 (.NET 8.0.28; Microsoft Windows 10.0.19045)","x-ms-date":"Sun, 12 Jul 2026 06:15:36 GMT","authorization":"SharedKey devstoreaccount1:Ea3rKTvkZiovujN7MITSbrgbFgirFTEbLGcjukcsD2k=","content-length":"0"} ClientIP=127.0.0.1 Protocol=http HTTPVersion=1.1
2026-07-12T06:15:36.234Z e9aa53f9-6a4e-4b10-8114-d4655f9c11c9 info: BlobStorageContextMiddleware: Account=devstoreaccount1 Container=azure-webjobs-hosts Blob=locks/desktopk3253ts-1555588203/host
2026-07-12T06:15:36.234Z e9aa53f9-6a4e-4b10-8114-d4655f9c11c9 verbose: DispatchMiddleware: Dispatching request...
2026-07-12T06:15:36.235Z e9aa53f9-6a4e-4b10-8114-d4655f9c11c9 info: DispatchMiddleware: Operation=Blob_RenewLease
2026-07-12T06:15:36.235Z e9aa53f9-6a4e-4b10-8114-d4655f9c11c9 verbose: AuthenticationMiddlewareFactory:createAuthenticationMiddleware() Validating authentications.
2026-07-12T06:15:36.235Z e9aa53f9-6a4e-4b10-8114-d4655f9c11c9 info: PublicAccessAuthenticator:validate() Start validation against public access.
2026-07-12T06:15:36.235Z e9aa53f9-6a4e-4b10-8114-d4655f9c11c9 debug: PublicAccessAuthenticator:validate() Getting account properties...
2026-07-12T06:15:36.235Z e9aa53f9-6a4e-4b10-8114-d4655f9c11c9 debug: PublicAccessAuthenticator:validate() Retrieved account name from context: devstoreaccount1, container: azure-webjobs-hosts, blob: locks/desktopk3253ts-1555588203/host
2026-07-12T06:15:36.235Z e9aa53f9-6a4e-4b10-8114-d4655f9c11c9 debug: PublicAccessAuthenticator:validate() Skip public access authentication. Cannot get public access type for container azure-webjobs-hosts
2026-07-12T06:15:36.235Z e9aa53f9-6a4e-4b10-8114-d4655f9c11c9 info: BlobSharedKeyAuthenticator:validate() Start validation against account shared key authentication.
2026-07-12T06:15:36.235Z e9aa53f9-6a4e-4b10-8114-d4655f9c11c9 info: BlobSharedKeyAuthenticator:validate() [STRING TO SIGN]:"PUT\n\n\n\n\n\n\n\n\n\n\n\nx-ms-client-request-id:0a24c993-0b41-4088-9c7a-6f12f1d23097\nx-ms-date:Sun, 12 Jul 2026 06:15:36 GMT\nx-ms-lease-action:renew\nx-ms-lease-id:00000000000000000000000047B12EBF\nx-ms-return-client-request-id:true\nx-ms-version:2024-11-04\n/devstoreaccount1/devstoreaccount1/azure-webjobs-hosts/locks/desktopk3253ts-1555588203/host\ncomp:lease"
2026-07-12T06:15:36.236Z e9aa53f9-6a4e-4b10-8114-d4655f9c11c9 info: BlobSharedKeyAuthenticator:validate() Calculated authentication header based on key1: SharedKey devstoreaccount1:Ea3rKTvkZiovujN7MITSbrgbFgirFTEbLGcjukcsD2k=
2026-07-12T06:15:36.236Z e9aa53f9-6a4e-4b10-8114-d4655f9c11c9 info: BlobSharedKeyAuthenticator:validate() Signature 1 matched.
2026-07-12T06:15:36.236Z e9aa53f9-6a4e-4b10-8114-d4655f9c11c9 verbose: DeserializerMiddleware: Start deserializing...
2026-07-12T06:15:36.236Z e9aa53f9-6a4e-4b10-8114-d4655f9c11c9 info: HandlerMiddleware: DeserializedParameters={"options":{"requestId":"0a24c993-0b41-4088-9c7a-6f12f1d23097","modifiedAccessConditions":{}},"comp":"lease","leaseId":"00000000000000000000000047B12EBF","version":"2024-11-04","action":"renew"}
2026-07-12T06:15:36.236Z e9aa53f9-6a4e-4b10-8114-d4655f9c11c9 verbose: SerializerMiddleware: Start serializing...
2026-07-12T06:15:36.237Z e9aa53f9-6a4e-4b10-8114-d4655f9c11c9 verbose: Send Blob telemetry: B_Blob_RenewLease
2026-07-12T06:15:36.237Z e9aa53f9-6a4e-4b10-8114-d4655f9c11c9 info: EndMiddleware: End response. TotalTimeInMS=3 StatusCode=200 StatusMessage=undefined Headers={"server":"Azurite-Blob/3.35.0","etag":"\"0x227847DE96A6C40\"","last-modified":"Sun, 12 Jul 2026 06:11:36 GMT","x-ms-lease-id":"00000000000000000000000047B12EBF","x-ms-client-request-id":"0a24c993-0b41-4088-9c7a-6f12f1d23097","x-ms-request-id":"e9aa53f9-6a4e-4b10-8114-d4655f9c11c9","x-ms-version":"2025-11-05","date":"Sun, 12 Jul 2026 06:15:36 GMT"}
2026-07-12T06:15:36.263Z c62b8699-8863-411d-9d42-1294efc6b960 info: BlobStorageContextMiddleware: RequestMethod=GET RequestURL=http://127.0.0.1/devstoreaccount1/?comp=list&maxresults=1 RequestHeaders:{"host":"127.0.0.1:10000","x-ms-version":"2024-11-04","accept":"application/xml","x-ms-client-request-id":"0baa7dbd-6da5-4def-a005-e96d71515540","x-ms-return-client-request-id":"true","user-agent":"azsdk-net-Storage.Blobs/12.22.1 (.NET 8.0.28; Microsoft Windows 10.0.19045)","x-ms-date":"Sun, 12 Jul 2026 06:15:36 GMT","authorization":"SharedKey devstoreaccount1:r7Zh7EIrQhdf8NDCdq9B1KI+KGDmCAEpY6I7l5mp+v4="} ClientIP=127.0.0.1 Protocol=http HTTPVersion=1.1
2026-07-12T06:15:36.263Z c62b8699-8863-411d-9d42-1294efc6b960 info: BlobStorageContextMiddleware: Account=devstoreaccount1 Container= Blob=
2026-07-12T06:15:36.263Z c62b8699-8863-411d-9d42-1294efc6b960 verbose: DispatchMiddleware: Dispatching request...
2026-07-12T06:15:36.263Z c62b8699-8863-411d-9d42-1294efc6b960 info: DispatchMiddleware: Operation=Service_ListContainersSegment
2026-07-12T06:15:36.263Z c62b8699-8863-411d-9d42-1294efc6b960 verbose: AuthenticationMiddlewareFactory:createAuthenticationMiddleware() Validating authentications.
2026-07-12T06:15:36.263Z c62b8699-8863-411d-9d42-1294efc6b960 info: PublicAccessAuthenticator:validate() Start validation against public access.
2026-07-12T06:15:36.263Z c62b8699-8863-411d-9d42-1294efc6b960 debug: PublicAccessAuthenticator:validate() Getting account properties...
2026-07-12T06:15:36.263Z c62b8699-8863-411d-9d42-1294efc6b960 debug: PublicAccessAuthenticator:validate() Retrieved account name from context: devstoreaccount1, container: , blob: 
2026-07-12T06:15:36.264Z c62b8699-8863-411d-9d42-1294efc6b960 debug: PublicAccessAuthenticator:validate() Skip public access authentication. Cannot get public access type for container 
2026-07-12T06:15:36.264Z c62b8699-8863-411d-9d42-1294efc6b960 info: BlobSharedKeyAuthenticator:validate() Start validation against account shared key authentication.
2026-07-12T06:15:36.264Z c62b8699-8863-411d-9d42-1294efc6b960 info: BlobSharedKeyAuthenticator:validate() [STRING TO SIGN]:"GET\n\n\n\n\n\n\n\n\n\n\n\nx-ms-client-request-id:0baa7dbd-6da5-4def-a005-e96d71515540\nx-ms-date:Sun, 12 Jul 2026 06:15:36 GMT\nx-ms-return-client-request-id:true\nx-ms-version:2024-11-04\n/devstoreaccount1/devstoreaccount1/\ncomp:list\nmaxresults:1"
2026-07-12T06:15:36.264Z c62b8699-8863-411d-9d42-1294efc6b960 info: BlobSharedKeyAuthenticator:validate() Calculated authentication header based on key1: SharedKey devstoreaccount1:r7Zh7EIrQhdf8NDCdq9B1KI+KGDmCAEpY6I7l5mp+v4=
2026-07-12T06:15:36.264Z c62b8699-8863-411d-9d42-1294efc6b960 info: BlobSharedKeyAuthenticator:validate() Signature 1 matched.
2026-07-12T06:15:36.264Z c62b8699-8863-411d-9d42-1294efc6b960 verbose: DeserializerMiddleware: Start deserializing...
2026-07-12T06:15:36.264Z c62b8699-8863-411d-9d42-1294efc6b960 info: HandlerMiddleware: DeserializedParameters={"options":{"maxresults":1,"include":[],"requestId":"0baa7dbd-6da5-4def-a005-e96d71515540"},"comp":"list","version":"2024-11-04"}
2026-07-12T06:15:36.264Z c62b8699-8863-411d-9d42-1294efc6b960 verbose: SerializerMiddleware: Start serializing...
2026-07-12T06:15:36.264Z c62b8699-8863-411d-9d42-1294efc6b960 debug: Serializer: Raw response body string is <?xml version="1.0" encoding="UTF-8" standalone="yes"?><EnumerationResults ServiceEndpoint="http://127.0.0.1:10000/devstoreaccount1"><Prefix/><MaxResults>1</MaxResults><Containers><Container><Name>azure-webjobs-hosts</Name><Properties><Last-Modified>Sun, 12 Jul 2026 06:11:36 GMT</Last-Modified><Etag>"0x2185A1CCDA39100"</Etag><LeaseStatus>unlocked</LeaseStatus><LeaseState>available</LeaseState><HasImmutabilityPolicy>false</HasImmutabilityPolicy><HasLegalHold>false</HasLegalHold></Properties></Container></Containers><NextMarker/></EnumerationResults>
2026-07-12T06:15:36.264Z c62b8699-8863-411d-9d42-1294efc6b960 info: Serializer: Start returning stream body.
2026-07-12T06:15:36.264Z c62b8699-8863-411d-9d42-1294efc6b960 verbose: Send Blob telemetry: B_Service_ListContainersSegment
2026-07-12T06:15:36.264Z c62b8699-8863-411d-9d42-1294efc6b960 info: EndMiddleware: End response. TotalTimeInMS=1 StatusCode=200 StatusMessage=OK Headers={"server":"Azurite-Blob/3.35.0","x-ms-client-request-id":"0baa7dbd-6da5-4def-a005-e96d71515540","x-ms-request-id":"c62b8699-8863-411d-9d42-1294efc6b960","x-ms-version":"2025-11-05","content-type":"application/xml"}
2026-07-12T06:15:48.258Z a6bfa715-e21a-4a4e-ad60-2a458e5653cc info: BlobStorageContextMiddleware: RequestMethod=PUT RequestURL=http://127.0.0.1/devstoreaccount1/azure-webjobs-hosts/locks/desktopk3253ts-1555588203/host?comp=lease RequestHeaders:{"host":"127.0.0.1:10000","x-ms-lease-action":"renew","x-ms-lease-id":"00000000000000000000000047B12EBF","x-ms-version":"2024-11-04","accept":"application/xml","x-ms-client-request-id":"0d4121c1-3998-4e37-88d3-04fcb1fb9737","x-ms-return-client-request-id":"true","user-agent":"azsdk-net-Storage.Blobs/12.22.1 (.NET 8.0.28; Microsoft Windows 10.0.19045)","x-ms-date":"Sun, 12 Jul 2026 06:15:48 GMT","authorization":"SharedKey devstoreaccount1:3epCqa4ehtH9HcSewy5JttkhkrbuHw9/FM1jqFHWA3c=","content-length":"0"} ClientIP=127.0.0.1 Protocol=http HTTPVersion=1.1
2026-07-12T06:15:48.258Z a6bfa715-e21a-4a4e-ad60-2a458e5653cc info: BlobStorageContextMiddleware: Account=devstoreaccount1 Container=azure-webjobs-hosts Blob=locks/desktopk3253ts-1555588203/host
2026-07-12T06:15:48.258Z a6bfa715-e21a-4a4e-ad60-2a458e5653cc verbose: DispatchMiddleware: Dispatching request...
2026-07-12T06:15:48.258Z a6bfa715-e21a-4a4e-ad60-2a458e5653cc info: DispatchMiddleware: Operation=Blob_RenewLease
2026-07-12T06:15:48.258Z a6bfa715-e21a-4a4e-ad60-2a458e5653cc verbose: AuthenticationMiddlewareFactory:createAuthenticationMiddleware() Validating authentications.
2026-07-12T06:15:48.258Z a6bfa715-e21a-4a4e-ad60-2a458e5653cc info: PublicAccessAuthenticator:validate() Start validation against public access.
2026-07-12T06:15:48.258Z a6bfa715-e21a-4a4e-ad60-2a458e5653cc debug: PublicAccessAuthenticator:validate() Getting account properties...
2026-07-12T06:15:48.259Z a6bfa715-e21a-4a4e-ad60-2a458e5653cc debug: PublicAccessAuthenticator:validate() Retrieved account name from context: devstoreaccount1, container: azure-webjobs-hosts, blob: locks/desktopk3253ts-1555588203/host
2026-07-12T06:15:48.259Z a6bfa715-e21a-4a4e-ad60-2a458e5653cc debug: PublicAccessAuthenticator:validate() Skip public access authentication. Cannot get public access type for container azure-webjobs-hosts
2026-07-12T06:15:48.259Z a6bfa715-e21a-4a4e-ad60-2a458e5653cc info: BlobSharedKeyAuthenticator:validate() Start validation against account shared key authentication.
2026-07-12T06:15:48.259Z a6bfa715-e21a-4a4e-ad60-2a458e5653cc info: BlobSharedKeyAuthenticator:validate() [STRING TO SIGN]:"PUT\n\n\n\n\n\n\n\n\n\n\n\nx-ms-client-request-id:0d4121c1-3998-4e37-88d3-04fcb1fb9737\nx-ms-date:Sun, 12 Jul 2026 06:15:48 GMT\nx-ms-lease-action:renew\nx-ms-lease-id:00000000000000000000000047B12EBF\nx-ms-return-client-request-id:true\nx-ms-version:2024-11-04\n/devstoreaccount1/devstoreaccount1/azure-webjobs-hosts/locks/desktopk3253ts-1555588203/host\ncomp:lease"
2026-07-12T06:15:48.259Z a6bfa715-e21a-4a4e-ad60-2a458e5653cc info: BlobSharedKeyAuthenticator:validate() Calculated authentication header based on key1: SharedKey devstoreaccount1:3epCqa4ehtH9HcSewy5JttkhkrbuHw9/FM1jqFHWA3c=
2026-07-12T06:15:48.259Z a6bfa715-e21a-4a4e-ad60-2a458e5653cc info: BlobSharedKeyAuthenticator:validate() Signature 1 matched.
2026-07-12T06:15:48.259Z a6bfa715-e21a-4a4e-ad60-2a458e5653cc verbose: DeserializerMiddleware: Start deserializing...
2026-07-12T06:15:48.259Z a6bfa715-e21a-4a4e-ad60-2a458e5653cc info: HandlerMiddleware: DeserializedParameters={"options":{"requestId":"0d4121c1-3998-4e37-88d3-04fcb1fb9737","modifiedAccessConditions":{}},"comp":"lease","leaseId":"00000000000000000000000047B12EBF","version":"2024-11-04","action":"renew"}
2026-07-12T06:15:48.259Z a6bfa715-e21a-4a4e-ad60-2a458e5653cc verbose: SerializerMiddleware: Start serializing...
2026-07-12T06:15:48.259Z a6bfa715-e21a-4a4e-ad60-2a458e5653cc verbose: Send Blob telemetry: B_Blob_RenewLease
2026-07-12T06:15:48.259Z a6bfa715-e21a-4a4e-ad60-2a458e5653cc info: EndMiddleware: End response. TotalTimeInMS=1 StatusCode=200 StatusMessage=undefined Headers={"server":"Azurite-Blob/3.35.0","etag":"\"0x227847DE96A6C40\"","last-modified":"Sun, 12 Jul 2026 06:11:36 GMT","x-ms-lease-id":"00000000000000000000000047B12EBF","x-ms-client-request-id":"0d4121c1-3998-4e37-88d3-04fcb1fb9737","x-ms-request-id":"a6bfa715-e21a-4a4e-ad60-2a458e5653cc","x-ms-version":"2025-11-05","date":"Sun, 12 Jul 2026 06:15:48 GMT"}
2026-07-12T06:16:00.265Z 4c1017dd-bb85-4f58-80f3-a09034bf08ed info: BlobStorageContextMiddleware: RequestMethod=PUT RequestURL=http://127.0.0.1/devstoreaccount1/azure-webjobs-hosts/locks/desktopk3253ts-1555588203/host?comp=lease RequestHeaders:{"host":"127.0.0.1:10000","x-ms-lease-action":"renew","x-ms-lease-id":"00000000000000000000000047B12EBF","x-ms-version":"2024-11-04","accept":"application/xml","x-ms-client-request-id":"1883fa46-22c1-43c5-bd80-73aac990f930","x-ms-return-client-request-id":"true","user-agent":"azsdk-net-Storage.Blobs/12.22.1 (.NET 8.0.28; Microsoft Windows 10.0.19045)","x-ms-date":"Sun, 12 Jul 2026 06:16:00 GMT","authorization":"SharedKey devstoreaccount1:xRbfomVVxQDYrtCZFwDtHPQ8sI11WyigO7sKOgU0kgo=","content-length":"0"} ClientIP=127.0.0.1 Protocol=http HTTPVersion=1.1
2026-07-12T06:16:00.266Z 4c1017dd-bb85-4f58-80f3-a09034bf08ed info: BlobStorageContextMiddleware: Account=devstoreaccount1 Container=azure-webjobs-hosts Blob=locks/desktopk3253ts-1555588203/host
2026-07-12T06:16:00.266Z 4c1017dd-bb85-4f58-80f3-a09034bf08ed verbose: DispatchMiddleware: Dispatching request...
2026-07-12T06:16:00.267Z 4c1017dd-bb85-4f58-80f3-a09034bf08ed info: DispatchMiddleware: Operation=Blob_RenewLease
2026-07-12T06:16:00.267Z 4c1017dd-bb85-4f58-80f3-a09034bf08ed verbose: AuthenticationMiddlewareFactory:createAuthenticationMiddleware() Validating authentications.
2026-07-12T06:16:00.267Z 4c1017dd-bb85-4f58-80f3-a09034bf08ed info: PublicAccessAuthenticator:validate() Start validation against public access.
2026-07-12T06:16:00.269Z 4c1017dd-bb85-4f58-80f3-a09034bf08ed debug: PublicAccessAuthenticator:validate() Getting account properties...
2026-07-12T06:16:00.269Z 4c1017dd-bb85-4f58-80f3-a09034bf08ed debug: PublicAccessAuthenticator:validate() Retrieved account name from context: devstoreaccount1, container: azure-webjobs-hosts, blob: locks/desktopk3253ts-1555588203/host
2026-07-12T06:16:00.269Z 4c1017dd-bb85-4f58-80f3-a09034bf08ed debug: PublicAccessAuthenticator:validate() Skip public access authentication. Cannot get public access type for container azure-webjobs-hosts
2026-07-12T06:16:00.269Z 4c1017dd-bb85-4f58-80f3-a09034bf08ed info: BlobSharedKeyAuthenticator:validate() Start validation against account shared key authentication.
2026-07-12T06:16:00.269Z 4c1017dd-bb85-4f58-80f3-a09034bf08ed info: BlobSharedKeyAuthenticator:validate() [STRING TO SIGN]:"PUT\n\n\n\n\n\n\n\n\n\n\n\nx-ms-client-request-id:1883fa46-22c1-43c5-bd80-73aac990f930\nx-ms-date:Sun, 12 Jul 2026 06:16:00 GMT\nx-ms-lease-action:renew\nx-ms-lease-id:00000000000000000000000047B12EBF\nx-ms-return-client-request-id:true\nx-ms-version:2024-11-04\n/devstoreaccount1/devstoreaccount1/azure-webjobs-hosts/locks/desktopk3253ts-1555588203/host\ncomp:lease"
2026-07-12T06:16:00.269Z 4c1017dd-bb85-4f58-80f3-a09034bf08ed info: BlobSharedKeyAuthenticator:validate() Calculated authentication header based on key1: SharedKey devstoreaccount1:xRbfomVVxQDYrtCZFwDtHPQ8sI11WyigO7sKOgU0kgo=
2026-07-12T06:16:00.269Z 4c1017dd-bb85-4f58-80f3-a09034bf08ed info: BlobSharedKeyAuthenticator:validate() Signature 1 matched.
2026-07-12T06:16:00.269Z 4c1017dd-bb85-4f58-80f3-a09034bf08ed verbose: DeserializerMiddleware: Start deserializing...
2026-07-12T06:16:00.269Z 4c1017dd-bb85-4f58-80f3-a09034bf08ed info: HandlerMiddleware: DeserializedParameters={"options":{"requestId":"1883fa46-22c1-43c5-bd80-73aac990f930","modifiedAccessConditions":{}},"comp":"lease","leaseId":"00000000000000000000000047B12EBF","version":"2024-11-04","action":"renew"}
2026-07-12T06:16:00.269Z 4c1017dd-bb85-4f58-80f3-a09034bf08ed verbose: SerializerMiddleware: Start serializing...
2026-07-12T06:16:00.269Z 4c1017dd-bb85-4f58-80f3-a09034bf08ed verbose: Send Blob telemetry: B_Blob_RenewLease
2026-07-12T06:16:00.269Z 4c1017dd-bb85-4f58-80f3-a09034bf08ed info: EndMiddleware: End response. TotalTimeInMS=4 StatusCode=200 StatusMessage=undefined Headers={"server":"Azurite-Blob/3.35.0","etag":"\"0x227847DE96A6C40\"","last-modified":"Sun, 12 Jul 2026 06:11:36 GMT","x-ms-lease-id":"00000000000000000000000047B12EBF","x-ms-client-request-id":"1883fa46-22c1-43c5-bd80-73aac990f930","x-ms-request-id":"4c1017dd-bb85-4f58-80f3-a09034bf08ed","x-ms-version":"2025-11-05","date":"Sun, 12 Jul 2026 06:16:00 GMT"}
2026-07-12T06:16:06.267Z 884e7b4d-848e-4f1b-b7b8-6679fa393b0c info: BlobStorageContextMiddleware: RequestMethod=GET RequestURL=http://127.0.0.1/devstoreaccount1/?comp=list&maxresults=1 RequestHeaders:{"host":"127.0.0.1:10000","x-ms-version":"2024-11-04","accept":"application/xml","x-ms-client-request-id":"f289f412-6b47-4653-a5f1-88391efd311b","x-ms-return-client-request-id":"true","user-agent":"azsdk-net-Storage.Blobs/12.22.1 (.NET 8.0.28; Microsoft Windows 10.0.19045)","x-ms-date":"Sun, 12 Jul 2026 06:16:06 GMT","authorization":"SharedKey devstoreaccount1:csg+hsftAj1S6sJwidL6yWllQR5lyb10sEIEKgTPGXU="} ClientIP=127.0.0.1 Protocol=http HTTPVersion=1.1
2026-07-12T06:16:06.267Z 884e7b4d-848e-4f1b-b7b8-6679fa393b0c info: BlobStorageContextMiddleware: Account=devstoreaccount1 Container= Blob=
2026-07-12T06:16:06.267Z 884e7b4d-848e-4f1b-b7b8-6679fa393b0c verbose: DispatchMiddleware: Dispatching request...
2026-07-12T06:16:06.267Z 884e7b4d-848e-4f1b-b7b8-6679fa393b0c info: DispatchMiddleware: Operation=Service_ListContainersSegment
2026-07-12T06:16:06.268Z 884e7b4d-848e-4f1b-b7b8-6679fa393b0c verbose: AuthenticationMiddlewareFactory:createAuthenticationMiddleware() Validating authentications.
2026-07-12T06:16:06.268Z 884e7b4d-848e-4f1b-b7b8-6679fa393b0c info: PublicAccessAuthenticator:validate() Start validation against public access.
2026-07-12T06:16:06.268Z 884e7b4d-848e-4f1b-b7b8-6679fa393b0c debug: PublicAccessAuthenticator:validate() Getting account properties...
2026-07-12T06:16:06.268Z 884e7b4d-848e-4f1b-b7b8-6679fa393b0c debug: PublicAccessAuthenticator:validate() Retrieved account name from context: devstoreaccount1, container: , blob: 
2026-07-12T06:16:06.268Z 884e7b4d-848e-4f1b-b7b8-6679fa393b0c debug: PublicAccessAuthenticator:validate() Skip public access authentication. Cannot get public access type for container 
2026-07-12T06:16:06.268Z 884e7b4d-848e-4f1b-b7b8-6679fa393b0c info: BlobSharedKeyAuthenticator:validate() Start validation against account shared key authentication.
2026-07-12T06:16:06.268Z 884e7b4d-848e-4f1b-b7b8-6679fa393b0c info: BlobSharedKeyAuthenticator:validate() [STRING TO SIGN]:"GET\n\n\n\n\n\n\n\n\n\n\n\nx-ms-client-request-id:f289f412-6b47-4653-a5f1-88391efd311b\nx-ms-date:Sun, 12 Jul 2026 06:16:06 GMT\nx-ms-return-client-request-id:true\nx-ms-version:2024-11-04\n/devstoreaccount1/devstoreaccount1/\ncomp:list\nmaxresults:1"
2026-07-12T06:16:06.268Z 884e7b4d-848e-4f1b-b7b8-6679fa393b0c info: BlobSharedKeyAuthenticator:validate() Calculated authentication header based on key1: SharedKey devstoreaccount1:csg+hsftAj1S6sJwidL6yWllQR5lyb10sEIEKgTPGXU=
2026-07-12T06:16:06.268Z 884e7b4d-848e-4f1b-b7b8-6679fa393b0c info: BlobSharedKeyAuthenticator:validate() Signature 1 matched.
2026-07-12T06:16:06.268Z 884e7b4d-848e-4f1b-b7b8-6679fa393b0c verbose: DeserializerMiddleware: Start deserializing...
2026-07-12T06:16:06.268Z 884e7b4d-848e-4f1b-b7b8-6679fa393b0c info: HandlerMiddleware: DeserializedParameters={"options":{"maxresults":1,"include":[],"requestId":"f289f412-6b47-4653-a5f1-88391efd311b"},"comp":"list","version":"2024-11-04"}
2026-07-12T06:16:06.268Z 884e7b4d-848e-4f1b-b7b8-6679fa393b0c verbose: SerializerMiddleware: Start serializing...
2026-07-12T06:16:06.269Z 884e7b4d-848e-4f1b-b7b8-6679fa393b0c debug: Serializer: Raw response body string is <?xml version="1.0" encoding="UTF-8" standalone="yes"?><EnumerationResults ServiceEndpoint="http://127.0.0.1:10000/devstoreaccount1"><Prefix/><MaxResults>1</MaxResults><Containers><Container><Name>azure-webjobs-hosts</Name><Properties><Last-Modified>Sun, 12 Jul 2026 06:11:36 GMT</Last-Modified><Etag>"0x2185A1CCDA39100"</Etag><LeaseStatus>unlocked</LeaseStatus><LeaseState>available</LeaseState><HasImmutabilityPolicy>false</HasImmutabilityPolicy><HasLegalHold>false</HasLegalHold></Properties></Container></Containers><NextMarker/></EnumerationResults>
2026-07-12T06:16:06.269Z 884e7b4d-848e-4f1b-b7b8-6679fa393b0c info: Serializer: Start returning stream body.
2026-07-12T06:16:06.269Z 884e7b4d-848e-4f1b-b7b8-6679fa393b0c verbose: Send Blob telemetry: B_Service_ListContainersSegment
2026-07-12T06:16:06.269Z 884e7b4d-848e-4f1b-b7b8-6679fa393b0c info: EndMiddleware: End response. TotalTimeInMS=2 StatusCode=200 StatusMessage=OK Headers={"server":"Azurite-Blob/3.35.0","x-ms-client-request-id":"f289f412-6b47-4653-a5f1-88391efd311b","x-ms-request-id":"884e7b4d-848e-4f1b-b7b8-6679fa393b0c","x-ms-version":"2025-11-05","content-type":"application/xml"}
2026-07-12T06:16:12.252Z c61aba4e-f3c5-42f0-ae3f-1c8d8edb4bde info: BlobStorageContextMiddleware: RequestMethod=PUT RequestURL=http://127.0.0.1/devstoreaccount1/azure-webjobs-hosts/locks/desktopk3253ts-1555588203/host?comp=lease RequestHeaders:{"host":"127.0.0.1:10000","x-ms-lease-action":"renew","x-ms-lease-id":"00000000000000000000000047B12EBF","x-ms-version":"2024-11-04","accept":"application/xml","x-ms-client-request-id":"35668bee-d472-478b-8b5a-14bc13ed3bf7","x-ms-return-client-request-id":"true","user-agent":"azsdk-net-Storage.Blobs/12.22.1 (.NET 8.0.28; Microsoft Windows 10.0.19045)","x-ms-date":"Sun, 12 Jul 2026 06:16:12 GMT","authorization":"SharedKey devstoreaccount1:IgCKMDA8EHdxTH900uudlMsDWVBls1XH44g+ysewAsk=","content-length":"0"} ClientIP=127.0.0.1 Protocol=http HTTPVersion=1.1
2026-07-12T06:16:12.252Z c61aba4e-f3c5-42f0-ae3f-1c8d8edb4bde info: BlobStorageContextMiddleware: Account=devstoreaccount1 Container=azure-webjobs-hosts Blob=locks/desktopk3253ts-1555588203/host
2026-07-12T06:16:12.252Z c61aba4e-f3c5-42f0-ae3f-1c8d8edb4bde verbose: DispatchMiddleware: Dispatching request...
2026-07-12T06:16:12.253Z c61aba4e-f3c5-42f0-ae3f-1c8d8edb4bde info: DispatchMiddleware: Operation=Blob_RenewLease
2026-07-12T06:16:12.253Z c61aba4e-f3c5-42f0-ae3f-1c8d8edb4bde verbose: AuthenticationMiddlewareFactory:createAuthenticationMiddleware() Validating authentications.
2026-07-12T06:16:12.253Z c61aba4e-f3c5-42f0-ae3f-1c8d8edb4bde info: PublicAccessAuthenticator:validate() Start validation against public access.
2026-07-12T06:16:12.253Z c61aba4e-f3c5-42f0-ae3f-1c8d8edb4bde debug: PublicAccessAuthenticator:validate() Getting account properties...
2026-07-12T06:16:12.253Z c61aba4e-f3c5-42f0-ae3f-1c8d8edb4bde debug: PublicAccessAuthenticator:validate() Retrieved account name from context: devstoreaccount1, container: azure-webjobs-hosts, blob: locks/desktopk3253ts-1555588203/host
2026-07-12T06:16:12.254Z c61aba4e-f3c5-42f0-ae3f-1c8d8edb4bde debug: PublicAccessAuthenticator:validate() Skip public access authentication. Cannot get public access type for container azure-webjobs-hosts
2026-07-12T06:16:12.254Z c61aba4e-f3c5-42f0-ae3f-1c8d8edb4bde info: BlobSharedKeyAuthenticator:validate() Start validation against account shared key authentication.
2026-07-12T06:16:12.254Z c61aba4e-f3c5-42f0-ae3f-1c8d8edb4bde info: BlobSharedKeyAuthenticator:validate() [STRING TO SIGN]:"PUT\n\n\n\n\n\n\n\n\n\n\n\nx-ms-client-request-id:35668bee-d472-478b-8b5a-14bc13ed3bf7\nx-ms-date:Sun, 12 Jul 2026 06:16:12 GMT\nx-ms-lease-action:renew\nx-ms-lease-id:00000000000000000000000047B12EBF\nx-ms-return-client-request-id:true\nx-ms-version:2024-11-04\n/devstoreaccount1/devstoreaccount1/azure-webjobs-hosts/locks/desktopk3253ts-1555588203/host\ncomp:lease"
2026-07-12T06:16:12.254Z c61aba4e-f3c5-42f0-ae3f-1c8d8edb4bde info: BlobSharedKeyAuthenticator:validate() Calculated authentication header based on key1: SharedKey devstoreaccount1:IgCKMDA8EHdxTH900uudlMsDWVBls1XH44g+ysewAsk=
2026-07-12T06:16:12.254Z c61aba4e-f3c5-42f0-ae3f-1c8d8edb4bde info: BlobSharedKeyAuthenticator:validate() Signature 1 matched.
2026-07-12T06:16:12.254Z c61aba4e-f3c5-42f0-ae3f-1c8d8edb4bde verbose: DeserializerMiddleware: Start deserializing...
2026-07-12T06:16:12.254Z c61aba4e-f3c5-42f0-ae3f-1c8d8edb4bde info: HandlerMiddleware: DeserializedParameters={"options":{"requestId":"35668bee-d472-478b-8b5a-14bc13ed3bf7","modifiedAccessConditions":{}},"comp":"lease","leaseId":"00000000000000000000000047B12EBF","version":"2024-11-04","action":"renew"}
2026-07-12T06:16:12.255Z c61aba4e-f3c5-42f0-ae3f-1c8d8edb4bde verbose: SerializerMiddleware: Start serializing...
2026-07-12T06:16:12.255Z c61aba4e-f3c5-42f0-ae3f-1c8d8edb4bde verbose: Send Blob telemetry: B_Blob_RenewLease
2026-07-12T06:16:12.255Z c61aba4e-f3c5-42f0-ae3f-1c8d8edb4bde info: EndMiddleware: End response. TotalTimeInMS=3 StatusCode=200 StatusMessage=undefined Headers={"server":"Azurite-Blob/3.35.0","etag":"\"0x227847DE96A6C40\"","last-modified":"Sun, 12 Jul 2026 06:11:36 GMT","x-ms-lease-id":"00000000000000000000000047B12EBF","x-ms-client-request-id":"35668bee-d472-478b-8b5a-14bc13ed3bf7","x-ms-request-id":"c61aba4e-f3c5-42f0-ae3f-1c8d8edb4bde","x-ms-version":"2025-11-05","date":"Sun, 12 Jul 2026 06:16:12 GMT"}
2026-07-12T06:16:14.387Z 	 info: AccountDataStore:init() Refresh accounts from environment variable AZURITE_ACCOUNTS with value undefined
2026-07-12T06:16:14.387Z 	 info: AccountDataStore:init() Fallback to default emulator account devstoreaccount1.
2026-07-12T06:16:14.445Z 	 info: AccountDataStore:init() Refresh accounts from environment variable AZURITE_ACCOUNTS with value undefined
2026-07-12T06:16:14.445Z 	 info: AccountDataStore:init() Fallback to default emulator account devstoreaccount1.
2026-07-12T06:16:14.476Z 	 info: QueueGCManager:markSweepLoop() Start new mark and sweep.
2026-07-12T06:16:14.477Z 	 info: QueueGCManger:markSweep() Get all extents.
2026-07-12T06:16:14.477Z 	 info: QueueGCManager:marksweep() Get 0 extents.
2026-07-12T06:16:14.477Z 	 info: QueueGCManager:markSweep() Get referred extents, then remove from allExtents.
2026-07-12T06:16:14.477Z 	 info: QueueGCManager:markSweep() Got referred extents, unreferenced extents count is 0.
2026-07-12T06:16:14.477Z 	 info: QueueGCManager:markSweepLoop() Mark and sweep finished, take 1ms.
2026-07-12T06:16:14.477Z 	 info: QueueGCManager:markSweepLoop() Sleep for 60000
2026-07-12T06:16:14.477Z 	 info: AccountDataStore:init() Refresh accounts from environment variable AZURITE_ACCOUNTS with value undefined
2026-07-12T06:16:14.477Z 	 info: AccountDataStore:init() Fallback to default emulator account devstoreaccount1.
2026-07-12T06:16:15.507Z c4af1812-f31d-40c1-a05e-060c987cfac4 info: BlobStorageContextMiddleware: RequestMethod=PUT RequestURL=http://127.0.0.1/devstoreaccount1/azure-webjobs-hosts/locks/desktopk3253ts-1555588203/host?comp=lease RequestHeaders:{"host":"127.0.0.1:10000","x-ms-lease-action":"release","x-ms-lease-id":"00000000000000000000000047B12EBF","x-ms-version":"2024-11-04","accept":"application/xml","x-ms-client-request-id":"0eb95d9c-f818-411f-bce5-dc536a7755f7","x-ms-return-client-request-id":"true","user-agent":"azsdk-net-Storage.Blobs/12.22.1 (.NET 8.0.28; Microsoft Windows 10.0.19045)","x-ms-date":"Sun, 12 Jul 2026 06:16:15 GMT","authorization":"SharedKey devstoreaccount1:ZkMtJ9Lj+HNSt6yFjW4CN328XvB+WRGtqmijjyEppxw=","content-length":"0"} ClientIP=127.0.0.1 Protocol=http HTTPVersion=1.1
2026-07-12T06:16:15.507Z c4af1812-f31d-40c1-a05e-060c987cfac4 info: BlobStorageContextMiddleware: Account=devstoreaccount1 Container=azure-webjobs-hosts Blob=locks/desktopk3253ts-1555588203/host
2026-07-12T06:16:15.507Z c4af1812-f31d-40c1-a05e-060c987cfac4 verbose: DispatchMiddleware: Dispatching request...
2026-07-12T06:16:15.508Z c4af1812-f31d-40c1-a05e-060c987cfac4 info: DispatchMiddleware: Operation=Blob_ReleaseLease
2026-07-12T06:16:15.508Z c4af1812-f31d-40c1-a05e-060c987cfac4 verbose: AuthenticationMiddlewareFactory:createAuthenticationMiddleware() Validating authentications.
2026-07-12T06:16:15.508Z c4af1812-f31d-40c1-a05e-060c987cfac4 info: PublicAccessAuthenticator:validate() Start validation against public access.
2026-07-12T06:16:15.508Z c4af1812-f31d-40c1-a05e-060c987cfac4 debug: PublicAccessAuthenticator:validate() Getting account properties...
2026-07-12T06:16:15.508Z c4af1812-f31d-40c1-a05e-060c987cfac4 debug: PublicAccessAuthenticator:validate() Retrieved account name from context: devstoreaccount1, container: azure-webjobs-hosts, blob: locks/desktopk3253ts-1555588203/host
2026-07-12T06:16:15.508Z c4af1812-f31d-40c1-a05e-060c987cfac4 debug: PublicAccessAuthenticator:validate() Skip public access authentication. Cannot get public access type for container azure-webjobs-hosts
2026-07-12T06:16:15.508Z c4af1812-f31d-40c1-a05e-060c987cfac4 info: BlobSharedKeyAuthenticator:validate() Start validation against account shared key authentication.
2026-07-12T06:16:15.508Z c4af1812-f31d-40c1-a05e-060c987cfac4 info: BlobSharedKeyAuthenticator:validate() [STRING TO SIGN]:"PUT\n\n\n\n\n\n\n\n\n\n\n\nx-ms-client-request-id:0eb95d9c-f818-411f-bce5-dc536a7755f7\nx-ms-date:Sun, 12 Jul 2026 06:16:15 GMT\nx-ms-lease-action:release\nx-ms-lease-id:00000000000000000000000047B12EBF\nx-ms-return-client-request-id:true\nx-ms-version:2024-11-04\n/devstoreaccount1/devstoreaccount1/azure-webjobs-hosts/locks/desktopk3253ts-1555588203/host\ncomp:lease"
2026-07-12T06:16:15.508Z c4af1812-f31d-40c1-a05e-060c987cfac4 info: BlobSharedKeyAuthenticator:validate() Calculated authentication header based on key1: SharedKey devstoreaccount1:ZkMtJ9Lj+HNSt6yFjW4CN328XvB+WRGtqmijjyEppxw=
2026-07-12T06:16:15.508Z c4af1812-f31d-40c1-a05e-060c987cfac4 info: BlobSharedKeyAuthenticator:validate() Signature 1 matched.
2026-07-12T06:16:15.508Z c4af1812-f31d-40c1-a05e-060c987cfac4 verbose: DeserializerMiddleware: Start deserializing...
2026-07-12T06:16:15.508Z c4af1812-f31d-40c1-a05e-060c987cfac4 info: HandlerMiddleware: DeserializedParameters={"options":{"requestId":"0eb95d9c-f818-411f-bce5-dc536a7755f7","modifiedAccessConditions":{}},"comp":"lease","leaseId":"00000000000000000000000047B12EBF","version":"2024-11-04","action":"release"}
2026-07-12T06:16:15.508Z c4af1812-f31d-40c1-a05e-060c987cfac4 verbose: SerializerMiddleware: Start serializing...
2026-07-12T06:16:15.508Z c4af1812-f31d-40c1-a05e-060c987cfac4 verbose: Send Blob telemetry: B_Blob_ReleaseLease
2026-07-12T06:16:15.508Z c4af1812-f31d-40c1-a05e-060c987cfac4 info: EndMiddleware: End response. TotalTimeInMS=1 StatusCode=200 StatusMessage=undefined Headers={"server":"Azurite-Blob/3.35.0","etag":"\"0x227847DE96A6C40\"","last-modified":"Sun, 12 Jul 2026 06:11:36 GMT","x-ms-client-request-id":"0eb95d9c-f818-411f-bce5-dc536a7755f7","x-ms-request-id":"c4af1812-f31d-40c1-a05e-060c987cfac4","x-ms-version":"2025-11-05","date":"Sun, 12 Jul 2026 06:16:15 GMT"}
2026-07-12T06:16:17.532Z 	 verbose: Send stop telemetry
2026-07-12T06:16:17.533Z 	 info: Azurite Blob service is closing...
2026-07-12T06:16:17.534Z 	 info: Azurite Queue service is closing...
2026-07-12T06:16:17.534Z 	 info: Azurite Table service is closing...
2026-07-12T06:16:17.534Z 	 info: BlobGCManager:close() Start closing BlobGCManager. Set status to Closing.
2026-07-12T06:16:17.534Z 	 info: QueueGCManager:close() Start closing QueueGCManager, set status to Closing.
2026-07-12T06:16:17.535Z 	 info: BlobGCManager:start() Mark and sweep loop is closed.
2026-07-12T06:16:17.535Z 	 info: BlobGCManager:close() BlobGCManager successfully closed. Set status to Closed.
2026-07-12T06:16:17.535Z 	 info: QueueGCManager:start() Mark and sweep loop is closed.
2026-07-12T06:16:17.535Z 	 info: QueueGCManager:close() QueueGCManager successfully closed, set status to Closed.
2026-07-12T06:16:17.535Z 	 info: Azurite Table service successfully closed
2026-07-12T06:16:17.535Z 	 info: Azurite Queue service successfully closed
2026-07-12T06:16:17.544Z 	 info: Azurite Blob service successfully closed
