model,mixture_type,sample,source_label,q025,q25,median,q75,q975,true_proportion,p50_hit,p95_hit,w50,w95,e50,e95,ae50,ae95,crps
BMM,Laboratory,mel1,Cropland,0.0,6.423897871976614e-18,0.04870761669045123,0.2523530569140996,0.6499317747529677,0.0,False,True,0.2523530569140996,0.6499317747529677,6.423897871976614e-18,0.0,6.423897871976614e-18,0.0,0.049190397913624256
BMM,Laboratory,mel1,Decontaminated,0.0,0.04878703158958149,0.2569182206050007,0.4329147271228214,0.8112952842191895,0.0,False,True,0.38412769553323994,0.8112952842191895,0.04878703158958149,0.0,0.04878703158958149,0.0,0.145910622636874
BMM,Laboratory,mel1,Forest,0.0,0.0,3.371868756429919e-17,0.09347848348979097,0.4603883129682087,0.0,True,True,0.09347848348979097,0.4603883129682087,0.0,0.0,0.0,0.0,0.014287487013200248
BMM,Laboratory,mel1,Subsurface,4.185901687402255e-17,0.33065010623071944,0.5117014557976955,0.6799518542888006,0.968417486503798,1.0,False,False,0.3493017480580811,0.968417486503798,-0.32004814571119944,-0.031582513496202,0.32004814571119944,0.031582513496202,0.3571421033646307
BMM,Laboratory,mel10,Cropland,0.0,1.6263032587282567e-17,0.09072141680922537,0.29778297524071334,0.7643225774187103,0.0,False,True,0.29778297524071334,0.7643225774187103,1.6263032587282567e-17,0.0,1.6263032587282567e-17,0.0,0.06645361821442486
BMM,Laboratory,mel10,Decontaminated,0.0,0.35166725249096004,0.537060640512657,0.6930350605240616,0.967160457128382,0.625,True,True,0.34136780803310157,0.967160457128382,0.0,0.0,0.0,0.0,0.07505489036505192
BMM,Laboratory,mel10,Forest,0.0,0.0,5.2909066017292616e-17,0.10086045728718812,0.3955800351586399,0.0,True,True,0.10086045728718812,0.3955800351586399,0.0,0.0,0.0,0.0,0.015846338156502403
BMM,Laboratory,mel10,Subsurface,0.0,0.10020523874907304,0.23026544333526422,0.36460338498371897,0.6529541085838896,0.375,False,True,0.2643981462346459,0.6529541085838896,-0.01039661501628103,0.0,0.01039661501628103,0.0,0.08614258604906325
BMM,Laboratory,mel12,Cropland,0.0,2.168404344971009e-17,0.09192781480396481,0.3089444003640624,0.8303911462974177,0.0,False,True,0.3089444003640624,0.8303911462974177,2.168404344971009e-17,0.0,2.168404344971009e-17,0.0,0.06769117749268834
BMM,Laboratory,mel12,Decontaminated,0.0,0.4842822744029817,0.6712744657127492,0.8154406613270071,0.9999999999999999,0.875,False,True,0.3311583869240254,0.9999999999999999,-0.0595593386729929,0.0,0.0595593386729929,0.0,0.13189926629621423
BMM,Laboratory,mel12,Forest,0.0,0.0,3.8163916471489756e-17,0.07710375094651396,0.365146784139122,0.0,True,True,0.07710375094651396,0.365146784139122,0.0,0.0,0.0,0.0,0.01182534960261903
BMM,Laboratory,mel12,Subsurface,0.0,5.551115123125783e-17,0.09501033368599635,0.22306599905707722,0.5116472708995972,0.125,True,True,0.22306599905707716,0.5116472708995972,0.0,0.0,0.0,0.0,0.03941924734962983
BMM,Laboratory,mel13,Cropland,0.0,6.998525023393931e-17,0.17796175409923565,0.38169150827956594,0.8248128347806902,0.125,True,True,0.3816915082795659,0.8248128347806902,0.0,0.0,0.0,0.0,0.06766149981115008
BMM,Laboratory,mel13,Decontaminated,0.0,0.44625522584694066,0.6227285291975961,0.7938113092121526,1.0,0.875,False,True,0.34755608336521193,1.0,-0.0811886907878474,0.0,0.0811886907878474,0.0,0.15283587998880782
BMM,Laboratory,mel13,Forest,0.0,0.0,5.334274688628682e-17,0.09734180564740727,0.36425578403996506,0.0,True,True,0.09734180564740727,0.36425578403996506,0.0,0.0,0.0,0.0,0.015304872847971003
BMM,Laboratory,mel13,Subsurface,0.0,1.6479873380440014e-17,0.0581023269151779,0.17853796601159475,0.45702111210819935,0.0,False,True,0.17853796601159472,0.45702111210819935,1.6479873380440014e-17,0.0,1.6479873380440014e-17,0.0,0.039964785972140385
BMM,Laboratory,mel15,Cropland,0.0,0.07095586320763347,0.25976648155102133,0.4403949990454368,0.7680766035969114,0.375,True,True,0.3694391358378033,0.7680766035969114,0.0,0.0,0.0,0.0,0.08010312557552748
BMM,Laboratory,mel15,Decontaminated,6.396792817664482e-19,0.3094748539642496,0.4742496835055875,0.6253051185761554,0.8745199038941783,0.625,True,True,0.31583026461190583,0.8745199038941783,0.0,0.0,0.0,0.0,0.09336891576092282
BMM,Laboratory,mel15,Forest,0.0,3.130633773051894e-17,0.09471746281287252,0.20883162066126928,0.4796538519200216,0.0,False,True,0.20883162066126926,0.4796538519200216,3.130633773051894e-17,0.0,3.130633773051894e-17,0.0,0.05589783290911021
BMM,Laboratory,mel15,Subsurface,0.0,4.66003645427379e-17,0.09689576157588023,0.20706236269482325,0.4342453263462984,0.0,False,True,0.2070623626948232,0.4342453263462984,4.66003645427379e-17,0.0,4.66003645427379e-17,0.0,0.05641315579405273
BMM,Laboratory,mel17,Cropland,0.0,0.1827176224479391,0.3675044731648368,0.5400691311784616,0.8340835187863658,0.625,False,True,0.35735150873052246,0.8340835187863658,-0.08493086882153844,0.0,0.08493086882153844,0.0,0.15709782337370493
BMM,Laboratory,mel17,Decontaminated,0.0,0.23403798882306304,0.3982864859091152,0.5675200675369952,0.8726666191697486,0.375,True,True,0.3334820787139322,0.8726666191697486,0.0,0.0,0.0,0.0,0.058904504810528696
BMM,Laboratory,mel17,Forest,0.0,5.145351389338269e-17,0.11829073290349906,0.2405034174275622,0.4900240677833563,0.0,False,True,0.24050341742756215,0.4900240677833563,5.145351389338269e-17,0.0,5.145351389338269e-17,0.0,0.06728345950857452
BMM,Laboratory,mel17,Subsurface,0.0,5.854691712034678e-18,0.0385890839228938,0.14400175122232717,0.3499509681555911,0.0,False,True,0.14400175122232717,0.3499509681555911,5.854691712034678e-18,0.0,5.854691712034678e-18,0.0,0.02985066218090683
BMM,Laboratory,mel19,Cropland,0.0,0.21507839594686184,0.4136912505060898,0.5920929754754518,0.889784601790683,0.875,False,True,0.37701457952858997,0.889784601790683,-0.2829070245245482,0.0,0.2829070245245482,0.0,0.32792600258198135
BMM,Laboratory,mel19,Decontaminated,0.0,0.14965104104228183,0.3345410099625982,0.5213271689278219,0.8440958965275158,0.125,False,True,0.3716761278855401,0.8440958965275158,0.02465104104228183,0.0,0.02465104104228183,0.0,0.12469120806494324
BMM,Laboratory,mel19,Forest,0.0,0.029403833855747075,0.16022885177634005,0.2806036743283048,0.5455585397816811,0.0,False,True,0.2511998404725577,0.5455585397816811,0.029403833855747075,0.0,0.029403833855747075,0.0,0.09165558018794889
BMM,Laboratory,mel19,Subsurface,0.0,1.734723475976807e-18,0.009013591726630764,0.11492663159186248,0.31943918073242694,0.0,False,True,0.11492663159186248,0.31943918073242694,1.734723475976807e-18,0.0,1.734723475976807e-18,0.0,0.020803380155273055
BMM,Laboratory,mel2,Cropland,0.0,1.5951324462692984e-17,0.09923266320074273,0.31170891800784895,0.7294181990015169,0.0,False,True,0.31170891800784895,0.7294181990015169,1.5951324462692984e-17,0.0,1.5951324462692984e-17,0.0,0.06885532246212335
BMM,Laboratory,mel2,Decontaminated,0.0,0.3724694067892702,0.537955055606486,0.6985629694097103,0.9390532201218826,1.0,False,False,0.3260935626204401,0.9390532201218826,-0.3014370305902897,-0.06094677987811736,0.3014370305902897,0.06094677987811736,0.3417349984482927
BMM,Laboratory,mel2,Forest,0.0,6.46455545344482e-18,0.04478382363251565,0.1659806839577229,0.4296176209197531,0.0,False,True,0.1659806839577229,0.4296176209197531,6.46455545344482e-18,0.0,6.46455545344482e-18,0.0,0.0343264221964448
BMM,Laboratory,mel2,Subsurface,0.0,0.06717816851722849,0.17587185635389502,0.30247706500142546,0.5841946156543942,0.0,False,True,0.23529889648419697,0.5841946156543942,0.06717816851722849,0.0,0.06717816851722849,0.0,0.10908133248957327
BMM,Laboratory,mel20,Cropland,0.0,1.0672615135404184e-17,0.07597245468764222,0.2833321485571676,0.7042519421173027,0.125,True,True,0.2833321485571676,0.7042519421173027,0.0,0.0,0.0,0.0,0.05505293177381934
BMM,Laboratory,mel20,Decontaminated,0.0,6.508601166702044e-17,0.16169943088904767,0.3403780226572716,0.7524250470913639,0.0,False,True,0.3403780226572715,0.7524250470913639,6.508601166702044e-17,0.0,6.508601166702044e-17,0.0,0.09238110871162392
BMM,Laboratory,mel20,Forest,0.0,6.281596336837891e-18,0.03843320084037735,0.1794785898415637,0.5399097493162756,0.0,False,True,0.1794785898415637,0.5399097493162756,6.281596336837891e-18,0.0,6.281596336837891e-18,0.0,0.0364142885153322
BMM,Laboratory,mel20,Subsurface,0.007643133242843273,0.3322576021667484,0.5173336372953157,0.6922464803951734,0.9448455083319285,0.875,False,True,0.35998887822842507,0.9372023750890852,-0.18275351960482655,0.0,0.18275351960482655,0.0,0.23630348928377157
BMM,Laboratory,mel22,Cropland,0.0,0.06547778960096139,0.2710865107517037,0.4432481016460165,0.7755467802368858,0.375,True,True,0.3777703120450551,0.7755467802368858,0.0,0.0,0.0,0.0,0.07871940555392634
BMM,Laboratory,mel22,Decontaminated,0.0,0.1177181883013231,0.2889333802103995,0.4575246421605575,0.8102735297872029,0.0,False,True,0.33980645385923436,0.8102735297872029,0.1177181883013231,0.0,0.1177181883013231,0.0,0.17644176602299974
BMM,Laboratory,mel22,Forest,0.0,6.5052130349130266e-18,0.038791526026149166,0.17797214461549676,0.4546859995270306,0.0,False,True,0.17797214461549676,0.4546859995270306,6.5052130349130266e-18,0.0,6.5052130349130266e-18,0.0,0.03514564040566348
BMM,Laboratory,mel22,Subsurface,0.0,0.16254205570285096,0.303685880134842,0.4353942641151621,0.6955768116975548,0.625,False,True,0.2728522084123111,0.6955768116975548,-0.18960573588483792,0.0,0.18960573588483792,0.0,0.21897960819493012
BMM,Laboratory,mel24,Cropland,0.0,0.15933830940721336,0.338893502761801,0.5131636902831409,0.8185506452294956,0.625,False,True,0.3538253808759275,0.8185506452294956,-0.1118363097168591,0.0,0.1118363097168591,0.0,0.17579637881254426
BMM,Laboratory,mel24,Decontaminated,0.0,0.15629364534349666,0.3172563342122272,0.49122337628096296,0.8120083711285523,0.0,False,True,0.3349297309374663,0.8120083711285523,0.15629364534349666,0.0,0.15629364534349666,0.0,0.20394829977898898
BMM,Laboratory,mel24,Forest,0.0,2.9849441061241544e-17,0.10065772291159773,0.22372049778226222,0.49536451791329117,0.0,False,True,0.2237204977822622,0.49536451791329117,2.9849441061241544e-17,0.0,2.9849441061241544e-17,0.0,0.05851505241200958
BMM,Laboratory,mel24,Subsurface,0.0,0.05324337638872549,0.17115418520794218,0.28897183489923717,0.5064713404199309,0.375,False,True,0.23572845851051166,0.5064713404199309,-0.08602816510076283,0.0,0.08602816510076283,0.0,0.1259802879021536
BMM,Laboratory,mel26,Cropland,0.0,0.2514715307157851,0.4481547826053021,0.6209104922194462,0.8953864777357653,0.875,False,True,0.36943896150366107,0.8953864777357653,-0.25408950778055384,0.0,0.25408950778055384,0.0,0.30045992969313184
BMM,Laboratory,mel26,Decontaminated,0.0,0.13650114771903113,0.3229799690886763,0.5044260858846366,0.8297070655545697,0.0,False,True,0.36792493816560545,0.8297070655545697,0.13650114771903113,0.0,0.13650114771903113,0.0,0.1985195740401242
BMM,Laboratory,mel26,Forest,0.0,4.0561160637245544e-17,0.1073645017061461,0.22835893794791692,0.49405550089029265,0.0,False,True,0.2283589379479169,0.49405550089029265,4.0561160637245544e-17,0.0,4.0561160637245544e-17,0.0,0.06154183708964471
BMM,Laboratory,mel26,Subsurface,0.0,8.673617434814009e-18,0.042706578341568095,0.15685170896704156,0.36291348390796907,0.125,True,True,0.15685170896704156,0.36291348390796907,0.0,0.0,0.0,0.0,0.04379068622279264
BMM,Laboratory,mel27,Cropland,0.0,6.326115923254482e-17,0.19022635631503448,0.4296361987405188,0.8815767535295183,0.125,True,True,0.4296361987405187,0.8815767535295183,0.0,0.0,0.0,0.0,0.07619436757835316
BMM,Laboratory,mel27,Decontaminated,0.0,2.7582421082925785e-17,0.12166749041715702,0.32954461550495595,0.7240003215766521,0.0,False,True,0.32954461550495595,0.7240003215766521,2.7582421082925785e-17,0.0,2.7582421082925785e-17,0.0,0.07745183291052234
BMM,Laboratory,mel27,Forest,1.9461428996114808e-18,0.3553107920828993,0.504529700818855,0.654038735717384,0.9298073522636331,0.875,False,True,0.29872794363448474,0.9298073522636331,-0.22096126428261598,0.0,0.22096126428261598,0.0,0.2556580043286527
BMM,Laboratory,mel27,Subsurface,0.0,0.0,4.857225732735059e-17,0.08881109663123937,0.35661420210594375,0.0,True,True,0.08881109663123937,0.35661420210594375,0.0,0.0,0.0,0.0,0.01322758410720904
BMM,Laboratory,mel29,Cropland,0.0,0.08062301315829748,0.2925415710050647,0.4940363244639647,0.8664298256497939,0.375,True,True,0.4134133113056673,0.8664298256497939,0.0,0.0,0.0,0.0,0.07689773485831433
BMM,Laboratory,mel29,Decontaminated,0.0,0.02051913157812802,0.2148523903129313,0.402977180057326,0.7521490174203558,0.0,False,True,0.382458048479198,0.7521490174203558,0.02051913157812802,0.0,0.02051913157812802,0.0,0.12236171816493943
BMM,Laboratory,mel29,Forest,0.0,0.25218331414150336,0.3913690984114195,0.5226364344133172,0.8271866854472799,0.625,False,True,0.27045312027181384,0.8271866854472799,-0.1023635655866828,0.0,0.1023635655866828,0.0,0.1483905314243794
BMM,Laboratory,mel29,Subsurface,0.0,0.0,4.1614832916196646e-17,0.08143746991844211,0.2949043214353989,0.0,True,True,0.08143746991844211,0.2949043214353989,0.0,0.0,0.0,0.0,0.012727108270304245
BMM,Laboratory,mel3,Cropland,0.0,0.22765072417511617,0.4290227321227178,0.6103030438668154,0.8918075797888435,1.0,False,False,0.38265231969169927,0.8918075797888435,-0.38969695613318456,-0.10819242021115649,0.38969695613318456,0.10819242021115649,0.43795573446460345
BMM,Laboratory,mel3,Decontaminated,0.0,0.02827372462293872,0.20578707977286725,0.39731102551948416,0.7693513961673701,0.0,False,True,0.36903730089654546,0.7693513961673701,0.02827372462293872,0.0,0.02827372462293872,0.0,0.12025054730173548
BMM,Laboratory,mel3,Forest,0.0,0.09119045296149927,0.2142493369591234,0.34537080995478264,0.6120488588813825,0.0,False,True,0.25418035699328334,0.6120488588813825,0.09119045296149927,0.0,0.09119045296149927,0.0,0.13253815903286748
BMM,Laboratory,mel3,Subsurface,0.0,1.3823577621641999e-17,0.07220552245474496,0.178152148095779,0.40727259068423616,0.0,False,True,0.178152148095779,0.40727259068423616,1.3823577621641999e-17,0.0,1.3823577621641999e-17,0.0,0.042683813997370784
BMM,Laboratory,mel31,Cropland,0.0,0.1638494491176511,0.36749815930882046,0.5593810624586271,0.881902502116605,0.625,False,True,0.395531613340976,0.881902502116605,-0.06561893754137293,0.0,0.06561893754137293,0.0,0.15449015589233803
BMM,Laboratory,mel31,Decontaminated,0.0,0.06138257101006445,0.2529270457556086,0.43967284632953724,0.7755498607368749,0.0,False,True,0.3782902753194728,0.7755498607368749,0.06138257101006445,0.0,0.06138257101006445,0.0,0.14832494402125737
BMM,Laboratory,mel31,Forest,0.0,0.1707149569920731,0.29667713262537343,0.4155661951061076,0.6881906989741264,0.375,True,True,0.2448512381140345,0.6881906989741264,0.0,0.0,0.0,0.0,0.0571722275810182
BMM,Laboratory,mel31,Subsurface,0.0,0.0,4.087442190270352e-17,0.07216556097843066,0.28519036775831774,0.0,True,True,0.07216556097843066,0.28519036775831774,0.0,0.0,0.0,0.0,0.011539090663142001
BMM,Laboratory,mel33,Cropland,0.0,0.15864025478386115,0.3600656284578472,0.5485438981190315,0.8547213157442679,0.875,False,False,0.38990364333517036,0.8547213157442679,-0.3264561018809685,-0.020278684255732093,0.3264561018809685,0.020278684255732093,0.37140835975750075
BMM,Laboratory,mel33,Decontaminated,0.0,6.965889044974234e-17,0.16461557774835545,0.3431690581010293,0.7082111670598574,0.0,False,True,0.34316905810102927,0.7082111670598574,6.965889044974234e-17,0.0,6.965889044974234e-17,0.0,0.0950472461711697
BMM,Laboratory,mel33,Forest,0.0,0.16804820613791172,0.2937147213969613,0.4261376162820095,0.712641521081416,0.125,False,True,0.2580894101440978,0.712641521081416,0.043048206137911715,0.0,0.043048206137911715,0.0,0.10147936450168284
BMM,Laboratory,mel33,Subsurface,0.0,3.156383574648425e-17,0.09186095271226567,0.20501303528832882,0.4362643948946895,0.0,False,True,0.2050130352883288,0.4362643948946895,3.156383574648425e-17,0.0,3.156383574648425e-17,0.0,0.05430582906058322
BMM,Laboratory,mel34,Cropland,0.0,1.9041300654276672e-17,0.11090955411337172,0.3297248135192728,0.8190032489573803,0.0,False,True,0.3297248135192728,0.8190032489573803,1.9041300654276672e-17,0.0,1.9041300654276672e-17,0.0,0.07360603894984451
BMM,Laboratory,mel34,Decontaminated,0.0,1.3186608922854948e-17,0.07558934339133998,0.2803017130911255,0.6813993587648426,0.125,True,True,0.2803017130911255,0.6813993587648426,0.0,0.0,0.0,0.0,0.05369734646258971
BMM,Laboratory,mel34,Forest,3.528671495625635e-17,0.403615839696864,0.5681913379544608,0.7129960138290391,0.9778947237768416,0.875,False,True,0.3093801741321751,0.9778947237768416,-0.1620039861709609,0.0,0.1620039861709609,0.0,0.20468894998252238
BMM,Laboratory,mel34,Subsurface,0.0,3.8827068952422945e-18,0.024416679511549723,0.15563602576301555,0.39685732745672986,0.0,False,True,0.15563602576301555,0.39685732745672986,3.8827068952422945e-18,0.0,3.8827068952422945e-18,0.0,0.02968379698323762
BMM,Laboratory,mel36,Cropland,0.0,9.439450941151883e-17,0.20274853213899874,0.42371165898504703,0.8389283647388437,0.0,False,True,0.4237116589850469,0.8389283647388437,9.439450941151883e-17,0.0,9.439450941151883e-17,0.0,0.11591852862775004
BMM,Laboratory,mel36,Decontaminated,0.0,0.0911581492412476,0.29496473125711486,0.47728559951121874,0.8183038953913588,0.375,True,True,0.38612745026997114,0.8183038953913588,0.0,0.0,0.0,0.0,0.07353159085530642
BMM,Laboratory,mel36,Forest,0.0,0.24653456613278513,0.37655127869949795,0.5091922196591825,0.7788928622571912,0.625,False,True,0.26265765352639736,0.7788928622571912,-0.11580778034081751,0.0,0.11580778034081751,0.0,0.15811038244028938
BMM,Laboratory,mel36,Subsurface,0.0,0.0,7.827939685345342e-17,0.0978697930498656,0.3387277835477812,0.0,True,True,0.0978697930498656,0.3387277835477812,0.0,0.0,0.0,0.0,0.016432132249532508
BMM,Laboratory,mel38,Cropland,0.0,8.185726402265558e-17,0.17587727428918473,0.3807759338381789,0.7585078293705749,0.0,False,True,0.38077593383817887,0.7585078293705749,8.185726402265558e-17,0.0,8.185726402265558e-17,0.0,0.10272950303612877
BMM,Laboratory,mel38,Decontaminated,0.0,0.19539434821791335,0.36385300440702806,0.5275558689015946,0.8314088223695312,0.625,False,True,0.3321615206836812,0.8314088223695312,-0.09744413109840544,0.0,0.09744413109840544,0.0,0.16233028188881737
BMM,Laboratory,mel38,Forest,0.0,0.17419411590909506,0.2962135507655528,0.4140837413899929,0.6660682830494782,0.375,True,True,0.23988962548089782,0.6660682830494782,0.0,0.0,0.0,0.0,0.05602125522296533
BMM,Laboratory,mel38,Subsurface,0.0,1.9583401740519424e-17,0.07350925307956202,0.1833804197755973,0.41522127180440593,0.0,False,True,0.18338041977559727,0.41522127180440593,1.9583401740519424e-17,0.0,1.9583401740519424e-17,0.0,0.04502189240825394
BMM,Laboratory,mel4,Cropland,0.0,2.168404344971009e-17,0.12199696837555894,0.3683788726765525,0.8852531543377001,0.0,False,True,0.3683788726765525,0.8852531543377001,2.168404344971009e-17,0.0,2.168404344971009e-17,0.0,0.08170241592216887
BMM,Laboratory,mel4,Decontaminated,0.0,1.6071193330347294e-17,0.07572780211454831,0.2904006930964726,0.6926065920621319,0.0,False,True,0.2904006930964726,0.6926065920621319,1.6071193330347294e-17,0.0,1.6071193330347294e-17,0.0,0.059920882942975026
BMM,Laboratory,mel4,Forest,4.206227512277722e-19,0.41236594461385645,0.5783902164871966,0.7274149683087436,0.9999999999999999,1.0,False,False,0.3150490236948872,0.9999999999999999,-0.27258503169125636,-1.1102230246251565e-16,0.27258503169125636,1.1102230246251565e-16,0.30437740264887514
BMM,Laboratory,mel4,Subsurface,0.0,0.0,5.4643789493269423e-17,0.08947486349106248,0.3642108829957723,0.0,True,True,0.08947486349106248,0.3642108829957723,0.0,0.0,0.0,0.0,0.014265331200041677
BMM,Laboratory,mel40,Cropland,0.0,1.0260618309859693e-16,0.1950585702667382,0.3950907697528627,0.8437175999564059,0.0,False,True,0.3950907697528626,0.8437175999564059,1.0260618309859693e-16,0.0,1.0260618309859693e-16,0.0,0.11076681666988927
BMM,Laboratory,mel40,Decontaminated,0.0,0.4075817434830451,0.5988377673571568,0.76458552106351,0.9985126679916054,0.875,False,True,0.35700377758046486,0.9985126679916054,-0.11041447893649003,0.0,0.11041447893649003,0.0,0.1761886131953945
BMM,Laboratory,mel40,Forest,0.0,3.469446951953614e-18,0.01928057025948039,0.15064851979519467,0.4184864938710195,0.125,True,True,0.15064851979519467,0.4184864938710195,0.0,0.0,0.0,0.0,0.049141594300770405
BMM,Laboratory,mel40,Subsurface,0.0,5.57476121541152e-18,0.03823151339102038,0.16559289666564744,0.42407200932446343,0.0,False,True,0.16559289666564744,0.42407200932446343,5.57476121541152e-18,0.0,5.57476121541152e-18,0.0,0.03316159729304573
BMM,Laboratory,mel41,Cropland,0.0,2.3418766925686896e-17,0.13589061077899034,0.3607146389871216,0.8543929059135641,0.0,False,True,0.3607146389871216,0.8543929059135641,2.3418766925686896e-17,0.0,2.3418766925686896e-17,0.0,0.08441359674932525
BMM,Laboratory,mel41,Decontaminated,0.0,3.5805776746333784e-17,0.14740052316203694,0.34900902114729904,0.7179369813674983,0.0,False,True,0.349009021147299,0.7179369813674983,3.5805776746333784e-17,0.0,3.5805776746333784e-17,0.0,0.08713538563027856
BMM,Laboratory,mel41,Forest,1.734723475976807e-18,0.35126438012492406,0.509221240546605,0.6449046049678978,0.9382424658022822,0.875,False,True,0.29364022484297375,0.9382424658022822,-0.2300953950321022,0.0,0.2300953950321022,0.0,0.2587570487591715
BMM,Laboratory,mel41,Subsurface,0.0,4.20128341838133e-18,0.02387336457894129,0.15063904436861988,0.39384474990748214,0.125,True,True,0.15063904436861988,0.39384474990748214,0.0,0.0,0.0,0.0,0.0490160740650708
BMM,Laboratory,mel43,Cropland,0.0,1.0810173286038283e-16,0.1937245943133274,0.3898799647318948,0.766320269348361,0.0,False,True,0.3898799647318947,0.766320269348361,1.0810173286038283e-16,0.0,1.0810173286038283e-16,0.0,0.10949565720453391
BMM,Laboratory,mel43,Decontaminated,0.0,0.02802979114942095,0.21150476571234056,0.39183955567861306,0.7195000990052194,0.0,False,True,0.3638097645291921,0.7195000990052194,0.02802979114942095,0.0,0.02802979114942095,0.0,0.12199562325629773
BMM,Laboratory,mel43,Forest,4.439807896328141e-18,0.24312413013931428,0.3621789231580286,0.48748647323790073,0.7480016494479909,0.625,False,True,0.24436234309858645,0.7480016494479909,-0.13751352676209927,0.0,0.13751352676209927,0.0,0.1708192649658704
BMM,Laboratory,mel43,Subsurface,0.0,0.014619082823194608,0.12679558368573648,0.2571149359918869,0.4839113343666711,0.375,False,True,0.2424958531686923,0.4839113343666711,-0.1178850640081131,0.0,0.1178850640081131,0.0,0.15242629541397462
BMM,Laboratory,mel45,Cropland,0.0,6.916532234099715e-17,0.1753709072402716,0.36343653979644075,0.7169677320088695,0.0,False,True,0.3634365397964407,0.7169677320088695,6.916532234099715e-17,0.0,6.916532234099715e-17,0.0,0.10048370909447916
BMM,Laboratory,mel45,Decontaminated,0.0,0.07322463639503715,0.24096431191184498,0.40895229046690074,0.7315332243221021,0.0,False,True,0.33572765407186356,0.7315332243221021,0.07322463639503715,0.0,0.07322463639503715,0.0,0.14278332117135556
BMM,Laboratory,mel45,Forest,0.0,0.07895455086622083,0.1891934704552976,0.313867250606321,0.5854214089259848,0.375,False,True,0.23491269974010015,0.5854214089259848,-0.06113274939367902,0.0,0.06113274939367902,0.0,0.10814648442049282
BMM,Laboratory,mel45,Subsurface,0.0,0.17433031216342218,0.3020051628385037,0.43443846946219755,0.677068098152986,0.625,False,True,0.26010815729877534,0.677068098152986,-0.19056153053780245,0.0,0.19056153053780245,0.0,0.2198534985803779
BMM,Laboratory,mel47,Cropland,0.0,1.5376189091507314e-17,0.10639634406078502,0.30241808442363216,0.6903321413360427,0.0,False,True,0.30241808442363216,0.6903321413360427,1.5376189091507314e-17,0.0,1.5376189091507314e-17,0.0,0.06981879208932976
BMM,Laboratory,mel47,Decontaminated,0.0,0.1254237707412334,0.3166933939500739,0.48270897057859835,0.8353678780172091,0.0,False,True,0.35728519983736495,0.8353678780172091,0.1254237707412334,0.0,0.1254237707412334,0.0,0.18951963716057466
BMM,Laboratory,mel47,Forest,0.0,1.8295911660692887e-18,0.007361910764773461,0.14843383261004237,0.46013781579533264,0.125,True,True,0.14843383261004237,0.46013781579533264,0.0,0.0,0.0,0.0,0.05209503071556214
BMM,Laboratory,mel47,Subsurface,4.170102265139058e-17,0.2380231949082245,0.3985034199657541,0.5586484836305365,0.8265435641897669,0.875,False,False,0.32062528872231205,0.8265435641897669,-0.31635151636946346,-0.04845643581023307,0.31635151636946346,0.04845643581023307,0.3495825915471509
BMM,Laboratory,mel48,Cropland,0.0,0.1144268504037501,0.2987752268382199,0.505259744693263,0.852802119654068,0.3,True,True,0.39083289428951284,0.852802119654068,0.0,0.0,0.0,0.0,0.06573886386657707
BMM,Laboratory,mel48,Decontaminated,0.0,0.22247421425412772,0.3930552106713824,0.5508791995377719,0.8308334964916362,0.3,True,True,0.32840498528364415,0.8308334964916362,0.0,0.0,0.0,0.0,0.07160526444442217
BMM,Laboratory,mel48,Forest,0.0,0.08874823192664201,0.20634501797941712,0.3267183050599436,0.5681396499031958,0.3,True,True,0.2379700731333016,0.5681396499031958,0.0,0.0,0.0,0.0,0.060140095436048924
BMM,Laboratory,mel48,Subsurface,0.0,8.673617379884035e-19,5.221517662690189e-16,0.11083037643433072,0.33322821091024285,0.1,True,True,0.11083037643433072,0.33322821091024285,0.0,0.0,0.0,0.0,0.04284102395513903
BMM,Laboratory,mel49,Cropland,0.0,3.4480339590470255e-16,0.19401088541284733,0.3823167510473161,0.7070981765002365,0.3,True,True,0.3823167510473158,0.7070981765002365,0.0,0.0,0.0,0.0,0.0760182300588237
BMM,Laboratory,mel49,Decontaminated,0.0,0.025715529198233292,0.209823697256446,0.38367928649380995,0.6844470149060817,0.1,True,True,0.35796375729557667,0.6844470149060817,0.0,0.0,0.0,0.0,0.07479254636436988
BMM,Laboratory,mel49,Forest,0.0,0.18571682907701273,0.3033532373017105,0.4266329859312493,0.680555992874266,0.3,True,True,0.2409161568542366,0.680555992874266,0.0,0.0,0.0,0.0,0.042490016220045126
BMM,Laboratory,mel49,Subsurface,0.0,0.08354919800827292,0.20734279701849145,0.3304540625135849,0.5671702620902456,0.3,True,True,0.24690486450531196,0.5671702620902456,0.0,0.0,0.0,0.0,0.05989989563168109
BMM,Laboratory,mel5,Cropland,0.0,0.002030074360645815,0.20965145501152332,0.40525567413671515,0.7479357297905492,0.25,True,True,0.4032255997760693,0.7479357297905492,0.0,0.0,0.0,0.0,0.06486566778741201
BMM,Laboratory,mel5,Decontaminated,0.0,0.17751192045814948,0.35112687468224646,0.5116246842420571,0.8221908649501659,0.25,True,True,0.33411276378390764,0.8221908649501659,0.0,0.0,0.0,0.0,0.07350877455866195
BMM,Laboratory,mel5,Forest,0.0,0.10139500940775939,0.2082950928527275,0.32721364247595813,0.5848020009181865,0.25,True,True,0.22581863306819874,0.5848020009181865,0.0,0.0,0.0,0.0,0.043324157813846104
BMM,Laboratory,mel5,Subsurface,0.0,0.05122069521624205,0.1641022219841566,0.27681807067318115,0.498317928274069,0.25,True,True,0.2255973754569391,0.498317928274069,0.0,0.0,0.0,0.0,0.055366365711671944
BMM,Laboratory,mel50,Cropland,0.0,0.03534647477491227,0.21315427483061838,0.39941125299083113,0.7377129405947511,0.1,True,True,0.36406477821591887,0.7377129405947511,0.0,0.0,0.0,0.0,0.07952239319878283
BMM,Laboratory,mel50,Decontaminated,0.0,0.19333760983072074,0.35454884157668376,0.5141007296560233,0.7960872211779012,0.3,True,True,0.32076311982530253,0.7960872211779012,0.0,0.0,0.0,0.0,0.06020470429816324
BMM,Laboratory,mel50,Forest,0.0,0.10640222834943631,0.21706490568207482,0.3305658629629198,0.5919084481582542,0.3,True,True,0.2241636346134835,0.5919084481582542,0.0,0.0,0.0,0.0,0.05463257760709882
BMM,Laboratory,mel50,Subsurface,0.0,0.03455565587344049,0.1420490957741284,0.2584662926332459,0.4784089240358999,0.3,False,True,0.22391063675980538,0.4784089240358999,-0.0415337073667541,0.0,0.0415337073667541,0.0,0.0907596274159687
BMM,Laboratory,mel51,Cropland,0.0,0.10613071770857288,0.29106026980101385,0.46791481929506185,0.7859346467377871,0.3,True,True,0.361784101586489,0.7859346467377871,0.0,0.0,0.0,0.0,0.061381684652629
BMM,Laboratory,mel51,Decontaminated,0.0,0.27099658527094517,0.43905620708014664,0.6003652678202127,0.860523222912482,0.3,True,True,0.32936868254926754,0.860523222912482,0.0,0.0,0.0,0.0,0.08793429738939376
BMM,Laboratory,mel51,Forest,0.0,1.5612511283791264e-17,0.07472774983757986,0.19021031550092543,0.43842718511872775,0.1,True,True,0.1902103155009254,0.43842718511872775,0.0,0.0,0.0,0.0,0.03457979521031662
BMM,Laboratory,mel51,Subsurface,0.0,0.01729435537714175,0.12365461326860377,0.23150753720179898,0.48159216503229973,0.3,False,True,0.21421318182465723,0.48159216503229973,-0.06849246279820101,0.0,0.06849246279820101,0.0,0.10560654645595254
BMM,Laboratory,mel52,Cropland,0.0,0.06351790225639274,0.24169885966385804,0.4210859170377962,0.7619622348803309,0.2,True,True,0.35756801478140343,0.7619622348803309,0.0,0.0,0.0,0.0,0.06158160346161867
BMM,Laboratory,mel52,Decontaminated,0.0,0.23061206889663827,0.39369730890712296,0.551008382405396,0.8246061555508609,0.2,False,True,0.3203963135087577,0.8246061555508609,0.030612068896638256,0.0,0.030612068896638256,0.0,0.1140315158677212
BMM,Laboratory,mel52,Forest,0.0,0.026558279415595683,0.13454169404641628,0.25352578467030423,0.4929045798117632,0.2,True,True,0.22696750525470855,0.4929045798117632,0.0,0.0,0.0,0.0,0.046974762056308184
BMM,Laboratory,mel52,Subsurface,0.0,0.055583622210804526,0.16433966968237623,0.2750394192270979,0.49104927631455336,0.4,False,True,0.21945579701629336,0.49104927631455336,-0.12496058077290212,0.0,0.12496058077290212,0.0,0.15388061047626495
BMM,Laboratory,mel53,Cropland,0.0,0.11162104828514441,0.2956499845631383,0.46847423061064625,0.8120631215393518,0.2,True,True,0.35685318232550184,0.8120631215393518,0.0,0.0,0.0,0.0,0.07363825958679973
BMM,Laboratory,mel53,Decontaminated,0.0,0.2863351857121842,0.45575612406418775,0.6088325868715407,0.8947082042004363,0.4,True,True,0.32249740115935654,0.8947082042004363,0.0,0.0,0.0,0.0,0.06139156257885503
BMM,Laboratory,mel53,Forest,0.0,4.79882892425127e-17,0.09624692427724643,0.21470355962252954,0.43689712697896665,0.2,True,True,0.2147035596225295,0.43689712697896665,0.0,0.0,0.0,0.0,0.058441997359297004
BMM,Laboratory,mel53,Subsurface,0.0,2.949029907787323e-17,0.08696663029075721,0.1966022682046478,0.40851048157411773,0.2,False,True,0.19660226820464777,0.40851048157411773,-0.0033977317953522157,0.0,0.0033977317953522157,0.0,0.0634443256977396
BMM,Laboratory,mel54,Cropland,0.0,0.17030314727672186,0.3406206728105924,0.5130472738835361,0.8231833221001021,0.4,True,True,0.34274412660681425,0.8231833221001021,0.0,0.0,0.0,0.0,0.06438423938197108
BMM,Laboratory,mel54,Decontaminated,0.0,0.22279595029376192,0.37496457493876467,0.5365501599407575,0.8426021597662304,0.2,False,True,0.3137542096469956,0.8426021597662304,0.022795950293761913,0.0,0.022795950293761913,0.0,0.10674178515204572
BMM,Laboratory,mel54,Forest,0.0,0.029225370534894837,0.13542026535983448,0.25392685987869273,0.5041651923673123,0.2,True,True,0.2247014893437979,0.5041651923673123,0.0,0.0,0.0,0.0,0.04599884336811021
BMM,Laboratory,mel54,Subsurface,0.0,1.726591949989643e-17,0.07452213406529692,0.18221128160302183,0.3852938849498297,0.2,False,True,0.1822112816030218,0.3852938849498297,-0.01778871839697818,0.0,0.01778871839697818,0.0,0.06964200056373841
BMM,Laboratory,mel55,Cropland,0.0,0.1498148492254205,0.3388707495312383,0.5367863700004604,0.8675634303080274,0.2,True,True,0.3869715207750399,0.8675634303080274,0.0,0.0,0.0,0.0,0.09204194506484997
BMM,Laboratory,mel55,Decontaminated,0.0,0.1885555651569856,0.3628106653058137,0.534904504116525,0.8773412759716437,0.2,True,True,0.34634893895953944,0.8773412759716437,0.0,0.0,0.0,0.0,0.10037553683670652
BMM,Laboratory,mel55,Forest,0.0,0.07259732873959965,0.2065765009693316,0.3235171671837739,0.5976216673852757,0.4,False,True,0.2509198384441742,0.5976216673852757,-0.07648283281622614,0.0,0.07648283281622614,0.0,0.11872970902277553
BMM,Laboratory,mel55,Subsurface,0.0,8.673617379884059e-19,1.1072414645795418e-16,0.09899043486104306,0.3018156094095051,0.2,False,True,0.09899043486104306,0.3018156094095051,-0.10100956513895695,0.0,0.10100956513895695,0.0,0.11236516141398964
BMM,Laboratory,mel56,Cropland,0.0,0.06750818397340325,0.255831876286958,0.42181371560187825,0.7749453356918932,0.15,True,True,0.354305531628475,0.7749453356918932,0.0,0.0,0.0,0.0,0.07472540430113411
BMM,Laboratory,mel56,Decontaminated,0.0,0.1703146258292039,0.3432055944202372,0.5039048010388472,0.8277140927512618,0.15,False,True,0.3335901752096433,0.8277140927512618,0.020314625829203903,0.0,0.020314625829203903,0.0,0.1126241826333409
BMM,Laboratory,mel56,Forest,0.0,1.984089975648473e-17,0.08204542842441284,0.19402253727655971,0.462802859348903,0.15,True,True,0.1940225372765597,0.462802859348903,0.0,0.0,0.0,0.0,0.04475906197531476
BMM,Laboratory,mel56,Subsurface,0.0,0.12899797962463685,0.24864062955396748,0.37918477088239955,0.6172734852162923,0.55,False,True,0.25018679125776266,0.6172734852162923,-0.1708152291176005,0.0,0.1708152291176005,0.0,0.19934259190326178
BMM,Laboratory,mel57,Cropland,0.0,0.08328329983584769,0.2791311411602262,0.4719303578029434,0.8094997120299467,0.15,True,True,0.3886470579670957,0.8094997120299467,0.0,0.0,0.0,0.0,0.0871555703017654
BMM,Laboratory,mel57,Decontaminated,3.646985057698116e-18,0.3112281270246173,0.4838146351883822,0.6551690739202092,0.9063860600159928,0.55,True,True,0.3439409468955919,0.9063860600159928,0.0,0.0,0.0,0.0,0.0660354259228387
BMM,Laboratory,mel57,Forest,0.0,1.630058427685235e-17,0.06902808876598772,0.18504294135644916,0.44121798647779714,0.15,True,True,0.18504294135644914,0.44121798647779714,0.0,0.0,0.0,0.0,0.04734628316630336
BMM,Laboratory,mel57,Subsurface,0.0,2.0934666819707103e-17,0.08152685195584097,0.1860299201625625,0.42930933855284736,0.15,True,True,0.18602992016256248,0.42930933855284736,0.0,0.0,0.0,0.0,0.04468067069418254
BMM,Laboratory,mel58,Cropland,0.0,0.17234037008487177,0.368820544741435,0.5394234017288941,0.8302102483375762,0.55,False,True,0.36708303164402234,0.8302102483375762,-0.010576598271105908,0.0,0.010576598271105908,0.0,0.11274003810622299
BMM,Laboratory,mel58,Decontaminated,0.0,0.1832418259528475,0.34696211939743543,0.5191089607057605,0.8225714416508022,0.15,False,True,0.335867134752913,0.8225714416508022,0.0332418259528475,0.0,0.0332418259528475,0.0,0.11783100463605478
BMM,Laboratory,mel58,Forest,0.0,0.04911773439449009,0.15767856890940005,0.2667780585509054,0.5153950802355158,0.15,True,True,0.21766032415641534,0.5153950802355158,0.0,0.0,0.0,0.0,0.03685064058899479
BMM,Laboratory,mel58,Subsurface,0.0,1.5554240726198123e-17,0.07068478244461232,0.17844972696516923,0.3867724957526741,0.15,True,True,0.1784497269651692,0.3867724957526741,0.0,0.0,0.0,0.0,0.04613666550738006
BMM,Laboratory,mel59,Cropland,0.0,0.015575793883162027,0.23681036255520801,0.43251072250725603,0.7917191653744949,0.15,True,True,0.416934928624094,0.7917191653744949,0.0,0.0,0.0,0.0,0.07552583383570205
BMM,Laboratory,mel59,Decontaminated,0.0,6.289727853131533e-17,0.16659401233102467,0.3625085144912127,0.7220225022617937,0.15,True,True,0.36250851449121263,0.7220225022617937,0.0,0.0,0.0,0.0,0.058977657043514875
BMM,Laboratory,mel59,Forest,2.1043322784554265e-17,0.2646200463464608,0.39515487275476535,0.5230487620469098,0.8094979352477137,0.55,False,True,0.25842871570044895,0.8094979352477137,-0.02695123795309029,0.0,0.02695123795309029,0.0,0.09290567486378175
BMM,Laboratory,mel59,Subsurface,0.0,3.859759734048396e-17,0.09614863250452682,0.2029692317771618,0.4225996064537424,0.15,True,True,0.20296923177716178,0.4225996064537424,0.0,0.0,0.0,0.0,0.041182160221927194
BMM,Laboratory,mel6,Cropland,0.0,6.938893903907228e-18,0.05468029026355538,0.2575399398037272,0.6941752287759784,0.0,False,True,0.2575399398037272,0.6941752287759784,6.938893903907228e-18,0.0,6.938893903907228e-18,0.0,0.051295662819232715
BMM,Laboratory,mel6,Decontaminated,0.0,0.2088876960580529,0.40665457126220383,0.5804119604121427,0.8689483562166042,0.125,False,True,0.3715242643540898,0.8689483562166042,0.08388769605805291,0.0,0.08388769605805291,0.0,0.16405854661953592
BMM,Laboratory,mel6,Forest,0.0,0.0,3.1008182133085427e-17,0.061683194215484974,0.37631427891065766,0.0,True,True,0.061683194215484974,0.37631427891065766,0.0,0.0,0.0,0.0,0.010719492002382792
BMM,Laboratory,mel6,Subsurface,3.138223188259293e-17,0.2422854434384789,0.3868560969055571,0.5493801588882756,0.8428447537020345,0.875,False,False,0.3070947154497967,0.8428447537020345,-0.3256198411117244,-0.03215524629796551,0.3256198411117244,0.03215524629796551,0.3575245533967053
BMM,Laboratory,mel60,Cropland,0.0,6.446937168141931e-17,0.1650945800453263,0.3532176180169291,0.719816522067606,0.1,True,True,0.353217618016929,0.719816522067606,0.0,0.0,0.0,0.0,0.06373281295194663
BMM,Laboratory,mel60,Decontaminated,0.0,0.15477850118660083,0.3265877242828563,0.49186896291010984,0.8466598037860744,0.1,False,True,0.337090461723509,0.8466598037860744,0.054778501186600825,0.0,0.054778501186600825,0.0,0.13449671224264007
BMM,Laboratory,mel60,Forest,0.0,9.266540442962046e-18,0.05777630780948846,0.18699595483129838,0.46179397594210997,0.1,True,True,0.18699595483129838,0.46179397594210997,0.0,0.0,0.0,0.0,0.03755224790053316
BMM,Laboratory,mel60,Subsurface,9.46779547122967e-18,0.19653330062499574,0.3252013959550606,0.4714772715067251,0.7456632591893554,0.7,False,True,0.27494397088172934,0.7456632591893554,-0.22852272849327487,0.0,0.22852272849327487,0.0,0.25545005886131944
BMM,Laboratory,mel61,Cropland,0.0,1.629934996761615e-16,0.19969078687865008,0.4026865048961122,0.8174001672999108,0.1,True,True,0.402686504896112,0.8174001672999108,0.0,0.0,0.0,0.0,0.07712855805829735
BMM,Laboratory,mel61,Decontaminated,0.0,0.38354432554049434,0.5632709531878546,0.7159267326524477,0.959270575199651,0.7,True,True,0.3323824071119533,0.959270575199651,0.0,0.0,0.0,0.0,0.08974713587124938
BMM,Laboratory,mel61,Forest,0.0,1.305108365129426e-17,0.07062767515860222,0.18802862239521123,0.44781940795650316,0.1,True,True,0.18802862239521123,0.44781940795650316,0.0,0.0,0.0,0.0,0.03594998568751251
BMM,Laboratory,mel61,Subsurface,0.0,1.2034644114589099e-17,0.058236604247552504,0.17245543580300832,0.4362377491117778,0.1,True,True,0.17245543580300832,0.4362377491117778,0.0,0.0,0.0,0.0,0.03563636532923169
BMM,Laboratory,mel62,Cropland,0.0,0.21365702434230266,0.4002572932410243,0.5745703011700365,0.8559411622643933,0.7,False,True,0.36091327682773383,0.8559411622643933,-0.12542969882996347,0.0,0.12542969882996347,0.0,0.18881826846098382
BMM,Laboratory,mel62,Decontaminated,0.0,0.1461715993801176,0.31311816764555245,0.4775944512992653,0.8005257994538852,0.1,False,True,0.3314228519191477,0.8005257994538852,0.046171599380117584,0.0,0.046171599380117584,0.0,0.12604081787891336
BMM,Laboratory,mel62,Forest,0.0,0.04254853201703837,0.1643705007460589,0.2808510723791324,0.5472827622830844,0.1,True,True,0.23830254036209406,0.5472827622830844,0.0,0.0,0.0,0.0,0.04922530880026295
BMM,Laboratory,mel62,Subsurface,0.0,8.673617379884035e-18,0.058383177542236944,0.1680527640138267,0.37704435142968806,0.1,True,True,0.1680527640138267,0.37704435142968806,0.0,0.0,0.0,0.0,0.033931798090998576
BMM,Laboratory,mel63,Cropland,0.0,0.006452442422966042,0.2364123185239948,0.44053169580261897,0.8379241408399376,0.1,True,True,0.4340792533796529,0.8379241408399376,0.0,0.0,0.0,0.0,0.09256481744228362
BMM,Laboratory,mel63,Decontaminated,0.0,0.008724923271728604,0.20108735584176685,0.3901808433604535,0.7315638354596652,0.1,True,True,0.3814559200887249,0.7315638354596652,0.0,0.0,0.0,0.0,0.07563287436360155
BMM,Laboratory,mel63,Forest,0.0,0.2845182933122177,0.425356766871655,0.5567501891750151,0.8423862816934002,0.7,False,True,0.2722318958627974,0.8423862816934002,-0.1432498108249849,0.0,0.1432498108249849,0.0,0.18121352895561552
BMM,Laboratory,mel63,Subsurface,0.0,8.6736147464771e-19,1.4403625861469926e-16,0.11200499723480178,0.3408844279210916,0.1,True,True,0.11200499723480178,0.3408844279210916,0.0,0.0,0.0,0.0,0.044060988318397096
BMM,Laboratory,mel64,Cropland,0.0,2.5370330836160804e-17,0.1309621194730662,0.3367784106976743,0.7280706817817126,0.05,True,True,0.3367784106976743,0.7280706817817126,0.0,0.0,0.0,0.0,0.0679710185880712
BMM,Laboratory,mel64,Decontaminated,0.0,0.10904741658373371,0.30482045796934304,0.4867646443874121,0.8192338804491301,0.05,False,True,0.37771722780367845,0.8192338804491301,0.059047416583733706,0.0,0.059047416583733706,0.0,0.14795943127620112
BMM,Laboratory,mel64,Forest,0.0,0.0,4.027811070783649e-17,0.09680449041619033,0.4363747501544806,0.05,True,True,0.09680449041619033,0.4363747501544806,0.0,0.0,0.0,0.0,0.029567962712742396
BMM,Laboratory,mel64,Subsurface,1.1593653442407307e-17,0.26159507642873636,0.41210548032240074,0.5740732526373888,0.839705158410189,0.85,False,False,0.3124781762086525,0.839705158410189,-0.27592674736261114,-0.010294841589810977,0.27592674736261114,0.010294841589810977,0.31236810874344434
BMM,Laboratory,mel65,Cropland,0.0,6.976549282698261e-17,0.18216470833464293,0.38573806611991834,0.8237666739883583,0.05,True,True,0.3857380661199183,0.8237666739883583,0.0,0.0,0.0,0.0,0.08613817348322025
BMM,Laboratory,mel65,Decontaminated,3.241764495731659e-18,0.43508967099938817,0.6131664859875727,0.7719704494686123,0.9999999999999999,0.85,False,True,0.3368807784692241,0.9999999999999999,-0.07802955053138771,0.0,0.07802955053138771,0.0,0.14652285395735193
BMM,Laboratory,mel65,Forest,0.0,2.358139725155972e-18,0.002498427982797221,0.14805155815053156,0.43270876760289606,0.05,True,True,0.14805155815053156,0.43270876760289606,0.0,0.0,0.0,0.0,0.029379039601768298
BMM,Laboratory,mel65,Subsurface,0.0,7.588396537688987e-18,0.037674707991754375,0.1555039597746377,0.4140740102678668,0.05,True,True,0.1555039597746377,0.4140740102678668,0.0,0.0,0.0,0.0,0.029075729587434575
BMM,Laboratory,mel66,Cropland,0.0,0.24954443777740215,0.4499585187633946,0.625381770814295,0.9055808845802731,0.85,False,True,0.3758373330368929,0.9055808845802731,-0.22461822918570495,0.0,0.22461822918570495,0.0,0.2748067201108304
BMM,Laboratory,mel66,Decontaminated,0.0,0.12284148389849023,0.31315507923049357,0.5010687394361918,0.8409377412883949,0.05,False,True,0.37822725553770153,0.8409377412883949,0.07284148389849023,0.0,0.07284148389849023,0.0,0.15610441120830643
BMM,Laboratory,mel66,Forest,0.0,0.01928252429234953,0.13771717982775003,0.2564082989552999,0.5119296130940686,0.05,True,True,0.23712577466295034,0.5119296130940686,0.0,0.0,0.0,0.0,0.05558470800919382
BMM,Laboratory,mel66,Subsurface,0.0,1.5043305143236372e-18,0.012155690848293606,0.12263559558356418,0.34533033933399415,0.05,True,True,0.12263559558356418,0.34533033933399415,0.0,0.0,0.0,0.0,0.025582071722501515
BMM,Laboratory,mel67,Cropland,0.0,9.142713211037017e-17,0.21218055490184484,0.4196319549450918,0.868207122477669,0.05,True,True,0.4196319549450917,0.868207122477669,0.0,0.0,0.0,0.0,0.09889287997186011
BMM,Laboratory,mel67,Decontaminated,0.0,2.868296292974164e-17,0.12796355670362125,0.3493198967343178,0.755779257545488,0.05,True,True,0.34931989673431774,0.755779257545488,0.0,0.0,0.0,0.0,0.06797822627880246
BMM,Laboratory,mel67,Forest,1.3435155912615613e-17,0.34090362014573294,0.49758202969641563,0.6384351113035093,0.9193911090801574,0.85,False,True,0.29753149115777633,0.9193911090801574,-0.2115648886964907,0.0,0.2115648886964907,0.0,0.24378991686157198
BMM,Laboratory,mel67,Subsurface,0.0,0.0,5.204170427930421e-17,0.08413964895849992,0.3291764135108119,0.05,True,True,0.08413964895849992,0.3291764135108119,0.0,0.0,0.0,0.0,0.02654247471256991
BMM,Laboratory,mel68,Cropland,0.0,3.2382480967351346e-17,0.1390041855685722,0.3308509963212304,0.6969449840430517,0.1,True,True,0.33085099632123033,0.6969449840430517,0.0,0.0,0.0,0.0,0.05835384752475853
BMM,Laboratory,mel68,Decontaminated,0.0,0.18757027959529696,0.3683829560666584,0.5381116951156657,0.8544232449412168,0.2,True,True,0.35054141552036877,0.8544232449412168,0.0,0.0,0.0,0.0,0.10368201753460202
BMM,Laboratory,mel68,Forest,0.0,0.0,3.3772897672923463e-17,0.08844454177175401,0.41421435454708444,0.0,True,True,0.08844454177175401,0.41421435454708444,0.0,0.0,0.0,0.0,0.01401008353811136
BMM,Laboratory,mel68,Subsurface,2.435660180488686e-17,0.2206637157525773,0.3635213548958528,0.5157402855345983,0.7816928758753016,0.7,False,True,0.295076569782021,0.7816928758753016,-0.18425971446540168,0.0,0.18425971446540168,0.0,0.2222418205388384
BMM,Laboratory,mel69,Cropland,0.0,0.04354423986846253,0.23687230619855518,0.4249469342436193,0.8047802012683823,0.2,True,True,0.3814026943751568,0.8047802012683823,0.0,0.0,0.0,0.0,0.06405517622510604
BMM,Laboratory,mel69,Decontaminated,0.0,0.3741901615041967,0.5464498563069318,0.7188553336738909,0.9775958028282148,0.7,True,True,0.34466517216969417,0.9775958028282148,0.0,0.0,0.0,0.0,0.09731618671044312
BMM,Laboratory,mel69,Forest,0.0,3.3610267347050637e-18,0.011841021956682178,0.1262820426845021,0.39228972276907603,0.0,False,True,0.1262820426845021,0.39228972276907603,3.3610267347050637e-18,0.0,3.3610267347050637e-18,0.0,0.02310429471713047
BMM,Laboratory,mel69,Subsurface,0.0,4.054916102316009e-17,0.09058031008488328,0.20646169826479865,0.46957592088698746,0.1,True,True,0.20646169826479863,0.46957592088698746,0.0,0.0,0.0,0.0,0.03482660070292354
BMM,Laboratory,mel70,Cropland,0.0,0.16855357397177,0.3657679381230412,0.5289734213699243,0.8221097965592956,0.7,False,True,0.3604198473981543,0.8221097965592956,-0.17102657863007564,0.0,0.17102657863007564,0.0,0.22120647778376518
BMM,Laboratory,mel70,Decontaminated,0.0,0.08524728895461449,0.2493547920752862,0.41852077188329967,0.763529773463413,0.1,True,True,0.3332734829286852,0.763529773463413,0.0,0.0,0.0,0.0,0.09281240414161038
BMM,Laboratory,mel70,Forest,0.0,0.05931542807864378,0.18192792972596056,0.30197902973010377,0.560480062821618,0.0,False,True,0.24266360165145998,0.560480062821618,0.05931542807864378,0.0,0.05931542807864378,0.0,0.1084478323364744
BMM,Laboratory,mel70,Subsurface,0.0,0.04424058597800572,0.15611514906431134,0.26689716554490056,0.47820249656292174,0.2,True,True,0.22265657956689483,0.47820249656292174,0.0,0.0,0.0,0.0,0.0419551880191802
BMM,Laboratory,mel71,Cropland,0.0,0.04575680453137064,0.24255289142828812,0.4342127774303612,0.7928449866018569,0.2,True,True,0.38845597289899053,0.7928449866018569,0.0,0.0,0.0,0.0,0.06599225999096753
BMM,Laboratory,mel71,Decontaminated,1.0299920638612323e-19,0.3204137326275014,0.5028722140560649,0.6567036204939635,0.9337917674235163,0.7,False,True,0.3362898878664621,0.9337917674235163,-0.043296379506036486,0.0,0.043296379506036486,0.0,0.12172173510279613
BMM,Laboratory,mel71,Forest,0.0,7.543336615067897e-17,0.11745799007520377,0.23130690132976572,0.4838132298680071,0.1,True,True,0.23130690132976564,0.4838132298680071,0.0,0.0,0.0,0.0,0.03700456788449821
BMM,Laboratory,mel71,Subsurface,0.0,1.088267946313618e-17,0.05290265165077136,0.1593338463619306,0.3979755143369965,0.0,False,True,0.1593338463619306,0.3979755143369965,1.088267946313618e-17,0.0,1.088267946313618e-17,0.0,0.03606122930655216
BMM,Laboratory,mel72,Cropland,0.0,0.14860923717050073,0.3526044034204355,0.5333548525027247,0.8340883289392503,0.7,False,True,0.384745615332224,0.8340883289392503,-0.16664514749727521,0.0,0.16664514749727521,0.0,0.22749199987452448
BMM,Laboratory,mel72,Decontaminated,0.0,0.05479568036042032,0.24769711062488048,0.42556663374351256,0.7545673437063749,0.1,True,True,0.37077095338309224,0.7545673437063749,0.0,0.0,0.0,0.0,0.09108721990451202
BMM,Laboratory,mel72,Forest,0.0,0.17245278124097768,0.29242283033975414,0.42137238030256374,0.6895417626396608,0.2,True,True,0.24891959906158606,0.6895417626396608,0.0,0.0,0.0,0.0,0.06164476908808923
BMM,Laboratory,mel72,Subsurface,0.0,2.4936649967166602e-18,0.029016192939354882,0.1373331011708164,0.35238251149846533,0.0,False,True,0.1373331011708164,0.35238251149846533,2.4936649967166602e-18,0.0,2.4936649967166602e-18,0.0,0.02719666626451582
BMM,Laboratory,mel73,Cropland,0.0,1.6668397118033922e-16,0.21798978684182818,0.44291226021545244,0.8342929734984552,0.1,True,True,0.44291226021545227,0.8342929734984552,0.0,0.0,0.0,0.0,0.0872155971396619
BMM,Laboratory,mel73,Decontaminated,0.0,0.0002164559230095871,0.19178853412426472,0.38824489809556384,0.7493452751049728,0.2,True,True,0.3880284421725543,0.7493452751049728,0.0,0.0,0.0,0.0,0.060276959089035714
BMM,Laboratory,mel73,Forest,3.661035495206779e-18,0.30953416904794434,0.4535789206052898,0.5873971610128954,0.8880175941997167,0.7,False,True,0.27786299196495107,0.8880175941997167,-0.11260283898710455,0.0,0.11260283898710455,0.0,0.1573426100259247
BMM,Laboratory,mel73,Subsurface,0.0,0.0,5.0090140368830305e-17,0.0786263686540873,0.32705880638072105,0.0,True,True,0.0786263686540873,0.32705880638072105,0.0,0.0,0.0,0.0,0.012675820686401593
BMM,Laboratory,mel74,Cropland,0.0,0.03557026227638627,0.2386377507838492,0.41279975651056855,0.7377605359431594,0.2,True,True,0.3772294942341823,0.7377605359431594,0.0,0.0,0.0,0.0,0.0631717236318894
BMM,Laboratory,mel74,Decontaminated,0.0,0.10877248567622722,0.26749905050282474,0.43588821145896184,0.7805269636041361,0.0,False,True,0.3271157257827346,0.7805269636041361,0.10877248567622722,0.0,0.10877248567622722,0.0,0.16359566307982998
BMM,Laboratory,mel74,Forest,0.0,1.939366636033446e-17,0.08135817367025117,0.21421152853802194,0.4956204236983646,0.1,True,True,0.21421152853802192,0.4956204236983646,0.0,0.0,0.0,0.0,0.03843066536681759
BMM,Laboratory,mel74,Subsurface,0.0,0.17940130570069612,0.31973707241145544,0.45047860419218577,0.6808844599254873,0.7,False,False,0.27107729849148965,0.6808844599254873,-0.24952139580781418,-0.01911554007451266,0.24952139580781418,0.01911554007451266,0.2753412963278725
BMM,Laboratory,mel75,Cropland,0.0,0.2459159019589496,0.43292672770999985,0.601807043797336,0.8843869153903862,0.7,False,True,0.3558911418383863,0.8843869153903862,-0.098192956202664,0.0,0.098192956202664,0.0,0.1648186274803929
BMM,Laboratory,mel75,Decontaminated,0.0,0.06109754567510615,0.2522466839717348,0.44115528569352125,0.7945424786525502,0.0,False,True,0.3800577400184151,0.7945424786525502,0.06109754567510615,0.0,0.06109754567510615,0.0,0.1468937566483058
BMM,Laboratory,mel75,Forest,0.0,0.07913336455254202,0.19857803624441736,0.31639482407865344,0.5847797019365047,0.2,True,True,0.2372614595261114,0.5847797019365047,0.0,0.0,0.0,0.0,0.040897497346685546
BMM,Laboratory,mel75,Subsurface,0.0,3.252606517456514e-18,0.02670592459081749,0.13878311982102084,0.3739093663262653,0.1,True,True,0.13878311982102084,0.3739093663262653,0.0,0.0,0.0,0.0,0.037942021730860864
BMM,Laboratory,mel76,Cropland,0.0,0.019942909536929967,0.22824778590182637,0.4267667862635094,0.8001271951907234,0.1,True,True,0.40682387672657944,0.8001271951907234,0.0,0.0,0.0,0.0,0.0866521991559148
BMM,Laboratory,mel76,Decontaminated,0.0,5.831652435256407e-17,0.1692203541288255,0.3646356277742009,0.7183947661167227,0.0,False,True,0.36463562777420083,0.7183947661167227,5.831652435256407e-17,0.0,5.831652435256407e-17,0.0,0.09832586018109003
BMM,Laboratory,mel76,Forest,6.62583052660204e-18,0.28531906411487784,0.41462320498276767,0.5406956106869587,0.822901041503353,0.7,False,True,0.25537654657208086,0.822901041503353,-0.15930438931304125,0.0,0.15930438931304125,0.0,0.19031286626340688
BMM,Laboratory,mel76,Subsurface,0.0,1.0408340855860843e-17,0.06586881267929182,0.17996035151070294,0.40641523283217995,0.2,False,True,0.17996035151070294,0.40641523283217995,-0.02003964848929707,0.0,0.02003964848929707,0.0,0.07270839007869377
BMM,Laboratory,mel77,Cropland,0.0,2.7254132110854368e-17,0.13393501368289523,0.33327957548514214,0.7257206724366994,0.0,False,True,0.33327957548514214,0.7257206724366994,2.7254132110854368e-17,0.0,2.7254132110854368e-17,0.0,0.08220777397797543
BMM,Laboratory,mel77,Decontaminated,0.0,0.2188217703358064,0.399842574371392,0.5585381840821619,0.8485449282960962,0.2,False,True,0.33971641374635553,0.8485449282960962,0.018821770335806398,0.0,0.018821770335806398,0.0,0.11621066080977324
BMM,Laboratory,mel77,Forest,0.0,2.47587730482432e-18,0.01275169774847513,0.13154217726644266,0.420703661684476,0.1,True,True,0.13154217726644266,0.420703661684476,0.0,0.0,0.0,0.0,0.04099424834167216
BMM,Laboratory,mel77,Subsurface,1.734723475976807e-18,0.18518991563085485,0.3224912681337898,0.46100119797099026,0.7143987684930759,0.7,False,True,0.2758112823401354,0.7143987684930759,-0.2389988020290097,0.0,0.2389988020290097,0.0,0.26821540350656653
BMM,Laboratory,mel78,Cropland,0.0,0.004377009306865803,0.21623790640676732,0.40261839836397445,0.8051486929231269,0.0,False,True,0.39824138905710865,0.8051486929231269,0.004377009306865803,0.0,0.004377009306865803,0.0,0.12182990011303699
BMM,Laboratory,mel78,Decontaminated,9.170565203390368e-19,0.34973222239581636,0.5203891760478514,0.6732379129616199,0.9414644380711353,0.7,False,True,0.3235056905658036,0.9414644380711353,-0.02676208703838001,0.0,0.02676208703838001,0.0,0.11119722951185873
BMM,Laboratory,mel78,Forest,0.0,3.8439188176669755e-17,0.10498176388435596,0.22246249034949445,0.47626147853978773,0.2,True,True,0.22246249034949442,0.47626147853978773,0.0,0.0,0.0,0.0,0.056949270243820974
BMM,Laboratory,mel78,Subsurface,0.0,1.9041300654276678e-17,0.06965744034022847,0.17871475164718698,0.43131201587826373,0.1,True,True,0.17871475164718695,0.43131201587826373,0.0,0.0,0.0,0.0,0.033058802937515105
BMM,Laboratory,mel79,Cropland,0.0,1.179069862577986e-17,0.08506353528981056,0.3083337770193187,0.7624702122432923,0.0,False,True,0.3083337770193187,0.7624702122432923,1.179069862577986e-17,0.0,1.179069862577986e-17,0.0,0.06496573572502824
BMM,Laboratory,mel79,Decontaminated,0.0,6.938893903907228e-18,0.05678793315450921,0.25338771640402835,0.6306282637216146,0.1,True,True,0.25338771640402835,0.6306282637216146,0.0,0.0,0.0,0.0,0.04922579045198226
BMM,Laboratory,mel79,Forest,0.0012190295209960418,0.3783586987064838,0.5218128249509724,0.6496314984224425,0.9174510543634423,0.7,False,True,0.2712727997159587,0.9162320248424463,-0.050368501577557456,0.0,0.050368501577557456,0.0,0.11057219156897992
BMM,Laboratory,mel79,Subsurface,0.0,2.1925278433088113e-16,0.1418051037747608,0.27601108637120586,0.4966332368464028,0.2,True,True,0.27601108637120564,0.4966332368464028,0.0,0.0,0.0,0.0,0.04981636225418028
BMM,Laboratory,mel8,Cropland,0.0,1.3877787807814457e-17,0.09102144559746247,0.29934861789965606,0.7160936521867474,0.0,False,True,0.29934861789965606,0.7160936521867474,1.3877787807814457e-17,0.0,1.3877787807814457e-17,0.0,0.06606454966750087
BMM,Laboratory,mel8,Decontaminated,0.0,0.31710819476503815,0.5072014676170802,0.6641856467061721,0.9356257828024258,0.375,True,True,0.34707745194113393,0.9356257828024258,0.0,0.0,0.0,0.0,0.08773923849492718
BMM,Laboratory,mel8,Forest,0.0,0.0,2.3093506273941244e-17,0.04811458274841645,0.371762166962583,0.0,True,True,0.04811458274841645,0.371762166962583,0.0,0.0,0.0,0.0,0.008493063133800736
BMM,Laboratory,mel8,Subsurface,0.0,0.14060406703607187,0.2782612631590389,0.4205289608683782,0.7095761023757098,0.625,False,True,0.27992489383230634,0.7095761023757098,-0.2044710391316218,0.0,0.2044710391316218,0.0,0.23381713329815607
BMM,Laboratory,mel80,Cropland,0.0,5.836057006582129e-18,0.04812524861207408,0.2578758612912719,0.6333854202404355,0.0,False,True,0.2578758612912719,0.6333854202404355,5.836057006582129e-18,0.0,5.836057006582129e-18,0.0,0.050358739016155965
BMM,Laboratory,mel80,Decontaminated,0.0,0.09828792612651234,0.30067361914371704,0.4839052505274933,0.7964917341828756,0.1,True,True,0.38561732440098095,0.7964917341828756,0.0,0.0,0.0,0.0,0.11926297099599995
BMM,Laboratory,mel80,Forest,0.0,0.0,6.182662888598589e-17,0.11847568271946533,0.4365078368604466,0.0,True,True,0.11847568271946533,0.4365078368604466,0.0,0.0,0.0,0.0,0.019103828200571833
BMM,Laboratory,mel80,Subsurface,0.004182026562763734,0.27978907999849834,0.4608555436714923,0.6295661805009731,0.8922760502928276,0.9,False,False,0.3497771005024748,0.8880940237300639,-0.2704338194990269,-0.007723949707172384,0.2704338194990269,0.007723949707172384,0.31242885302880513
BMM,Laboratory,mel81,Cropland,0.0,1.2056666971217711e-17,0.08046261039972925,0.3210978568744854,0.8138684193510038,0.0,False,True,0.3210978568744854,0.8138684193510038,1.2056666971217711e-17,0.0,1.2056666971217711e-17,0.0,0.06675585086995428
BMM,Laboratory,mel81,Decontaminated,0.0,0.4534534611693343,0.6462386975456896,0.7968613460112587,1.0,0.9,False,True,0.34340788484192436,1.0,-0.10313865398874134,0.0,0.10313865398874134,0.0,0.16396006113382344
BMM,Laboratory,mel81,Forest,0.0,1.0963819384680645e-18,1.9866269557491691e-16,0.12671633733292215,0.3977831277435694,0.0,False,True,0.12671633733292215,0.3977831277435694,1.0963819384680645e-18,0.0,1.0963819384680645e-18,0.0,0.022305857438875296
BMM,Laboratory,mel81,Subsurface,0.0,3.001935475095558e-17,0.08774584510175656,0.21634754121024008,0.4976397546642126,0.1,True,True,0.21634754121024005,0.4976397546642126,0.0,0.0,0.0,0.0,0.037098555307909745
BMM,Laboratory,mel82,Cropland,0.0,1.4040418133687282e-17,0.09628600784388733,0.29763888665821314,0.6901362116014395,0.1,True,True,0.29763888665821314,0.6901362116014395,0.0,0.0,0.0,0.0,0.05616310311595306
BMM,Laboratory,mel82,Decontaminated,0.0,0.01754040670751319,0.22068022705917018,0.3932713481764072,0.7817543800899889,0.0,False,True,0.375730941468894,0.7817543800899889,0.01754040670751319,0.0,0.01754040670751319,0.0,0.12304412056785202
BMM,Laboratory,mel82,Forest,0.0,2.0202382415729145e-18,0.0072002473521900045,0.15166817803908114,0.4743684452643706,0.0,False,True,0.15166817803908114,0.4743684452643706,2.0202382415729145e-18,0.0,2.0202382415729145e-18,0.0,0.027298638289461385
BMM,Laboratory,mel82,Subsurface,3.0883498883249596e-17,0.30751908791352395,0.483328517763672,0.644546731932658,0.9276623261588743,0.9,False,True,0.33702764401913404,0.9276623261588743,-0.25545326806734203,0.0,0.25545326806734203,0.0,0.29226951978023075
BMM,Laboratory,mel83,Cropland,0.0,0.25016856828779516,0.46215817946878046,0.6229617762099028,0.9053869581227199,0.9,False,True,0.37279320792210763,0.9053869581227199,-0.27703822379009724,0.0,0.27703822379009724,0.0,0.317162629983174
BMM,Laboratory,mel83,Decontaminated,0.0,0.11980510144854675,0.3023223795596713,0.47827985668815043,0.8300124602534326,0.0,False,True,0.3584747552396037,0.8300124602534326,0.11980510144854675,0.0,0.11980510144854675,0.0,0.1805027853163696
BMM,Laboratory,mel83,Forest,0.0,8.399178704973642e-17,0.12128370730303016,0.25193517085557515,0.5276490334648661,0.0,False,True,0.25193517085557504,0.5276490334648661,8.399178704973642e-17,0.0,8.399178704973642e-17,0.0,0.070561934366027
BMM,Laboratory,mel83,Subsurface,0.0,5.2041706314944e-18,0.03920889708596431,0.15471618010724197,0.3702982407600769,0.1,True,True,0.15471618010724197,0.3702982407600769,0.0,0.0,0.0,0.0,0.03676604504131729
BMM,Laboratory,mel84,Cropland,0.0,8.334804200982315e-18,0.08095001773075902,0.2681334762326187,0.6706194666796064,0.0,False,True,0.2681334762326187,0.6706194666796064,8.334804200982315e-18,0.0,8.334804200982315e-18,0.0,0.058659684443223795
BMM,Laboratory,mel84,Decontaminated,0.0,0.10889491467003974,0.3069717255716997,0.4814541760277221,0.8042939122656355,0.0,False,True,0.37255926135768236,0.8042939122656355,0.10889491467003974,0.0,0.10889491467003974,0.0,0.18136781037245125
BMM,Laboratory,mel84,Forest,0.0,1.734723475976807e-18,0.0011433752796441712,0.13955390048683805,0.4582959412338744,0.1,True,True,0.13955390048683805,0.4582959412338744,0.0,0.0,0.0,0.0,0.04351335399441902
BMM,Laboratory,mel84,Subsurface,9.812309038154296e-17,0.27635993267579256,0.4271174339717284,0.5873960927382406,0.8770533350766826,0.9,False,False,0.311036160062448,0.8770533350766825,-0.31260390726175946,-0.022946664923317428,0.31260390726175946,0.022946664923317428,0.3428886904840102
BMM,Laboratory,mel85,Cropland,0.0,2.758285628986216e-17,0.13196147213737025,0.37285157639166633,0.8281421792907907,0.0,False,True,0.37285157639166633,0.8281421792907907,2.758285628986216e-17,0.0,2.758285628986216e-17,0.0,0.08378454834043592
BMM,Laboratory,mel85,Decontaminated,0.0,3.3247718097947046e-17,0.12788934065569257,0.3433673397237599,0.7427887657620961,0.0,False,True,0.3433673397237598,0.7427887657620961,3.3247718097947046e-17,0.0,3.3247718097947046e-17,0.0,0.08004632949733773
BMM,Laboratory,mel85,Forest,3.6286400604039106e-18,0.38235866210238034,0.5334707983724507,0.6754525914150562,0.9606666663438341,0.9,False,True,0.29309392931267586,0.9606666663438341,-0.22454740858494382,0.0,0.22454740858494382,0.0,0.25384517239020576
BMM,Laboratory,mel85,Subsurface,0.0,0.0,8.36733026615688e-17,0.10598898178189163,0.3892743794674756,0.1,True,True,0.10598898178189163,0.3892743794674756,0.0,0.0,0.0,0.0,0.047092222300460854
BMM,Laboratory,mel86,Cropland,0.0,5.42669612346455e-17,0.16526132362984325,0.3806937084632996,0.82688011536811,0.1,True,True,0.38069370846329953,0.82688011536811,0.0,0.0,0.0,0.0,0.06933981363570593
BMM,Laboratory,mel86,Decontaminated,0.0,0.43343103762778623,0.610290205335924,0.7732172561964086,0.9991811121384331,0.9,False,True,0.33978621856862234,0.9991811121384331,-0.12678274380359145,0.0,0.12678274380359145,0.0,0.18732519440737178
BMM,Laboratory,mel86,Forest,0.0,5.402940826219431e-18,0.027075434867024552,0.1530486899014632,0.42159256429367403,0.0,False,True,0.1530486899014632,0.42159256429367403,5.402940826219431e-18,0.0,5.402940826219431e-18,0.0,0.02937963142313392
BMM,Laboratory,mel86,Subsurface,0.0,1.3846115992029683e-17,0.055030447563091445,0.17189931878418502,0.44560413848299035,0.0,False,True,0.17189931878418502,0.44560413848299035,1.3846115992029683e-17,0.0,1.3846115992029683e-17,0.0,0.03817286686908057
BMM,Laboratory,mel87,Cropland,0.0,0.23808187638106065,0.44166248015408904,0.614807177668682,0.8829390756808393,0.9,False,False,0.37672530128762133,0.8829390756808393,-0.28519282233131804,-0.01706092431916073,0.28519282233131804,0.01706092431916073,0.3290912834386016
BMM,Laboratory,mel87,Decontaminated,0.0,0.1321336269781324,0.3308315615737221,0.49888106373317914,0.8293088541678502,0.1,False,True,0.36674743675504673,0.8293088541678502,0.03213362697813241,0.0,0.03213362697813241,0.0,0.1323151903270543
BMM,Laboratory,mel87,Forest,0.0,0.02065313090677485,0.13392720333707497,0.25694856594553084,0.5341958871113429,0.0,False,True,0.236295435038756,0.5341958871113429,0.02065313090677485,0.0,0.02065313090677485,0.0,0.07960469707221138
BMM,Laboratory,mel87,Subsurface,0.0,1.156623482205605e-18,0.007585757830489983,0.1222131647476623,0.3495480768662585,0.0,False,True,0.1222131647476623,0.3495480768662585,1.156623482205605e-18,0.0,1.156623482205605e-18,0.0,0.021637506472400037
BMM,Laboratory,mel88,Cropland,0.0,0.020104357392622958,0.20794811372405594,0.39054946091971143,0.8039937468100607,0.0,False,True,0.3704451035270885,0.8039937468100607,0.020104357392622958,0.0,0.020104357392622958,0.0,0.11980146611397605
BMM,Laboratory,mel88,Decontaminated,1.0218605475675884e-18,0.35514550006764417,0.537469015819131,0.6969633371065184,0.9663618492228437,0.9,False,True,0.3418178370388742,0.9663618492228437,-0.20303666289348166,0.0,0.20303666289348166,0.0,0.24930855331507543
BMM,Laboratory,mel88,Forest,0.0,8.544868371901382e-18,0.05732465770478398,0.18062867843701352,0.4443458026497654,0.1,True,True,0.18062867843701352,0.4443458026497654,0.0,0.0,0.0,0.0,0.03652503236855055
BMM,Laboratory,mel88,Subsurface,0.0,4.85722573273506e-17,0.09879446015770066,0.21640833039420276,0.4655608569301473,0.0,False,True,0.2164083303942027,0.4655608569301473,4.85722573273506e-17,0.0,4.85722573273506e-17,0.0,0.057783646603038585
BMM,Laboratory,mel89,Cropland,0.0,2.7755575615628914e-17,0.14470613319207826,0.3705142272922676,0.8444874015987002,0.0,False,True,0.3705142272922676,0.8444874015987002,2.7755575615628914e-17,0.0,2.7755575615628914e-17,0.0,0.08920831425556175
BMM,Laboratory,mel89,Decontaminated,0.0,1.570743383049006e-17,0.0996433473803056,0.3065004307934446,0.7283671731105129,0.1,True,True,0.3065004307934446,0.7283671731105129,0.0,0.0,0.0,0.0,0.05483350854791427
BMM,Laboratory,mel89,Forest,3.6956787650183095e-18,0.39477265371877396,0.5441401369515777,0.6937663143421714,0.985343007075574,0.9,False,True,0.29899366062339744,0.985343007075574,-0.20623368565782862,0.0,0.20623368565782862,0.0,0.2420377856307372
BMM,Laboratory,mel89,Subsurface,0.0,0.0,8.909148566791112e-17,0.10800587667042019,0.3690662483772448,0.0,True,True,0.10800587667042019,0.3690662483772448,0.0,0.0,0.0,0.0,0.017900773691905833
BMM,Laboratory,mel90,Cropland,0.0,0.2471022759826153,0.447038435039524,0.6268845290840468,0.918592063183775,0.9,False,True,0.3797822531014315,0.918592063183775,-0.27311547091595323,0.0,0.27311547091595323,0.0,0.3187216700324212
BMM,Laboratory,mel90,Decontaminated,0.0,0.05803074816499698,0.2435339476879013,0.4316320631723074,0.7807582530800998,0.0,False,True,0.3736013150073104,0.7807582530800998,0.05803074816499698,0.0,0.05803074816499698,0.0,0.14270202605909402
BMM,Laboratory,mel90,Forest,0.0,0.08046097958673282,0.20122956792087268,0.3285025267291329,0.5984228357348147,0.1,True,True,0.24804154714240007,0.5984228357348147,0.0,0.0,0.0,0.0,0.06520642707501324
BMM,Laboratory,mel90,Subsurface,0.0,1.951563910473908e-18,0.01310453594285354,0.11959159207187425,0.35573000748757444,0.0,False,True,0.11959159207187425,0.35573000748757444,1.951563910473908e-18,0.0,1.951563910473908e-18,0.0,0.021931221826609733
BMM,Laboratory,mel91,Cropland,0.0,1.192903485434649e-17,0.08139658390339975,0.32661982403665557,0.8186422632524956,0.1,True,True,0.32661982403665557,0.8186422632524956,0.0,0.0,0.0,0.0,0.058340642792021224
BMM,Laboratory,mel91,Decontaminated,0.0,7.589415207398531e-19,0.0014900531597928585,0.2294207068509069,0.6566707802672218,0.0,False,True,0.2294207068509069,0.6566707802672218,7.589415207398531e-19,0.0,7.589415207398531e-19,0.0,0.040017777511379055
BMM,Laboratory,mel91,Forest,4.0089560135027615e-17,0.44511800935470586,0.6105499927552758,0.7608236566850253,0.9999999999999999,0.9,False,True,0.3157056473303194,0.9999999999999999,-0.13917634331497475,0.0,0.13917634331497475,0.0,0.18689858668591383
BMM,Laboratory,mel91,Subsurface,0.0,2.8189256484623208e-18,0.007895961336893862,0.14824255483332602,0.39690705661507675,0.0,False,True,0.14824255483332602,0.39690705661507675,2.8189256484623208e-18,0.0,2.8189256484623208e-18,0.0,0.02666005045186135
BMM,Laboratory,mel92,Cropland,0.0,9.994988777600744e-18,0.07460258269989654,0.27726330265491755,0.6530751488577884,0.0,False,True,0.27726330265491755,0.6530751488577884,9.994988777600744e-18,0.0,9.994988777600744e-18,0.0,0.05787279254223113
BMM,Laboratory,mel92,Decontaminated,0.0,0.297724874300099,0.47885796666568914,0.6342860768522238,0.9004789490518603,0.5,True,True,0.33656120255212485,0.9004789490518603,0.0,0.0,0.0,0.0,0.06036799878397994
BMM,Laboratory,mel92,Forest,0.0,8.673617379884035e-19,7.074419175467916e-17,0.11239612851804662,0.4042357119648568,0.0,False,True,0.11239612851804662,0.4042357119648568,8.673617379884035e-19,0.0,8.673617379884035e-19,0.0,0.01823945100469728
BMM,Laboratory,mel92,Subsurface,0.0,0.16587284309127445,0.2932650296395069,0.4378832778767366,0.7193587513430718,0.5,False,True,0.27201043478546216,0.7193587513430718,-0.06211672212326341,0.0,0.06211672212326341,0.0,0.12191226415388841
BMM,Laboratory,mel93,Cropland,0.0,0.1476270730062553,0.3318067962089373,0.49620322573418535,0.812103871580489,0.5,False,True,0.3485761527279301,0.812103871580489,-0.003796774265814651,0.0,0.003796774265814651,0.0,0.10335324302656695
BMM,Laboratory,mel93,Decontaminated,0.0,0.10425893886444984,0.26587172383448093,0.4328570857283112,0.7998913190331223,0.0,False,True,0.32859814686386135,0.7998913190331223,0.10425893886444984,0.0,0.10425893886444984,0.0,0.16326115490300422
BMM,Laboratory,mel93,Forest,0.0,1.9705374484924043e-17,0.08746750741868001,0.21584216122743088,0.49541795701003405,0.0,False,True,0.21584216122743086,0.49541795701003405,1.9705374484924043e-17,0.0,1.9705374484924043e-17,0.0,0.05337255650574889
BMM,Laboratory,mel93,Subsurface,0.0,0.12009894926696776,0.23494846865083874,0.35489284556195905,0.5761269182314696,0.5,False,True,0.23479389629499128,0.5761269182314696,-0.14510715443804095,0.0,0.14510715443804095,0.0,0.17512224861131406
BMM,Laboratory,mel94,Cropland,0.0,0.029693318644738897,0.2313105264080934,0.40950718238710976,0.7516338445035904,0.0,False,True,0.37981386374237086,0.7516338445035904,0.029693318644738897,0.0,0.029693318644738897,0.0,0.13098972781893295
BMM,Laboratory,mel94,Decontaminated,0.0,0.10375851437156555,0.2702501707033948,0.4359120914643784,0.7474009353223304,0.0,False,True,0.3321535770928129,0.7474009353223304,0.10375851437156555,0.0,0.10375851437156555,0.0,0.16341083501092263
BMM,Laboratory,mel94,Forest,0.0,0.13082072801641792,0.25162327489928593,0.36743311830112724,0.6224465666943183,0.5,False,True,0.23661239028470932,0.6224465666943183,-0.13256688169887276,0.0,0.13256688169887276,0.0,0.16170958829483018
BMM,Laboratory,mel94,Subsurface,0.0,0.06916014595210074,0.18175538618647819,0.30164919661694567,0.5219167876547519,0.5,False,True,0.23248905066484493,0.5219167876547519,-0.19835080338305433,0.0,0.19835080338305433,0.0,0.21983561284407135
BMM,Laboratory,mel95,Cropland,0.0,0.1614780510766145,0.35105025056366507,0.5317565274693365,0.8605698580570645,0.5,True,True,0.37027847639272204,0.8605698580570645,0.0,0.0,0.0,0.0,0.09492891650053142
BMM,Laboratory,mel95,Decontaminated,0.0,0.29424771031789176,0.47007370949165916,0.6364961882843523,0.923397882731028,0.5,True,True,0.3422484779664605,0.923397882731028,0.0,0.0,0.0,0.0,0.06159611660080716
BMM,Laboratory,mel95,Forest,0.0,9.757146323878289e-18,0.05600655230707298,0.17356940892350986,0.42732142011683005,0.0,False,True,0.17356940892350986,0.42732142011683005,9.757146323878289e-18,0.0,9.757146323878289e-18,0.0,0.037847660357089474
BMM,Laboratory,mel95,Subsurface,0.0,3.469446951953614e-18,0.019942015626445243,0.12693188571469666,0.35757041265112666,0.0,False,True,0.12693188571469666,0.35757041265112666,3.469446951953614e-18,0.0,3.469446951953614e-18,0.0,0.02463050024502666
BMM,Laboratory,mel96,Cropland,0.0,0.020185389401292914,0.2374279194139336,0.45489261172068535,0.873246189021598,0.0,False,True,0.4347072223193924,0.873246189021598,0.020185389401292914,0.0,0.020185389401292914,0.0,0.13795473866306038
BMM,Laboratory,mel96,Decontaminated,0.0,0.18427137371507846,0.37176510342798375,0.5461207347888939,0.8742274270455576,0.5,True,True,0.36184936107381543,0.8742274270455576,0.0,0.0,0.0,0.0,0.08844108738320741
BMM,Laboratory,mel96,Forest,0.0,0.1513845446460631,0.30305909703359235,0.43242496339683417,0.7034475021616636,0.5,False,True,0.28104041875077107,0.7034475021616636,-0.06757503660316583,0.0,0.06757503660316583,0.0,0.1229492158646975
BMM,Laboratory,mel96,Subsurface,0.0,0.0,3.301395615218361e-17,0.06147722398749096,0.2820337502402582,0.0,True,True,0.06147722398749096,0.2820337502402582,0.0,0.0,0.0,0.0,0.009611560546673392
BMM,Laboratory,mel97,Cropland,0.0,0.17294577570350536,0.3811224944942286,0.5700360565702742,0.9099456897003709,0.5,True,True,0.3970902808667689,0.9099456897003709,0.0,0.0,0.0,0.0,0.0875631765829156
BMM,Laboratory,mel97,Decontaminated,0.0,0.02444759430888286,0.22012782427801464,0.41019578254172157,0.7504167584333412,0.0,False,True,0.3857481882328387,0.7504167584333412,0.02444759430888286,0.0,0.02444759430888286,0.0,0.12543897303405924
BMM,Laboratory,mel97,Forest,0.0,0.1762739656508321,0.312801347306332,0.4484207840701065,0.7404563634788668,0.5,False,True,0.2721468184192744,0.7404563634788668,-0.05157921592989351,0.0,0.05157921592989351,0.0,0.1125136626124858
BMM,Laboratory,mel97,Subsurface,0.0,0.0,2.7755575615628914e-17,0.0676085997895952,0.28441527963879165,0.0,True,True,0.0676085997895952,0.28441527963879165,0.0,0.0,0.0,0.0,0.010505905705846003
BMM,Virtual,mel1,Cropland,0.0,0.0,1.3552527156068805e-20,1.6653345369377348e-16,0.00011862888797011523,0.0,True,True,1.6653345369377348e-16,0.00011862888797011523,0.0,0.0,0.0,0.0,2.2054801150230625e-07
BMM,Virtual,mel1,Decontaminated,0.0,0.0,0.0,1.942890293094024e-16,0.00023959577533666336,0.0,True,True,1.942890293094024e-16,0.00023959577533666336,0.0,0.0,0.0,0.0,3.942408779194546e-07
BMM,Virtual,mel1,Forest,0.0,0.0,1.1102230246251565e-16,5.870304242705515e-15,0.00020274793210925401,0.0,True,True,5.870304242705515e-15,0.00020274793210925401,0.0,0.0,0.0,0.0,4.883625868189401e-07
BMM,Virtual,mel1,Subsurface,0.9994752974398623,0.999999945390416,0.9999999999999997,1.0,1.0,1.0,True,True,5.460958396596993e-08,0.000524702560137702,0.0,0.0,0.0,0.0,2.918351270642546e-06
BMM,Virtual,mel10,Cropland,0.0,0.0,3.2526065174565133e-19,1.562364283227112e-05,0.0005677452677881495,0.0,True,True,1.562364283227112e-05,0.0005677452677881495,0.0,0.0,0.0,0.0,7.787028257281272e-06
BMM,Virtual,mel10,Decontaminated,0.6243234359297964,0.6248838472649405,0.6249996201798913,0.6250290040866965,0.6254950189374042,0.625,True,True,0.00014515682175597622,0.0011715830076077793,0.0,0.0,0.0,0.0,2.9057512700420967e-05
BMM,Virtual,mel10,Forest,0.0,0.0,1.6263032587282567e-19,9.185571142348247e-07,0.00048647469758115536,0.0,True,True,9.185571142348247e-07,0.00048647469758115536,0.0,0.0,0.0,0.0,4.735232753290377e-06
BMM,Virtual,mel10,Subsurface,0.3743485101447099,0.3748789994838203,0.37499322051449013,0.37501075185608707,0.3753867558703711,0.375,True,True,0.00013175237226675796,0.0010382457256612465,0.0,0.0,0.0,0.0,2.8163662423122656e-05
BMM,Virtual,mel12,Cropland,0.0,0.0,1.0842021724855044e-19,1.5790193597147112e-06,0.0005662981078517276,0.0,True,True,1.5790193597147112e-06,0.0005662981078517276,0.0,0.0,0.0,0.0,5.906145388941108e-06
BMM,Virtual,mel12,Decontaminated,0.8742830188814403,0.8748972270027967,0.8749996773862065,0.8750231200312303,0.8754872313562686,0.875,True,True,0.00012589302843357686,0.00120421247482827,0.0,0.0,0.0,0.0,2.6716268457526425e-05
BMM,Virtual,mel12,Forest,0.0,0.0,1.0842021724855044e-19,1.6453449487612752e-07,0.0004372993187158779,0.0,True,True,1.6453449487612752e-07,0.0004372993187158779,0.0,0.0,0.0,0.0,3.650202057952883e-06
BMM,Virtual,mel12,Subsurface,0.1243528864311062,0.12491027651997702,0.12499917488373571,0.1250107114886364,0.12548221854855185,0.125,True,True,0.00010043496865938528,0.0011293321174456472,0.0,0.0,0.0,0.0,2.3646336523481658e-05
BMM,Virtual,mel13,Cropland,0.12404443732924826,0.12485447502592092,0.12499787209131025,0.12500179077198362,0.12560617024028417,0.125,True,True,0.00014731574606269282,0.0015617329110359096,0.0,0.0,0.0,0.0,3.264847800597939e-05
BMM,Virtual,mel13,Decontaminated,0.8742809830738961,0.8749204390380043,0.874999676048998,0.8750328253494446,0.8756283738515297,0.875,True,True,0.00011238631144028233,0.0013473907776335725,0.0,0.0,0.0,0.0,2.5708553679120447e-05
BMM,Virtual,mel13,Forest,0.0,0.0,6.5052130349130266e-18,1.7540218252878286e-05,0.0005882839494573055,0.0,True,True,1.7540218252878286e-05,0.0005882839494573055,0.0,0.0,0.0,0.0,7.249223926349005e-06
BMM,Virtual,mel13,Subsurface,0.0,0.0,6.512585505184536e-19,5.643683841512388e-06,0.0004844419350791551,0.0,True,True,5.643683841512388e-06,0.0004844419350791551,0.0,0.0,0.0,0.0,5.120182474180736e-06
BMM,Virtual,mel15,Cropland,0.37398537991442127,0.3748286892286253,0.3749901737906355,0.37501542072648364,0.37567691623345206,0.375,True,True,0.00018673149785836118,0.0016915363190307953,0.0,0.0,0.0,0.0,4.036724249886783e-05
BMM,Virtual,mel15,Decontaminated,0.6242071149701331,0.624885867782307,0.6249987347029344,0.6250537130025806,0.6257471304374261,0.625,True,True,0.00016784522027357696,0.0015400154672929878,0.0,0.0,0.0,0.0,3.484770683632955e-05
BMM,Virtual,mel15,Forest,0.0,0.0,2.168404344971009e-19,1.5980206929056185e-05,0.0005534838019241883,0.0,True,True,1.5980206929056185e-05,0.0005534838019241883,0.0,0.0,0.0,0.0,7.032961014728648e-06
BMM,Virtual,mel15,Subsurface,0.0,0.0,4.336808689942018e-19,2.160004315725549e-05,0.0005115670612411908,0.0,True,True,2.160004315725549e-05,0.0005115670612411908,0.0,0.0,0.0,0.0,7.3041745866658266e-06
BMM,Virtual,mel17,Cropland,0.6241381804696786,0.6248508731637226,0.6249959091419648,0.6250307018950162,0.6256599319410109,0.625,True,True,0.00017982873129362975,0.0015217514713322666,0.0,0.0,0.0,0.0,3.6461147083141296e-05
BMM,Virtual,mel17,Decontaminated,0.3741092199331826,0.3748604709213728,0.37499691276136277,0.3750299696355401,0.375694191739868,0.375,True,True,0.00016949871416727103,0.0015849718066854313,0.0,0.0,0.0,0.0,3.695610169045848e-05
BMM,Virtual,mel17,Forest,0.0,0.0,3.228376906164583e-19,2.5693376976268113e-05,0.0005670395563396092,0.0,True,True,2.5693376976268113e-05,0.0005670395563396092,0.0,0.0,0.0,0.0,8.391736919740468e-06
BMM,Virtual,mel17,Subsurface,0.0,0.0,2.5303921619830137e-19,8.862816805412936e-06,0.0005183156924243478,0.0,True,True,8.862816805412936e-06,0.0005183156924243478,0.0,0.0,0.0,0.0,5.802754262342833e-06
BMM,Virtual,mel19,Cropland,0.8741509854684656,0.874900425822111,0.874999531737529,0.8750264653187287,0.8756739640221919,0.875,True,True,0.00012603949661771363,0.0015229785537262952,0.0,0.0,0.0,0.0,3.05189871414669e-05
BMM,Virtual,mel19,Decontaminated,0.1240752609146699,0.12487542647875018,0.12499948964585242,0.12501473191636922,0.125694398680387,0.125,True,True,0.00013930543761904446,0.0016191377657171074,0.0,0.0,0.0,0.0,3.195483694516053e-05
BMM,Virtual,mel19,Forest,0.0,0.0,4.336808689942018e-19,1.0807668829058502e-05,0.0004929973856892285,0.0,True,True,1.0807668829058502e-05,0.0004929973856892285,0.0,0.0,0.0,0.0,5.851755742358751e-06
BMM,Virtual,mel19,Subsurface,0.0,0.0,4.336808657630275e-19,5.419652336488806e-06,0.0004869956134766688,0.0,True,True,5.419652336488806e-06,0.0004869956134766688,0.0,0.0,0.0,0.0,5.1471914083396956e-06
BMM,Virtual,mel2,Cropland,0.0,0.0,1.734723475976807e-18,1.3423489251054854e-07,0.0006702762208358122,0.0,True,True,1.3423489251054854e-07,0.0006702762208358122,0.0,0.0,0.0,0.0,3.7783563082073007e-06
BMM,Virtual,mel2,Decontaminated,0.9992052711988733,0.9998895175267644,0.9999996174525674,0.999999999999999,1.0,1.0,False,True,0.000110482473234641,0.0007947288011267428,-9.992007221626409e-16,0.0,9.992007221626409e-16,0.0,2.1631985993427066e-05
BMM,Virtual,mel2,Forest,0.0,0.0,5.551115123125783e-17,1.5499459940680403e-07,0.0003852017027382669,0.0,True,True,1.5499459940680403e-07,0.0003852017027382669,0.0,0.0,0.0,0.0,2.0631735957897617e-06
BMM,Virtual,mel2,Subsurface,0.0,0.0,5.5294310694978737e-17,1.526395675987592e-07,0.00041677678687449226,0.0,True,True,1.526395675987592e-07,0.00041677678687449226,0.0,0.0,0.0,0.0,2.65076596349275e-06
BMM,Virtual,mel20,Cropland,0.12398439647833835,0.12478179352719564,0.1249756396644836,0.12500102383946882,0.12527938167845784,0.125,True,True,0.00021923031227318035,0.001294985200119489,0.0,0.0,0.0,0.0,4.439363426489749e-05
BMM,Virtual,mel20,Decontaminated,0.0,0.0,5.421010862427522e-19,4.35496456139691e-05,0.0008149426601649051,0.0,True,True,4.35496456139691e-05,0.0008149426601649051,0.0,0.0,0.0,0.0,1.3297556701796984e-05
BMM,Virtual,mel20,Forest,0.0,0.0,3.2526065174565133e-19,2.5149952436386404e-05,0.000703648844155996,0.0,True,True,2.5149952436386404e-05,0.000703648844155996,0.0,0.0,0.0,0.0,8.836086905576615e-06
BMM,Virtual,mel20,Subsurface,0.8744221437866369,0.8749113065569157,0.8749986737041209,0.8750371277170029,0.8755172714776076,0.875,True,True,0.00012582116008719169,0.0010951276909707541,0.0,0.0,0.0,0.0,2.6118071837411992e-05
BMM,Virtual,mel22,Cropland,0.3741189274304659,0.37487421849173713,0.3749972717585002,0.37501641936437824,0.37537761588501617,0.375,True,True,0.00014220087264110726,0.001258688454550294,0.0,0.0,0.0,0.0,3.0688888032688984e-05
BMM,Virtual,mel22,Decontaminated,0.0,0.0,3.6591823321385775e-19,2.1554481850135114e-05,0.0006972652206198945,0.0,True,True,2.1554481850135114e-05,0.0006972652206198945,0.0,0.0,0.0,0.0,8.768744425649252e-06
BMM,Virtual,mel22,Forest,0.0,0.0,2.168404344971009e-19,8.787897611490218e-06,0.0005264477182880161,0.0,True,True,8.787897611490218e-06,0.0005264477182880161,0.0,0.0,0.0,0.0,6.238056296610443e-06
BMM,Virtual,mel22,Subsurface,0.6244248350773529,0.624904818118831,0.6249955082226377,0.625016401491027,0.625492663173045,0.625,True,True,0.00011158337219596692,0.0010678280956920583,0.0,0.0,0.0,0.0,2.6149679963381034e-05
BMM,Virtual,mel24,Cropland,0.6242643094835794,0.6248984482929203,0.624998891026541,0.6250283476244927,0.6254518883412056,0.625,True,True,0.00012989933157236955,0.0011875788576262147,0.0,0.0,0.0,0.0,2.821870470504469e-05
BMM,Virtual,mel24,Decontaminated,0.0,0.0,2.168404344971009e-19,7.818276844433634e-06,0.0005693681646792212,0.0,True,True,7.818276844433634e-06,0.0005693681646792212,0.0,0.0,0.0,0.0,6.165095941642746e-06
BMM,Virtual,mel24,Forest,0.0,0.0,2.168404344971009e-19,1.1595727000678882e-05,0.0004450809052677316,0.0,True,True,1.1595727000678882e-05,0.0004450809052677316,0.0,0.0,0.0,0.0,5.632184358658374e-06
BMM,Virtual,mel24,Subsurface,0.374396725461478,0.37489487721629455,0.37499441431829755,0.37501496706721876,0.3754504049924914,0.375,True,True,0.00012008985092420987,0.001053679531013374,0.0,0.0,0.0,0.0,2.706280419558105e-05
BMM,Virtual,mel26,Cropland,0.8742744811369729,0.8748821568605059,0.8749981316710351,0.8750292658664324,0.8754533247548161,0.875,True,True,0.00014710900592651566,0.0011788436178431505,0.0,0.0,0.0,0.0,2.9981582182581816e-05
BMM,Virtual,mel26,Decontaminated,0.0,0.0,2.168404344971009e-19,7.2399292636789484e-06,0.0006242028787274981,0.0,True,True,7.2399292636789484e-06,0.0006242028787274981,0.0,0.0,0.0,0.0,6.6552830295020125e-06
BMM,Virtual,mel26,Forest,0.0,0.0,1.0842021724855044e-19,4.224108513541162e-06,0.0004786202657748319,0.0,True,True,4.224108513541162e-06,0.0004786202657748319,0.0,0.0,0.0,0.0,4.397142528683489e-06
BMM,Virtual,mel26,Subsurface,0.12434208872907031,0.12489175664691199,0.12499634080953576,0.1250179919469235,0.12542913888500729,0.125,True,True,0.00012623530001151795,0.0010870501559369777,0.0,0.0,0.0,0.0,2.793197017361564e-05
BMM,Virtual,mel27,Cropland,0.12396962038478396,0.12480329823489364,0.12498616243713843,0.12500013101111554,0.1253778151759043,0.125,True,True,0.0001968327762219002,0.0014081947911203374,0.0,0.0,0.0,0.0,4.1613873437093725e-05
BMM,Virtual,mel27,Decontaminated,0.0,0.0,4.336808689942018e-19,3.1655975172889306e-05,0.0008030976619413048,0.0,True,True,3.1655975172889306e-05,0.0008030976619413048,0.0,0.0,0.0,0.0,1.210471296849932e-05
BMM,Virtual,mel27,Forest,0.8744404355390724,0.8749308711369816,0.8750001681727435,0.8750486288951531,0.8756292474561786,0.875,True,True,0.00011775775817146616,0.0011888119171062916,0.0,0.0,0.0,0.0,2.5750802598481357e-05
BMM,Virtual,mel27,Subsurface,0.0,0.0,3.2526065174565133e-19,2.4820630898607495e-06,0.000583329557763557,0.0,True,True,2.4820630898607495e-06,0.000583329557763557,0.0,0.0,0.0,0.0,6.182356360858726e-06
BMM,Virtual,mel29,Cropland,0.3741747484924746,0.37485355333667175,0.37499569497014346,0.37502984263216693,0.3754462696227663,0.375,True,True,0.00017628929549518002,0.001271521130291664,0.0,0.0,0.0,0.0,3.469650680777792e-05
BMM,Virtual,mel29,Decontaminated,0.0,0.0,3.0472080774172695e-19,2.1474794864287134e-05,0.000596243354825164,0.0,True,True,2.1474794864287134e-05,0.000596243354825164,0.0,0.0,0.0,0.0,8.417582640648948e-06
BMM,Virtual,mel29,Forest,0.6243330140101266,0.6248719368796439,0.6249949429521968,0.6250324642110363,0.6255741086550763,0.625,True,True,0.0001605273313923794,0.001241094644949703,0.0,0.0,0.0,0.0,3.291881270794448e-05
BMM,Virtual,mel29,Subsurface,0.0,0.0,2.9307339974998946e-19,2.0614977434299693e-05,0.0004803059514721757,0.0,True,True,2.0614977434299693e-05,0.0004803059514721757,0.0,0.0,0.0,0.0,6.678695852081102e-06
BMM,Virtual,mel3,Cropland,0.9992077644435836,0.9998483168334693,0.9999950900956097,0.9999998979393518,1.0,1.0,False,True,0.0001515811058825367,0.0007922355564163874,-1.0206064815498905e-07,0.0,1.0206064815498905e-07,0.0,2.9092674756743425e-05
BMM,Virtual,mel3,Decontaminated,0.0,0.0,4.0562639892559217e-19,2.3552678486866985e-07,0.0006149615905186331,0.0,True,True,2.3552678486866985e-07,0.0006149615905186331,0.0,0.0,0.0,0.0,4.901255467966686e-06
BMM,Virtual,mel3,Forest,0.0,0.0,1.1102230246251565e-16,3.3762599533769967e-07,0.0004934879355350638,0.0,True,True,3.3762599533769967e-07,0.0004934879355350638,0.0,0.0,0.0,0.0,3.739635790213235e-06
BMM,Virtual,mel3,Subsurface,0.0,0.0,8.673617379884159e-19,8.10900809295249e-08,0.00039190687231992834,0.0,True,True,8.10900809295249e-08,0.00039190687231992834,0.0,0.0,0.0,0.0,2.560035980552365e-06
BMM,Virtual,mel31,Cropland,0.6242959533360479,0.6249005716545906,0.624999667765412,0.6250469011056742,0.6255335812565781,0.625,True,True,0.0001463294510836155,0.001237627920530171,0.0,0.0,0.0,0.0,2.9142029155980215e-05
BMM,Virtual,mel31,Decontaminated,0.0,0.0,2.168404344971009e-19,1.3390898972952074e-05,0.0005885562408218395,0.0,True,True,1.3390898972952074e-05,0.0005885562408218395,0.0,0.0,0.0,0.0,7.059753175722922e-06
BMM,Virtual,mel31,Forest,0.37431237297592007,0.37486709963676307,0.3749892073807177,0.37501301115137653,0.37549140293672423,0.375,True,True,0.00014591151461346152,0.0011790299608041566,0.0,0.0,0.0,0.0,3.291181794509281e-05
BMM,Virtual,mel31,Subsurface,0.0,0.0,1.0842021724855044e-19,1.4197761058012156e-06,0.00044697416694967494,0.0,True,True,1.4197761058012156e-06,0.00044697416694967494,0.0,0.0,0.0,0.0,4.283737502791902e-06
BMM,Virtual,mel33,Cropland,0.8743185967667292,0.8749105167381164,0.8749997090410746,0.8750428271673162,0.8756058749431751,0.875,True,True,0.00013231042919981117,0.0012872781764459162,0.0,0.0,0.0,0.0,2.828267705841126e-05
BMM,Virtual,mel33,Decontaminated,0.0,0.0,1.6263032587282567e-19,6.041957270549347e-06,0.0004890580308165682,0.0,True,True,6.041957270549347e-06,0.0004890580308165682,0.0,0.0,0.0,0.0,5.4705100910487525e-06
BMM,Virtual,mel33,Forest,0.12423476517023474,0.12487091116701403,0.12499526559672189,0.1250091521070569,0.12549537016592244,0.125,True,True,0.00013824094004287468,0.0012606049956876975,0.0,0.0,0.0,0.0,2.9945524882484534e-05
BMM,Virtual,mel33,Subsurface,0.0,0.0,1.0842021724855044e-19,2.1518130602192926e-07,0.0004450742185609936,0.0,True,True,2.1518130602192926e-07,0.0004450742185609936,0.0,0.0,0.0,0.0,4.015732577717301e-06
BMM,Virtual,mel34,Cropland,0.0,0.0,4.336808689942018e-19,4.7842866840161914e-05,0.0009230854301905756,0.0,True,True,4.7842866840161914e-05,0.0009230854301905756,0.0,0.0,0.0,0.0,1.3828201784628656e-05
BMM,Virtual,mel34,Decontaminated,0.12398486169096502,0.12481182630148382,0.12498570514514484,0.12500347385027558,0.12534548151409086,0.125,True,True,0.00019164754879175128,0.0013606198231258387,0.0,0.0,0.0,0.0,4.016782311088907e-05
BMM,Virtual,mel34,Forest,0.8744009152345,0.8749041646903991,0.8749991110969128,0.8750323278209318,0.875492766747821,0.875,True,True,0.0001281631305326547,0.0010918515133209183,0.0,0.0,0.0,0.0,2.6476512225984388e-05
BMM,Virtual,mel34,Subsurface,0.0,0.0,2.168404344971009e-19,4.868795670730743e-06,0.0006080168169639636,0.0,True,True,4.868795670730743e-06,0.0006080168169639636,0.0,0.0,0.0,0.0,5.937304196384114e-06
BMM,Virtual,mel36,Cropland,0.0,0.0,2.3207710138032766e-19,1.904999013425997e-05,0.0006451414305766082,0.0,True,True,1.904999013425997e-05,0.0006451414305766082,0.0,0.0,0.0,0.0,7.930210934033295e-06
BMM,Virtual,mel36,Decontaminated,0.3742358128803205,0.37487442128914883,0.37499581079765076,0.3750196449505146,0.3754787260878185,0.375,True,True,0.0001452236613657676,0.001242913207498031,0.0,0.0,0.0,0.0,3.0013344128466566e-05
BMM,Virtual,mel36,Forest,0.6243552707302137,0.6248929310673857,0.6249956066950793,0.6250223816303433,0.6254711244602175,0.625,True,True,0.00012945056295754487,0.0011158537300037796,0.0,0.0,0.0,0.0,2.8145806152819882e-05
BMM,Virtual,mel36,Subsurface,0.0,0.0,2.168404344971009e-19,3.3010495014948774e-06,0.0005139484058032096,0.0,True,True,3.3010495014948774e-06,0.0005139484058032096,0.0,0.0,0.0,0.0,4.7652950147053725e-06
BMM,Virtual,mel38,Cropland,0.0,0.0,2.168404344971009e-19,9.284217806686777e-06,0.0006107213857661275,0.0,True,True,9.284217806686777e-06,0.0006107213857661275,0.0,0.0,0.0,0.0,6.2529496986493324e-06
BMM,Virtual,mel38,Decontaminated,0.6242938531524209,0.6249036435927584,0.6249996018347217,0.625039470581652,0.6255108950082225,0.625,True,True,0.0001358269888935837,0.001217041855801626,0.0,0.0,0.0,0.0,2.8886919775972556e-05
BMM,Virtual,mel38,Forest,0.3743317446430773,0.37486425715117544,0.37499012947683164,0.3750081996696942,0.37544138944556044,0.375,True,True,0.00014394251851873596,0.0011096448024831562,0.0,0.0,0.0,0.0,3.0725513459007776e-05
BMM,Virtual,mel38,Subsurface,0.0,0.0,2.168404344971009e-19,7.813280207999549e-06,0.00048571863483650053,0.0,True,True,7.813280207999549e-06,0.00048571863483650053,0.0,0.0,0.0,0.0,5.541730621404685e-06
BMM,Virtual,mel4,Cropland,0.0,0.0,2.168404344971009e-19,2.220446049250313e-16,0.00032140421393237465,0.0,True,True,2.220446049250313e-16,0.00032140421393237465,0.0,0.0,0.0,0.0,7.913241521024138e-07
BMM,Virtual,mel4,Decontaminated,0.0,0.0,1.9008869403490784e-20,1.942890293094024e-16,0.0003078334379543406,0.0,True,True,1.942890293094024e-16,0.0003078334379543406,0.0,0.0,0.0,0.0,6.051034518780473e-07
BMM,Virtual,mel4,Forest,0.9993988575370584,0.9999999742535817,0.9999999999999999,1.0,1.0,1.0,True,True,2.5746418330641063e-08,0.0006011424629416284,0.0,0.0,0.0,0.0,5.237087202247902e-06
BMM,Virtual,mel4,Subsurface,0.0,0.0,3.2526065174565133e-18,4.718447854656915e-16,0.0002416368145383557,0.0,True,True,4.718447854656915e-16,0.0002416368145383557,0.0,0.0,0.0,0.0,5.58077534691421e-07
BMM,Virtual,mel40,Cropland,0.0,0.0,1.9698563455708259e-19,9.881149500808593e-06,0.0006602388967006927,0.0,True,True,9.881149500808593e-06,0.0006602388967006927,0.0,0.0,0.0,0.0,7.199107313690469e-06
BMM,Virtual,mel40,Decontaminated,0.8742485569727644,0.8748977810926277,0.8749994280321615,0.8750326387384358,0.8755302471499353,0.875,True,True,0.00013485764580811743,0.0012816901771709466,0.0,0.0,0.0,0.0,2.9458880309287733e-05
BMM,Virtual,mel40,Forest,0.12424835608159218,0.12486735178417706,0.12499183353410202,0.12500850639261776,0.12541499268343517,0.125,True,True,0.00014115460844070504,0.0011666366018429908,0.0,0.0,0.0,0.0,3.120783395686789e-05
BMM,Virtual,mel40,Subsurface,0.0,0.0,2.168404344971009e-19,3.027123019965725e-06,0.0004509465120143718,0.0,True,True,3.027123019965725e-06,0.0004509465120143718,0.0,0.0,0.0,0.0,4.583152023520508e-06
BMM,Virtual,mel41,Cropland,0.0,0.0,1.6263032587282567e-19,1.0131435998365099e-05,0.0007039875923658582,0.0,True,True,1.0131435998365099e-05,0.0007039875923658582,0.0,0.0,0.0,0.0,7.918273863677085e-06
BMM,Virtual,mel41,Decontaminated,0.0,0.0,1.0842021724855044e-19,1.3554928098507375e-07,0.0006536534080046,0.0,True,True,1.3554928098507375e-07,0.0006536534080046,0.0,0.0,0.0,0.0,5.560099601156798e-06
BMM,Virtual,mel41,Forest,0.8743651227168758,0.8748683927151404,0.8749926982741851,0.8750003655093743,0.8752801467383162,0.875,True,True,0.0001319727942339366,0.0009150240214403915,0.0,0.0,0.0,0.0,2.6651786604592564e-05
BMM,Virtual,mel41,Subsurface,0.12431481448639371,0.1249162856264879,0.12499972220290671,0.12500859501483963,0.12537436692237436,0.125,True,True,9.230938835172453e-05,0.0010595524359806457,0.0,0.0,0.0,0.0,2.0493182708552547e-05
BMM,Virtual,mel43,Cropland,0.0,0.0,2.168404344971009e-19,9.436252718690385e-06,0.0006586500696292627,0.0,True,True,9.436252718690385e-06,0.0006586500696292627,0.0,0.0,0.0,0.0,7.422407029050653e-06
BMM,Virtual,mel43,Decontaminated,0.0,0.0,1.3552527156068805e-19,2.9546401248620787e-06,0.0006252636173015073,0.0,True,True,2.9546401248620787e-06,0.0006252636173015073,0.0,0.0,0.0,0.0,5.838764628889563e-06
BMM,Virtual,mel43,Forest,0.6243465447543964,0.6248821577657682,0.6249957964006974,0.6250032687300068,0.625321239828917,0.625,True,True,0.00012111096423861323,0.0009746950745205263,0.0,0.0,0.0,0.0,2.5446614375148154e-05
BMM,Virtual,mel43,Subsurface,0.3744035236451706,0.3749027643724838,0.3749997623063387,0.37501154782323654,0.37536355581946534,0.375,True,True,0.00010878345075271412,0.0009600321742947449,0.0,0.0,0.0,0.0,2.349605419275157e-05
BMM,Virtual,mel45,Cropland,0.0,0.0,4.336808689942018e-19,1.5825558514720385e-05,0.000644245865479527,0.0,True,True,1.5825558514720385e-05,0.000644245865479527,0.0,0.0,0.0,0.0,7.800552769830973e-06
BMM,Virtual,mel45,Decontaminated,0.0,0.0,2.168404344971009e-19,4.358921995295555e-06,0.0006456594970701283,0.0,True,True,4.358921995295555e-06,0.0006456594970701283,0.0,0.0,0.0,0.0,6.064476391063542e-06
BMM,Virtual,mel45,Forest,0.3743614181164086,0.374902090783953,0.3749995662086126,0.37501058997214787,0.37538119309821766,0.375,True,True,0.00010849918819488824,0.0010197749818090518,0.0,0.0,0.0,0.0,2.3282940261787753e-05
BMM,Virtual,mel45,Subsurface,0.6243387070184986,0.6248859094845371,0.6249947407580383,0.6250026638579984,0.6253461075728076,0.625,True,True,0.00011675437346125861,0.0010074005543090347,0.0,0.0,0.0,0.0,2.598302773504653e-05
BMM,Virtual,mel47,Cropland,0.0,0.0,4.336808689942018e-19,1.6772679022191632e-05,0.000810468134547894,0.0,True,True,1.6772679022191632e-05,0.000810468134547894,0.0,0.0,0.0,0.0,9.329649770386034e-06
BMM,Virtual,mel47,Decontaminated,0.0,0.0,1.5246593050577406e-19,3.8486023202013997e-07,0.0006370922179024436,0.0,True,True,3.8486023202013997e-07,0.0006370922179024436,0.0,0.0,0.0,0.0,5.474871356268947e-06
BMM,Virtual,mel47,Forest,0.12422077781818891,0.12489820747760633,0.1249997159636918,0.1250062151007422,0.12533480105031441,0.125,True,True,0.00010800762313586953,0.001114023232125505,0.0,0.0,0.0,0.0,2.3515362301664345e-05
BMM,Virtual,mel47,Subsurface,0.8743739269688551,0.8748890232403578,0.8749962881174278,0.8750005855242786,0.8752919594520157,0.875,True,True,0.00011156228392084078,0.0009180324831605802,0.0,0.0,0.0,0.0,2.403745293942982e-05
BMM,Virtual,mel48,Cropland,0.2967137273416125,0.29988360921070156,0.30000007337101503,0.3001797142644501,0.3033444023567912,0.3,True,True,0.0002961050537485521,0.006630675015178722,0.0,0.0,0.0,0.0,6.94871989143067e-05
BMM,Virtual,mel48,Decontaminated,0.2970096295903725,0.2998956363042265,0.30000070216341757,0.30021039166867447,0.30259172599919204,0.3,True,True,0.0003147553644479717,0.005582096408819515,0.0,0.0,0.0,0.0,6.871139059849403e-05
BMM,Virtual,mel48,Forest,0.2985986404406016,0.29987329970915755,0.30000010336730837,0.3001095575170738,0.30132641866129245,0.3,True,True,0.0002362578079162514,0.0027277782206908685,0.0,0.0,0.0,0.0,4.972327422884688e-05
BMM,Virtual,mel48,Subsurface,0.09931099967170746,0.09987328277300252,0.09999981812245415,0.10005663426349452,0.1008174621766504,0.1,True,True,0.00018335149049200639,0.0015064625049429348,0.0,0.0,0.0,0.0,3.4588753429933786e-05
BMM,Virtual,mel49,Cropland,0.2988825198169333,0.29995504849233634,0.30000563239784267,0.3002472776171571,0.3011626502822046,0.3,True,True,0.00029222912482074204,0.002280130465271313,0.0,0.0,0.0,0.0,5.888609578155865e-05
BMM,Virtual,mel49,Decontaminated,0.09870345649639996,0.09969700797312384,0.09997372609771463,0.1000250779165854,0.10058611481756119,0.1,True,True,0.00032806994346155915,0.0018826583211612319,0.0,0.0,0.0,0.0,6.538050837230354e-05
BMM,Virtual,mel49,Forest,0.2993191898440991,0.2999145946360158,0.3000002374648011,0.30011155903026393,0.30093493736758126,0.3,True,True,0.00019696439424815582,0.0016157475234821472,0.0,0.0,0.0,0.0,3.9116830330625284e-05
BMM,Virtual,mel49,Subsurface,0.29936198653104035,0.2999443920074337,0.30000034440778994,0.30014402418894914,0.30088015008233815,0.3,True,True,0.00019963218151541895,0.001518163551297802,0.0,0.0,0.0,0.0,3.927723816481377e-05
BMM,Virtual,mel5,Cropland,0.25,0.25,0.25,0.25,0.25,0.25,True,True,0.0,0.0,0.0,0.0,0.0,0.0,0.0
BMM,Virtual,mel5,Decontaminated,0.25,0.25,0.25,0.25,0.25,0.25,True,True,0.0,0.0,0.0,0.0,0.0,0.0,0.0
BMM,Virtual,mel5,Forest,0.25,0.25,0.25,0.25,0.25,0.25,True,True,0.0,0.0,0.0,0.0,0.0,0.0,0.0
BMM,Virtual,mel5,Subsurface,0.25,0.25,0.25,0.25,0.25,0.25,True,True,0.0,0.0,0.0,0.0,0.0,0.0,0.0
BMM,Virtual,mel50,Cropland,0.09856918730213278,0.09965858307989035,0.0999340635929048,0.10001261412963744,0.10063470222146638,0.1,True,True,0.0003540310497470861,0.0020655149193335998,0.0,0.0,0.0,0.0,7.872832233474415e-05
BMM,Virtual,mel50,Decontaminated,0.2992166717713414,0.2999588365660006,0.30001568435033615,0.30024463981511845,0.30112597953558834,0.3,True,True,0.00028580324911786636,0.0019093077642469147,0.0,0.0,0.0,0.0,5.855405608685922e-05
BMM,Virtual,mel50,Forest,0.2994381067314098,0.299958385975751,0.300014377147244,0.30019104334430924,0.30099134083577683,0.3,True,True,0.00023265736855826447,0.0015532341043670295,0.0,0.0,0.0,0.0,4.695409605767699e-05
BMM,Virtual,mel50,Subsurface,0.29936346239657,0.2999159815569494,0.3000001173280375,0.3000975350264869,0.30077247406784896,0.3,True,True,0.00018155346953752094,0.001409011671278937,0.0,0.0,0.0,0.0,3.576993340173237e-05
BMM,Virtual,mel51,Cropland,0.29760528521199614,0.299909442526396,0.3000014808650459,0.30020882922016034,0.30147904844273926,0.3,True,True,0.00029938669376433635,0.0038737632307431213,0.0,0.0,0.0,0.0,6.394909911984037e-05
BMM,Virtual,mel51,Decontaminated,0.29853550273275087,0.2998823158923466,0.29999996537213414,0.30017336963150015,0.3024306335828103,0.3,True,True,0.00029105373915355726,0.003895130850059436,0.0,0.0,0.0,0.0,6.070412561818878e-05
BMM,Virtual,mel51,Forest,0.09919646826391883,0.09983569725208502,0.09999366416932547,0.100041114504588,0.10069025119777554,0.1,True,True,0.00020541725250297627,0.0014937829338567132,0.0,0.0,0.0,0.0,4.1288884576625654e-05
BMM,Virtual,mel51,Subsurface,0.2991406412432961,0.29988844299496786,0.3000000290441531,0.3001104195118544,0.30094483083557383,0.3,True,True,0.00022197651688654618,0.0018041895922777385,0.0,0.0,0.0,0.0,4.253874148535966e-05
BMM,Virtual,mel52,Cropland,0.1943844066988126,0.19978596749578925,0.19999982812596326,0.20015941905998638,0.20438233523553223,0.2,True,True,0.0003734515641971303,0.00999792853671963,0.0,0.0,0.0,0.0,8.994084309952731e-05
BMM,Virtual,mel52,Decontaminated,0.19704821290390215,0.19978003746485606,0.19999979819388852,0.20013862616993758,0.20520704190809796,0.2,True,True,0.00035858870508151397,0.008158829004195817,0.0,0.0,0.0,0.0,8.301899905717404e-05
BMM,Virtual,mel52,Forest,0.19831118026025601,0.19986567571401012,0.2000001832116854,0.20016662200806742,0.20165906593512084,0.2,True,True,0.00030094629405730267,0.0033478856748648256,0.0,0.0,0.0,0.0,5.938430232962005e-05
BMM,Virtual,mel52,Subsurface,0.39887825123919163,0.3999207377303674,0.4000000955164103,0.4001116997327253,0.400664742068203,0.4,True,True,0.0001909620023579084,0.001786490829011389,0.0,0.0,0.0,0.0,3.760184886095956e-05
BMM,Virtual,mel53,Cropland,0.1987166555379394,0.19975514635433064,0.19999122984645223,0.20003327480076816,0.20102393180829842,0.2,True,True,0.00027812844643751444,0.00230727627035901,0.0,0.0,0.0,0.0,6.004236392629964e-05
BMM,Virtual,mel53,Decontaminated,0.39941223134939635,0.39997870541312647,0.4000355216130667,0.4003022446389792,0.40122844245655365,0.4,True,True,0.0003235392258527092,0.001816211107157295,0.0,0.0,0.0,0.0,6.655620921878222e-05
BMM,Virtual,mel53,Forest,0.19904333172664967,0.1998842461189036,0.20000011460790013,0.20007823157237534,0.20075167699009897,0.2,True,True,0.00019398545347174,0.0017083452634492902,0.0,0.0,0.0,0.0,3.9039782722153195e-05
BMM,Virtual,mel53,Subsurface,0.1991716747703586,0.1998606717147252,0.19999990413374735,0.20005976735977543,0.20061671886543708,0.2,True,True,0.00019909564505021793,0.0014450440950784793,0.0,0.0,0.0,0.0,3.788936074892405e-05
BMM,Virtual,mel54,Cropland,0.39939914922178765,0.39998711978815116,0.40006170747304604,0.40033564851601006,0.4013623525534167,0.4,True,True,0.0003485287278588989,0.0019632033316290265,0.0,0.0,0.0,0.0,7.683974334641541e-05
BMM,Virtual,mel54,Decontaminated,0.19892821850812883,0.19976982326916318,0.19998438135154664,0.200035563755406,0.20074515026284395,0.2,True,True,0.0002657404862428103,0.0018169317547151176,0.0,0.0,0.0,0.0,5.3147954256133284e-05
BMM,Virtual,mel54,Forest,0.19901237289338958,0.19980210743109222,0.1999854297836248,0.2000323418248833,0.2006000954607422,0.2,True,True,0.0002302343937910789,0.001587722567352623,0.0,0.0,0.0,0.0,4.776805760907781e-05
BMM,Virtual,mel54,Subsurface,0.19921354987925274,0.19990416493456806,0.2000000909402163,0.20008300945274754,0.20062435306456722,0.2,True,True,0.00017884451817948288,0.0014108031853144742,0.0,0.0,0.0,0.0,3.432329774176815e-05
BMM,Virtual,mel55,Cropland,0.19761528084572796,0.19976987044722722,0.19999809319309397,0.2000951434778217,0.20332925251006614,0.2,True,True,0.0003252730305944862,0.00571397166433818,0.0,0.0,0.0,0.0,7.409354397612793e-05
BMM,Virtual,mel55,Decontaminated,0.19620351714206885,0.19982652306900328,0.19999978519228273,0.20012313592790587,0.2024292869056998,0.2,True,True,0.0002966128589025896,0.006225769763630956,0.0,0.0,0.0,0.0,6.784865622036648e-05
BMM,Virtual,mel55,Forest,0.3992078385091348,0.39994140235701436,0.4000019722857544,0.40016613261806183,0.4007691316050005,0.4,True,True,0.00022473026104746774,0.0015612930958656679,0.0,0.0,0.0,0.0,4.2097505390228474e-05
BMM,Virtual,mel55,Subsurface,0.1989310047719321,0.19989466541831544,0.20000009127452995,0.2001192623281003,0.20102589049536296,0.2,True,True,0.00022459690978485214,0.0020948857234308615,0.0,0.0,0.0,0.0,4.485433873912089e-05
BMM,Virtual,mel56,Cropland,0.1480860337506392,0.14989865608878597,0.1499999971983737,0.15008258404488078,0.15151199747812022,0.15,True,True,0.00018392795609481483,0.003425963727481024,0.0,0.0,0.0,0.0,4.450071214171642e-05
BMM,Virtual,mel56,Decontaminated,0.14872009556037255,0.1498375741246859,0.14999999577289905,0.15004608805372976,0.15130381845491758,0.15,True,True,0.00020851392904386312,0.002583722894545032,0.0,0.0,0.0,0.0,4.61953606377341e-05
BMM,Virtual,mel56,Forest,0.14899482749457552,0.14991284340446137,0.14999999811811557,0.1500690855484843,0.1509037955682318,0.15,True,True,0.00015624214402293335,0.0019089680736562864,0.0,0.0,0.0,0.0,3.3105074909028866e-05
BMM,Virtual,mel56,Subsurface,0.5494129383477515,0.5499823157972634,0.5500000349557409,0.5501345212567943,0.5508201591077178,0.55,True,True,0.00015220545953087417,0.0014072207599662434,0.0,0.0,0.0,0.0,3.116482979974254e-05
BMM,Virtual,mel57,Cropland,0.1487357596142564,0.1497353925033434,0.14997426724523455,0.15001785250074146,0.15071544314938418,0.15,True,True,0.0002824599973980657,0.0019796835351277853,0.0,0.0,0.0,0.0,5.982616267388561e-05
BMM,Virtual,mel57,Decontaminated,0.5494223199029505,0.5499966750295999,0.5500537009144768,0.5503109309349753,0.5514127455836888,0.55,True,True,0.0003142559053753713,0.0019904256807382614,0.0,0.0,0.0,0.0,7.214657747636215e-05
BMM,Virtual,mel57,Forest,0.14916532855156314,0.14990886225740005,0.15000010783379497,0.1500755258575679,0.15062945742348144,0.15,True,True,0.00016666360016784343,0.0014641288719182965,0.0,0.0,0.0,0.0,3.398299522556217e-05
BMM,Virtual,mel57,Subsurface,0.14922836746654497,0.14987258713641333,0.1499966530200808,0.1500476305219319,0.150602223704013,0.15,True,True,0.00017504338551857512,0.001373856237468024,0.0,0.0,0.0,0.0,3.560164751323876e-05
BMM,Virtual,mel58,Cropland,0.5494834657460776,0.5499961609565971,0.5500797238459094,0.5503557694977633,0.5515166884867914,0.55,True,True,0.0003596085411662342,0.0020332227407137138,0.0,0.0,0.0,0.0,8.31188085998069e-05
BMM,Virtual,mel58,Decontaminated,0.14881867530951542,0.14973308355392018,0.14997035518757051,0.150021403739972,0.15060096309373847,0.15,True,True,0.0002883201860518214,0.0017822877842230411,0.0,0.0,0.0,0.0,5.924020635056647e-05
BMM,Virtual,mel58,Forest,0.14909650555866116,0.14982962733812805,0.14998616363227285,0.1500378280892119,0.15053743139979003,0.15,True,True,0.0002082007510838535,0.0014409258411288706,0.0,0.0,0.0,0.0,4.308260842004314e-05
BMM,Virtual,mel58,Subsurface,0.1493329638351515,0.14991781809564117,0.1500000678102477,0.15007770114606855,0.1505419804317179,0.15,True,True,0.00015988305042738404,0.0012090165965664146,0.0,0.0,0.0,0.0,3.0875033068567285e-05
BMM,Virtual,mel59,Cropland,0.14855452718386386,0.14977768781721323,0.14999962816885332,0.1500252035080771,0.15145858208085572,0.15,True,True,0.0002475156908638698,0.002904054896991859,0.0,0.0,0.0,0.0,5.4875386918463054e-05
BMM,Virtual,mel59,Decontaminated,0.1485607389632079,0.1498833836267749,0.14999999501766034,0.1500972730321271,0.15120407866793056,0.15,True,True,0.0002138894053522189,0.0026433397047226637,0.0,0.0,0.0,0.0,4.490261418427531e-05
BMM,Virtual,mel59,Forest,0.5494307012900139,0.5499918699773361,0.5500021943522588,0.5502122726118082,0.5509041126258786,0.55,True,True,0.0002204026344720944,0.0014734113358646495,0.0,0.0,0.0,0.0,4.292788970637474e-05
BMM,Virtual,mel59,Subsurface,0.14909788872883684,0.14991535673916925,0.14999999871291086,0.15007285363059306,0.15079338002659814,0.15,True,True,0.00015749689142380285,0.001695491297761309,0.0,0.0,0.0,0.0,3.416360460507819e-05
BMM,Virtual,mel6,Cropland,0.0,0.0,1.3010426069826053e-18,4.727802023095194e-05,0.000879020161845823,0.0,True,True,4.727802023095194e-05,0.000879020161845823,0.0,0.0,0.0,0.0,1.3559480163443305e-05
BMM,Virtual,mel6,Decontaminated,0.12395640569749401,0.12485617556401285,0.12499579150757703,0.1250027242166347,0.12530852706949555,0.125,True,True,0.0001465486526218418,0.0013521213720015385,0.0,0.0,0.0,0.0,3.2880519860383254e-05
BMM,Virtual,mel6,Forest,0.0,0.0,2.168404344971009e-19,4.870852088436945e-07,0.0005153899842406843,0.0,True,True,4.870852088436945e-07,0.0005153899842406843,0.0,0.0,0.0,0.0,5.140815446660522e-06
BMM,Virtual,mel6,Subsurface,0.8744045584852271,0.8749139824987394,0.874999969592559,0.8750211275811726,0.8755121682575423,0.875,True,True,0.00010714508243314658,0.0011076097723151657,0.0,0.0,0.0,0.0,2.3885665432460374e-05
BMM,Virtual,mel60,Cropland,0.09843960284585698,0.09992810732417808,0.09999883709027713,0.10004821940242743,0.1013504016466496,0.1,True,True,0.00012011207824935699,0.002910798800792619,0.0,0.0,0.0,0.0,3.621395313830862e-05
BMM,Virtual,mel60,Decontaminated,0.09879413009032431,0.09989372293341493,0.0999982895473712,0.10001632991297996,0.10108217367098649,0.1,True,True,0.00012260697956502364,0.0022880435806621746,0.0,0.0,0.0,0.0,3.366085711271427e-05
BMM,Virtual,mel60,Forest,0.09907647171085247,0.09994621025615774,0.10000024615964578,0.10003694275790502,0.10105950703251224,0.1,True,True,9.073250174727876e-05,0.0019830353216597624,0.0,0.0,0.0,0.0,2.6132152270823175e-05
BMM,Virtual,mel60,Subsurface,0.6994144469966169,0.7000001690330724,0.7000029402863948,0.7001312508334905,0.7008714854409545,0.7,False,True,0.00013108180041809803,0.0014570384443375328,1.6903307242799315e-07,0.0,1.6903307242799315e-07,0.0,2.8854948838907243e-05
BMM,Virtual,mel61,Cropland,0.09829299363548705,0.09967974028072103,0.09995364287923453,0.10002356741684161,0.10083089395427963,0.1,True,True,0.000343827136120578,0.0025379003187925853,0.0,0.0,0.0,0.0,7.43898853619796e-05
BMM,Virtual,mel61,Decontaminated,0.6994460519611361,0.6999949363983192,0.7000851890032502,0.7003357933407798,0.7015799491192044,0.7,True,True,0.00034085694246055454,0.002133897158068332,0.0,0.0,0.0,0.0,8.232528110489658e-05
BMM,Virtual,mel61,Forest,0.09910436098733738,0.09990442828325441,0.10000015300743956,0.10010964337525173,0.10072768040851601,0.1,True,True,0.00020521509199732113,0.0016233194211786317,0.0,0.0,0.0,0.0,3.933881948337467e-05
BMM,Virtual,mel61,Subsurface,0.09926635620934608,0.09987120052471853,0.09999742643713574,0.10005774308605263,0.10052737915369658,0.1,True,True,0.00018654256133410207,0.001261022944350501,0.0,0.0,0.0,0.0,3.578762717211447e-05
BMM,Virtual,mel62,Cropland,0.6994818610930488,0.6999970074910905,0.7001066532409355,0.7004270832160469,0.7016729202788231,0.7,True,True,0.00043007572495634694,0.0021910591857743356,0.0,0.0,0.0,0.0,9.953826967116548e-05
BMM,Virtual,mel62,Decontaminated,0.09863600945832082,0.09969522130104819,0.0999387508990212,0.10001490244500685,0.10063463918791295,0.1,True,True,0.00031968114395866665,0.0019986297295921246,0.0,0.0,0.0,0.0,7.221036189626427e-05
BMM,Virtual,mel62,Forest,0.09905709221081342,0.09981253759047677,0.09997533750952375,0.1000399977224502,0.10058876650592187,0.1,True,True,0.00022746013197343096,0.0015316742951084483,0.0,0.0,0.0,0.0,4.77433563411037e-05
BMM,Virtual,mel62,Subsurface,0.09923554691839499,0.09990858431550176,0.10000004513315483,0.10009329995880958,0.10067097440283942,0.1,True,True,0.00018471564330782564,0.001435427484444432,0.0,0.0,0.0,0.0,3.613446017606967e-05
BMM,Virtual,mel63,Cropland,0.09865474789783943,0.09982856963521403,0.09999754879549959,0.10001132489200004,0.10111118571045169,0.1,True,True,0.00018275525678601579,0.002456437812612261,0.0,0.0,0.0,0.0,4.242011765021427e-05
BMM,Virtual,mel63,Decontaminated,0.09864599762067291,0.09992533085538571,0.09999865434519162,0.10006048862013907,0.10099842887495585,0.1,True,True,0.00013515776475335473,0.00235243125428293,0.0,0.0,0.0,0.0,3.501238166868213e-05
BMM,Virtual,mel63,Forest,0.6994966705533441,0.7000011258493045,0.7000040109842385,0.7001823293162731,0.701012690670264,0.7,False,True,0.00018120346696859357,0.0015160201169198695,1.1258493045618323e-06,0.0,1.1258493045618323e-06,0.0,3.914602983541801e-05
BMM,Virtual,mel63,Subsurface,0.09928153601851135,0.09994522506746956,0.10000031785872757,0.10004312492712442,0.10080615329911533,0.1,True,True,9.78998596548597e-05,0.0015246172806039765,0.0,0.0,0.0,0.0,2.5167031723693996e-05
BMM,Virtual,mel64,Cropland,0.04885972255767269,0.04999335201493188,0.049998204727765956,0.05000114617188391,0.05082009302661545,0.05,True,True,7.794156952033171e-06,0.0019603704689427626,0.0,0.0,0.0,0.0,1.9602651713443648e-05
BMM,Virtual,mel64,Decontaminated,0.049058599238553977,0.049964990806773024,0.04999773357115753,0.049999968884897654,0.05080110765562855,0.05,False,True,3.4978078124629775e-05,0.001742508417074573,-3.111510234882209e-08,0.0,3.111510234882209e-08,0.0,2.164086101613834e-05
BMM,Virtual,mel64,Forest,0.049312873541226314,0.04999225059544833,0.050000147102301655,0.05000259996618729,0.050784515868085064,0.05,True,True,1.034937073896014e-05,0.0014716423268587506,0.0,0.0,0.0,0.0,1.5045558005696543e-05
BMM,Virtual,mel64,Subsurface,0.8494787714457248,0.8500019608511903,0.8500043946349429,0.8500771922866543,0.8508417192789385,0.85,False,True,7.523143546406263e-05,0.001362947833213668,1.9608511903079773e-06,0.0,1.9608511903079773e-06,0.0,2.3061935307536365e-05
BMM,Virtual,mel65,Cropland,0.04857167653394938,0.04968598666188988,0.04996789317751539,0.050003774618713574,0.050654209948039874,0.05,True,True,0.0003177879568236966,0.0020825334140904955,0.0,0.0,0.0,0.0,6.65265303571696e-05
BMM,Virtual,mel65,Decontaminated,0.8494387323898326,0.8499999359641883,0.8500875360758389,0.850380822916937,0.8514127133320034,0.85,True,True,0.00038088695274862694,0.0019739809421708276,0.0,0.0,0.0,0.0,8.615037662005015e-05
BMM,Virtual,mel65,Forest,0.04921113457081737,0.04989277203135287,0.04999860305934296,0.05005286307885092,0.0506003935690245,0.05,True,True,0.0001600910474980552,0.0013892589982071324,0.0,0.0,0.0,0.0,3.1410145031411115e-05
BMM,Virtual,mel65,Subsurface,0.049348106263363806,0.04990504307453181,0.049997309862566966,0.050054433471573484,0.05057372964388891,0.05,True,True,0.00014939039704167656,0.0012256233805251066,0.0,0.0,0.0,0.0,2.9839688315808115e-05
BMM,Virtual,mel66,Cropland,0.8495014378232625,0.8499998193723761,0.850126273116982,0.8504589071096065,0.8516890373786085,0.85,True,True,0.000459087737230357,0.002187599555345976,0.0,0.0,0.0,0.0,0.00010736497939381348
BMM,Virtual,mel66,Decontaminated,0.048695048364729834,0.04969358461879854,0.049948068935126225,0.0500121792823391,0.05052419490836147,0.05,True,True,0.0003185946635405612,0.0018291465436316365,0.0,0.0,0.0,0.0,6.847654509750412e-05
BMM,Virtual,mel66,Forest,0.049165850530776586,0.04982464546228542,0.04998049639883041,0.05003477529921776,0.05049218142380393,0.05,True,True,0.00021012983693233928,0.0013263308930273401,0.0,0.0,0.0,0.0,4.240212974275485e-05
BMM,Virtual,mel66,Subsurface,0.04934861597221472,0.049908374617212245,0.04999902308816879,0.05006833772694848,0.05045674391851642,0.05,True,True,0.00015996310973623307,0.001108127946301704,0.0,0.0,0.0,0.0,2.9470752534375364e-05
BMM,Virtual,mel67,Cropland,0.048866866178744486,0.049892264167565134,0.04999666913022858,0.05000005254838392,0.05085432060771093,0.05,True,True,0.00010778838081878378,0.0019874544289664453,0.0,0.0,0.0,0.0,3.0302762803504778e-05
BMM,Virtual,mel67,Decontaminated,0.049010376380446585,0.0499646788458757,0.04999786554009669,0.05000573508984992,0.05069959689324929,0.05,True,True,4.105624397422042e-05,0.0016892205128027013,0.0,0.0,0.0,0.0,2.117691793789139e-05
BMM,Virtual,mel67,Forest,0.8494783566193309,0.8500027025188494,0.8500052288227372,0.8501622608348313,0.8510267155900582,0.85,False,True,0.0001595583159819114,0.0015483589707272483,2.7025188493734476e-06,0.0,2.7025188493734476e-06,0.0,3.336254865184016e-05
BMM,Virtual,mel67,Subsurface,0.049434793971285404,0.049978296224320096,0.05000047390283686,0.050007502990244736,0.05059567377631749,0.05,True,True,2.9206765924640055e-05,0.0011608798050320862,0.0,0.0,0.0,0.0,1.4609057191467825e-05
BMM,Virtual,mel68,Cropland,0.09839172767362013,0.09978195838804993,0.0999898211553911,0.10005846096523685,0.10092198748932797,0.1,True,True,0.00027650257718692117,0.0025302598157078415,0.0,0.0,0.0,0.0,5.783934202399036e-05
BMM,Virtual,mel68,Decontaminated,0.19894724239235076,0.1998623723628758,0.19999978124319573,0.20013392125292861,0.201091682638432,0.2,True,True,0.00027154889005281957,0.002144440246081236,0.0,0.0,0.0,0.0,5.345981650287736e-05
BMM,Virtual,mel68,Forest,0.0,0.0,9.486769009248164e-20,2.5339395877193056e-05,0.0008316534684417287,0.0,True,True,2.5339395877193056e-05,0.0008316534684417287,0.0,0.0,0.0,0.0,1.0094637589193195e-05
BMM,Virtual,mel68,Subsurface,0.6994386258767537,0.6999432200595952,0.7000019987625832,0.7001247677794664,0.7007248039107257,0.7,True,True,0.0001815477198712223,0.0012861780339720186,0.0,0.0,0.0,0.0,3.538419879394502e-05
BMM,Virtual,mel69,Cropland,0.19887652420589275,0.19980517944244497,0.1999807679018495,0.20003213283287247,0.20055825208022454,0.2,True,True,0.00022695339042749785,0.0016817278743317954,0.0,0.0,0.0,0.0,4.7582134564028654e-05
BMM,Virtual,mel69,Decontaminated,0.6994127448392986,0.6999568948995523,0.7000142647856864,0.7001999685874694,0.7011183020647554,0.7,True,True,0.00024307368791709472,0.001705557225456844,0.0,0.0,0.0,0.0,4.840125418433436e-05
BMM,Virtual,mel69,Forest,0.0,0.0,8.131516293641283e-20,3.2897716548361004e-06,0.0004922998517804569,0.0,True,True,3.2897716548361004e-06,0.0004922998517804569,0.0,0.0,0.0,0.0,5.145981728625076e-06
BMM,Virtual,mel69,Subsurface,0.0992193200885496,0.09986282280040877,0.09999332837758013,0.10005877439758201,0.10061472796658356,0.1,True,True,0.00019595159717324118,0.0013954078780339663,0.0,0.0,0.0,0.0,3.823676708710242e-05
BMM,Virtual,mel70,Cropland,0.6993851509072716,0.6999568036953888,0.7000112038989463,0.7001626402295092,0.7010099919612154,0.7,True,True,0.00020583653412042935,0.0016248410539437819,0.0,0.0,0.0,0.0,4.360061649600708e-05
BMM,Virtual,mel70,Decontaminated,0.09888588684080696,0.09981955057674821,0.0999852014184523,0.10003059134747971,0.1005784299858149,0.1,True,True,0.00021104077073150207,0.001692543145007941,0.0,0.0,0.0,0.0,4.560915395118926e-05
BMM,Virtual,mel70,Forest,0.0,0.0,5.421010862427522e-20,2.9233456857861474e-07,0.0004423996004709493,0.0,True,True,2.9233456857861474e-07,0.0004423996004709493,0.0,0.0,0.0,0.0,4.117574271251796e-06
BMM,Virtual,mel70,Subsurface,0.1994229862529534,0.19991303749710726,0.19999947043449745,0.20005978494727691,0.20056353359086884,0.2,True,True,0.00014674745016965418,0.0011405473379154374,0.0,0.0,0.0,0.0,2.9628966319796257e-05
BMM,Virtual,mel71,Cropland,0.19883076661514726,0.19979536187300184,0.19998554904782329,0.20004011568439614,0.20081343779760555,0.2,True,True,0.0002447538113942993,0.00198267118245829,0.0,0.0,0.0,0.0,5.031818929212889e-05
BMM,Virtual,mel71,Decontaminated,0.6993154129876851,0.6999476263185989,0.7000136143117466,0.7001812635745027,0.7010104429527317,0.7,True,True,0.00023363725590386242,0.0016950299650466683,0.0,0.0,0.0,0.0,4.875520356167548e-05
BMM,Virtual,mel71,Forest,0.09917213425773057,0.0998849863739909,0.0999985460438109,0.10006516836062507,0.10072341816745965,0.1,True,True,0.00018018198663416474,0.0015512839097290843,0.0,0.0,0.0,0.0,3.701081541069957e-05
BMM,Virtual,mel71,Subsurface,0.0,0.0,1.0842021724855044e-19,5.803671422089244e-06,0.0005277866763653345,0.0,True,True,5.803671422089244e-06,0.0005277866763653345,0.0,0.0,0.0,0.0,5.590149261695918e-06
BMM,Virtual,mel72,Cropland,0.6993867052289002,0.6999749723842107,0.7000434858365414,0.7002536358237779,0.7011420539709948,0.7,True,True,0.00027866343956717277,0.001755348742094598,0.0,0.0,0.0,0.0,6.035872562470707e-05
BMM,Virtual,mel72,Decontaminated,0.09899083097872206,0.09978226945533093,0.09996497680386204,0.10002164718374126,0.10058022028236178,0.1,True,True,0.000239377728410331,0.001589389303639721,0.0,0.0,0.0,0.0,5.2617604845435294e-05
BMM,Virtual,mel72,Forest,0.1991799661777258,0.19983843034805193,0.19997982952872784,0.20004043338274766,0.2005671111240617,0.2,True,True,0.00020200303469572467,0.0013871449463359053,0.0,0.0,0.0,0.0,4.140953164266694e-05
BMM,Virtual,mel72,Subsurface,0.0,0.0,1.0842021724855044e-19,1.012247992749054e-06,0.0004982811144775368,0.0,True,True,1.012247992749054e-06,0.0004982811144775368,0.0,0.0,0.0,0.0,4.260314684523654e-06
BMM,Virtual,mel73,Cropland,0.09865026294211122,0.0997767015971324,0.09997488813664014,0.10004003842556489,0.1008993940969435,0.1,True,True,0.0002633368284324922,0.0022491311548322734,0.0,0.0,0.0,0.0,5.674978172297946e-05
BMM,Virtual,mel73,Decontaminated,0.19904991553541293,0.19988686017220392,0.19999986219584337,0.20010193065261014,0.20085259898965394,0.2,True,True,0.00021507048040622645,0.0018026834542410053,0.0,0.0,0.0,0.0,4.253217829170526e-05
BMM,Virtual,mel73,Forest,0.6993549970756927,0.6999485675987874,0.7000086212911507,0.7001540255704234,0.7008033166283791,0.7,True,True,0.00020545797163595836,0.0014483195526864279,0.0,0.0,0.0,0.0,4.0782274808587944e-05
BMM,Virtual,mel73,Subsurface,0.0,0.0,1.6263032587282567e-19,1.72139781983154e-05,0.0006302691539179575,0.0,True,True,1.72139781983154e-05,0.0006302691539179575,0.0,0.0,0.0,0.0,7.57851993664326e-06
BMM,Virtual,mel74,Cropland,0.19896509740972146,0.19985264814147022,0.1999966457239226,0.20007251126380066,0.2007829674281309,0.2,True,True,0.00021986312233043814,0.0018178700184094398,0.0,0.0,0.0,0.0,4.426102165789496e-05
BMM,Virtual,mel74,Decontaminated,0.0,0.0,1.0842021724855044e-19,4.884329702437365e-06,0.000548775673868873,0.0,True,True,4.884329702437365e-06,0.000548775673868873,0.0,0.0,0.0,0.0,5.936906498549692e-06
BMM,Virtual,mel74,Forest,0.09917508395996236,0.09987636856887605,0.09999843279977662,0.10006244588519826,0.1007945526569293,0.1,True,True,0.00018607731632221125,0.0016194686969669414,0.0,0.0,0.0,0.0,3.827194922685024e-05
BMM,Virtual,mel74,Subsurface,0.6994554337009756,0.699952321674943,0.7000011351850947,0.7000886674707809,0.7005925234698187,0.7,True,True,0.00013634579583787776,0.0011370897688430803,0.0,0.0,0.0,0.0,2.730359574754993e-05
BMM,Virtual,mel75,Cropland,0.6993757653504602,0.6999458243368879,0.7000036573780151,0.7001366897346071,0.7008815665721569,0.7,True,True,0.00019086539771917543,0.0015058012216967454,0.0,0.0,0.0,0.0,3.9139507177518806e-05
BMM,Virtual,mel75,Decontaminated,0.0,0.0,1.0842021724855044e-19,1.966479197613503e-07,0.0004964628968532561,0.0,True,True,1.966479197613503e-07,0.0004964628968532561,0.0,0.0,0.0,0.0,4.559524833979351e-06
BMM,Virtual,mel75,Forest,0.19925576294391376,0.19987486087748438,0.19998988319733257,0.20003188988478102,0.2005091100331903,0.2,True,True,0.0001570290072966385,0.0012533470892765464,0.0,0.0,0.0,0.0,3.349941401089784e-05
BMM,Virtual,mel75,Subsurface,0.09937566598661204,0.09989804822826613,0.09999632913445237,0.10003472613859425,0.10046625551394152,0.1,True,True,0.00013667791032812016,0.0010905895273294747,0.0,0.0,0.0,0.0,2.787572178244047e-05
BMM,Virtual,mel76,Cropland,0.09848680748151674,0.09976061347154568,0.09997908533936348,0.10003728815484447,0.10064663319723044,0.1,True,True,0.0002766746832987971,0.0021598257157137007,0.0,0.0,0.0,0.0,5.947647387300652e-05
BMM,Virtual,mel76,Decontaminated,0.0,0.0,1.6263032587282567e-19,1.576240605828547e-05,0.0010996656503890149,0.0,True,True,1.576240605828547e-05,0.0010996656503890149,0.0,0.0,0.0,0.0,1.140280778923002e-05
BMM,Virtual,mel76,Forest,0.6994314417853235,0.6999479563343579,0.7000023309338956,0.700121693032475,0.7008558881579499,0.7,True,True,0.00017373669811704406,0.0014244463726263978,0.0,0.0,0.0,0.0,3.439040448712733e-05
BMM,Virtual,mel76,Subsurface,0.19928814997896868,0.19990714621496145,0.20000018223547716,0.2001009406072665,0.20066187087857237,0.2,True,True,0.0001937943923050467,0.001373720899603692,0.0,0.0,0.0,0.0,3.713850932949799e-05
BMM,Virtual,mel77,Cropland,0.0,0.0,1.4060746924421386e-19,1.240527920144804e-05,0.0007687919310281076,0.0,True,True,1.240527920144804e-05,0.0007687919310281076,0.0,0.0,0.0,0.0,8.36035039087786e-06
BMM,Virtual,mel77,Decontaminated,0.1989263921908476,0.19985287948547595,0.1999973374287188,0.20008340809139047,0.2007126694983351,0.2,True,True,0.00023052860591452062,0.0017862773074875105,0.0,0.0,0.0,0.0,4.617102637431898e-05
BMM,Virtual,mel77,Forest,0.09914183271253012,0.09984870495939173,0.09999000805782565,0.10004748758184664,0.10063175941242329,0.1,True,True,0.00019878262245491551,0.0014899266998931737,0.0,0.0,0.0,0.0,4.102433542085195e-05
BMM,Virtual,mel77,Subsurface,0.6994794807934709,0.6999504849380442,0.7000002830191578,0.700084576424964,0.7007088923722461,0.7,True,True,0.00013409148691978512,0.001229411578775208,0.0,0.0,0.0,0.0,2.770652021633752e-05
BMM,Virtual,mel78,Cropland,0.0,0.0,1.0842021724855044e-19,8.212646673932782e-07,0.0005085717861838718,0.0,True,True,8.212646673932782e-07,0.0005085717861838718,0.0,0.0,0.0,0.0,4.585770994994584e-06
BMM,Virtual,mel78,Decontaminated,0.6993813483546779,0.6999489873294503,0.7000026285339825,0.7001184375884919,0.7007929869354385,0.7,True,True,0.0001694502590415814,0.0014116385807605436,0.0,0.0,0.0,0.0,3.557586944990431e-05
BMM,Virtual,mel78,Forest,0.19935192486626954,0.19989957495618746,0.19999616343817603,0.20003597736436413,0.20046352182423804,0.2,True,True,0.00013640240817666682,0.0011115969579685026,0.0,0.0,0.0,0.0,2.8182428365899117e-05
BMM,Virtual,mel78,Subsurface,0.09930319096258426,0.0998782290938336,0.09999158134878532,0.100028421146354,0.10057724176831234,0.1,True,True,0.00015019205252039813,0.0012740508057280803,0.0,0.0,0.0,0.0,3.219239709443557e-05
BMM,Virtual,mel79,Cropland,0.0,0.0,1.0842021724855044e-19,2.8945732862039122e-06,0.0007403540804641202,0.0,True,True,2.8945732862039122e-06,0.0007403540804641202,0.0,0.0,0.0,0.0,7.582895908424904e-06
BMM,Virtual,mel79,Decontaminated,0.09895411434690692,0.09981219546455092,0.099986783459252,0.1000293840409372,0.10058366801132222,0.1,True,True,0.00021718857638627909,0.0016295536644153064,0.0,0.0,0.0,0.0,4.5008181797807765e-05
BMM,Virtual,mel79,Forest,0.699448295758829,0.6999395046810549,0.7000003041906893,0.700077365095128,0.7006315910838063,0.7,True,True,0.00013786041407304328,0.001183295324977296,0.0,0.0,0.0,0.0,2.745648721449244e-05
BMM,Virtual,mel79,Subsurface,0.19941705187208836,0.19992895359907914,0.20000030643107358,0.20010526879609514,0.20071687755703813,0.2,True,True,0.00017631519701599707,0.001299825684949768,0.0,0.0,0.0,0.0,3.3664392283518665e-05
BMM,Virtual,mel8,Cropland,0.0,0.0,4.336808689942018e-19,2.5757358031505624e-05,0.0006215906749157817,0.0,True,True,2.5757358031505624e-05,0.0006215906749157817,0.0,0.0,0.0,0.0,9.023596620262138e-06
BMM,Virtual,mel8,Decontaminated,0.3742392041388342,0.3748577133922605,0.37499801696940205,0.37501174193590225,0.37539377663161844,0.375,True,True,0.000154028543641771,0.0011545724927842227,0.0,0.0,0.0,0.0,3.075778048550873e-05
BMM,Virtual,mel8,Forest,0.0,0.0,2.168404344971009e-19,2.3637280615091294e-06,0.00048456402527519274,0.0,True,True,2.3637280615091294e-06,0.00048456402527519274,0.0,0.0,0.0,0.0,4.954605939230426e-06
BMM,Virtual,mel8,Subsurface,0.6244091882875422,0.6248903286574486,0.6249982020847791,0.6250237879443659,0.6254427069361753,0.625,True,True,0.00013345928691721465,0.0010335186486331027,0.0,0.0,0.0,0.0,2.7584674934428847e-05
BMM,Virtual,mel80,Cropland,0.0,0.0,8.673617379884035e-19,4.7894089800684615e-05,0.0008235591204353352,0.0,True,True,4.7894089800684615e-05,0.0008235591204353352,0.0,0.0,0.0,0.0,1.3690949342247107e-05
BMM,Virtual,mel80,Decontaminated,0.09905795538574463,0.09983195825834243,0.09999720218814151,0.100000038992994,0.10023387635883405,0.1,True,True,0.0001680807346515767,0.0011759209730894116,0.0,0.0,0.0,0.0,3.2694999015766456e-05
BMM,Virtual,mel80,Forest,0.0,0.0,2.168404344971009e-19,1.8056639892880455e-07,0.0005321353339113215,0.0,True,True,1.8056639892880455e-07,0.0005321353339113215,0.0,0.0,0.0,0.0,4.086030756762508e-06
BMM,Virtual,mel80,Subsurface,0.8994487230173238,0.8999225353282093,0.9000000574009899,0.9000174539100443,0.9005017632839917,0.9,True,True,9.491858183496849e-05,0.0010530402666678595,0.0,0.0,0.0,0.0,2.13971903053333e-05
BMM,Virtual,mel81,Cropland,0.0,0.0,1.0842021724855044e-19,1.1357550796149175e-06,0.00056554766604497,0.0,True,True,1.1357550796149175e-06,0.00056554766604497,0.0,0.0,0.0,0.0,5.25543683028971e-06
BMM,Virtual,mel81,Decontaminated,0.8993109586682189,0.8999050361652533,0.8999996661045799,0.9000153654495551,0.9004987452080454,0.9,True,True,0.00011032928430176892,0.0011877865398265408,0.0,0.0,0.0,0.0,2.491305416191498e-05
BMM,Virtual,mel81,Forest,0.0,0.0,1.0842021724855044e-19,1.0139704594426362e-07,0.0003586657187134045,0.0,True,True,1.0139704594426362e-07,0.0003586657187134045,0.0,0.0,0.0,0.0,2.3891466220718856e-06
BMM,Virtual,mel81,Subsurface,0.09933422333488438,0.09992048750941471,0.09999941666386253,0.10001285285569504,0.10045266485514442,0.1,True,True,9.236534628033477e-05,0.0011184415202600412,0.0,0.0,0.0,0.0,2.2338995430164e-05
BMM,Virtual,mel82,Cropland,0.09890929620123957,0.09978677120401169,0.09997206600453298,0.10000030198280893,0.10031433429934006,0.1,True,True,0.00021353077879723847,0.0014050380981004834,0.0,0.0,0.0,0.0,4.491392980099119e-05
BMM,Virtual,mel82,Decontaminated,0.0,0.0,4.336808689942018e-19,5.4028465159156166e-05,0.0008714983636099178,0.0,True,True,5.4028465159156166e-05,0.0008714983636099178,0.0,0.0,0.0,0.0,1.372465600491286e-05
BMM,Virtual,mel82,Forest,0.0,0.0,2.168404344971009e-19,1.982453095787911e-05,0.0006981420435308536,0.0,True,True,1.982453095787911e-05,0.0006981420435308536,0.0,0.0,0.0,0.0,9.173589669490348e-06
BMM,Virtual,mel82,Subsurface,0.8993822655572059,0.8999095594456451,0.8999982472638757,0.9000310351981677,0.9005015175428914,0.9,True,True,0.00012147575252263731,0.001119251985685521,0.0,0.0,0.0,0.0,2.5735268948128183e-05
BMM,Virtual,mel83,Cropland,0.8992184833695113,0.8998688279943389,0.8999930669698932,0.9000177652390767,0.9004758887708806,0.9,True,True,0.00014893724473785674,0.0012574054013693159,0.0,0.0,0.0,0.0,3.2759814769599244e-05
BMM,Virtual,mel83,Decontaminated,0.0,0.0,2.168404344971009e-19,5.28328178709741e-06,0.0006240097874209789,0.0,True,True,5.28328178709741e-06,0.0006240097874209789,0.0,0.0,0.0,0.0,6.628050013505386e-06
BMM,Virtual,mel83,Forest,0.0,0.0,1.3552527156068805e-19,1.1573753481655635e-05,0.0005602602938948319,0.0,True,True,1.1573753481655635e-05,0.0005602602938948319,0.0,0.0,0.0,0.0,6.204710363893105e-06
BMM,Virtual,mel83,Subsurface,0.09934014093802439,0.09988171349235209,0.0999974058679785,0.10002290644047657,0.10045630749484101,0.1,True,True,0.00014119294812448002,0.0011161665568166224,0.0,0.0,0.0,0.0,2.8308172379187436e-05
BMM,Virtual,mel84,Cropland,0.0,0.0,2.168404344971009e-19,1.277077498101407e-05,0.0008154303984608508,0.0,True,True,1.277077498101407e-05,0.0008154303984608508,0.0,0.0,0.0,0.0,8.702831489213161e-06
BMM,Virtual,mel84,Decontaminated,0.0,0.0,1.5754812818929986e-19,1.0753003616464018e-06,0.0006683722781921655,0.0,True,True,1.0753003616464018e-06,0.0006683722781921655,0.0,0.0,0.0,0.0,5.998143432232379e-06
BMM,Virtual,mel84,Forest,0.09922754729271621,0.09990366932581253,0.09999973954311396,0.10000522537882155,0.10032779628806202,0.1,True,True,0.00010155605300901649,0.001100248995345804,0.0,0.0,0.0,0.0,2.228938778601897e-05
BMM,Virtual,mel84,Subsurface,0.8993963449661201,0.8998873653617434,0.8999966213190504,0.9000004208379919,0.900318413675823,0.9,True,True,0.00011305547624851364,0.0009220687097029057,0.0,0.0,0.0,0.0,2.3838710223897473e-05
BMM,Virtual,mel85,Cropland,0.0,0.0,1.6263032587282567e-19,8.041437819461485e-06,0.0006684965536203786,0.0,True,True,8.041437819461485e-06,0.0006684965536203786,0.0,0.0,0.0,0.0,7.010713151910547e-06
BMM,Virtual,mel85,Decontaminated,0.0,0.0,8.131516293641283e-20,4.188230962831564e-07,0.0006591452814496417,0.0,True,True,4.188230962831564e-07,0.0006591452814496417,0.0,0.0,0.0,0.0,5.861671587356829e-06
BMM,Virtual,mel85,Forest,0.8993787595675498,0.8998796797286928,0.8999913949467784,0.9000003384055513,0.9002729881778696,0.9,True,True,0.0001206586768585094,0.0008942286103198471,0.0,0.0,0.0,0.0,2.55744190251024e-05
BMM,Virtual,mel85,Subsurface,0.09936257422674136,0.09993326074804133,0.09999975575507722,0.10001063438689253,0.10034324749068206,0.1,True,True,7.737363885119974e-05,0.000980673263940704,0.0,0.0,0.0,0.0,1.858079754253626e-05
BMM,Virtual,mel86,Cropland,0.09896043909210951,0.0998370842708765,0.09999621252923989,0.1000012181704805,0.10058777297036879,0.1,True,True,0.00016413389960399927,0.0016273338782592794,0.0,0.0,0.0,0.0,3.557300242705059e-05
BMM,Virtual,mel86,Decontaminated,0.8992694397781111,0.899928271461323,0.8999997039047466,0.9000442373810701,0.9007142228880697,0.9,True,True,0.00011596591974705195,0.0014447831099585473,0.0,0.0,0.0,0.0,2.614414994643366e-05
BMM,Virtual,mel86,Forest,0.0,0.0,1.734723475976807e-18,1.6667437429417932e-05,0.0006583434154285635,0.0,True,True,1.6667437429417932e-05,0.0006583434154285635,0.0,0.0,0.0,0.0,7.901184310562693e-06
BMM,Virtual,mel86,Subsurface,0.0,0.0,6.977787073179938e-19,7.200959979059433e-06,0.0004935972123966545,0.0,True,True,7.200959979059433e-06,0.0004935972123966545,0.0,0.0,0.0,0.0,4.990471937271704e-06
BMM,Virtual,mel87,Cropland,0.8992525005137145,0.8998890329992233,0.8999995251582746,0.9000108234347006,0.9006364098056745,0.9,True,True,0.00012179043547733137,0.0013839092919599727,0.0,0.0,0.0,0.0,2.824621047918592e-05
BMM,Virtual,mel87,Decontaminated,0.0991561472188886,0.0998900932578444,0.09999959994402456,0.10001632641721286,0.10062935163277437,0.1,True,True,0.00012623315936846624,0.0014732044138857647,0.0,0.0,0.0,0.0,2.8201057848765407e-05
BMM,Virtual,mel87,Forest,0.0,0.0,1.2161509337320622e-18,1.604792739839795e-05,0.0004949305922050872,0.0,True,True,1.604792739839795e-05,0.0004949305922050872,0.0,0.0,0.0,0.0,6.675457977295403e-06
BMM,Virtual,mel87,Subsurface,0.0,0.0,4.336808689942018e-19,1.524378244339205e-06,0.0004521576754841803,0.0,True,True,1.524378244339205e-06,0.0004521576754841803,0.0,0.0,0.0,0.0,4.68220334350451e-06
BMM,Virtual,mel88,Cropland,0.0,0.0,2.168404344971009e-19,9.769266973252242e-06,0.0007293522822271077,0.0,True,True,9.769266973252242e-06,0.0007293522822271077,0.0,0.0,0.0,0.0,7.526342489935238e-06
BMM,Virtual,mel88,Decontaminated,0.8993210210490173,0.8998983063781522,0.8999994544253513,0.9000414658181928,0.9005006811772825,0.9,True,True,0.00014315944004061887,0.001179660128265203,0.0,0.0,0.0,0.0,2.86933619318212e-05
BMM,Virtual,mel88,Forest,0.09927645956960085,0.09986387829714644,0.09998944981322458,0.10000559540525457,0.10038029487600354,0.1,True,True,0.0001417171081081331,0.0011038353064026923,0.0,0.0,0.0,0.0,3.140805553817109e-05
BMM,Virtual,mel88,Subsurface,0.0,0.0,2.1684040905161585e-19,2.230914029440647e-06,0.0004652726707640105,0.0,True,True,2.230914029440647e-06,0.0004652726707640105,0.0,0.0,0.0,0.0,4.545971566590219e-06
BMM,Virtual,mel89,Cropland,0.0,0.0,4.336808689942018e-19,3.557196667675446e-05,0.0009064325334896366,0.0,True,True,3.557196667675446e-05,0.0009064325334896366,0.0,0.0,0.0,0.0,1.2193675149913078e-05
BMM,Virtual,mel89,Decontaminated,0.0990542509983568,0.09981465747155381,0.0999844602859089,0.10000069329902317,0.10033059982566564,0.1,True,True,0.00018603582746935798,0.001276348827308843,0.0,0.0,0.0,0.0,3.911749742245576e-05
BMM,Virtual,mel89,Forest,0.899400467429413,0.8999170530330551,0.8999998157028819,0.9000312930621869,0.9005108075724058,0.9,True,True,0.00011424002913174025,0.0011103401429927162,0.0,0.0,0.0,0.0,2.452520892235881e-05
BMM,Virtual,mel89,Subsurface,0.0,0.0,3.2526065174565133e-19,6.2097438766314295e-06,0.0005899650400507198,0.0,True,True,6.2097438766314295e-06,0.0005899650400507198,0.0,0.0,0.0,0.0,6.150070257541186e-06
BMM,Virtual,mel90,Cropland,0.8992704508711866,0.8999078740389244,0.8999998099736489,0.9000423054018849,0.9006484143449884,0.9,True,True,0.00013443136296054092,0.0013779634738018132,0.0,0.0,0.0,0.0,2.8787595091677224e-05
BMM,Virtual,mel90,Decontaminated,0.0,0.0,1.536566577980431e-19,1.871108503140144e-06,0.0005110349610180558,0.0,True,True,1.871108503140144e-06,0.0005110349610180558,0.0,0.0,0.0,0.0,4.929979768390286e-06
BMM,Virtual,mel90,Forest,0.09923303113308296,0.09988051722715346,0.09999699808293167,0.10000912165851851,0.10047218142258114,0.1,True,True,0.0001286044313650453,0.0012391502894981837,0.0,0.0,0.0,0.0,2.8526093151046627e-05
BMM,Virtual,mel90,Subsurface,0.0,0.0,1.6263032587282567e-19,2.367158164798234e-07,0.0004288553375332574,0.0,True,True,2.367158164798234e-07,0.0004288553375332574,0.0,0.0,0.0,0.0,3.610178995092905e-06
BMM,Virtual,mel91,Cropland,0.09896422309939099,0.0998117968826692,0.09999042786428394,0.10000029019609565,0.1002968868605135,0.1,True,True,0.00018849331342644937,0.00133266376112251,0.0,0.0,0.0,0.0,3.8925489327789996e-05
BMM,Virtual,mel91,Decontaminated,0.0,0.0,4.336808689942018e-19,4.207462555951141e-05,0.0008344672479167433,0.0,True,True,4.207462555951141e-05,0.0008344672479167433,0.0,0.0,0.0,0.0,1.2023513879940773e-05
BMM,Virtual,mel91,Forest,0.8994750042084603,0.8999203423480832,0.9000001777521245,0.9000500619000221,0.9006790914520479,0.9,True,True,0.00012971955193896711,0.0012040872435876704,0.0,0.0,0.0,0.0,2.5442675637919748e-05
BMM,Virtual,mel91,Subsurface,0.0,0.0,3.2526065174565133e-19,2.909608697168782e-06,0.0005268023702198283,0.0,True,True,2.909608697168782e-06,0.0005268023702198283,0.0,0.0,0.0,0.0,5.363513371766128e-06
BMM,Virtual,mel92,Cropland,0.0,0.0,4.336808689942018e-19,2.9666032407916977e-05,0.0006093257548660403,0.0,True,True,2.9666032407916977e-05,0.0006093257548660403,0.0,0.0,0.0,0.0,9.099984456941282e-06
BMM,Virtual,mel92,Decontaminated,0.49929233992695665,0.49987716985001135,0.49999950326196485,0.5000337804969057,0.5004712703438193,0.5,True,True,0.00015661064689437287,0.001178930416862678,0.0,0.0,0.0,0.0,3.12169997746508e-05
BMM,Virtual,mel92,Forest,0.0,0.0,1.2366681029912785e-19,7.054512552199729e-07,0.00041814116452080753,0.0,True,True,7.054512552199729e-07,0.00041814116452080753,0.0,0.0,0.0,0.0,4.240761685153711e-06
BMM,Virtual,mel92,Subsurface,0.49937253141949,0.4998804476444605,0.49999318791826936,0.5000181139297935,0.5004855518681465,0.5,True,True,0.00013766628533296021,0.0011130204486564654,0.0,0.0,0.0,0.0,3.0231800041225003e-05
BMM,Virtual,mel93,Cropland,0.4992469808249281,0.49989142920321317,0.4999992565620259,0.5000320163257541,0.5004887289191854,0.5,True,True,0.00014058712254094718,0.0012417480942573111,0.0,0.0,0.0,0.0,2.8888155388117302e-05
BMM,Virtual,mel93,Decontaminated,0.0,0.0,3.2526065174565133e-19,1.4760647169195242e-05,0.000641850250348883,0.0,True,True,1.4760647169195242e-05,0.000641850250348883,0.0,0.0,0.0,0.0,6.828031699238303e-06
BMM,Virtual,mel93,Forest,0.0,0.0,2.168404344971009e-19,1.2960991942650697e-05,0.0005134493097689305,0.0,True,True,1.2960991942650697e-05,0.0005134493097689305,0.0,0.0,0.0,0.0,6.588465741346001e-06
BMM,Virtual,mel93,Subsurface,0.499372379637349,0.4998709184588446,0.4999890321544455,0.5000087480268899,0.5004648275951055,0.5,True,True,0.0001378295680452557,0.0010924479577564816,0.0,0.0,0.0,0.0,3.084754854670174e-05
BMM,Virtual,mel94,Cropland,0.0,0.0,2.168404344971009e-19,9.027261528354738e-06,0.0006862619616082546,0.0,True,True,9.027261528354738e-06,0.0006862619616082546,0.0,0.0,0.0,0.0,6.992441924192875e-06
BMM,Virtual,mel94,Decontaminated,0.0,0.0,2.168404344971009e-19,3.1863359063744046e-06,0.000590379185233509,0.0,True,True,3.1863359063744046e-06,0.000590379185233509,0.0,0.0,0.0,0.0,6.501623574955477e-06
BMM,Virtual,mel94,Forest,0.49933720124180186,0.4998840564800462,0.4999994241410226,0.5000053941967716,0.5003342456444437,0.5,True,True,0.00012133771672540039,0.0009970444026418668,0.0,0.0,0.0,0.0,2.5692153722050684e-05
BMM,Virtual,mel94,Subsurface,0.49938877344734717,0.49989769197008604,0.4999993282118599,0.5000070780701262,0.500334245609058,0.5,True,True,0.00010938610004018745,0.0009454721617108697,0.0,0.0,0.0,0.0,2.3355084751668068e-05
BMM,Virtual,mel95,Cropland,0.49912272382295264,0.49983865565977215,0.49999023588158276,0.5000244990294007,0.5007333844387466,0.5,True,True,0.00018584336962856884,0.0016106606157939574,0.0,0.0,0.0,0.0,4.0092569132248336e-05
BMM,Virtual,mel95,Decontaminated,0.49909862527638593,0.4998617473055341,0.4999959895293963,0.5000463402244915,0.5006734593300736,0.5,True,True,0.0001845929189573381,0.0015748340536876348,0.0,0.0,0.0,0.0,3.878260506180519e-05
BMM,Virtual,mel95,Forest,0.0,0.0,1.6263032587282567e-19,1.7819308277530297e-05,0.0005754217329277409,0.0,True,True,1.7819308277530297e-05,0.0005754217329277409,0.0,0.0,0.0,0.0,7.539770555483844e-06
BMM,Virtual,mel95,Subsurface,0.0,0.0,2.1684043449710137e-19,2.0398575980164405e-05,0.0005463718144410924,0.0,True,True,2.0398575980164405e-05,0.0005463718144410924,0.0,0.0,0.0,0.0,7.682913339967566e-06
BMM,Virtual,mel96,Cropland,0.0,0.0,2.168404344971009e-19,1.2353993120485691e-05,0.000631077355483338,0.0,True,True,1.2353993120485691e-05,0.000631077355483338,0.0,0.0,0.0,0.0,6.989991695752193e-06
BMM,Virtual,mel96,Decontaminated,0.4992436051414798,0.49989393463495424,0.499999574390448,0.5000406288002515,0.5004742473954381,0.5,True,True,0.00014669416529722312,0.0012306422539583028,0.0,0.0,0.0,0.0,2.9652066274624725e-05
BMM,Virtual,mel96,Forest,0.4993508757934031,0.49986600620836025,0.49998983108311357,0.5000132316718474,0.5004189226348359,0.5,True,True,0.00014722546348716614,0.0010680468414328015,0.0,0.0,0.0,0.0,3.115291245136891e-05
BMM,Virtual,mel96,Subsurface,0.0,0.0,2.168404344971009e-19,5.887448727047226e-06,0.0004843200195529468,0.0,True,True,5.887448727047226e-06,0.0004843200195529468,0.0,0.0,0.0,0.0,4.9390489218390475e-06
BMM,Virtual,mel97,Cropland,0.49917721997663217,0.4998691840712348,0.49999848210971687,0.5000434524130067,0.5005167093371474,0.5,True,True,0.00017426834177192152,0.0013394893605152558,0.0,0.0,0.0,0.0,3.506943172583093e-05
BMM,Virtual,mel97,Decontaminated,0.0,0.0,3.2526065174565133e-19,2.995658987066651e-05,0.0005727884571575623,0.0,True,True,2.995658987066651e-05,0.0005727884571575623,0.0,0.0,0.0,0.0,9.32200669343828e-06
BMM,Virtual,mel97,Forest,0.4993215736936539,0.4998520023031892,0.49998976145599194,0.5000257885739504,0.5005790127849203,0.5,True,True,0.00017378627076120035,0.0012574390912664657,0.0,0.0,0.0,0.0,3.664855109202032e-05
BMM,Virtual,mel97,Subsurface,0.0,0.0,2.168404344971009e-19,3.0028715903688305e-06,0.00044381964705493613,0.0,True,True,3.0028715903688305e-06,0.00044381964705493613,0.0,0.0,0.0,0.0,4.68203222491474e-06
Bayesian,Laboratory,mel1,Cropland,0.002179501908034688,0.025355977474487874,0.057590244655964094,0.10411919711971498,0.23277170118119386,0.0,False,False,0.07876321964522712,0.2305921992731592,0.025355977474487874,0.002179501908034688,0.025355977474487874,0.002179501908034688,0.04095972767300818
Bayesian,Laboratory,mel1,Decontaminated,0.01467044041820685,0.12063365754157952,0.23967554907857175,0.3783394226224087,0.6169249114957702,0.0,False,False,0.2577057650808292,0.6022544710775634,0.12063365754157952,0.01467044041820685,0.12063365754157952,0.01467044041820685,0.16390643415962147
Bayesian,Laboratory,mel1,Forest,0.0013026114034752603,0.01698000756914796,0.039625766554248695,0.07042026262941374,0.16615656466626602,0.0,False,False,0.053440255060265784,0.16485395326279076,0.01698000756914796,0.0013026114034752603,0.01698000756914796,0.0013026114034752603,0.027112425438327585
Bayesian,Laboratory,mel1,Subsurface,0.24738168966460297,0.5065359438600909,0.6323645120905155,0.7407917129263683,0.8861179212878283,1.0,False,False,0.23425576906627732,0.6387362316232253,-0.25920828707363175,-0.11388207871217171,0.25920828707363175,0.11388207871217171,0.29074043180968856
Bayesian,Laboratory,mel10,Cropland,0.007224711476491155,0.06082248151640488,0.11882614378721805,0.19780347522531783,0.3606235841590644,0.0,False,False,0.13698099370891295,0.35339887268257325,0.06082248151640488,0.007224711476491155,0.06082248151640488,0.007224711476491155,0.08371212105753417
Bayesian,Laboratory,mel10,Decontaminated,0.07361032924319307,0.32530169078636023,0.48833400845217106,0.6051125010412155,0.8036599623233154,0.625,False,True,0.27981081025485527,0.7300496330801223,-0.0198874989587845,0.0,0.0198874989587845,0.0,0.08835362776688077
Bayesian,Laboratory,mel10,Forest,0.002098404343117315,0.022307808811639653,0.0484815250404763,0.0893571842453122,0.18411152668202527,0.0,False,False,0.06704937543367254,0.18201312233890796,0.022307808811639653,0.002098404343117315,0.022307808811639653,0.002098404343117315,0.03417920462773987
Bayesian,Laboratory,mel10,Subsurface,0.027446324973853117,0.18854204063608504,0.32168755677352456,0.4678655667931679,0.7056815552232655,0.375,True,True,0.27932352615708284,0.6782352302494123,0.0,0.0,0.0,0.0,0.052901160663725535
Bayesian,Laboratory,mel12,Cropland,0.00946971417861842,0.0771828645206158,0.1473011721381293,0.2343800192905982,0.424764467026283,0.0,False,False,0.15719715476998242,0.4152947528476646,0.0771828645206158,0.00946971417861842,0.0771828645206158,0.00946971417861842,0.10307382371327191
Bayesian,Laboratory,mel12,Decontaminated,0.13186936314823422,0.46362201423993016,0.588577484430656,0.6986884683298131,0.8531655441820745,0.875,False,False,0.23506645408988297,0.7212961810338403,-0.17631153167018687,-0.021834455817925535,0.17631153167018687,0.021834455817925535,0.20714866111284702
Bayesian,Laboratory,mel12,Forest,0.002038469975785453,0.019321513691346128,0.040517481202735385,0.07714907302911092,0.16908102587089513,0.0,False,False,0.05782755933776479,0.1670425558951097,0.019321513691346128,0.002038469975785453,0.019321513691346128,0.002038469975785453,0.029544591027275025
Bayesian,Laboratory,mel12,Subsurface,0.009869858903790907,0.08051563467052611,0.17709337939028874,0.30950553754424,0.6210065080659003,0.125,True,True,0.22898990287371387,0.6111366491621094,0.0,0.0,0.0,0.0,0.04578514326615628
Bayesian,Laboratory,mel13,Cropland,0.017216911614420894,0.11954972116191748,0.21651220703033436,0.322778241688239,0.5197444460165032,0.125,True,True,0.2032285205263215,0.5025275344020823,0.0,0.0,0.0,0.0,0.05632817597910361
Bayesian,Laboratory,mel13,Decontaminated,0.07414769309001613,0.40562590645447,0.5446926918334021,0.6652586051462424,0.8420916467368524,0.875,False,False,0.25963269869177236,0.7679439536468363,-0.20974139485375765,-0.03290835326314756,0.20974139485375765,0.03290835326314756,0.24404501334661582
Bayesian,Laboratory,mel13,Forest,0.0014616664259248019,0.01848517148600656,0.040560073209322874,0.07554207383824352,0.16765027617338618,0.0,False,False,0.057056902352236955,0.16618860974746139,0.01848517148600656,0.0014616664259248019,0.01848517148600656,0.0014616664259248019,0.02887273238530296
Bayesian,Laboratory,mel13,Subsurface,0.0051898619861808805,0.0712784845885791,0.1593202211907035,0.2866014689109002,0.5719011199332619,0.0,False,False,0.2153229843223211,0.566711257947081,0.0712784845885791,0.0051898619861808805,0.0712784845885791,0.0051898619861808805,0.11126826688200964
Bayesian,Laboratory,mel15,Cropland,0.02236513624885431,0.15187469283076296,0.2707288200593304,0.39360934460246466,0.6122459357671637,0.375,True,True,0.2417346517717017,0.5898807995183094,0.0,0.0,0.0,0.0,0.06465532196393106
Bayesian,Laboratory,mel15,Decontaminated,0.06187299436882818,0.3059660093597215,0.43913803444381694,0.5589584125367135,0.743013548822147,0.625,False,True,0.252992403176992,0.6811405544533188,-0.06604158746328648,0.0,0.06604158746328648,0.0,0.11608607110429629
Bayesian,Laboratory,mel15,Forest,0.005395539424728774,0.04948692832780054,0.0999858197759955,0.1591711701569539,0.27730382304336704,0.0,False,False,0.10968424182915334,0.2719082836186383,0.04948692832780054,0.005395539424728774,0.04948692832780054,0.005395539424728774,0.06889794360481921
Bayesian,Laboratory,mel15,Subsurface,0.011430874133887034,0.08413393264747952,0.16294911158221925,0.26421956519105977,0.4631489722254731,0.0,False,False,0.18008563254358023,0.45171809809158603,0.08413393264747952,0.011430874133887034,0.08413393264747952,0.011430874133887034,0.11374447516506492
Bayesian,Laboratory,mel17,Cropland,0.05309584316444765,0.27586353759444615,0.40970157542444297,0.5353852322149063,0.7469667132082677,0.625,False,True,0.25952169462046015,0.6938708700438201,-0.0896147677850937,0.0,0.0896147677850937,0.0,0.13426190112341735
Bayesian,Laboratory,mel17,Decontaminated,0.061911035758570945,0.276181495689882,0.38512272674489334,0.5059836633514776,0.7139859160311786,0.375,True,True,0.2298021676615956,0.6520748802726076,0.0,0.0,0.0,0.0,0.04034482157477451
Bayesian,Laboratory,mel17,Forest,0.00709577036484776,0.048425739191450504,0.09424317459211444,0.14815429365215924,0.26925140783245005,0.0,False,False,0.09972855446070873,0.2621556374676023,0.048425739191450504,0.00709577036484776,0.048425739191450504,0.00709577036484776,0.06580418838087976
Bayesian,Laboratory,mel17,Subsurface,0.005088708722596794,0.03939676932525388,0.08328043855991031,0.14069903107307527,0.2749901559994726,0.0,False,False,0.10130226174782139,0.26990144727687576,0.03939676932525388,0.005088708722596794,0.03939676932525388,0.005088708722596794,0.058230879617466855
Bayesian,Laboratory,mel19,Cropland,0.10147102092601422,0.349510617113639,0.48023218013044544,0.5992587517977739,0.8076313588520663,0.875,False,False,0.24974813468413487,0.706160337926052,-0.2757412482022261,-0.06736864114793373,0.2757412482022261,0.06736864114793373,0.302061527771835
Bayesian,Laboratory,mel19,Decontaminated,0.029421581372858947,0.1828680884473786,0.30955633131373395,0.42478041336143213,0.6676921212474509,0.125,False,True,0.24191232491405354,0.6382705398745919,0.05786808844737859,0.0,0.05786808844737859,0.0,0.10792749968795359
Bayesian,Laboratory,mel19,Forest,0.00988696037151417,0.062676357666309,0.11178882561467898,0.1720085110903685,0.2933160670651032,0.0,False,False,0.1093321534240595,0.28342910669358906,0.062676357666309,0.00988696037151417,0.062676357666309,0.00988696037151417,0.07915983297458638
Bayesian,Laboratory,mel19,Subsurface,0.00418941191812362,0.037379076457099925,0.07965223073564792,0.13622926077485797,0.268327230584129,0.0,False,False,0.09885018431775805,0.2641378186660054,0.037379076457099925,0.00418941191812362,0.037379076457099925,0.00418941191812362,0.05562729936608201
Bayesian,Laboratory,mel2,Cropland,0.005416149125427004,0.044218612259895144,0.09782245092563596,0.1781406082881873,0.3872832357036188,0.0,False,False,0.13392199602829216,0.3818670865781918,0.044218612259895144,0.005416149125427004,0.044218612259895144,0.005416149125427004,0.06942160470900328
Bayesian,Laboratory,mel2,Decontaminated,0.035451458894845564,0.2399847439667073,0.43275795348113466,0.5911573285962244,0.806340593629412,1.0,False,False,0.35117258462951706,0.7708891347345664,-0.4088426714037756,-0.19365940637058798,0.4088426714037756,0.19365940637058798,0.4552803269201817
Bayesian,Laboratory,mel2,Forest,0.005481714451599074,0.05950730848996333,0.11216875913639639,0.17508234621534047,0.3073925137979746,0.0,False,False,0.11557503772537714,0.30191079934637555,0.05950730848996333,0.005481714451599074,0.05950730848996333,0.005481714451599074,0.07815234435116136
Bayesian,Laboratory,mel2,Subsurface,0.018776721653608993,0.15645527335219359,0.32413058901400593,0.4913098467278045,0.7057489904018869,0.0,False,False,0.33485457337561086,0.6869722687482779,0.15645527335219359,0.018776721653608993,0.15645527335219359,0.018776721653608993,0.21557470136901238
Bayesian,Laboratory,mel20,Cropland,0.0035008464238736677,0.032009519307528225,0.0717890354692004,0.12701499133159777,0.26494000503836945,0.125,True,True,0.09500547202406955,0.2614391586144958,0.0,0.0,0.0,0.0,0.03012706706995881
Bayesian,Laboratory,mel20,Decontaminated,0.010421168282089758,0.09348336337713038,0.18649897819091021,0.2982124857787646,0.5328986462034755,0.0,False,False,0.2047291224016342,0.5224774779213858,0.09348336337713038,0.010421168282089758,0.09348336337713038,0.010421168282089758,0.12796763171158798
Bayesian,Laboratory,mel20,Forest,0.0039736761971043595,0.034864318184268835,0.07434587883900863,0.12201235750164138,0.238622869036458,0.0,False,False,0.08714803931737256,0.23464919283935362,0.034864318184268835,0.0039736761971043595,0.034864318184268835,0.0039736761971043595,0.05099968552000476
Bayesian,Laboratory,mel20,Subsurface,0.3085398045900345,0.5311787582629456,0.6288997028225507,0.720409131340414,0.8425681327222743,0.875,False,False,0.18923037307746837,0.5340283281322398,-0.15459086865958604,-0.032431867277725734,0.15459086865958604,0.032431867277725734,0.18099405534880963
Bayesian,Laboratory,mel22,Cropland,0.022217041856139052,0.15287529177115633,0.24366964959581755,0.33999843864381074,0.543270928552932,0.375,False,True,0.1871231468726544,0.521053886696793,-0.03500156135618926,0.0,0.03500156135618926,0.0,0.07694038821888355
Bayesian,Laboratory,mel22,Decontaminated,0.038772376485004215,0.1946615214071445,0.30619572642211734,0.41543967115391217,0.6298740874351726,0.0,False,False,0.22077814974676768,0.5911017109501684,0.1946615214071445,0.038772376485004215,0.1946615214071445,0.038772376485004215,0.22250654722001673
Bayesian,Laboratory,mel22,Forest,0.00396502349939375,0.03978591614771041,0.08087762455399361,0.12874260840753976,0.23888467387883877,0.0,False,False,0.08895669225982936,0.234919650379445,0.03978591614771041,0.00396502349939375,0.03978591614771041,0.00396502349939375,0.05529654710542191
Bayesian,Laboratory,mel22,Subsurface,0.08526395820055177,0.25051308444975584,0.3430521652157211,0.44370714132598865,0.6145295823363713,0.625,False,False,0.1931940568762328,0.5292656241358196,-0.18129285867401135,-0.010470417663628662,0.18129285867401135,0.010470417663628662,0.20211179259689716
Bayesian,Laboratory,mel24,Cropland,0.09195084448755214,0.30614788728801,0.40857255258589775,0.5096257585535782,0.6764314557062245,0.625,False,True,0.20347787126556816,0.5844806112186725,-0.11537424144642183,0.0,0.11537424144642183,0.0,0.14236736440762005
Bayesian,Laboratory,mel24,Decontaminated,0.03907424838785499,0.18886867997519186,0.2941138663532251,0.4030836527478951,0.6531752072148234,0.0,False,False,0.21421497277270324,0.6141009588269684,0.18886867997519186,0.03907424838785499,0.18886867997519186,0.03907424838785499,0.21479323672743408
Bayesian,Laboratory,mel24,Forest,0.006420138739156812,0.042001769491884236,0.08211544968299875,0.1278192143357736,0.23704324930167278,0.0,False,False,0.08581744484388935,0.23062311056251597,0.042001769491884236,0.006420138739156812,0.042001769491884236,0.006420138739156812,0.05676230440781547
Bayesian,Laboratory,mel24,Subsurface,0.01927801512880774,0.12127203458547181,0.19215726258785745,0.2765756287118263,0.4362738726403366,0.375,False,True,0.15530359412635447,0.4169958575115289,-0.09842437128817372,0.0,0.09842437128817372,0.0,0.11816220152795198
Bayesian,Laboratory,mel26,Cropland,0.22851397833010648,0.47633657844472127,0.5711646134961259,0.6647275589520972,0.8219596455665098,0.875,False,False,0.18839098050737596,0.5934456672364034,-0.21027244104790277,-0.0530403544334902,0.21027244104790277,0.0530403544334902,0.2298000776746038
Bayesian,Laboratory,mel26,Decontaminated,0.016873215718401533,0.12668772902355738,0.21773094038264823,0.33944992844844507,0.5821052782569958,0.0,False,False,0.2127621994248877,0.5652320625385943,0.12668772902355738,0.016873215718401533,0.12668772902355738,0.016873215718401533,0.15743436928360743
Bayesian,Laboratory,mel26,Forest,0.004660387471590195,0.040706142314492016,0.08172625299966285,0.1277208459065946,0.231220309291532,0.0,False,False,0.08701470359210259,0.2265599218199418,0.040706142314492016,0.004660387471590195,0.040706142314492016,0.004660387471590195,0.056407581229208414
Bayesian,Laboratory,mel26,Subsurface,0.005058015935820525,0.04486654437741594,0.08985918168477264,0.14765432795294106,0.2832027826582346,0.125,True,True,0.10278778357552512,0.2781447667224141,0.0,0.0,0.0,0.0,0.02327919410217233
Bayesian,Laboratory,mel27,Cropland,0.010914852431667644,0.10272806866179689,0.19606388772567773,0.2830604728049433,0.44603317682801064,0.125,True,True,0.18033240414314639,0.435118324396343,0.0,0.0,0.0,0.0,0.04474441197117136
Bayesian,Laboratory,mel27,Decontaminated,0.004651202359000361,0.05302185749657637,0.10538865164589559,0.17920662604587342,0.3350671622844959,0.0,False,False,0.12618476854929705,0.33041595992549555,0.05302185749657637,0.004651202359000361,0.05302185749657637,0.004651202359000361,0.07442703725865973
Bayesian,Laboratory,mel27,Forest,0.4201562508041846,0.5375325815024693,0.5946512601881233,0.6592590751404738,0.7933327463906008,0.875,False,False,0.12172649363800447,0.3731764955864162,-0.21574092485952623,-0.08166725360939919,0.21574092485952623,0.08166725360939919,0.2238318763857054
Bayesian,Laboratory,mel27,Subsurface,0.0025560988599143603,0.026814526894758807,0.059981097522477836,0.1074499940915358,0.227028707832926,0.0,False,False,0.080635467196777,0.22447260897301163,0.026814526894758807,0.0025560988599143603,0.026814526894758807,0.0025560988599143603,0.041842135683349144
Bayesian,Laboratory,mel29,Cropland,0.038749942469536,0.19360438278059466,0.31197748325021835,0.41631441271657194,0.6042686513957798,0.375,True,True,0.22271002993597727,0.5655187089262438,0.0,0.0,0.0,0.0,0.048420955133447935
Bayesian,Laboratory,mel29,Decontaminated,0.007818115004411966,0.08208023194931233,0.1555360761308864,0.2559143725318679,0.46343818472020115,0.0,False,False,0.17383414058255556,0.45562006971578917,0.08208023194931233,0.007818115004411966,0.08208023194931233,0.007818115004411966,0.1104626913526594
Bayesian,Laboratory,mel29,Forest,0.2426789673930391,0.3690960808359574,0.4347915915458778,0.5055782537824106,0.6343727754634579,0.625,False,True,0.1364821729464532,0.39169380807041887,-0.11942174621758939,0.0,0.11942174621758939,0.0,0.13339721959011105
Bayesian,Laboratory,mel29,Subsurface,0.002623029890531214,0.027381828164823742,0.05780256963228744,0.10008132108096,0.22242033791235555,0.0,False,False,0.07269949291613625,0.21979730802182434,0.027381828164823742,0.002623029890531214,0.027381828164823742,0.002623029890531214,0.040728256295879124
Bayesian,Laboratory,mel3,Cropland,0.09452834571781013,0.35140639382467176,0.4788694550930763,0.6041996226676122,0.7874731302684543,1.0,False,False,0.2527932288429404,0.6929447845506442,-0.3958003773323878,-0.21252686973154566,0.3958003773323878,0.21252686973154566,0.4280141045575826
Bayesian,Laboratory,mel3,Decontaminated,0.015844205717899768,0.12343315786048553,0.21449686877070004,0.3322543917792378,0.5498722156056646,0.0,False,False,0.2088212339187523,0.5340280098877648,0.12343315786048553,0.015844205717899768,0.12343315786048553,0.015844205717899768,0.1522267222609966
Bayesian,Laboratory,mel3,Forest,0.028137288043696074,0.13569552280709718,0.2016872268422432,0.26676601337583605,0.3995681099442195,0.0,False,False,0.13107049056873887,0.3714308219005234,0.13569552280709718,0.028137288043696074,0.13569552280709718,0.028137288043696074,0.14949317974353352
Bayesian,Laboratory,mel3,Subsurface,0.0048917826848625355,0.03836800269069977,0.07975171377549861,0.13227291880199019,0.25026790443827507,0.0,False,False,0.09390491611129041,0.24537612175341253,0.03836800269069977,0.0048917826848625355,0.03836800269069977,0.0048917826848625355,0.05480790351055459
Bayesian,Laboratory,mel31,Cropland,0.06447793243611365,0.3104449952843296,0.4370022912666521,0.5519338566920872,0.7343546897984274,0.625,False,True,0.24148886140775755,0.6698767573623138,-0.07306614330791283,0.0,0.07306614330791283,0.0,0.11708165037487343
Bayesian,Laboratory,mel31,Decontaminated,0.008742059967466775,0.09753421479560462,0.18723339105558046,0.3052929030051706,0.5339008214637365,0.0,False,False,0.20775868820956597,0.5251587614962697,0.09753421479560462,0.008742059967466775,0.09753421479560462,0.008742059967466775,0.12973453850125627
Bayesian,Laboratory,mel31,Forest,0.09413278920439662,0.22960610103272128,0.2954295057167585,0.36071921828055054,0.49204521068601265,0.375,False,True,0.13111311724782926,0.39791242148161604,-0.014280781719449465,0.0,0.014280781719449465,0.0,0.047349042265823406
Bayesian,Laboratory,mel31,Subsurface,0.002723798788209818,0.023410637466881518,0.054132140089708985,0.09465570175792302,0.1946849352545951,0.0,False,False,0.07124506429104151,0.19196113646638527,0.023410637466881518,0.002723798788209818,0.023410637466881518,0.002723798788209818,0.036996093464730734
Bayesian,Laboratory,mel33,Cropland,0.033964598517510436,0.2424245339733418,0.4130279672191458,0.5677868130999,0.7718603473036599,0.875,False,False,0.3253622791265582,0.7378957487861495,-0.3072131869001,-0.10313965269634007,0.3072131869001,0.10313965269634007,0.35107867637673407
Bayesian,Laboratory,mel33,Decontaminated,0.007992811790768335,0.07564861316519922,0.15023348709607542,0.26372754321346414,0.47332684339625447,0.0,False,False,0.18807893004826493,0.46533403160548614,0.07564861316519922,0.007992811790768335,0.07564861316519922,0.007992811790768335,0.10677887656839544
Bayesian,Laboratory,mel33,Forest,0.07021314034114967,0.216825945599873,0.30957243868064155,0.3959093079846515,0.5582433230366101,0.125,False,True,0.1790833623847785,0.4880301826954604,0.091825945599873,0.0,0.091825945599873,0.0,0.11688665334853132
Bayesian,Laboratory,mel33,Subsurface,0.004989614804897656,0.04336449073781758,0.09177854438396169,0.15663906556748375,0.32534422915551997,0.0,False,False,0.11327457482966616,0.3203546143506223,0.04336449073781758,0.004989614804897656,0.04336449073781758,0.004989614804897656,0.06343293809100861
Bayesian,Laboratory,mel34,Cropland,0.004681024722584019,0.05141767502157452,0.11259601665978458,0.19490331725821608,0.37229353350211747,0.0,False,False,0.14348564223664156,0.36761250877953344,0.05141767502157452,0.004681024722584019,0.05141767502157452,0.004681024722584019,0.07774517595548754
Bayesian,Laboratory,mel34,Decontaminated,0.004402261635419634,0.04707422956182009,0.09350549775682772,0.15554556131061353,0.3029270258431673,0.125,True,True,0.10847133174879345,0.29852476420774765,0.0,0.0,0.0,0.0,0.02309128131842595
Bayesian,Laboratory,mel34,Forest,0.4964072939130982,0.6120823080241107,0.6703780557892715,0.7349835998080458,0.8513769393599374,0.875,False,False,0.12290129178393516,0.35496964544683923,-0.14001640019195416,-0.023623060640062588,0.14001640019195416,0.023623060640062588,0.1523534372852379
Bayesian,Laboratory,mel34,Subsurface,0.0031595731922128816,0.031024134284606653,0.0673267939658294,0.12367922740443188,0.2517539114947608,0.0,False,False,0.09265509311982523,0.2485943383025479,0.031024134284606653,0.0031595731922128816,0.031024134284606653,0.0031595731922128816,0.04785634032743422
Bayesian,Laboratory,mel36,Cropland,0.010119562822047486,0.11543968523597334,0.2503237259577663,0.40513677638364554,0.6871410079825797,0.0,False,False,0.28969709114767217,0.6770214451605322,0.11543968523597334,0.010119562822047486,0.11543968523597334,0.010119562822047486,0.1681003934203174
Bayesian,Laboratory,mel36,Decontaminated,0.008213559860050316,0.088416445191769,0.17691327462974576,0.2854303824198028,0.4798426959774788,0.375,False,True,0.1970139372280338,0.4716291361174285,-0.08956961758019721,0.0,0.08956961758019721,0.0,0.12027928192178686
Bayesian,Laboratory,mel36,Forest,0.16521059490031295,0.36262009488196867,0.4451800702637201,0.5249726786500548,0.6690392520943714,0.625,False,True,0.16235258376808614,0.5038286571940584,-0.10002732134994519,0.0,0.10002732134994519,0.0,0.12190773615402635
Bayesian,Laboratory,mel36,Subsurface,0.003281380578989177,0.029930902032218508,0.06946195556834411,0.12580474462796423,0.28107389048020354,0.0,False,False,0.09587384259574572,0.27779250990121435,0.029930902032218508,0.003281380578989177,0.029930902032218508,0.003281380578989177,0.048355662517194836
Bayesian,Laboratory,mel38,Cropland,0.009738343649553189,0.11081060553045272,0.24536586812885391,0.4317041690225958,0.7482798931204848,0.0,False,False,0.32089356349214304,0.7385415494709316,0.11081060553045272,0.009738343649553189,0.11081060553045272,0.009738343649553189,0.1684698235150845
Bayesian,Laboratory,mel38,Decontaminated,0.020193651316662647,0.16360699972357753,0.3065779206917955,0.43237688950005493,0.6392531188027898,0.625,False,True,0.2687698897764774,0.6190594674861272,-0.19262311049994507,0.0,0.19262311049994507,0.0,0.22375591889038646
Bayesian,Laboratory,mel38,Forest,0.026227280873568626,0.17928211753000425,0.26363763138432306,0.3396902441817112,0.47736539477061,0.375,False,True,0.16040812665170692,0.4511381138970414,-0.035309755818288824,0.0,0.035309755818288824,0.0,0.0677999671467026
Bayesian,Laboratory,mel38,Subsurface,0.00594182475729332,0.05962931741625767,0.1260904589037412,0.2162539342017676,0.40742705582363936,0.0,False,False,0.15662461678550993,0.40148523106634604,0.05962931741625767,0.00594182475729332,0.05962931741625767,0.00594182475729332,0.08721459762122316
Bayesian,Laboratory,mel4,Cropland,0.003792561101382401,0.047949260575262234,0.10063013972070783,0.1706020543020196,0.3088553521985628,0.0,False,False,0.12265279372675737,0.30506279109718043,0.047949260575262234,0.003792561101382401,0.047949260575262234,0.003792561101382401,0.07005964896446716
Bayesian,Laboratory,mel4,Decontaminated,0.0031117484166494815,0.04017669686796404,0.07964381422717623,0.14037322148984205,0.27231085012259965,0.0,False,False,0.100196524621878,0.2691991017059502,0.04017669686796404,0.0031117484166494815,0.04017669686796404,0.0031117484166494815,0.05644971329716796
Bayesian,Laboratory,mel4,Forest,0.5628586501648298,0.6641322904463522,0.7198805175791001,0.7749477244667167,0.8762701923141094,1.0,False,False,0.11081543402036442,0.3134115421492796,-0.22505227553328333,-0.12372980768589059,0.22505227553328333,0.12372980768589059,0.23501862915342392
Bayesian,Laboratory,mel4,Subsurface,0.002650865843964611,0.02273978214709195,0.05418459115999664,0.09767014603592636,0.202748800490976,0.0,False,False,0.07493036388883441,0.20009793464701137,0.02273978214709195,0.002650865843964611,0.02273978214709195,0.002650865843964611,0.03734684312766935
Bayesian,Laboratory,mel40,Cropland,0.01957073939405854,0.1576583665501811,0.25787000328884535,0.36843985045099936,0.5759439383013712,0.0,False,False,0.21078148390081827,0.5563731989073127,0.1576583665501811,0.01957073939405854,0.1576583665501811,0.01957073939405854,0.18488426166737804
Bayesian,Laboratory,mel40,Decontaminated,0.11023757278057508,0.3750990333688664,0.5061482212741227,0.6264870592163864,0.8165516438356858,0.875,False,False,0.25138802584751996,0.7063140710551107,-0.24851294078361363,-0.05844835616431421,0.24851294078361363,0.05844835616431421,0.2783650135301698
Bayesian,Laboratory,mel40,Forest,0.0028676595054543145,0.022282358392732435,0.049834299669012004,0.0913795034415398,0.18718469187564707,0.125,False,True,0.06909714504880737,0.18431703237019276,-0.033620496558460194,0.0,0.033620496558460194,0.0,0.04412856755765525
Bayesian,Laboratory,mel40,Subsurface,0.006862167163320593,0.06897250510542347,0.14016505937028798,0.25076688490608867,0.4851644835945659,0.0,False,False,0.1817943798006652,0.47830231643124527,0.06897250510542347,0.006862167163320593,0.06897250510542347,0.006862167163320593,0.10061586669705008
Bayesian,Laboratory,mel41,Cropland,0.008992392917212008,0.0996125418964419,0.18341002295448694,0.27211695572032907,0.45030098015966485,0.0,False,False,0.17250441382388715,0.44130858724245287,0.0996125418964419,0.008992392917212008,0.0996125418964419,0.008992392917212008,0.1265404409296428
Bayesian,Laboratory,mel41,Decontaminated,0.006153324934136362,0.0625675735174229,0.1231418277532187,0.2016415216901706,0.35853675986607203,0.0,False,False,0.1390739481727477,0.3523834349319357,0.0625675735174229,0.006153324934136362,0.0625675735174229,0.006153324934136362,0.08444376210027053
Bayesian,Laboratory,mel41,Forest,0.40163101719761984,0.5136079572328032,0.5730173083320435,0.6396364998395639,0.7725136348230234,0.875,False,False,0.12602854260676077,0.37088261762540353,-0.23536350016043606,-0.10248636517697662,0.23536350016043606,0.10248636517697662,0.24401796547392193
Bayesian,Laboratory,mel41,Subsurface,0.0037912415137066114,0.037687246096642826,0.07700704331174639,0.12630302356195708,0.2520378581537417,0.125,True,True,0.08861577746531425,0.24824661664003508,0.0,0.0,0.0,0.0,0.028064788984978745
Bayesian,Laboratory,mel43,Cropland,0.02108738163098894,0.14748707472776634,0.2554495021920716,0.3713332987478445,0.574414083121538,0.0,False,False,0.22384622402007814,0.5533267014905491,0.14748707472776634,0.02108738163098894,0.14748707472776634,0.02108738163098894,0.17999541945215874
Bayesian,Laboratory,mel43,Decontaminated,0.012844268896044989,0.09625047931407844,0.18150937246254087,0.28422002104181276,0.45783238097229956,0.0,False,False,0.18796954172773434,0.44498811207625455,0.09625047931407844,0.012844268896044989,0.09625047931407844,0.012844268896044989,0.12686285126753707
Bayesian,Laboratory,mel43,Forest,0.18871370826077327,0.3172961528752166,0.3779639029800762,0.4478325328217234,0.5808744861364427,0.625,False,False,0.1305363799465068,0.3921607778756694,-0.17716746717827658,-0.04412551386355734,0.17716746717827658,0.04412551386355734,0.1876022993822796
Bayesian,Laboratory,mel43,Subsurface,0.008831146240675195,0.07791510733570992,0.1430245738816615,0.21671196598230372,0.37505050188493216,0.375,False,True,0.1387968586465938,0.36621935564425695,-0.15828803401769628,0.0,0.15828803401769628,0.0,0.16784658551004103
Bayesian,Laboratory,mel45,Cropland,0.011614694383781673,0.1031828489988706,0.19349815272961607,0.2922638081214255,0.5045022702703734,0.0,False,False,0.1890809591225549,0.49288757588659177,0.1031828489988706,0.011614694383781673,0.1031828489988706,0.011614694383781673,0.13300303456874263
Bayesian,Laboratory,mel45,Decontaminated,0.022533577031320237,0.13634985036117614,0.23768772356973394,0.34167872302163016,0.5465973795949755,0.0,False,False,0.20532887266045402,0.5240638025636553,0.13634985036117614,0.022533577031320237,0.13634985036117614,0.022533577031320237,0.1666006309625916
Bayesian,Laboratory,mel45,Forest,0.02941804031347985,0.12833924691257417,0.19405485287592017,0.2594183486924143,0.3889005811770795,0.375,False,True,0.13107910177984014,0.35948254086359965,-0.11558165130758569,0.0,0.11558165130758569,0.0,0.12709420388965614
Bayesian,Laboratory,mel45,Subsurface,0.08676607683082097,0.2625930451465083,0.35037008467364483,0.436918101034018,0.5973387733542601,0.625,False,False,0.17432505588750974,0.5105726965234392,-0.188081898965982,-0.02766122664573989,0.188081898965982,0.02766122664573989,0.2048738795945828
Bayesian,Laboratory,mel47,Cropland,0.00459422630411013,0.04746082355039712,0.09981869291442458,0.16559909304666617,0.3044817529564443,0.0,False,False,0.11813826949626904,0.2998875266523342,0.04746082355039712,0.00459422630411013,0.04746082355039712,0.00459422630411013,0.06848186965190482
Bayesian,Laboratory,mel47,Decontaminated,0.021590877440214,0.17843892867047068,0.28999514742773713,0.4182017040983448,0.6458804332096224,0.0,False,False,0.2397627754278741,0.6242895557694084,0.17843892867047068,0.021590877440214,0.17843892867047068,0.021590877440214,0.20708440727317923
Bayesian,Laboratory,mel47,Forest,0.002098404343117315,0.03171805366761288,0.06797000264520997,0.11714015881204959,0.22863352625925717,0.125,False,True,0.08542210514443671,0.22653512191613986,-0.007859841187950412,0.0,0.007859841187950412,0.0,0.03151306495792024
Bayesian,Laboratory,mel47,Subsurface,0.14327203515134213,0.3937259798559497,0.5166944050782838,0.6183847061673301,0.7927203581519562,0.875,False,False,0.2246587263113804,0.6494483230006141,-0.2566152938326699,-0.08227964184804382,0.2566152938326699,0.08227964184804382,0.28068953332910856
Bayesian,Laboratory,mel48,Cropland,0.06409999580800638,0.2801476442535318,0.40374746373112647,0.5323790944182905,0.7458073828921705,0.3,True,True,0.2522314501647587,0.6817073870841641,0.0,0.0,0.0,0.0,0.06595744706225584
Bayesian,Laboratory,mel48,Decontaminated,0.03516319252365073,0.2118905996456954,0.33576735926246515,0.4606523787486652,0.6667521261123011,0.3,True,True,0.24876177910296982,0.6315889335886503,0.0,0.0,0.0,0.0,0.04497863560103239
Bayesian,Laboratory,mel48,Forest,0.012326652218521009,0.08308865484139497,0.14117210511811912,0.20644757049201695,0.3377013712381549,0.3,False,True,0.12335891565062199,0.3253747190196339,-0.09355242950798304,0.0,0.09355242950798304,0.0,0.10849090620434743
Bayesian,Laboratory,mel48,Subsurface,0.004495074614434883,0.04150605497311361,0.09082099433384964,0.15538631533509467,0.30825641780480884,0.1,True,True,0.11388026036198107,0.30376134319037396,0.0,0.0,0.0,0.0,0.019744079575507327
Bayesian,Laboratory,mel49,Cropland,0.0047909225806956925,0.06283457018055302,0.141827228229388,0.2695922828995648,0.6342146422255495,0.3,False,True,0.20675771271901175,0.6294237196448538,-0.030407717100435216,0.0,0.030407717100435216,0.0,0.0880566691053914
Bayesian,Laboratory,mel49,Decontaminated,0.006568418248437742,0.07985386967017462,0.17994829955341665,0.3029027340660101,0.5236492694423515,0.1,True,True,0.2230488643958355,0.5170808511939137,0.0,0.0,0.0,0.0,0.053196205084404646
Bayesian,Laboratory,mel49,Forest,0.09363838742078152,0.28190904497965164,0.35353111068155035,0.42546534659068425,0.5548834117784538,0.3,True,True,0.1435563016110326,0.4612450243576723,0.0,0.0,0.0,0.0,0.03601615939949783
Bayesian,Laboratory,mel49,Subsurface,0.018965071786221702,0.14609987074401987,0.26313675935255465,0.36822384126433616,0.5262142950932084,0.3,True,True,0.2221239705203163,0.5072492233069866,0.0,0.0,0.0,0.0,0.04058124549928403
Bayesian,Laboratory,mel5,Cropland,0.013270984979996707,0.11864719184643763,0.24163466796467387,0.3861699208576046,0.676237774247964,0.25,True,True,0.26752272901116697,0.6629667892679674,0.0,0.0,0.0,0.0,0.046174133079382826
Bayesian,Laboratory,mel5,Decontaminated,0.016332543347126655,0.1445352203484067,0.2586866911311379,0.38730192722235507,0.6043595559024747,0.25,True,True,0.24276670687394836,0.5880270125553481,0.0,0.0,0.0,0.0,0.041551168747209086
Bayesian,Laboratory,mel5,Forest,0.02944167473967941,0.14840841166022978,0.23065216519752205,0.3005716115614225,0.4286179976275556,0.25,True,True,0.1521631999011927,0.3991763228878762,0.0,0.0,0.0,0.0,0.027379839907690343
Bayesian,Laboratory,mel5,Subsurface,0.019872626683428964,0.1288095222273895,0.22699871498511387,0.31804143245869987,0.5048684354145387,0.25,True,True,0.18923191023131036,0.48499580873110976,0.0,0.0,0.0,0.0,0.034054852733844315
Bayesian,Laboratory,mel50,Cropland,0.02495087904056798,0.1533700399345655,0.26982547988350425,0.3941888774497811,0.624094791808184,0.1,False,True,0.2408188375152156,0.5991439127676159,0.05337003993456549,0.0,0.05337003993456549,0.0,0.10220694003145583
Bayesian,Laboratory,mel50,Decontaminated,0.02749549176610162,0.19404475246997227,0.30965349780225904,0.4294614456723743,0.622099848385764,0.3,True,True,0.23541669320240205,0.5946043566196624,0.0,0.0,0.0,0.0,0.04031294152281069
Bayesian,Laboratory,mel50,Forest,0.02350560313593539,0.12745769624700556,0.19410016874343033,0.26140578389742763,0.3853882058180605,0.3,False,True,0.13394808765042207,0.3618826026821251,-0.038594216102572354,0.0,0.038594216102572354,0.0,0.06453461217900103
Bayesian,Laboratory,mel50,Subsurface,0.01896644316310101,0.11549435886669196,0.19920247063401292,0.2915422942821757,0.46534876243741957,0.3,False,True,0.17604793541548375,0.44638231927431854,-0.008457705717824282,0.0,0.008457705717824282,0.0,0.058442180127809135
Bayesian,Laboratory,mel51,Cropland,0.05055882962477194,0.23460502523618015,0.33698491483813375,0.4386113872209494,0.6387354744714894,0.3,True,True,0.20400636198476924,0.5881766448467174,0.0,0.0,0.0,0.0,0.039459203263369005
Bayesian,Laboratory,mel51,Decontaminated,0.05156712604175269,0.24836108086497294,0.3640958886058454,0.4739223236653187,0.6988446252737615,0.3,True,True,0.22556124280034578,0.6472774992320087,0.0,0.0,0.0,0.0,0.04876600451550958
Bayesian,Laboratory,mel51,Forest,0.006227441460306813,0.04614299823907898,0.08833690703853433,0.13821552309721769,0.25282049057432543,0.1,True,True,0.0920725248581387,0.2465930491140186,0.0,0.0,0.0,0.0,0.016557559906804797
Bayesian,Laboratory,mel51,Subsurface,0.014241040778525895,0.10940862591673658,0.18559286096219862,0.27697952113763813,0.45303857328969194,0.3,False,True,0.16757089522090154,0.43879753251116604,-0.02302047886236186,0.0,0.02302047886236186,0.0,0.06527147756684645
Bayesian,Laboratory,mel52,Cropland,0.05242747951231165,0.2149893901187215,0.3121006404869988,0.4167840528386111,0.6147823118395646,0.2,False,True,0.20179466271988958,0.5623548323272529,0.014989390118721496,0.0,0.014989390118721496,0.0,0.06754947582591206
Bayesian,Laboratory,mel52,Decontaminated,0.05148931071995071,0.22323912742449722,0.33779109909504834,0.44605878464247284,0.6548778423371082,0.2,False,True,0.22281965721797561,0.6033885316171576,0.023239127424497213,0.0,0.023239127424497213,0.0,0.07979185313158012
Bayesian,Laboratory,mel52,Forest,0.006709090460181817,0.06342263397650694,0.1106993740637881,0.16589036169670682,0.28309313067956543,0.2,False,True,0.10246772772019988,0.2763840402193836,-0.034109638303293194,0.0,0.034109638303293194,0.0,0.0525007945532623
Bayesian,Laboratory,mel52,Subsurface,0.02253601800860656,0.13152191489844922,0.2157140602671716,0.3094230469501752,0.4780701410000017,0.4,False,True,0.17790113205172597,0.4555341229913952,-0.09057695304982483,0.0,0.09057695304982483,0.0,0.11565662608935705
Bayesian,Laboratory,mel53,Cropland,0.062391175669521584,0.26612508245596644,0.38297728650079965,0.4853660212546979,0.6765600391615766,0.2,False,True,0.21924093879873147,0.614168863492055,0.06612508245596643,0.0,0.06612508245596643,0.0,0.10901905884435974
Bayesian,Laboratory,mel53,Decontaminated,0.05191778446926128,0.2557789417932269,0.37115508261958635,0.49515957899653895,0.7136736380115746,0.4,True,True,0.23938063720331204,0.6617558535423133,0.0,0.0,0.0,0.0,0.042566637732789486
Bayesian,Laboratory,mel53,Forest,0.004403502888641127,0.03468747875405126,0.06871249253205264,0.11692046952815016,0.22630919338145128,0.2,False,True,0.0822329907740989,0.22190569049281014,-0.08307953047184985,0.0,0.08307953047184985,0.0,0.09022116496370401
Bayesian,Laboratory,mel53,Subsurface,0.011430874133887034,0.08201023232040479,0.15108663668439834,0.23401060476210112,0.4189431400305784,0.2,True,True,0.15200037244169634,0.4075122658966914,0.0,0.0,0.0,0.0,0.03434745065144769
Bayesian,Laboratory,mel54,Cropland,0.1345545382507586,0.36705754012170827,0.47533918003270337,0.5725975215142801,0.7573550928761683,0.4,True,True,0.20553998139257185,0.6228005546254097,0.0,0.0,0.0,0.0,0.05095237933828878
Bayesian,Laboratory,mel54,Decontaminated,0.036799640788647246,0.18982983157761402,0.29861672313200016,0.4042195620412499,0.6484103930690108,0.2,True,True,0.2143897304636359,0.6116107522803635,0.0,0.0,0.0,0.0,0.059716888332322776
Bayesian,Laboratory,mel54,Forest,0.005744285800526237,0.042847990953336516,0.086421923194703,0.13725361126707997,0.2442517903687862,0.2,False,True,0.09440562031374344,0.23850750456825995,-0.06274638873292004,0.0,0.06274638873292004,0.0,0.07423076784010643
Bayesian,Laboratory,mel54,Subsurface,0.007104580846611692,0.05977203334954442,0.1160073132019182,0.18194833541193856,0.3379747576198416,0.2,False,True,0.12217630206239413,0.3308701767732299,-0.018051664588061456,0.0,0.018051664588061456,0.0,0.0487028819116232
Bayesian,Laboratory,mel55,Cropland,0.13733492283987822,0.39322601317065214,0.5094222749081807,0.6088315821681345,0.771722511215135,0.2,False,True,0.21560556899748234,0.6343875883752568,0.19322601317065213,0.0,0.19322601317065213,0.0,0.21313752555703197
Bayesian,Laboratory,mel55,Decontaminated,0.021486521825207043,0.1321302282059312,0.2329871480657796,0.3446984873291801,0.6043667417457306,0.2,True,True,0.21256825912324892,0.5828802199205235,0.0,0.0,0.0,0.0,0.03965712099954516
Bayesian,Laboratory,mel55,Forest,0.019563621619427693,0.10320186852411671,0.15980796965003824,0.22332093440099993,0.34072069122257803,0.4,False,False,0.12011906587688322,0.3211570696031503,-0.1766790655990001,-0.05927930877742199,0.1766790655990001,0.05927930877742199,0.18744114655300337
Bayesian,Laboratory,mel55,Subsurface,0.004851311411931536,0.03708148410461531,0.07590649502524877,0.1240350746788161,0.24107570829880856,0.2,False,True,0.0869535905742008,0.23622439688687702,-0.07596492532118392,0.0,0.07596492532118392,0.0,0.08176485580697493
Bayesian,Laboratory,mel56,Cropland,0.03133428872650187,0.17339084373114733,0.2662698346255742,0.357315728257088,0.551059946757269,0.15,False,True,0.1839248845259407,0.5197256580307671,0.02339084373114733,0.0,0.02339084373114733,0.0,0.06913368669745246
Bayesian,Laboratory,mel56,Decontaminated,0.03923050716605288,0.20523177946973103,0.3131343138273792,0.4253739793117595,0.6304080047499856,0.15,False,True,0.22014219984202849,0.5911774975839327,0.05523177946973104,0.0,0.05523177946973104,0.0,0.09901329025169925
Bayesian,Laboratory,mel56,Forest,0.004859825762243773,0.047603536632495294,0.0878779179125209,0.13843923974091216,0.2538505241810696,0.15,False,True,0.09083570310841686,0.24899069841882585,-0.011560760259087838,0.0,0.011560760259087838,0.0,0.03558161124045925
Bayesian,Laboratory,mel56,Subsurface,0.06287154366811938,0.21415377609381217,0.30966009342565237,0.4080597457452638,0.5866937654857507,0.55,False,True,0.19390596965145165,0.5238222218176313,-0.14194025425473622,0.0,0.14194025425473622,0.0,0.16361198367950186
Bayesian,Laboratory,mel57,Cropland,0.037627245629854485,0.2328515979309709,0.3414376811929697,0.4463767589983525,0.6544994635863343,0.15,False,True,0.2135251610673816,0.6168722179564797,0.08285159793097091,0.0,0.08285159793097091,0.0,0.11665515905552273
Bayesian,Laboratory,mel57,Decontaminated,0.06284510747851015,0.2780773527756002,0.4058538307866558,0.5183620984272682,0.7327037456454102,0.55,False,True,0.24028474565166802,0.6698586381669001,-0.03163790157273183,0.0,0.03163790157273183,0.0,0.08746883561220312
Bayesian,Laboratory,mel57,Forest,0.003996761607411822,0.03422878181957591,0.07243245948505941,0.11960840958127018,0.23139539280961122,0.15,False,True,0.08537962776169428,0.22739863120219939,-0.03039159041872981,0.0,0.03039159041872981,0.0,0.0459563244966577
Bayesian,Laboratory,mel57,Subsurface,0.010891117839605979,0.08440430777687172,0.1558676922982768,0.24758070522230863,0.43932684620433904,0.15,True,True,0.1631763974454369,0.42843572836473304,0.0,0.0,0.0,0.0,0.028296700085247928
Bayesian,Laboratory,mel58,Cropland,0.0868451174145902,0.3088423337119792,0.4258858541930687,0.5368651815848128,0.7276623615404826,0.55,False,True,0.22802284787283356,0.6408172441258924,-0.013134818415187266,0.0,0.013134818415187266,0.0,0.0752702900975991
Bayesian,Laboratory,mel58,Decontaminated,0.036459763142068446,0.20885296233527875,0.32100780834043874,0.439965397296559,0.6670316147386511,0.15,False,True,0.23111243496128023,0.6305718515965827,0.05885296233527876,0.0,0.05885296233527876,0.0,0.10304814177624619
Bayesian,Laboratory,mel58,Forest,0.008047585403386551,0.062425213739141096,0.11328717711044661,0.16825803107882042,0.28319059486854176,0.15,True,True,0.10583281733967934,0.2751430094651552,0.0,0.0,0.0,0.0,0.024896913292398022
Bayesian,Laboratory,mel58,Subsurface,0.007448272832057019,0.060428435209803864,0.11687765948817291,0.19091719201669527,0.3449383178912554,0.15,True,True,0.1304887568068914,0.3374900450591984,0.0,0.0,0.0,0.0,0.02663399459340187
Bayesian,Laboratory,mel59,Cropland,0.014471814818347717,0.14974555034760006,0.2995949831496424,0.4577224753217265,0.7086666146521788,0.15,True,True,0.30797692497412643,0.6941947998338311,0.0,0.0,0.0,0.0,0.08813428862462828
Bayesian,Laboratory,mel59,Decontaminated,0.006237529563766509,0.0674523398567691,0.14085657888991748,0.23511188799473837,0.4278808017800603,0.15,True,True,0.16765954813796927,0.42164327221629383,0.0,0.0,0.0,0.0,0.02907793157756501
Bayesian,Laboratory,mel59,Forest,0.14563386264173908,0.3326769697753156,0.4217537848876578,0.4991612388675593,0.6458418010577801,0.55,False,True,0.16648426909224373,0.500207938416041,-0.050838761132440735,0.0,0.050838761132440735,0.0,0.08055001140047095
Bayesian,Laboratory,mel59,Subsurface,0.005164427014365982,0.04527478508051951,0.09502965849381083,0.15988988920392225,0.30908253663654384,0.15,True,True,0.11461510412340273,0.30391810962217786,0.0,0.0,0.0,0.0,0.03231244748298658
Bayesian,Laboratory,mel6,Cropland,0.0024839352050166365,0.03137511873870595,0.0661767287097006,0.11614123748921709,0.25776489605690406,0.0,False,False,0.08476611875051114,0.2552809608518874,0.03137511873870595,0.0024839352050166365,0.03137511873870595,0.0024839352050166365,0.046772225735644685
Bayesian,Laboratory,mel6,Decontaminated,0.01297529804220585,0.15317535397101945,0.2905783233391711,0.4712731080711514,0.753696161906737,0.125,False,True,0.31809775410013197,0.7407208638645312,0.028175353971019446,0.0,0.028175353971019446,0.0,0.1041688929773306
Bayesian,Laboratory,mel6,Forest,0.0012340257183588933,0.014621393976418545,0.03480741700775343,0.06695717159249681,0.15571567311121268,0.0,False,False,0.052335777616078265,0.15448164739285378,0.014621393976418545,0.0012340257183588933,0.014621393976418545,0.0012340257183588933,0.024548065882513837
Bayesian,Laboratory,mel6,Subsurface,0.11408868124657863,0.415091366194802,0.5815797544788281,0.707205159583374,0.878117703389632,0.875,False,True,0.292113793388572,0.7640290221430533,-0.16779484041662596,0.0,0.16779484041662596,0.0,0.2117817597472536
Bayesian,Laboratory,mel60,Cropland,0.012002130735539868,0.08482768874038252,0.16092996028677714,0.23773407636372723,0.41021827061355526,0.1,True,True,0.15290638762334471,0.3982161398780154,0.0,0.0,0.0,0.0,0.038460270417488195
Bayesian,Laboratory,mel60,Decontaminated,0.027361352100389848,0.1926216673457975,0.31040397649264007,0.43154783492208537,0.637554549968187,0.1,False,True,0.23892616757628787,0.6101931978677971,0.09262166734579749,0.0,0.09262166734579749,0.0,0.13179243314358907
Bayesian,Laboratory,mel60,Forest,0.00599265952082329,0.04748325475156251,0.09134756831176577,0.14703095491348428,0.2686000525705229,0.1,True,True,0.09954770016192177,0.2626073930496996,0.0,0.0,0.0,0.0,0.017122198974003668
Bayesian,Laboratory,mel60,Subsurface,0.1198923676086757,0.30617282183832023,0.42201471932946943,0.5145634589712812,0.7001608585456068,0.7,False,True,0.20839063713296097,0.5802684909369311,-0.18543654102871876,0.0,0.18543654102871876,0.0,0.20634069803259575
Bayesian,Laboratory,mel61,Cropland,0.021184271534775093,0.1579340026341785,0.26291545195927574,0.3794228243524466,0.5812053829262268,0.1,False,True,0.22148882171826811,0.5600211113914517,0.0579340026341785,0.0,0.0579340026341785,0.0,0.10097027832602089
Bayesian,Laboratory,mel61,Decontaminated,0.09443371154833448,0.3634930229593821,0.49746565641069107,0.6208779384809084,0.8071673143347254,0.7,False,True,0.25738491552152637,0.712733602786391,-0.07912206151909151,0.0,0.07912206151909151,0.0,0.12700876478276815
Bayesian,Laboratory,mel61,Forest,0.002834510927517709,0.028635309079671857,0.05996585375904146,0.10531251260695622,0.2150612676334555,0.1,True,True,0.07667720352728435,0.2122267567059378,0.0,0.0,0.0,0.0,0.02270002170257419
Bayesian,Laboratory,mel61,Subsurface,0.006027925196957142,0.07065238439596042,0.1418401817279462,0.24601574206203275,0.4634415089842958,0.1,True,True,0.17536335766607233,0.45741358378733865,0.0,0.0,0.0,0.0,0.03591183124497008
Bayesian,Laboratory,mel62,Cropland,0.09071474734282463,0.3446546399836824,0.4705712660610363,0.5848011147628752,0.7857104750983482,0.7,False,True,0.24014647477919282,0.6949957277555237,-0.11519888523712474,0.0,0.11519888523712474,0.0,0.1520312614909399
Bayesian,Laboratory,mel62,Decontaminated,0.026014197319142944,0.17462473864031866,0.28656264714130325,0.40580660600433976,0.655493535909435,0.1,False,True,0.2311818673640211,0.6294793385902921,0.07462473864031866,0.0,0.07462473864031866,0.0,0.11543013839733829
Bayesian,Laboratory,mel62,Forest,0.010824781214432951,0.06862260795894504,0.11997026695446815,0.17375941352981922,0.2921550677480446,0.1,True,True,0.10513680557087418,0.28133028653361164,0.0,0.0,0.0,0.0,0.02048064651501049
Bayesian,Laboratory,mel62,Subsurface,0.0062325252959074115,0.050997930088821815,0.09760493699998166,0.16012346210250974,0.3024373627251224,0.1,True,True,0.10912553201368794,0.296204837429215,0.0,0.0,0.0,0.0,0.019243023835307398
Bayesian,Laboratory,mel63,Cropland,0.021375904205729778,0.16680210690582276,0.2861444887246496,0.3955395385308575,0.6083758806765422,0.1,False,True,0.22873743162503474,0.5869999764708125,0.06680210690582275,0.0,0.06680210690582275,0.0,0.1114875074974598
Bayesian,Laboratory,mel63,Decontaminated,0.005819857823207125,0.07605546905665161,0.15280086625428235,0.2479484210177847,0.4444100505842491,0.1,True,True,0.17189295196113308,0.43859019276104194,0.0,0.0,0.0,0.0,0.03767549908577825
Bayesian,Laboratory,mel63,Forest,0.254561745353005,0.39657473953093647,0.460709440139237,0.5288045881299078,0.6634692843288855,0.7,False,False,0.13222984859897136,0.4089075389758805,-0.17119541187009213,-0.03653071567111443,0.17119541187009213,0.03653071567111443,0.18308146739181205
Bayesian,Laboratory,mel63,Subsurface,0.003043670461825519,0.029048257815274058,0.06539590687821312,0.11394548751533212,0.23627228359503816,0.1,True,True,0.08489722970005806,0.23322861313321264,0.0,0.0,0.0,0.0,0.02209503418771111
Bayesian,Laboratory,mel64,Cropland,0.004023957946929762,0.047700812604027074,0.09853906918723346,0.16478153459974756,0.3196637974430665,0.05,True,True,0.11708072199572049,0.3156398394961367,0.0,0.0,0.0,0.0,0.03149574410498377
Bayesian,Laboratory,mel64,Decontaminated,0.013530805888108205,0.1280318454157732,0.24236053976649935,0.3957368258704669,0.6780465144424888,0.05,False,True,0.2677049804546937,0.6645157085543806,0.0780318454157732,0.0,0.0780318454157732,0.0,0.12641551260423817
Bayesian,Laboratory,mel64,Forest,0.0015154534780015166,0.017189083117708538,0.039577009292670266,0.07202095589340858,0.15964946251953507,0.05,True,True,0.05483187277570004,0.15813400904153355,0.0,0.0,0.0,0.0,0.010501258939382491
Bayesian,Laboratory,mel64,Subsurface,0.185977159719247,0.44843266469718696,0.5892077056857548,0.683539580265173,0.8355711214020235,0.85,False,False,0.23510691556798607,0.6495939616827765,-0.16646041973482695,-0.01442887859797648,0.16646041973482695,0.01442887859797648,0.19463381318825246
Bayesian,Laboratory,mel65,Cropland,0.019239509002273544,0.1344685711884044,0.2350416517474042,0.3399568631097326,0.5653017274198563,0.05,False,True,0.2054882919213282,0.5460622184175827,0.08446857118840441,0.0,0.08446857118840441,0.0,0.11903475165670721
Bayesian,Laboratory,mel65,Decontaminated,0.10470986002045146,0.3991188047248368,0.5317787293168509,0.6576380052315359,0.8241178255844673,0.85,False,False,0.25851920050669913,0.7194079655640159,-0.19236199476846405,-0.025882174415532644,0.19236199476846405,0.025882174415532644,0.22819780385925176
Bayesian,Laboratory,mel65,Forest,0.002498651985836038,0.022870155017610482,0.05010159585451697,0.09018737629470153,0.19400620092510207,0.05,True,True,0.06731722127709104,0.19150754893926603,0.0,0.0,0.0,0.0,0.011832281312684663
Bayesian,Laboratory,mel65,Subsurface,0.005693185392560376,0.06714914489185943,0.1351319582910277,0.24486213235100304,0.5078560133003646,0.05,False,True,0.1777129874591436,0.5021628279078042,0.017149144891859425,0.0,0.017149144891859425,0.0,0.056200556427696724
Bayesian,Laboratory,mel66,Cropland,0.2281075250712193,0.46672845468666435,0.5752615202938864,0.6749609762944587,0.8347974871149735,0.85,False,False,0.20823252160779437,0.6066899620437541,-0.17503902370554125,-0.015202512885026498,0.17503902370554125,0.015202512885026498,0.20045228466097167
Bayesian,Laboratory,mel66,Decontaminated,0.01831101978304815,0.1271751850682482,0.21803491196795804,0.33696997349744523,0.5848582347873228,0.05,False,True,0.20979478842919702,0.5665472150042746,0.0771751850682482,0.0,0.0771751850682482,0.0,0.11171520386581765
Bayesian,Laboratory,mel66,Forest,0.007865170756778079,0.0522141382573572,0.09793171438183679,0.14992620521069727,0.254979983115473,0.05,False,True,0.09771206695334007,0.2471148123586949,0.0022141382573571955,0.0,0.0022141382573571955,0.0,0.02946453826921143
Bayesian,Laboratory,mel66,Subsurface,0.0038031590491363434,0.0322480943633611,0.07272316143332823,0.12552691960029255,0.2529622082031258,0.05,True,True,0.09327882523693146,0.24915904915398948,0.0,0.0,0.0,0.0,0.018681374464754215
Bayesian,Laboratory,mel67,Cropland,0.010093418846475348,0.09151652075714556,0.17981414442131385,0.2779959839228354,0.4517676403620354,0.05,False,True,0.18647946316568986,0.4416742215155601,0.041516520757145556,0.0,0.041516520757145556,0.0,0.08095326903087406
Bayesian,Laboratory,mel67,Decontaminated,0.006327237011659724,0.057770761889290353,0.11759222719617367,0.1995363724742234,0.35538237440515635,0.05,False,True,0.14176561058493303,0.34905513739349664,0.007770761889290351,0.0,0.007770761889290351,0.0,0.04221313457208949
Bayesian,Laboratory,mel67,Forest,0.42047155977794554,0.5384640963833527,0.5983515788417874,0.666807491607855,0.7987480971013846,0.85,False,False,0.12834339522450233,0.3782765373234391,-0.18319250839214496,-0.051251902898615365,0.18319250839214496,0.051251902898615365,0.19341615002626322
Bayesian,Laboratory,mel67,Subsurface,0.0028768374712151855,0.025632860502642667,0.05463686389844384,0.09555548489420052,0.20953378499022396,0.05,True,True,0.06992262439155784,0.20665694751900876,0.0,0.0,0.0,0.0,0.012272977802872904
Bayesian,Laboratory,mel68,Cropland,0.00544551462625399,0.05769424036587863,0.11743734410629843,0.19902139649742615,0.3448457919219,0.1,True,True,0.1413271561315475,0.33940027729564604,0.0,0.0,0.0,0.0,0.024704590033982024
Bayesian,Laboratory,mel68,Decontaminated,0.024048361499458746,0.17703751279829585,0.29835441681922686,0.4493660502016897,0.7114072255629906,0.2,True,True,0.2723285374033938,0.6873588640635319,0.0,0.0,0.0,0.0,0.06778612155464228
Bayesian,Laboratory,mel68,Forest,0.0014555366353275333,0.019211955628039304,0.041419235715247596,0.07602697466625274,0.17043115728240749,0.0,False,False,0.05681501903821344,0.16897562064707997,0.019211955628039304,0.0014555366353275333,0.019211955628039304,0.0014555366353275333,0.029431997248377525
Bayesian,Laboratory,mel68,Subsurface,0.11101276364232297,0.37197318649582845,0.5113823814476457,0.6209748213205174,0.795479765969584,0.7,False,True,0.24900163482468896,0.6844670023272611,-0.07902517867948256,0.0,0.07902517867948256,0.0,0.12261212326967336
Bayesian,Laboratory,mel69,Cropland,0.027033356346100643,0.15800838366372535,0.2650979093462709,0.36105782004440556,0.5520416961666983,0.2,True,True,0.2030494363806802,0.5250083398205977,0.0,0.0,0.0,0.0,0.044879039126874756
Bayesian,Laboratory,mel69,Decontaminated,0.07966065026455298,0.3277389476855083,0.4768054399460408,0.6033059150241606,0.8013613390061615,0.7,False,True,0.2755669673386523,0.7217006887416085,-0.09669408497583931,0.0,0.09669408497583931,0.0,0.14384803288346232
Bayesian,Laboratory,mel69,Forest,0.0018757517323472596,0.02227764973841228,0.04792829361742075,0.0871867394586212,0.1933978401449314,0.0,False,False,0.06490908972020892,0.19152208841258414,0.02227764973841228,0.0018757517323472596,0.02227764973841228,0.0018757517323472596,0.03390888029078652
Bayesian,Laboratory,mel69,Subsurface,0.010173335709476091,0.09289236960884642,0.18861512524123183,0.304520405547411,0.5233017151353764,0.1,True,True,0.21162803593856458,0.5131283794259003,0.0,0.0,0.0,0.0,0.05507177203342446
Bayesian,Laboratory,mel70,Cropland,0.07338489818034087,0.2796365332440791,0.39135192020501275,0.5107517592118264,0.7222609616317925,0.7,False,True,0.23111522596774725,0.6488760634514517,-0.1892482407881736,0.0,0.1892482407881736,0.0,0.21405980402649694
Bayesian,Laboratory,mel70,Decontaminated,0.02689650963940426,0.15486719245645414,0.2559669626462836,0.36480575808690585,0.5788771881369309,0.1,False,True,0.2099385656304517,0.5519806784975266,0.054867192456454134,0.0,0.054867192456454134,0.0,0.09550856450180253
Bayesian,Laboratory,mel70,Forest,0.01586844066845002,0.09989100032134621,0.16392425987142376,0.2306071465498905,0.3540279061749463,0.0,False,False,0.1307161462285443,0.3381594655064963,0.09989100032134621,0.01586844066845002,0.09989100032134621,0.01586844066845002,0.11713915353344764
Bayesian,Laboratory,mel70,Subsurface,0.011927236312666466,0.08915364718347875,0.1647384067669128,0.24070087037421012,0.3798787067227659,0.2,True,True,0.15154722319073138,0.36795147041009946,0.0,0.0,0.0,0.0,0.03022582707534631
Bayesian,Laboratory,mel71,Cropland,0.03526875412046297,0.17929363425544503,0.2932788426244337,0.4173230855991332,0.6515830599623788,0.2,True,True,0.2380294513436882,0.6163143058419158,0.0,0.0,0.0,0.0,0.06103554743702512
Bayesian,Laboratory,mel71,Decontaminated,0.0658150563319179,0.31760976966350046,0.44980806476988894,0.5592008474486168,0.7414562416736281,0.7,False,True,0.2415910777851163,0.6756411853417102,-0.1407991525513832,0.0,0.1407991525513832,0.0,0.17334699213698868
Bayesian,Laboratory,mel71,Forest,0.0077451594202651505,0.054430608173078876,0.10240311385357795,0.15957795494945076,0.2834641412542442,0.1,True,True,0.10514734677637189,0.275718981833979,0.0,0.0,0.0,0.0,0.018035976488761513
Bayesian,Laboratory,mel71,Subsurface,0.006281108232733356,0.06365333592410356,0.12687253602075566,0.21144354882705224,0.40694166751690636,0.0,False,False,0.1477902129029487,0.400660559284173,0.06365333592410356,0.006281108232733356,0.06365333592410356,0.006281108232733356,0.08874405355908221
Bayesian,Laboratory,mel72,Cropland,0.03754438706991061,0.2575517115847036,0.4130063319912338,0.5659182576757291,0.7769842347900292,0.7,False,True,0.30836654609102554,0.7394398477201186,-0.13408174232427084,0.0,0.13408174232427084,0.0,0.18086216431921492
Bayesian,Laboratory,mel72,Decontaminated,0.012225289472162473,0.11182271823902129,0.21491258738657917,0.3376087066970992,0.5599400887142775,0.1,False,True,0.2257859884580779,0.547714799242115,0.011822718239021285,0.0,0.011822718239021285,0.0,0.07096341942826297
Bayesian,Laboratory,mel72,Forest,0.051738587501261035,0.18190263045720634,0.2629315975740505,0.3400843407329475,0.494178906178477,0.2,True,True,0.15818171027574118,0.44244031867721595,0.0,0.0,0.0,0.0,0.03972749238678362
Bayesian,Laboratory,mel72,Subsurface,0.0032192809231902813,0.03294347954590899,0.07324462240718035,0.12713647345793708,0.2619660026128825,0.0,False,False,0.0941929939120281,0.2587467216896922,0.03294347954590899,0.0032192809231902813,0.03294347954590899,0.0032192809231902813,0.05061540814689347
Bayesian,Laboratory,mel73,Cropland,0.013079474736366588,0.11592909187840707,0.2271081467429087,0.35231730308809434,0.5573468140946277,0.1,False,True,0.23638821120968728,0.5442673393582611,0.015929091878407062,0.0,0.015929091878407062,0.0,0.0756742457163063
Bayesian,Laboratory,mel73,Decontaminated,0.005736058532784799,0.0701327379125773,0.13734073502425406,0.2236023924475874,0.4022545788603103,0.2,True,True,0.1534696545350101,0.3965185203275255,0.0,0.0,0.0,0.0,0.039440360611332
Bayesian,Laboratory,mel73,Forest,0.32202608635012037,0.45677884559023435,0.5299043557922036,0.5939545665891163,0.7485215821633507,0.7,False,True,0.13717572099888192,0.4264954958132304,-0.10604543341088368,0.0,0.10604543341088368,0.0,0.11886967733545986
Bayesian,Laboratory,mel73,Subsurface,0.0026196509004681977,0.026343865028680993,0.05978547003092779,0.1048523381439081,0.22933229866237004,0.0,False,False,0.0785084731152271,0.22671264776190184,0.026343865028680993,0.0026196509004681977,0.026343865028680993,0.0026196509004681977,0.04154164509990375
Bayesian,Laboratory,mel74,Cropland,0.025213619378601306,0.15248893212433762,0.23806177608280416,0.33267242971203065,0.5321757120809879,0.2,True,True,0.18018349758769303,0.5069620927023866,0.0,0.0,0.0,0.0,0.035586487230406944
Bayesian,Laboratory,mel74,Decontaminated,0.03479473006767676,0.177965984108927,0.2805288683677202,0.37896144025868217,0.5843138656435949,0.0,False,False,0.20099545614975517,0.5495191355759181,0.177965984108927,0.03479473006767676,0.177965984108927,0.03479473006767676,0.20206550059153455
Bayesian,Laboratory,mel74,Forest,0.007515604039093398,0.054109256377369644,0.09689234301686507,0.1532909819349691,0.2707505938680528,0.1,True,True,0.09918172555759945,0.2632349898289594,0.0,0.0,0.0,0.0,0.016870404026358837
Bayesian,Laboratory,mel74,Subsurface,0.09759384180172141,0.2692213865254015,0.3622251371805929,0.45119647667981244,0.6038398912133522,0.7,False,False,0.18197509015441093,0.5062460494116309,-0.24880352332018751,-0.09616010878664771,0.24880352332018751,0.09616010878664771,0.2674663755630822
Bayesian,Laboratory,mel75,Cropland,0.15626004440219718,0.4027995821008014,0.5274047287882735,0.6300991528989449,0.8133730678077331,0.7,False,True,0.2272995707981435,0.6571130234055359,-0.06990084710105504,0.0,0.06990084710105504,0.0,0.10883639508566514
Bayesian,Laboratory,mel75,Decontaminated,0.02071654307912117,0.12356993746138298,0.21779707442930446,0.33696997349744523,0.5673686623855351,0.0,False,False,0.21340003603606225,0.5466521193064139,0.12356993746138298,0.02071654307912117,0.12356993746138298,0.02071654307912117,0.15563998229130055
Bayesian,Laboratory,mel75,Forest,0.01896500008645883,0.10376225975192538,0.15997432428228037,0.22538954265343875,0.3503272533598982,0.2,True,True,0.12162728290151337,0.3313622532734394,0.0,0.0,0.0,0.0,0.02728079452770054
Bayesian,Laboratory,mel75,Subsurface,0.003191197528658809,0.027472150671371605,0.06388913131556066,0.11202051716715661,0.23171599779036897,0.1,True,True,0.08454836649578501,0.22852480026171015,0.0,0.0,0.0,0.0,0.0219983220912508
Bayesian,Laboratory,mel76,Cropland,0.035070891580646676,0.20193644761198778,0.31226160964537075,0.41045114639994307,0.6054025715213575,0.1,False,True,0.20851469878795528,0.5703316799407108,0.10193644761198778,0.0,0.10193644761198778,0.0,0.13272296790966628
Bayesian,Laboratory,mel76,Decontaminated,0.008580802633753255,0.07992766776361372,0.15212245807760252,0.24903575738372707,0.4273902123158322,0.0,False,False,0.16910808962011337,0.4188094096820789,0.07992766776361372,0.008580802633753255,0.07992766776361372,0.008580802633753255,0.10799184709554972
Bayesian,Laboratory,mel76,Forest,0.22585111741959518,0.35462662261616296,0.41276769627998433,0.48173513093202724,0.6205487771841132,0.7,False,False,0.1271085083158643,0.394697659764518,-0.2182648690679727,-0.07945122281588679,0.2182648690679727,0.07945122281588679,0.2272601883852472
Bayesian,Laboratory,mel76,Subsurface,0.004403521337619087,0.043518099306628644,0.08728827857025626,0.1446417429468084,0.26641094183646713,0.2,False,True,0.10112364364017976,0.26200742049884806,-0.05535825705319161,0.0,0.05535825705319161,0.0,0.06905552589461697
Bayesian,Laboratory,mel77,Cropland,0.010088553408239644,0.07602214717685518,0.14669794109968926,0.2284049093532722,0.3971830695877321,0.0,False,False,0.15238276217641702,0.3870945161794924,0.07602214717685518,0.010088553408239644,0.07602214717685518,0.010088553408239644,0.10150917608238078
Bayesian,Laboratory,mel77,Decontaminated,0.044627274767108295,0.2212663775680258,0.3445212274147703,0.4698483830995004,0.7033979893242237,0.2,False,True,0.24858200553147458,0.6587707145571154,0.021266377568025796,0.0,0.021266377568025796,0.0,0.08576169973493689
Bayesian,Laboratory,mel77,Forest,0.0032433024071668423,0.031063160100294345,0.06557336417464502,0.10954617215931614,0.22158098865365586,0.1,True,True,0.07848301205902179,0.21833768624648903,0.0,0.0,0.0,0.0,0.02072794814505248
Bayesian,Laboratory,mel77,Subsurface,0.101484998243494,0.2942200828497912,0.4203707407981702,0.5347010564408446,0.7165986295310011,0.7,False,True,0.24048097359105347,0.6151136312875071,-0.1652989435591553,0.0,0.1652989435591553,0.0,0.19680051841658902
Bayesian,Laboratory,mel78,Cropland,0.025796031200046428,0.17768819314263595,0.27993306779728466,0.39711222209694536,0.6247046983189406,0.0,False,False,0.2194240289543094,0.5989086671188941,0.17768819314263595,0.025796031200046428,0.17768819314263595,0.025796031200046428,0.20310857867903334
Bayesian,Laboratory,mel78,Decontaminated,0.08926082700996896,0.3171170680630052,0.43650928242569537,0.548017816057279,0.7421528018144102,0.7,False,True,0.23090074799427374,0.6528919748044413,-0.151982183942721,0.0,0.151982183942721,0.0,0.1788068264419216
Bayesian,Laboratory,mel78,Forest,0.0072855385971281866,0.05768467465210292,0.10616385632907878,0.1581510269603877,0.29057109875181325,0.2,False,True,0.10046635230828477,0.2832855601546851,-0.041848973039612325,0.0,0.041848973039612325,0.0,0.05795080134351145
Bayesian,Laboratory,mel78,Subsurface,0.009613711692601064,0.07403153273200627,0.14195537454943724,0.23630908097671344,0.4189391639387335,0.1,True,True,0.16227754824470716,0.4093254522461324,0.0,0.0,0.0,0.0,0.033665170637787796
Bayesian,Laboratory,mel79,Cropland,0.0028127781568322817,0.034444406032168896,0.0761737259854588,0.14884671210474865,0.3220754678453473,0.0,False,False,0.11440230607257976,0.319262689688515,0.034444406032168896,0.0028127781568322817,0.034444406032168896,0.0028127781568322817,0.054424685391058346
Bayesian,Laboratory,mel79,Decontaminated,0.003320973123174546,0.040451323116814014,0.08054239460761264,0.14346924443556563,0.2853977790838531,0.1,True,True,0.10301792131875162,0.2820768059606786,0.0,0.0,0.0,0.0,0.019504096128251498
Bayesian,Laboratory,mel79,Forest,0.500183137439457,0.6206338191113949,0.6800444823747174,0.7434954295326899,0.8514523714030425,0.7,True,True,0.12286161042129495,0.35126923396358556,0.0,0.0,0.0,0.0,0.02286759310106131
Bayesian,Laboratory,mel79,Subsurface,0.006314407400292282,0.04490876849126961,0.10018498942561829,0.17578957219006439,0.32780107534399694,0.2,False,True,0.1308808036987948,0.3214866679437047,-0.024210427809935625,0.0,0.024210427809935625,0.0,0.05585050722312261
Bayesian,Laboratory,mel8,Cropland,0.005125203603372468,0.04678929184849617,0.09864036909589946,0.16498389891953688,0.3112139490386376,0.0,False,False,0.11819460707104071,0.3060887454352651,0.04678929184849617,0.005125203603372468,0.04678929184849617,0.005125203603372468,0.0677657333193529
Bayesian,Laboratory,mel8,Decontaminated,0.031114267793833816,0.2651496750059593,0.43767399754261715,0.603775022257705,0.8155723759698819,0.375,True,True,0.33862534725174565,0.784458108176048,0.0,0.0,0.0,0.0,0.06368272605489789
Bayesian,Laboratory,mel8,Forest,0.0012642123913251125,0.01587489765887071,0.036622367784382326,0.06825478520614228,0.1602948320182726,0.0,False,False,0.052379887547271575,0.15903061962694748,0.01587489765887071,0.0012642123913251125,0.01587489765887071,0.0012642123913251125,0.02570445574411807
Bayesian,Laboratory,mel8,Subsurface,0.03575234944701056,0.23064205762327966,0.41605337610181675,0.5741060690168097,0.8006537939484326,0.625,False,True,0.34346401139353006,0.7649014445014221,-0.05089393098319028,0.0,0.05089393098319028,0.0,0.12835116432635693
Bayesian,Laboratory,mel80,Cropland,0.002174160516874649,0.02626695454720021,0.061850523063416735,0.10943348431757101,0.2385509225950838,0.0,False,False,0.0831665297703708,0.23637676207820912,0.02626695454720021,0.002174160516874649,0.02626695454720021,0.002174160516874649,0.04314149949859759
Bayesian,Laboratory,mel80,Decontaminated,0.014051132675522581,0.13952808791748827,0.25702246623750935,0.39323558674250575,0.6416518493653405,0.1,False,True,0.2537074988250175,0.6276007166898179,0.03952808791748827,0.0,0.03952808791748827,0.0,0.0961031127915773
Bayesian,Laboratory,mel80,Forest,0.0015169674660456722,0.02458313551798682,0.053681735609688884,0.10158727006456748,0.20625065360467057,0.0,False,False,0.07700413454658067,0.2047336861386249,0.02458313551798682,0.0015169674660456722,0.02458313551798682,0.0015169674660456722,0.03847450857575973
Bayesian,Laboratory,mel80,Subsurface,0.2041671742007216,0.4706030386997037,0.594930432912942,0.7003791423857391,0.8540036734184526,0.9,False,False,0.22977610368603535,0.649836499217731,-0.19962085761426096,-0.0459963265815474,0.19962085761426096,0.0459963265815474,0.2287680983852343
Bayesian,Laboratory,mel81,Cropland,0.007666600637829414,0.06904947106816361,0.13217710320765147,0.2169617730883421,0.4005491591466708,0.0,False,False,0.1479123020201785,0.39288255850884135,0.06904947106816361,0.007666600637829414,0.06904947106816361,0.007666600637829414,0.09309805326718748
Bayesian,Laboratory,mel81,Decontaminated,0.10591484720962575,0.46355394688346746,0.5944470676885837,0.6952765574240194,0.8462858454069524,0.9,False,False,0.23172261054055193,0.7403709981973267,-0.20472344257598063,-0.053714154593047625,0.20472344257598063,0.053714154593047625,0.23364252556760307
Bayesian,Laboratory,mel81,Forest,0.0020143666652650822,0.025475456266544075,0.05476312379844345,0.09761705917651411,0.19636260671426797,0.0,False,False,0.07214160290997004,0.1943482400490029,0.025475456266544075,0.0020143666652650822,0.025475456266544075,0.0020143666652650822,0.038176499587595294
Bayesian,Laboratory,mel81,Subsurface,0.010106761212045364,0.07961489521557176,0.17684285112129813,0.315933326046651,0.628615873942001,0.1,True,True,0.23631843083107923,0.6185091127299557,0.0,0.0,0.0,0.0,0.0551855465601476
Bayesian,Laboratory,mel82,Cropland,0.004059061501592811,0.03552258789579933,0.0757635724184451,0.13608246179169559,0.2800248261861984,0.1,True,True,0.10055987389589625,0.2759657646846056,0.0,0.0,0.0,0.0,0.019835994328390165
Bayesian,Laboratory,mel82,Decontaminated,0.01501996005341552,0.11763723359239711,0.21762113795490703,0.3307701867888076,0.5724121395042983,0.0,False,False,0.21313295319641049,0.5573921794508827,0.11763723359239711,0.01501996005341552,0.11763723359239711,0.01501996005341552,0.14954344188381985
Bayesian,Laboratory,mel82,Forest,0.002433160665123656,0.0286284934539935,0.06000728153774542,0.11055136264354148,0.21482595979888436,0.0,False,False,0.08192286918954798,0.2123927991337607,0.0286284934539935,0.002433160665123656,0.0286284934539935,0.002433160665123656,0.04301510706288015
Bayesian,Laboratory,mel82,Subsurface,0.2605008727659504,0.5040699236086622,0.6104106771268178,0.7054719753389657,0.8375712004868812,0.9,False,False,0.20140205173030346,0.5770703277209308,-0.19452802466103436,-0.06242879951311886,0.19452802466103436,0.06242879951311886,0.22145996804333162
Bayesian,Laboratory,mel83,Cropland,0.1857927098711986,0.4325933471910811,0.5461250509359374,0.6449054032834561,0.8225145032078816,0.9,False,False,0.21231205609237502,0.6367217933366829,-0.2550945967165439,-0.07748549679211847,0.2550945967165439,0.07748549679211847,0.2771400678380677
Bayesian,Laboratory,mel83,Decontaminated,0.019341027102718886,0.1354237150288409,0.23844892261451836,0.3498580072069658,0.5830414473182545,0.0,False,False,0.2144342921781249,0.5637004202155356,0.1354237150288409,0.019341027102718886,0.1354237150288409,0.019341027102718886,0.16894599717984404
Bayesian,Laboratory,mel83,Forest,0.008997345866631755,0.05423747994249722,0.10205575361106226,0.15567936684907363,0.2670884841143346,0.0,False,False,0.1014418869065764,0.25809113824770286,0.05423747994249722,0.008997345866631755,0.05423747994249722,0.008997345866631755,0.07115899903969394
Bayesian,Laboratory,mel83,Subsurface,0.005190236272939149,0.04068373159014211,0.08921179441374502,0.14497183203706523,0.27208989667143935,0.1,True,True,0.10428810044692313,0.2668996603985002,0.0,0.0,0.0,0.0,0.018421584736631032
Bayesian,Laboratory,mel84,Cropland,0.0027688989277908594,0.03593305657545036,0.0765101684509385,0.1356319332213506,0.2755638498623874,0.0,False,False,0.09969887664590023,0.27279495093459655,0.03593305657545036,0.0027688989277908594,0.03593305657545036,0.0027688989277908594,0.05349217404534116
Bayesian,Laboratory,mel84,Decontaminated,0.013156796544629515,0.15154304479899647,0.2803211755059035,0.4229580829101962,0.6598939949506029,0.0,False,False,0.2714150381111997,0.6467371984059733,0.15154304479899647,0.013156796544629515,0.15154304479899647,0.013156796544629515,0.1924490412539907
Bayesian,Laboratory,mel84,Forest,0.0020007709358036275,0.023876525816863933,0.0522099810438461,0.09388353467067016,0.19672886078534824,0.1,False,True,0.07000700885380623,0.19472808984954462,-0.006116465329329843,0.0,0.006116465329329843,0.0,0.026517442828328318
Bayesian,Laboratory,mel84,Subsurface,0.19791914336810693,0.4280424658540161,0.5640582461867841,0.6753274465401161,0.8420490528093728,0.9,False,False,0.2472849806861,0.6441299094412659,-0.2246725534598839,-0.05795094719062721,0.2246725534598839,0.05795094719062721,0.2542408083001957
Bayesian,Laboratory,mel85,Cropland,0.006648946136872362,0.08485802322986408,0.1708004040434491,0.25801442496784643,0.41596997379634326,0.0,False,False,0.17315640173798236,0.4093210276594709,0.08485802322986408,0.006648946136872362,0.08485802322986408,0.006648946136872362,0.11458637524400807
Bayesian,Laboratory,mel85,Decontaminated,0.004676241165398862,0.05327118522532392,0.11168639296524299,0.18848037272677284,0.33230037028493253,0.0,False,False,0.13520918750144892,0.32762412911953365,0.05327118522532392,0.004676241165398862,0.05327118522532392,0.004676241165398862,0.07691652417100739
Bayesian,Laboratory,mel85,Forest,0.4377852021301052,0.548674972689887,0.6089453977078767,0.6699173122400811,0.7997703653391314,0.9,False,False,0.12124233955019414,0.3619851632090262,-0.2300826877599189,-0.10022963466086865,0.2300826877599189,0.10022963466086865,0.23806642437621262
Bayesian,Laboratory,mel85,Subsurface,0.003602337867446325,0.031618413861290356,0.06496549107055283,0.11539416366942613,0.23949205006884158,0.1,True,True,0.08377574980813578,0.23588971220139526,0.0,0.0,0.0,0.0,0.0214186942106284
Bayesian,Laboratory,mel86,Cropland,0.016091813075523966,0.10574321284766555,0.18430409389697755,0.2744229832620686,0.4701548224369039,0.1,False,True,0.16867977041440305,0.4540630093613799,0.005743212847665546,0.0,0.005743212847665546,0.0,0.052215175911314735
Bayesian,Laboratory,mel86,Decontaminated,0.12038578410291909,0.45383163658399384,0.567136509149673,0.6731609447213036,0.8276419816943837,0.9,False,False,0.21932930813730978,0.7072561975914646,-0.2268390552786964,-0.07235801830561628,0.2268390552786964,0.07235801830561628,0.2550304059702636
Bayesian,Laboratory,mel86,Forest,0.002884053625954581,0.027853331551113955,0.05781592756507529,0.10127936586395613,0.1981397591383823,0.0,False,False,0.07342603431284217,0.1952557055124277,0.027853331551113955,0.002884053625954581,0.027853331551113955,0.002884053625954581,0.04010862598771231
Bayesian,Laboratory,mel86,Subsurface,0.006947398600623157,0.07119708904349113,0.1471461433979411,0.2663561880582205,0.5418667635216143,0.0,False,False,0.19515909901472933,0.5349193649209911,0.07119708904349113,0.006947398600623157,0.07119708904349113,0.006947398600623157,0.10547775540006532
Bayesian,Laboratory,mel87,Cropland,0.16185316552180123,0.4287201107924803,0.5468074452594782,0.6536046596616863,0.8348486090691387,0.9,False,False,0.22488454886920606,0.6729954435473375,-0.24639534033831367,-0.06515139093086131,0.24639534033831367,0.06515139093086131,0.2703692982778423
Bayesian,Laboratory,mel87,Decontaminated,0.018769578256758956,0.14980165812679538,0.2580821861966014,0.37502394923407745,0.6387543274232919,0.1,False,True,0.22522229110728206,0.6199847491665329,0.04980165812679538,0.0,0.04980165812679538,0.0,0.09632858614361461
Bayesian,Laboratory,mel87,Forest,0.007459399546977663,0.05294474049356654,0.09873728714342564,0.1517456055896762,0.2678401230466878,0.0,False,False,0.09880086509610966,0.26038072349971014,0.05294474049356654,0.007459399546977663,0.05294474049356654,0.007459399546977663,0.0692739306315886
Bayesian,Laboratory,mel87,Subsurface,0.0040572862567764545,0.0323480963501667,0.06875032696390429,0.12166428844460464,0.24258389186211565,0.0,False,False,0.08931619209443795,0.2385266056053392,0.0323480963501667,0.0040572862567764545,0.0323480963501667,0.0040572862567764545,0.04911882948321315
Bayesian,Laboratory,mel88,Cropland,0.016576396630273802,0.12099816045334821,0.218726868618482,0.3175181156452766,0.5284126470695433,0.0,False,False,0.19651995519192839,0.5118362504392695,0.12099816045334821,0.016576396630273802,0.12099816045334821,0.016576396630273802,0.15112214138832195
Bayesian,Laboratory,mel88,Decontaminated,0.11215009465941128,0.3702071329169582,0.49673279490360167,0.6018375586371104,0.7787531722432676,0.9,False,False,0.2316304257201522,0.6666030775838563,-0.2981624413628896,-0.12124682775673246,0.2981624413628896,0.12124682775673246,0.3238053341174908
Bayesian,Laboratory,mel88,Forest,0.004406352079553689,0.03888022508712013,0.08406676774275305,0.13698678596754837,0.24934932486181782,0.1,True,True,0.09810656088042824,0.24494297278226412,0.0,0.0,0.0,0.0,0.01784820640139502
Bayesian,Laboratory,mel88,Subsurface,0.012431175111800403,0.09122307767387677,0.17732439934961755,0.2804108845175068,0.5042984957941095,0.0,False,False,0.18918780684363,0.49186732068230904,0.09122307767387677,0.012431175111800403,0.09122307767387677,0.012431175111800403,0.12242531890635674
Bayesian,Laboratory,mel89,Cropland,0.004735648425114581,0.06639973249997715,0.13881570251930472,0.22240742879803768,0.3930837608857505,0.0,False,False,0.15600769629806055,0.3883481124606359,0.06639973249997715,0.004735648425114581,0.06639973249997715,0.004735648425114581,0.09366800631735697
Bayesian,Laboratory,mel89,Decontaminated,0.004288156086652651,0.049270478819946534,0.09925585864851125,0.1639397376692847,0.30450724792194145,0.1,True,True,0.11466925884933818,0.3002190918352888,0.0,0.0,0.0,0.0,0.02024322225938248
Bayesian,Laboratory,mel89,Forest,0.48291202546465517,0.5908726221857012,0.6526492735469329,0.7166834606223997,0.8289386495059209,0.9,False,False,0.1258108384366985,0.3460266240412657,-0.18331653937760028,-0.07106135049407913,0.18331653937760028,0.07106135049407913,0.19624312721613746
Bayesian,Laboratory,mel89,Subsurface,0.0031595731922128816,0.029874443616523305,0.061199848908673166,0.1140989204087711,0.2302785783357161,0.0,False,False,0.0842244767922478,0.22711900514350322,0.029874443616523305,0.0031595731922128816,0.029874443616523305,0.0031595731922128816,0.04413977292712708
Bayesian,Laboratory,mel90,Cropland,0.16109047375631041,0.43221480803172985,0.5571153016150812,0.6544160993224238,0.8377235020775611,0.9,False,False,0.222201291290694,0.6766330283212507,-0.24558390067757618,-0.062276497922438945,0.24558390067757618,0.062276497922438945,0.2675050823598657
Bayesian,Laboratory,mel90,Decontaminated,0.011876592068801777,0.10791053026143646,0.19701700436036304,0.3165431638262327,0.5849125343098253,0.0,False,False,0.20863263356479625,0.5730359422410235,0.10791053026143646,0.011876592068801777,0.10791053026143646,0.011876592068801777,0.1402156177179435
Bayesian,Laboratory,mel90,Forest,0.016088705612305264,0.09577440775196451,0.15397679868737446,0.21544123586220806,0.3457116708037076,0.1,True,True,0.11966682811024355,0.3296229651914024,0.0,0.0,0.0,0.0,0.03376422666868358
Bayesian,Laboratory,mel90,Subsurface,0.002799003116237284,0.030556832446510925,0.06731979921957738,0.11268197687486779,0.22781391777003587,0.0,False,False,0.08212514442835686,0.22501491465379858,0.030556832446510925,0.002799003116237284,0.030556832446510925,0.002799003116237284,0.04598845587724782
Bayesian,Laboratory,mel91,Cropland,0.002377054998602172,0.029845487299993423,0.06633543473053483,0.11914556359563375,0.25797038777347053,0.1,True,True,0.08930007629564032,0.25559333277486834,0.0,0.0,0.0,0.0,0.022054610107552962
Bayesian,Laboratory,mel91,Decontaminated,0.002165506350168624,0.025211708856694114,0.061994540321838244,0.11193334223856002,0.2055279218811272,0.0,False,False,0.0867216333818659,0.20336241553095857,0.025211708856694114,0.002165506350168624,0.025211708856694114,0.002165506350168624,0.042591135643772995
Bayesian,Laboratory,mel91,Forest,0.641457531129033,0.7321121010196991,0.7801879526067876,0.8313824439417863,0.9129223895560404,0.9,False,True,0.09927034292208714,0.2714648584270074,-0.06861755605821374,0.0,0.06861755605821374,0.0,0.07908785259999426
Bayesian,Laboratory,mel91,Subsurface,0.0026548654483098083,0.021400022844820746,0.04783851241493144,0.08815605210382961,0.19437519436884462,0.0,False,False,0.06675602925900886,0.1917203289205348,0.021400022844820746,0.0026548654483098083,0.021400022844820746,0.0026548654483098083,0.034282368378698275
Bayesian,Laboratory,mel92,Cropland,0.004715031054178858,0.052764232731246904,0.10836750517238465,0.17950794959045613,0.32906480437905855,0.0,False,False,0.1267437168592092,0.3243497733248797,0.052764232731246904,0.004715031054178858,0.052764232731246904,0.004715031054178858,0.07544495834991666
Bayesian,Laboratory,mel92,Decontaminated,0.050336904125213786,0.2680842337822028,0.4164363271641318,0.5433232135672523,0.7394151162095403,0.5,True,True,0.2752389797850495,0.6890782120843265,0.0,0.0,0.0,0.0,0.06101171841087273
Bayesian,Laboratory,mel92,Forest,0.002954540729840546,0.029617246393167068,0.06409214002048536,0.11033722465205503,0.2168060921910376,0.0,False,False,0.08071997825888796,0.21385155146119705,0.029617246393167068,0.002954540729840546,0.029617246393167068,0.002954540729840546,0.04405399411368482
Bayesian,Laboratory,mel92,Subsurface,0.07043787874134937,0.2553297922628366,0.3953090164352868,0.5228753001563681,0.7357047781804471,0.5,True,True,0.2675455078935315,0.6652668994390978,0.0,0.0,0.0,0.0,0.06826481030827349
Bayesian,Laboratory,mel93,Cropland,0.0581361243957665,0.2524503113179958,0.3631703149427326,0.46462987519101845,0.6387468240238573,0.5,False,True,0.21217956387302267,0.5806106996280908,-0.03537012480898155,0.0,0.03537012480898155,0.0,0.08328938247287686
Bayesian,Laboratory,mel93,Decontaminated,0.03184730234952197,0.17659494514961832,0.2825035387006621,0.37830506829520616,0.6189312891166057,0.0,False,False,0.20171012314558784,0.5870839867670837,0.17659494514961832,0.03184730234952197,0.17659494514961832,0.03184730234952197,0.20472514070628545
Bayesian,Laboratory,mel93,Forest,0.007801668117076772,0.05125455217439812,0.09625009376735885,0.1475672792688875,0.2596606055621487,0.0,False,False,0.09631272709448938,0.25185893744507193,0.05125455217439812,0.007801668117076772,0.05125455217439812,0.007801668117076772,0.06704766230013368
Bayesian,Laboratory,mel93,Subsurface,0.027542651553351526,0.16240045064233477,0.2483068441559415,0.325039280013882,0.4917194922565331,0.5,False,False,0.16263882937154722,0.4641768407031816,-0.174960719986118,-0.008280507743466892,0.174960719986118,0.008280507743466892,0.18631260084988652
Bayesian,Laboratory,mel94,Cropland,0.025210881600048453,0.1681968035081387,0.27875362420721983,0.3965151296622471,0.5990787537212596,0.0,False,False,0.2283183261541084,0.5738678721212112,0.1681968035081387,0.025210881600048453,0.1681968035081387,0.025210881600048453,0.19920755763514428
Bayesian,Laboratory,mel94,Decontaminated,0.023857563963730267,0.18267147621672858,0.2855191722215238,0.38397199675246513,0.5897383237416396,0.0,False,False,0.20130052053573655,0.5658807597779093,0.18267147621672858,0.023857563963730267,0.18267147621672858,0.023857563963730267,0.20358920584640006
Bayesian,Laboratory,mel94,Forest,0.02829132698679806,0.13894169146085197,0.2063236256573267,0.2689287130745289,0.39568016776763454,0.5,False,False,0.12998702161367695,0.3673888407808365,-0.23107128692547108,-0.10431983223236546,0.23107128692547108,0.10431983223236546,0.24145533345270292
Bayesian,Laboratory,mel94,Subsurface,0.022635255334519416,0.13225760345006815,0.21331357969413478,0.2985647563982031,0.46257484896853296,0.5,False,False,0.16630715294813497,0.4399395936340135,-0.20143524360179688,-0.03742515103146704,0.20143524360179688,0.03742515103146704,0.21359306420209512
Bayesian,Laboratory,mel95,Cropland,0.08460444448137586,0.3455204913608708,0.46488675779272826,0.5790431065766616,0.7813205557554722,0.5,True,True,0.23352261521579076,0.6967161112740964,0.0,0.0,0.0,0.0,0.04330508269662432
Bayesian,Laboratory,mel95,Decontaminated,0.04299524247606413,0.24400023907984777,0.37480198041385276,0.5044098917119347,0.7588999855233317,0.5,True,True,0.26040965263208693,0.7159047430472676,0.0,0.0,0.0,0.0,0.07687706080939752
Bayesian,Laboratory,mel95,Forest,0.0020027068433277288,0.020519840202482438,0.04498910590898526,0.08164025634246094,0.16995989655334265,0.0,False,False,0.061120416139978505,0.16795718971001491,0.020519840202482438,0.0020027068433277288,0.020519840202482438,0.0020027068433277288,0.031671929491940705
Bayesian,Laboratory,mel95,Subsurface,0.004811566556132714,0.0422786258353795,0.09061221306304544,0.15707571925319946,0.31730061967134254,0.0,False,False,0.11479709341781996,0.3124890531152098,0.0422786258353795,0.004811566556132714,0.0422786258353795,0.004811566556132714,0.06353683256568524
Bayesian,Laboratory,mel96,Cropland,0.030046375468876032,0.21694650053953785,0.35264853523543516,0.4852682165835207,0.7286848707965246,0.0,False,False,0.26832171604398286,0.6986384953276485,0.21694650053953785,0.030046375468876032,0.21694650053953785,0.030046375468876032,0.24896117731405154
Bayesian,Laboratory,mel96,Decontaminated,0.022530187446241544,0.15386017831255933,0.26890909507022676,0.38259198221531593,0.6095050050707452,0.5,False,True,0.2287318039027566,0.5869748176245037,-0.11740801778468407,0.0,0.11740801778468407,0.0,0.14757010778624524
Bayesian,Laboratory,mel96,Forest,0.0694109588593977,0.21553499667285347,0.2829309409238233,0.35360669203337025,0.4880003501547163,0.5,False,False,0.13807169536051678,0.41858939129531864,-0.14639330796662975,-0.011999649845283678,0.14639330796662975,0.011999649845283678,0.15948168129542853
Bayesian,Laboratory,mel96,Subsurface,0.0029100894031828407,0.030582627535591676,0.06799734564381675,0.11911792215250612,0.24823471741919928,0.0,False,False,0.08853529461691445,0.24532462801601643,0.030582627535591676,0.0029100894031828407,0.030582627535591676,0.0029100894031828407,0.04716398547216347
Bayesian,Laboratory,mel97,Cropland,0.06811208776704086,0.3076546576015879,0.4218173743547653,0.5285389461124438,0.7198309592952408,0.5,True,True,0.2208842885108559,0.6517188715281999,0.0,0.0,0.0,0.0,0.05277357819652344
Bayesian,Laboratory,mel97,Decontaminated,0.006931019830585878,0.08249204343430802,0.16033602956267134,0.2610528143746119,0.5025911325433469,0.0,False,False,0.1785607709403039,0.495660112712761,0.08249204343430802,0.006931019830585878,0.08249204343430802,0.006931019830585878,0.111963129234659
Bayesian,Laboratory,mel97,Forest,0.1393287702434236,0.2714162353875454,0.3363527243564236,0.39957101104942966,0.5382327217222812,0.5,False,True,0.12815477566188427,0.3989039514788576,-0.10042898895057034,0.0,0.10042898895057034,0.0,0.11310749630762629
Bayesian,Laboratory,mel97,Subsurface,0.001866221540781549,0.021990666576015235,0.05073580873936885,0.09187150702112953,0.18818770292254047,0.0,False,False,0.0698808404451143,0.1863214813817589,0.021990666576015235,0.001866221540781549,0.021990666576015235,0.001866221540781549,0.03523430912704616
Bayesian,Virtual,mel1,Cropland,0.002816384742379222,0.03073016706292882,0.06307147119214819,0.11528505133864622,0.23488558234093737,0.0,False,False,0.0845548842757174,0.23206919759855815,0.03073016706292882,0.002816384742379222,0.03073016706292882,0.002816384742379222,0.04575890635694479
Bayesian,Virtual,mel1,Decontaminated,0.007727730709274587,0.08172080907436767,0.16422053573633494,0.276095940824972,0.48557016985951057,0.0,False,False,0.19437513175060434,0.477842439150236,0.08172080907436767,0.007727730709274587,0.08172080907436767,0.007727730709274587,0.1144176871795489
Bayesian,Virtual,mel1,Forest,0.0017311358464429125,0.021621679580620702,0.046356400636350936,0.08353418450485453,0.18637587868402272,0.0,False,False,0.06191250492423383,0.1846447428375798,0.021621679580620702,0.0017311358464429125,0.021621679580620702,0.0017311358464429125,0.032195226176813155
Bayesian,Virtual,mel1,Subsurface,0.38652524781639236,0.5936763003712904,0.6908692219392694,0.7639046119095122,0.8817673200057178,1.0,False,False,0.17022831153822182,0.4952420721893254,-0.2360953880904878,-0.11823267999428222,0.2360953880904878,0.11823267999428222,0.2551780242556585
Bayesian,Virtual,mel10,Cropland,0.012057795682511365,0.09271869611312965,0.16526518900979964,0.2434817737917465,0.41095716666258947,0.0,False,False,0.15076307767861685,0.3988993709800781,0.09271869611312965,0.012057795682511365,0.09271869611312965,0.012057795682511365,0.11573185959924238
Bayesian,Virtual,mel10,Decontaminated,0.06354351955107786,0.2665702886712381,0.39394752122921295,0.5081710884100672,0.6920904011459657,0.625,False,True,0.2416007997388291,0.6285468815948878,-0.1168289115899328,0.0,0.1168289115899328,0.0,0.15197068627892305
Bayesian,Virtual,mel10,Forest,0.0035888371858724157,0.03269716603387326,0.06944525175321134,0.1142529784675036,0.21936616475364867,0.0,False,False,0.08155581243363033,0.21577732756777626,0.03269716603387326,0.0035888371858724157,0.03269716603387326,0.0035888371858724157,0.04795032864785907
Bayesian,Virtual,mel10,Subsurface,0.06736978078462741,0.2472224543182299,0.35750092964789904,0.46392371656258347,0.6597238420564239,0.375,True,True,0.21670126224435357,0.5923540612717965,0.0,0.0,0.0,0.0,0.03813996565078992
Bayesian,Virtual,mel12,Cropland,0.013541343385454912,0.12257039176779033,0.2100069844528707,0.2990458064080304,0.4994067032152192,0.0,False,False,0.17647541464024008,0.48586535982976425,0.12257039176779033,0.013541343385454912,0.12257039176779033,0.013541343385454912,0.14789137651599238
Bayesian,Virtual,mel12,Decontaminated,0.10154019352920463,0.35578715180435766,0.4691454560679873,0.5796957224638194,0.7584292369290967,0.875,False,False,0.22390857065946174,0.6568890433998921,-0.2953042775361806,-0.1165707630709033,0.2953042775361806,0.1165707630709033,0.3199847061696578
Bayesian,Virtual,mel12,Forest,0.003933319254670158,0.033632528815410664,0.0692765925364045,0.11682934251290113,0.21882355398088507,0.0,False,False,0.08319681369749046,0.2148902347262149,0.033632528815410664,0.003933319254670158,0.033632528815410664,0.003933319254670158,0.04806466207069146
Bayesian,Virtual,mel12,Subsurface,0.01585563609493573,0.12554345919378354,0.22498701840963692,0.33901587809652284,0.5398996452812254,0.125,False,True,0.2134724189027393,0.5240440091862897,0.0005434591937835409,0.0,0.0005434591937835409,0.0,0.060983109870490076
Bayesian,Virtual,mel13,Cropland,0.027822712208203853,0.1740657132077477,0.2714721682578342,0.385487351141012,0.5736295167900767,0.125,False,True,0.21142163793326432,0.5458068045818728,0.04906571320774769,0.0,0.04906571320774769,0.0,0.0901623456910754
Bayesian,Virtual,mel13,Decontaminated,0.10344888408220242,0.3495523154875485,0.46829527103815727,0.5809930118704206,0.7766037411758387,0.875,False,False,0.23144069638287212,0.6731548570936363,-0.29400698812957937,-0.09839625882416125,0.29400698812957937,0.09839625882416125,0.31705006939643315
Bayesian,Virtual,mel13,Forest,0.0032593496866283812,0.032318241200362155,0.06630650787240776,0.11503371467933238,0.22325206245877147,0.0,False,False,0.08271547347897022,0.21999271277214308,0.032318241200362155,0.0032593496866283812,0.032318241200362155,0.0032593496866283812,0.04713935473010741
Bayesian,Virtual,mel13,Subsurface,0.009144772217976988,0.08489099299428447,0.15815313487885102,0.25051245428359614,0.45207704809332966,0.0,False,False,0.16562146128931166,0.44293227587535267,0.08489099299428447,0.009144772217976988,0.08489099299428447,0.009144772217976988,0.10939286623911489
Bayesian,Virtual,mel15,Cropland,0.05736777153289106,0.2592090551436026,0.3679918144977111,0.47280261414447355,0.6612108185242549,0.375,True,True,0.21359355900087096,0.6038430469913638,0.0,0.0,0.0,0.0,0.037310696446583316
Bayesian,Virtual,mel15,Decontaminated,0.08147452787688746,0.27087263746944557,0.3851155420961393,0.499494129194633,0.7118504780735231,0.625,False,True,0.22862149172518742,0.6303759501966356,-0.12550587080536701,0.0,0.12550587080536701,0.0,0.15662410803329402
Bayesian,Virtual,mel15,Forest,0.005600476550300745,0.04068599018030257,0.08417003236987794,0.12934290035935928,0.2410337927772137,0.0,False,False,0.0886569101790567,0.23543331622691296,0.04068599018030257,0.005600476550300745,0.04068599018030257,0.005600476550300745,0.05727165278324996
Bayesian,Virtual,mel15,Subsurface,0.007176885083392315,0.07051539572634175,0.13762272145875099,0.2202304559670548,0.39473331175617277,0.0,False,False,0.14971506024071304,0.38755642667278045,0.07051539572634175,0.007176885083392315,0.07051539572634175,0.007176885083392315,0.09513919519858315
Bayesian,Virtual,mel17,Cropland,0.11983028785735111,0.34648041760102477,0.454973023233754,0.5656425139614804,0.74847652786337,0.625,False,True,0.21916209636045558,0.6286462400060189,-0.05935748603851965,0.0,0.05935748603851965,0.0,0.10178187629156155
Bayesian,Virtual,mel17,Decontaminated,0.04068728600037849,0.19969586353653593,0.30870255072089325,0.4257345417277109,0.6441651530577038,0.375,True,True,0.22603867819117499,0.6034778670573253,0.0,0.0,0.0,0.0,0.04785880070867486
Bayesian,Virtual,mel17,Forest,0.005945109669329889,0.048124815602913804,0.09274957410669782,0.14514519747407217,0.25975828291200515,0.0,False,False,0.09702038187115837,0.25381317324267527,0.048124815602913804,0.005945109669329889,0.048124815602913804,0.005945109669329889,0.06418436830900061
Bayesian,Virtual,mel17,Subsurface,0.0057787124447213544,0.0563673292268735,0.11017515875835537,0.17915659254616859,0.318787560653426,0.0,False,False,0.12278926331929509,0.31300884820870467,0.0563673292268735,0.0057787124447213544,0.0563673292268735,0.0057787124447213544,0.07678223325497849
Bayesian,Virtual,mel19,Cropland,0.1837699568511655,0.42979897019011604,0.5421748939859945,0.6374921231693015,0.8137519508640599,0.875,False,False,0.20769315297918545,0.6299819940128945,-0.23750787683069852,-0.061248049135940064,0.23750787683069852,0.061248049135940064,0.2583452718808587
Bayesian,Virtual,mel19,Decontaminated,0.019426020431459523,0.1406964736714866,0.23689796989915005,0.3489359753929514,0.5969368497818163,0.125,False,True,0.2082395017214648,0.5775108293503568,0.015696473671486605,0.0,0.015696473671486605,0.0,0.06969591238049876
Bayesian,Virtual,mel19,Forest,0.00680767045817021,0.059824652748877896,0.1107457139891743,0.1643335570881505,0.2768147304511999,0.0,False,False,0.10450890433927261,0.2700070599930297,0.059824652748877896,0.00680767045817021,0.059824652748877896,0.00680767045817021,0.07656621193945368
Bayesian,Virtual,mel19,Subsurface,0.004214755439921859,0.04354649053376975,0.08525370604942564,0.14356710734816766,0.2686431264992937,0.0,False,False,0.10002061681439792,0.2644283710593719,0.04354649053376975,0.004214755439921859,0.04354649053376975,0.004214755439921859,0.05960195637425322
Bayesian,Virtual,mel2,Cropland,0.01700854160430235,0.1308784301384377,0.2187729387132379,0.32230773429028053,0.5294927540874893,0.0,False,False,0.19142930415184284,0.512484212483187,0.1308784301384377,0.01700854160430235,0.1308784301384377,0.01700854160430235,0.15671684189470503
Bayesian,Virtual,mel2,Decontaminated,0.12275010005474958,0.39402912273183494,0.5126786585434165,0.6196647471333581,0.7956522718458044,1.0,False,False,0.22563562440152313,0.6729021717910548,-0.38033525286664194,-0.20434772815419555,0.38033525286664194,0.20434772815419555,0.40592542646225427
Bayesian,Virtual,mel2,Forest,0.0027741872290428767,0.030052690888336776,0.06676622163980837,0.11317171120268549,0.22489092626522217,0.0,False,False,0.08311902031434872,0.2221167390361793,0.030052690888336776,0.0027741872290428767,0.030052690888336776,0.0027741872290428767,0.045531619139456136
Bayesian,Virtual,mel2,Subsurface,0.00811609223350783,0.08547645016496797,0.1648856043867074,0.26768375890715057,0.4978107837867171,0.0,False,False,0.1822073087421826,0.48969469155320927,0.08547645016496797,0.00811609223350783,0.08547645016496797,0.00811609223350783,0.1142228012094446
Bayesian,Virtual,mel20,Cropland,0.004830757865223796,0.043502746184681404,0.09570835664021735,0.15755277227310452,0.30807574575901775,0.125,True,True,0.11405002608842311,0.30324498789379395,0.0,0.0,0.0,0.0,0.0238197179509642
Bayesian,Virtual,mel20,Decontaminated,0.0122416975892861,0.10812311585924592,0.1980906787610377,0.305703472917722,0.5167968967942153,0.0,False,False,0.19758035705847607,0.5045551992049292,0.10812311585924592,0.0122416975892861,0.10812311585924592,0.0122416975892861,0.1395781280581646
Bayesian,Virtual,mel20,Forest,0.0029307975479489733,0.030203795787019108,0.06334493642208729,0.1077551428532383,0.21463447405499722,0.0,False,False,0.07755134706621919,0.21170367650704824,0.030203795787019108,0.0029307975479489733,0.030203795787019108,0.0029307975479489733,0.043996398083589364
Bayesian,Virtual,mel20,Subsurface,0.33780260950339164,0.5172980941373782,0.5977299587200018,0.6879875995688268,0.8319308375244735,0.875,False,False,0.17068950543144867,0.49412822802108186,-0.18701240043117318,-0.0430691624755265,0.18701240043117318,0.0430691624755265,0.20564176618866928
Bayesian,Virtual,mel22,Cropland,0.018761592179143017,0.13865542266483594,0.21802075101565685,0.3102858177683068,0.48500868662610686,0.375,False,True,0.1716303951034709,0.46624709444696383,-0.06471418223169317,0.0,0.06471418223169317,0.0,0.09502098453660113
Bayesian,Virtual,mel22,Decontaminated,0.01675985957132458,0.12476043117143706,0.227463083849755,0.33078146520829443,0.5410440005481321,0.0,False,False,0.20602103403685737,0.5242841409768075,0.12476043117143706,0.01675985957132458,0.12476043117143706,0.01675985957132458,0.15863797965742077
Bayesian,Virtual,mel22,Forest,0.0036732073564411986,0.04403589162595935,0.0862528138823721,0.1383972635350229,0.26067170112833066,0.0,False,False,0.09436137190906356,0.25699849377188944,0.04403589162595935,0.0036732073564411986,0.04403589162595935,0.0036732073564411986,0.05940720952785897
Bayesian,Virtual,mel22,Subsurface,0.1931969769070834,0.36251828132497493,0.4413274521527153,0.5181731196498538,0.6803444628061037,0.625,False,True,0.15565483832487886,0.48714748589902035,-0.1068268803501462,0.0,0.1068268803501462,0.0,0.12471396488900505
Bayesian,Virtual,mel24,Cropland,0.10110154003046508,0.2806999825341502,0.38625891764737963,0.47665445415822927,0.6511908066516472,0.625,False,True,0.19595447162407909,0.5500892666211821,-0.14834554584177073,0.0,0.14834554584177073,0.0,0.16987108602459472
Bayesian,Virtual,mel24,Decontaminated,0.020989331384767926,0.13704452657007835,0.22842559142195745,0.3335384911164728,0.5551189341717494,0.0,False,False,0.19649396454639448,0.5341296027869815,0.13704452657007835,0.020989331384767926,0.13704452657007835,0.020989331384767926,0.16479014075213955
Bayesian,Virtual,mel24,Forest,0.0077913859794573334,0.05886714071536314,0.10829843868266406,0.15982493277838755,0.27989589399416426,0.0,False,False,0.10095779206302441,0.2721045080147069,0.05886714071536314,0.0077913859794573334,0.05886714071536314,0.0077913859794573334,0.07506601106583358
Bayesian,Virtual,mel24,Subsurface,0.04228938207812546,0.18429983254972498,0.2585483814193999,0.3398953595464956,0.47900646433689537,0.375,False,True,0.1555955269967706,0.43671708225876993,-0.03510464045350442,0.0,0.03510464045350442,0.0,0.06839345242525204
Bayesian,Virtual,mel26,Cropland,0.18111333788405873,0.415708193453855,0.5188837517862492,0.6110644237616689,0.7738252090311638,0.875,False,False,0.1953562303078139,0.5927118711471051,-0.2639355762383311,-0.10117479096883619,0.2639355762383311,0.10117479096883619,0.2819532054542981
Bayesian,Virtual,mel26,Decontaminated,0.02157853641942809,0.12680968117769587,0.217622897262853,0.32775613089160105,0.582874390175165,0.0,False,False,0.20094644971390518,0.5612958537557369,0.12680968117769587,0.02157853641942809,0.12680968117769587,0.02157853641942809,0.15867526209386218
Bayesian,Virtual,mel26,Forest,0.008555371715956179,0.06854113491276814,0.12247904580003222,0.1746427424247179,0.28715034788657245,0.0,False,False,0.10610160751194975,0.2785949761706163,0.06854113491276814,0.008555371715956179,0.06854113491276814,0.008555371715956179,0.08439471522038583
Bayesian,Virtual,mel26,Subsurface,0.007195154464214165,0.06486920060571222,0.11614167876808199,0.17738617125226552,0.30068017880174513,0.125,True,True,0.1125169706465533,0.293485024337531,0.0,0.0,0.0,0.0,0.020098960812135934
Bayesian,Virtual,mel27,Cropland,0.007656328329081063,0.06213650916653602,0.1270563622811809,0.20275030639266683,0.3522598438065799,0.125,True,True,0.14061379722613082,0.3446035154774988,0.0,0.0,0.0,0.0,0.02379643594152965
Bayesian,Virtual,mel27,Decontaminated,0.004209267343595906,0.04005483391124698,0.08285264080849729,0.14916192824331997,0.29116916865182,0.0,False,False,0.109107094332073,0.28695990130822413,0.04005483391124698,0.004209267343595906,0.04005483391124698,0.004209267343595906,0.05883773921877148
Bayesian,Virtual,mel27,Forest,0.5130023904056918,0.6172943859500364,0.6761036229065757,0.7358584998881612,0.8539676335433114,0.875,False,False,0.11856411393812483,0.34096524313761956,-0.1391415001118388,-0.0210323664566886,0.1391415001118388,0.0210323664566886,0.14981708514954267
Bayesian,Virtual,mel27,Subsurface,0.002531034212908341,0.029927263288757777,0.06555512368880297,0.11803770400840301,0.23461508633282738,0.0,False,False,0.08811044071964523,0.23208405211991903,0.029927263288757777,0.002531034212908341,0.029927263288757777,0.002531034212908341,0.04565284732597958
Bayesian,Virtual,mel29,Cropland,0.023568413582450768,0.14351019518306152,0.24514316860616545,0.33574434936791536,0.4960869924052974,0.375,False,True,0.19223415418485384,0.47251857882284665,-0.03925565063208464,0.0,0.03925565063208464,0.0,0.07948123281237879
Bayesian,Virtual,mel29,Decontaminated,0.006757717157392698,0.06286521653257457,0.1199697776535178,0.20093088428507444,0.3790229288362763,0.0,False,False,0.13806566775249987,0.3722652116788836,0.06286521653257457,0.006757717157392698,0.06286521653257457,0.006757717157392698,0.08426917304377947
Bayesian,Virtual,mel29,Forest,0.3560059827233229,0.4684938742846507,0.5369556819318853,0.5956486745309548,0.7246695276054529,0.625,False,True,0.1271548002463041,0.36866354488213,-0.029351325469045175,0.0,0.029351325469045175,0.0,0.05468553736063169
Bayesian,Virtual,mel29,Subsurface,0.0018050946552215944,0.029490254586057016,0.06550411158725124,0.11852992245579656,0.23488709729029528,0.0,False,False,0.08903966786973955,0.23308200263507367,0.029490254586057016,0.0018050946552215944,0.029490254586057016,0.0018050946552215944,0.04556052674796009
Bayesian,Virtual,mel3,Cropland,0.20437440987702407,0.4771135599568647,0.5808119987520508,0.6796342927023797,0.8394217063935703,1.0,False,False,0.20252073274551502,0.6350472965165462,-0.32036570729762026,-0.16057829360642972,0.32036570729762026,0.16057829360642972,0.3439589448296675
Bayesian,Virtual,mel3,Decontaminated,0.015351204466676347,0.11135554570610137,0.19754030327400743,0.3100336161773114,0.5697301751407743,0.0,False,False,0.19867807047121003,0.5543789706740979,0.11135554570610137,0.015351204466676347,0.11135554570610137,0.015351204466676347,0.14186219204188286
Bayesian,Virtual,mel3,Forest,0.007061549054349235,0.0633490159187649,0.1159862126049456,0.1671721047374975,0.28484104126212567,0.0,False,False,0.10382308881873259,0.2777794922077764,0.0633490159187649,0.007061549054349235,0.0633490159187649,0.007061549054349235,0.07929376483704709
Bayesian,Virtual,mel3,Subsurface,0.00406041790279181,0.03473060694114393,0.07476129539022919,0.12494918080483886,0.2354811459050818,0.0,False,False,0.09021857386369492,0.23142072800228997,0.03473060694114393,0.00406041790279181,0.03473060694114393,0.00406041790279181,0.051068155757320016
Bayesian,Virtual,mel31,Cropland,0.06404556512550048,0.2774979271523761,0.38498217828970727,0.4862984154992045,0.6684081795164324,0.625,False,True,0.2088004883468284,0.6043626143909319,-0.1387015845007955,0.0,0.1387015845007955,0.0,0.1654383391534484
Bayesian,Virtual,mel31,Decontaminated,0.010413762955161141,0.07504032965856786,0.15230357127395988,0.24208620269434544,0.46579469587585864,0.0,False,False,0.1670458730357776,0.4553809329206975,0.07504032965856786,0.010413762955161141,0.07504032965856786,0.010413762955161141,0.10654235141222573
Bayesian,Virtual,mel31,Forest,0.18269210559509508,0.30775825542548924,0.3659179483773887,0.42995548189678257,0.565615008983546,0.375,True,True,0.12219722647129333,0.3829229033884509,0.0,0.0,0.0,0.0,0.021831053807200615
Bayesian,Virtual,mel31,Subsurface,0.0036582639472014697,0.03429811637766404,0.06620627571247396,0.11501829893333268,0.2286095603755809,0.0,False,False,0.08072018255566864,0.2249512964283794,0.03429811637766404,0.0036582639472014697,0.03429811637766404,0.0036582639472014697,0.047083756185406805
Bayesian,Virtual,mel33,Cropland,0.17194380220574987,0.4283499941454643,0.5403670569233627,0.6352700218523138,0.7892862202427178,0.875,False,False,0.20692002770684953,0.6173424180369679,-0.23972997814768615,-0.08571377975728223,0.23972997814768615,0.08571377975728223,0.2629150617403477
Bayesian,Virtual,mel33,Decontaminated,0.012899884528157686,0.09304229893098481,0.17849778098227265,0.2826294503759724,0.517884854349156,0.0,False,False,0.1895871514449876,0.5049849698209983,0.09304229893098481,0.012899884528157686,0.09304229893098481,0.012899884528157686,0.1254165020885547
Bayesian,Virtual,mel33,Forest,0.02699704757754773,0.12524926086586946,0.18861684514390634,0.25530542073805573,0.38479240709619345,0.125,False,True,0.13005615987218627,0.3577953595186457,0.0002492608658694606,0.0,0.0002492608658694606,0.0,0.03911256165270756
Bayesian,Virtual,mel33,Subsurface,0.0033086348583678685,0.03512464311675844,0.07223847760499663,0.11678046481700148,0.2342326851295192,0.0,False,False,0.08165582170024305,0.23092405027115132,0.03512464311675844,0.0033086348583678685,0.03512464311675844,0.0033086348583678685,0.049337312576496546
Bayesian,Virtual,mel34,Cropland,0.008520561612046593,0.06496563933886683,0.13596395185864307,0.20488849651407628,0.3504138828813192,0.0,False,False,0.13992285717520947,0.3418933212692726,0.06496563933886683,0.008520561612046593,0.06496563933886683,0.008520561612046593,0.09038445877453959
Bayesian,Virtual,mel34,Decontaminated,0.00463840561153781,0.04255853377657791,0.09408554258443734,0.16215027097615578,0.3215093795812326,0.125,True,True,0.11959173719957787,0.31687097396969477,0.0,0.0,0.0,0.0,0.02446666406260012
Bayesian,Virtual,mel34,Forest,0.4969893445056528,0.5978613151436362,0.6566455249734614,0.7169307306718353,0.8327308416505484,0.875,False,False,0.11906941552819916,0.33574149714489565,-0.15806926932816467,-0.04226915834945155,0.15806926932816467,0.04226915834945155,0.16736650537561787
Bayesian,Virtual,mel34,Subsurface,0.0032996970835113817,0.03358342836776276,0.07010087042191189,0.12367277129558783,0.24309237142362994,0.0,False,False,0.09008934292782507,0.23979267434011856,0.03358342836776276,0.0032996970835113817,0.03358342836776276,0.0032996970835113817,0.04922660434403848
Bayesian,Virtual,mel36,Cropland,0.017097221936510913,0.12688498956644517,0.21540378618278985,0.3084810537926908,0.48574209172480076,0.0,False,False,0.18159606422624563,0.46864486978828984,0.12688498956644517,0.017097221936510913,0.12688498956644517,0.017097221936510913,0.1514967349634877
Bayesian,Virtual,mel36,Decontaminated,0.00921348760896479,0.08177994446916828,0.15562136595614037,0.24763026393309148,0.42678724162203596,0.375,False,True,0.1658503194639232,0.4175737540130712,-0.12736973606690852,0.0,0.12736973606690852,0.0,0.14452303743357847
Bayesian,Virtual,mel36,Forest,0.3157702961368925,0.4273658567714055,0.4867891954591007,0.5463862829155558,0.6640243181716082,0.625,False,True,0.11902042614415032,0.3482540220347157,-0.0786137170844442,0.0,0.0786137170844442,0.0,0.09279130856961795
Bayesian,Virtual,mel36,Subsurface,0.006265954894912297,0.05197648075452464,0.10512865358036552,0.16810861029096213,0.3026369073583501,0.0,False,False,0.11613212953643749,0.2963709524634378,0.05197648075452464,0.006265954894912297,0.05197648075452464,0.006265954894912297,0.0728707947375148
Bayesian,Virtual,mel38,Cropland,0.026160644328657705,0.17805653132174815,0.27454356871824503,0.3835769589305956,0.5867963682892998,0.0,False,False,0.20552042760884748,0.5606357239606421,0.17805653132174815,0.026160644328657705,0.17805653132174815,0.026160644328657705,0.19981799400325617
Bayesian,Virtual,mel38,Decontaminated,0.043008781996235305,0.18138243923393071,0.2808884809051609,0.38281624042555373,0.5607941632359755,0.625,False,False,0.20143380119162302,0.5177853812397403,-0.24218375957444627,-0.06420583676402447,0.24218375957444627,0.06420583676402447,0.2615672366773077
Bayesian,Virtual,mel38,Forest,0.10365160209258834,0.22714752495123977,0.28496517135059696,0.34777480218622947,0.4740687189352536,0.375,False,True,0.1206272772349897,0.37041711684266526,-0.02722519781377053,0.0,0.02722519781377053,0.0,0.05383062287420477
Bayesian,Virtual,mel38,Subsurface,0.010737089672372049,0.07413603378391521,0.135942135517832,0.20362594590842265,0.35096228769461973,0.0,False,False,0.12948991212450744,0.3402251980222477,0.07413603378391521,0.010737089672372049,0.07413603378391521,0.010737089672372049,0.09463765056756035
Bayesian,Virtual,mel4,Cropland,0.004386638682165872,0.04170922998207082,0.09088843375847122,0.16110225119529387,0.2925929226265051,0.0,False,False,0.11939302121322304,0.2882062839443392,0.04170922998207082,0.004386638682165872,0.04170922998207082,0.004386638682165872,0.06320574790067132
Bayesian,Virtual,mel4,Decontaminated,0.00361520587658422,0.032656195838906124,0.07085355669594301,0.12255307026915946,0.2557802618292482,0.0,False,False,0.08989687443025333,0.252165055952664,0.032656195838906124,0.00361520587658422,0.032656195838906124,0.00361520587658422,0.04932114337695118
Bayesian,Virtual,mel4,Forest,0.575912267601442,0.6787992099758121,0.7317752929601133,0.793895993952815,0.8950407188279366,1.0,False,False,0.11509678397700285,0.3191284512264946,-0.20610400604718504,-0.10495928117206343,0.20610400604718504,0.10495928117206343,0.21881480888999877
Bayesian,Virtual,mel4,Subsurface,0.0015262802747407099,0.025825487538849428,0.060285791292350184,0.10516065441743484,0.21267551596669795,0.0,False,False,0.07933516687858541,0.21114923569195723,0.025825487538849428,0.0015262802747407099,0.025825487538849428,0.0015262802747407099,0.04051275281819183
Bayesian,Virtual,mel40,Cropland,0.023022214165981984,0.16826465790644418,0.26920631032038234,0.3835559437218103,0.5759766610253371,0.0,False,False,0.2152912858153661,0.5529544468593551,0.16826465790644418,0.023022214165981984,0.16826465790644418,0.023022214165981984,0.1939741326659118
Bayesian,Virtual,mel40,Decontaminated,0.08875767743241587,0.30524260854260266,0.42434798960189646,0.5314539062800728,0.7303287266146926,0.875,False,False,0.22621129773747017,0.6415710491822767,-0.34354609371992717,-0.1446712733853074,0.34354609371992717,0.1446712733853074,0.36355228642439047
Bayesian,Virtual,mel40,Forest,0.00830122569617299,0.05918976366393841,0.11498051919619094,0.1723971037177562,0.28616315299127604,0.125,True,True,0.1132073400538178,0.27786192729510306,0.0,0.0,0.0,0.0,0.019545485920638928
Bayesian,Virtual,mel40,Subsurface,0.011080418154535886,0.09260994935828916,0.1660891496408301,0.2551775808664032,0.4204785183465582,0.0,False,False,0.16256763150811404,0.40939810019202233,0.09260994935828916,0.011080418154535886,0.09260994935828916,0.011080418154535886,0.1178099260877091
Bayesian,Virtual,mel41,Cropland,0.006079604645079845,0.05654539237021763,0.11635642097165905,0.18911346076368646,0.33306116133686264,0.0,False,False,0.13256806839346882,0.3269815566917828,0.05654539237021763,0.006079604645079845,0.05654539237021763,0.006079604645079845,0.07925444184466712
Bayesian,Virtual,mel41,Decontaminated,0.004127549186631075,0.04222362880069385,0.08763071058688539,0.14731580613652723,0.2991696980354728,0.0,False,False,0.10509217733583337,0.2950421488488417,0.04222362880069385,0.004127549186631075,0.04222362880069385,0.004127549186631075,0.06060901588893764
Bayesian,Virtual,mel41,Forest,0.5009582576057645,0.6029998690310889,0.6601889668712047,0.7217869717530927,0.8454220787431084,0.875,False,False,0.11878710272200377,0.34446382113734386,-0.1532130282469073,-0.029577921256891626,0.1532130282469073,0.029577921256891626,0.1612952355407735
Bayesian,Virtual,mel41,Subsurface,0.004147040926389047,0.04471880736802129,0.0897652901843082,0.14459310134552622,0.2703687514045839,0.125,True,True,0.09987429397750493,0.2662217104781948,0.0,0.0,0.0,0.0,0.02351955637666863
Bayesian,Virtual,mel43,Cropland,0.008227132602636973,0.0698072365197464,0.13424559736377414,0.2137787789382983,0.37309293650351094,0.0,False,False,0.14397154241855192,0.364865803900874,0.0698072365197464,0.008227132602636973,0.0698072365197464,0.008227132602636973,0.09334001567897351
Bayesian,Virtual,mel43,Decontaminated,0.006678352545453974,0.05718735788977524,0.12078581271124672,0.20115247903654768,0.37081197521816733,0.0,False,False,0.14396512114677243,0.3641336226727134,0.05718735788977524,0.006678352545453974,0.05718735788977524,0.006678352545453974,0.08332732979429797
Bayesian,Virtual,mel43,Forest,0.3067446956792519,0.42699907554039224,0.489813500765371,0.5578910297131927,0.7010401523735644,0.625,False,True,0.13089195417280047,0.39429545669431254,-0.06710897028680729,0.0,0.06710897028680729,0.0,0.08605385529513114
Bayesian,Virtual,mel43,Subsurface,0.032021641083162106,0.14541711966050386,0.21292556910840077,0.29172462821500583,0.4389272270648761,0.375,False,True,0.14630750855450197,0.406905585981714,-0.08327537178499417,0.0,0.08327537178499417,0.0,0.10339574766320761
Bayesian,Virtual,mel45,Cropland,0.008900092746857654,0.06496604946408349,0.1371279471418383,0.22485077771318068,0.39274668391789996,0.0,False,False,0.1598847282490972,0.3838465911710423,0.06496604946408349,0.008900092746857654,0.06496604946408349,0.008900092746857654,0.09477129577129764
Bayesian,Virtual,mel45,Decontaminated,0.006690512752261893,0.08076374986906096,0.14847122001823482,0.23929249568954342,0.4252402587331808,0.0,False,False,0.15852874582048246,0.4185497459809189,0.08076374986906096,0.006690512752261893,0.08076374986906096,0.006690512752261893,0.1027835668145801
Bayesian,Virtual,mel45,Forest,0.06478924736846108,0.19648132733463114,0.26680155393107063,0.33762562892897224,0.48070438032020874,0.375,False,True,0.1411443015943411,0.41591513295174765,-0.03737437107102776,0.0,0.03737437107102776,0.0,0.06510571096064699
Bayesian,Virtual,mel45,Subsurface,0.19206221535374526,0.3364176910646289,0.4115312090439325,0.49064282310427165,0.6249371354551546,0.625,False,False,0.15422513203964278,0.4328749201014094,-0.13435717689572835,-6.286454484538684e-05,0.13435717689572835,6.286454484538684e-05,0.15208878594224592
Bayesian,Virtual,mel47,Cropland,0.004189360220921235,0.04547489886062972,0.10164021622619221,0.16617717273500215,0.3157380238591743,0.0,False,False,0.12070227387437243,0.31154866363825306,0.04547489886062972,0.004189360220921235,0.04547489886062972,0.004189360220921235,0.06843651032135732
Bayesian,Virtual,mel47,Decontaminated,0.01077207815210911,0.09644846815241764,0.17930733628590828,0.27582127093789016,0.4821619433675201,0.0,False,False,0.17937280278547252,0.471389865215411,0.09644846815241764,0.01077207815210911,0.09644846815241764,0.01077207815210911,0.12513608910853485
Bayesian,Virtual,mel47,Forest,0.003916500802834331,0.039078907899639644,0.08419709503081016,0.1383972635350229,0.2553204487951695,0.125,True,True,0.09931835563538327,0.2514039479923352,0.0,0.0,0.0,0.0,0.02481770660374996
Bayesian,Virtual,mel47,Subsurface,0.34882966574999613,0.5148945236906568,0.595926590421183,0.674250620218329,0.8132723231516166,0.875,False,False,0.15935609652767224,0.46444265740162044,-0.20074937978167096,-0.06172767684838343,0.20074937978167096,0.06172767684838343,0.21503633680846052
Bayesian,Virtual,mel48,Cropland,0.061405021763654664,0.2366638154192174,0.33920231352114805,0.42912671025837396,0.61821282843733,0.3,True,True,0.19246289483915655,0.5568078066736754,0.0,0.0,0.0,0.0,0.037917404231694485
Bayesian,Virtual,mel48,Decontaminated,0.024116049028016662,0.14447769898716384,0.23822981144861147,0.3308674041093914,0.5480815463472034,0.3,True,True,0.18638970512222758,0.5239654973191867,0.0,0.0,0.0,0.0,0.04255789165584099
Bayesian,Virtual,mel48,Forest,0.08453873516694439,0.20443363938371303,0.2645584259532159,0.32981899791101343,0.45398270629643345,0.3,True,True,0.1253853585273004,0.36944397112948907,0.0,0.0,0.0,0.0,0.026527126765370744
Bayesian,Virtual,mel48,Subsurface,0.011345208295940556,0.08030765763544614,0.14444451297191213,0.20843048063609404,0.3340181489510685,0.1,True,True,0.1281228230006479,0.32267294065512797,0.0,0.0,0.0,0.0,0.029666435550864352
Bayesian,Virtual,mel49,Cropland,0.049699122632425374,0.19429687013966093,0.28810144327740306,0.38717721195232674,0.5659668774541547,0.3,True,True,0.1928803418126658,0.5162677548217294,0.0,0.0,0.0,0.0,0.033391696053944625
Bayesian,Virtual,mel49,Decontaminated,0.01624147123667751,0.12294898581521588,0.21070929249365508,0.30425616971480657,0.49692162386009814,0.1,False,True,0.1813071838995907,0.4806801526234206,0.022948985815215872,0.0,0.022948985815215872,0.0,0.06610656724661435
Bayesian,Virtual,mel49,Forest,0.09793170038934888,0.21021927271668292,0.271802719809563,0.3288732170093507,0.46385050254780474,0.3,True,True,0.11865394429266776,0.36591880215845585,0.0,0.0,0.0,0.0,0.024561381033119667
Bayesian,Virtual,mel49,Subsurface,0.031793440112975656,0.1456796615745986,0.21310881888101224,0.2834429511219605,0.4210990428417616,0.3,False,True,0.1377632895473619,0.38930560272878595,-0.016557048878039493,0.0,0.016557048878039493,0.0,0.05063697204887878
Bayesian,Virtual,mel5,Cropland,0.04558570288596698,0.20307149000263086,0.2928496213769982,0.397530472359648,0.5780486689028527,0.25,True,True,0.19445898235701714,0.5324629660168857,0.0,0.0,0.0,0.0,0.038654887679886646
Bayesian,Virtual,mel5,Decontaminated,0.025521819469486624,0.15407883171426923,0.2444896171075111,0.3351730282219415,0.526046028558649,0.25,True,True,0.18109419650767228,0.5005242090891624,0.0,0.0,0.0,0.0,0.031514248084194424
Bayesian,Virtual,mel5,Forest,0.05290144578553245,0.16814679851703013,0.22811579757543263,0.2886185366786548,0.4122750197022179,0.25,True,True,0.12047173816162465,0.35937357391668545,0.0,0.0,0.0,0.0,0.023233074982019125
Bayesian,Virtual,mel5,Subsurface,0.03575276447700158,0.14724163723837894,0.21606259342718032,0.2871791280714911,0.4383944841200169,0.25,True,True,0.13993749083311216,0.4026417196430153,0.0,0.0,0.0,0.0,0.02870168632783078
Bayesian,Virtual,mel50,Cropland,0.029257427485180343,0.15677572979814747,0.2403530650144022,0.3344703122646108,0.5214474132267007,0.1,False,True,0.17769458246646336,0.4921899857415204,0.05677572979814746,0.0,0.05677572979814746,0.0,0.08764910573859933
Bayesian,Virtual,mel50,Decontaminated,0.023192958782646596,0.15383768313333024,0.24594824428520765,0.34063087470032155,0.5408996977869208,0.3,True,True,0.1867931915669913,0.5177067390042742,0.0,0.0,0.0,0.0,0.0406371194946091
Bayesian,Virtual,mel50,Forest,0.07336380786813869,0.178766549048319,0.2409843153786359,0.30025200460497237,0.42883387437066794,0.3,True,True,0.12148545555665335,0.35547006650252927,0.0,0.0,0.0,0.0,0.03614068756743673
Bayesian,Virtual,mel50,Subsurface,0.04930632096361372,0.17884105405154363,0.2513677163102598,0.32932214706692325,0.4822286340592355,0.3,True,True,0.15048109301537962,0.4329223130956218,0.0,0.0,0.0,0.0,0.03333064425999863
Bayesian,Virtual,mel51,Cropland,0.0375533840257565,0.2003754993166476,0.2993793093020316,0.39667829478010375,0.5678376887989138,0.3,True,True,0.19630279546345614,0.5302843047731574,0.0,0.0,0.0,0.0,0.033126956667274804
Bayesian,Virtual,mel51,Decontaminated,0.042744180283209296,0.1849066735523452,0.29150354829647995,0.3940876296247583,0.5840090928974901,0.3,True,True,0.2091809560724131,0.5412649126142809,0.0,0.0,0.0,0.0,0.03550704565211084
Bayesian,Virtual,mel51,Forest,0.013246364262254775,0.08118314381787989,0.13713710782039495,0.1904196901467498,0.31763168976078404,0.1,True,True,0.10923654632886992,0.30438532549852926,0.0,0.0,0.0,0.0,0.02521365455469704
Bayesian,Virtual,mel51,Subsurface,0.05485179640297166,0.18001877667931368,0.2587813292437955,0.3453177144047608,0.495667578818501,0.3,True,True,0.1652989377254471,0.4408157824155293,0.0,0.0,0.0,0.0,0.033292780307936115
Bayesian,Virtual,mel52,Cropland,0.02689139428273828,0.1696870615670002,0.25469539711433653,0.35215021611574143,0.5231363156255674,0.2,True,True,0.18246315454874124,0.4962449213428291,0.0,0.0,0.0,0.0,0.040965546339618644
Bayesian,Virtual,mel52,Decontaminated,0.02117602985372333,0.1465241355747524,0.2413535780228102,0.3359008850843804,0.5256128868237564,0.2,True,True,0.18937674950962796,0.504436856970033,0.0,0.0,0.0,0.0,0.037068296802893766
Bayesian,Virtual,mel52,Forest,0.026861807494109647,0.11959339078352597,0.18044965370923288,0.243004167075683,0.3639188999773417,0.2,True,True,0.12341077629215703,0.33705709248323207,0.0,0.0,0.0,0.0,0.02313297479435917
Bayesian,Virtual,mel52,Subsurface,0.09164164711587355,0.22647476537225744,0.3075809133949937,0.38464553209249963,0.5254299564359514,0.4,False,True,0.1581707667202422,0.43378830932007784,-0.015354467907500391,0.0,0.015354467907500391,0.0,0.05510982764166365
Bayesian,Virtual,mel53,Cropland,0.03945825366279563,0.20264751415528784,0.29538975612268714,0.39459176294908327,0.581118491776416,0.2,False,True,0.19194424879379543,0.5416602381136203,0.002647514155287828,0.0,0.002647514155287828,0.0,0.05817085723671045
Bayesian,Virtual,mel53,Decontaminated,0.041856834116345165,0.1949115199726044,0.2946057555110973,0.39341252459873555,0.5870290230831462,0.4,False,True,0.19850100462613116,0.5451721889668011,-0.006587475401264475,0.0,0.006587475401264475,0.0,0.06371606812585681
Bayesian,Virtual,mel53,Forest,0.02524439074285318,0.12324498694990027,0.18185052323339146,0.2406834021467436,0.362172040806322,0.2,True,True,0.11743841519684334,0.3369276500634688,0.0,0.0,0.0,0.0,0.022151267424888745
Bayesian,Virtual,mel53,Subsurface,0.026466841908121055,0.13766419387487688,0.2101686274618127,0.29164192381399834,0.4397186958356624,0.2,True,True,0.15397772993912145,0.4132518539275414,0.0,0.0,0.0,0.0,0.02673377480569039
Bayesian,Virtual,mel54,Cropland,0.066531926659944,0.2573963592411222,0.3557428609119054,0.44826948575108994,0.6294275337844457,0.4,True,True,0.19087312650996774,0.5628956071245017,0.0,0.0,0.0,0.0,0.03886817334221428
Bayesian,Virtual,mel54,Decontaminated,0.02356360845883016,0.15109998933589955,0.24077086683702725,0.33607590850265795,0.5396787142440951,0.2,True,True,0.1849759191667584,0.5161151057852649,0.0,0.0,0.0,0.0,0.037382572002628386
Bayesian,Virtual,mel54,Forest,0.035040659966524446,0.15206314091152026,0.2045737349320033,0.2669380931647295,0.3839300556318547,0.2,True,True,0.11487495225320923,0.3488893956653303,0.0,0.0,0.0,0.0,0.019991778475859957
Bayesian,Virtual,mel54,Subsurface,0.02034580623394347,0.11603998200811039,0.18121886901427248,0.2509576273427717,0.3927573309577034,0.2,True,True,0.13491764533466133,0.37241152472375993,0.0,0.0,0.0,0.0,0.024213777672739953
Bayesian,Virtual,mel55,Cropland,0.03454402418471277,0.17710420295571228,0.2689226572639638,0.3687067243790717,0.5510502481010906,0.2,True,True,0.19160252142335943,0.5165062239163778,0.0,0.0,0.0,0.0,0.046741002393901554
Bayesian,Virtual,mel55,Decontaminated,0.020510050346498325,0.11927548979635316,0.20190033897488066,0.2944357494204846,0.4769925876926111,0.2,True,True,0.17516025962413145,0.45648253734611277,0.0,0.0,0.0,0.0,0.030093955722511584
Bayesian,Virtual,mel55,Forest,0.15599987061842568,0.27299979971907024,0.3318745188609046,0.3908971393975249,0.5291906006215618,0.4,False,True,0.11789733967845467,0.3731907300031361,-0.009102860602475116,0.0,0.009102860602475116,0.0,0.041092850779080856
Bayesian,Virtual,mel55,Subsurface,0.0156273693390698,0.1040036831527014,0.17467809523104152,0.24075160319940409,0.38144999702429827,0.2,True,True,0.13674792004670266,0.3658226276852285,0.0,0.0,0.0,0.0,0.025786506086024348
Bayesian,Virtual,mel56,Cropland,0.015225542649687257,0.1211225900369262,0.20127048636477304,0.28881257991318315,0.47740455669072207,0.15,True,True,0.16768998987625694,0.4621790140410348,0.0,0.0,0.0,0.0,0.03743322062017969
Bayesian,Virtual,mel56,Decontaminated,0.022743220246756898,0.13721281471445404,0.23665345125192924,0.33798488991035486,0.5279189833109416,0.15,True,True,0.20077207519590082,0.5051757630641847,0.0,0.0,0.0,0.0,0.053044436413149
Bayesian,Virtual,mel56,Forest,0.008657402897653363,0.07992657272846561,0.1332404871733085,0.19493361648746674,0.3199113588336348,0.15,True,True,0.11500704375900113,0.31125395593598143,0.0,0.0,0.0,0.0,0.021109928249119128
Bayesian,Virtual,mel56,Subsurface,0.1692750008370766,0.3248233219568011,0.4026266048182957,0.48388981792909097,0.6293335622183235,0.55,False,True,0.1590664959722899,0.4600585613812469,-0.06611018207090907,0.0,0.06611018207090907,0.0,0.09256722348353673
Bayesian,Virtual,mel57,Cropland,0.038539846220315546,0.1929749484052263,0.29568607172431627,0.40074071764938224,0.5924774899074294,0.15,False,True,0.20776576924415593,0.5539376436871138,0.04297494840522631,0.0,0.04297494840522631,0.0,0.08690104583753423
Bayesian,Virtual,mel57,Decontaminated,0.05414198184914465,0.22997719343237094,0.3325037295805333,0.44316298614699434,0.6393474887185145,0.55,False,True,0.2131857927146234,0.5852055068693699,-0.1068370138530057,0.0,0.1068370138530057,0.0,0.13860668764038866
Bayesian,Virtual,mel57,Forest,0.012428684950110529,0.08662411973174991,0.14406454123534615,0.2028932060556025,0.32894373397626575,0.15,True,True,0.11626908632385258,0.31651504902615524,0.0,0.0,0.0,0.0,0.020431295901107482
Bayesian,Virtual,mel57,Subsurface,0.021006916535587773,0.1322689357670107,0.20921501204522935,0.29057381425292667,0.4504040055795978,0.15,True,True,0.15830487848591596,0.42939708904401,0.0,0.0,0.0,0.0,0.03848152948121804
Bayesian,Virtual,mel58,Cropland,0.10178869759863489,0.3051283147574956,0.4078002628836792,0.5086405951204311,0.6799036167599442,0.55,False,True,0.20351228036293556,0.5781149191613093,-0.041359404879568906,0.0,0.041359404879568906,0.0,0.08597442608923121
Bayesian,Virtual,mel58,Decontaminated,0.02629127848800716,0.14552617062003362,0.238839646095343,0.3402024112112845,0.5499471355601417,0.15,True,True,0.19467624059125085,0.5236558570721346,0.0,0.0,0.0,0.0,0.05459154648887493
Bayesian,Virtual,mel58,Forest,0.03093594924937089,0.12705987393456214,0.18946553347261025,0.24694934734759605,0.35890757020594,0.15,True,True,0.11988947341303391,0.3279716209565691,0.0,0.0,0.0,0.0,0.027089531847510263
Bayesian,Virtual,mel58,Subsurface,0.01244852643110138,0.08608918019727801,0.14764029281004787,0.2120631417979963,0.3535884682159803,0.15,True,True,0.12597396160071828,0.3411399417848789,0.0,0.0,0.0,0.0,0.0212650529189108
Bayesian,Virtual,mel59,Cropland,0.019567891358271076,0.13681016707172863,0.22429211158902979,0.313311232391994,0.49411539845073993,0.15,True,True,0.17650106532026535,0.47454750709246885,0.0,0.0,0.0,0.0,0.04729086831198559
Bayesian,Virtual,mel59,Decontaminated,0.009505383019279121,0.08954870967418466,0.15344174683745238,0.246278764685129,0.4264261767966132,0.15,True,True,0.15673005501094434,0.4169207937773341,0.0,0.0,0.0,0.0,0.02727702692486486
Bayesian,Virtual,mel59,Forest,0.2684286030280578,0.3878310869569529,0.45238015395960385,0.5142584124917334,0.6377833609819191,0.55,False,True,0.12642732553478053,0.3693547579538613,-0.035741587508266615,0.0,0.035741587508266615,0.0,0.06002985044170714
Bayesian,Virtual,mel59,Subsurface,0.010418469136453817,0.07487862687338341,0.13229859550031842,0.1973445555091874,0.33289036436607583,0.15,True,True,0.12246592863580398,0.322471895229622,0.0,0.0,0.0,0.0,0.022443832041925252
Bayesian,Virtual,mel6,Cropland,0.003091147397530785,0.035402764342378365,0.07961117101533392,0.13686517299516918,0.2641621383169964,0.0,False,False,0.10146240865279081,0.2610709909194656,0.035402764342378365,0.003091147397530785,0.035402764342378365,0.003091147397530785,0.05377379010085844
Bayesian,Virtual,mel6,Decontaminated,0.013478833691590414,0.10947424847931793,0.20648750734247912,0.3301036249738484,0.5606817957222328,0.125,True,True,0.22062937649453046,0.5472029620306423,0.0,0.0,0.0,0.0,0.05475301707054464
Bayesian,Virtual,mel6,Forest,0.002465456094721172,0.02455647705547006,0.0514088289584225,0.09042301696117186,0.1945957690649407,0.0,False,False,0.0658665399057018,0.1921303129702195,0.02455647705547006,0.002465456094721172,0.02455647705547006,0.002465456094721172,0.036124715468746196
Bayesian,Virtual,mel6,Subsurface,0.31457342863291904,0.5267076274753615,0.6245084262955309,0.7188387904036707,0.8476760779473745,0.875,False,False,0.19213116292830923,0.5331026493144555,-0.1561612095963293,-0.02732392205262546,0.1561612095963293,0.02732392205262546,0.18410218957980937
Bayesian,Virtual,mel60,Cropland,0.006400634006616518,0.07777261337122753,0.14132948504147214,0.22082623231822177,0.384989709395583,0.1,True,True,0.14305361894699425,0.3785890753889665,0.0,0.0,0.0,0.0,0.03169474544357442
Bayesian,Virtual,mel60,Decontaminated,0.018359216254672718,0.13233366777513733,0.2301860610818585,0.33319081822949353,0.53719155848236,0.1,False,True,0.2008571504543562,0.5188323422276873,0.032333667775137326,0.0,0.032333667775137326,0.0,0.07792999108126443
Bayesian,Virtual,mel60,Forest,0.005193151265346427,0.05031907130480727,0.09597214312057756,0.15233098358663624,0.2729772503889141,0.1,True,True,0.10201191228182897,0.2677840991235677,0.0,0.0,0.0,0.0,0.017599635283384076
Bayesian,Virtual,mel60,Subsurface,0.23727240420747664,0.41487962335141393,0.5029531090947524,0.5767497640868788,0.7316721881154526,0.7,False,True,0.1618701407354649,0.494399783907976,-0.12325023591312112,0.0,0.12325023591312112,0.0,0.13878985928381785
Bayesian,Virtual,mel61,Cropland,0.032113266064414385,0.18164605411783755,0.28131689042295216,0.3877036576454905,0.583823223064323,0.1,False,True,0.20605760352765293,0.5517099569999087,0.08164605411783754,0.0,0.08164605411783754,0.0,0.1145816608594
Bayesian,Virtual,mel61,Decontaminated,0.0720919474451472,0.2701973873060033,0.3851046735255056,0.499971179648087,0.6797436973545425,0.7,False,False,0.22977379234208373,0.6076517499093953,-0.20002882035191294,-0.020256302645457414,0.20002882035191294,0.020256302645457414,0.22661066288931453
Bayesian,Virtual,mel61,Forest,0.007996447431032845,0.05972013327778525,0.11260873047319818,0.16635746622118266,0.2794275959952532,0.1,True,True,0.10663733294339742,0.27143114856422035,0.0,0.0,0.0,0.0,0.01908253923350508
Bayesian,Virtual,mel61,Subsurface,0.014417994727241295,0.11646252114647576,0.20017707559177067,0.2881417471300135,0.4676956942605763,0.1,False,True,0.17167922598353774,0.45327769953333497,0.016462521146475756,0.0,0.016462521146475756,0.0,0.05980988588535825
Bayesian,Virtual,mel62,Cropland,0.1425992314566052,0.36225094224579973,0.4711418485182175,0.565663021344241,0.7396353901238666,0.7,False,True,0.20341207909844122,0.5970361586672615,-0.134336978655759,0.0,0.134336978655759,0.0,0.1586689215961629
Bayesian,Virtual,mel62,Decontaminated,0.023410173512412077,0.14307557261750972,0.2316350741810799,0.3301441714994221,0.5574122754759906,0.1,False,True,0.18706859888191238,0.5340021019635786,0.043075572617509716,0.0,0.043075572617509716,0.0,0.08080462419077634
Bayesian,Virtual,mel62,Forest,0.01736180639473664,0.10694898374107092,0.16200306395348285,0.22006186622265328,0.3409423868080542,0.1,False,True,0.11311288248158236,0.3235805804133176,0.006948983741070919,0.0,0.006948983741070919,0.0,0.037727027096653855
Bayesian,Virtual,mel62,Subsurface,0.00748585134548889,0.06481327238487848,0.1176144504398029,0.1794330282045939,0.30106337427329427,0.1,True,True,0.11461975581971541,0.29357752292780537,0.0,0.0,0.0,0.0,0.02124242715760572
Bayesian,Virtual,mel63,Cropland,0.01185643839147329,0.0949100648361049,0.17335516771723153,0.2613004870675039,0.4120672674175394,0.1,True,True,0.16639042223139902,0.40021082902606614,0.0,0.0,0.0,0.0,0.04565242611793191
Bayesian,Virtual,mel63,Decontaminated,0.008770697548074032,0.06722034162422241,0.12084788096340614,0.20177931684065922,0.3632707411570227,0.1,True,True,0.1345589752164368,0.35450004360894866,0.0,0.0,0.0,0.0,0.02498591610461076
Bayesian,Virtual,mel63,Forest,0.39516522582498337,0.4985699826303887,0.5536081546134858,0.615990115715482,0.7460241274314449,0.7,False,True,0.1174201330850933,0.3508589016064615,-0.08400988428451794,0.0,0.08400988428451794,0.0,0.09687521493000956
Bayesian,Virtual,mel63,Subsurface,0.005301262919759778,0.05053100267291528,0.10521194116685281,0.16911646547799758,0.29759926245833646,0.1,True,True,0.11858546280508231,0.29229799953857666,0.0,0.0,0.0,0.0,0.019908695653185128
Bayesian,Virtual,mel64,Cropland,0.004681924494319765,0.04737748847202105,0.09947600588171555,0.16186296075611467,0.31953758699197243,0.05,True,True,0.11448547228409361,0.3148556624976527,0.0,0.0,0.0,0.0,0.030990647018928834
Bayesian,Virtual,mel64,Decontaminated,0.011812870605310772,0.10771177228762195,0.20116098053649362,0.3145585013744508,0.5183708416568135,0.05,False,True,0.20684672908682883,0.5065579710515027,0.05771177228762195,0.0,0.05771177228762195,0.0,0.09613938548015162
Bayesian,Virtual,mel64,Forest,0.003284040556228597,0.03222325538227639,0.06798415092925178,0.11731877224204415,0.2279514003156215,0.05,True,True,0.08509551685976777,0.2246673597593929,0.0,0.0,0.0,0.0,0.01683064992393527
Bayesian,Virtual,mel64,Subsurface,0.3074631278835979,0.5009632244456959,0.5944152125535703,0.676763667522723,0.8179723533991946,0.85,False,False,0.17580044307702714,0.5105092255155967,-0.173236332477277,-0.03202764660080537,0.173236332477277,0.03202764660080537,0.19105381733529303
Bayesian,Virtual,mel65,Cropland,0.02519621142746751,0.15870143776841283,0.2453471954545751,0.35198489641024344,0.5529856438765592,0.05,False,True,0.1932834586418306,0.5277894324490917,0.10870143776841283,0.0,0.10870143776841283,0.0,0.13422605816188482
Bayesian,Virtual,mel65,Decontaminated,0.08956224005550194,0.3352199529738642,0.45103927754798956,0.5637112389677108,0.7360927215570898,0.85,False,False,0.2284912859938466,0.6465304815015879,-0.2862887610322892,-0.11390727844291015,0.2862887610322892,0.11390727844291015,0.3135406981219887
Bayesian,Virtual,mel65,Forest,0.006555072581716917,0.04707754621947938,0.09063677177587375,0.13937530046168503,0.2458084382575585,0.05,True,True,0.09229775424220565,0.23925336567584157,0.0,0.0,0.0,0.0,0.02502816473309684
Bayesian,Virtual,mel65,Subsurface,0.013751977050450746,0.0986806126873363,0.186025593454824,0.28487366087115756,0.47733122111409626,0.05,False,True,0.18619304818382126,0.46357924406364553,0.0486806126873363,0.0,0.0486806126873363,0.0,0.08396265154316655
Bayesian,Virtual,mel66,Cropland,0.15960565037098234,0.4234276552241115,0.5307038483210168,0.624482899906047,0.7824018172710444,0.85,False,False,0.20105524468193547,0.6227961669000621,-0.22551710009395298,-0.06759818272895557,0.22551710009395298,0.06759818272895557,0.24735379373267832
Bayesian,Virtual,mel66,Decontaminated,0.021718713078617103,0.12283799002659547,0.2115280723357702,0.32333068779393237,0.5630850984733672,0.05,False,True,0.2004926977673369,0.5413663853947501,0.07283799002659547,0.0,0.07283799002659547,0.0,0.10624868187365476
Bayesian,Virtual,mel66,Forest,0.01099874850056342,0.08481350559246448,0.13692706396178275,0.19897024209118427,0.32258112938358935,0.05,False,True,0.1141567364987198,0.3115823808830259,0.034813505592464475,0.0,0.034813505592464475,0.0,0.05472371607260747
Bayesian,Virtual,mel66,Subsurface,0.004726478472979806,0.04612972272835071,0.092419769750846,0.15125538690571572,0.2736123792216696,0.05,True,True,0.105125664177365,0.2688859007486898,0.0,0.0,0.0,0.0,0.02804880111445257
Bayesian,Virtual,mel67,Cropland,0.006270592006794222,0.06292870318517774,0.13475723174256415,0.20537533013066822,0.34261631743777066,0.05,False,True,0.14244662694549048,0.33634572543097646,0.012928703185177734,0.0,0.012928703185177734,0.0,0.04871375731522775
Bayesian,Virtual,mel67,Decontaminated,0.004580316748630046,0.042161111924609834,0.09320453845448001,0.16152264218445522,0.3201055845875962,0.05,True,True,0.11936153025984539,0.3155252678389662,0.0,0.0,0.0,0.0,0.02926171115561422
Bayesian,Virtual,mel67,Forest,0.4894591034817348,0.5916120859981249,0.6503779473374247,0.7081027167154414,0.8271424202542632,0.85,False,False,0.11649063071731658,0.3376833167725284,-0.14189728328455853,-0.022857579745736767,0.14189728328455853,0.022857579745736767,0.15036731658875782
Bayesian,Virtual,mel67,Subsurface,0.003326013889819486,0.03625895293718688,0.08005213983062484,0.13736162602276503,0.26433806047606445,0.05,True,True,0.10110267308557815,0.26101204658624494,0.0,0.0,0.0,0.0,0.02221063811098417
Bayesian,Virtual,mel68,Cropland,0.005996942503533221,0.0636203905416439,0.12145642990391088,0.19898415425415983,0.3471678943120521,0.1,True,True,0.13536376371251593,0.34117095180851886,0.0,0.0,0.0,0.0,0.02494093902155433
Bayesian,Virtual,mel68,Decontaminated,0.019314015247837036,0.15758633400779795,0.26055770739742345,0.3737202756750704,0.5825522975726644,0.2,True,True,0.21613394166727243,0.5632382823248273,0.0,0.0,0.0,0.0,0.04621844661284977
Bayesian,Virtual,mel68,Forest,0.0025958040450954284,0.03054381019881184,0.06258361371606987,0.1080793762771062,0.2126197733984781,0.0,False,False,0.07753556607829437,0.21002396935338266,0.03054381019881184,0.0025958040450954284,0.03054381019881184,0.0025958040450954284,0.044569992688686305
Bayesian,Virtual,mel68,Subsurface,0.2312560100256843,0.41998796086730494,0.5222453269738503,0.6120486962547808,0.7735569543300609,0.7,False,True,0.1920607353874758,0.5423009443043766,-0.0879513037452192,0.0,0.0879513037452192,0.0,0.11467185952327881
Bayesian,Virtual,mel69,Cropland,0.03183213356775192,0.19094563393813585,0.28641746233818444,0.39046870773594017,0.5823245410035722,0.2,True,True,0.19952307379780432,0.5504924074358203,0.0,0.0,0.0,0.0,0.05353436589883705
Bayesian,Virtual,mel69,Decontaminated,0.09172618665112237,0.29775679399877186,0.41531332675268917,0.524587704458807,0.7064464734481416,0.7,False,True,0.22683091046003512,0.6147202867970192,-0.17541229554119298,0.0,0.17541229554119298,0.0,0.20096057042813747
Bayesian,Virtual,mel69,Forest,0.003839211232406537,0.03525490945071322,0.07315891435098718,0.12531147146565608,0.23305889502234364,0.0,False,False,0.09005656201494286,0.2292196837899371,0.03525490945071322,0.003839211232406537,0.03525490945071322,0.003839211232406537,0.05057287803076808
Bayesian,Virtual,mel69,Subsurface,0.014820788812398332,0.11213124320139976,0.2004043745329496,0.2913424183548398,0.4701361540732861,0.1,False,True,0.17921117515344004,0.4553153652608878,0.012131243201399758,0.0,0.012131243201399758,0.0,0.05949925156879718
Bayesian,Virtual,mel70,Cropland,0.1304943405095,0.3534325236478281,0.4523359046422003,0.5437953302937241,0.7167151544080973,0.7,False,True,0.19036280664589594,0.5862208138985973,-0.1562046697062759,0.0,0.1562046697062759,0.0,0.17529159824395021
Bayesian,Virtual,mel70,Decontaminated,0.020646504726944948,0.15516847794860084,0.24671472210608542,0.35510037068145184,0.5844829888642458,0.1,False,True,0.199931892732851,0.5638364841373008,0.05516847794860083,0.0,0.05516847794860083,0.0,0.09051481531981957
Bayesian,Virtual,mel70,Forest,0.0077393750049500176,0.0592571688292803,0.10930836153511864,0.16093837388492033,0.2714267488078364,0.0,False,False,0.10168120505564002,0.26368737380288637,0.0592571688292803,0.0077393750049500176,0.0592571688292803,0.0077393750049500176,0.07555376739465194
Bayesian,Virtual,mel70,Subsurface,0.016898894163813714,0.0987494422884792,0.17251186204024763,0.24315410687574754,0.3859497612172212,0.2,True,True,0.14440466458726833,0.36905086705340745,0.0,0.0,0.0,0.0,0.027666033387000487
Bayesian,Virtual,mel71,Cropland,0.04628813690306624,0.2206700867163323,0.3340514843110013,0.4445515019157179,0.656168396675922,0.2,False,True,0.22388141519938562,0.6098802597728558,0.020670086716332275,0.0,0.020670086716332275,0.0,0.07934791235801955
Bayesian,Virtual,mel71,Decontaminated,0.07126039907014219,0.2646616720845163,0.3800168622037166,0.48619368075244906,0.6949111190717636,0.7,False,False,0.22153200866793277,0.6236507200016215,-0.2138063192475509,-0.005088880928236339,0.2138063192475509,0.005088880928236339,0.2334639835517235
Bayesian,Virtual,mel71,Forest,0.00876059270987035,0.06279565191853807,0.11669369659354281,0.1726239477577977,0.2849284785526368,0.1,True,True,0.10982829583925964,0.27616788584276647,0.0,0.0,0.0,0.0,0.019876931089732208
Bayesian,Virtual,mel71,Subsurface,0.010448538694884133,0.08558382585236399,0.15013667510921155,0.22776335610008236,0.39367343498721036,0.0,False,False,0.14217953024771837,0.3832248962923262,0.08558382585236399,0.010448538694884133,0.08558382585236399,0.010448538694884133,0.10524521648216623
Bayesian,Virtual,mel72,Cropland,0.12415177460846478,0.35631218656272434,0.47210548644559874,0.5724549818686178,0.744698704552718,0.7,False,True,0.21614279530589342,0.6205469299442532,-0.1275450181313822,0.0,0.1275450181313822,0.0,0.1548158558385322
Bayesian,Virtual,mel72,Decontaminated,0.013690173654107993,0.11663962879113204,0.2021145010753735,0.30317635830004586,0.518411320126149,0.1,False,True,0.1865367295089138,0.504721146472041,0.01663962879113204,0.0,0.01663962879113204,0.0,0.06260676875466052
Bayesian,Virtual,mel72,Forest,0.047363174145016534,0.16548852666485653,0.23105906881055963,0.2894111614943387,0.4195660652622455,0.2,True,True,0.12392263482948218,0.37220289111722893,0.0,0.0,0.0,0.0,0.025368648618580562
Bayesian,Virtual,mel72,Subsurface,0.0037691913659867525,0.03877212673093583,0.07765916738176423,0.1272540636860497,0.23567673930901314,0.0,False,False,0.08848193695511386,0.2319075479430264,0.03877212673093583,0.0037691913659867525,0.03877212673093583,0.0037691913659867525,0.05405505540744608
Bayesian,Virtual,mel73,Cropland,0.013121885546936517,0.10034868989065569,0.18636520335615891,0.2809338784124088,0.4349484686132171,0.1,False,True,0.1805851885217531,0.4218265830662806,0.00034868989065568734,0.0,0.00034868989065568734,0.0,0.053099221322440895
Bayesian,Virtual,mel73,Decontaminated,0.007360308385722484,0.06812898724216764,0.13057937738860845,0.2127407002918071,0.38326038716312727,0.2,True,True,0.1446117130496395,0.3759000787774048,0.0,0.0,0.0,0.0,0.0417829180472097
Bayesian,Virtual,mel73,Forest,0.38233742941207216,0.48890001825771023,0.5517704108250902,0.6153398091092355,0.7489948593712537,0.7,False,True,0.12643979085152524,0.3666574299591815,-0.08466019089076449,0.0,0.08466019089076449,0.0,0.09927526247516108
Bayesian,Virtual,mel73,Subsurface,0.0035759950880141344,0.04018255764477147,0.08561480909187302,0.14329131574259735,0.26975558355075646,0.0,False,False,0.10310875809782588,0.2661795884627423,0.04018255764477147,0.0035759950880141344,0.04018255764477147,0.0035759950880141344,0.05879045831432831
Bayesian,Virtual,mel74,Cropland,0.01024383470584615,0.09404385594584228,0.1723863506919994,0.25433898946497113,0.41948058082566336,0.2,True,True,0.16029513351912886,0.4092367461198172,0.0,0.0,0.0,0.0,0.029867479013968745
Bayesian,Virtual,mel74,Decontaminated,0.01564605567900269,0.11850585767858401,0.20546353645667162,0.3063634101589896,0.503221491483676,0.0,False,False,0.1878575524804056,0.48757543580467333,0.11850585767858401,0.01564605567900269,0.11850585767858401,0.01564605567900269,0.14695181134705637
Bayesian,Virtual,mel74,Forest,0.007141088857448541,0.05925909576290603,0.1119281784355688,0.1684519269768704,0.2977685739095543,0.1,True,True,0.10919283121396436,0.2906274850521058,0.0,0.0,0.0,0.0,0.019247094244093724
Bayesian,Virtual,mel74,Subsurface,0.2341846803933014,0.39742593523301206,0.4810416533953778,0.554971747697532,0.7029855061235232,0.7,False,True,0.15754581246451993,0.46880082573022175,-0.14502825230246796,0.0,0.14502825230246796,0.0,0.15844737024015398
Bayesian,Virtual,mel75,Cropland,0.11628634193727655,0.33851532162886566,0.44061172205632015,0.5499263139774635,0.7215041308025265,0.7,False,True,0.21141099234859784,0.6052177888652499,-0.15007368602253646,0.0,0.15007368602253646,0.0,0.17948482936371996
Bayesian,Virtual,mel75,Decontaminated,0.016911637658050444,0.10910446126317054,0.19289147325557726,0.2926750143988859,0.5107444276172879,0.0,False,False,0.18357055313571535,0.49383278995923746,0.10910446126317054,0.016911637658050444,0.10910446126317054,0.016911637658050444,0.13762833397388238
Bayesian,Virtual,mel75,Forest,0.05381298050807164,0.17725111374097188,0.24019327467677587,0.30228649109092665,0.42276968251207375,0.2,True,True,0.12503537734995476,0.3689567020040021,0.0,0.0,0.0,0.0,0.028558855987759625
Bayesian,Virtual,mel75,Subsurface,0.005583699576516163,0.05245066903708093,0.1004823840233192,0.15932620784571916,0.2798932822878054,0.1,True,True,0.10687553880863823,0.27430958271128925,0.0,0.0,0.0,0.0,0.01770374928070681
Bayesian,Virtual,mel76,Cropland,0.009453342965233806,0.07375883891509123,0.15076497150009488,0.23053030722213572,0.4052126018119601,0.1,True,True,0.15677146830704447,0.3957592588467263,0.0,0.0,0.0,0.0,0.03567390640468785
Bayesian,Virtual,mel76,Decontaminated,0.006308645623510056,0.058585303569149975,0.11874974807705319,0.1977164673915719,0.3545745699317402,0.0,False,False,0.1391311638224219,0.3482659243082301,0.058585303569149975,0.006308645623510056,0.058585303569149975,0.006308645623510056,0.08256646023633206
Bayesian,Virtual,mel76,Forest,0.39501063770661055,0.5025595040450251,0.5589527436427435,0.6230160714343315,0.7486213720356911,0.7,False,True,0.12045656738930632,0.3536107343290806,-0.07698392856566849,0.0,0.07698392856566849,0.0,0.09176019419971529
Bayesian,Virtual,mel76,Subsurface,0.00847456516924704,0.06821348443842998,0.1236856876161821,0.19102944415036602,0.32745997506847985,0.2,False,True,0.12281595971193604,0.3189854098992328,-0.008970555849633993,0.0,0.008970555849633993,0.0,0.04285099695559021
Bayesian,Virtual,mel77,Cropland,0.006315449150948561,0.06184826284177343,0.12747869157612304,0.19835406447358148,0.36313670368218753,0.0,False,False,0.13650580163180803,0.356821254531239,0.06184826284177343,0.006315449150948561,0.06184826284177343,0.006315449150948561,0.0864570613001341
Bayesian,Virtual,mel77,Decontaminated,0.014026191200811621,0.13576692624046646,0.23764552995543872,0.3471378215029902,0.5389757513906278,0.2,True,True,0.21137089526252376,0.5249495601898162,0.0,0.0,0.0,0.0,0.03974468100153504
Bayesian,Virtual,mel77,Forest,0.0035917932712896936,0.04403076358826349,0.08743146068425584,0.14456989900731657,0.25286581032773137,0.1,True,True,0.10053913541905307,0.24927401705644167,0.0,0.0,0.0,0.0,0.01775390326615387
Bayesian,Virtual,mel77,Subsurface,0.24865452517620842,0.42567683493182945,0.5166795542471215,0.6053214309931619,0.750536022675776,0.7,False,True,0.17964459606133248,0.5018814974995676,-0.09467856900683802,0.0,0.09467856900683802,0.0,0.12103467644357457
Bayesian,Virtual,mel78,Cropland,0.02385865574919936,0.16236548269881312,0.2600434853848166,0.36435853786347,0.5659117201705415,0.0,False,False,0.20199305516465688,0.5420530644213422,0.16236548269881312,0.02385865574919936,0.16236548269881312,0.02385865574919936,0.18725027020345164
Bayesian,Virtual,mel78,Decontaminated,0.06581068949763721,0.24681198334272864,0.3541258626340338,0.45848963493594536,0.6538593954934573,0.7,False,False,0.21167765159321672,0.58804870599582,-0.2415103650640546,-0.04614060450654267,0.2415103650640546,0.04614060450654267,0.2598973082300564
Bayesian,Virtual,mel78,Forest,0.01666406479845855,0.10703545296287491,0.16267965771628917,0.22636199135838772,0.34425809099007937,0.2,True,True,0.11932653839551281,0.3275940261916208,0.0,0.0,0.0,0.0,0.026603969210668703
Bayesian,Virtual,mel78,Subsurface,0.017535470189449048,0.12359502549233281,0.20046973303494875,0.28783623322972646,0.4575787612130641,0.1,False,True,0.16424120773739365,0.44004329102361506,0.023595025492332805,0.0,0.023595025492332805,0.0,0.06097574866896602
Bayesian,Virtual,mel79,Cropland,0.008581506476438162,0.07631926766365044,0.15008669973540723,0.2296872235614989,0.38881413309224044,0.0,False,False,0.15336795589784846,0.38023262661580226,0.07631926766365044,0.008581506476438162,0.07631926766365044,0.008581506476438162,0.10225820608639467
Bayesian,Virtual,mel79,Decontaminated,0.0068254254928098515,0.05874717813506627,0.12074116031239113,0.1999274213667274,0.3623113893068934,0.1,True,True,0.14118024323166112,0.35548596381408354,0.0,0.0,0.0,0.0,0.02533681168859407
Bayesian,Virtual,mel79,Forest,0.3837032696782721,0.4899155427423971,0.5527002984709279,0.6185255690836374,0.7485356964874703,0.7,False,True,0.1286100263412403,0.3648324268091982,-0.08147443091636253,0.0,0.08147443091636253,0.0,0.09713874237929085
Bayesian,Virtual,mel79,Subsurface,0.009085827430695938,0.07378792455335223,0.1351363674655113,0.20311697030507964,0.33660221564867854,0.2,True,True,0.1293290457517274,0.3275163882179826,0.0,0.0,0.0,0.0,0.0383876964834665
Bayesian,Virtual,mel8,Cropland,0.004820573271931007,0.05662705307273717,0.11752929172896302,0.18527262207022863,0.33303139817318,0.0,False,False,0.12864556899749147,0.328210824901249,0.05662705307273717,0.004820573271931007,0.05662705307273717,0.004820573271931007,0.0789308039235225
Bayesian,Virtual,mel8,Decontaminated,0.028607684924316944,0.1947928368654005,0.31273621994540285,0.4287835525185976,0.6313974206175655,0.375,True,True,0.23399071565319712,0.6027897356932486,0.0,0.0,0.0,0.0,0.04872801578416845
Bayesian,Virtual,mel8,Forest,0.001915131371926971,0.02771181844677975,0.058898291467038164,0.10230273860379632,0.200444758342895,0.0,False,False,0.07459092015701657,0.19852962697096802,0.02771181844677975,0.001915131371926971,0.02771181844677975,0.001915131371926971,0.040919526586232095
Bayesian,Virtual,mel8,Subsurface,0.18760570687611838,0.38238894506487203,0.49087586579879183,0.5864885402684216,0.7624461680065434,0.625,False,True,0.20409959520354953,0.574840461130425,-0.038511459731578435,0.0,0.038511459731578435,0.0,0.08223145373186586
Bayesian,Virtual,mel80,Cropland,0.0030400054830386058,0.03256997259602462,0.07689312739808302,0.13251012251931102,0.2563113094837083,0.0,False,False,0.0999401499232864,0.25327130400066966,0.03256997259602462,0.0030400054830386058,0.03256997259602462,0.0030400054830386058,0.05193867894366068
Bayesian,Virtual,mel80,Decontaminated,0.010420164677628418,0.10144163917731996,0.19881892519991676,0.3241802083084669,0.5465971440740862,0.1,False,True,0.22273856913114692,0.5361769793964578,0.0014416391773199588,0.0,0.0014416391773199588,0.0,0.06283430294086738
Bayesian,Virtual,mel80,Forest,0.002436906833486171,0.02366040508244464,0.05165476012594994,0.08947739684001622,0.18327216581950623,0.0,False,False,0.06581699175757158,0.18083525898602007,0.02366040508244464,0.002436906833486171,0.02366040508244464,0.002436906833486171,0.03559628801019524
Bayesian,Virtual,mel80,Subsurface,0.32996543549415114,0.53242329849733,0.637812216284949,0.7289341809406436,0.8525750884572492,0.9,False,False,0.1965108824433135,0.522609652963098,-0.17106581905935647,-0.04742491154275086,0.17106581905935647,0.04742491154275086,0.1976779694616307
Bayesian,Virtual,mel81,Cropland,0.016281460144027947,0.12103943686050259,0.20711312943778667,0.29772395209019453,0.5024236744671546,0.0,False,False,0.17668451522969195,0.4861422143231267,0.12103943686050259,0.016281460144027947,0.12103943686050259,0.016281460144027947,0.1470362529419489
Bayesian,Virtual,mel81,Decontaminated,0.1028052042757929,0.3673968465429389,0.49310286020900745,0.5955250402242864,0.7673126295241375,0.9,False,False,0.2281281936813475,0.6645074252483446,-0.3044749597757136,-0.13268737047586254,0.3044749597757136,0.13268737047586254,0.3293975296437281
Bayesian,Virtual,mel81,Forest,0.0033340083641993008,0.031299750528989666,0.06597112626990381,0.11160365381408652,0.22346607216972808,0.0,False,False,0.08030390328509684,0.22013206380552877,0.031299750528989666,0.0033340083641993008,0.031299750528989666,0.0033340083641993008,0.045760099293331497
Bayesian,Virtual,mel81,Subsurface,0.014117567399683895,0.11596520982208473,0.2102777428700362,0.3209297524122084,0.5504512714197284,0.1,False,True,0.20496454259012364,0.5363337040200444,0.015965209822084728,0.0,0.015965209822084728,0.0,0.06686580681800071
Bayesian,Virtual,mel82,Cropland,0.0044784841967671594,0.04369811274649567,0.09029978365783121,0.1505798609177208,0.2845349167685322,0.1,True,True,0.10688174817122513,0.28005643257176505,0.0,0.0,0.0,0.0,0.019247977857588333
Bayesian,Virtual,mel82,Decontaminated,0.009415043207414743,0.0966358706483556,0.18579540459995947,0.29744464632176687,0.4935364729031599,0.0,False,False,0.20080877567341127,0.4841214296957451,0.0966358706483556,0.009415043207414743,0.0966358706483556,0.009415043207414743,0.12908730289049758
Bayesian,Virtual,mel82,Forest,0.0031570065002717762,0.027342941146182353,0.05879149525690115,0.10439887253988536,0.21766672267523265,0.0,False,False,0.07705593139370301,0.21450971617496087,0.027342941146182353,0.0031570065002717762,0.027342941146182353,0.0031570065002717762,0.04119369910643914
Bayesian,Virtual,mel82,Subsurface,0.34779038362235604,0.5375778653373784,0.6282208538453763,0.7118395188385963,0.8371216581476252,0.9,False,False,0.17426165350121792,0.48933127452526914,-0.18816048116140371,-0.06287834185237484,0.18816048116140371,0.06287834185237484,0.20966451288523044
Bayesian,Virtual,mel83,Cropland,0.19062716738145133,0.4340003595097388,0.5434635322351135,0.6346051369711629,0.8115691417493783,0.9,False,False,0.20060477746142413,0.620941974367927,-0.2653948630288371,-0.08843085825062169,0.2653948630288371,0.08843085825062169,0.28611589371505264
Bayesian,Virtual,mel83,Decontaminated,0.01755253549739794,0.12627827625900076,0.2156059744241277,0.3239948912539666,0.555019319746566,0.0,False,False,0.19771661499496582,0.537466784249168,0.12627827625900076,0.01755253549739794,0.12627827625900076,0.01755253549739794,0.15341821104259118
Bayesian,Virtual,mel83,Forest,0.009302754567182537,0.06408318453027252,0.11917092997031319,0.16974938943949813,0.2856574168616477,0.0,False,False,0.10566620490922561,0.27635466229446515,0.06408318453027252,0.009302754567182537,0.06408318453027252,0.009302754567182537,0.08183710442149944
Bayesian,Virtual,mel83,Subsurface,0.005391228142216519,0.05483549105077219,0.10393270028555442,0.16090701844654007,0.2894688702847979,0.1,True,True,0.10607152739576788,0.28407764214258135,0.0,0.0,0.0,0.0,0.018607531375089685
Bayesian,Virtual,mel84,Cropland,0.004189360220921235,0.04312816797932541,0.09066929335756761,0.15010225905131722,0.2788656188628499,0.0,False,False,0.10697409107199181,0.27467625864192863,0.04312816797932541,0.004189360220921235,0.04312816797932541,0.004189360220921235,0.062162361400255814
Bayesian,Virtual,mel84,Decontaminated,0.009950686695039646,0.09164266562717331,0.17760660592315908,0.2831871112724639,0.48680203189699744,0.0,False,False,0.19154444564529055,0.4768513452019578,0.09164266562717331,0.009950686695039646,0.09164266562717331,0.009950686695039646,0.12311640678695232
Bayesian,Virtual,mel84,Forest,0.004338577303162902,0.036030340707093565,0.07583288064350796,0.12626896023606127,0.2443005482464958,0.1,True,True,0.0902386195289677,0.2399619709433329,0.0,0.0,0.0,0.0,0.019175489511784778
Bayesian,Virtual,mel84,Subsurface,0.3547338886029408,0.5337849710444437,0.6168957310608087,0.7012047786922754,0.8222753208331969,0.9,False,False,0.1674198076478317,0.46754143223025607,-0.19879522130772465,-0.07772467916680315,0.19879522130772465,0.07772467916680315,0.22016745938363708
Bayesian,Virtual,mel85,Cropland,0.005353244648061993,0.051122387230034545,0.10833324214408922,0.17931336124130118,0.3113913985087469,0.0,False,False,0.12819097401126664,0.30603815386068495,0.051122387230034545,0.005353244648061993,0.051122387230034545,0.005353244648061993,0.07388361037437965
Bayesian,Virtual,mel85,Decontaminated,0.004471560942096886,0.03886368770475461,0.08400347787858548,0.14941982867206205,0.2853322136278465,0.0,False,False,0.11055614096730744,0.2808606526857496,0.03886368770475461,0.004471560942096886,0.03886368770475461,0.004471560942096886,0.0589739115981551
Bayesian,Virtual,mel85,Forest,0.5229377605565819,0.6218991894059536,0.6763754015027688,0.7396978227158068,0.8607565214870774,0.9,False,False,0.11779863330985318,0.33781876093049545,-0.16030217728419327,-0.03924347851292265,0.16030217728419327,0.03924347851292265,0.17149875784811283
Bayesian,Virtual,mel85,Subsurface,0.00399215775977022,0.03910520386577328,0.08125227936538208,0.13598711404284336,0.2605526747793893,0.1,True,True,0.09688191017707008,0.25656051701961907,0.0,0.0,0.0,0.0,0.018337162895043467
Bayesian,Virtual,mel86,Cropland,0.0221142660793374,0.15918212631353115,0.2587057586330604,0.36836970799752156,0.5698507180099242,0.1,False,True,0.2091875816839904,0.5477364519305867,0.05918212631353115,0.0,0.05918212631353115,0.0,0.09781458926882432
Bayesian,Virtual,mel86,Decontaminated,0.11069421868359854,0.3542929072038783,0.4797831042220937,0.590299444421462,0.7820053933912045,0.9,False,False,0.2360065372175837,0.6713111747076059,-0.30970055557853804,-0.11799460660879557,0.30970055557853804,0.11799460660879557,0.33259091368508276
Bayesian,Virtual,mel86,Forest,0.0034910599343828436,0.03300734063921772,0.06977488128584919,0.11831164501836791,0.2229225792559755,0.0,False,False,0.0853043043791502,0.21943151932159266,0.03300734063921772,0.0034910599343828436,0.03300734063921772,0.0034910599343828436,0.04839153155571295
Bayesian,Virtual,mel86,Subsurface,0.006725536760365715,0.08194578373167724,0.16204797539206356,0.2583252636588244,0.4677789338937207,0.0,False,False,0.17637947992714717,0.461053397133355,0.08194578373167724,0.006725536760365715,0.08194578373167724,0.006725536760365715,0.1107172657671392
Bayesian,Virtual,mel87,Cropland,0.19392299940722943,0.44343762297204414,0.5522853615614596,0.6531098727880351,0.8191731121901202,0.9,False,False,0.20967224981599097,0.6252501127828908,-0.2468901272119649,-0.08082688780987979,0.2468901272119649,0.08082688780987979,0.27115417888356264
Bayesian,Virtual,mel87,Decontaminated,0.020180230508215137,0.12900340744383446,0.2277412935222236,0.3436460462659251,0.5803214765103677,0.1,False,True,0.21464263882209064,0.5601412460021525,0.02900340744383445,0.0,0.02900340744383445,0.0,0.07824540466516995
Bayesian,Virtual,mel87,Forest,0.008311127454281142,0.05392362617776962,0.10680708661364019,0.1619788577321048,0.2736229980058286,0.0,False,False,0.10805523155433518,0.2653118705515475,0.05392362617776962,0.008311127454281142,0.05392362617776962,0.008311127454281142,0.07335160390482554
Bayesian,Virtual,mel87,Subsurface,0.003917910049985617,0.03993471502824177,0.0822094191969529,0.14074847489647305,0.2741711569528604,0.0,False,False,0.10081375986823127,0.2702532469028748,0.03993471502824177,0.003917910049985617,0.03993471502824177,0.003917910049985617,0.057634727237321465
Bayesian,Virtual,mel88,Cropland,0.023499553333627386,0.16744827563126963,0.26730157506986824,0.37351966830866923,0.5881353947847151,0.0,False,False,0.2060713926773996,0.5646358414510877,0.16744827563126963,0.023499553333627386,0.16744827563126963,0.023499553333627386,0.19355789519383834
Bayesian,Virtual,mel88,Decontaminated,0.09441596117579626,0.32319094074801014,0.43366789792609123,0.5461614742904264,0.7330212709117855,0.9,False,False,0.22297053354241625,0.6386053097359892,-0.35383852570957364,-0.16697872908821454,0.35383852570957364,0.16697872908821454,0.3770217478846263
Bayesian,Virtual,mel88,Forest,0.007023376165369742,0.05053802426043401,0.1007579889026084,0.15287918910253948,0.2577141700721254,0.1,True,True,0.10234116484210547,0.25069079390675564,0.0,0.0,0.0,0.0,0.017505436037719965
Bayesian,Virtual,mel88,Subsurface,0.009362146729003639,0.09309612231512496,0.17032085461579746,0.25670552111774053,0.4471753256872519,0.0,False,False,0.16360939880261557,0.43781317895824823,0.09309612231512496,0.009362146729003639,0.09309612231512496,0.009362146729003639,0.11855084944171156
Bayesian,Virtual,mel89,Cropland,0.005417936699062222,0.05802794620994812,0.12387820209557598,0.1959468288753351,0.33618312731433864,0.0,False,False,0.137918882665387,0.3307651906152764,0.05802794620994812,0.005417936699062222,0.05802794620994812,0.005417936699062222,0.08280129185177854
Bayesian,Virtual,mel89,Decontaminated,0.004102516425163907,0.04235501592523012,0.08884818316488247,0.15064763778622015,0.3056116438931285,0.1,True,True,0.10829262186099003,0.3015091274679646,0.0,0.0,0.0,0.0,0.01979289837296675
Bayesian,Virtual,mel89,Forest,0.5127290947576802,0.6169757959432156,0.6754753573070909,0.7342125908018251,0.8506322574027071,0.9,False,False,0.1172367948586095,0.33790316264502684,-0.16578740919817492,-0.04936774259729293,0.16578740919817492,0.04936774259729293,0.17601676327424431
Bayesian,Virtual,mel89,Subsurface,0.0025285168332377095,0.03218456554607609,0.06868125169459727,0.1217868149324677,0.23333906062126583,0.0,False,False,0.08960224938639161,0.23081054378802812,0.03218456554607609,0.0025285168332377095,0.03218456554607609,0.0025285168332377095,0.04784089038494997
Bayesian,Virtual,mel90,Cropland,0.1965176940066721,0.43712043367853565,0.553578510741117,0.6508199135327335,0.808857234272961,0.9,False,False,0.21369947985419785,0.6123395402662889,-0.24918008646726653,-0.09114276572703905,0.24918008646726653,0.09114276572703905,0.27477459185563113
Bayesian,Virtual,mel90,Decontaminated,0.011681580935564448,0.10069778505206504,0.18811095718783455,0.2914897316947385,0.5385902720564052,0.0,False,False,0.19079194664267346,0.5269086911208407,0.10069778505206504,0.011681580935564448,0.10069778505206504,0.011681580935564448,0.13100117812345327
Bayesian,Virtual,mel90,Forest,0.018229033134709208,0.10903274236907068,0.16394379061399889,0.22883139943899888,0.353040609015472,0.1,False,True,0.1197986570699282,0.3348115758807628,0.009032742369070673,0.0,0.009032742369070673,0.0,0.0395625371131086
Bayesian,Virtual,mel90,Subsurface,0.003280194332162971,0.03468759086751652,0.07159819848372033,0.11854477604626773,0.22467733485003247,0.0,False,False,0.08385718517875121,0.2213971405178695,0.03468759086751652,0.003280194332162971,0.03468759086751652,0.003280194332162971,0.049608770226125136
Bayesian,Virtual,mel91,Cropland,0.005597119700209584,0.05952939829680626,0.1280345310032402,0.20231421185231196,0.33859711957457084,0.1,True,True,0.1427848135555057,0.33299999987436124,0.0,0.0,0.0,0.0,0.026652879885541818
Bayesian,Virtual,mel91,Decontaminated,0.0044621554776416395,0.036810202968721895,0.07816043002027948,0.14156247601184369,0.2816751228528984,0.0,False,False,0.10475227304312179,0.2772129673752568,0.036810202968721895,0.0044621554776416395,0.036810202968721895,0.0044621554776416395,0.055753159248652685
Bayesian,Virtual,mel91,Forest,0.5294593211443976,0.6314084628302862,0.6858019137341963,0.739926153472657,0.859127974663137,0.9,False,False,0.10851769064237082,0.3296686535187393,-0.16007384652734302,-0.04087202533686307,0.16007384652734302,0.04087202533686307,0.16734916100705427
Bayesian,Virtual,mel91,Subsurface,0.0025262392040119003,0.02812482922501781,0.06448674640095567,0.11149410570239349,0.22750771540892484,0.0,False,False,0.08336927647737567,0.22498147620491293,0.02812482922501781,0.0025262392040119003,0.02812482922501781,0.0025262392040119003,0.04395080508587622
Bayesian,Virtual,mel92,Cropland,0.006954483155493495,0.07604623101470592,0.14421210882868718,0.2159854753926197,0.364778854543016,0.0,False,False,0.13993924437791377,0.3578243713875225,0.07604623101470592,0.006954483155493495,0.07604623101470592,0.006954483155493495,0.09780003725511036
Bayesian,Virtual,mel92,Decontaminated,0.052974445996174034,0.24154660982033663,0.3687848393789232,0.47475040486095,0.6631609809729005,0.5,False,True,0.23320379504061337,0.6101865349767265,-0.025249595139050007,0.0,0.025249595139050007,0.0,0.08116248656968604
Bayesian,Virtual,mel92,Forest,0.002802445426271207,0.029965895494326128,0.06169653418929959,0.10628613285048555,0.19608558936158518,0.0,False,False,0.07632023735615942,0.19328314393531398,0.029965895494326128,0.002802445426271207,0.029965895494326128,0.002802445426271207,0.04321845718698206
Bayesian,Virtual,mel92,Subsurface,0.1220926963396312,0.3066430227379414,0.4117277400646911,0.5179180291701919,0.7144888010965116,0.5,True,True,0.2112750064322505,0.5923961047568804,0.0,0.0,0.0,0.0,0.0554671887078793
Bayesian,Virtual,mel93,Cropland,0.03873010614072854,0.20908232049562508,0.30374455854082427,0.40315920404243943,0.5680973721236238,0.5,False,True,0.19407688354681435,0.5293672659828952,-0.09684079595756057,0.0,0.09684079595756057,0.0,0.12603626887248442
Bayesian,Virtual,mel93,Decontaminated,0.015425116730770265,0.13537758197926858,0.23499366533080818,0.3395984688305844,0.557191113784911,0.0,False,False,0.20422088685131584,0.5417659970541407,0.13537758197926858,0.015425116730770265,0.13537758197926858,0.015425116730770265,0.16511662818758074
Bayesian,Virtual,mel93,Forest,0.005346316238912934,0.053072793472292386,0.100930835964719,0.1501708839971566,0.26733435438841324,0.0,False,False,0.09709809052486423,0.26198803814950034,0.053072793472292386,0.005346316238912934,0.053072793472292386,0.005346316238912934,0.06861292175042742
Bayesian,Virtual,mel93,Subsurface,0.11109429320922881,0.2614613324506232,0.348318959756686,0.4218829129724561,0.5677387259449281,0.5,False,True,0.16042158052183292,0.4566444327356993,-0.07811708702754389,0.0,0.07811708702754389,0.0,0.09989740886885042
Bayesian,Virtual,mel94,Cropland,0.00786714725060534,0.0730056998294754,0.14563714084472246,0.22217792384876955,0.38283064828138347,0.0,False,False,0.14917222401929414,0.37496350103077813,0.0730056998294754,0.00786714725060534,0.0730056998294754,0.00786714725060534,0.1001173405758297
Bayesian,Virtual,mel94,Decontaminated,0.007196109310433659,0.07260191171348052,0.14168875537987555,0.21987949059992648,0.3843192167199944,0.0,False,False,0.14727757888644596,0.37712310740956073,0.07260191171348052,0.007196109310433659,0.07260191171348052,0.007196109310433659,0.09729084946384037
Bayesian,Virtual,mel94,Forest,0.18267134534840151,0.3119796299453941,0.3741126831421029,0.44493472026722425,0.5799002985072417,0.5,False,True,0.13295509032183017,0.39722895315884016,-0.05506527973277575,0.0,0.05506527973277575,0.0,0.0771375046586126
Bayesian,Virtual,mel94,Subsurface,0.08910027622601438,0.24079769930396364,0.31002489955193846,0.38292172852685935,0.5202994085794038,0.5,False,True,0.14212402922289571,0.43119913235338947,-0.11707827147314065,0.0,0.11707827147314065,0.0,0.13085915837106582
Bayesian,Virtual,mel95,Cropland,0.10027022323720579,0.302274521780091,0.4198757863143868,0.5175701699393102,0.7193853900644651,0.5,True,True,0.21529564815921914,0.6191151668272593,0.0,0.0,0.0,0.0,0.05524916473602874
Bayesian,Virtual,mel95,Decontaminated,0.05622164741430357,0.2369342523615065,0.3512309690623966,0.4570591548977754,0.6849306411621925,0.5,False,True,0.22012490253626887,0.6287089937478889,-0.04294084510222462,0.0,0.04294084510222462,0.0,0.0899274458456312
Bayesian,Virtual,mel95,Forest,0.0042109606235861165,0.04102569118577663,0.08790713595285254,0.13242015244496508,0.2518180562366713,0.0,False,False,0.09139446125918844,0.2476070956130852,0.04102569118577663,0.0042109606235861165,0.04102569118577663,0.0042109606235861165,0.058582308963541996
Bayesian,Virtual,mel95,Subsurface,0.008252167037951128,0.07000027520956738,0.12975379576760404,0.20014779657398674,0.34896808232827214,0.0,False,False,0.13014752136441937,0.340715915290321,0.07000027520956738,0.008252167037951128,0.07000027520956738,0.008252167037951128,0.09022434877093
Bayesian,Virtual,mel96,Cropland,0.026198278483041217,0.15609825698152105,0.25633164223236043,0.35566684309493074,0.5336384740921273,0.0,False,False,0.1995685861134097,0.507440195609086,0.15609825698152105,0.026198278483041217,0.15609825698152105,0.026198278483041217,0.18362478020606604
Bayesian,Virtual,mel96,Decontaminated,0.01991232809127052,0.1339730372478607,0.2166099991016736,0.3177006349546345,0.5068654517989848,0.5,False,True,0.18372759770677383,0.48695312370771426,-0.18229936504536548,0.0,0.18229936504536548,0.0,0.1997917214916173
Bayesian,Virtual,mel96,Forest,0.20113230342957442,0.31798716954753004,0.3798736132241381,0.4431649092953993,0.5760085477895777,0.5,False,True,0.12517773974786928,0.3748762443600032,-0.05683509070460069,0.0,0.05683509070460069,0.0,0.07640125822887199
Bayesian,Virtual,mel96,Subsurface,0.005501441116665809,0.05958485875675737,0.11358046700098158,0.1804386547171227,0.3183393690061709,0.0,False,False,0.12085379596036533,0.3128379278895051,0.05958485875675737,0.005501441116665809,0.05958485875675737,0.005501441116665809,0.08035438846914494
Bayesian,Virtual,mel97,Cropland,0.03549858348465396,0.20181732610284236,0.3095439121972987,0.4015228475619582,0.5882671495104433,0.5,False,True,0.19970552145911585,0.5527685660257894,-0.09847715243804178,0.0,0.09847715243804178,0.0,0.1257272475393213
Bayesian,Virtual,mel97,Decontaminated,0.009224099841347696,0.07094287254615689,0.1349668322403658,0.22290671992333064,0.40401119114507605,0.0,False,False,0.15196384737717375,0.39478709130372835,0.07094287254615689,0.009224099841347696,0.07094287254615689,0.009224099841347696,0.09583215184330571
Bayesian,Virtual,mel97,Forest,0.2689858335530437,0.3880059076830091,0.45403421768671276,0.5200862662654439,0.6660117368623611,0.5,True,True,0.13208035858243478,0.3970259033093175,0.0,0.0,0.0,0.0,0.03205674176776203
Bayesian,Virtual,mel97,Subsurface,0.0025302161852384084,0.03298642046868221,0.06959652621201523,0.11698635747941274,0.24054695063236833,0.0,False,False,0.08399993701073054,0.23801673444712992,0.03298642046868221,0.0025302161852384084,0.03298642046868221,0.0025302161852384084,0.048066786390350454
