actual,probability,non_churn,churn,cum_churn,cum_non_churn,ks
1,0.9996677179825842,0,1,0.05,0.0,0.05
1,0.9996519451119218,0,1,0.1,0.0,0.1
1,0.9996519451119218,0,1,0.15,0.0,0.15
1,0.9996263056024621,0,1,0.2,0.0,0.2
1,0.9995474590340813,0,1,0.25,0.0,0.25
1,0.9994255999800731,0,1,0.3,0.0,0.3
1,0.9993771337805177,0,1,0.35,0.0,0.35
1,0.9980257113032284,0,1,0.4,0.0,0.4
1,0.9955463151548345,0,1,0.45,0.0,0.45
1,0.9933361434952578,0,1,0.5,0.0,0.5
1,0.9921454674325666,0,1,0.55,0.0,0.55
1,0.9917019706899507,0,1,0.6,0.0,0.6
1,0.9901485432975388,0,1,0.65,0.0,0.65
1,0.9730417136994854,0,1,0.7,0.0,0.7
1,0.9700509685502904,0,1,0.75,0.0,0.75
0,0.9441018869762411,1,0,0.75,0.0005428881650380022,0.749457111834962
1,0.9095909784036529,0,1,0.8,0.0005428881650380022,0.799457111834962
1,0.9095909784036529,0,1,0.85,0.0005428881650380022,0.849457111834962
0,0.8727535171219636,1,0,0.85,0.0010857763300760044,0.848914223669924
1,0.8618618851958084,0,1,0.9,0.0010857763300760044,0.898914223669924
0,0.8574073630629319,1,0,0.9,0.0016286644951140066,0.898371335504886
0,0.6040427631375911,1,0,0.9,0.002171552660152009,0.897828447339848
1,0.5159553835284677,0,1,0.95,0.002171552660152009,0.947828447339848
0,0.5110565434655648,1,0,0.95,0.0027144408251900108,0.9472855591748099
1,0.5081522689689916,0,1,1.0,0.0027144408251900108,0.99728555917481
0,0.26768483270029925,1,0,1.0,0.003257328990228013,0.996742671009772
0,0.24305786139786864,1,0,1.0,0.003800217155266015,0.996199782844734
0,0.17565513379607836,1,0,1.0,0.004343105320304018,0.995656894679696
0,0.17471053357521205,1,0,1.0,0.004885993485342019,0.995114006514658
0,0.11363914016253622,1,0,1.0,0.0054288816503800215,0.99457111834962
0,0.10896492734813525,1,0,1.0,0.005971769815418024,0.994028230184582
0,0.10883992734813525,1,0,1.0,0.006514657980456026,0.993485342019544
0,0.1079883451528935,1,0,1.0,0.007057546145494028,0.992942453854506
0,0.10652298618620742,1,0,1.0,0.00760043431053203,0.992399565689468
0,0.10050380638093151,1,0,1.0,0.008143322475570033,0.99185667752443
0,0.09825441757413919,1,0,1.0,0.008686210640608035,0.991313789359392
0,0.09163990709755454,1,0,1.0,0.009229098805646038,0.990770901194354
0,0.09095436796583717,1,0,1.0,0.009771986970684038,0.990228013029316
0,0.0795109025633947,1,0,1.0,0.01031487513572204,0.989685124864278
0,0.06743394724529866,1,0,1.0,0.010857763300760043,0.98914223669924
0,0.042063445305124875,1,0,1.0,0.011400651465798045,0.988599348534202
0,0.03748213602702768,1,0,1.0,0.011943539630836048,0.988056460369164
0,0.0259254369677909,1,0,1.0,0.01248642779587405,0.987513572204126
0,0.020814151933551153,1,0,1.0,0.013029315960912053,0.9869706840390879
0,0.020175463867231506,1,0,1.0,0.013572204125950055,0.9864277958740499
0,0.016413084983680302,1,0,1.0,0.014115092290988056,0.9858849077090119
0,0.01586163893686479,1,0,1.0,0.014657980456026058,0.9853420195439739
0,0.01584169474892292,1,0,1.0,0.01520086862106406,0.9847991313789359
0,0.015243477985413272,1,0,1.0,0.015743756786102063,0.9842562432138979
0,0.014870999070367607,1,0,1.0,0.016286644951140065,0.9837133550488599
0,0.013790892899832121,1,0,1.0,0.016829533116178068,0.9831704668838219
0,0.013754929652769723,1,0,1.0,0.01737242128121607,0.9826275787187839
0,0.013598788382006228,1,0,1.0,0.017915309446254073,0.9820846905537459
0,0.012439577791446887,1,0,1.0,0.018458197611292075,0.9815418023887079
0,0.012439577791446887,1,0,1.0,0.019001085776330078,0.9809989142236699
0,0.011856351572496602,1,0,1.0,0.019543973941368076,0.9804560260586319
0,0.011436771152916183,1,0,1.0,0.02008686210640608,0.9799131378935939
0,0.011270104486249514,1,0,1.0,0.02062975027144408,0.9793702497285559
0,0.010964748705493277,1,0,1.0,0.021172638436482084,0.9788273615635179
0,0.010840878804990432,1,0,1.0,0.021715526601520086,0.9782844733984799
0,0.010445730322750481,1,0,1.0,0.02225841476655809,0.9777415852334419
0,0.010055735350444546,1,0,1.0,0.02280130293159609,0.9771986970684039
0,0.009724193300342198,1,0,1.0,0.023344191096634093,0.9766558089033659
0,0.009587853575862261,1,0,1.0,0.023887079261672096,0.9761129207383279
0,0.009562604344635593,1,0,1.0,0.024429967426710098,0.9755700325732899
0,0.009363871512510821,1,0,1.0,0.0249728555917481,0.9750271444082519
0,0.009256113960020207,1,0,1.0,0.025515743756786103,0.9744842562432139
0,0.009106805293004769,1,0,1.0,0.026058631921824105,0.9739413680781759
0,0.008922065757405829,1,0,1.0,0.026601520086862108,0.9733984799131379
0,0.008588732424072498,1,0,1.0,0.02714440825190011,0.9728555917480999
0,0.008588732424072498,1,0,1.0,0.02768729641693811,0.9723127035830619
0,0.008507222035819773,1,0,1.0,0.02823018458197611,0.9717698154180239
0,0.007995884097041002,1,0,1.0,0.028773072747014114,0.9712269272529859
0,0.007831961715529613,1,0,1.0,0.029315960912052116,0.9706840390879479
0,0.007813407758747783,1,0,1.0,0.02985884907709012,0.9701411509229099
0,0.006985481508321583,1,0,1.0,0.03040173724212812,0.9695982627578719
0,0.006862691498882793,1,0,1.0,0.030944625407166124,0.9690553745928339
0,0.006671528561073808,1,0,1.0,0.031487513572204126,0.9685124864277959
0,0.006625267581203897,1,0,1.0,0.03203040173724213,0.9679695982627579
0,0.0065533708959576945,1,0,1.0,0.03257328990228013,0.9674267100977199
0,0.006250062072428282,1,0,1.0,0.03311617806731813,0.9668838219326819
0,0.0060872562369495035,1,0,1.0,0.033659066232356136,0.9663409337676439
0,0.006038968067565804,1,0,1.0,0.03420195439739414,0.9657980456026058
0,0.006038968067565804,1,0,1.0,0.03474484256243214,0.9652551574375678
0,0.005953587713453922,1,0,1.0,0.03528773072747014,0.9647122692725298
0,0.005953587713453922,1,0,1.0,0.035830618892508145,0.9641693811074918
0,0.005804561571302967,1,0,1.0,0.03637350705754615,0.9636264929424538
0,0.0055957292508166025,1,0,1.0,0.03691639522258415,0.9630836047774158
0,0.005541670824457236,1,0,1.0,0.03745928338762215,0.9625407166123778
0,0.005449987557083956,1,0,1.0,0.038002171552660155,0.9619978284473398
0,0.005128213676432649,1,0,1.0,0.03854505971769816,0.9614549402823018
0,0.0050233115713029675,1,0,1.0,0.03908794788273615,0.9609120521172638
0,0.004918670916642519,1,0,1.0,0.039630836047774155,0.9603691639522258
0,0.00472333022748545,1,0,1.0,0.04017372421281216,0.9598262757871878
0,0.004549999210559556,1,0,1.0,0.04071661237785016,0.9592833876221498
0,0.004249083598510638,1,0,1.0,0.04125950054288816,0.9587404994571118
0,0.003917326481567967,1,0,1.0,0.041802388707926165,0.9581976112920738
0,0.003711381860669252,1,0,1.0,0.04234527687296417,0.9576547231270358
0,0.003711381860669252,1,0,1.0,0.04288816503800217,0.9571118349619978
0,0.003287388351087201,1,0,1.0,0.04343105320304017,0.9565689467969598
0,0.0032639090118806143,1,0,1.0,0.043973941368078175,0.9560260586319218
0,0.003256423413539163,1,0,1.0,0.04451682953311618,0.9554831704668838
0,0.003226698557634875,1,0,1.0,0.04505971769815418,0.9549402823018458
0,0.0031132957362673386,1,0,1.0,0.04560260586319218,0.9543973941368078
0,0.0030615942902127114,1,0,1.0,0.046145494028230184,0.9538545059717698
0,0.003050806240635479,1,0,1.0,0.04668838219326819,0.9533116178067318
0,0.0029843092265358657,1,0,1.0,0.04723127035830619,0.9527687296416938
0,0.0028358939599337253,1,0,1.0,0.04777415852334419,0.9522258414766558
0,0.0028358939599337253,1,0,1.0,0.048317046688382194,0.9516829533116178
0,0.0027302934201226593,1,0,1.0,0.048859934853420196,0.9511400651465798
0,0.0027302934201226593,1,0,1.0,0.0494028230184582,0.9505971769815418
0,0.0027302934201226593,1,0,1.0,0.0499457111834962,0.9500542888165038
0,0.0027302934201226593,1,0,1.0,0.050488599348534204,0.9495114006514658
0,0.0026587502817218838,1,0,1.0,0.051031487513572206,0.9489685124864278
0,0.0026587502817218838,1,0,1.0,0.05157437567861021,0.9484256243213898
0,0.0026587502817218838,1,0,1.0,0.05211726384364821,0.9478827361563518
0,0.0026587502817218838,1,0,1.0,0.05266015200868621,0.9473398479913138
0,0.002657167223822447,1,0,1.0,0.053203040173724216,0.9467969598262758
0,0.002631769728809202,1,0,1.0,0.05374592833876222,0.9462540716612378
0,0.0026053639846743294,1,0,1.0,0.05428881650380022,0.9457111834961998
0,0.0025987144727542383,1,0,1.0,0.054831704668838216,0.9451682953311618
0,0.002572852403788721,1,0,1.0,0.05537459283387622,0.9446254071661238
0,0.002572852403788721,1,0,1.0,0.05591748099891422,0.9440825190010858
0,0.002572852403788721,1,0,1.0,0.05646036916395222,0.9435396308360477
0,0.002523815118763968,1,0,1.0,0.057003257328990226,0.9429967426710097
0,0.002523815118763968,1,0,1.0,0.05754614549402823,0.9424538545059717
0,0.0024766985576348743,1,0,1.0,0.05808903365906623,0.9419109663409337
0,0.0024766985576348743,1,0,1.0,0.05863192182410423,0.9413680781758957
0,0.0024273452956424216,1,0,1.0,0.059174809989142235,0.9408251900108577
0,0.0024273452956424216,1,0,1.0,0.05971769815418024,0.9402823018458197
0,0.0024273452956424216,1,0,1.0,0.06026058631921824,0.9397394136807817
0,0.0024273452956424216,1,0,1.0,0.06080347448425624,0.9391965255157437
0,0.0024273452956424216,1,0,1.0,0.061346362649294245,0.9386536373507057
0,0.0024273452956424216,1,0,1.0,0.06188925081433225,0.9381107491856677
0,0.0024273452956424216,1,0,1.0,0.06243213897937025,0.9375678610206297
0,0.0024273452956424216,1,0,1.0,0.06297502714440825,0.9370249728555917
0,0.0024273452956424216,1,0,1.0,0.06351791530944625,0.9364820846905537
0,0.0024273452956424216,1,0,1.0,0.06406080347448426,0.9359391965255157
0,0.0024273452956424216,1,0,1.0,0.06460369163952226,0.9353963083604777
0,0.0024273452956424216,1,0,1.0,0.06514657980456026,0.9348534201954397
0,0.0024273452956424216,1,0,1.0,0.06568946796959826,0.9343105320304017
0,0.0024273452956424216,1,0,1.0,0.06623235613463627,0.9337676438653637
0,0.0024273452956424216,1,0,1.0,0.06677524429967427,0.9332247557003257
0,0.0024273452956424216,1,0,1.0,0.06731813246471227,0.9326818675352877
0,0.0024273452956424216,1,0,1.0,0.06786102062975027,0.9321389793702497
0,0.0024273452956424216,1,0,1.0,0.06840390879478828,0.9315960912052117
0,0.0024273452956424216,1,0,1.0,0.06894679695982628,0.9310532030401737
0,0.0024273452956424216,1,0,1.0,0.06948968512486428,0.9305103148751357
0,0.0024273452956424216,1,0,1.0,0.07003257328990228,0.9299674267100977
0,0.0024273452956424216,1,0,1.0,0.07057546145494029,0.9294245385450597
0,0.0024273452956424216,1,0,1.0,0.07111834961997829,0.9288816503800217
0,0.0024273452956424216,1,0,1.0,0.07166123778501629,0.9283387622149837
0,0.0024273452956424216,1,0,1.0,0.0722041259500543,0.9277958740499457
0,0.0024273452956424216,1,0,1.0,0.0727470141150923,0.9272529858849077
0,0.0024273452956424216,1,0,1.0,0.0732899022801303,0.9267100977198697
0,0.0024273452956424216,1,0,1.0,0.0738327904451683,0.9261672095548317
0,0.0024273452956424216,1,0,1.0,0.0743756786102063,0.9256243213897937
0,0.0024273452956424216,1,0,1.0,0.0749185667752443,0.9250814332247557
0,0.0024273452956424216,1,0,1.0,0.07546145494028231,0.9245385450597177
0,0.0024273452956424216,1,0,1.0,0.07600434310532031,0.9239956568946797
0,0.0024273452956424216,1,0,1.0,0.07654723127035831,0.9234527687296417
0,0.0024273452956424216,1,0,1.0,0.07709011943539631,0.9229098805646037
0,0.0024273452956424216,1,0,1.0,0.07763300760043432,0.9223669923995657
0,0.0024273452956424216,1,0,1.0,0.0781758957654723,0.9218241042345277
0,0.0024273452956424216,1,0,1.0,0.07871878393051031,0.9212812160694897
0,0.0024273452956424216,1,0,1.0,0.07926167209554831,0.9207383279044516
0,0.0024273452956424216,1,0,1.0,0.07980456026058631,0.9201954397394136
0,0.0024273452956424216,1,0,1.0,0.08034744842562432,0.9196525515743756
0,0.0024273452956424216,1,0,1.0,0.08089033659066232,0.9191096634093376
0,0.0024273452956424216,1,0,1.0,0.08143322475570032,0.9185667752442996
0,0.0024273452956424216,1,0,1.0,0.08197611292073832,0.9180238870792616
0,0.0024273452956424216,1,0,1.0,0.08251900108577633,0.9174809989142236
0,0.0024273452956424216,1,0,1.0,0.08306188925081433,0.9169381107491856
0,0.0024273452956424216,1,0,1.0,0.08360477741585233,0.9163952225841476
0,0.0024273452956424216,1,0,1.0,0.08414766558089033,0.9158523344191096
0,0.0024273452956424216,1,0,1.0,0.08469055374592833,0.9153094462540716
0,0.0024273452956424216,1,0,1.0,0.08523344191096634,0.9147665580890336
0,0.0024273452956424216,1,0,1.0,0.08577633007600434,0.9142236699239956
0,0.0024273452956424216,1,0,1.0,0.08631921824104234,0.9136807817589576
0,0.0024273452956424216,1,0,1.0,0.08686210640608034,0.9131378935939196
0,0.0024273452956424216,1,0,1.0,0.08740499457111835,0.9125950054288816
0,0.0024273452956424216,1,0,1.0,0.08794788273615635,0.9120521172638436
0,0.0024273452956424216,1,0,1.0,0.08849077090119435,0.9115092290988056
0,0.0024273452956424216,1,0,1.0,0.08903365906623235,0.9109663409337676
0,0.0024273452956424216,1,0,1.0,0.08957654723127036,0.9104234527687296
0,0.0024273452956424216,1,0,1.0,0.09011943539630836,0.9098805646036916
0,0.0024273452956424216,1,0,1.0,0.09066232356134636,0.9093376764386536
0,0.0024273452956424216,1,0,1.0,0.09120521172638436,0.9087947882736156
0,0.0024273452956424216,1,0,1.0,0.09174809989142237,0.9082519001085776
0,0.0024273452956424216,1,0,1.0,0.09229098805646037,0.9077090119435396
0,0.0024273452956424216,1,0,1.0,0.09283387622149837,0.9071661237785016
0,0.0024273452956424216,1,0,1.0,0.09337676438653637,0.9066232356134636
0,0.0024273452956424216,1,0,1.0,0.09391965255157438,0.9060803474484256
0,0.0024273452956424216,1,0,1.0,0.09446254071661238,0.9055374592833876
0,0.0024273452956424216,1,0,1.0,0.09500542888165038,0.9049945711183496
0,0.0024273452956424216,1,0,1.0,0.09554831704668838,0.9044516829533116
0,0.0024273452956424216,1,0,1.0,0.09609120521172639,0.9039087947882736
0,0.0024273452956424216,1,0,1.0,0.09663409337676439,0.9033659066232356
0,0.0024273452956424216,1,0,1.0,0.09717698154180239,0.9028230184581976
0,0.0024273452956424216,1,0,1.0,0.09771986970684039,0.9022801302931596
0,0.0024273452956424216,1,0,1.0,0.0982627578718784,0.9017372421281216
0,0.0024273452956424216,1,0,1.0,0.0988056460369164,0.9011943539630836
0,0.0023988151187639677,1,0,1.0,0.0993485342019544,0.9006514657980456
0,0.0023699800190894542,1,0,1.0,0.0998914223669924,0.9001085776330076
0,0.0023548992830317514,1,0,1.0,0.1004343105320304,0.8995656894679696
0,0.0023548992830317514,1,0,1.0,0.10097719869706841,0.8990228013029316
0,0.0023548992830317514,1,0,1.0,0.10152008686210641,0.8984799131378935
0,0.0023548992830317514,1,0,1.0,0.10206297502714441,0.8979370249728555
0,0.0023548992830317514,1,0,1.0,0.10260586319218241,0.8973941368078175
0,0.0023548992830317514,1,0,1.0,0.10314875135722042,0.8968512486427795
0,0.0023548992830317514,1,0,1.0,0.10369163952225842,0.8963083604777415
0,0.0023548992830317514,1,0,1.0,0.10423452768729642,0.8957654723127035
0,0.0023548992830317514,1,0,1.0,0.10477741585233442,0.8952225841476655
0,0.0023548992830317514,1,0,1.0,0.10532030401737243,0.8946796959826275
0,0.002244338276454026,1,0,1.0,0.10586319218241043,0.8941368078175895
0,0.002198969560250048,1,0,1.0,0.10640608034744843,0.8935939196525515
0,0.002198969560250048,1,0,1.0,0.10694896851248643,0.8930510314875135
0,0.002198969560250048,1,0,1.0,0.10749185667752444,0.8925081433224755
0,0.0021776723267817617,1,0,1.0,0.10803474484256244,0.8919652551574375
0,0.0018864695602500484,1,0,1.0,0.10857763300760044,0.8914223669923995
0,0.0016797145455612276,1,0,1.0,0.10912052117263844,0.8908794788273615
0,0.0016797145455612276,1,0,1.0,0.10966340933767643,0.8903365906623235
0,0.0016797145455612276,1,0,1.0,0.11020629750271443,0.8897937024972855
0,0.0016797145455612276,1,0,1.0,0.11074918566775244,0.8892508143322475
0,0.0012254118679423556,1,0,1.0,0.11129207383279044,0.8887079261672095
0,0.0012254118679423556,1,0,1.0,0.11183496199782844,0.8881650380021715
0,0.0011286630036630037,1,0,1.0,0.11237785016286644,0.8876221498371335
0,0.001069161867942356,1,0,1.0,0.11292073832790445,0.8870792616720955
0,0.0010531362269167147,1,0,1.0,0.11346362649294245,0.8865363735070575
0,0.0009406565656565656,1,0,1.0,0.11400651465798045,0.8859934853420195
0,0.0009406565656565656,1,0,1.0,0.11454940282301845,0.8854505971769815
0,0.0009406565656565656,1,0,1.0,0.11509229098805646,0.8849077090119435
0,0.0009107142857142856,1,0,1.0,0.11563517915309446,0.8843648208469055
0,0.0009107142857142856,1,0,1.0,0.11617806731813246,0.8838219326818675
0,0.0008422256097560977,1,0,1.0,0.11672095548317046,0.8832790445168295
0,0.0007918470418470419,1,0,1.0,0.11726384364820847,0.8827361563517915
0,0.0007918470418470419,1,0,1.0,0.11780673181324647,0.8821932681867535
0,0.000744047619047619,1,0,1.0,0.11834961997828447,0.8816503800217155
0,0.000744047619047619,1,0,1.0,0.11889250814332247,0.8811074918566775
0,0.0007323232323232323,1,0,1.0,0.11943539630836048,0.8805646036916395
0,0.0005952380952380952,1,0,1.0,0.11997828447339848,0.8800217155266015
0,0.0005952380952380952,1,0,1.0,0.12052117263843648,0.8794788273615635
0,0.00041666666666666664,1,0,1.0,0.12106406080347448,0.8789359391965255
0,0.000375,1,0,1.0,0.12160694896851248,0.8783930510314875
0,0.0003645833333333333,1,0,1.0,0.12214983713355049,0.8778501628664495
0,0.0003645833333333333,1,0,1.0,0.12269272529858849,0.8773072747014115
0,0.0003645833333333333,1,0,1.0,0.12323561346362649,0.8767643865363735
0,0.0002941176470588235,1,0,1.0,0.1237785016286645,0.8762214983713354
0,0.0002941176470588235,1,0,1.0,0.1243213897937025,0.8756786102062974
0,0.0002941176470588235,1,0,1.0,0.1248642779587405,0.8751357220412594
0,0.00020658263305322128,1,0,1.0,0.1254071661237785,0.8745928338762214
0,0.00017857142857142857,1,0,1.0,0.1259500542888165,0.8740499457111834
0,0.00017857142857142857,1,0,1.0,0.1264929424538545,0.8735070575461454
0,0.00017857142857142857,1,0,1.0,0.1270358306188925,0.8729641693811074
0,0.00017857142857142857,1,0,1.0,0.1275787187839305,0.8724212812160694
0,0.00017857142857142857,1,0,1.0,0.1281216069489685,0.8718783930510314
0,0.00017857142857142857,1,0,1.0,0.12866449511400652,0.8713355048859934
0,0.00016666666666666666,1,0,1.0,0.12920738327904452,0.8707926167209554
0,0.00016666666666666666,1,0,1.0,0.12975027144408252,0.8702497285559174
0,0.00016666666666666666,1,0,1.0,0.13029315960912052,0.8697068403908794
0,0.00016666666666666666,1,0,1.0,0.13083604777415853,0.8691639522258414
0,0.00016666666666666666,1,0,1.0,0.13137893593919653,0.8686210640608034
0,0.00016666666666666666,1,0,1.0,0.13192182410423453,0.8680781758957654
0,0.00016666666666666666,1,0,1.0,0.13246471226927253,0.8675352877307274
0,0.00016666666666666666,1,0,1.0,0.13300760043431054,0.8669923995656894
0,0.00016666666666666666,1,0,1.0,0.13355048859934854,0.8664495114006514
0,0.00016666666666666666,1,0,1.0,0.13409337676438654,0.8659066232356134
0,0.00014705882352941175,1,0,1.0,0.13463626492942454,0.8653637350705754
0,0.00014705882352941175,1,0,1.0,0.13517915309446255,0.8648208469055374
0,0.00014705882352941175,1,0,1.0,0.13572204125950055,0.8642779587404994
0,0.00014705882352941175,1,0,1.0,0.13626492942453855,0.8637350705754614
0,0.00014705882352941175,1,0,1.0,0.13680781758957655,0.8631921824104234
0,0.00014705882352941175,1,0,1.0,0.13735070575461455,0.8626492942453854
0,0.00014705882352941175,1,0,1.0,0.13789359391965256,0.8621064060803474
0,0.00010869565217391303,1,0,1.0,0.13843648208469056,0.8615635179153094
0,0.00010869565217391303,1,0,1.0,0.13897937024972856,0.8610206297502714
0,0.00010869565217391303,1,0,1.0,0.13952225841476656,0.8604777415852334
0,0.00010869565217391303,1,0,1.0,0.14006514657980457,0.8599348534201954
0,0.00010869565217391303,1,0,1.0,0.14060803474484257,0.8593919652551574
0,0.00010869565217391303,1,0,1.0,0.14115092290988057,0.8588490770901194
0,0.00010869565217391303,1,0,1.0,0.14169381107491857,0.8583061889250814
0,5.9523809523809524e-05,1,0,1.0,0.14223669923995658,0.8577633007600434
0,5.9523809523809524e-05,1,0,1.0,0.14277958740499458,0.8572204125950054
0,5.9523809523809524e-05,1,0,1.0,0.14332247557003258,0.8566775244299674
0,5.9523809523809524e-05,1,0,1.0,0.14386536373507058,0.8561346362649294
0,0.0,1,0,1.0,0.1444082519001086,0.8555917480998914
0,0.0,1,0,1.0,0.1449511400651466,0.8550488599348534
0,0.0,1,0,1.0,0.1454940282301846,0.8545059717698154
0,0.0,1,0,1.0,0.1460369163952226,0.8539630836047774
0,0.0,1,0,1.0,0.1465798045602606,0.8534201954397393
0,0.0,1,0,1.0,0.1471226927252986,0.8528773072747013
0,0.0,1,0,1.0,0.1476655808903366,0.8523344191096633
0,0.0,1,0,1.0,0.1482084690553746,0.8517915309446253
0,0.0,1,0,1.0,0.1487513572204126,0.8512486427795873
0,0.0,1,0,1.0,0.1492942453854506,0.8507057546145493
0,0.0,1,0,1.0,0.1498371335504886,0.8501628664495113
0,0.0,1,0,1.0,0.1503800217155266,0.8496199782844733
0,0.0,1,0,1.0,0.15092290988056462,0.8490770901194353
0,0.0,1,0,1.0,0.15146579804560262,0.8485342019543973
0,0.0,1,0,1.0,0.15200868621064062,0.8479913137893593
0,0.0,1,0,1.0,0.15255157437567862,0.8474484256243213
0,0.0,1,0,1.0,0.15309446254071662,0.8469055374592833
0,0.0,1,0,1.0,0.15363735070575463,0.8463626492942453
0,0.0,1,0,1.0,0.15418023887079263,0.8458197611292073
0,0.0,1,0,1.0,0.15472312703583063,0.8452768729641693
0,0.0,1,0,1.0,0.15526601520086863,0.8447339847991313
0,0.0,1,0,1.0,0.15580890336590664,0.8441910966340933
0,0.0,1,0,1.0,0.1563517915309446,0.8436482084690554
0,0.0,1,0,1.0,0.15689467969598261,0.8431053203040174
0,0.0,1,0,1.0,0.15743756786102062,0.8425624321389794
0,0.0,1,0,1.0,0.15798045602605862,0.8420195439739414
0,0.0,1,0,1.0,0.15852334419109662,0.8414766558089034
0,0.0,1,0,1.0,0.15906623235613462,0.8409337676438654
0,0.0,1,0,1.0,0.15960912052117263,0.8403908794788274
0,0.0,1,0,1.0,0.16015200868621063,0.8398479913137894
0,0.0,1,0,1.0,0.16069489685124863,0.8393051031487514
0,0.0,1,0,1.0,0.16123778501628663,0.8387622149837134
0,0.0,1,0,1.0,0.16178067318132464,0.8382193268186754
0,0.0,1,0,1.0,0.16232356134636264,0.8376764386536374
0,0.0,1,0,1.0,0.16286644951140064,0.8371335504885994
0,0.0,1,0,1.0,0.16340933767643864,0.8365906623235614
0,0.0,1,0,1.0,0.16395222584147665,0.8360477741585234
0,0.0,1,0,1.0,0.16449511400651465,0.8355048859934854
0,0.0,1,0,1.0,0.16503800217155265,0.8349619978284474
0,0.0,1,0,1.0,0.16558089033659065,0.8344191096634094
0,0.0,1,0,1.0,0.16612377850162866,0.8338762214983714
0,0.0,1,0,1.0,0.16666666666666666,0.8333333333333334
0,0.0,1,0,1.0,0.16720955483170466,0.8327904451682954
0,0.0,1,0,1.0,0.16775244299674266,0.8322475570032574
0,0.0,1,0,1.0,0.16829533116178066,0.8317046688382194
0,0.0,1,0,1.0,0.16883821932681867,0.8311617806731814
0,0.0,1,0,1.0,0.16938110749185667,0.8306188925081434
0,0.0,1,0,1.0,0.16992399565689467,0.8300760043431054
0,0.0,1,0,1.0,0.17046688382193267,0.8295331161780674
0,0.0,1,0,1.0,0.17100977198697068,0.8289902280130294
0,0.0,1,0,1.0,0.17155266015200868,0.8284473398479913
0,0.0,1,0,1.0,0.17209554831704668,0.8279044516829533
0,0.0,1,0,1.0,0.17263843648208468,0.8273615635179153
0,0.0,1,0,1.0,0.1731813246471227,0.8268186753528773
0,0.0,1,0,1.0,0.1737242128121607,0.8262757871878393
0,0.0,1,0,1.0,0.1742671009771987,0.8257328990228013
0,0.0,1,0,1.0,0.1748099891422367,0.8251900108577633
0,0.0,1,0,1.0,0.1753528773072747,0.8246471226927253
0,0.0,1,0,1.0,0.1758957654723127,0.8241042345276873
0,0.0,1,0,1.0,0.1764386536373507,0.8235613463626493
0,0.0,1,0,1.0,0.1769815418023887,0.8230184581976113
0,0.0,1,0,1.0,0.1775244299674267,0.8224755700325733
0,0.0,1,0,1.0,0.1780673181324647,0.8219326818675353
0,0.0,1,0,1.0,0.1786102062975027,0.8213897937024973
0,0.0,1,0,1.0,0.1791530944625407,0.8208469055374593
0,0.0,1,0,1.0,0.17969598262757872,0.8203040173724213
0,0.0,1,0,1.0,0.18023887079261672,0.8197611292073833
0,0.0,1,0,1.0,0.18078175895765472,0.8192182410423453
0,0.0,1,0,1.0,0.18132464712269272,0.8186753528773073
0,0.0,1,0,1.0,0.18186753528773072,0.8181324647122693
0,0.0,1,0,1.0,0.18241042345276873,0.8175895765472313
0,0.0,1,0,1.0,0.18295331161780673,0.8170466883821933
0,0.0,1,0,1.0,0.18349619978284473,0.8165038002171553
0,0.0,1,0,1.0,0.18403908794788273,0.8159609120521173
0,0.0,1,0,1.0,0.18458197611292074,0.8154180238870793
0,0.0,1,0,1.0,0.18512486427795874,0.8148751357220413
0,0.0,1,0,1.0,0.18566775244299674,0.8143322475570033
0,0.0,1,0,1.0,0.18621064060803474,0.8137893593919653
0,0.0,1,0,1.0,0.18675352877307275,0.8132464712269273
0,0.0,1,0,1.0,0.18729641693811075,0.8127035830618893
0,0.0,1,0,1.0,0.18783930510314875,0.8121606948968513
0,0.0,1,0,1.0,0.18838219326818675,0.8116178067318133
0,0.0,1,0,1.0,0.18892508143322476,0.8110749185667753
0,0.0,1,0,1.0,0.18946796959826276,0.8105320304017373
0,0.0,1,0,1.0,0.19001085776330076,0.8099891422366993
0,0.0,1,0,1.0,0.19055374592833876,0.8094462540716613
0,0.0,1,0,1.0,0.19109663409337677,0.8089033659066233
0,0.0,1,0,1.0,0.19163952225841477,0.8083604777415853
0,0.0,1,0,1.0,0.19218241042345277,0.8078175895765473
0,0.0,1,0,1.0,0.19272529858849077,0.8072747014115093
0,0.0,1,0,1.0,0.19326818675352878,0.8067318132464713
0,0.0,1,0,1.0,0.19381107491856678,0.8061889250814332
0,0.0,1,0,1.0,0.19435396308360478,0.8056460369163952
0,0.0,1,0,1.0,0.19489685124864278,0.8051031487513572
0,0.0,1,0,1.0,0.19543973941368079,0.8045602605863192
0,0.0,1,0,1.0,0.1959826275787188,0.8040173724212812
0,0.0,1,0,1.0,0.1965255157437568,0.8034744842562432
0,0.0,1,0,1.0,0.1970684039087948,0.8029315960912052
0,0.0,1,0,1.0,0.1976112920738328,0.8023887079261672
0,0.0,1,0,1.0,0.1981541802388708,0.8018458197611292
0,0.0,1,0,1.0,0.1986970684039088,0.8013029315960912
0,0.0,1,0,1.0,0.1992399565689468,0.8007600434310532
0,0.0,1,0,1.0,0.1997828447339848,0.8002171552660152
0,0.0,1,0,1.0,0.2003257328990228,0.7996742671009772
0,0.0,1,0,1.0,0.2008686210640608,0.7991313789359392
0,0.0,1,0,1.0,0.2014115092290988,0.7985884907709012
0,0.0,1,0,1.0,0.20195439739413681,0.7980456026058632
0,0.0,1,0,1.0,0.20249728555917482,0.7975027144408252
0,0.0,1,0,1.0,0.20304017372421282,0.7969598262757872
0,0.0,1,0,1.0,0.20358306188925082,0.7964169381107492
0,0.0,1,0,1.0,0.20412595005428882,0.7958740499457112
0,0.0,1,0,1.0,0.20466883821932683,0.7953311617806732
0,0.0,1,0,1.0,0.20521172638436483,0.7947882736156352
0,0.0,1,0,1.0,0.20575461454940283,0.7942453854505972
0,0.0,1,0,1.0,0.20629750271444083,0.7937024972855592
0,0.0,1,0,1.0,0.20684039087947884,0.7931596091205212
0,0.0,1,0,1.0,0.20738327904451684,0.7926167209554832
0,0.0,1,0,1.0,0.20792616720955484,0.7920738327904452
0,0.0,1,0,1.0,0.20846905537459284,0.7915309446254072
0,0.0,1,0,1.0,0.20901194353963085,0.7909880564603692
0,0.0,1,0,1.0,0.20955483170466885,0.7904451682953312
0,0.0,1,0,1.0,0.21009771986970685,0.7899022801302932
0,0.0,1,0,1.0,0.21064060803474485,0.7893593919652552
0,0.0,1,0,1.0,0.21118349619978286,0.7888165038002172
0,0.0,1,0,1.0,0.21172638436482086,0.7882736156351792
0,0.0,1,0,1.0,0.21226927252985886,0.7877307274701412
0,0.0,1,0,1.0,0.21281216069489686,0.7871878393051032
0,0.0,1,0,1.0,0.21335504885993486,0.7866449511400652
0,0.0,1,0,1.0,0.21389793702497287,0.7861020629750272
0,0.0,1,0,1.0,0.21444082519001087,0.7855591748099892
0,0.0,1,0,1.0,0.21498371335504887,0.7850162866449512
0,0.0,1,0,1.0,0.21552660152008687,0.7844733984799132
0,0.0,1,0,1.0,0.21606948968512488,0.7839305103148752
0,0.0,1,0,1.0,0.21661237785016288,0.7833876221498371
0,0.0,1,0,1.0,0.21715526601520088,0.7828447339847991
0,0.0,1,0,1.0,0.21769815418023888,0.7823018458197611
0,0.0,1,0,1.0,0.2182410423452769,0.7817589576547231
0,0.0,1,0,1.0,0.21878393051031486,0.7812160694896851
0,0.0,1,0,1.0,0.21932681867535286,0.7806731813246471
0,0.0,1,0,1.0,0.21986970684039087,0.7801302931596091
0,0.0,1,0,1.0,0.22041259500542887,0.7795874049945711
0,0.0,1,0,1.0,0.22095548317046687,0.7790445168295331
0,0.0,1,0,1.0,0.22149837133550487,0.7785016286644951
0,0.0,1,0,1.0,0.22204125950054288,0.7779587404994571
0,0.0,1,0,1.0,0.22258414766558088,0.7774158523344191
0,0.0,1,0,1.0,0.22312703583061888,0.7768729641693811
0,0.0,1,0,1.0,0.22366992399565688,0.7763300760043431
0,0.0,1,0,1.0,0.22421281216069489,0.7757871878393051
0,0.0,1,0,1.0,0.2247557003257329,0.7752442996742671
0,0.0,1,0,1.0,0.2252985884907709,0.7747014115092291
0,0.0,1,0,1.0,0.2258414766558089,0.7741585233441911
0,0.0,1,0,1.0,0.2263843648208469,0.7736156351791531
0,0.0,1,0,1.0,0.2269272529858849,0.7730727470141151
0,0.0,1,0,1.0,0.2274701411509229,0.7725298588490771
0,0.0,1,0,1.0,0.2280130293159609,0.7719869706840391
0,0.0,1,0,1.0,0.2285559174809989,0.7714440825190011
0,0.0,1,0,1.0,0.2290988056460369,0.7709011943539631
0,0.0,1,0,1.0,0.2296416938110749,0.7703583061889251
0,0.0,1,0,1.0,0.2301845819761129,0.7698154180238871
0,0.0,1,0,1.0,0.23072747014115091,0.7692725298588491
0,0.0,1,0,1.0,0.23127035830618892,0.7687296416938111
0,0.0,1,0,1.0,0.23181324647122692,0.7681867535287731
0,0.0,1,0,1.0,0.23235613463626492,0.7676438653637351
0,0.0,1,0,1.0,0.23289902280130292,0.7671009771986971
0,0.0,1,0,1.0,0.23344191096634093,0.7665580890336591
0,0.0,1,0,1.0,0.23398479913137893,0.7660152008686211
0,0.0,1,0,1.0,0.23452768729641693,0.7654723127035831
0,0.0,1,0,1.0,0.23507057546145493,0.7649294245385451
0,0.0,1,0,1.0,0.23561346362649294,0.7643865363735071
0,0.0,1,0,1.0,0.23615635179153094,0.7638436482084691
0,0.0,1,0,1.0,0.23669923995656894,0.7633007600434311
0,0.0,1,0,1.0,0.23724212812160694,0.7627578718783931
0,0.0,1,0,1.0,0.23778501628664495,0.762214983713355
0,0.0,1,0,1.0,0.23832790445168295,0.761672095548317
0,0.0,1,0,1.0,0.23887079261672095,0.761129207383279
0,0.0,1,0,1.0,0.23941368078175895,0.760586319218241
0,0.0,1,0,1.0,0.23995656894679696,0.760043431053203
0,0.0,1,0,1.0,0.24049945711183496,0.759500542888165
0,0.0,1,0,1.0,0.24104234527687296,0.758957654723127
0,0.0,1,0,1.0,0.24158523344191096,0.758414766558089
0,0.0,1,0,1.0,0.24212812160694897,0.757871878393051
0,0.0,1,0,1.0,0.24267100977198697,0.757328990228013
0,0.0,1,0,1.0,0.24321389793702497,0.756786102062975
0,0.0,1,0,1.0,0.24375678610206297,0.756243213897937
0,0.0,1,0,1.0,0.24429967426710097,0.755700325732899
0,0.0,1,0,1.0,0.24484256243213898,0.755157437567861
0,0.0,1,0,1.0,0.24538545059717698,0.754614549402823
0,0.0,1,0,1.0,0.24592833876221498,0.754071661237785
0,0.0,1,0,1.0,0.24647122692725298,0.753528773072747
0,0.0,1,0,1.0,0.247014115092291,0.752985884907709
0,0.0,1,0,1.0,0.247557003257329,0.752442996742671
0,0.0,1,0,1.0,0.248099891422367,0.751900108577633
0,0.0,1,0,1.0,0.248642779587405,0.751357220412595
0,0.0,1,0,1.0,0.249185667752443,0.750814332247557
0,0.0,1,0,1.0,0.249728555917481,0.750271444082519
0,0.0,1,0,1.0,0.250271444082519,0.749728555917481
0,0.0,1,0,1.0,0.250814332247557,0.749185667752443
0,0.0,1,0,1.0,0.251357220412595,0.748642779587405
0,0.0,1,0,1.0,0.251900108577633,0.748099891422367
0,0.0,1,0,1.0,0.252442996742671,0.747557003257329
0,0.0,1,0,1.0,0.252985884907709,0.747014115092291
0,0.0,1,0,1.0,0.253528773072747,0.746471226927253
0,0.0,1,0,1.0,0.254071661237785,0.745928338762215
0,0.0,1,0,1.0,0.254614549402823,0.745385450597177
0,0.0,1,0,1.0,0.255157437567861,0.744842562432139
0,0.0,1,0,1.0,0.255700325732899,0.744299674267101
0,0.0,1,0,1.0,0.256243213897937,0.743756786102063
0,0.0,1,0,1.0,0.25678610206297503,0.743213897937025
0,0.0,1,0,1.0,0.25732899022801303,0.742671009771987
0,0.0,1,0,1.0,0.25787187839305103,0.742128121606949
0,0.0,1,0,1.0,0.25841476655808904,0.741585233441911
0,0.0,1,0,1.0,0.25895765472312704,0.741042345276873
0,0.0,1,0,1.0,0.25950054288816504,0.740499457111835
0,0.0,1,0,1.0,0.26004343105320304,0.739956568946797
0,0.0,1,0,1.0,0.26058631921824105,0.739413680781759
0,0.0,1,0,1.0,0.26112920738327905,0.738870792616721
0,0.0,1,0,1.0,0.26167209554831705,0.738327904451683
0,0.0,1,0,1.0,0.26221498371335505,0.737785016286645
0,0.0,1,0,1.0,0.26275787187839306,0.7372421281216069
0,0.0,1,0,1.0,0.26330076004343106,0.7366992399565689
0,0.0,1,0,1.0,0.26384364820846906,0.7361563517915309
0,0.0,1,0,1.0,0.26438653637350706,0.7356134636264929
0,0.0,1,0,1.0,0.26492942453854507,0.7350705754614549
0,0.0,1,0,1.0,0.26547231270358307,0.7345276872964169
0,0.0,1,0,1.0,0.26601520086862107,0.7339847991313789
0,0.0,1,0,1.0,0.2665580890336591,0.7334419109663409
0,0.0,1,0,1.0,0.2671009771986971,0.7328990228013029
0,0.0,1,0,1.0,0.2676438653637351,0.7323561346362649
0,0.0,1,0,1.0,0.2681867535287731,0.7318132464712269
0,0.0,1,0,1.0,0.2687296416938111,0.7312703583061889
0,0.0,1,0,1.0,0.2692725298588491,0.7307274701411509
0,0.0,1,0,1.0,0.2698154180238871,0.7301845819761129
0,0.0,1,0,1.0,0.2703583061889251,0.7296416938110749
0,0.0,1,0,1.0,0.2709011943539631,0.7290988056460369
0,0.0,1,0,1.0,0.2714440825190011,0.7285559174809989
0,0.0,1,0,1.0,0.2719869706840391,0.7280130293159609
0,0.0,1,0,1.0,0.2725298588490771,0.7274701411509229
0,0.0,1,0,1.0,0.2730727470141151,0.7269272529858849
0,0.0,1,0,1.0,0.2736156351791531,0.7263843648208469
0,0.0,1,0,1.0,0.2741585233441911,0.7258414766558089
0,0.0,1,0,1.0,0.2747014115092291,0.7252985884907709
0,0.0,1,0,1.0,0.2752442996742671,0.7247557003257329
0,0.0,1,0,1.0,0.2757871878393051,0.7242128121606949
0,0.0,1,0,1.0,0.2763300760043431,0.7236699239956569
0,0.0,1,0,1.0,0.2768729641693811,0.7231270358306189
0,0.0,1,0,1.0,0.2774158523344191,0.7225841476655809
0,0.0,1,0,1.0,0.2779587404994571,0.7220412595005429
0,0.0,1,0,1.0,0.2785016286644951,0.7214983713355049
0,0.0,1,0,1.0,0.27904451682953313,0.7209554831704669
0,0.0,1,0,1.0,0.27958740499457113,0.7204125950054289
0,0.0,1,0,1.0,0.28013029315960913,0.7198697068403909
0,0.0,1,0,1.0,0.28067318132464714,0.7193268186753529
0,0.0,1,0,1.0,0.28121606948968514,0.7187839305103149
0,0.0,1,0,1.0,0.28175895765472314,0.7182410423452769
0,0.0,1,0,1.0,0.28230184581976114,0.7176981541802389
0,0.0,1,0,1.0,0.28284473398479915,0.7171552660152009
0,0.0,1,0,1.0,0.28338762214983715,0.7166123778501629
0,0.0,1,0,1.0,0.28393051031487515,0.7160694896851248
0,0.0,1,0,1.0,0.28447339847991315,0.7155266015200868
0,0.0,1,0,1.0,0.28501628664495116,0.7149837133550488
0,0.0,1,0,1.0,0.28555917480998916,0.7144408251900108
0,0.0,1,0,1.0,0.28610206297502716,0.7138979370249728
0,0.0,1,0,1.0,0.28664495114006516,0.7133550488599348
0,0.0,1,0,1.0,0.28718783930510317,0.7128121606948968
0,0.0,1,0,1.0,0.28773072747014117,0.7122692725298588
0,0.0,1,0,1.0,0.28827361563517917,0.7117263843648208
0,0.0,1,0,1.0,0.2888165038002172,0.7111834961997828
0,0.0,1,0,1.0,0.2893593919652552,0.7106406080347448
0,0.0,1,0,1.0,0.2899022801302932,0.7100977198697068
0,0.0,1,0,1.0,0.2904451682953312,0.7095548317046688
0,0.0,1,0,1.0,0.2909880564603692,0.7090119435396308
0,0.0,1,0,1.0,0.2915309446254072,0.7084690553745928
0,0.0,1,0,1.0,0.2920738327904452,0.7079261672095548
0,0.0,1,0,1.0,0.2926167209554832,0.7073832790445168
0,0.0,1,0,1.0,0.2931596091205212,0.7068403908794788
0,0.0,1,0,1.0,0.2937024972855592,0.7062975027144408
0,0.0,1,0,1.0,0.2942453854505972,0.7057546145494028
0,0.0,1,0,1.0,0.2947882736156352,0.7052117263843648
0,0.0,1,0,1.0,0.2953311617806732,0.7046688382193268
0,0.0,1,0,1.0,0.2958740499457112,0.7041259500542888
0,0.0,1,0,1.0,0.2964169381107492,0.7035830618892508
0,0.0,1,0,1.0,0.2969598262757872,0.7030401737242128
0,0.0,1,0,1.0,0.2975027144408252,0.7024972855591748
0,0.0,1,0,1.0,0.2980456026058632,0.7019543973941368
0,0.0,1,0,1.0,0.2985884907709012,0.7014115092290988
0,0.0,1,0,1.0,0.2991313789359392,0.7008686210640608
0,0.0,1,0,1.0,0.2996742671009772,0.7003257328990228
0,0.0,1,0,1.0,0.3002171552660152,0.6997828447339848
0,0.0,1,0,1.0,0.3007600434310532,0.6992399565689468
0,0.0,1,0,1.0,0.30130293159609123,0.6986970684039088
0,0.0,1,0,1.0,0.30184581976112923,0.6981541802388708
0,0.0,1,0,1.0,0.30238870792616723,0.6976112920738328
0,0.0,1,0,1.0,0.30293159609120524,0.6970684039087948
0,0.0,1,0,1.0,0.30347448425624324,0.6965255157437568
0,0.0,1,0,1.0,0.30401737242128124,0.6959826275787188
0,0.0,1,0,1.0,0.30456026058631924,0.6954397394136808
0,0.0,1,0,1.0,0.30510314875135724,0.6948968512486428
0,0.0,1,0,1.0,0.30564603691639525,0.6943539630836048
0,0.0,1,0,1.0,0.30618892508143325,0.6938110749185668
0,0.0,1,0,1.0,0.30673181324647125,0.6932681867535287
0,0.0,1,0,1.0,0.30727470141150925,0.6927252985884907
0,0.0,1,0,1.0,0.30781758957654726,0.6921824104234527
0,0.0,1,0,1.0,0.30836047774158526,0.6916395222584147
0,0.0,1,0,1.0,0.30890336590662326,0.6910966340933767
0,0.0,1,0,1.0,0.30944625407166126,0.6905537459283387
0,0.0,1,0,1.0,0.30998914223669927,0.6900108577633007
0,0.0,1,0,1.0,0.31053203040173727,0.6894679695982627
0,0.0,1,0,1.0,0.31107491856677527,0.6889250814332247
0,0.0,1,0,1.0,0.3116178067318133,0.6883821932681867
0,0.0,1,0,1.0,0.3121606948968513,0.6878393051031487
0,0.0,1,0,1.0,0.3127035830618892,0.6872964169381108
0,0.0,1,0,1.0,0.3132464712269272,0.6867535287730728
0,0.0,1,0,1.0,0.31378935939196523,0.6862106406080348
0,0.0,1,0,1.0,0.31433224755700323,0.6856677524429968
0,0.0,1,0,1.0,0.31487513572204123,0.6851248642779588
0,0.0,1,0,1.0,0.31541802388707924,0.6845819761129208
0,0.0,1,0,1.0,0.31596091205211724,0.6840390879478828
0,0.0,1,0,1.0,0.31650380021715524,0.6834961997828448
0,0.0,1,0,1.0,0.31704668838219324,0.6829533116178068
0,0.0,1,0,1.0,0.31758957654723124,0.6824104234527688
0,0.0,1,0,1.0,0.31813246471226925,0.6818675352877308
0,0.0,1,0,1.0,0.31867535287730725,0.6813246471226928
0,0.0,1,0,1.0,0.31921824104234525,0.6807817589576548
0,0.0,1,0,1.0,0.31976112920738325,0.6802388707926168
0,0.0,1,0,1.0,0.32030401737242126,0.6796959826275788
0,0.0,1,0,1.0,0.32084690553745926,0.6791530944625408
0,0.0,1,0,1.0,0.32138979370249726,0.6786102062975028
0,0.0,1,0,1.0,0.32193268186753526,0.6780673181324648
0,0.0,1,0,1.0,0.32247557003257327,0.6775244299674268
0,0.0,1,0,1.0,0.32301845819761127,0.6769815418023888
0,0.0,1,0,1.0,0.32356134636264927,0.6764386536373508
0,0.0,1,0,1.0,0.3241042345276873,0.6758957654723128
0,0.0,1,0,1.0,0.3246471226927253,0.6753528773072748
0,0.0,1,0,1.0,0.3251900108577633,0.6748099891422368
0,0.0,1,0,1.0,0.3257328990228013,0.6742671009771988
0,0.0,1,0,1.0,0.3262757871878393,0.6737242128121608
0,0.0,1,0,1.0,0.3268186753528773,0.6731813246471228
0,0.0,1,0,1.0,0.3273615635179153,0.6726384364820848
0,0.0,1,0,1.0,0.3279044516829533,0.6720955483170468
0,0.0,1,0,1.0,0.3284473398479913,0.6715526601520088
0,0.0,1,0,1.0,0.3289902280130293,0.6710097719869708
0,0.0,1,0,1.0,0.3295331161780673,0.6704668838219328
0,0.0,1,0,1.0,0.3300760043431053,0.6699239956568948
0,0.0,1,0,1.0,0.3306188925081433,0.6693811074918568
0,0.0,1,0,1.0,0.3311617806731813,0.6688382193268188
0,0.0,1,0,1.0,0.3317046688382193,0.6682953311617807
0,0.0,1,0,1.0,0.3322475570032573,0.6677524429967427
0,0.0,1,0,1.0,0.3327904451682953,0.6672095548317047
0,0.0,1,0,1.0,0.3333333333333333,0.6666666666666667
0,0.0,1,0,1.0,0.3338762214983713,0.6661237785016287
0,0.0,1,0,1.0,0.3344191096634093,0.6655808903365907
0,0.0,1,0,1.0,0.3349619978284473,0.6650380021715527
0,0.0,1,0,1.0,0.3355048859934853,0.6644951140065147
0,0.0,1,0,1.0,0.3360477741585233,0.6639522258414767
0,0.0,1,0,1.0,0.33659066232356133,0.6634093376764387
0,0.0,1,0,1.0,0.33713355048859933,0.6628664495114007
0,0.0,1,0,1.0,0.33767643865363733,0.6623235613463627
0,0.0,1,0,1.0,0.33821932681867534,0.6617806731813247
0,0.0,1,0,1.0,0.33876221498371334,0.6612377850162867
0,0.0,1,0,1.0,0.33930510314875134,0.6606948968512487
0,0.0,1,0,1.0,0.33984799131378934,0.6601520086862107
0,0.0,1,0,1.0,0.34039087947882735,0.6596091205211727
0,0.0,1,0,1.0,0.34093376764386535,0.6590662323561347
0,0.0,1,0,1.0,0.34147665580890335,0.6585233441910967
0,0.0,1,0,1.0,0.34201954397394135,0.6579804560260587
0,0.0,1,0,1.0,0.34256243213897936,0.6574375678610207
0,0.0,1,0,1.0,0.34310532030401736,0.6568946796959827
0,0.0,1,0,1.0,0.34364820846905536,0.6563517915309447
0,0.0,1,0,1.0,0.34419109663409336,0.6558089033659067
0,0.0,1,0,1.0,0.34473398479913137,0.6552660152008687
0,0.0,1,0,1.0,0.34527687296416937,0.6547231270358307
0,0.0,1,0,1.0,0.34581976112920737,0.6541802388707927
0,0.0,1,0,1.0,0.3463626492942454,0.6536373507057547
0,0.0,1,0,1.0,0.3469055374592834,0.6530944625407167
0,0.0,1,0,1.0,0.3474484256243214,0.6525515743756787
0,0.0,1,0,1.0,0.3479913137893594,0.6520086862106407
0,0.0,1,0,1.0,0.3485342019543974,0.6514657980456027
0,0.0,1,0,1.0,0.3490770901194354,0.6509229098805647
0,0.0,1,0,1.0,0.3496199782844734,0.6503800217155267
0,0.0,1,0,1.0,0.3501628664495114,0.6498371335504887
0,0.0,1,0,1.0,0.3507057546145494,0.6492942453854507
0,0.0,1,0,1.0,0.3512486427795874,0.6487513572204127
0,0.0,1,0,1.0,0.3517915309446254,0.6482084690553747
0,0.0,1,0,1.0,0.3523344191096634,0.6476655808903367
0,0.0,1,0,1.0,0.3528773072747014,0.6471226927252987
0,0.0,1,0,1.0,0.3534201954397394,0.6465798045602607
0,0.0,1,0,1.0,0.3539630836047774,0.6460369163952226
0,0.0,1,0,1.0,0.3545059717698154,0.6454940282301846
0,0.0,1,0,1.0,0.3550488599348534,0.6449511400651466
0,0.0,1,0,1.0,0.3555917480998914,0.6444082519001086
0,0.0,1,0,1.0,0.3561346362649294,0.6438653637350706
0,0.0,1,0,1.0,0.3566775244299674,0.6433224755700326
0,0.0,1,0,1.0,0.3572204125950054,0.6427795874049946
0,0.0,1,0,1.0,0.3577633007600434,0.6422366992399566
0,0.0,1,0,1.0,0.3583061889250814,0.6416938110749186
0,0.0,1,0,1.0,0.35884907709011943,0.6411509229098806
0,0.0,1,0,1.0,0.35939196525515743,0.6406080347448426
0,0.0,1,0,1.0,0.35993485342019543,0.6400651465798046
0,0.0,1,0,1.0,0.36047774158523344,0.6395222584147666
0,0.0,1,0,1.0,0.36102062975027144,0.6389793702497286
0,0.0,1,0,1.0,0.36156351791530944,0.6384364820846906
0,0.0,1,0,1.0,0.36210640608034744,0.6378935939196526
0,0.0,1,0,1.0,0.36264929424538545,0.6373507057546146
0,0.0,1,0,1.0,0.36319218241042345,0.6368078175895766
0,0.0,1,0,1.0,0.36373507057546145,0.6362649294245386
0,0.0,1,0,1.0,0.36427795874049945,0.6357220412595006
0,0.0,1,0,1.0,0.36482084690553745,0.6351791530944626
0,0.0,1,0,1.0,0.36536373507057546,0.6346362649294246
0,0.0,1,0,1.0,0.36590662323561346,0.6340933767643866
0,0.0,1,0,1.0,0.36644951140065146,0.6335504885993486
0,0.0,1,0,1.0,0.36699239956568946,0.6330076004343106
0,0.0,1,0,1.0,0.36753528773072747,0.6324647122692726
0,0.0,1,0,1.0,0.36807817589576547,0.6319218241042346
0,0.0,1,0,1.0,0.36862106406080347,0.6313789359391966
0,0.0,1,0,1.0,0.3691639522258415,0.6308360477741586
0,0.0,1,0,1.0,0.3697068403908795,0.6302931596091206
0,0.0,1,0,1.0,0.3702497285559175,0.6297502714440826
0,0.0,1,0,1.0,0.3707926167209555,0.6292073832790446
0,0.0,1,0,1.0,0.3713355048859935,0.6286644951140066
0,0.0,1,0,1.0,0.3718783930510315,0.6281216069489686
0,0.0,1,0,1.0,0.3724212812160695,0.6275787187839306
0,0.0,1,0,1.0,0.3729641693811075,0.6270358306188926
0,0.0,1,0,1.0,0.3735070575461455,0.6264929424538546
0,0.0,1,0,1.0,0.3740499457111835,0.6259500542888166
0,0.0,1,0,1.0,0.3745928338762215,0.6254071661237786
0,0.0,1,0,1.0,0.3751357220412595,0.6248642779587406
0,0.0,1,0,1.0,0.3756786102062975,0.6243213897937026
0,0.0,1,0,1.0,0.3762214983713355,0.6237785016286646
0,0.0,1,0,1.0,0.3767643865363735,0.6232356134636265
0,0.0,1,0,1.0,0.3773072747014115,0.6226927252985885
0,0.0,1,0,1.0,0.3778501628664495,0.6221498371335505
0,0.0,1,0,1.0,0.3783930510314875,0.6216069489685125
0,0.0,1,0,1.0,0.3789359391965255,0.6210640608034745
0,0.0,1,0,1.0,0.3794788273615635,0.6205211726384365
0,0.0,1,0,1.0,0.3800217155266015,0.6199782844733985
0,0.0,1,0,1.0,0.3805646036916395,0.6194353963083605
0,0.0,1,0,1.0,0.3811074918566775,0.6188925081433225
0,0.0,1,0,1.0,0.38165038002171553,0.6183496199782845
0,0.0,1,0,1.0,0.38219326818675353,0.6178067318132465
0,0.0,1,0,1.0,0.38273615635179153,0.6172638436482085
0,0.0,1,0,1.0,0.38327904451682954,0.6167209554831705
0,0.0,1,0,1.0,0.38382193268186754,0.6161780673181325
0,0.0,1,0,1.0,0.38436482084690554,0.6156351791530945
0,0.0,1,0,1.0,0.38490770901194354,0.6150922909880565
0,0.0,1,0,1.0,0.38545059717698155,0.6145494028230185
0,0.0,1,0,1.0,0.38599348534201955,0.6140065146579805
0,0.0,1,0,1.0,0.38653637350705755,0.6134636264929425
0,0.0,1,0,1.0,0.38707926167209555,0.6129207383279045
0,0.0,1,0,1.0,0.38762214983713356,0.6123778501628665
0,0.0,1,0,1.0,0.38816503800217156,0.6118349619978285
0,0.0,1,0,1.0,0.38870792616720956,0.6112920738327905
0,0.0,1,0,1.0,0.38925081433224756,0.6107491856677525
0,0.0,1,0,1.0,0.38979370249728557,0.6102062975027145
0,0.0,1,0,1.0,0.39033659066232357,0.6096634093376765
0,0.0,1,0,1.0,0.39087947882736157,0.6091205211726385
0,0.0,1,0,1.0,0.3914223669923996,0.6085776330076005
0,0.0,1,0,1.0,0.3919652551574376,0.6080347448425625
0,0.0,1,0,1.0,0.3925081433224756,0.6074918566775245
0,0.0,1,0,1.0,0.3930510314875136,0.6069489685124865
0,0.0,1,0,1.0,0.3935939196525516,0.6064060803474485
0,0.0,1,0,1.0,0.3941368078175896,0.6058631921824105
0,0.0,1,0,1.0,0.3946796959826276,0.6053203040173725
0,0.0,1,0,1.0,0.3952225841476656,0.6047774158523345
0,0.0,1,0,1.0,0.3957654723127036,0.6042345276872965
0,0.0,1,0,1.0,0.3963083604777416,0.6036916395222585
0,0.0,1,0,1.0,0.3968512486427796,0.6031487513572205
0,0.0,1,0,1.0,0.3973941368078176,0.6026058631921825
0,0.0,1,0,1.0,0.3979370249728556,0.6020629750271445
0,0.0,1,0,1.0,0.3984799131378936,0.6015200868621065
0,0.0,1,0,1.0,0.3990228013029316,0.6009771986970684
0,0.0,1,0,1.0,0.3995656894679696,0.6004343105320304
0,0.0,1,0,1.0,0.4001085776330076,0.5998914223669924
0,0.0,1,0,1.0,0.4006514657980456,0.5993485342019544
0,0.0,1,0,1.0,0.4011943539630836,0.5988056460369164
0,0.0,1,0,1.0,0.4017372421281216,0.5982627578718784
0,0.0,1,0,1.0,0.4022801302931596,0.5977198697068404
0,0.0,1,0,1.0,0.4028230184581976,0.5971769815418024
0,0.0,1,0,1.0,0.4033659066232356,0.5966340933767644
0,0.0,1,0,1.0,0.40390879478827363,0.5960912052117264
0,0.0,1,0,1.0,0.40445168295331163,0.5955483170466884
0,0.0,1,0,1.0,0.40499457111834963,0.5950054288816504
0,0.0,1,0,1.0,0.40553745928338764,0.5944625407166124
0,0.0,1,0,1.0,0.40608034744842564,0.5939196525515744
0,0.0,1,0,1.0,0.40662323561346364,0.5933767643865364
0,0.0,1,0,1.0,0.40716612377850164,0.5928338762214984
0,0.0,1,0,1.0,0.40770901194353965,0.5922909880564604
0,0.0,1,0,1.0,0.40825190010857765,0.5917480998914224
0,0.0,1,0,1.0,0.40879478827361565,0.5912052117263844
0,0.0,1,0,1.0,0.40933767643865365,0.5906623235613464
0,0.0,1,0,1.0,0.40988056460369166,0.5901194353963084
0,0.0,1,0,1.0,0.41042345276872966,0.5895765472312704
0,0.0,1,0,1.0,0.41096634093376766,0.5890336590662324
0,0.0,1,0,1.0,0.41150922909880566,0.5884907709011944
0,0.0,1,0,1.0,0.41205211726384366,0.5879478827361564
0,0.0,1,0,1.0,0.41259500542888167,0.5874049945711184
0,0.0,1,0,1.0,0.41313789359391967,0.5868621064060804
0,0.0,1,0,1.0,0.41368078175895767,0.5863192182410424
0,0.0,1,0,1.0,0.4142236699239957,0.5857763300760044
0,0.0,1,0,1.0,0.4147665580890337,0.5852334419109664
0,0.0,1,0,1.0,0.4153094462540717,0.5846905537459284
0,0.0,1,0,1.0,0.4158523344191097,0.5841476655808904
0,0.0,1,0,1.0,0.4163952225841477,0.5836047774158524
0,0.0,1,0,1.0,0.4169381107491857,0.5830618892508144
0,0.0,1,0,1.0,0.4174809989142237,0.5825190010857764
0,0.0,1,0,1.0,0.4180238870792617,0.5819761129207384
0,0.0,1,0,1.0,0.4185667752442997,0.5814332247557004
0,0.0,1,0,1.0,0.4191096634093377,0.5808903365906624
0,0.0,1,0,1.0,0.4196525515743757,0.5803474484256244
0,0.0,1,0,1.0,0.4201954397394137,0.5798045602605864
0,0.0,1,0,1.0,0.4207383279044517,0.5792616720955484
0,0.0,1,0,1.0,0.4212812160694897,0.5787187839305103
0,0.0,1,0,1.0,0.4218241042345277,0.5781758957654723
0,0.0,1,0,1.0,0.4223669923995657,0.5776330076004343
0,0.0,1,0,1.0,0.4229098805646037,0.5770901194353963
0,0.0,1,0,1.0,0.4234527687296417,0.5765472312703583
0,0.0,1,0,1.0,0.4239956568946797,0.5760043431053203
0,0.0,1,0,1.0,0.4245385450597177,0.5754614549402823
0,0.0,1,0,1.0,0.4250814332247557,0.5749185667752443
0,0.0,1,0,1.0,0.4256243213897937,0.5743756786102063
0,0.0,1,0,1.0,0.4261672095548317,0.5738327904451683
0,0.0,1,0,1.0,0.42671009771986973,0.5732899022801303
0,0.0,1,0,1.0,0.42725298588490773,0.5727470141150923
0,0.0,1,0,1.0,0.42779587404994573,0.5722041259500543
0,0.0,1,0,1.0,0.42833876221498374,0.5716612377850163
0,0.0,1,0,1.0,0.42888165038002174,0.5711183496199783
0,0.0,1,0,1.0,0.42942453854505974,0.5705754614549403
0,0.0,1,0,1.0,0.42996742671009774,0.5700325732899023
0,0.0,1,0,1.0,0.43051031487513575,0.5694896851248643
0,0.0,1,0,1.0,0.43105320304017375,0.5689467969598263
0,0.0,1,0,1.0,0.43159609120521175,0.5684039087947883
0,0.0,1,0,1.0,0.43213897937024975,0.5678610206297503
0,0.0,1,0,1.0,0.43268186753528776,0.5673181324647123
0,0.0,1,0,1.0,0.43322475570032576,0.5667752442996743
0,0.0,1,0,1.0,0.43376764386536376,0.5662323561346363
0,0.0,1,0,1.0,0.43431053203040176,0.5656894679695983
0,0.0,1,0,1.0,0.43485342019543977,0.5651465798045603
0,0.0,1,0,1.0,0.43539630836047777,0.5646036916395223
0,0.0,1,0,1.0,0.43593919652551577,0.5640608034744843
0,0.0,1,0,1.0,0.4364820846905538,0.5635179153094463
0,0.0,1,0,1.0,0.4370249728555918,0.5629750271444083
0,0.0,1,0,1.0,0.4375678610206297,0.5624321389793703
0,0.0,1,0,1.0,0.4381107491856677,0.5618892508143323
0,0.0,1,0,1.0,0.4386536373507057,0.5613463626492943
0,0.0,1,0,1.0,0.43919652551574373,0.5608034744842563
0,0.0,1,0,1.0,0.43973941368078173,0.5602605863192183
0,0.0,1,0,1.0,0.44028230184581973,0.5597176981541803
0,0.0,1,0,1.0,0.44082519001085774,0.5591748099891423
0,0.0,1,0,1.0,0.44136807817589574,0.5586319218241043
0,0.0,1,0,1.0,0.44191096634093374,0.5580890336590663
0,0.0,1,0,1.0,0.44245385450597174,0.5575461454940283
0,0.0,1,0,1.0,0.44299674267100975,0.5570032573289903
0,0.0,1,0,1.0,0.44353963083604775,0.5564603691639523
0,0.0,1,0,1.0,0.44408251900108575,0.5559174809989142
0,0.0,1,0,1.0,0.44462540716612375,0.5553745928338762
0,0.0,1,0,1.0,0.44516829533116176,0.5548317046688382
0,0.0,1,0,1.0,0.44571118349619976,0.5542888165038002
0,0.0,1,0,1.0,0.44625407166123776,0.5537459283387622
0,0.0,1,0,1.0,0.44679695982627576,0.5532030401737242
0,0.0,1,0,1.0,0.44733984799131377,0.5526601520086862
0,0.0,1,0,1.0,0.44788273615635177,0.5521172638436482
0,0.0,1,0,1.0,0.44842562432138977,0.5515743756786102
0,0.0,1,0,1.0,0.4489685124864278,0.5510314875135722
0,0.0,1,0,1.0,0.4495114006514658,0.5504885993485342
0,0.0,1,0,1.0,0.4500542888165038,0.5499457111834962
0,0.0,1,0,1.0,0.4505971769815418,0.5494028230184582
0,0.0,1,0,1.0,0.4511400651465798,0.5488599348534202
0,0.0,1,0,1.0,0.4516829533116178,0.5483170466883822
0,0.0,1,0,1.0,0.4522258414766558,0.5477741585233442
0,0.0,1,0,1.0,0.4527687296416938,0.5472312703583062
0,0.0,1,0,1.0,0.4533116178067318,0.5466883821932682
0,0.0,1,0,1.0,0.4538545059717698,0.5461454940282302
0,0.0,1,0,1.0,0.4543973941368078,0.5456026058631922
0,0.0,1,0,1.0,0.4549402823018458,0.5450597176981542
0,0.0,1,0,1.0,0.4554831704668838,0.5445168295331162
0,0.0,1,0,1.0,0.4560260586319218,0.5439739413680782
0,0.0,1,0,1.0,0.4565689467969598,0.5434310532030402
0,0.0,1,0,1.0,0.4571118349619978,0.5428881650380022
0,0.0,1,0,1.0,0.4576547231270358,0.5423452768729642
0,0.0,1,0,1.0,0.4581976112920738,0.5418023887079262
0,0.0,1,0,1.0,0.4587404994571118,0.5412595005428882
0,0.0,1,0,1.0,0.4592833876221498,0.5407166123778502
0,0.0,1,0,1.0,0.4598262757871878,0.5401737242128122
0,0.0,1,0,1.0,0.4603691639522258,0.5396308360477742
0,0.0,1,0,1.0,0.4609120521172638,0.5390879478827362
0,0.0,1,0,1.0,0.46145494028230183,0.5385450597176982
0,0.0,1,0,1.0,0.46199782844733983,0.5380021715526602
0,0.0,1,0,1.0,0.46254071661237783,0.5374592833876222
0,0.0,1,0,1.0,0.46308360477741584,0.5369163952225842
0,0.0,1,0,1.0,0.46362649294245384,0.5363735070575462
0,0.0,1,0,1.0,0.46416938110749184,0.5358306188925082
0,0.0,1,0,1.0,0.46471226927252984,0.5352877307274702
0,0.0,1,0,1.0,0.46525515743756785,0.5347448425624322
0,0.0,1,0,1.0,0.46579804560260585,0.5342019543973942
0,0.0,1,0,1.0,0.46634093376764385,0.5336590662323561
0,0.0,1,0,1.0,0.46688382193268185,0.5331161780673181
0,0.0,1,0,1.0,0.46742671009771986,0.5325732899022801
0,0.0,1,0,1.0,0.46796959826275786,0.5320304017372421
0,0.0,1,0,1.0,0.46851248642779586,0.5314875135722041
0,0.0,1,0,1.0,0.46905537459283386,0.5309446254071661
0,0.0,1,0,1.0,0.46959826275787186,0.5304017372421281
0,0.0,1,0,1.0,0.47014115092290987,0.5298588490770901
0,0.0,1,0,1.0,0.47068403908794787,0.5293159609120521
0,0.0,1,0,1.0,0.47122692725298587,0.5287730727470141
0,0.0,1,0,1.0,0.4717698154180239,0.5282301845819761
0,0.0,1,0,1.0,0.4723127035830619,0.5276872964169381
0,0.0,1,0,1.0,0.4728555917480999,0.5271444082519001
0,0.0,1,0,1.0,0.4733984799131379,0.5266015200868621
0,0.0,1,0,1.0,0.4739413680781759,0.5260586319218241
0,0.0,1,0,1.0,0.4744842562432139,0.5255157437567861
0,0.0,1,0,1.0,0.4750271444082519,0.5249728555917481
0,0.0,1,0,1.0,0.4755700325732899,0.5244299674267101
0,0.0,1,0,1.0,0.4761129207383279,0.5238870792616721
0,0.0,1,0,1.0,0.4766558089033659,0.5233441910966341
0,0.0,1,0,1.0,0.4771986970684039,0.5228013029315961
0,0.0,1,0,1.0,0.4777415852334419,0.5222584147665581
0,0.0,1,0,1.0,0.4782844733984799,0.5217155266015201
0,0.0,1,0,1.0,0.4788273615635179,0.5211726384364821
0,0.0,1,0,1.0,0.4793702497285559,0.5206297502714441
0,0.0,1,0,1.0,0.4799131378935939,0.5200868621064061
0,0.0,1,0,1.0,0.4804560260586319,0.5195439739413681
0,0.0,1,0,1.0,0.4809989142236699,0.5190010857763301
0,0.0,1,0,1.0,0.4815418023887079,0.5184581976112921
0,0.0,1,0,1.0,0.4820846905537459,0.5179153094462541
0,0.0,1,0,1.0,0.4826275787187839,0.5173724212812161
0,0.0,1,0,1.0,0.4831704668838219,0.5168295331161781
0,0.0,1,0,1.0,0.4837133550488599,0.5162866449511401
0,0.0,1,0,1.0,0.48425624321389793,0.5157437567861021
0,0.0,1,0,1.0,0.48479913137893593,0.5152008686210641
0,0.0,1,0,1.0,0.48534201954397393,0.5146579804560261
0,0.0,1,0,1.0,0.48588490770901194,0.5141150922909881
0,0.0,1,0,1.0,0.48642779587404994,0.5135722041259501
0,0.0,1,0,1.0,0.48697068403908794,0.5130293159609121
0,0.0,1,0,1.0,0.48751357220412594,0.512486427795874
0,0.0,1,0,1.0,0.48805646036916395,0.511943539630836
0,0.0,1,0,1.0,0.48859934853420195,0.511400651465798
0,0.0,1,0,1.0,0.48914223669923995,0.51085776330076
0,0.0,1,0,1.0,0.48968512486427795,0.510314875135722
0,0.0,1,0,1.0,0.49022801302931596,0.509771986970684
0,0.0,1,0,1.0,0.49077090119435396,0.509229098805646
0,0.0,1,0,1.0,0.49131378935939196,0.508686210640608
0,0.0,1,0,1.0,0.49185667752442996,0.50814332247557
0,0.0,1,0,1.0,0.49239956568946797,0.507600434310532
0,0.0,1,0,1.0,0.49294245385450597,0.507057546145494
0,0.0,1,0,1.0,0.49348534201954397,0.506514657980456
0,0.0,1,0,1.0,0.494028230184582,0.505971769815418
0,0.0,1,0,1.0,0.49457111834962,0.50542888165038
0,0.0,1,0,1.0,0.495114006514658,0.504885993485342
0,0.0,1,0,1.0,0.495656894679696,0.504343105320304
0,0.0,1,0,1.0,0.496199782844734,0.503800217155266
0,0.0,1,0,1.0,0.496742671009772,0.503257328990228
0,0.0,1,0,1.0,0.49728555917481,0.50271444082519
0,0.0,1,0,1.0,0.497828447339848,0.502171552660152
0,0.0,1,0,1.0,0.498371335504886,0.501628664495114
0,0.0,1,0,1.0,0.498914223669924,0.501085776330076
0,0.0,1,0,1.0,0.499457111834962,0.500542888165038
0,0.0,1,0,1.0,0.5,0.5
0,0.0,1,0,1.0,0.500542888165038,0.499457111834962
0,0.0,1,0,1.0,0.501085776330076,0.498914223669924
0,0.0,1,0,1.0,0.501628664495114,0.498371335504886
0,0.0,1,0,1.0,0.502171552660152,0.497828447339848
0,0.0,1,0,1.0,0.50271444082519,0.49728555917481
0,0.0,1,0,1.0,0.503257328990228,0.496742671009772
0,0.0,1,0,1.0,0.503800217155266,0.496199782844734
0,0.0,1,0,1.0,0.504343105320304,0.495656894679696
0,0.0,1,0,1.0,0.504885993485342,0.495114006514658
0,0.0,1,0,1.0,0.50542888165038,0.49457111834962
0,0.0,1,0,1.0,0.505971769815418,0.494028230184582
0,0.0,1,0,1.0,0.506514657980456,0.49348534201954397
0,0.0,1,0,1.0,0.507057546145494,0.49294245385450597
0,0.0,1,0,1.0,0.507600434310532,0.49239956568946797
0,0.0,1,0,1.0,0.50814332247557,0.49185667752442996
0,0.0,1,0,1.0,0.508686210640608,0.49131378935939196
0,0.0,1,0,1.0,0.509229098805646,0.49077090119435396
0,0.0,1,0,1.0,0.509771986970684,0.49022801302931596
0,0.0,1,0,1.0,0.510314875135722,0.48968512486427795
0,0.0,1,0,1.0,0.51085776330076,0.48914223669923995
0,0.0,1,0,1.0,0.511400651465798,0.48859934853420195
0,0.0,1,0,1.0,0.511943539630836,0.48805646036916395
0,0.0,1,0,1.0,0.512486427795874,0.48751357220412594
0,0.0,1,0,1.0,0.5130293159609121,0.48697068403908794
0,0.0,1,0,1.0,0.5135722041259501,0.48642779587404994
0,0.0,1,0,1.0,0.5141150922909881,0.48588490770901194
0,0.0,1,0,1.0,0.5146579804560261,0.48534201954397393
0,0.0,1,0,1.0,0.5152008686210641,0.48479913137893593
0,0.0,1,0,1.0,0.5157437567861021,0.48425624321389793
0,0.0,1,0,1.0,0.5162866449511401,0.4837133550488599
0,0.0,1,0,1.0,0.5168295331161781,0.4831704668838219
0,0.0,1,0,1.0,0.5173724212812161,0.4826275787187839
0,0.0,1,0,1.0,0.5179153094462541,0.4820846905537459
0,0.0,1,0,1.0,0.5184581976112921,0.4815418023887079
0,0.0,1,0,1.0,0.5190010857763301,0.4809989142236699
0,0.0,1,0,1.0,0.5195439739413681,0.4804560260586319
0,0.0,1,0,1.0,0.5200868621064061,0.4799131378935939
0,0.0,1,0,1.0,0.5206297502714441,0.4793702497285559
0,0.0,1,0,1.0,0.5211726384364821,0.4788273615635179
0,0.0,1,0,1.0,0.5217155266015201,0.4782844733984799
0,0.0,1,0,1.0,0.5222584147665581,0.4777415852334419
0,0.0,1,0,1.0,0.5228013029315961,0.4771986970684039
0,0.0,1,0,1.0,0.5233441910966341,0.4766558089033659
0,0.0,1,0,1.0,0.5238870792616721,0.4761129207383279
0,0.0,1,0,1.0,0.5244299674267101,0.4755700325732899
0,0.0,1,0,1.0,0.5249728555917481,0.4750271444082519
0,0.0,1,0,1.0,0.5255157437567861,0.4744842562432139
0,0.0,1,0,1.0,0.5260586319218241,0.4739413680781759
0,0.0,1,0,1.0,0.5266015200868621,0.4733984799131379
0,0.0,1,0,1.0,0.5271444082519001,0.4728555917480999
0,0.0,1,0,1.0,0.5276872964169381,0.4723127035830619
0,0.0,1,0,1.0,0.5282301845819761,0.4717698154180239
0,0.0,1,0,1.0,0.5287730727470141,0.47122692725298587
0,0.0,1,0,1.0,0.5293159609120521,0.47068403908794787
0,0.0,1,0,1.0,0.5298588490770901,0.47014115092290987
0,0.0,1,0,1.0,0.5304017372421281,0.46959826275787186
0,0.0,1,0,1.0,0.5309446254071661,0.46905537459283386
0,0.0,1,0,1.0,0.5314875135722041,0.46851248642779586
0,0.0,1,0,1.0,0.5320304017372421,0.46796959826275786
0,0.0,1,0,1.0,0.5325732899022801,0.46742671009771986
0,0.0,1,0,1.0,0.5331161780673181,0.46688382193268185
0,0.0,1,0,1.0,0.5336590662323561,0.46634093376764385
0,0.0,1,0,1.0,0.5342019543973942,0.46579804560260585
0,0.0,1,0,1.0,0.5347448425624322,0.46525515743756785
0,0.0,1,0,1.0,0.5352877307274702,0.46471226927252984
0,0.0,1,0,1.0,0.5358306188925082,0.46416938110749184
0,0.0,1,0,1.0,0.5363735070575462,0.46362649294245384
0,0.0,1,0,1.0,0.5369163952225842,0.46308360477741584
0,0.0,1,0,1.0,0.5374592833876222,0.46254071661237783
0,0.0,1,0,1.0,0.5380021715526602,0.46199782844733983
0,0.0,1,0,1.0,0.5385450597176982,0.46145494028230183
0,0.0,1,0,1.0,0.5390879478827362,0.4609120521172638
0,0.0,1,0,1.0,0.5396308360477742,0.4603691639522258
0,0.0,1,0,1.0,0.5401737242128122,0.4598262757871878
0,0.0,1,0,1.0,0.5407166123778502,0.4592833876221498
0,0.0,1,0,1.0,0.5412595005428882,0.4587404994571118
0,0.0,1,0,1.0,0.5418023887079262,0.4581976112920738
0,0.0,1,0,1.0,0.5423452768729642,0.4576547231270358
0,0.0,1,0,1.0,0.5428881650380022,0.4571118349619978
0,0.0,1,0,1.0,0.5434310532030402,0.4565689467969598
0,0.0,1,0,1.0,0.5439739413680782,0.4560260586319218
0,0.0,1,0,1.0,0.5445168295331162,0.4554831704668838
0,0.0,1,0,1.0,0.5450597176981542,0.4549402823018458
0,0.0,1,0,1.0,0.5456026058631922,0.4543973941368078
0,0.0,1,0,1.0,0.5461454940282302,0.4538545059717698
0,0.0,1,0,1.0,0.5466883821932682,0.4533116178067318
0,0.0,1,0,1.0,0.5472312703583062,0.4527687296416938
0,0.0,1,0,1.0,0.5477741585233442,0.4522258414766558
0,0.0,1,0,1.0,0.5483170466883822,0.4516829533116178
0,0.0,1,0,1.0,0.5488599348534202,0.4511400651465798
0,0.0,1,0,1.0,0.5494028230184582,0.4505971769815418
0,0.0,1,0,1.0,0.5499457111834962,0.4500542888165038
0,0.0,1,0,1.0,0.5504885993485342,0.4495114006514658
0,0.0,1,0,1.0,0.5510314875135722,0.4489685124864278
0,0.0,1,0,1.0,0.5515743756786102,0.44842562432138977
0,0.0,1,0,1.0,0.5521172638436482,0.44788273615635177
0,0.0,1,0,1.0,0.5526601520086862,0.44733984799131377
0,0.0,1,0,1.0,0.5532030401737242,0.44679695982627576
0,0.0,1,0,1.0,0.5537459283387622,0.44625407166123776
0,0.0,1,0,1.0,0.5542888165038002,0.44571118349619976
0,0.0,1,0,1.0,0.5548317046688382,0.44516829533116176
0,0.0,1,0,1.0,0.5553745928338762,0.44462540716612375
0,0.0,1,0,1.0,0.5559174809989142,0.44408251900108575
0,0.0,1,0,1.0,0.5564603691639523,0.44353963083604775
0,0.0,1,0,1.0,0.5570032573289903,0.44299674267100975
0,0.0,1,0,1.0,0.5575461454940283,0.44245385450597174
0,0.0,1,0,1.0,0.5580890336590663,0.44191096634093374
0,0.0,1,0,1.0,0.5586319218241043,0.44136807817589574
0,0.0,1,0,1.0,0.5591748099891423,0.44082519001085774
0,0.0,1,0,1.0,0.5597176981541803,0.44028230184581973
0,0.0,1,0,1.0,0.5602605863192183,0.43973941368078173
0,0.0,1,0,1.0,0.5608034744842563,0.43919652551574373
0,0.0,1,0,1.0,0.5613463626492943,0.4386536373507057
0,0.0,1,0,1.0,0.5618892508143323,0.4381107491856677
0,0.0,1,0,1.0,0.5624321389793703,0.4375678610206297
0,0.0,1,0,1.0,0.5629750271444083,0.4370249728555917
0,0.0,1,0,1.0,0.5635179153094463,0.4364820846905537
0,0.0,1,0,1.0,0.5640608034744843,0.4359391965255157
0,0.0,1,0,1.0,0.5646036916395223,0.4353963083604777
0,0.0,1,0,1.0,0.5651465798045603,0.4348534201954397
0,0.0,1,0,1.0,0.5656894679695983,0.4343105320304017
0,0.0,1,0,1.0,0.5662323561346363,0.4337676438653637
0,0.0,1,0,1.0,0.5667752442996743,0.4332247557003257
0,0.0,1,0,1.0,0.5673181324647123,0.4326818675352877
0,0.0,1,0,1.0,0.5678610206297503,0.4321389793702497
0,0.0,1,0,1.0,0.5684039087947883,0.4315960912052117
0,0.0,1,0,1.0,0.5689467969598263,0.4310532030401737
0,0.0,1,0,1.0,0.5694896851248643,0.4305103148751357
0,0.0,1,0,1.0,0.5700325732899023,0.4299674267100977
0,0.0,1,0,1.0,0.5705754614549403,0.4294245385450597
0,0.0,1,0,1.0,0.5711183496199783,0.4288816503800217
0,0.0,1,0,1.0,0.5716612377850163,0.4283387622149837
0,0.0,1,0,1.0,0.5722041259500543,0.4277958740499457
0,0.0,1,0,1.0,0.5727470141150923,0.4272529858849077
0,0.0,1,0,1.0,0.5732899022801303,0.4267100977198697
0,0.0,1,0,1.0,0.5738327904451683,0.42616720955483167
0,0.0,1,0,1.0,0.5743756786102063,0.42562432138979367
0,0.0,1,0,1.0,0.5749185667752443,0.42508143322475567
0,0.0,1,0,1.0,0.5754614549402823,0.42453854505971766
0,0.0,1,0,1.0,0.5760043431053203,0.42399565689467966
0,0.0,1,0,1.0,0.5765472312703583,0.42345276872964166
0,0.0,1,0,1.0,0.5770901194353963,0.42290988056460366
0,0.0,1,0,1.0,0.5776330076004343,0.42236699239956565
0,0.0,1,0,1.0,0.5781758957654723,0.42182410423452765
0,0.0,1,0,1.0,0.5787187839305103,0.42128121606948965
0,0.0,1,0,1.0,0.5792616720955484,0.42073832790445165
0,0.0,1,0,1.0,0.5798045602605864,0.42019543973941365
0,0.0,1,0,1.0,0.5803474484256244,0.41965255157437564
0,0.0,1,0,1.0,0.5808903365906624,0.41910966340933764
0,0.0,1,0,1.0,0.5814332247557004,0.41856677524429964
0,0.0,1,0,1.0,0.5819761129207384,0.41802388707926164
0,0.0,1,0,1.0,0.5825190010857764,0.41748099891422363
0,0.0,1,0,1.0,0.5830618892508144,0.41693811074918563
0,0.0,1,0,1.0,0.5836047774158524,0.41639522258414763
0,0.0,1,0,1.0,0.5841476655808904,0.4158523344191096
0,0.0,1,0,1.0,0.5846905537459284,0.4153094462540716
0,0.0,1,0,1.0,0.5852334419109664,0.4147665580890336
0,0.0,1,0,1.0,0.5857763300760044,0.4142236699239956
0,0.0,1,0,1.0,0.5863192182410424,0.4136807817589576
0,0.0,1,0,1.0,0.5868621064060804,0.4131378935939196
0,0.0,1,0,1.0,0.5874049945711184,0.4125950054288816
0,0.0,1,0,1.0,0.5879478827361564,0.4120521172638436
0,0.0,1,0,1.0,0.5884907709011944,0.4115092290988056
0,0.0,1,0,1.0,0.5890336590662324,0.4109663409337676
0,0.0,1,0,1.0,0.5895765472312704,0.4104234527687296
0,0.0,1,0,1.0,0.5901194353963084,0.4098805646036916
0,0.0,1,0,1.0,0.5906623235613464,0.4093376764386536
0,0.0,1,0,1.0,0.5912052117263844,0.4087947882736156
0,0.0,1,0,1.0,0.5917480998914224,0.4082519001085776
0,0.0,1,0,1.0,0.5922909880564604,0.4077090119435396
0,0.0,1,0,1.0,0.5928338762214984,0.4071661237785016
0,0.0,1,0,1.0,0.5933767643865364,0.4066232356134636
0,0.0,1,0,1.0,0.5939196525515744,0.4060803474484256
0,0.0,1,0,1.0,0.5944625407166124,0.4055374592833876
0,0.0,1,0,1.0,0.5950054288816504,0.4049945711183496
0,0.0,1,0,1.0,0.5955483170466884,0.4044516829533116
0,0.0,1,0,1.0,0.5960912052117264,0.4039087947882736
0,0.0,1,0,1.0,0.5966340933767644,0.40336590662323557
0,0.0,1,0,1.0,0.5971769815418024,0.40282301845819757
0,0.0,1,0,1.0,0.5977198697068404,0.40228013029315957
0,0.0,1,0,1.0,0.5982627578718784,0.40173724212812156
0,0.0,1,0,1.0,0.5988056460369164,0.40119435396308356
0,0.0,1,0,1.0,0.5993485342019544,0.40065146579804556
0,0.0,1,0,1.0,0.5998914223669924,0.40010857763300756
0,0.0,1,0,1.0,0.6004343105320304,0.39956568946796955
0,0.0,1,0,1.0,0.6009771986970684,0.39902280130293155
0,0.0,1,0,1.0,0.6015200868621065,0.39847991313789355
0,0.0,1,0,1.0,0.6020629750271445,0.39793702497285555
0,0.0,1,0,1.0,0.6026058631921825,0.39739413680781754
0,0.0,1,0,1.0,0.6031487513572205,0.39685124864277954
0,0.0,1,0,1.0,0.6036916395222585,0.39630836047774154
0,0.0,1,0,1.0,0.6042345276872965,0.39576547231270354
0,0.0,1,0,1.0,0.6047774158523345,0.39522258414766553
0,0.0,1,0,1.0,0.6053203040173725,0.39467969598262753
0,0.0,1,0,1.0,0.6058631921824105,0.39413680781758953
0,0.0,1,0,1.0,0.6064060803474485,0.3935939196525515
0,0.0,1,0,1.0,0.6069489685124865,0.3930510314875135
0,0.0,1,0,1.0,0.6074918566775245,0.3925081433224755
0,0.0,1,0,1.0,0.6080347448425625,0.3919652551574375
0,0.0,1,0,1.0,0.6085776330076005,0.3914223669923995
0,0.0,1,0,1.0,0.6091205211726385,0.3908794788273615
0,0.0,1,0,1.0,0.6096634093376765,0.3903365906623235
0,0.0,1,0,1.0,0.6102062975027145,0.3897937024972855
0,0.0,1,0,1.0,0.6107491856677525,0.3892508143322475
0,0.0,1,0,1.0,0.6112920738327905,0.3887079261672095
0,0.0,1,0,1.0,0.6118349619978285,0.3881650380021715
0,0.0,1,0,1.0,0.6123778501628665,0.3876221498371335
0,0.0,1,0,1.0,0.6129207383279045,0.3870792616720955
0,0.0,1,0,1.0,0.6134636264929425,0.3865363735070575
0,0.0,1,0,1.0,0.6140065146579805,0.3859934853420195
0,0.0,1,0,1.0,0.6145494028230185,0.3854505971769815
0,0.0,1,0,1.0,0.6150922909880565,0.3849077090119435
0,0.0,1,0,1.0,0.6156351791530945,0.3843648208469055
0,0.0,1,0,1.0,0.6161780673181325,0.3838219326818675
0,0.0,1,0,1.0,0.6167209554831705,0.3832790445168295
0,0.0,1,0,1.0,0.6172638436482085,0.3827361563517915
0,0.0,1,0,1.0,0.6178067318132465,0.3821932681867535
0,0.0,1,0,1.0,0.6183496199782845,0.3816503800217155
0,0.0,1,0,1.0,0.6188925081433225,0.38110749185667747
0,0.0,1,0,1.0,0.6194353963083605,0.38056460369163947
0,0.0,1,0,1.0,0.6199782844733985,0.38002171552660147
0,0.0,1,0,1.0,0.6205211726384365,0.37947882736156346
0,0.0,1,0,1.0,0.6210640608034745,0.37893593919652546
0,0.0,1,0,1.0,0.6216069489685125,0.37839305103148746
0,0.0,1,0,1.0,0.6221498371335505,0.37785016286644946
0,0.0,1,0,1.0,0.6226927252985885,0.37730727470141145
0,0.0,1,0,1.0,0.6232356134636265,0.37676438653637345
0,0.0,1,0,1.0,0.6237785016286646,0.37622149837133545
0,0.0,1,0,1.0,0.6243213897937026,0.37567861020629745
0,0.0,1,0,1.0,0.6248642779587406,0.37513572204125945
0,0.0,1,0,1.0,0.6254071661237784,0.37459283387622155
0,0.0,1,0,1.0,0.6259500542888164,0.37404994571118355
0,0.0,1,0,1.0,0.6264929424538545,0.37350705754614555
0,0.0,1,0,1.0,0.6270358306188925,0.37296416938110755
0,0.0,1,0,1.0,0.6275787187839305,0.37242128121606954
0,0.0,1,0,1.0,0.6281216069489685,0.37187839305103154
0,0.0,1,0,1.0,0.6286644951140065,0.37133550488599354
0,0.0,1,0,1.0,0.6292073832790445,0.37079261672095554
0,0.0,1,0,1.0,0.6297502714440825,0.37024972855591753
0,0.0,1,0,1.0,0.6302931596091205,0.36970684039087953
0,0.0,1,0,1.0,0.6308360477741585,0.36916395222584153
0,0.0,1,0,1.0,0.6313789359391965,0.3686210640608035
0,0.0,1,0,1.0,0.6319218241042345,0.3680781758957655
0,0.0,1,0,1.0,0.6324647122692725,0.3675352877307275
0,0.0,1,0,1.0,0.6330076004343105,0.3669923995656895
0,0.0,1,0,1.0,0.6335504885993485,0.3664495114006515
0,0.0,1,0,1.0,0.6340933767643865,0.3659066232356135
0,0.0,1,0,1.0,0.6346362649294245,0.3653637350705755
0,0.0,1,0,1.0,0.6351791530944625,0.3648208469055375
0,0.0,1,0,1.0,0.6357220412595005,0.3642779587404995
0,0.0,1,0,1.0,0.6362649294245385,0.3637350705754615
0,0.0,1,0,1.0,0.6368078175895765,0.3631921824104235
0,0.0,1,0,1.0,0.6373507057546145,0.3626492942453855
0,0.0,1,0,1.0,0.6378935939196525,0.3621064060803475
0,0.0,1,0,1.0,0.6384364820846905,0.3615635179153095
0,0.0,1,0,1.0,0.6389793702497285,0.3610206297502715
0,0.0,1,0,1.0,0.6395222584147665,0.3604777415852335
0,0.0,1,0,1.0,0.6400651465798045,0.3599348534201955
0,0.0,1,0,1.0,0.6406080347448425,0.3593919652551575
0,0.0,1,0,1.0,0.6411509229098805,0.3588490770901195
0,0.0,1,0,1.0,0.6416938110749185,0.3583061889250815
0,0.0,1,0,1.0,0.6422366992399565,0.3577633007600435
0,0.0,1,0,1.0,0.6427795874049945,0.3572204125950055
0,0.0,1,0,1.0,0.6433224755700325,0.3566775244299675
0,0.0,1,0,1.0,0.6438653637350705,0.35613463626492947
0,0.0,1,0,1.0,0.6444082519001085,0.35559174809989147
0,0.0,1,0,1.0,0.6449511400651465,0.35504885993485347
0,0.0,1,0,1.0,0.6454940282301845,0.35450597176981546
0,0.0,1,0,1.0,0.6460369163952225,0.35396308360477746
0,0.0,1,0,1.0,0.6465798045602605,0.35342019543973946
0,0.0,1,0,1.0,0.6471226927252985,0.35287730727470146
0,0.0,1,0,1.0,0.6476655808903365,0.35233441910966345
0,0.0,1,0,1.0,0.6482084690553745,0.35179153094462545
0,0.0,1,0,1.0,0.6487513572204126,0.35124864277958745
0,0.0,1,0,1.0,0.6492942453854506,0.35070575461454945
0,0.0,1,0,1.0,0.6498371335504886,0.35016286644951145
0,0.0,1,0,1.0,0.6503800217155266,0.34961997828447344
0,0.0,1,0,1.0,0.6509229098805646,0.34907709011943544
0,0.0,1,0,1.0,0.6514657980456026,0.34853420195439744
0,0.0,1,0,1.0,0.6520086862106406,0.34799131378935944
0,0.0,1,0,1.0,0.6525515743756786,0.34744842562432143
0,0.0,1,0,1.0,0.6530944625407166,0.34690553745928343
0,0.0,1,0,1.0,0.6536373507057546,0.34636264929424543
0,0.0,1,0,1.0,0.6541802388707926,0.3458197611292074
0,0.0,1,0,1.0,0.6547231270358306,0.3452768729641694
0,0.0,1,0,1.0,0.6552660152008686,0.3447339847991314
0,0.0,1,0,1.0,0.6558089033659066,0.3441910966340934
0,0.0,1,0,1.0,0.6563517915309446,0.3436482084690554
0,0.0,1,0,1.0,0.6568946796959826,0.3431053203040174
0,0.0,1,0,1.0,0.6574375678610206,0.3425624321389794
0,0.0,1,0,1.0,0.6579804560260586,0.3420195439739414
0,0.0,1,0,1.0,0.6585233441910966,0.3414766558089034
0,0.0,1,0,1.0,0.6590662323561346,0.3409337676438654
0,0.0,1,0,1.0,0.6596091205211726,0.3403908794788274
0,0.0,1,0,1.0,0.6601520086862106,0.3398479913137894
0,0.0,1,0,1.0,0.6606948968512486,0.3393051031487514
0,0.0,1,0,1.0,0.6612377850162866,0.3387622149837134
0,0.0,1,0,1.0,0.6617806731813246,0.3382193268186754
0,0.0,1,0,1.0,0.6623235613463626,0.3376764386536374
0,0.0,1,0,1.0,0.6628664495114006,0.3371335504885994
0,0.0,1,0,1.0,0.6634093376764386,0.3365906623235614
0,0.0,1,0,1.0,0.6639522258414766,0.3360477741585234
0,0.0,1,0,1.0,0.6644951140065146,0.3355048859934854
0,0.0,1,0,1.0,0.6650380021715526,0.3349619978284474
0,0.0,1,0,1.0,0.6655808903365906,0.3344191096634094
0,0.0,1,0,1.0,0.6661237785016286,0.3338762214983714
0,0.0,1,0,1.0,0.6666666666666666,0.33333333333333337
0,0.0,1,0,1.0,0.6672095548317046,0.33279044516829537
0,0.0,1,0,1.0,0.6677524429967426,0.33224755700325737
0,0.0,1,0,1.0,0.6682953311617806,0.33170466883821936
0,0.0,1,0,1.0,0.6688382193268186,0.33116178067318136
0,0.0,1,0,1.0,0.6693811074918566,0.33061889250814336
0,0.0,1,0,1.0,0.6699239956568946,0.33007600434310536
0,0.0,1,0,1.0,0.6704668838219326,0.32953311617806735
0,0.0,1,0,1.0,0.6710097719869706,0.32899022801302935
0,0.0,1,0,1.0,0.6715526601520087,0.32844733984799135
0,0.0,1,0,1.0,0.6720955483170467,0.32790445168295335
0,0.0,1,0,1.0,0.6726384364820847,0.32736156351791534
0,0.0,1,0,1.0,0.6731813246471227,0.32681867535287734
0,0.0,1,0,1.0,0.6737242128121607,0.32627578718783934
0,0.0,1,0,1.0,0.6742671009771987,0.32573289902280134
0,0.0,1,0,1.0,0.6748099891422367,0.32519001085776333
0,0.0,1,0,1.0,0.6753528773072747,0.32464712269272533
0,0.0,1,0,1.0,0.6758957654723127,0.32410423452768733
0,0.0,1,0,1.0,0.6764386536373507,0.3235613463626493
0,0.0,1,0,1.0,0.6769815418023887,0.3230184581976113
0,0.0,1,0,1.0,0.6775244299674267,0.3224755700325733
0,0.0,1,0,1.0,0.6780673181324647,0.3219326818675353
0,0.0,1,0,1.0,0.6786102062975027,0.3213897937024973
0,0.0,1,0,1.0,0.6791530944625407,0.3208469055374593
0,0.0,1,0,1.0,0.6796959826275787,0.3203040173724213
0,0.0,1,0,1.0,0.6802388707926167,0.3197611292073833
0,0.0,1,0,1.0,0.6807817589576547,0.3192182410423453
0,0.0,1,0,1.0,0.6813246471226927,0.3186753528773073
0,0.0,1,0,1.0,0.6818675352877307,0.3181324647122693
0,0.0,1,0,1.0,0.6824104234527687,0.3175895765472313
0,0.0,1,0,1.0,0.6829533116178067,0.3170466883821933
0,0.0,1,0,1.0,0.6834961997828447,0.3165038002171553
0,0.0,1,0,1.0,0.6840390879478827,0.3159609120521173
0,0.0,1,0,1.0,0.6845819761129207,0.3154180238870793
0,0.0,1,0,1.0,0.6851248642779587,0.3148751357220413
0,0.0,1,0,1.0,0.6856677524429967,0.3143322475570033
0,0.0,1,0,1.0,0.6862106406080347,0.3137893593919653
0,0.0,1,0,1.0,0.6867535287730727,0.3132464712269273
0,0.0,1,0,1.0,0.6872964169381107,0.3127035830618893
0,0.0,1,0,1.0,0.6878393051031487,0.3121606948968513
0,0.0,1,0,1.0,0.6883821932681867,0.3116178067318133
0,0.0,1,0,1.0,0.6889250814332247,0.31107491856677527
0,0.0,1,0,1.0,0.6894679695982627,0.31053203040173727
0,0.0,1,0,1.0,0.6900108577633007,0.30998914223669927
0,0.0,1,0,1.0,0.6905537459283387,0.30944625407166126
0,0.0,1,0,1.0,0.6910966340933767,0.30890336590662326
0,0.0,1,0,1.0,0.6916395222584147,0.30836047774158526
0,0.0,1,0,1.0,0.6921824104234527,0.30781758957654726
0,0.0,1,0,1.0,0.6927252985884907,0.30727470141150925
0,0.0,1,0,1.0,0.6932681867535287,0.30673181324647125
0,0.0,1,0,1.0,0.6938110749185668,0.30618892508143325
0,0.0,1,0,1.0,0.6943539630836048,0.30564603691639525
0,0.0,1,0,1.0,0.6948968512486428,0.30510314875135724
0,0.0,1,0,1.0,0.6954397394136808,0.30456026058631924
0,0.0,1,0,1.0,0.6959826275787188,0.30401737242128124
0,0.0,1,0,1.0,0.6965255157437568,0.30347448425624324
0,0.0,1,0,1.0,0.6970684039087948,0.30293159609120524
0,0.0,1,0,1.0,0.6976112920738328,0.30238870792616723
0,0.0,1,0,1.0,0.6981541802388708,0.30184581976112923
0,0.0,1,0,1.0,0.6986970684039088,0.30130293159609123
0,0.0,1,0,1.0,0.6992399565689468,0.3007600434310532
0,0.0,1,0,1.0,0.6997828447339848,0.3002171552660152
0,0.0,1,0,1.0,0.7003257328990228,0.2996742671009772
0,0.0,1,0,1.0,0.7008686210640608,0.2991313789359392
0,0.0,1,0,1.0,0.7014115092290988,0.2985884907709012
0,0.0,1,0,1.0,0.7019543973941368,0.2980456026058632
0,0.0,1,0,1.0,0.7024972855591748,0.2975027144408252
0,0.0,1,0,1.0,0.7030401737242128,0.2969598262757872
0,0.0,1,0,1.0,0.7035830618892508,0.2964169381107492
0,0.0,1,0,1.0,0.7041259500542888,0.2958740499457112
0,0.0,1,0,1.0,0.7046688382193268,0.2953311617806732
0,0.0,1,0,1.0,0.7052117263843648,0.2947882736156352
0,0.0,1,0,1.0,0.7057546145494028,0.2942453854505972
0,0.0,1,0,1.0,0.7062975027144408,0.2937024972855592
0,0.0,1,0,1.0,0.7068403908794788,0.2931596091205212
0,0.0,1,0,1.0,0.7073832790445168,0.2926167209554832
0,0.0,1,0,1.0,0.7079261672095548,0.2920738327904452
0,0.0,1,0,1.0,0.7084690553745928,0.2915309446254072
0,0.0,1,0,1.0,0.7090119435396308,0.2909880564603692
0,0.0,1,0,1.0,0.7095548317046688,0.2904451682953312
0,0.0,1,0,1.0,0.7100977198697068,0.2899022801302932
0,0.0,1,0,1.0,0.7106406080347448,0.2893593919652552
0,0.0,1,0,1.0,0.7111834961997828,0.2888165038002172
0,0.0,1,0,1.0,0.7117263843648208,0.28827361563517917
0,0.0,1,0,1.0,0.7122692725298588,0.28773072747014117
0,0.0,1,0,1.0,0.7128121606948968,0.28718783930510317
0,0.0,1,0,1.0,0.7133550488599348,0.28664495114006516
0,0.0,1,0,1.0,0.7138979370249728,0.28610206297502716
0,0.0,1,0,1.0,0.7144408251900108,0.28555917480998916
0,0.0,1,0,1.0,0.7149837133550488,0.28501628664495116
0,0.0,1,0,1.0,0.7155266015200868,0.28447339847991315
0,0.0,1,0,1.0,0.7160694896851248,0.28393051031487515
0,0.0,1,0,1.0,0.7166123778501629,0.28338762214983715
0,0.0,1,0,1.0,0.7171552660152009,0.28284473398479915
0,0.0,1,0,1.0,0.7176981541802389,0.28230184581976114
0,0.0,1,0,1.0,0.7182410423452769,0.28175895765472314
0,0.0,1,0,1.0,0.7187839305103149,0.28121606948968514
0,0.0,1,0,1.0,0.7193268186753529,0.28067318132464714
0,0.0,1,0,1.0,0.7198697068403909,0.28013029315960913
0,0.0,1,0,1.0,0.7204125950054289,0.27958740499457113
0,0.0,1,0,1.0,0.7209554831704669,0.27904451682953313
0,0.0,1,0,1.0,0.7214983713355049,0.2785016286644951
0,0.0,1,0,1.0,0.7220412595005429,0.2779587404994571
0,0.0,1,0,1.0,0.7225841476655809,0.2774158523344191
0,0.0,1,0,1.0,0.7231270358306189,0.2768729641693811
0,0.0,1,0,1.0,0.7236699239956569,0.2763300760043431
0,0.0,1,0,1.0,0.7242128121606949,0.2757871878393051
0,0.0,1,0,1.0,0.7247557003257329,0.2752442996742671
0,0.0,1,0,1.0,0.7252985884907709,0.2747014115092291
0,0.0,1,0,1.0,0.7258414766558089,0.2741585233441911
0,0.0,1,0,1.0,0.7263843648208469,0.2736156351791531
0,0.0,1,0,1.0,0.7269272529858849,0.2730727470141151
0,0.0,1,0,1.0,0.7274701411509229,0.2725298588490771
0,0.0,1,0,1.0,0.7280130293159609,0.2719869706840391
0,0.0,1,0,1.0,0.7285559174809989,0.2714440825190011
0,0.0,1,0,1.0,0.7290988056460369,0.2709011943539631
0,0.0,1,0,1.0,0.7296416938110749,0.2703583061889251
0,0.0,1,0,1.0,0.7301845819761129,0.2698154180238871
0,0.0,1,0,1.0,0.7307274701411509,0.2692725298588491
0,0.0,1,0,1.0,0.7312703583061889,0.2687296416938111
0,0.0,1,0,1.0,0.7318132464712269,0.2681867535287731
0,0.0,1,0,1.0,0.7323561346362649,0.2676438653637351
0,0.0,1,0,1.0,0.7328990228013029,0.2671009771986971
0,0.0,1,0,1.0,0.7334419109663409,0.2665580890336591
0,0.0,1,0,1.0,0.7339847991313789,0.26601520086862107
0,0.0,1,0,1.0,0.7345276872964169,0.26547231270358307
0,0.0,1,0,1.0,0.7350705754614549,0.26492942453854507
0,0.0,1,0,1.0,0.7356134636264929,0.26438653637350706
0,0.0,1,0,1.0,0.7361563517915309,0.26384364820846906
0,0.0,1,0,1.0,0.7366992399565689,0.26330076004343106
0,0.0,1,0,1.0,0.7372421281216069,0.26275787187839306
0,0.0,1,0,1.0,0.737785016286645,0.26221498371335505
0,0.0,1,0,1.0,0.738327904451683,0.26167209554831705
0,0.0,1,0,1.0,0.738870792616721,0.26112920738327905
0,0.0,1,0,1.0,0.739413680781759,0.26058631921824105
0,0.0,1,0,1.0,0.739956568946797,0.26004343105320304
0,0.0,1,0,1.0,0.740499457111835,0.25950054288816504
0,0.0,1,0,1.0,0.741042345276873,0.25895765472312704
0,0.0,1,0,1.0,0.741585233441911,0.25841476655808904
0,0.0,1,0,1.0,0.742128121606949,0.25787187839305103
0,0.0,1,0,1.0,0.742671009771987,0.25732899022801303
0,0.0,1,0,1.0,0.743213897937025,0.25678610206297503
0,0.0,1,0,1.0,0.743756786102063,0.256243213897937
0,0.0,1,0,1.0,0.744299674267101,0.255700325732899
0,0.0,1,0,1.0,0.744842562432139,0.255157437567861
0,0.0,1,0,1.0,0.745385450597177,0.254614549402823
0,0.0,1,0,1.0,0.745928338762215,0.254071661237785
0,0.0,1,0,1.0,0.746471226927253,0.253528773072747
0,0.0,1,0,1.0,0.747014115092291,0.252985884907709
0,0.0,1,0,1.0,0.747557003257329,0.252442996742671
0,0.0,1,0,1.0,0.748099891422367,0.251900108577633
0,0.0,1,0,1.0,0.748642779587405,0.251357220412595
0,0.0,1,0,1.0,0.749185667752443,0.250814332247557
0,0.0,1,0,1.0,0.749728555917481,0.250271444082519
0,0.0,1,0,1.0,0.750271444082519,0.249728555917481
0,0.0,1,0,1.0,0.750814332247557,0.249185667752443
0,0.0,1,0,1.0,0.751357220412595,0.248642779587405
0,0.0,1,0,1.0,0.751900108577633,0.248099891422367
0,0.0,1,0,1.0,0.752442996742671,0.247557003257329
0,0.0,1,0,1.0,0.752985884907709,0.247014115092291
0,0.0,1,0,1.0,0.753528773072747,0.24647122692725298
0,0.0,1,0,1.0,0.754071661237785,0.24592833876221498
0,0.0,1,0,1.0,0.754614549402823,0.24538545059717698
0,0.0,1,0,1.0,0.755157437567861,0.24484256243213898
0,0.0,1,0,1.0,0.755700325732899,0.24429967426710097
0,0.0,1,0,1.0,0.756243213897937,0.24375678610206297
0,0.0,1,0,1.0,0.756786102062975,0.24321389793702497
0,0.0,1,0,1.0,0.757328990228013,0.24267100977198697
0,0.0,1,0,1.0,0.757871878393051,0.24212812160694897
0,0.0,1,0,1.0,0.758414766558089,0.24158523344191096
0,0.0,1,0,1.0,0.758957654723127,0.24104234527687296
0,0.0,1,0,1.0,0.759500542888165,0.24049945711183496
0,0.0,1,0,1.0,0.760043431053203,0.23995656894679696
0,0.0,1,0,1.0,0.760586319218241,0.23941368078175895
0,0.0,1,0,1.0,0.761129207383279,0.23887079261672095
0,0.0,1,0,1.0,0.761672095548317,0.23832790445168295
0,0.0,1,0,1.0,0.762214983713355,0.23778501628664495
0,0.0,1,0,1.0,0.7627578718783931,0.23724212812160694
0,0.0,1,0,1.0,0.7633007600434311,0.23669923995656894
0,0.0,1,0,1.0,0.7638436482084691,0.23615635179153094
0,0.0,1,0,1.0,0.7643865363735071,0.23561346362649294
0,0.0,1,0,1.0,0.7649294245385451,0.23507057546145493
0,0.0,1,0,1.0,0.7654723127035831,0.23452768729641693
0,0.0,1,0,1.0,0.7660152008686211,0.23398479913137893
0,0.0,1,0,1.0,0.7665580890336591,0.23344191096634093
0,0.0,1,0,1.0,0.7671009771986971,0.23289902280130292
0,0.0,1,0,1.0,0.7676438653637351,0.23235613463626492
0,0.0,1,0,1.0,0.7681867535287731,0.23181324647122692
0,0.0,1,0,1.0,0.7687296416938111,0.23127035830618892
0,0.0,1,0,1.0,0.7692725298588491,0.23072747014115091
0,0.0,1,0,1.0,0.7698154180238871,0.2301845819761129
0,0.0,1,0,1.0,0.7703583061889251,0.2296416938110749
0,0.0,1,0,1.0,0.7709011943539631,0.2290988056460369
0,0.0,1,0,1.0,0.7714440825190011,0.2285559174809989
0,0.0,1,0,1.0,0.7719869706840391,0.2280130293159609
0,0.0,1,0,1.0,0.7725298588490771,0.2274701411509229
0,0.0,1,0,1.0,0.7730727470141151,0.2269272529858849
0,0.0,1,0,1.0,0.7736156351791531,0.2263843648208469
0,0.0,1,0,1.0,0.7741585233441911,0.2258414766558089
0,0.0,1,0,1.0,0.7747014115092291,0.2252985884907709
0,0.0,1,0,1.0,0.7752442996742671,0.2247557003257329
0,0.0,1,0,1.0,0.7757871878393051,0.22421281216069489
0,0.0,1,0,1.0,0.7763300760043431,0.22366992399565688
0,0.0,1,0,1.0,0.7768729641693811,0.22312703583061888
0,0.0,1,0,1.0,0.7774158523344191,0.22258414766558088
0,0.0,1,0,1.0,0.7779587404994571,0.22204125950054288
0,0.0,1,0,1.0,0.7785016286644951,0.22149837133550487
0,0.0,1,0,1.0,0.7790445168295331,0.22095548317046687
0,0.0,1,0,1.0,0.7795874049945711,0.22041259500542887
0,0.0,1,0,1.0,0.7801302931596091,0.21986970684039087
0,0.0,1,0,1.0,0.7806731813246471,0.21932681867535286
0,0.0,1,0,1.0,0.7812160694896851,0.21878393051031486
0,0.0,1,0,1.0,0.7817589576547231,0.21824104234527686
0,0.0,1,0,1.0,0.7823018458197611,0.21769815418023886
0,0.0,1,0,1.0,0.7828447339847991,0.21715526601520085
0,0.0,1,0,1.0,0.7833876221498371,0.21661237785016285
0,0.0,1,0,1.0,0.7839305103148752,0.21606948968512485
0,0.0,1,0,1.0,0.7844733984799132,0.21552660152008685
0,0.0,1,0,1.0,0.7850162866449512,0.21498371335504884
0,0.0,1,0,1.0,0.7855591748099892,0.21444082519001084
0,0.0,1,0,1.0,0.7861020629750272,0.21389793702497284
0,0.0,1,0,1.0,0.7866449511400652,0.21335504885993484
0,0.0,1,0,1.0,0.7871878393051032,0.21281216069489683
0,0.0,1,0,1.0,0.7877307274701412,0.21226927252985883
0,0.0,1,0,1.0,0.7882736156351792,0.21172638436482083
0,0.0,1,0,1.0,0.7888165038002172,0.21118349619978283
0,0.0,1,0,1.0,0.7893593919652552,0.21064060803474483
0,0.0,1,0,1.0,0.7899022801302932,0.21009771986970682
0,0.0,1,0,1.0,0.7904451682953312,0.20955483170466882
0,0.0,1,0,1.0,0.7909880564603692,0.20901194353963082
0,0.0,1,0,1.0,0.7915309446254072,0.20846905537459282
0,0.0,1,0,1.0,0.7920738327904452,0.2079261672095548
0,0.0,1,0,1.0,0.7926167209554832,0.2073832790445168
0,0.0,1,0,1.0,0.7931596091205212,0.2068403908794788
0,0.0,1,0,1.0,0.7937024972855592,0.2062975027144408
0,0.0,1,0,1.0,0.7942453854505972,0.2057546145494028
0,0.0,1,0,1.0,0.7947882736156352,0.2052117263843648
0,0.0,1,0,1.0,0.7953311617806732,0.2046688382193268
0,0.0,1,0,1.0,0.7958740499457112,0.2041259500542888
0,0.0,1,0,1.0,0.7964169381107492,0.2035830618892508
0,0.0,1,0,1.0,0.7969598262757872,0.2030401737242128
0,0.0,1,0,1.0,0.7975027144408252,0.2024972855591748
0,0.0,1,0,1.0,0.7980456026058632,0.2019543973941368
0,0.0,1,0,1.0,0.7985884907709012,0.20141150922909878
0,0.0,1,0,1.0,0.7991313789359392,0.20086862106406078
0,0.0,1,0,1.0,0.7996742671009772,0.20032573289902278
0,0.0,1,0,1.0,0.8002171552660152,0.19978284473398478
0,0.0,1,0,1.0,0.8007600434310532,0.19923995656894677
0,0.0,1,0,1.0,0.8013029315960912,0.19869706840390877
0,0.0,1,0,1.0,0.8018458197611292,0.19815418023887077
0,0.0,1,0,1.0,0.8023887079261672,0.19761129207383277
0,0.0,1,0,1.0,0.8029315960912052,0.19706840390879476
0,0.0,1,0,1.0,0.8034744842562432,0.19652551574375676
0,0.0,1,0,1.0,0.8040173724212812,0.19598262757871876
0,0.0,1,0,1.0,0.8045602605863192,0.19543973941368076
0,0.0,1,0,1.0,0.8051031487513572,0.19489685124864276
0,0.0,1,0,1.0,0.8056460369163952,0.19435396308360475
0,0.0,1,0,1.0,0.8061889250814332,0.19381107491856675
0,0.0,1,0,1.0,0.8067318132464713,0.19326818675352875
0,0.0,1,0,1.0,0.8072747014115093,0.19272529858849075
0,0.0,1,0,1.0,0.8078175895765473,0.19218241042345274
0,0.0,1,0,1.0,0.8083604777415853,0.19163952225841474
0,0.0,1,0,1.0,0.8089033659066233,0.19109663409337674
0,0.0,1,0,1.0,0.8094462540716613,0.19055374592833874
0,0.0,1,0,1.0,0.8099891422366993,0.19001085776330073
0,0.0,1,0,1.0,0.8105320304017373,0.18946796959826273
0,0.0,1,0,1.0,0.8110749185667753,0.18892508143322473
0,0.0,1,0,1.0,0.8116178067318133,0.18838219326818673
0,0.0,1,0,1.0,0.8121606948968513,0.18783930510314872
0,0.0,1,0,1.0,0.8127035830618893,0.18729641693811072
0,0.0,1,0,1.0,0.8132464712269273,0.18675352877307272
0,0.0,1,0,1.0,0.8137893593919653,0.18621064060803472
0,0.0,1,0,1.0,0.8143322475570033,0.18566775244299671
0,0.0,1,0,1.0,0.8148751357220413,0.1851248642779587
0,0.0,1,0,1.0,0.8154180238870793,0.1845819761129207
0,0.0,1,0,1.0,0.8159609120521173,0.1840390879478827
0,0.0,1,0,1.0,0.8165038002171553,0.1834961997828447
0,0.0,1,0,1.0,0.8170466883821933,0.1829533116178067
0,0.0,1,0,1.0,0.8175895765472313,0.1824104234527687
0,0.0,1,0,1.0,0.8181324647122693,0.1818675352877307
0,0.0,1,0,1.0,0.8186753528773073,0.1813246471226927
0,0.0,1,0,1.0,0.8192182410423453,0.1807817589576547
0,0.0,1,0,1.0,0.8197611292073833,0.1802388707926167
0,0.0,1,0,1.0,0.8203040173724213,0.1796959826275787
0,0.0,1,0,1.0,0.8208469055374593,0.17915309446254069
0,0.0,1,0,1.0,0.8213897937024973,0.17861020629750268
0,0.0,1,0,1.0,0.8219326818675353,0.17806731813246468
0,0.0,1,0,1.0,0.8224755700325733,0.17752442996742668
0,0.0,1,0,1.0,0.8230184581976113,0.17698154180238868
0,0.0,1,0,1.0,0.8235613463626493,0.17643865363735067
0,0.0,1,0,1.0,0.8241042345276873,0.17589576547231267
0,0.0,1,0,1.0,0.8246471226927253,0.17535287730727467
0,0.0,1,0,1.0,0.8251900108577633,0.17480998914223667
0,0.0,1,0,1.0,0.8257328990228013,0.17426710097719866
0,0.0,1,0,1.0,0.8262757871878393,0.17372421281216066
0,0.0,1,0,1.0,0.8268186753528773,0.17318132464712266
0,0.0,1,0,1.0,0.8273615635179153,0.17263843648208466
0,0.0,1,0,1.0,0.8279044516829533,0.17209554831704665
0,0.0,1,0,1.0,0.8284473398479913,0.17155266015200865
0,0.0,1,0,1.0,0.8289902280130294,0.17100977198697065
0,0.0,1,0,1.0,0.8295331161780674,0.17046688382193265
0,0.0,1,0,1.0,0.8300760043431054,0.16992399565689464
0,0.0,1,0,1.0,0.8306188925081434,0.16938110749185664
0,0.0,1,0,1.0,0.8311617806731814,0.16883821932681864
0,0.0,1,0,1.0,0.8317046688382194,0.16829533116178064
0,0.0,1,0,1.0,0.8322475570032574,0.16775244299674263
0,0.0,1,0,1.0,0.8327904451682954,0.16720955483170463
0,0.0,1,0,1.0,0.8333333333333334,0.16666666666666663
0,0.0,1,0,1.0,0.8338762214983714,0.16612377850162863
0,0.0,1,0,1.0,0.8344191096634094,0.16558089033659062
0,0.0,1,0,1.0,0.8349619978284474,0.16503800217155262
0,0.0,1,0,1.0,0.8355048859934854,0.16449511400651462
0,0.0,1,0,1.0,0.8360477741585234,0.16395222584147662
0,0.0,1,0,1.0,0.8365906623235614,0.16340933767643862
0,0.0,1,0,1.0,0.8371335504885994,0.1628664495114006
0,0.0,1,0,1.0,0.8376764386536374,0.1623235613463626
0,0.0,1,0,1.0,0.8382193268186754,0.1617806731813246
0,0.0,1,0,1.0,0.8387622149837134,0.1612377850162866
0,0.0,1,0,1.0,0.8393051031487514,0.1606948968512486
0,0.0,1,0,1.0,0.8398479913137894,0.1601520086862106
0,0.0,1,0,1.0,0.8403908794788274,0.1596091205211726
0,0.0,1,0,1.0,0.8409337676438654,0.1590662323561346
0,0.0,1,0,1.0,0.8414766558089034,0.1585233441910966
0,0.0,1,0,1.0,0.8420195439739414,0.1579804560260586
0,0.0,1,0,1.0,0.8425624321389794,0.1574375678610206
0,0.0,1,0,1.0,0.8431053203040174,0.1568946796959826
0,0.0,1,0,1.0,0.8436482084690554,0.15635179153094458
0,0.0,1,0,1.0,0.8441910966340934,0.15580890336590658
0,0.0,1,0,1.0,0.8447339847991314,0.15526601520086858
0,0.0,1,0,1.0,0.8452768729641694,0.15472312703583058
0,0.0,1,0,1.0,0.8458197611292074,0.15418023887079257
0,0.0,1,0,1.0,0.8463626492942454,0.15363735070575457
0,0.0,1,0,1.0,0.8469055374592834,0.15309446254071657
0,0.0,1,0,1.0,0.8474484256243214,0.15255157437567857
0,0.0,1,0,1.0,0.8479913137893594,0.15200868621064056
0,0.0,1,0,1.0,0.8485342019543974,0.15146579804560256
0,0.0,1,0,1.0,0.8490770901194354,0.15092290988056456
0,0.0,1,0,1.0,0.8496199782844734,0.15038002171552656
0,0.0,1,0,1.0,0.8501628664495114,0.14983713355048855
0,0.0,1,0,1.0,0.8507057546145494,0.14929424538545055
0,0.0,1,0,1.0,0.8512486427795874,0.14875135722041255
0,0.0,1,0,1.0,0.8517915309446255,0.14820846905537455
0,0.0,1,0,1.0,0.8523344191096635,0.14766558089033655
0,0.0,1,0,1.0,0.8528773072747015,0.14712269272529854
0,0.0,1,0,1.0,0.8534201954397395,0.14657980456026054
0,0.0,1,0,1.0,0.8539630836047775,0.14603691639522254
0,0.0,1,0,1.0,0.8545059717698155,0.14549402823018454
0,0.0,1,0,1.0,0.8550488599348535,0.14495114006514653
0,0.0,1,0,1.0,0.8555917480998915,0.14440825190010853
0,0.0,1,0,1.0,0.8561346362649295,0.14386536373507053
0,0.0,1,0,1.0,0.8566775244299675,0.14332247557003253
0,0.0,1,0,1.0,0.8572204125950055,0.14277958740499452
0,0.0,1,0,1.0,0.8577633007600435,0.14223669923995652
0,0.0,1,0,1.0,0.8583061889250815,0.14169381107491852
0,0.0,1,0,1.0,0.8588490770901195,0.14115092290988052
0,0.0,1,0,1.0,0.8593919652551575,0.1406080347448425
0,0.0,1,0,1.0,0.8599348534201955,0.1400651465798045
0,0.0,1,0,1.0,0.8604777415852335,0.1395222584147665
0,0.0,1,0,1.0,0.8610206297502715,0.1389793702497285
0,0.0,1,0,1.0,0.8615635179153095,0.1384364820846905
0,0.0,1,0,1.0,0.8621064060803475,0.1378935939196525
0,0.0,1,0,1.0,0.8626492942453855,0.1373507057546145
0,0.0,1,0,1.0,0.8631921824104235,0.1368078175895765
0,0.0,1,0,1.0,0.8637350705754615,0.1362649294245385
0,0.0,1,0,1.0,0.8642779587404995,0.1357220412595005
0,0.0,1,0,1.0,0.8648208469055375,0.1351791530944625
0,0.0,1,0,1.0,0.8653637350705755,0.1346362649294245
0,0.0,1,0,1.0,0.8659066232356135,0.13409337676438648
0,0.0,1,0,1.0,0.8664495114006515,0.13355048859934848
0,0.0,1,0,1.0,0.8669923995656895,0.13300760043431048
0,0.0,1,0,1.0,0.8675352877307275,0.13246471226927248
0,0.0,1,0,1.0,0.8680781758957655,0.13192182410423448
0,0.0,1,0,1.0,0.8686210640608035,0.13137893593919647
0,0.0,1,0,1.0,0.8691639522258415,0.13083604777415847
0,0.0,1,0,1.0,0.8697068403908795,0.13029315960912047
0,0.0,1,0,1.0,0.8702497285559175,0.12975027144408247
0,0.0,1,0,1.0,0.8707926167209555,0.12920738327904446
0,0.0,1,0,1.0,0.8713355048859935,0.12866449511400646
0,0.0,1,0,1.0,0.8718783930510315,0.12812160694896846
0,0.0,1,0,1.0,0.8724212812160695,0.12757871878393046
0,0.0,1,0,1.0,0.8729641693811075,0.12703583061889245
0,0.0,1,0,1.0,0.8735070575461455,0.12649294245385445
0,0.0,1,0,1.0,0.8740499457111836,0.12595005428881645
0,0.0,1,0,1.0,0.8745928338762216,0.12540716612377845
0,0.0,1,0,1.0,0.8751357220412594,0.12486427795874055
0,0.0,1,0,1.0,0.8756786102062974,0.12432138979370255
0,0.0,1,0,1.0,0.8762214983713354,0.12377850162866455
0,0.0,1,0,1.0,0.8767643865363735,0.12323561346362655
0,0.0,1,0,1.0,0.8773072747014115,0.12269272529858855
0,0.0,1,0,1.0,0.8778501628664495,0.12214983713355054
0,0.0,1,0,1.0,0.8783930510314875,0.12160694896851254
0,0.0,1,0,1.0,0.8789359391965255,0.12106406080347454
0,0.0,1,0,1.0,0.8794788273615635,0.12052117263843654
0,0.0,1,0,1.0,0.8800217155266015,0.11997828447339853
0,0.0,1,0,1.0,0.8805646036916395,0.11943539630836053
0,0.0,1,0,1.0,0.8811074918566775,0.11889250814332253
0,0.0,1,0,1.0,0.8816503800217155,0.11834961997828453
0,0.0,1,0,1.0,0.8821932681867535,0.11780673181324652
0,0.0,1,0,1.0,0.8827361563517915,0.11726384364820852
0,0.0,1,0,1.0,0.8832790445168295,0.11672095548317052
0,0.0,1,0,1.0,0.8838219326818675,0.11617806731813252
0,0.0,1,0,1.0,0.8843648208469055,0.11563517915309451
0,0.0,1,0,1.0,0.8849077090119435,0.11509229098805651
0,0.0,1,0,1.0,0.8854505971769815,0.11454940282301851
0,0.0,1,0,1.0,0.8859934853420195,0.1140065146579805
0,0.0,1,0,1.0,0.8865363735070575,0.1134636264929425
0,0.0,1,0,1.0,0.8870792616720955,0.1129207383279045
0,0.0,1,0,1.0,0.8876221498371335,0.1123778501628665
0,0.0,1,0,1.0,0.8881650380021715,0.1118349619978285
0,0.0,1,0,1.0,0.8887079261672095,0.1112920738327905
0,0.0,1,0,1.0,0.8892508143322475,0.11074918566775249
0,0.0,1,0,1.0,0.8897937024972855,0.11020629750271449
0,0.0,1,0,1.0,0.8903365906623235,0.10966340933767649
0,0.0,1,0,1.0,0.8908794788273615,0.10912052117263848
0,0.0,1,0,1.0,0.8914223669923995,0.10857763300760048
0,0.0,1,0,1.0,0.8919652551574375,0.10803474484256248
0,0.0,1,0,1.0,0.8925081433224755,0.10749185667752448
0,0.0,1,0,1.0,0.8930510314875135,0.10694896851248648
0,0.0,1,0,1.0,0.8935939196525515,0.10640608034744847
0,0.0,1,0,1.0,0.8941368078175895,0.10586319218241047
0,0.0,1,0,1.0,0.8946796959826275,0.10532030401737247
0,0.0,1,0,1.0,0.8952225841476655,0.10477741585233447
0,0.0,1,0,1.0,0.8957654723127035,0.10423452768729646
0,0.0,1,0,1.0,0.8963083604777415,0.10369163952225846
0,0.0,1,0,1.0,0.8968512486427795,0.10314875135722046
0,0.0,1,0,1.0,0.8973941368078175,0.10260586319218246
0,0.0,1,0,1.0,0.8979370249728555,0.10206297502714445
0,0.0,1,0,1.0,0.8984799131378935,0.10152008686210645
0,0.0,1,0,1.0,0.8990228013029316,0.10097719869706845
0,0.0,1,0,1.0,0.8995656894679696,0.10043431053203045
0,0.0,1,0,1.0,0.9001085776330076,0.09989142236699244
0,0.0,1,0,1.0,0.9006514657980456,0.09934853420195444
0,0.0,1,0,1.0,0.9011943539630836,0.09880564603691644
0,0.0,1,0,1.0,0.9017372421281216,0.09826275787187844
0,0.0,1,0,1.0,0.9022801302931596,0.09771986970684043
0,0.0,1,0,1.0,0.9028230184581976,0.09717698154180243
0,0.0,1,0,1.0,0.9033659066232356,0.09663409337676443
0,0.0,1,0,1.0,0.9039087947882736,0.09609120521172643
0,0.0,1,0,1.0,0.9044516829533116,0.09554831704668842
0,0.0,1,0,1.0,0.9049945711183496,0.09500542888165042
0,0.0,1,0,1.0,0.9055374592833876,0.09446254071661242
0,0.0,1,0,1.0,0.9060803474484256,0.09391965255157442
0,0.0,1,0,1.0,0.9066232356134636,0.09337676438653641
0,0.0,1,0,1.0,0.9071661237785016,0.09283387622149841
0,0.0,1,0,1.0,0.9077090119435396,0.09229098805646041
0,0.0,1,0,1.0,0.9082519001085776,0.09174809989142241
0,0.0,1,0,1.0,0.9087947882736156,0.0912052117263844
0,0.0,1,0,1.0,0.9093376764386536,0.0906623235613464
0,0.0,1,0,1.0,0.9098805646036916,0.0901194353963084
0,0.0,1,0,1.0,0.9104234527687296,0.0895765472312704
0,0.0,1,0,1.0,0.9109663409337676,0.0890336590662324
0,0.0,1,0,1.0,0.9115092290988056,0.0884907709011944
0,0.0,1,0,1.0,0.9120521172638436,0.08794788273615639
0,0.0,1,0,1.0,0.9125950054288816,0.08740499457111839
0,0.0,1,0,1.0,0.9131378935939196,0.08686210640608039
0,0.0,1,0,1.0,0.9136807817589576,0.08631921824104238
0,0.0,1,0,1.0,0.9142236699239956,0.08577633007600438
0,0.0,1,0,1.0,0.9147665580890336,0.08523344191096638
0,0.0,1,0,1.0,0.9153094462540716,0.08469055374592838
0,0.0,1,0,1.0,0.9158523344191096,0.08414766558089037
0,0.0,1,0,1.0,0.9163952225841476,0.08360477741585237
0,0.0,1,0,1.0,0.9169381107491856,0.08306188925081437
0,0.0,1,0,1.0,0.9174809989142236,0.08251900108577637
0,0.0,1,0,1.0,0.9180238870792616,0.08197611292073836
0,0.0,1,0,1.0,0.9185667752442996,0.08143322475570036
0,0.0,1,0,1.0,0.9191096634093376,0.08089033659066236
0,0.0,1,0,1.0,0.9196525515743756,0.08034744842562436
0,0.0,1,0,1.0,0.9201954397394136,0.07980456026058635
0,0.0,1,0,1.0,0.9207383279044516,0.07926167209554835
0,0.0,1,0,1.0,0.9212812160694897,0.07871878393051035
0,0.0,1,0,1.0,0.9218241042345277,0.07817589576547235
0,0.0,1,0,1.0,0.9223669923995657,0.07763300760043435
0,0.0,1,0,1.0,0.9229098805646037,0.07709011943539634
0,0.0,1,0,1.0,0.9234527687296417,0.07654723127035834
0,0.0,1,0,1.0,0.9239956568946797,0.07600434310532034
0,0.0,1,0,1.0,0.9245385450597177,0.07546145494028234
0,0.0,1,0,1.0,0.9250814332247557,0.07491856677524433
0,0.0,1,0,1.0,0.9256243213897937,0.07437567861020633
0,0.0,1,0,1.0,0.9261672095548317,0.07383279044516833
0,0.0,1,0,1.0,0.9267100977198697,0.07328990228013033
0,0.0,1,0,1.0,0.9272529858849077,0.07274701411509232
0,0.0,1,0,1.0,0.9277958740499457,0.07220412595005432
0,0.0,1,0,1.0,0.9283387622149837,0.07166123778501632
0,0.0,1,0,1.0,0.9288816503800217,0.07111834961997832
0,0.0,1,0,1.0,0.9294245385450597,0.07057546145494031
0,0.0,1,0,1.0,0.9299674267100977,0.07003257328990231
0,0.0,1,0,1.0,0.9305103148751357,0.06948968512486431
0,0.0,1,0,1.0,0.9310532030401737,0.0689467969598263
0,0.0,1,0,1.0,0.9315960912052117,0.0684039087947883
0,0.0,1,0,1.0,0.9321389793702497,0.0678610206297503
0,0.0,1,0,1.0,0.9326818675352877,0.0673181324647123
0,0.0,1,0,1.0,0.9332247557003257,0.0667752442996743
0,0.0,1,0,1.0,0.9337676438653637,0.0662323561346363
0,0.0,1,0,1.0,0.9343105320304017,0.06568946796959829
0,0.0,1,0,1.0,0.9348534201954397,0.06514657980456029
0,0.0,1,0,1.0,0.9353963083604777,0.06460369163952229
0,0.0,1,0,1.0,0.9359391965255157,0.06406080347448428
0,0.0,1,0,1.0,0.9364820846905537,0.06351791530944628
0,0.0,1,0,1.0,0.9370249728555917,0.06297502714440828
0,0.0,1,0,1.0,0.9375678610206297,0.06243213897937028
0,0.0,1,0,1.0,0.9381107491856677,0.061889250814332275
0,0.0,1,0,1.0,0.9386536373507057,0.06134636264929427
0,0.0,1,0,1.0,0.9391965255157437,0.06080347448425627
0,0.0,1,0,1.0,0.9397394136807817,0.06026058631921827
0,0.0,1,0,1.0,0.9402823018458197,0.059717698154180265
0,0.0,1,0,1.0,0.9408251900108577,0.05917480998914226
0,0.0,1,0,1.0,0.9413680781758957,0.05863192182410426
0,0.0,1,0,1.0,0.9419109663409337,0.05808903365906626
0,0.0,1,0,1.0,0.9424538545059717,0.057546145494028256
0,0.0,1,0,1.0,0.9429967426710097,0.05700325732899025
0,0.0,1,0,1.0,0.9435396308360477,0.05646036916395225
0,0.0,1,0,1.0,0.9440825190010858,0.05591748099891425
0,0.0,1,0,1.0,0.9446254071661238,0.055374592833876246
0,0.0,1,0,1.0,0.9451682953311618,0.054831704668838244
0,0.0,1,0,1.0,0.9457111834961998,0.05428881650380024
0,0.0,1,0,1.0,0.9462540716612378,0.05374592833876224
0,0.0,1,0,1.0,0.9467969598262758,0.053203040173724236
0,0.0,1,0,1.0,0.9473398479913138,0.052660152008686234
0,0.0,1,0,1.0,0.9478827361563518,0.05211726384364823
0,0.0,1,0,1.0,0.9484256243213898,0.05157437567861023
0,0.0,1,0,1.0,0.9489685124864278,0.05103148751357223
0,0.0,1,0,1.0,0.9495114006514658,0.050488599348534224
0,0.0,1,0,1.0,0.9500542888165038,0.04994571118349622
0,0.0,1,0,1.0,0.9505971769815418,0.04940282301845822
0,0.0,1,0,1.0,0.9511400651465798,0.04885993485342022
0,0.0,1,0,1.0,0.9516829533116178,0.048317046688382215
0,0.0,1,0,1.0,0.9522258414766558,0.04777415852334421
0,0.0,1,0,1.0,0.9527687296416938,0.04723127035830621
0,0.0,1,0,1.0,0.9533116178067318,0.04668838219326821
0,0.0,1,0,1.0,0.9538545059717698,0.046145494028230205
0,0.0,1,0,1.0,0.9543973941368078,0.0456026058631922
0,0.0,1,0,1.0,0.9549402823018458,0.0450597176981542
0,0.0,1,0,1.0,0.9554831704668838,0.0445168295331162
0,0.0,1,0,1.0,0.9560260586319218,0.043973941368078195
0,0.0,1,0,1.0,0.9565689467969598,0.04343105320304019
0,0.0,1,0,1.0,0.9571118349619978,0.04288816503800219
0,0.0,1,0,1.0,0.9576547231270358,0.04234527687296419
0,0.0,1,0,1.0,0.9581976112920738,0.041802388707926186
0,0.0,1,0,1.0,0.9587404994571118,0.04125950054288818
0,0.0,1,0,1.0,0.9592833876221498,0.04071661237785018
0,0.0,1,0,1.0,0.9598262757871878,0.04017372421281218
0,0.0,1,0,1.0,0.9603691639522258,0.039630836047774176
0,0.0,1,0,1.0,0.9609120521172638,0.039087947882736174
0,0.0,1,0,1.0,0.9614549402823018,0.03854505971769817
0,0.0,1,0,1.0,0.9619978284473398,0.03800217155266017
0,0.0,1,0,1.0,0.9625407166123778,0.037459283387622166
0,0.0,1,0,1.0,0.9630836047774158,0.036916395222584164
0,0.0,1,0,1.0,0.9636264929424538,0.03637350705754616
0,0.0,1,0,1.0,0.9641693811074918,0.03583061889250816
0,0.0,1,0,1.0,0.9647122692725298,0.03528773072747016
0,0.0,1,0,1.0,0.9652551574375678,0.034744842562432154
0,0.0,1,0,1.0,0.9657980456026058,0.03420195439739415
0,0.0,1,0,1.0,0.9663409337676439,0.03365906623235615
0,0.0,1,0,1.0,0.9668838219326819,0.03311617806731815
0,0.0,1,0,1.0,0.9674267100977199,0.032573289902280145
0,0.0,1,0,1.0,0.9679695982627579,0.03203040173724214
0,0.0,1,0,1.0,0.9685124864277959,0.03148751357220414
0,0.0,1,0,1.0,0.9690553745928339,0.030944625407166138
0,0.0,1,0,1.0,0.9695982627578719,0.030401737242128135
0,0.0,1,0,1.0,0.9701411509229099,0.029858849077090133
0,0.0,1,0,1.0,0.9706840390879479,0.02931596091205213
0,0.0,1,0,1.0,0.9712269272529859,0.028773072747014128
0,0.0,1,0,1.0,0.9717698154180239,0.028230184581976125
0,0.0,1,0,1.0,0.9723127035830619,0.027687296416938123
0,0.0,1,0,1.0,0.9728555917480999,0.02714440825190012
0,0.0,1,0,1.0,0.9733984799131379,0.026601520086862118
0,0.0,1,0,1.0,0.9739413680781759,0.026058631921824116
0,0.0,1,0,1.0,0.9744842562432139,0.025515743756786113
0,0.0,1,0,1.0,0.9750271444082519,0.02497285559174811
0,0.0,1,0,1.0,0.9755700325732899,0.02442996742671011
0,0.0,1,0,1.0,0.9761129207383279,0.023887079261672106
0,0.0,1,0,1.0,0.9766558089033659,0.023344191096634104
0,0.0,1,0,1.0,0.9771986970684039,0.0228013029315961
0,0.0,1,0,1.0,0.9777415852334419,0.0222584147665581
0,0.0,1,0,1.0,0.9782844733984799,0.021715526601520097
0,0.0,1,0,1.0,0.9788273615635179,0.021172638436482094
0,0.0,1,0,1.0,0.9793702497285559,0.02062975027144409
0,0.0,1,0,1.0,0.9799131378935939,0.02008686210640609
0,0.0,1,0,1.0,0.9804560260586319,0.019543973941368087
0,0.0,1,0,1.0,0.9809989142236699,0.019001085776330084
0,0.0,1,0,1.0,0.9815418023887079,0.018458197611292082
0,0.0,1,0,1.0,0.9820846905537459,0.01791530944625408
0,0.0,1,0,1.0,0.9826275787187839,0.017372421281216077
0,0.0,1,0,1.0,0.9831704668838219,0.016829533116178075
0,0.0,1,0,1.0,0.9837133550488599,0.016286644951140072
0,0.0,1,0,1.0,0.9842562432138979,0.01574375678610207
0,0.0,1,0,1.0,0.9847991313789359,0.015200868621064068
0,0.0,1,0,1.0,0.9853420195439739,0.014657980456026065
0,0.0,1,0,1.0,0.9858849077090119,0.014115092290988063
0,0.0,1,0,1.0,0.9864277958740499,0.01357220412595006
0,0.0,1,0,1.0,0.9869706840390879,0.013029315960912058
0,0.0,1,0,1.0,0.987513572204126,0.012486427795874055
0,0.0,1,0,1.0,0.988056460369164,0.011943539630836053
0,0.0,1,0,1.0,0.988599348534202,0.01140065146579805
0,0.0,1,0,1.0,0.98914223669924,0.010857763300760048
0,0.0,1,0,1.0,0.989685124864278,0.010314875135722046
0,0.0,1,0,1.0,0.990228013029316,0.009771986970684043
0,0.0,1,0,1.0,0.990770901194354,0.009229098805646041
0,0.0,1,0,1.0,0.991313789359392,0.008686210640608039
0,0.0,1,0,1.0,0.99185667752443,0.008143322475570036
0,0.0,1,0,1.0,0.992399565689468,0.007600434310532034
0,0.0,1,0,1.0,0.992942453854506,0.007057546145494031
0,0.0,1,0,1.0,0.993485342019544,0.006514657980456029
0,0.0,1,0,1.0,0.994028230184582,0.0059717698154180265
0,0.0,1,0,1.0,0.99457111834962,0.005428881650380024
0,0.0,1,0,1.0,0.995114006514658,0.004885993485342022
0,0.0,1,0,1.0,0.995656894679696,0.004343105320304019
0,0.0,1,0,1.0,0.996199782844734,0.003800217155266017
0,0.0,1,0,1.0,0.996742671009772,0.0032573289902280145
0,0.0,1,0,1.0,0.99728555917481,0.002714440825190012
0,0.0,1,0,1.0,0.997828447339848,0.0021715526601520097
0,0.0,1,0,1.0,0.998371335504886,0.0016286644951140072
0,0.0,1,0,1.0,0.998914223669924,0.0010857763300760048
0,0.0,1,0,1.0,0.999457111834962,0.0005428881650380024
0,0.0,1,0,1.0,1.0,0.0
