CustomerID,Cluster,Segment,Customer Profit,Segment Churn Rate,Segment Discount Rate,Constructed CLV,Predicted CLV,Residual
17795,6,Declining Frequent Buyers,924.5636,0.0,0.01,93380.9236,93380.92359999965,3.4924596548080444e-10
13016,6,Declining Frequent Buyers,924.5636,0.0,0.01,93380.9236,93380.92359999965,3.4924596548080444e-10
29159,6,Declining Frequent Buyers,924.5636,0.0,0.01,93380.9236,93380.92359999965,3.4924596548080444e-10
28659,6,Declining Frequent Buyers,924.5636,0.0,0.01,93380.9236,93380.92359999965,3.4924596548080444e-10
28663,6,Declining Frequent Buyers,924.5636,0.0,0.01,93380.9236,93380.92359999965,3.4924596548080444e-10
26040,6,Declining Frequent Buyers,924.5636,0.0,0.01,93380.9236,93380.92359999965,3.4924596548080444e-10
25981,6,Declining Frequent Buyers,924.5636,0.0,0.01,93380.9236,93380.92359999965,3.4924596548080444e-10
25995,6,Declining Frequent Buyers,924.5636,0.0,0.01,93380.9236,93380.92359999965,3.4924596548080444e-10
26013,6,Declining Frequent Buyers,924.5636,0.0,0.01,93380.9236,93380.92359999965,3.4924596548080444e-10
17184,6,Declining Frequent Buyers,924.5636,0.0,0.01,93380.9236,93380.92359999965,3.4924596548080444e-10
29281,6,Declining Frequent Buyers,924.5636,0.0,0.01,93380.9236,93380.92359999965,3.4924596548080444e-10
17214,6,Declining Frequent Buyers,924.5636,0.0,0.01,93380.9236,93380.92359999965,3.4924596548080444e-10
25393,6,Declining Frequent Buyers,924.5636,0.0,0.01,93380.9236,93380.92359999965,3.4924596548080444e-10
25363,6,Declining Frequent Buyers,924.5636,0.0,0.01,93380.9236,93380.92359999965,3.4924596548080444e-10
25361,6,Declining Frequent Buyers,924.5636,0.0,0.01,93380.9236,93380.92359999965,3.4924596548080444e-10
25287,6,Declining Frequent Buyers,924.5636,0.0,0.01,93380.9236,93380.92359999965,3.4924596548080444e-10
25061,6,Declining Frequent Buyers,924.5636,0.0,0.01,93380.9236,93380.92359999965,3.4924596548080444e-10
25048,6,Declining Frequent Buyers,924.5636,0.0,0.01,93380.9236,93380.92359999965,3.4924596548080444e-10
25104,6,Declining Frequent Buyers,924.5636,0.0,0.01,93380.9236,93380.92359999965,3.4924596548080444e-10
25100,6,Declining Frequent Buyers,924.5636,0.0,0.01,93380.9236,93380.92359999965,3.4924596548080444e-10
25095,6,Declining Frequent Buyers,924.5636,0.0,0.01,93380.9236,93380.92359999965,3.4924596548080444e-10
25094,6,Declining Frequent Buyers,924.5636,0.0,0.01,93380.9236,93380.92359999965,3.4924596548080444e-10
25892,6,Declining Frequent Buyers,924.5636,0.0,0.01,93380.9236,93380.92359999965,3.4924596548080444e-10
25883,6,Declining Frequent Buyers,924.5636,0.0,0.01,93380.9236,93380.92359999965,3.4924596548080444e-10
25875,6,Declining Frequent Buyers,924.5636,0.0,0.01,93380.9236,93380.92359999965,3.4924596548080444e-10
25864,6,Declining Frequent Buyers,924.5636,0.0,0.01,93380.9236,93380.92359999965,3.4924596548080444e-10
15116,6,Declining Frequent Buyers,924.5636,0.0,0.01,93380.9236,93380.92359999965,3.4924596548080444e-10
15095,6,Declining Frequent Buyers,924.5636,0.0,0.01,93380.9236,93380.92359999965,3.4924596548080444e-10
15093,6,Declining Frequent Buyers,924.5636,0.0,0.01,93380.9236,93380.92359999965,3.4924596548080444e-10
15085,6,Declining Frequent Buyers,924.5636,0.0,0.01,93380.9236,93380.92359999965,3.4924596548080444e-10
15064,6,Declining Frequent Buyers,924.5636,0.0,0.01,93380.9236,93380.92359999965,3.4924596548080444e-10
29149,6,Declining Frequent Buyers,924.5636,0.0,0.01,93380.9236,93380.92359999965,3.4924596548080444e-10
28798,6,Declining Frequent Buyers,924.5636,0.0,0.01,93380.9236,93380.92359999965,3.4924596548080444e-10
28802,6,Declining Frequent Buyers,924.5636,0.0,0.01,93380.9236,93380.92359999965,3.4924596548080444e-10
16549,6,Declining Frequent Buyers,924.5636,0.0,0.01,93380.9236,93380.92359999965,3.4924596548080444e-10
21191,6,Declining Frequent Buyers,924.5636,0.0,0.01,93380.9236,93380.92359999965,3.4924596548080444e-10
21189,6,Declining Frequent Buyers,924.5636,0.0,0.01,93380.9236,93380.92359999965,3.4924596548080444e-10
21179,6,Declining Frequent Buyers,924.5636,0.0,0.01,93380.9236,93380.92359999965,3.4924596548080444e-10
21205,6,Declining Frequent Buyers,924.5636,0.0,0.01,93380.9236,93380.92359999965,3.4924596548080444e-10
21211,6,Declining Frequent Buyers,924.5636,0.0,0.01,93380.9236,93380.92359999965,3.4924596548080444e-10
21257,6,Declining Frequent Buyers,924.5636,0.0,0.01,93380.9236,93380.92359999965,3.4924596548080444e-10
21230,6,Declining Frequent Buyers,924.5636,0.0,0.01,93380.9236,93380.92359999965,3.4924596548080444e-10
21229,6,Declining Frequent Buyers,924.5636,0.0,0.01,93380.9236,93380.92359999965,3.4924596548080444e-10
21216,6,Declining Frequent Buyers,924.5636,0.0,0.01,93380.9236,93380.92359999965,3.4924596548080444e-10
21166,6,Declining Frequent Buyers,924.5636,0.0,0.01,93380.9236,93380.92359999965,3.4924596548080444e-10
16589,6,Declining Frequent Buyers,924.5636,0.0,0.01,93380.9236,93380.92359999965,3.4924596548080444e-10
16594,6,Declining Frequent Buyers,924.5636,0.0,0.01,93380.9236,93380.92359999965,3.4924596548080444e-10
16531,6,Declining Frequent Buyers,924.5636,0.0,0.01,93380.9236,93380.92359999965,3.4924596548080444e-10
16552,6,Declining Frequent Buyers,924.5636,0.0,0.01,93380.9236,93380.92359999965,3.4924596548080444e-10
28766,6,Declining Frequent Buyers,924.5636,0.0,0.01,93380.9236,93380.92359999965,3.4924596548080444e-10
17183,6,Declining Frequent Buyers,924.5636,0.0,0.01,93380.9236,93380.92359999965,3.4924596548080444e-10
17790,6,Declining Frequent Buyers,924.5636,0.0,0.01,93380.9236,93380.92359999965,3.4924596548080444e-10
17792,6,Declining Frequent Buyers,924.5636,0.0,0.01,93380.9236,93380.92359999965,3.4924596548080444e-10
17753,6,Declining Frequent Buyers,924.5636,0.0,0.01,93380.9236,93380.92359999965,3.4924596548080444e-10
17793,6,Declining Frequent Buyers,924.5636,0.0,0.01,93380.9236,93380.92359999965,3.4924596548080444e-10
17889,6,Declining Frequent Buyers,924.5636,0.0,0.01,93380.9236,93380.92359999965,3.4924596548080444e-10
17798,6,Declining Frequent Buyers,924.5636,0.0,0.01,93380.9236,93380.92359999965,3.4924596548080444e-10
17813,6,Declining Frequent Buyers,924.5636,0.0,0.01,93380.9236,93380.92359999965,3.4924596548080444e-10
17815,6,Declining Frequent Buyers,924.5636,0.0,0.01,93380.9236,93380.92359999965,3.4924596548080444e-10
17828,6,Declining Frequent Buyers,924.5636,0.0,0.01,93380.9236,93380.92359999965,3.4924596548080444e-10
28836,6,Declining Frequent Buyers,924.5636,0.0,0.01,93380.9236,93380.92359999965,3.4924596548080444e-10
28834,6,Declining Frequent Buyers,924.5636,0.0,0.01,93380.9236,93380.92359999965,3.4924596548080444e-10
28850,6,Declining Frequent Buyers,924.5636,0.0,0.01,93380.9236,93380.92359999965,3.4924596548080444e-10
15357,6,Declining Frequent Buyers,924.5636,0.0,0.01,93380.9236,93380.92359999965,3.4924596548080444e-10
14539,6,Declining Frequent Buyers,924.5636,0.0,0.01,93380.9236,93380.92359999965,3.4924596548080444e-10
14944,6,Declining Frequent Buyers,924.5636,0.0,0.01,93380.9236,93380.92359999965,3.4924596548080444e-10
13086,6,Declining Frequent Buyers,924.5636,0.0,0.01,93380.9236,93380.92359999965,3.4924596548080444e-10
13424,6,Declining Frequent Buyers,924.5636,0.0,0.01,93380.9236,93380.92359999965,3.4924596548080444e-10
13420,6,Declining Frequent Buyers,924.5636,0.0,0.01,93380.9236,93380.92359999965,3.4924596548080444e-10
14791,6,Declining Frequent Buyers,924.5636,0.0,0.01,93380.9236,93380.92359999965,3.4924596548080444e-10
15932,6,Declining Frequent Buyers,924.5636,0.0,0.01,93380.9236,93380.92359999965,3.4924596548080444e-10
13067,6,Declining Frequent Buyers,924.5636,0.0,0.01,93380.9236,93380.92359999965,3.4924596548080444e-10
13066,6,Declining Frequent Buyers,924.5636,0.0,0.01,93380.9236,93380.92359999965,3.4924596548080444e-10
13063,6,Declining Frequent Buyers,924.5636,0.0,0.01,93380.9236,93380.92359999965,3.4924596548080444e-10
13057,6,Declining Frequent Buyers,924.5636,0.0,0.01,93380.9236,93380.92359999965,3.4924596548080444e-10
13056,6,Declining Frequent Buyers,924.5636,0.0,0.01,93380.9236,93380.92359999965,3.4924596548080444e-10
13039,6,Declining Frequent Buyers,924.5636,0.0,0.01,93380.9236,93380.92359999965,3.4924596548080444e-10
13093,6,Declining Frequent Buyers,924.5636,0.0,0.01,93380.9236,93380.92359999965,3.4924596548080444e-10
13088,6,Declining Frequent Buyers,924.5636,0.0,0.01,93380.9236,93380.92359999965,3.4924596548080444e-10
13087,6,Declining Frequent Buyers,924.5636,0.0,0.01,93380.9236,93380.92359999965,3.4924596548080444e-10
13085,6,Declining Frequent Buyers,924.5636,0.0,0.01,93380.9236,93380.92359999965,3.4924596548080444e-10
13435,6,Declining Frequent Buyers,924.5636,0.0,0.01,93380.9236,93380.92359999965,3.4924596548080444e-10
16329,6,Declining Frequent Buyers,924.5636,0.0,0.01,93380.9236,93380.92359999965,3.4924596548080444e-10
16324,6,Declining Frequent Buyers,924.5636,0.0,0.01,93380.9236,93380.92359999965,3.4924596548080444e-10
13032,6,Declining Frequent Buyers,924.5636,0.0,0.01,93380.9236,93380.92359999965,3.4924596548080444e-10
12981,6,Declining Frequent Buyers,924.5636,0.0,0.01,93380.9236,93380.92359999965,3.4924596548080444e-10
12950,6,Declining Frequent Buyers,924.5636,0.0,0.01,93380.9236,93380.92359999965,3.4924596548080444e-10
12941,6,Declining Frequent Buyers,924.5636,0.0,0.01,93380.9236,93380.92359999965,3.4924596548080444e-10
12935,6,Declining Frequent Buyers,924.5636,0.0,0.01,93380.9236,93380.92359999965,3.4924596548080444e-10
16305,6,Declining Frequent Buyers,924.5636,0.0,0.01,93380.9236,93380.92359999965,3.4924596548080444e-10
12929,6,Declining Frequent Buyers,924.5636,0.0,0.01,93380.9236,93380.92359999965,3.4924596548080444e-10
12926,6,Declining Frequent Buyers,924.5636,0.0,0.01,93380.9236,93380.92359999965,3.4924596548080444e-10
12921,6,Declining Frequent Buyers,924.5636,0.0,0.01,93380.9236,93380.92359999965,3.4924596548080444e-10
12918,6,Declining Frequent Buyers,924.5636,0.0,0.01,93380.9236,93380.92359999965,3.4924596548080444e-10
16278,6,Declining Frequent Buyers,924.5636,0.0,0.01,93380.9236,93380.92359999965,3.4924596548080444e-10
13425,6,Declining Frequent Buyers,924.5636,0.0,0.01,93380.9236,93380.92359999965,3.4924596548080444e-10
13450,6,Declining Frequent Buyers,924.5636,0.0,0.01,93380.9236,93380.92359999965,3.4924596548080444e-10
23348,6,Declining Frequent Buyers,924.5636,0.0,0.01,93380.9236,93380.92359999965,3.4924596548080444e-10
13230,6,Declining Frequent Buyers,924.5636,0.0,0.01,93380.9236,93380.92359999965,3.4924596548080444e-10
15004,6,Declining Frequent Buyers,924.5636,0.0,0.01,93380.9236,93380.92359999965,3.4924596548080444e-10
15003,6,Declining Frequent Buyers,924.5636,0.0,0.01,93380.9236,93380.92359999965,3.4924596548080444e-10
14998,6,Declining Frequent Buyers,924.5636,0.0,0.01,93380.9236,93380.92359999965,3.4924596548080444e-10
13274,6,Declining Frequent Buyers,924.5636,0.0,0.01,93380.9236,93380.92359999965,3.4924596548080444e-10
13329,6,Declining Frequent Buyers,924.5636,0.0,0.01,93380.9236,93380.92359999965,3.4924596548080444e-10
13314,6,Declining Frequent Buyers,924.5636,0.0,0.01,93380.9236,93380.92359999965,3.4924596548080444e-10
13299,6,Declining Frequent Buyers,924.5636,0.0,0.01,93380.9236,93380.92359999965,3.4924596548080444e-10
13287,6,Declining Frequent Buyers,924.5636,0.0,0.01,93380.9236,93380.92359999965,3.4924596548080444e-10
13246,6,Declining Frequent Buyers,924.5636,0.0,0.01,93380.9236,93380.92359999965,3.4924596548080444e-10
13142,6,Declining Frequent Buyers,924.5636,0.0,0.01,93380.9236,93380.92359999965,3.4924596548080444e-10
14779,6,Declining Frequent Buyers,924.5636,0.0,0.01,93380.9236,93380.92359999965,3.4924596548080444e-10
13176,6,Declining Frequent Buyers,924.5636,0.0,0.01,93380.9236,93380.92359999965,3.4924596548080444e-10
14719,6,Declining Frequent Buyers,924.5636,0.0,0.01,93380.9236,93380.92359999965,3.4924596548080444e-10
14716,6,Declining Frequent Buyers,924.5636,0.0,0.01,93380.9236,93380.92359999965,3.4924596548080444e-10
14802,6,Declining Frequent Buyers,924.5636,0.0,0.01,93380.9236,93380.92359999965,3.4924596548080444e-10
14714,6,Declining Frequent Buyers,924.5636,0.0,0.01,93380.9236,93380.92359999965,3.4924596548080444e-10
13221,6,Declining Frequent Buyers,924.5636,0.0,0.01,93380.9236,93380.92359999965,3.4924596548080444e-10
13208,6,Declining Frequent Buyers,924.5636,0.0,0.01,93380.9236,93380.92359999965,3.4924596548080444e-10
13205,6,Declining Frequent Buyers,924.5636,0.0,0.01,93380.9236,93380.92359999965,3.4924596548080444e-10
13189,6,Declining Frequent Buyers,924.5636,0.0,0.01,93380.9236,93380.92359999965,3.4924596548080444e-10
13484,6,Declining Frequent Buyers,924.5636,0.0,0.01,93380.9236,93380.92359999965,3.4924596548080444e-10
13478,6,Declining Frequent Buyers,924.5636,0.0,0.01,93380.9236,93380.92359999965,3.4924596548080444e-10
13402,6,Declining Frequent Buyers,924.5636,0.0,0.01,93380.9236,93380.92359999965,3.4924596548080444e-10
13401,6,Declining Frequent Buyers,924.5636,0.0,0.01,93380.9236,93380.92359999965,3.4924596548080444e-10
13380,6,Declining Frequent Buyers,924.5636,0.0,0.01,93380.9236,93380.92359999965,3.4924596548080444e-10
13369,6,Declining Frequent Buyers,924.5636,0.0,0.01,93380.9236,93380.92359999965,3.4924596548080444e-10
13361,6,Declining Frequent Buyers,924.5636,0.0,0.01,93380.9236,93380.92359999965,3.4924596548080444e-10
13452,6,Declining Frequent Buyers,924.5636,0.0,0.01,93380.9236,93380.92359999965,3.4924596548080444e-10
21002,6,Declining Frequent Buyers,924.5636,0.0,0.01,93380.9236,93380.92359999965,3.4924596548080444e-10
21192,6,Declining Frequent Buyers,924.5636,0.0,0.01,93380.9236,93380.92359999965,3.4924596548080444e-10
21195,6,Declining Frequent Buyers,924.5636,0.0,0.01,93380.9236,93380.92359999965,3.4924596548080444e-10
24786,6,Declining Frequent Buyers,924.5636,0.0,0.01,93380.9236,93380.92359999965,3.4924596548080444e-10
22175,6,Declining Frequent Buyers,924.5636,0.0,0.01,93380.9236,93380.92359999965,3.4924596548080444e-10
22178,6,Declining Frequent Buyers,924.5636,0.0,0.01,93380.9236,93380.92359999965,3.4924596548080444e-10
22195,6,Declining Frequent Buyers,924.5636,0.0,0.01,93380.9236,93380.92359999965,3.4924596548080444e-10
22201,6,Declining Frequent Buyers,924.5636,0.0,0.01,93380.9236,93380.92359999965,3.4924596548080444e-10
22907,6,Declining Frequent Buyers,924.5636,0.0,0.01,93380.9236,93380.92359999965,3.4924596548080444e-10
22930,6,Declining Frequent Buyers,924.5636,0.0,0.01,93380.9236,93380.92359999965,3.4924596548080444e-10
13657,6,Declining Frequent Buyers,924.5636,0.0,0.01,93380.9236,93380.92359999965,3.4924596548080444e-10
22934,6,Declining Frequent Buyers,924.5636,0.0,0.01,93380.9236,93380.92359999965,3.4924596548080444e-10
22937,6,Declining Frequent Buyers,924.5636,0.0,0.01,93380.9236,93380.92359999965,3.4924596548080444e-10
22938,6,Declining Frequent Buyers,924.5636,0.0,0.01,93380.9236,93380.92359999965,3.4924596548080444e-10
22943,6,Declining Frequent Buyers,924.5636,0.0,0.01,93380.9236,93380.92359999965,3.4924596548080444e-10
22412,6,Declining Frequent Buyers,924.5636,0.0,0.01,93380.9236,93380.92359999965,3.4924596548080444e-10
24960,6,Declining Frequent Buyers,924.5636,0.0,0.01,93380.9236,93380.92359999965,3.4924596548080444e-10
16271,6,Declining Frequent Buyers,924.5636,0.0,0.01,93380.9236,93380.92359999965,3.4924596548080444e-10
22168,6,Declining Frequent Buyers,924.5636,0.0,0.01,93380.9236,93380.92359999965,3.4924596548080444e-10
23645,6,Declining Frequent Buyers,924.5636,0.0,0.01,93380.9236,93380.92359999965,3.4924596548080444e-10
23648,6,Declining Frequent Buyers,924.5636,0.0,0.01,93380.9236,93380.92359999965,3.4924596548080444e-10
23572,6,Declining Frequent Buyers,924.5636,0.0,0.01,93380.9236,93380.92359999965,3.4924596548080444e-10
23431,6,Declining Frequent Buyers,924.5636,0.0,0.01,93380.9236,93380.92359999965,3.4924596548080444e-10
23432,6,Declining Frequent Buyers,924.5636,0.0,0.01,93380.9236,93380.92359999965,3.4924596548080444e-10
23524,6,Declining Frequent Buyers,924.5636,0.0,0.01,93380.9236,93380.92359999965,3.4924596548080444e-10
23526,6,Declining Frequent Buyers,924.5636,0.0,0.01,93380.9236,93380.92359999965,3.4924596548080444e-10
23529,6,Declining Frequent Buyers,924.5636,0.0,0.01,93380.9236,93380.92359999965,3.4924596548080444e-10
23534,6,Declining Frequent Buyers,924.5636,0.0,0.01,93380.9236,93380.92359999965,3.4924596548080444e-10
23538,6,Declining Frequent Buyers,924.5636,0.0,0.01,93380.9236,93380.92359999965,3.4924596548080444e-10
23539,6,Declining Frequent Buyers,924.5636,0.0,0.01,93380.9236,93380.92359999965,3.4924596548080444e-10
23540,6,Declining Frequent Buyers,924.5636,0.0,0.01,93380.9236,93380.92359999965,3.4924596548080444e-10
22572,6,Declining Frequent Buyers,924.5636,0.0,0.01,93380.9236,93380.92359999965,3.4924596548080444e-10
22174,6,Declining Frequent Buyers,924.5636,0.0,0.01,93380.9236,93380.92359999965,3.4924596548080444e-10
22193,6,Declining Frequent Buyers,924.5636,0.0,0.01,93380.9236,93380.92359999965,3.4924596548080444e-10
23547,6,Declining Frequent Buyers,924.5636,0.0,0.01,93380.9236,93380.92359999965,3.4924596548080444e-10
23416,6,Declining Frequent Buyers,924.5636,0.0,0.01,93380.9236,93380.92359999965,3.4924596548080444e-10
22207,6,Declining Frequent Buyers,924.5636,0.0,0.01,93380.9236,93380.92359999965,3.4924596548080444e-10
23332,6,Declining Frequent Buyers,924.5636,0.0,0.01,93380.9236,93380.92359999965,3.4924596548080444e-10
22410,6,Declining Frequent Buyers,924.5636,0.0,0.01,93380.9236,93380.92359999965,3.4924596548080444e-10
23331,6,Declining Frequent Buyers,924.5636,0.0,0.01,93380.9236,93380.92359999965,3.4924596548080444e-10
22580,6,Declining Frequent Buyers,924.5636,0.0,0.01,93380.9236,93380.92359999965,3.4924596548080444e-10
23325,6,Declining Frequent Buyers,924.5636,0.0,0.01,93380.9236,93380.92359999965,3.4924596548080444e-10
13489,6,Declining Frequent Buyers,924.5636,0.0,0.01,93380.9236,93380.92359999965,3.4924596548080444e-10
23322,6,Declining Frequent Buyers,924.5636,0.0,0.01,93380.9236,93380.92359999965,3.4924596548080444e-10
23321,6,Declining Frequent Buyers,924.5636,0.0,0.01,93380.9236,93380.92359999965,3.4924596548080444e-10
22954,6,Declining Frequent Buyers,924.5636,0.0,0.01,93380.9236,93380.92359999965,3.4924596548080444e-10
23408,6,Declining Frequent Buyers,924.5636,0.0,0.01,93380.9236,93380.92359999965,3.4924596548080444e-10
22857,6,Declining Frequent Buyers,924.5636,0.0,0.01,93380.9236,93380.92359999965,3.4924596548080444e-10
22958,6,Declining Frequent Buyers,924.5636,0.0,0.01,93380.9236,93380.92359999965,3.4924596548080444e-10
23415,6,Declining Frequent Buyers,924.5636,0.0,0.01,93380.9236,93380.92359999965,3.4924596548080444e-10
22406,6,Declining Frequent Buyers,924.5636,0.0,0.01,93380.9236,93380.92359999965,3.4924596548080444e-10
23412,6,Declining Frequent Buyers,924.5636,0.0,0.01,93380.9236,93380.92359999965,3.4924596548080444e-10
23099,6,Declining Frequent Buyers,924.5636,0.0,0.01,93380.9236,93380.92359999965,3.4924596548080444e-10
22988,6,Declining Frequent Buyers,924.5636,0.0,0.01,93380.9236,93380.92359999965,3.4924596548080444e-10
23411,6,Declining Frequent Buyers,924.5636,0.0,0.01,93380.9236,93380.92359999965,3.4924596548080444e-10
23100,6,Declining Frequent Buyers,924.5636,0.0,0.01,93380.9236,93380.92359999965,3.4924596548080444e-10
23421,6,Declining Frequent Buyers,924.5636,0.0,0.01,93380.9236,93380.92359999965,3.4924596548080444e-10
23420,6,Declining Frequent Buyers,924.5636,0.0,0.01,93380.9236,93380.92359999965,3.4924596548080444e-10
23121,6,Declining Frequent Buyers,924.5636,0.0,0.01,93380.9236,93380.92359999965,3.4924596548080444e-10
23120,6,Declining Frequent Buyers,924.5636,0.0,0.01,93380.9236,93380.92359999965,3.4924596548080444e-10
23413,6,Declining Frequent Buyers,924.5636,0.0,0.01,93380.9236,93380.92359999965,3.4924596548080444e-10
22951,6,Declining Frequent Buyers,924.5636,0.0,0.01,93380.9236,93380.92359999965,3.4924596548080444e-10
22401,6,Declining Frequent Buyers,924.5636,0.0,0.01,93380.9236,93380.92359999965,3.4924596548080444e-10
22404,6,Declining Frequent Buyers,924.5636,0.0,0.01,93380.9236,93380.92359999965,3.4924596548080444e-10
16598,6,Declining Frequent Buyers,924.5636,0.0,0.01,93380.9236,93380.92359999965,3.4924596548080444e-10
23571,6,Declining Frequent Buyers,924.5636,0.0,0.01,93380.9236,93380.92359999965,3.4924596548080444e-10
21199,6,Declining Frequent Buyers,924.5636,0.0,0.01,93380.9236,93380.92359999965,3.4924596548080444e-10
21888,6,Declining Frequent Buyers,924.5636,0.0,0.01,93380.9236,93380.92359999965,3.4924596548080444e-10
21957,6,Declining Frequent Buyers,924.5636,0.0,0.01,93380.9236,93380.92359999965,3.4924596548080444e-10
21955,6,Declining Frequent Buyers,924.5636,0.0,0.01,93380.9236,93380.92359999965,3.4924596548080444e-10
21951,6,Declining Frequent Buyers,924.5636,0.0,0.01,93380.9236,93380.92359999965,3.4924596548080444e-10
21950,6,Declining Frequent Buyers,924.5636,0.0,0.01,93380.9236,93380.92359999965,3.4924596548080444e-10
21984,6,Declining Frequent Buyers,924.5636,0.0,0.01,93380.9236,93380.92359999965,3.4924596548080444e-10
22030,6,Declining Frequent Buyers,924.5636,0.0,0.01,93380.9236,93380.92359999965,3.4924596548080444e-10
21999,6,Declining Frequent Buyers,924.5636,0.0,0.01,93380.9236,93380.92359999965,3.4924596548080444e-10
21948,6,Declining Frequent Buyers,924.5636,0.0,0.01,93380.9236,93380.92359999965,3.4924596548080444e-10
21875,6,Declining Frequent Buyers,924.5636,0.0,0.01,93380.9236,93380.92359999965,3.4924596548080444e-10
21882,6,Declining Frequent Buyers,924.5636,0.0,0.01,93380.9236,93380.92359999965,3.4924596548080444e-10
21945,6,Declining Frequent Buyers,924.5636,0.0,0.01,93380.9236,93380.92359999965,3.4924596548080444e-10
21897,6,Declining Frequent Buyers,924.5636,0.0,0.01,93380.9236,93380.92359999965,3.4924596548080444e-10
21892,6,Declining Frequent Buyers,924.5636,0.0,0.01,93380.9236,93380.92359999965,3.4924596548080444e-10
16509,6,Declining Frequent Buyers,924.5636,0.0,0.01,93380.9236,93380.92359999965,3.4924596548080444e-10
21976,6,Declining Frequent Buyers,924.5636,0.0,0.01,93380.9236,93380.92359999965,3.4924596548080444e-10
16512,6,Declining Frequent Buyers,924.5636,0.0,0.01,93380.9236,93380.92359999965,3.4924596548080444e-10
16429,6,Declining Frequent Buyers,924.5636,0.0,0.01,93380.9236,93380.92359999965,3.4924596548080444e-10
16442,6,Declining Frequent Buyers,924.5636,0.0,0.01,93380.9236,93380.92359999965,3.4924596548080444e-10
16444,6,Declining Frequent Buyers,924.5636,0.0,0.01,93380.9236,93380.92359999965,3.4924596548080444e-10
16445,6,Declining Frequent Buyers,924.5636,0.0,0.01,93380.9236,93380.92359999965,3.4924596548080444e-10
16461,6,Declining Frequent Buyers,924.5636,0.0,0.01,93380.9236,93380.92359999965,3.4924596548080444e-10
16465,6,Declining Frequent Buyers,924.5636,0.0,0.01,93380.9236,93380.92359999965,3.4924596548080444e-10
16565,6,Declining Frequent Buyers,924.5636,0.0,0.01,93380.9236,93380.92359999965,3.4924596548080444e-10
16567,6,Declining Frequent Buyers,924.5636,0.0,0.01,93380.9236,93380.92359999965,3.4924596548080444e-10
16572,6,Declining Frequent Buyers,924.5636,0.0,0.01,93380.9236,93380.92359999965,3.4924596548080444e-10
16585,6,Declining Frequent Buyers,924.5636,0.0,0.01,93380.9236,93380.92359999965,3.4924596548080444e-10
21001,6,Declining Frequent Buyers,924.5636,0.0,0.01,93380.9236,93380.92359999965,3.4924596548080444e-10
21201,6,Declining Frequent Buyers,924.5636,0.0,0.01,93380.9236,93380.92359999965,3.4924596548080444e-10
21974,6,Declining Frequent Buyers,924.5636,0.0,0.01,93380.9236,93380.92359999965,3.4924596548080444e-10
21980,6,Declining Frequent Buyers,924.5636,0.0,0.01,93380.9236,93380.92359999965,3.4924596548080444e-10
21891,6,Declining Frequent Buyers,924.5636,0.0,0.01,93380.9236,93380.92359999965,3.4924596548080444e-10
21557,6,Declining Frequent Buyers,924.5636,0.0,0.01,93380.9236,93380.92359999965,3.4924596548080444e-10
14926,6,Declining Frequent Buyers,924.5636,0.0,0.01,93380.9236,93380.92359999965,3.4924596548080444e-10
14813,6,Declining Frequent Buyers,924.5636,0.0,0.01,93380.9236,93380.92359999965,3.4924596548080444e-10
16831,6,Declining Frequent Buyers,924.5636,0.0,0.01,93380.9236,93380.92359999965,3.4924596548080444e-10
16821,6,Declining Frequent Buyers,924.5636,0.0,0.01,93380.9236,93380.92359999965,3.4924596548080444e-10
16822,6,Declining Frequent Buyers,924.5636,0.0,0.01,93380.9236,93380.92359999965,3.4924596548080444e-10
16823,6,Declining Frequent Buyers,924.5636,0.0,0.01,93380.9236,93380.92359999965,3.4924596548080444e-10
17086,6,Declining Frequent Buyers,924.5636,0.0,0.01,93380.9236,93380.92359999965,3.4924596548080444e-10
17096,6,Declining Frequent Buyers,924.5636,0.0,0.01,93380.9236,93380.92359999965,3.4924596548080444e-10
17107,6,Declining Frequent Buyers,924.5636,0.0,0.01,93380.9236,93380.92359999965,3.4924596548080444e-10
17114,6,Declining Frequent Buyers,924.5636,0.0,0.01,93380.9236,93380.92359999965,3.4924596548080444e-10
21561,6,Declining Frequent Buyers,924.5636,0.0,0.01,93380.9236,93380.92359999965,3.4924596548080444e-10
21559,6,Declining Frequent Buyers,924.5636,0.0,0.01,93380.9236,93380.92359999965,3.4924596548080444e-10
21558,6,Declining Frequent Buyers,924.5636,0.0,0.01,93380.9236,93380.92359999965,3.4924596548080444e-10
21556,6,Declining Frequent Buyers,924.5636,0.0,0.01,93380.9236,93380.92359999965,3.4924596548080444e-10
21983,6,Declining Frequent Buyers,924.5636,0.0,0.01,93380.9236,93380.92359999965,3.4924596548080444e-10
16827,6,Declining Frequent Buyers,924.5636,0.0,0.01,93380.9236,93380.92359999965,3.4924596548080444e-10
22575,6,Declining Frequent Buyers,924.5636,0.0,0.01,93380.9236,93380.92359999965,3.4924596548080444e-10
16828,6,Declining Frequent Buyers,924.5636,0.0,0.01,93380.9236,93380.92359999965,3.4924596548080444e-10
16830,6,Declining Frequent Buyers,924.5636,0.0,0.01,93380.9236,93380.92359999965,3.4924596548080444e-10
21567,6,Declining Frequent Buyers,924.5636,0.0,0.01,93380.9236,93380.92359999965,3.4924596548080444e-10
21569,6,Declining Frequent Buyers,924.5636,0.0,0.01,93380.9236,93380.92359999965,3.4924596548080444e-10
16940,6,Declining Frequent Buyers,924.5636,0.0,0.01,93380.9236,93380.92359999965,3.4924596548080444e-10
21379,6,Declining Frequent Buyers,924.5636,0.0,0.01,93380.9236,93380.92359999965,3.4924596548080444e-10
21361,6,Declining Frequent Buyers,924.5636,0.0,0.01,93380.9236,93380.92359999965,3.4924596548080444e-10
21359,6,Declining Frequent Buyers,924.5636,0.0,0.01,93380.9236,93380.92359999965,3.4924596548080444e-10
16945,6,Declining Frequent Buyers,924.5636,0.0,0.01,93380.9236,93380.92359999965,3.4924596548080444e-10
21393,6,Declining Frequent Buyers,924.5636,0.0,0.01,93380.9236,93380.92359999965,3.4924596548080444e-10
21403,6,Declining Frequent Buyers,924.5636,0.0,0.01,93380.9236,93380.92359999965,3.4924596548080444e-10
13019,6,Declining Frequent Buyers,924.5636,0.0,0.01,93380.9236,93380.92359999965,3.4924596548080444e-10
16829,6,Declining Frequent Buyers,924.5636,0.0,0.01,93380.9236,93380.92359999965,3.4924596548080444e-10
15455,6,Declining Frequent Buyers,924.5636,0.0,0.01,93380.9236,93380.92359999965,3.4924596548080444e-10
15676,6,Declining Frequent Buyers,924.5636,0.0,0.01,93380.9236,93380.92359999965,3.4924596548080444e-10
13705,6,Declining Frequent Buyers,924.5636,0.0,0.01,93380.9236,93380.92359999965,3.4924596548080444e-10
13658,6,Declining Frequent Buyers,924.5636,0.0,0.01,93380.9236,93380.92359999965,3.4924596548080444e-10
13716,6,Declining Frequent Buyers,924.5636,0.0,0.01,93380.9236,93380.92359999965,3.4924596548080444e-10
13718,6,Declining Frequent Buyers,924.5636,0.0,0.01,93380.9236,93380.92359999965,3.4924596548080444e-10
16207,6,Declining Frequent Buyers,924.5636,0.0,0.01,93380.9236,93380.92359999965,3.4924596548080444e-10
16206,6,Declining Frequent Buyers,924.5636,0.0,0.01,93380.9236,93380.92359999965,3.4924596548080444e-10
13729,6,Declining Frequent Buyers,924.5636,0.0,0.01,93380.9236,93380.92359999965,3.4924596548080444e-10
15666,6,Declining Frequent Buyers,924.5636,0.0,0.01,93380.9236,93380.92359999965,3.4924596548080444e-10
15675,6,Declining Frequent Buyers,924.5636,0.0,0.01,93380.9236,93380.92359999965,3.4924596548080444e-10
13728,6,Declining Frequent Buyers,924.5636,0.0,0.01,93380.9236,93380.92359999965,3.4924596548080444e-10
13722,6,Declining Frequent Buyers,924.5636,0.0,0.01,93380.9236,93380.92359999965,3.4924596548080444e-10
15674,6,Declining Frequent Buyers,924.5636,0.0,0.01,93380.9236,93380.92359999965,3.4924596548080444e-10
14141,6,Declining Frequent Buyers,924.5636,0.0,0.01,93380.9236,93380.92359999965,3.4924596548080444e-10
13873,6,Declining Frequent Buyers,924.5636,0.0,0.01,93380.9236,93380.92359999965,3.4924596548080444e-10
13713,6,Declining Frequent Buyers,924.5636,0.0,0.01,93380.9236,93380.92359999965,3.4924596548080444e-10
14170,6,Declining Frequent Buyers,924.5636,0.0,0.01,93380.9236,93380.92359999965,3.4924596548080444e-10
15649,6,Declining Frequent Buyers,924.5636,0.0,0.01,93380.9236,93380.92359999965,3.4924596548080444e-10
16275,6,Declining Frequent Buyers,924.5636,0.0,0.01,93380.9236,93380.92359999965,3.4924596548080444e-10
16196,6,Declining Frequent Buyers,924.5636,0.0,0.01,93380.9236,93380.92359999965,3.4924596548080444e-10
15685,6,Declining Frequent Buyers,924.5636,0.0,0.01,93380.9236,93380.92359999965,3.4924596548080444e-10
13801,6,Declining Frequent Buyers,924.5636,0.0,0.01,93380.9236,93380.92359999965,3.4924596548080444e-10
13800,6,Declining Frequent Buyers,924.5636,0.0,0.01,93380.9236,93380.92359999965,3.4924596548080444e-10
16046,6,Declining Frequent Buyers,924.5636,0.0,0.01,93380.9236,93380.92359999965,3.4924596548080444e-10
13854,6,Declining Frequent Buyers,924.5636,0.0,0.01,93380.9236,93380.92359999965,3.4924596548080444e-10
13839,6,Declining Frequent Buyers,924.5636,0.0,0.01,93380.9236,93380.92359999965,3.4924596548080444e-10
13823,6,Declining Frequent Buyers,924.5636,0.0,0.01,93380.9236,93380.92359999965,3.4924596548080444e-10
13812,6,Declining Frequent Buyers,924.5636,0.0,0.01,93380.9236,93380.92359999965,3.4924596548080444e-10
15462,6,Declining Frequent Buyers,924.5636,0.0,0.01,93380.9236,93380.92359999965,3.4924596548080444e-10
16263,6,Declining Frequent Buyers,924.5636,0.0,0.01,93380.9236,93380.92359999965,3.4924596548080444e-10
15625,6,Declining Frequent Buyers,924.5636,0.0,0.01,93380.9236,93380.92359999965,3.4924596548080444e-10
15622,6,Declining Frequent Buyers,924.5636,0.0,0.01,93380.9236,93380.92359999965,3.4924596548080444e-10
15667,6,Declining Frequent Buyers,924.5636,0.0,0.01,93380.9236,93380.92359999965,3.4924596548080444e-10
13714,6,Declining Frequent Buyers,924.5636,0.0,0.01,93380.9236,93380.92359999965,3.4924596548080444e-10
16414,6,Declining Frequent Buyers,924.5636,0.0,0.01,93380.9236,93380.92359999965,3.4924596548080444e-10
16407,6,Declining Frequent Buyers,924.5636,0.0,0.01,93380.9236,93380.92359999965,3.4924596548080444e-10
14186,6,Declining Frequent Buyers,924.5636,0.0,0.01,93380.9236,93380.92359999965,3.4924596548080444e-10
14169,6,Declining Frequent Buyers,924.5636,0.0,0.01,93380.9236,93380.92359999965,3.4924596548080444e-10
13565,6,Declining Frequent Buyers,924.5636,0.0,0.01,93380.9236,93380.92359999965,3.4924596548080444e-10
16267,6,Declining Frequent Buyers,924.5636,0.0,0.01,93380.9236,93380.92359999965,3.4924596548080444e-10
16410,6,Declining Frequent Buyers,924.5636,0.0,0.01,93380.9236,93380.92359999965,3.4924596548080444e-10
16409,6,Declining Frequent Buyers,924.5636,0.0,0.01,93380.9236,93380.92359999965,3.4924596548080444e-10
15656,6,Declining Frequent Buyers,924.5636,0.0,0.01,93380.9236,93380.92359999965,3.4924596548080444e-10
13605,6,Declining Frequent Buyers,924.5636,0.0,0.01,93380.9236,93380.92359999965,3.4924596548080444e-10
13592,6,Declining Frequent Buyers,924.5636,0.0,0.01,93380.9236,93380.92359999965,3.4924596548080444e-10
16405,6,Declining Frequent Buyers,924.5636,0.0,0.01,93380.9236,93380.92359999965,3.4924596548080444e-10
15659,6,Declining Frequent Buyers,924.5636,0.0,0.01,93380.9236,93380.92359999965,3.4924596548080444e-10
13885,6,Declining Frequent Buyers,924.5636,0.0,0.01,93380.9236,93380.92359999965,3.4924596548080444e-10
13882,6,Declining Frequent Buyers,924.5636,0.0,0.01,93380.9236,93380.92359999965,3.4924596548080444e-10
13870,6,Declining Frequent Buyers,924.5636,0.0,0.01,93380.9236,93118.72706974964,262.1965302503522
15623,6,Declining Frequent Buyers,924.5636,0.0,0.01,93380.9236,93118.72706974964,262.1965302503522
26281,6,Declining Frequent Buyers,805.8001000000002,0.0,0.01,81385.81010000002,81385.8101000003,-2.764863893389702e-10
12215,6,Declining Frequent Buyers,805.8001000000002,0.0,0.01,81385.81010000002,81385.8101000003,-2.764863893389702e-10
26283,6,Declining Frequent Buyers,805.8001000000002,0.0,0.01,81385.81010000002,81385.8101000003,-2.764863893389702e-10
12358,6,Declining Frequent Buyers,805.8001000000002,0.0,0.01,81385.81010000002,81385.8101000003,-2.764863893389702e-10
26277,6,Declining Frequent Buyers,805.8001000000002,0.0,0.01,81385.81010000002,81385.8101000003,-2.764863893389702e-10
12210,6,Declining Frequent Buyers,805.8001000000002,0.0,0.01,81385.81010000002,81385.8101000003,-2.764863893389702e-10
12216,6,Declining Frequent Buyers,805.8001000000002,0.0,0.01,81385.81010000002,81385.8101000003,-2.764863893389702e-10
26786,6,Declining Frequent Buyers,805.8001000000002,0.0,0.01,81385.81010000002,81385.8101000003,-2.764863893389702e-10
12228,6,Declining Frequent Buyers,805.8001000000002,0.0,0.01,81385.81010000002,81385.8101000003,-2.764863893389702e-10
12229,6,Declining Frequent Buyers,805.8001000000002,0.0,0.01,81385.81010000002,81385.8101000003,-2.764863893389702e-10
12382,6,Declining Frequent Buyers,805.8001000000002,0.0,0.01,81385.81010000002,81385.8101000003,-2.764863893389702e-10
12360,6,Declining Frequent Buyers,805.8001000000002,0.0,0.01,81385.81010000002,81385.8101000003,-2.764863893389702e-10
12378,6,Declining Frequent Buyers,805.8001000000002,0.0,0.01,81385.81010000002,81385.8101000003,-2.764863893389702e-10
26249,6,Declining Frequent Buyers,805.8001000000002,0.0,0.01,81385.81010000002,81385.8101000003,-2.764863893389702e-10
12381,6,Declining Frequent Buyers,805.8001000000002,0.0,0.01,81385.81010000002,81385.8101000003,-2.764863893389702e-10
26285,6,Declining Frequent Buyers,805.8001000000002,0.0,0.01,81385.81010000002,81385.8101000003,-2.764863893389702e-10
12385,6,Declining Frequent Buyers,805.8001000000002,0.0,0.01,81385.81010000002,81385.8101000003,-2.764863893389702e-10
12263,6,Declining Frequent Buyers,805.8001000000002,0.0,0.01,81385.81010000002,81385.8101000003,-2.764863893389702e-10
27076,6,Declining Frequent Buyers,805.8001000000002,0.0,0.01,81385.81010000002,81385.8101000003,-2.764863893389702e-10
27077,6,Declining Frequent Buyers,805.8001000000002,0.0,0.01,81385.81010000002,81385.8101000003,-2.764863893389702e-10
27078,6,Declining Frequent Buyers,805.8001000000002,0.0,0.01,81385.81010000002,81385.8101000003,-2.764863893389702e-10
27064,6,Declining Frequent Buyers,805.8001000000002,0.0,0.01,81385.81010000002,81385.8101000003,-2.764863893389702e-10
27063,6,Declining Frequent Buyers,805.8001000000002,0.0,0.01,81385.81010000002,81385.8101000003,-2.764863893389702e-10
27020,6,Declining Frequent Buyers,805.8001000000002,0.0,0.01,81385.81010000002,81385.8101000003,-2.764863893389702e-10
27021,6,Declining Frequent Buyers,805.8001000000002,0.0,0.01,81385.81010000002,81385.8101000003,-2.764863893389702e-10
27050,6,Declining Frequent Buyers,805.8001000000002,0.0,0.01,81385.81010000002,81385.8101000003,-2.764863893389702e-10
26805,6,Declining Frequent Buyers,805.8001000000002,0.0,0.01,81385.81010000002,81385.8101000003,-2.764863893389702e-10
12346,6,Declining Frequent Buyers,805.8001000000002,0.0,0.01,81385.81010000002,81385.8101000003,-2.764863893389702e-10
26290,6,Declining Frequent Buyers,805.8001000000002,0.0,0.01,81385.81010000002,81385.8101000003,-2.764863893389702e-10
20470,6,Declining Frequent Buyers,805.8001000000002,0.0,0.01,81385.81010000002,81385.8101000003,-2.764863893389702e-10
26325,6,Declining Frequent Buyers,805.8001000000002,0.0,0.01,81385.81010000002,81385.8101000003,-2.764863893389702e-10
26330,6,Declining Frequent Buyers,805.8001000000002,0.0,0.01,81385.81010000002,81385.8101000003,-2.764863893389702e-10
12404,6,Declining Frequent Buyers,805.8001000000002,0.0,0.01,81385.81010000002,81385.8101000003,-2.764863893389702e-10
26339,6,Declining Frequent Buyers,805.8001000000002,0.0,0.01,81385.81010000002,81385.8101000003,-2.764863893389702e-10
26342,6,Declining Frequent Buyers,805.8001000000002,0.0,0.01,81385.81010000002,81385.8101000003,-2.764863893389702e-10
12459,6,Declining Frequent Buyers,805.8001000000002,0.0,0.01,81385.81010000002,81385.8101000003,-2.764863893389702e-10
26324,6,Declining Frequent Buyers,805.8001000000002,0.0,0.01,81385.81010000002,81385.8101000003,-2.764863893389702e-10
26322,6,Declining Frequent Buyers,805.8001000000002,0.0,0.01,81385.81010000002,81385.8101000003,-2.764863893389702e-10
26298,6,Declining Frequent Buyers,805.8001000000002,0.0,0.01,81385.81010000002,81385.8101000003,-2.764863893389702e-10
27056,6,Declining Frequent Buyers,805.8001000000002,0.0,0.01,81385.81010000002,81385.8101000003,-2.764863893389702e-10
26241,6,Declining Frequent Buyers,805.8001000000002,0.0,0.01,81385.81010000002,81385.8101000003,-2.764863893389702e-10
26320,6,Declining Frequent Buyers,805.8001000000002,0.0,0.01,81385.81010000002,81385.8101000003,-2.764863893389702e-10
12386,6,Declining Frequent Buyers,805.8001000000002,0.0,0.01,81385.81010000002,81385.8101000003,-2.764863893389702e-10
26317,6,Declining Frequent Buyers,805.8001000000002,0.0,0.01,81385.81010000002,81385.8101000003,-2.764863893389702e-10
26301,6,Declining Frequent Buyers,805.8001000000002,0.0,0.01,81385.81010000002,81385.8101000003,-2.764863893389702e-10
26201,6,Declining Frequent Buyers,805.8001000000002,0.0,0.01,81385.81010000002,81385.8101000003,-2.764863893389702e-10
26183,6,Declining Frequent Buyers,805.8001000000002,0.0,0.01,81385.81010000002,81385.8101000003,-2.764863893389702e-10
26303,6,Declining Frequent Buyers,805.8001000000002,0.0,0.01,81385.81010000002,81385.8101000003,-2.764863893389702e-10
26174,6,Declining Frequent Buyers,805.8001000000002,0.0,0.01,81385.81010000002,81385.8101000003,-2.764863893389702e-10
12350,6,Declining Frequent Buyers,805.8001000000002,0.0,0.01,81385.81010000002,81385.8101000003,-2.764863893389702e-10
28727,6,Declining Frequent Buyers,805.8001000000002,0.0,0.01,81385.81010000002,81385.8101000003,-2.764863893389702e-10
12353,6,Declining Frequent Buyers,805.8001000000002,0.0,0.01,81385.81010000002,81385.8101000003,-2.764863893389702e-10
26296,6,Declining Frequent Buyers,805.8001000000002,0.0,0.01,81385.81010000002,81385.8101000003,-2.764863893389702e-10
26617,6,Declining Frequent Buyers,805.8001000000002,0.0,0.01,81385.81010000002,81385.8101000003,-2.764863893389702e-10
12291,6,Declining Frequent Buyers,805.8001000000002,0.0,0.01,81385.81010000002,81385.8101000003,-2.764863893389702e-10
26811,6,Declining Frequent Buyers,805.8001000000002,0.0,0.01,81385.81010000002,81385.8101000003,-2.764863893389702e-10
12225,6,Declining Frequent Buyers,805.8001000000002,0.0,0.01,81385.81010000002,81385.8101000003,-2.764863893389702e-10
27054,6,Declining Frequent Buyers,805.8001000000002,0.0,0.01,81385.81010000002,81385.8101000003,-2.764863893389702e-10
26607,6,Declining Frequent Buyers,805.8001000000002,0.0,0.01,81385.81010000002,81385.8101000003,-2.764863893389702e-10
11610,6,Declining Frequent Buyers,805.8001000000002,0.0,0.01,81385.81010000002,81385.8101000003,-2.764863893389702e-10
28532,6,Declining Frequent Buyers,805.8001000000002,0.0,0.01,81385.81010000002,81385.8101000003,-2.764863893389702e-10
26710,6,Declining Frequent Buyers,805.8001000000002,0.0,0.01,81385.81010000002,81385.8101000003,-2.764863893389702e-10
13960,6,Declining Frequent Buyers,805.8001000000002,0.0,0.01,81385.81010000002,81385.8101000003,-2.764863893389702e-10
13968,6,Declining Frequent Buyers,805.8001000000002,0.0,0.01,81385.81010000002,81385.8101000003,-2.764863893389702e-10
13964,6,Declining Frequent Buyers,805.8001000000002,0.0,0.01,81385.81010000002,81385.8101000003,-2.764863893389702e-10
29361,6,Declining Frequent Buyers,805.8001000000002,0.0,0.01,81385.81010000002,81385.8101000003,-2.764863893389702e-10
13965,6,Declining Frequent Buyers,805.8001000000002,0.0,0.01,81385.81010000002,81385.8101000003,-2.764863893389702e-10
29380,6,Declining Frequent Buyers,805.8001000000002,0.0,0.01,81385.81010000002,81385.8101000003,-2.764863893389702e-10
29388,6,Declining Frequent Buyers,805.8001000000002,0.0,0.01,81385.81010000002,81385.8101000003,-2.764863893389702e-10
29414,6,Declining Frequent Buyers,805.8001000000002,0.0,0.01,81385.81010000002,81385.8101000003,-2.764863893389702e-10
29412,6,Declining Frequent Buyers,805.8001000000002,0.0,0.01,81385.81010000002,81385.8101000003,-2.764863893389702e-10
26121,6,Declining Frequent Buyers,805.8001000000002,0.0,0.01,81385.81010000002,81385.8101000003,-2.764863893389702e-10
13622,6,Declining Frequent Buyers,805.8001000000002,0.0,0.01,81385.81010000002,81385.8101000003,-2.764863893389702e-10
28520,6,Declining Frequent Buyers,805.8001000000002,0.0,0.01,81385.81010000002,81385.8101000003,-2.764863893389702e-10
12581,6,Declining Frequent Buyers,805.8001000000002,0.0,0.01,81385.81010000002,81385.8101000003,-2.764863893389702e-10
13630,6,Declining Frequent Buyers,805.8001000000002,0.0,0.01,81385.81010000002,81385.8101000003,-2.764863893389702e-10
26705,6,Declining Frequent Buyers,805.8001000000002,0.0,0.01,81385.81010000002,81385.8101000003,-2.764863893389702e-10
28553,6,Declining Frequent Buyers,805.8001000000002,0.0,0.01,81385.81010000002,81385.8101000003,-2.764863893389702e-10
13632,6,Declining Frequent Buyers,805.8001000000002,0.0,0.01,81385.81010000002,81385.8101000003,-2.764863893389702e-10
28560,6,Declining Frequent Buyers,805.8001000000002,0.0,0.01,81385.81010000002,81385.8101000003,-2.764863893389702e-10
28562,6,Declining Frequent Buyers,805.8001000000002,0.0,0.01,81385.81010000002,81385.8101000003,-2.764863893389702e-10
13636,6,Declining Frequent Buyers,805.8001000000002,0.0,0.01,81385.81010000002,81385.8101000003,-2.764863893389702e-10
28751,6,Declining Frequent Buyers,805.8001000000002,0.0,0.01,81385.81010000002,81385.8101000003,-2.764863893389702e-10
13643,6,Declining Frequent Buyers,805.8001000000002,0.0,0.01,81385.81010000002,81385.8101000003,-2.764863893389702e-10
28510,6,Declining Frequent Buyers,805.8001000000002,0.0,0.01,81385.81010000002,81385.8101000003,-2.764863893389702e-10
28707,6,Declining Frequent Buyers,805.8001000000002,0.0,0.01,81385.81010000002,81385.8101000003,-2.764863893389702e-10
28708,6,Declining Frequent Buyers,805.8001000000002,0.0,0.01,81385.81010000002,81385.8101000003,-2.764863893389702e-10
28711,6,Declining Frequent Buyers,805.8001000000002,0.0,0.01,81385.81010000002,81385.8101000003,-2.764863893389702e-10
28740,6,Declining Frequent Buyers,805.8001000000002,0.0,0.01,81385.81010000002,81385.8101000003,-2.764863893389702e-10
28885,6,Declining Frequent Buyers,805.8001000000002,0.0,0.01,81385.81010000002,81385.8101000003,-2.764863893389702e-10
28736,6,Declining Frequent Buyers,805.8001000000002,0.0,0.01,81385.81010000002,81385.8101000003,-2.764863893389702e-10
26708,6,Declining Frequent Buyers,805.8001000000002,0.0,0.01,81385.81010000002,81385.8101000003,-2.764863893389702e-10
13957,6,Declining Frequent Buyers,805.8001000000002,0.0,0.01,81385.81010000002,81385.8101000003,-2.764863893389702e-10
11613,6,Declining Frequent Buyers,805.8001000000002,0.0,0.01,81385.81010000002,81385.8101000003,-2.764863893389702e-10
12239,6,Declining Frequent Buyers,805.8001000000002,0.0,0.01,81385.81010000002,81385.8101000003,-2.764863893389702e-10
26642,6,Declining Frequent Buyers,805.8001000000002,0.0,0.01,81385.81010000002,81385.8101000003,-2.764863893389702e-10
26646,6,Declining Frequent Buyers,805.8001000000002,0.0,0.01,81385.81010000002,81385.8101000003,-2.764863893389702e-10
26650,6,Declining Frequent Buyers,805.8001000000002,0.0,0.01,81385.81010000002,81385.8101000003,-2.764863893389702e-10
26641,6,Declining Frequent Buyers,805.8001000000002,0.0,0.01,81385.81010000002,81385.8101000003,-2.764863893389702e-10
26619,6,Declining Frequent Buyers,805.8001000000002,0.0,0.01,81385.81010000002,81385.8101000003,-2.764863893389702e-10
11568,6,Declining Frequent Buyers,805.8001000000002,0.0,0.01,81385.81010000002,81385.8101000003,-2.764863893389702e-10
11570,6,Declining Frequent Buyers,805.8001000000002,0.0,0.01,81385.81010000002,81385.8101000003,-2.764863893389702e-10
26625,6,Declining Frequent Buyers,805.8001000000002,0.0,0.01,81385.81010000002,81385.8101000003,-2.764863893389702e-10
26626,6,Declining Frequent Buyers,805.8001000000002,0.0,0.01,81385.81010000002,81385.8101000003,-2.764863893389702e-10
26631,6,Declining Frequent Buyers,805.8001000000002,0.0,0.01,81385.81010000002,81385.8101000003,-2.764863893389702e-10
26632,6,Declining Frequent Buyers,805.8001000000002,0.0,0.01,81385.81010000002,81385.8101000003,-2.764863893389702e-10
12999,6,Declining Frequent Buyers,805.8001000000002,0.0,0.01,81385.81010000002,81385.8101000003,-2.764863893389702e-10
26634,6,Declining Frequent Buyers,805.8001000000002,0.0,0.01,81385.81010000002,81385.8101000003,-2.764863893389702e-10
11598,6,Declining Frequent Buyers,805.8001000000002,0.0,0.01,81385.81010000002,81385.8101000003,-2.764863893389702e-10
12237,6,Declining Frequent Buyers,805.8001000000002,0.0,0.01,81385.81010000002,81385.8101000003,-2.764863893389702e-10
26695,6,Declining Frequent Buyers,805.8001000000002,0.0,0.01,81385.81010000002,81385.8101000003,-2.764863893389702e-10
12232,6,Declining Frequent Buyers,805.8001000000002,0.0,0.01,81385.81010000002,81385.8101000003,-2.764863893389702e-10
26545,6,Declining Frequent Buyers,805.8001000000002,0.0,0.01,81385.81010000002,81385.8101000003,-2.764863893389702e-10
26726,6,Declining Frequent Buyers,805.8001000000002,0.0,0.01,81385.81010000002,81385.8101000003,-2.764863893389702e-10
12686,6,Declining Frequent Buyers,805.8001000000002,0.0,0.01,81385.81010000002,81385.8101000003,-2.764863893389702e-10
12687,6,Declining Frequent Buyers,805.8001000000002,0.0,0.01,81385.81010000002,81385.8101000003,-2.764863893389702e-10
26735,6,Declining Frequent Buyers,805.8001000000002,0.0,0.01,81385.81010000002,81385.8101000003,-2.764863893389702e-10
12133,6,Declining Frequent Buyers,805.8001000000002,0.0,0.01,81385.81010000002,81385.8101000003,-2.764863893389702e-10
26718,6,Declining Frequent Buyers,805.8001000000002,0.0,0.01,81385.81010000002,81385.8101000003,-2.764863893389702e-10
14210,6,Declining Frequent Buyers,805.8001000000002,0.0,0.01,81385.81010000002,81385.8101000003,-2.764863893389702e-10
26717,6,Declining Frequent Buyers,805.8001000000002,0.0,0.01,81385.81010000002,81385.8101000003,-2.764863893389702e-10
12125,6,Declining Frequent Buyers,805.8001000000002,0.0,0.01,81385.81010000002,81385.8101000003,-2.764863893389702e-10
26681,6,Declining Frequent Buyers,805.8001000000002,0.0,0.01,81385.81010000002,81385.8101000003,-2.764863893389702e-10
13953,6,Declining Frequent Buyers,805.8001000000002,0.0,0.01,81385.81010000002,81385.8101000003,-2.764863893389702e-10
13955,6,Declining Frequent Buyers,805.8001000000002,0.0,0.01,81385.81010000002,81385.8101000003,-2.764863893389702e-10
26546,6,Declining Frequent Buyers,805.8001000000002,0.0,0.01,81385.81010000002,81385.8101000003,-2.764863893389702e-10
26245,6,Declining Frequent Buyers,805.8001000000002,0.0,0.01,81385.81010000002,81385.8101000003,-2.764863893389702e-10
13644,6,Declining Frequent Buyers,805.8001000000002,0.0,0.01,81385.81010000002,81385.8101000003,-2.764863893389702e-10
20186,6,Declining Frequent Buyers,805.8001000000002,0.0,0.01,81385.81010000002,81385.8101000003,-2.764863893389702e-10
13521,6,Declining Frequent Buyers,805.8001000000002,0.0,0.01,81385.81010000002,81385.8101000003,-2.764863893389702e-10
14063,6,Declining Frequent Buyers,805.8001000000002,0.0,0.01,81385.81010000002,81385.8101000003,-2.764863893389702e-10
13520,6,Declining Frequent Buyers,805.8001000000002,0.0,0.01,81385.81010000002,81385.8101000003,-2.764863893389702e-10
14058,6,Declining Frequent Buyers,805.8001000000002,0.0,0.01,81385.81010000002,81385.8101000003,-2.764863893389702e-10
12266,6,Declining Frequent Buyers,805.8001000000002,0.0,0.01,81385.81010000002,81385.8101000003,-2.764863893389702e-10
12630,6,Declining Frequent Buyers,805.8001000000002,0.0,0.01,81385.81010000002,81385.8101000003,-2.764863893389702e-10
13082,6,Declining Frequent Buyers,805.8001000000002,0.0,0.01,81385.81010000002,81385.8101000003,-2.764863893389702e-10
13525,6,Declining Frequent Buyers,805.8001000000002,0.0,0.01,81385.81010000002,81385.8101000003,-2.764863893389702e-10
13528,6,Declining Frequent Buyers,805.8001000000002,0.0,0.01,81385.81010000002,81385.8101000003,-2.764863893389702e-10
13529,6,Declining Frequent Buyers,805.8001000000002,0.0,0.01,81385.81010000002,81385.8101000003,-2.764863893389702e-10
26513,6,Declining Frequent Buyers,805.8001000000002,0.0,0.01,81385.81010000002,81385.8101000003,-2.764863893389702e-10
14048,6,Declining Frequent Buyers,805.8001000000002,0.0,0.01,81385.81010000002,81385.8101000003,-2.764863893389702e-10
13089,6,Declining Frequent Buyers,805.8001000000002,0.0,0.01,81385.81010000002,81385.8101000003,-2.764863893389702e-10
14049,6,Declining Frequent Buyers,805.8001000000002,0.0,0.01,81385.81010000002,81385.8101000003,-2.764863893389702e-10
13524,6,Declining Frequent Buyers,805.8001000000002,0.0,0.01,81385.81010000002,81385.8101000003,-2.764863893389702e-10
13526,6,Declining Frequent Buyers,805.8001000000002,0.0,0.01,81385.81010000002,81385.8101000003,-2.764863893389702e-10
13973,6,Declining Frequent Buyers,805.8001000000002,0.0,0.01,81385.81010000002,81385.8101000003,-2.764863893389702e-10
14065,6,Declining Frequent Buyers,805.8001000000002,0.0,0.01,81385.81010000002,81385.8101000003,-2.764863893389702e-10
12586,6,Declining Frequent Buyers,805.8001000000002,0.0,0.01,81385.81010000002,81385.8101000003,-2.764863893389702e-10
13122,6,Declining Frequent Buyers,805.8001000000002,0.0,0.01,81385.81010000002,81385.8101000003,-2.764863893389702e-10
12330,6,Declining Frequent Buyers,805.8001000000002,0.0,0.01,81385.81010000002,81385.8101000003,-2.764863893389702e-10
12317,6,Declining Frequent Buyers,805.8001000000002,0.0,0.01,81385.81010000002,81385.8101000003,-2.764863893389702e-10
12316,6,Declining Frequent Buyers,805.8001000000002,0.0,0.01,81385.81010000002,81385.8101000003,-2.764863893389702e-10
12314,6,Declining Frequent Buyers,805.8001000000002,0.0,0.01,81385.81010000002,81385.8101000003,-2.764863893389702e-10
12305,6,Declining Frequent Buyers,805.8001000000002,0.0,0.01,81385.81010000002,81385.8101000003,-2.764863893389702e-10
12990,6,Declining Frequent Buyers,805.8001000000002,0.0,0.01,81385.81010000002,81385.8101000003,-2.764863893389702e-10
14030,6,Declining Frequent Buyers,805.8001000000002,0.0,0.01,81385.81010000002,81385.8101000003,-2.764863893389702e-10
12987,6,Declining Frequent Buyers,805.8001000000002,0.0,0.01,81385.81010000002,81385.8101000003,-2.764863893389702e-10
12302,6,Declining Frequent Buyers,805.8001000000002,0.0,0.01,81385.81010000002,81385.8101000003,-2.764863893389702e-10
14032,6,Declining Frequent Buyers,805.8001000000002,0.0,0.01,81385.81010000002,81385.8101000003,-2.764863893389702e-10
12668,6,Declining Frequent Buyers,805.8001000000002,0.0,0.01,81385.81010000002,81385.8101000003,-2.764863893389702e-10
14033,6,Declining Frequent Buyers,805.8001000000002,0.0,0.01,81385.81010000002,81385.8101000003,-2.764863893389702e-10
14010,6,Declining Frequent Buyers,805.8001000000002,0.0,0.01,81385.81010000002,81385.8101000003,-2.764863893389702e-10
13974,6,Declining Frequent Buyers,805.8001000000002,0.0,0.01,81385.81010000002,81385.8101000003,-2.764863893389702e-10
12299,6,Declining Frequent Buyers,805.8001000000002,0.0,0.01,81385.81010000002,81385.8101000003,-2.764863893389702e-10
12683,6,Declining Frequent Buyers,805.8001000000002,0.0,0.01,81385.81010000002,81385.8101000003,-2.764863893389702e-10
12689,6,Declining Frequent Buyers,805.8001000000002,0.0,0.01,81385.81010000002,81385.8101000003,-2.764863893389702e-10
12688,6,Declining Frequent Buyers,805.8001000000002,0.0,0.01,81385.81010000002,81385.8101000003,-2.764863893389702e-10
13075,6,Declining Frequent Buyers,805.8001000000002,0.0,0.01,81385.81010000002,81385.8101000003,-2.764863893389702e-10
12675,6,Declining Frequent Buyers,805.8001000000002,0.0,0.01,81385.81010000002,81385.8101000003,-2.764863893389702e-10
14128,6,Declining Frequent Buyers,805.8001000000002,0.0,0.01,81385.81010000002,81385.8101000003,-2.764863893389702e-10
13111,6,Declining Frequent Buyers,805.8001000000002,0.0,0.01,81385.81010000002,81385.8101000003,-2.764863893389702e-10
13051,6,Declining Frequent Buyers,805.8001000000002,0.0,0.01,81385.81010000002,81385.8101000003,-2.764863893389702e-10
12693,6,Declining Frequent Buyers,805.8001000000002,0.0,0.01,81385.81010000002,81385.8101000003,-2.764863893389702e-10
12676,6,Declining Frequent Buyers,805.8001000000002,0.0,0.01,81385.81010000002,81385.8101000003,-2.764863893389702e-10
13050,6,Declining Frequent Buyers,805.8001000000002,0.0,0.01,81385.81010000002,81385.8101000003,-2.764863893389702e-10
13049,6,Declining Frequent Buyers,805.8001000000002,0.0,0.01,81385.81010000002,81385.8101000003,-2.764863893389702e-10
14131,6,Declining Frequent Buyers,805.8001000000002,0.0,0.01,81385.81010000002,81385.8101000003,-2.764863893389702e-10
13078,6,Declining Frequent Buyers,805.8001000000002,0.0,0.01,81385.81010000002,81385.8101000003,-2.764863893389702e-10
13038,6,Declining Frequent Buyers,805.8001000000002,0.0,0.01,81385.81010000002,81385.8101000003,-2.764863893389702e-10
14125,6,Declining Frequent Buyers,805.8001000000002,0.0,0.01,81385.81010000002,81385.8101000003,-2.764863893389702e-10
12599,6,Declining Frequent Buyers,805.8001000000002,0.0,0.01,81385.81010000002,81385.8101000003,-2.764863893389702e-10
13994,6,Declining Frequent Buyers,805.8001000000002,0.0,0.01,81385.81010000002,81385.8101000003,-2.764863893389702e-10
13113,6,Declining Frequent Buyers,805.8001000000002,0.0,0.01,81385.81010000002,81385.8101000003,-2.764863893389702e-10
13997,6,Declining Frequent Buyers,805.8001000000002,0.0,0.01,81385.81010000002,81385.8101000003,-2.764863893389702e-10
14011,6,Declining Frequent Buyers,805.8001000000002,0.0,0.01,81385.81010000002,81385.8101000003,-2.764863893389702e-10
13091,6,Declining Frequent Buyers,805.8001000000002,0.0,0.01,81385.81010000002,81385.8101000003,-2.764863893389702e-10
12615,6,Declining Frequent Buyers,805.8001000000002,0.0,0.01,81385.81010000002,81385.8101000003,-2.764863893389702e-10
13104,6,Declining Frequent Buyers,805.8001000000002,0.0,0.01,81385.81010000002,81385.8101000003,-2.764863893389702e-10
13114,6,Declining Frequent Buyers,805.8001000000002,0.0,0.01,81385.81010000002,81385.8101000003,-2.764863893389702e-10
12706,6,Declining Frequent Buyers,805.8001000000002,0.0,0.01,81385.81010000002,81385.8101000003,-2.764863893389702e-10
12698,6,Declining Frequent Buyers,805.8001000000002,0.0,0.01,81385.81010000002,81385.8101000003,-2.764863893389702e-10
12463,6,Declining Frequent Buyers,805.8001000000002,0.0,0.01,81385.81010000002,81385.8101000003,-2.764863893389702e-10
13106,6,Declining Frequent Buyers,805.8001000000002,0.0,0.01,81385.81010000002,81385.8101000003,-2.764863893389702e-10
12701,6,Declining Frequent Buyers,805.8001000000002,0.0,0.01,81385.81010000002,81385.8101000003,-2.764863893389702e-10
12700,6,Declining Frequent Buyers,805.8001000000002,0.0,0.01,81385.81010000002,81385.8101000003,-2.764863893389702e-10
13108,6,Declining Frequent Buyers,805.8001000000002,0.0,0.01,81385.81010000002,81385.8101000003,-2.764863893389702e-10
12674,6,Declining Frequent Buyers,805.8001000000002,0.0,0.01,81385.81010000002,81385.8101000003,-2.764863893389702e-10
12339,6,Declining Frequent Buyers,805.8001000000002,0.0,0.01,81385.81010000002,81385.8101000003,-2.764863893389702e-10
13119,6,Declining Frequent Buyers,805.8001000000002,0.0,0.01,81385.81010000002,81385.8101000003,-2.764863893389702e-10
12218,6,Declining Frequent Buyers,805.8001000000002,0.0,0.01,81385.81010000002,81385.8101000003,-2.764863893389702e-10
26536,6,Declining Frequent Buyers,805.8001000000002,0.0,0.01,81385.81010000002,81385.8101000003,-2.764863893389702e-10
26538,6,Declining Frequent Buyers,805.8001000000002,0.0,0.01,81385.81010000002,81385.8101000003,-2.764863893389702e-10
13018,6,Declining Frequent Buyers,805.8001000000002,0.0,0.01,81385.81010000002,81385.8101000003,-2.764863893389702e-10
20375,6,Declining Frequent Buyers,805.8001000000002,0.0,0.01,81385.81010000002,81385.8101000003,-2.764863893389702e-10
26481,6,Declining Frequent Buyers,805.8001000000002,0.0,0.01,81385.81010000002,81385.8101000003,-2.764863893389702e-10
12473,6,Declining Frequent Buyers,805.8001000000002,0.0,0.01,81385.81010000002,81385.8101000003,-2.764863893389702e-10
26484,6,Declining Frequent Buyers,805.8001000000002,0.0,0.01,81385.81010000002,81385.8101000003,-2.764863893389702e-10
26485,6,Declining Frequent Buyers,805.8001000000002,0.0,0.01,81385.81010000002,81385.8101000003,-2.764863893389702e-10
20373,6,Declining Frequent Buyers,805.8001000000002,0.0,0.01,81385.81010000002,81385.8101000003,-2.764863893389702e-10
13021,6,Declining Frequent Buyers,805.8001000000002,0.0,0.01,81385.81010000002,81385.8101000003,-2.764863893389702e-10
26511,6,Declining Frequent Buyers,805.8001000000002,0.0,0.01,81385.81010000002,81385.8101000003,-2.764863893389702e-10
26510,6,Declining Frequent Buyers,805.8001000000002,0.0,0.01,81385.81010000002,81385.8101000003,-2.764863893389702e-10
12298,6,Declining Frequent Buyers,805.8001000000002,0.0,0.01,81385.81010000002,81385.8101000003,-2.764863893389702e-10
26499,6,Declining Frequent Buyers,805.8001000000002,0.0,0.01,81385.81010000002,81385.8101000003,-2.764863893389702e-10
12284,6,Declining Frequent Buyers,805.8001000000002,0.0,0.01,81385.81010000002,81385.8101000003,-2.764863893389702e-10
14220,6,Declining Frequent Buyers,805.8001000000002,0.0,0.01,81385.81010000002,81385.8101000003,-2.764863893389702e-10
20350,6,Declining Frequent Buyers,805.8001000000002,0.0,0.01,81385.81010000002,81385.8101000003,-2.764863893389702e-10
26532,6,Declining Frequent Buyers,805.8001000000002,0.0,0.01,81385.81010000002,81385.8101000003,-2.764863893389702e-10
26608,6,Declining Frequent Buyers,805.8001000000002,0.0,0.01,81385.81010000002,81385.8101000003,-2.764863893389702e-10
26581,6,Declining Frequent Buyers,805.8001000000002,0.0,0.01,81385.81010000002,81385.8101000003,-2.764863893389702e-10
26611,6,Declining Frequent Buyers,805.8001000000002,0.0,0.01,81385.81010000002,81385.8101000003,-2.764863893389702e-10
13000,6,Declining Frequent Buyers,805.8001000000002,0.0,0.01,81385.81010000002,81385.8101000003,-2.764863893389702e-10
12583,6,Declining Frequent Buyers,805.8001000000002,0.0,0.01,81385.81010000002,81385.8101000003,-2.764863893389702e-10
26610,6,Declining Frequent Buyers,805.8001000000002,0.0,0.01,81385.81010000002,81385.8101000003,-2.764863893389702e-10
26609,6,Declining Frequent Buyers,805.8001000000002,0.0,0.01,81385.81010000002,81385.8101000003,-2.764863893389702e-10
14219,6,Declining Frequent Buyers,805.8001000000002,0.0,0.01,81385.81010000002,81385.8101000003,-2.764863893389702e-10
26534,6,Declining Frequent Buyers,805.8001000000002,0.0,0.01,81385.81010000002,81385.8101000003,-2.764863893389702e-10
13007,6,Declining Frequent Buyers,805.8001000000002,0.0,0.01,81385.81010000002,81385.8101000003,-2.764863893389702e-10
20188,6,Declining Frequent Buyers,805.8001000000002,0.0,0.01,81385.81010000002,81385.8101000003,-2.764863893389702e-10
13010,6,Declining Frequent Buyers,805.8001000000002,0.0,0.01,81385.81010000002,81385.8101000003,-2.764863893389702e-10
13012,6,Declining Frequent Buyers,805.8001000000002,0.0,0.01,81385.81010000002,81385.8101000003,-2.764863893389702e-10
20318,6,Declining Frequent Buyers,805.8001000000002,0.0,0.01,81385.81010000002,81385.8101000003,-2.764863893389702e-10
26601,6,Declining Frequent Buyers,805.8001000000002,0.0,0.01,81385.81010000002,81385.8101000003,-2.764863893389702e-10
12584,6,Declining Frequent Buyers,805.8001000000002,0.0,0.01,81385.81010000002,81385.8101000003,-2.764863893389702e-10
12677,6,Declining Frequent Buyers,805.8001000000002,0.0,0.01,81385.81010000002,81385.8101000003,-2.764863893389702e-10
13139,6,Declining Frequent Buyers,805.8001000000002,0.0,0.01,81385.81010000002,81385.8101000003,-2.764863893389702e-10
12275,6,Declining Frequent Buyers,805.8001000000002,0.0,0.01,81385.81010000002,81385.8101000003,-2.764863893389702e-10
13156,6,Declining Frequent Buyers,805.8001000000002,0.0,0.01,81385.81010000002,81385.8101000003,-2.764863893389702e-10
14103,6,Declining Frequent Buyers,805.8001000000002,0.0,0.01,81385.81010000002,81385.8101000003,-2.764863893389702e-10
13160,6,Declining Frequent Buyers,805.8001000000002,0.0,0.01,81385.81010000002,81385.8101000003,-2.764863893389702e-10
12276,6,Declining Frequent Buyers,805.8001000000002,0.0,0.01,81385.81010000002,81385.8101000003,-2.764863893389702e-10
12572,6,Declining Frequent Buyers,805.8001000000002,0.0,0.01,81385.81010000002,81385.8101000003,-2.764863893389702e-10
12277,6,Declining Frequent Buyers,805.8001000000002,0.0,0.01,81385.81010000002,81385.8101000003,-2.764863893389702e-10
26521,6,Declining Frequent Buyers,805.8001000000002,0.0,0.01,81385.81010000002,81385.8101000003,-2.764863893389702e-10
12574,6,Declining Frequent Buyers,805.8001000000002,0.0,0.01,81385.81010000002,81385.8101000003,-2.764863893389702e-10
12571,6,Declining Frequent Buyers,805.8001000000002,0.0,0.01,81385.81010000002,81385.8101000003,-2.764863893389702e-10
12129,6,Declining Frequent Buyers,805.8001000000002,0.0,0.01,81385.81010000002,81385.8101000003,-2.764863893389702e-10
26120,6,Declining Frequent Buyers,805.8001000000002,0.0,0.01,81385.81010000002,81385.8101000003,-2.764863893389702e-10
12994,6,Declining Frequent Buyers,805.8001000000002,0.0,0.01,81385.81010000002,81385.8101000003,-2.764863893389702e-10
13025,6,Declining Frequent Buyers,805.8001000000002,0.0,0.01,81385.81010000002,81385.8101000003,-2.764863893389702e-10
14102,6,Declining Frequent Buyers,805.8001000000002,0.0,0.01,81385.81010000002,81385.8101000003,-2.764863893389702e-10
20708,6,Declining Frequent Buyers,805.8001000000002,0.0,0.01,81385.81010000002,81379.96341200029,5.846687999728601
21272,6,Declining Frequent Buyers,805.8001000000002,0.0,0.01,81385.81010000002,81379.96341200029,5.846687999728601
20656,6,Declining Frequent Buyers,805.8001000000002,0.0,0.01,81385.81010000002,81377.0400680003,8.77003199972387
21284,6,Declining Frequent Buyers,797.1169,0.0,0.01,80508.8069,80511.73024400018,-2.923344000184443
21138,6,Declining Frequent Buyers,797.1169,0.0,0.01,80508.8069,80511.73024400018,-2.923344000184443
21266,6,Declining Frequent Buyers,797.1169,0.0,0.01,80508.8069,80511.73024400018,-2.923344000184443
21332,6,Declining Frequent Buyers,797.1169,0.0,0.01,80508.8069,80511.73024400018,-2.923344000184443
21311,6,Declining Frequent Buyers,797.1169,0.0,0.01,80508.8069,80511.73024400018,-2.923344000184443
21305,6,Declining Frequent Buyers,797.1169,0.0,0.01,80508.8069,80511.73024400018,-2.923344000184443
13619,6,Declining Frequent Buyers,797.1169,0.0,0.01,80508.8069,80508.80690000019,-1.8917489796876907e-10
12680,6,Declining Frequent Buyers,797.1169,0.0,0.01,80508.8069,80508.80690000019,-1.8917489796876907e-10
28739,6,Declining Frequent Buyers,797.1169,0.0,0.01,80508.8069,80508.80690000019,-1.8917489796876907e-10
28728,6,Declining Frequent Buyers,797.1169,0.0,0.01,80508.8069,80508.80690000019,-1.8917489796876907e-10
13620,6,Declining Frequent Buyers,797.1169,0.0,0.01,80508.8069,80508.80690000019,-1.8917489796876907e-10
28749,6,Declining Frequent Buyers,797.1169,0.0,0.01,80508.8069,80508.80690000019,-1.8917489796876907e-10
13625,6,Declining Frequent Buyers,797.1169,0.0,0.01,80508.8069,80508.80690000019,-1.8917489796876907e-10
12667,6,Declining Frequent Buyers,797.1169,0.0,0.01,80508.8069,80508.80690000019,-1.8917489796876907e-10
28756,6,Declining Frequent Buyers,797.1169,0.0,0.01,80508.8069,80508.80690000019,-1.8917489796876907e-10
28750,6,Declining Frequent Buyers,797.1169,0.0,0.01,80508.8069,80508.80690000019,-1.8917489796876907e-10
12671,6,Declining Frequent Buyers,797.1169,0.0,0.01,80508.8069,80508.80690000019,-1.8917489796876907e-10
12492,6,Declining Frequent Buyers,797.1169,0.0,0.01,80508.8069,80508.80690000019,-1.8917489796876907e-10
12670,6,Declining Frequent Buyers,797.1169,0.0,0.01,80508.8069,80508.80690000019,-1.8917489796876907e-10
13633,6,Declining Frequent Buyers,797.1169,0.0,0.01,80508.8069,80508.80690000019,-1.8917489796876907e-10
12669,6,Declining Frequent Buyers,797.1169,0.0,0.01,80508.8069,80508.80690000019,-1.8917489796876907e-10
13966,6,Declining Frequent Buyers,797.1169,0.0,0.01,80508.8069,80508.80690000019,-1.8917489796876907e-10
13631,6,Declining Frequent Buyers,797.1169,0.0,0.01,80508.8069,80508.80690000019,-1.8917489796876907e-10
13637,6,Declining Frequent Buyers,797.1169,0.0,0.01,80508.8069,80508.80690000019,-1.8917489796876907e-10
12585,6,Declining Frequent Buyers,797.1169,0.0,0.01,80508.8069,80508.80690000019,-1.8917489796876907e-10
13638,6,Declining Frequent Buyers,797.1169,0.0,0.01,80508.8069,80508.80690000019,-1.8917489796876907e-10
12486,6,Declining Frequent Buyers,797.1169,0.0,0.01,80508.8069,80508.80690000019,-1.8917489796876907e-10
21148,6,Declining Frequent Buyers,797.1169,0.0,0.01,80508.8069,80508.80690000019,-1.8917489796876907e-10
12673,6,Declining Frequent Buyers,797.1169,0.0,0.01,80508.8069,80508.80690000019,-1.8917489796876907e-10
13629,6,Declining Frequent Buyers,797.1169,0.0,0.01,80508.8069,80508.80690000019,-1.8917489796876907e-10
13967,6,Declining Frequent Buyers,797.1169,0.0,0.01,80508.8069,80508.80690000019,-1.8917489796876907e-10
13626,6,Declining Frequent Buyers,797.1169,0.0,0.01,80508.8069,80508.80690000019,-1.8917489796876907e-10
20670,6,Declining Frequent Buyers,797.1169,0.0,0.01,80508.8069,80508.80690000019,-1.8917489796876907e-10
12681,6,Declining Frequent Buyers,797.1169,0.0,0.01,80508.8069,80508.80690000019,-1.8917489796876907e-10
12341,6,Declining Frequent Buyers,797.1169,0.0,0.01,80508.8069,80508.80690000019,-1.8917489796876907e-10
12356,6,Declining Frequent Buyers,797.1169,0.0,0.01,80508.8069,80508.80690000019,-1.8917489796876907e-10
12355,6,Declining Frequent Buyers,797.1169,0.0,0.01,80508.8069,80508.80690000019,-1.8917489796876907e-10
12354,6,Declining Frequent Buyers,797.1169,0.0,0.01,80508.8069,80508.80690000019,-1.8917489796876907e-10
12349,6,Declining Frequent Buyers,797.1169,0.0,0.01,80508.8069,80508.80690000019,-1.8917489796876907e-10
12348,6,Declining Frequent Buyers,797.1169,0.0,0.01,80508.8069,80508.80690000019,-1.8917489796876907e-10
12347,6,Declining Frequent Buyers,797.1169,0.0,0.01,80508.8069,80508.80690000019,-1.8917489796876907e-10
12282,6,Declining Frequent Buyers,797.1169,0.0,0.01,80508.8069,80508.80690000019,-1.8917489796876907e-10
12283,6,Declining Frequent Buyers,797.1169,0.0,0.01,80508.8069,80508.80690000019,-1.8917489796876907e-10
12388,6,Declining Frequent Buyers,797.1169,0.0,0.01,80508.8069,80508.80690000019,-1.8917489796876907e-10
12391,6,Declining Frequent Buyers,797.1169,0.0,0.01,80508.8069,80508.80690000019,-1.8917489796876907e-10
12402,6,Declining Frequent Buyers,797.1169,0.0,0.01,80508.8069,80508.80690000019,-1.8917489796876907e-10
12394,6,Declining Frequent Buyers,797.1169,0.0,0.01,80508.8069,80508.80690000019,-1.8917489796876907e-10
12580,6,Declining Frequent Buyers,797.1169,0.0,0.01,80508.8069,80508.80690000019,-1.8917489796876907e-10
12286,6,Declining Frequent Buyers,797.1169,0.0,0.01,80508.8069,80508.80690000019,-1.8917489796876907e-10
12343,6,Declining Frequent Buyers,797.1169,0.0,0.01,80508.8069,80508.80690000019,-1.8917489796876907e-10
12342,6,Declining Frequent Buyers,797.1169,0.0,0.01,80508.8069,80508.80690000019,-1.8917489796876907e-10
12297,6,Declining Frequent Buyers,797.1169,0.0,0.01,80508.8069,80508.80690000019,-1.8917489796876907e-10
12292,6,Declining Frequent Buyers,797.1169,0.0,0.01,80508.8069,80508.80690000019,-1.8917489796876907e-10
20208,6,Declining Frequent Buyers,797.1169,0.0,0.01,80508.8069,80508.80690000019,-1.8917489796876907e-10
12289,6,Declining Frequent Buyers,797.1169,0.0,0.01,80508.8069,80508.80690000019,-1.8917489796876907e-10
12287,6,Declining Frequent Buyers,797.1169,0.0,0.01,80508.8069,80508.80690000019,-1.8917489796876907e-10
20206,6,Declining Frequent Buyers,797.1169,0.0,0.01,80508.8069,80508.80690000019,-1.8917489796876907e-10
20736,6,Declining Frequent Buyers,797.1169,0.0,0.01,80508.8069,80508.80690000019,-1.8917489796876907e-10
20651,6,Declining Frequent Buyers,797.1169,0.0,0.01,80508.8069,80508.80690000019,-1.8917489796876907e-10
20665,6,Declining Frequent Buyers,797.1169,0.0,0.01,80508.8069,80508.80690000019,-1.8917489796876907e-10
20669,6,Declining Frequent Buyers,797.1169,0.0,0.01,80508.8069,80508.80690000019,-1.8917489796876907e-10
20680,6,Declining Frequent Buyers,797.1169,0.0,0.01,80508.8069,80508.80690000019,-1.8917489796876907e-10
12270,6,Declining Frequent Buyers,797.1169,0.0,0.01,80508.8069,80508.80690000019,-1.8917489796876907e-10
12340,6,Declining Frequent Buyers,797.1169,0.0,0.01,80508.8069,80508.80690000019,-1.8917489796876907e-10
13959,6,Declining Frequent Buyers,797.1169,0.0,0.01,80508.8069,80508.80690000019,-1.8917489796876907e-10
12335,6,Declining Frequent Buyers,797.1169,0.0,0.01,80508.8069,80508.80690000019,-1.8917489796876907e-10
13958,6,Declining Frequent Buyers,797.1169,0.0,0.01,80508.8069,80508.80690000019,-1.8917489796876907e-10
12588,6,Declining Frequent Buyers,797.1169,0.0,0.01,80508.8069,80508.80690000019,-1.8917489796876907e-10
12589,6,Declining Frequent Buyers,797.1169,0.0,0.01,80508.8069,80508.80690000019,-1.8917489796876907e-10
12608,6,Declining Frequent Buyers,797.1169,0.0,0.01,80508.8069,80508.80690000019,-1.8917489796876907e-10
12609,6,Declining Frequent Buyers,797.1169,0.0,0.01,80508.8069,80508.80690000019,-1.8917489796876907e-10
12612,6,Declining Frequent Buyers,797.1169,0.0,0.01,80508.8069,80508.80690000019,-1.8917489796876907e-10
12685,6,Declining Frequent Buyers,797.1169,0.0,0.01,80508.8069,80508.80690000019,-1.8917489796876907e-10
12578,6,Declining Frequent Buyers,797.1169,0.0,0.01,80508.8069,80508.80690000019,-1.8917489796876907e-10
12619,6,Declining Frequent Buyers,797.1169,0.0,0.01,80508.8069,80508.80690000019,-1.8917489796876907e-10
12622,6,Declining Frequent Buyers,797.1169,0.0,0.01,80508.8069,80508.80690000019,-1.8917489796876907e-10
11492,6,Declining Frequent Buyers,797.1169,0.0,0.01,80508.8069,80508.80690000019,-1.8917489796876907e-10
11575,6,Declining Frequent Buyers,797.1169,0.0,0.01,80508.8069,80508.80690000019,-1.8917489796876907e-10
11564,6,Declining Frequent Buyers,797.1169,0.0,0.01,80508.8069,80508.80690000019,-1.8917489796876907e-10
12623,6,Declining Frequent Buyers,797.1169,0.0,0.01,80508.8069,80508.80690000019,-1.8917489796876907e-10
11470,6,Declining Frequent Buyers,797.1169,0.0,0.01,80508.8069,80508.80690000019,-1.8917489796876907e-10
12579,6,Declining Frequent Buyers,797.1169,0.0,0.01,80508.8069,80508.80690000019,-1.8917489796876907e-10
11614,6,Declining Frequent Buyers,797.1169,0.0,0.01,80508.8069,80508.80690000019,-1.8917489796876907e-10
11612,6,Declining Frequent Buyers,797.1169,0.0,0.01,80508.8069,80508.80690000019,-1.8917489796876907e-10
12460,6,Declining Frequent Buyers,797.1169,0.0,0.01,80508.8069,80508.80690000019,-1.8917489796876907e-10
11609,6,Declining Frequent Buyers,797.1169,0.0,0.01,80508.8069,80508.80690000019,-1.8917489796876907e-10
11605,6,Declining Frequent Buyers,797.1169,0.0,0.01,80508.8069,80508.80690000019,-1.8917489796876907e-10
11604,6,Declining Frequent Buyers,797.1169,0.0,0.01,80508.8069,80508.80690000019,-1.8917489796876907e-10
11603,6,Declining Frequent Buyers,797.1169,0.0,0.01,80508.8069,80508.80690000019,-1.8917489796876907e-10
12684,6,Declining Frequent Buyers,797.1169,0.0,0.01,80508.8069,80508.80690000019,-1.8917489796876907e-10
12318,6,Declining Frequent Buyers,797.1169,0.0,0.01,80508.8069,80508.80690000019,-1.8917489796876907e-10
12328,6,Declining Frequent Buyers,797.1169,0.0,0.01,80508.8069,80508.80690000019,-1.8917489796876907e-10
12380,6,Declining Frequent Buyers,797.1169,0.0,0.01,80508.8069,80508.80690000019,-1.8917489796876907e-10
11561,6,Declining Frequent Buyers,797.1169,0.0,0.01,80508.8069,80508.80690000019,-1.8917489796876907e-10
12998,6,Declining Frequent Buyers,797.1169,0.0,0.01,80508.8069,80508.80690000019,-1.8917489796876907e-10
28724,6,Declining Frequent Buyers,797.1169,0.0,0.01,80508.8069,80508.80690000019,-1.8917489796876907e-10
13131,6,Declining Frequent Buyers,797.1169,0.0,0.01,80508.8069,80508.80690000019,-1.8917489796876907e-10
26491,6,Declining Frequent Buyers,797.1169,0.0,0.01,80508.8069,80508.80690000019,-1.8917489796876907e-10
26490,6,Declining Frequent Buyers,797.1169,0.0,0.01,80508.8069,80508.80690000019,-1.8917489796876907e-10
26487,6,Declining Frequent Buyers,797.1169,0.0,0.01,80508.8069,80508.80690000019,-1.8917489796876907e-10
26486,6,Declining Frequent Buyers,797.1169,0.0,0.01,80508.8069,80508.80690000019,-1.8917489796876907e-10
12575,6,Declining Frequent Buyers,797.1169,0.0,0.01,80508.8069,80508.80690000019,-1.8917489796876907e-10
12573,6,Declining Frequent Buyers,797.1169,0.0,0.01,80508.8069,80508.80690000019,-1.8917489796876907e-10
13132,6,Declining Frequent Buyers,797.1169,0.0,0.01,80508.8069,80508.80690000019,-1.8917489796876907e-10
13135,6,Declining Frequent Buyers,797.1169,0.0,0.01,80508.8069,80508.80690000019,-1.8917489796876907e-10
13134,6,Declining Frequent Buyers,797.1169,0.0,0.01,80508.8069,80508.80690000019,-1.8917489796876907e-10
13133,6,Declining Frequent Buyers,797.1169,0.0,0.01,80508.8069,80508.80690000019,-1.8917489796876907e-10
13130,6,Declining Frequent Buyers,797.1169,0.0,0.01,80508.8069,80508.80690000019,-1.8917489796876907e-10
13645,6,Declining Frequent Buyers,797.1169,0.0,0.01,80508.8069,80508.80690000019,-1.8917489796876907e-10
13129,6,Declining Frequent Buyers,797.1169,0.0,0.01,80508.8069,80508.80690000019,-1.8917489796876907e-10
13128,6,Declining Frequent Buyers,797.1169,0.0,0.01,80508.8069,80508.80690000019,-1.8917489796876907e-10
13126,6,Declining Frequent Buyers,797.1169,0.0,0.01,80508.8069,80508.80690000019,-1.8917489796876907e-10
13123,6,Declining Frequent Buyers,797.1169,0.0,0.01,80508.8069,80508.80690000019,-1.8917489796876907e-10
13118,6,Declining Frequent Buyers,797.1169,0.0,0.01,80508.8069,80508.80690000019,-1.8917489796876907e-10
13117,6,Declining Frequent Buyers,797.1169,0.0,0.01,80508.8069,80508.80690000019,-1.8917489796876907e-10
12570,6,Declining Frequent Buyers,797.1169,0.0,0.01,80508.8069,80508.80690000019,-1.8917489796876907e-10
12560,6,Declining Frequent Buyers,797.1169,0.0,0.01,80508.8069,80508.80690000019,-1.8917489796876907e-10
12559,6,Declining Frequent Buyers,797.1169,0.0,0.01,80508.8069,80508.80690000019,-1.8917489796876907e-10
12526,6,Declining Frequent Buyers,797.1169,0.0,0.01,80508.8069,80508.80690000019,-1.8917489796876907e-10
26509,6,Declining Frequent Buyers,797.1169,0.0,0.01,80508.8069,80508.80690000019,-1.8917489796876907e-10
26530,6,Declining Frequent Buyers,797.1169,0.0,0.01,80508.8069,80508.80690000019,-1.8917489796876907e-10
26537,6,Declining Frequent Buyers,797.1169,0.0,0.01,80508.8069,80508.80690000019,-1.8917489796876907e-10
26539,6,Declining Frequent Buyers,797.1169,0.0,0.01,80508.8069,80508.80690000019,-1.8917489796876907e-10
26297,6,Declining Frequent Buyers,797.1169,0.0,0.01,80508.8069,80508.80690000019,-1.8917489796876907e-10
26234,6,Declining Frequent Buyers,797.1169,0.0,0.01,80508.8069,80508.80690000019,-1.8917489796876907e-10
26238,6,Declining Frequent Buyers,797.1169,0.0,0.01,80508.8069,80508.80690000019,-1.8917489796876907e-10
26247,6,Declining Frequent Buyers,797.1169,0.0,0.01,80508.8069,80508.80690000019,-1.8917489796876907e-10
26295,6,Declining Frequent Buyers,797.1169,0.0,0.01,80508.8069,80508.80690000019,-1.8917489796876907e-10
26293,6,Declining Frequent Buyers,797.1169,0.0,0.01,80508.8069,80508.80690000019,-1.8917489796876907e-10
26292,6,Declining Frequent Buyers,797.1169,0.0,0.01,80508.8069,80508.80690000019,-1.8917489796876907e-10
26286,6,Declining Frequent Buyers,797.1169,0.0,0.01,80508.8069,80508.80690000019,-1.8917489796876907e-10
26280,6,Declining Frequent Buyers,797.1169,0.0,0.01,80508.8069,80508.80690000019,-1.8917489796876907e-10
26276,6,Declining Frequent Buyers,797.1169,0.0,0.01,80508.8069,80508.80690000019,-1.8917489796876907e-10
26252,6,Declining Frequent Buyers,797.1169,0.0,0.01,80508.8069,80508.80690000019,-1.8917489796876907e-10
14218,6,Declining Frequent Buyers,797.1169,0.0,0.01,80508.8069,80508.80690000019,-1.8917489796876907e-10
26614,6,Declining Frequent Buyers,797.1169,0.0,0.01,80508.8069,80508.80690000019,-1.8917489796876907e-10
26575,6,Declining Frequent Buyers,797.1169,0.0,0.01,80508.8069,80508.80690000019,-1.8917489796876907e-10
26540,6,Declining Frequent Buyers,797.1169,0.0,0.01,80508.8069,80508.80690000019,-1.8917489796876907e-10
26579,6,Declining Frequent Buyers,797.1169,0.0,0.01,80508.8069,80508.80690000019,-1.8917489796876907e-10
26606,6,Declining Frequent Buyers,797.1169,0.0,0.01,80508.8069,80508.80690000019,-1.8917489796876907e-10
26604,6,Declining Frequent Buyers,797.1169,0.0,0.01,80508.8069,80508.80690000019,-1.8917489796876907e-10
26603,6,Declining Frequent Buyers,797.1169,0.0,0.01,80508.8069,80508.80690000019,-1.8917489796876907e-10
26602,6,Declining Frequent Buyers,797.1169,0.0,0.01,80508.8069,80508.80690000019,-1.8917489796876907e-10
26600,6,Declining Frequent Buyers,797.1169,0.0,0.01,80508.8069,80508.80690000019,-1.8917489796876907e-10
13970,6,Declining Frequent Buyers,797.1169,0.0,0.01,80508.8069,80508.80690000019,-1.8917489796876907e-10
14031,6,Declining Frequent Buyers,797.1169,0.0,0.01,80508.8069,80508.80690000019,-1.8917489796876907e-10
13527,6,Declining Frequent Buyers,797.1169,0.0,0.01,80508.8069,80508.80690000019,-1.8917489796876907e-10
13107,6,Declining Frequent Buyers,797.1169,0.0,0.01,80508.8069,80508.80690000019,-1.8917489796876907e-10
13103,6,Declining Frequent Buyers,797.1169,0.0,0.01,80508.8069,80508.80690000019,-1.8917489796876907e-10
14132,6,Declining Frequent Buyers,797.1169,0.0,0.01,80508.8069,80508.80690000019,-1.8917489796876907e-10
13090,6,Declining Frequent Buyers,797.1169,0.0,0.01,80508.8069,80508.80690000019,-1.8917489796876907e-10
14133,6,Declining Frequent Buyers,797.1169,0.0,0.01,80508.8069,80508.80690000019,-1.8917489796876907e-10
14134,6,Declining Frequent Buyers,797.1169,0.0,0.01,80508.8069,80508.80690000019,-1.8917489796876907e-10
14062,6,Declining Frequent Buyers,797.1169,0.0,0.01,80508.8069,80508.80690000019,-1.8917489796876907e-10
13081,6,Declining Frequent Buyers,797.1169,0.0,0.01,80508.8069,80508.80690000019,-1.8917489796876907e-10
13035,6,Declining Frequent Buyers,797.1169,0.0,0.01,80508.8069,80508.80690000019,-1.8917489796876907e-10
12988,6,Declining Frequent Buyers,797.1169,0.0,0.01,80508.8069,80508.80690000019,-1.8917489796876907e-10
14070,6,Declining Frequent Buyers,797.1169,0.0,0.01,80508.8069,80508.80690000019,-1.8917489796876907e-10
14071,6,Declining Frequent Buyers,797.1169,0.0,0.01,80508.8069,80508.80690000019,-1.8917489796876907e-10
12989,6,Declining Frequent Buyers,797.1169,0.0,0.01,80508.8069,80508.80690000019,-1.8917489796876907e-10
12991,6,Declining Frequent Buyers,797.1169,0.0,0.01,80508.8069,80508.80690000019,-1.8917489796876907e-10
13024,6,Declining Frequent Buyers,797.1169,0.0,0.01,80508.8069,80508.80690000019,-1.8917489796876907e-10
13022,6,Declining Frequent Buyers,797.1169,0.0,0.01,80508.8069,80508.80690000019,-1.8917489796876907e-10
13020,6,Declining Frequent Buyers,797.1169,0.0,0.01,80508.8069,80508.80690000019,-1.8917489796876907e-10
12995,6,Declining Frequent Buyers,797.1169,0.0,0.01,80508.8069,80508.80690000019,-1.8917489796876907e-10
12996,6,Declining Frequent Buyers,797.1169,0.0,0.01,80508.8069,80508.80690000019,-1.8917489796876907e-10
13011,6,Declining Frequent Buyers,797.1169,0.0,0.01,80508.8069,80508.80690000019,-1.8917489796876907e-10
13006,6,Declining Frequent Buyers,797.1169,0.0,0.01,80508.8069,80508.80690000019,-1.8917489796876907e-10
13001,6,Declining Frequent Buyers,797.1169,0.0,0.01,80508.8069,80508.80690000019,-1.8917489796876907e-10
13105,6,Declining Frequent Buyers,797.1169,0.0,0.01,80508.8069,80508.80690000019,-1.8917489796876907e-10
13109,6,Declining Frequent Buyers,797.1169,0.0,0.01,80508.8069,80508.80690000019,-1.8917489796876907e-10
13518,6,Declining Frequent Buyers,797.1169,0.0,0.01,80508.8069,80508.80690000019,-1.8917489796876907e-10
13110,6,Declining Frequent Buyers,797.1169,0.0,0.01,80508.8069,80508.80690000019,-1.8917489796876907e-10
14038,6,Declining Frequent Buyers,797.1169,0.0,0.01,80508.8069,80508.80690000019,-1.8917489796876907e-10
14039,6,Declining Frequent Buyers,797.1169,0.0,0.01,80508.8069,80508.80690000019,-1.8917489796876907e-10
14045,6,Declining Frequent Buyers,797.1169,0.0,0.01,80508.8069,80508.80690000019,-1.8917489796876907e-10
14012,6,Declining Frequent Buyers,797.1169,0.0,0.01,80508.8069,80508.80690000019,-1.8917489796876907e-10
13975,6,Declining Frequent Buyers,797.1169,0.0,0.01,80508.8069,80508.80690000019,-1.8917489796876907e-10
14051,6,Declining Frequent Buyers,797.1169,0.0,0.01,80508.8069,80508.80690000019,-1.8917489796876907e-10
13115,6,Declining Frequent Buyers,797.1169,0.0,0.01,80508.8069,80508.80690000019,-1.8917489796876907e-10
12705,6,Declining Frequent Buyers,797.1169,0.0,0.01,80508.8069,80508.80690000019,-1.8917489796876907e-10
12703,6,Declining Frequent Buyers,797.1169,0.0,0.01,80508.8069,80508.80690000019,-1.8917489796876907e-10
12702,6,Declining Frequent Buyers,797.1169,0.0,0.01,80508.8069,80508.80690000019,-1.8917489796876907e-10
14055,6,Declining Frequent Buyers,797.1169,0.0,0.01,80508.8069,80508.80690000019,-1.8917489796876907e-10
12699,6,Declining Frequent Buyers,797.1169,0.0,0.01,80508.8069,80508.80690000019,-1.8917489796876907e-10
12694,6,Declining Frequent Buyers,797.1169,0.0,0.01,80508.8069,80508.80690000019,-1.8917489796876907e-10
13112,6,Declining Frequent Buyers,797.1169,0.0,0.01,80508.8069,80508.80690000019,-1.8917489796876907e-10
14127,6,Declining Frequent Buyers,797.1169,0.0,0.01,80508.8069,80508.80690000019,-1.8917489796876907e-10
14129,6,Declining Frequent Buyers,797.1169,0.0,0.01,80508.8069,80508.80690000019,-1.8917489796876907e-10
14130,6,Declining Frequent Buyers,797.1169,0.0,0.01,80508.8069,80508.80690000019,-1.8917489796876907e-10
13036,6,Declining Frequent Buyers,797.1169,0.0,0.01,80508.8069,80508.80690000019,-1.8917489796876907e-10
13076,6,Declining Frequent Buyers,797.1169,0.0,0.01,80508.8069,80508.80690000019,-1.8917489796876907e-10
13077,6,Declining Frequent Buyers,797.1169,0.0,0.01,80508.8069,80508.80690000019,-1.8917489796876907e-10
13079,6,Declining Frequent Buyers,797.1169,0.0,0.01,80508.8069,80508.80690000019,-1.8917489796876907e-10
26299,6,Declining Frequent Buyers,797.1169,0.0,0.01,80508.8069,80508.80690000019,-1.8917489796876907e-10
26326,6,Declining Frequent Buyers,797.1169,0.0,0.01,80508.8069,80508.80690000019,-1.8917489796876907e-10
26327,6,Declining Frequent Buyers,797.1169,0.0,0.01,80508.8069,80508.80690000019,-1.8917489796876907e-10
29389,6,Declining Frequent Buyers,797.1169,0.0,0.01,80508.8069,80508.80690000019,-1.8917489796876907e-10
29397,6,Declining Frequent Buyers,797.1169,0.0,0.01,80508.8069,80508.80690000019,-1.8917489796876907e-10
29404,6,Declining Frequent Buyers,797.1169,0.0,0.01,80508.8069,80508.80690000019,-1.8917489796876907e-10
29415,6,Declining Frequent Buyers,797.1169,0.0,0.01,80508.8069,80508.80690000019,-1.8917489796876907e-10
29364,6,Declining Frequent Buyers,797.1169,0.0,0.01,80508.8069,80508.80690000019,-1.8917489796876907e-10
13650,6,Declining Frequent Buyers,797.1169,0.0,0.01,80508.8069,80508.80690000019,-1.8917489796876907e-10
13651,6,Declining Frequent Buyers,797.1169,0.0,0.01,80508.8069,80508.80690000019,-1.8917489796876907e-10
13971,6,Declining Frequent Buyers,797.1169,0.0,0.01,80508.8069,80508.80690000019,-1.8917489796876907e-10
12576,6,Declining Frequent Buyers,797.1169,0.0,0.01,80508.8069,80508.80690000019,-1.8917489796876907e-10
26703,6,Declining Frequent Buyers,797.1169,0.0,0.01,80508.8069,80508.80690000019,-1.8917489796876907e-10
26698,6,Declining Frequent Buyers,797.1169,0.0,0.01,80508.8069,80508.80690000019,-1.8917489796876907e-10
26694,6,Declining Frequent Buyers,797.1169,0.0,0.01,80508.8069,80508.80690000019,-1.8917489796876907e-10
26684,6,Declining Frequent Buyers,797.1169,0.0,0.01,80508.8069,80508.80690000019,-1.8917489796876907e-10
26676,6,Declining Frequent Buyers,797.1169,0.0,0.01,80508.8069,80508.80690000019,-1.8917489796876907e-10
12123,6,Declining Frequent Buyers,797.1169,0.0,0.01,80508.8069,80508.80690000019,-1.8917489796876907e-10
26711,6,Declining Frequent Buyers,797.1169,0.0,0.01,80508.8069,80508.80690000019,-1.8917489796876907e-10
26723,6,Declining Frequent Buyers,797.1169,0.0,0.01,80508.8069,80508.80690000019,-1.8917489796876907e-10
12128,6,Declining Frequent Buyers,797.1169,0.0,0.01,80508.8069,80508.80690000019,-1.8917489796876907e-10
14211,6,Declining Frequent Buyers,797.1169,0.0,0.01,80508.8069,80508.80690000019,-1.8917489796876907e-10
26734,6,Declining Frequent Buyers,797.1169,0.0,0.01,80508.8069,80508.80690000019,-1.8917489796876907e-10
26731,6,Declining Frequent Buyers,797.1169,0.0,0.01,80508.8069,80508.80690000019,-1.8917489796876907e-10
26729,6,Declining Frequent Buyers,797.1169,0.0,0.01,80508.8069,80508.80690000019,-1.8917489796876907e-10
29390,6,Declining Frequent Buyers,797.1169,0.0,0.01,80508.8069,80508.80690000019,-1.8917489796876907e-10
26127,6,Declining Frequent Buyers,797.1169,0.0,0.01,80508.8069,80508.80690000019,-1.8917489796876907e-10
26727,6,Declining Frequent Buyers,797.1169,0.0,0.01,80508.8069,80508.80690000019,-1.8917489796876907e-10
12577,6,Declining Frequent Buyers,797.1169,0.0,0.01,80508.8069,80508.80690000019,-1.8917489796876907e-10
13646,6,Declining Frequent Buyers,797.1169,0.0,0.01,80508.8069,80508.80690000019,-1.8917489796876907e-10
13647,6,Declining Frequent Buyers,797.1169,0.0,0.01,80508.8069,80508.80690000019,-1.8917489796876907e-10
28904,6,Declining Frequent Buyers,797.1169,0.0,0.01,80508.8069,80508.80690000019,-1.8917489796876907e-10
28713,6,Declining Frequent Buyers,797.1169,0.0,0.01,80508.8069,80508.80690000019,-1.8917489796876907e-10
28506,6,Declining Frequent Buyers,797.1169,0.0,0.01,80508.8069,80508.80690000019,-1.8917489796876907e-10
13648,6,Declining Frequent Buyers,797.1169,0.0,0.01,80508.8069,80508.80690000019,-1.8917489796876907e-10
13618,6,Declining Frequent Buyers,797.1169,0.0,0.01,80508.8069,80508.80690000019,-1.8917489796876907e-10
28690,6,Declining Frequent Buyers,797.1169,0.0,0.01,80508.8069,80508.80690000019,-1.8917489796876907e-10
28689,6,Declining Frequent Buyers,797.1169,0.0,0.01,80508.8069,80508.80690000019,-1.8917489796876907e-10
28685,6,Declining Frequent Buyers,797.1169,0.0,0.01,80508.8069,80508.80690000019,-1.8917489796876907e-10
28683,6,Declining Frequent Buyers,797.1169,0.0,0.01,80508.8069,80508.80690000019,-1.8917489796876907e-10
28569,6,Declining Frequent Buyers,797.1169,0.0,0.01,80508.8069,80508.80690000019,-1.8917489796876907e-10
28559,6,Declining Frequent Buyers,797.1169,0.0,0.01,80508.8069,80508.80690000019,-1.8917489796876907e-10
28547,6,Declining Frequent Buyers,797.1169,0.0,0.01,80508.8069,80508.80690000019,-1.8917489796876907e-10
28541,6,Declining Frequent Buyers,797.1169,0.0,0.01,80508.8069,80508.80690000019,-1.8917489796876907e-10
28540,6,Declining Frequent Buyers,797.1169,0.0,0.01,80508.8069,80508.80690000019,-1.8917489796876907e-10
28529,6,Declining Frequent Buyers,797.1169,0.0,0.01,80508.8069,80508.80690000019,-1.8917489796876907e-10
28519,6,Declining Frequent Buyers,797.1169,0.0,0.01,80508.8069,80508.80690000019,-1.8917489796876907e-10
28512,6,Declining Frequent Buyers,797.1169,0.0,0.01,80508.8069,80508.80690000019,-1.8917489796876907e-10
13649,6,Declining Frequent Buyers,797.1169,0.0,0.01,80508.8069,80508.80690000019,-1.8917489796876907e-10
13616,6,Declining Frequent Buyers,797.1169,0.0,0.01,80508.8069,80508.80690000019,-1.8917489796876907e-10
26728,6,Declining Frequent Buyers,797.1169,0.0,0.01,80508.8069,80508.80690000019,-1.8917489796876907e-10
26725,6,Declining Frequent Buyers,797.1169,0.0,0.01,80508.8069,80508.80690000019,-1.8917489796876907e-10
26328,6,Declining Frequent Buyers,797.1169,0.0,0.01,80508.8069,80508.80690000019,-1.8917489796876907e-10
27069,6,Declining Frequent Buyers,797.1169,0.0,0.01,80508.8069,80508.80690000019,-1.8917489796876907e-10
12230,6,Declining Frequent Buyers,797.1169,0.0,0.01,80508.8069,80508.80690000019,-1.8917489796876907e-10
14216,6,Declining Frequent Buyers,797.1169,0.0,0.01,80508.8069,80508.80690000019,-1.8917489796876907e-10
12213,6,Declining Frequent Buyers,797.1169,0.0,0.01,80508.8069,80508.80690000019,-1.8917489796876907e-10
26801,6,Declining Frequent Buyers,797.1169,0.0,0.01,80508.8069,80508.80690000019,-1.8917489796876907e-10
12222,6,Declining Frequent Buyers,797.1169,0.0,0.01,80508.8069,80508.80690000019,-1.8917489796876907e-10
12226,6,Declining Frequent Buyers,797.1169,0.0,0.01,80508.8069,80508.80690000019,-1.8917489796876907e-10
12214,6,Declining Frequent Buyers,797.1169,0.0,0.01,80508.8069,80508.80690000019,-1.8917489796876907e-10
26815,6,Declining Frequent Buyers,797.1169,0.0,0.01,80508.8069,80508.80690000019,-1.8917489796876907e-10
26814,6,Declining Frequent Buyers,797.1169,0.0,0.01,80508.8069,80508.80690000019,-1.8917489796876907e-10
26315,6,Declining Frequent Buyers,797.1169,0.0,0.01,80508.8069,80508.80690000019,-1.8917489796876907e-10
26313,6,Declining Frequent Buyers,797.1169,0.0,0.01,80508.8069,80508.80690000019,-1.8917489796876907e-10
26305,6,Declining Frequent Buyers,797.1169,0.0,0.01,80508.8069,80508.80690000019,-1.8917489796876907e-10
26304,6,Declining Frequent Buyers,797.1169,0.0,0.01,80508.8069,80508.80690000019,-1.8917489796876907e-10
26302,6,Declining Frequent Buyers,797.1169,0.0,0.01,80508.8069,80508.80690000019,-1.8917489796876907e-10
26300,6,Declining Frequent Buyers,797.1169,0.0,0.01,80508.8069,80508.80690000019,-1.8917489796876907e-10
26319,6,Declining Frequent Buyers,797.1169,0.0,0.01,80508.8069,80508.80690000019,-1.8917489796876907e-10
26351,6,Declining Frequent Buyers,797.1169,0.0,0.01,80508.8069,80508.80690000019,-1.8917489796876907e-10
26344,6,Declining Frequent Buyers,797.1169,0.0,0.01,80508.8069,80508.80690000019,-1.8917489796876907e-10
26343,6,Declining Frequent Buyers,797.1169,0.0,0.01,80508.8069,80508.80690000019,-1.8917489796876907e-10
26338,6,Declining Frequent Buyers,797.1169,0.0,0.01,80508.8069,80508.80690000019,-1.8917489796876907e-10
26329,6,Declining Frequent Buyers,797.1169,0.0,0.01,80508.8069,80508.80690000019,-1.8917489796876907e-10
27068,6,Declining Frequent Buyers,797.1169,0.0,0.01,80508.8069,80508.80690000019,-1.8917489796876907e-10
12231,6,Declining Frequent Buyers,797.1169,0.0,0.01,80508.8069,80508.80690000019,-1.8917489796876907e-10
26724,6,Declining Frequent Buyers,797.1169,0.0,0.01,80508.8069,80508.80690000019,-1.8917489796876907e-10
27073,6,Declining Frequent Buyers,797.1169,0.0,0.01,80508.8069,80508.80690000019,-1.8917489796876907e-10
26638,6,Declining Frequent Buyers,797.1169,0.0,0.01,80508.8069,80508.80690000019,-1.8917489796876907e-10
26627,6,Declining Frequent Buyers,797.1169,0.0,0.01,80508.8069,80508.80690000019,-1.8917489796876907e-10
14214,6,Declining Frequent Buyers,797.1169,0.0,0.01,80508.8069,80508.80690000019,-1.8917489796876907e-10
26624,6,Declining Frequent Buyers,797.1169,0.0,0.01,80508.8069,80508.80690000019,-1.8917489796876907e-10
26623,6,Declining Frequent Buyers,797.1169,0.0,0.01,80508.8069,80508.80690000019,-1.8917489796876907e-10
26622,6,Declining Frequent Buyers,797.1169,0.0,0.01,80508.8069,80508.80690000019,-1.8917489796876907e-10
26618,6,Declining Frequent Buyers,797.1169,0.0,0.01,80508.8069,80508.80690000019,-1.8917489796876907e-10
26635,6,Declining Frequent Buyers,797.1169,0.0,0.01,80508.8069,80508.80690000019,-1.8917489796876907e-10
26649,6,Declining Frequent Buyers,797.1169,0.0,0.01,80508.8069,80508.80690000019,-1.8917489796876907e-10
26647,6,Declining Frequent Buyers,797.1169,0.0,0.01,80508.8069,80508.80690000019,-1.8917489796876907e-10
26645,6,Declining Frequent Buyers,797.1169,0.0,0.01,80508.8069,80508.80690000019,-1.8917489796876907e-10
26644,6,Declining Frequent Buyers,797.1169,0.0,0.01,80508.8069,80508.80690000019,-1.8917489796876907e-10
26616,6,Declining Frequent Buyers,797.1169,0.0,0.01,80508.8069,80508.80690000019,-1.8917489796876907e-10
27047,6,Declining Frequent Buyers,797.1169,0.0,0.01,80508.8069,80508.80690000019,-1.8917489796876907e-10
27058,6,Declining Frequent Buyers,797.1169,0.0,0.01,80508.8069,80508.80690000019,-1.8917489796876907e-10
27051,6,Declining Frequent Buyers,797.1169,0.0,0.01,80508.8069,80508.80690000019,-1.8917489796876907e-10
27045,6,Declining Frequent Buyers,797.1169,0.0,0.01,80508.8069,80508.80690000019,-1.8917489796876907e-10
27017,6,Declining Frequent Buyers,797.1169,0.0,0.01,80508.8069,80508.80690000019,-1.8917489796876907e-10
14215,6,Declining Frequent Buyers,797.1169,0.0,0.01,80508.8069,80508.80690000019,-1.8917489796876907e-10
27067,6,Declining Frequent Buyers,797.1169,0.0,0.01,80508.8069,80508.80690000019,-1.8917489796876907e-10
27074,6,Declining Frequent Buyers,797.1169,0.0,0.01,80508.8069,80508.80690000019,-1.8917489796876907e-10
26633,6,Declining Frequent Buyers,797.1169,0.0,0.01,80508.8069,80508.80690000019,-1.8917489796876907e-10
26331,6,Declining Frequent Buyers,797.1169,0.0,0.01,80508.8069,80508.80690000019,-1.8917489796876907e-10
20483,6,Declining Frequent Buyers,797.1169,0.0,0.01,80508.8069,80508.80690000019,-1.8917489796876907e-10
13080,6,Declining Frequent Buyers,797.1169,0.0,0.01,80508.8069,80508.80690000019,-1.8917489796876907e-10
26520,6,Declining Frequent Buyers,797.1169,0.0,0.01,80508.8069,80508.80690000019,-1.8917489796876907e-10
20546,6,Declining Frequent Buyers,797.1169,0.0,0.01,80508.8069,80508.80690000019,-1.8917489796876907e-10
20209,6,Declining Frequent Buyers,797.1169,0.0,0.01,80508.8069,80301.84797675018,206.95892324981105
20468,6,Declining Frequent Buyers,797.1169,0.0,0.01,80508.8069,79763.75477630018,745.0521236998175
29818,3,Inactive Low-Value Customers,24595.847477999992,0.23809523809523808,0.10790077545642739,78757.43484488201,68440.56105646257,10316.873788419442
29523,3,Inactive Low-Value Customers,20813.640851999997,0.23809523809523808,0.10790077545642739,66646.57376625828,67409.21243214155,-762.6386658832635
30107,3,Inactive Low-Value Customers,22003.840338999995,0.23809523809523808,0.10790077545642739,70457.666619784,66560.57179024185,3897.0948295421404
28819,6,Declining Frequent Buyers,626.6146000000001,0.0,0.01,63288.074600000014,63288.07459999994,7.275957614183426e-11
16054,6,Declining Frequent Buyers,626.6146000000001,0.0,0.01,63288.074600000014,63288.07459999994,7.275957614183426e-11
21949,6,Declining Frequent Buyers,626.6146000000001,0.0,0.01,63288.074600000014,63288.07459999994,7.275957614183426e-11
16575,6,Declining Frequent Buyers,626.6146000000001,0.0,0.01,63288.074600000014,63288.07459999994,7.275957614183426e-11
13724,6,Declining Frequent Buyers,626.6146000000001,0.0,0.01,63288.074600000014,63288.07459999994,7.275957614183426e-11
16573,6,Declining Frequent Buyers,626.6146000000001,0.0,0.01,63288.074600000014,63288.07459999994,7.275957614183426e-11
24778,6,Declining Frequent Buyers,626.6146000000001,0.0,0.01,63288.074600000014,63288.07459999994,7.275957614183426e-11
13062,6,Declining Frequent Buyers,626.6146000000001,0.0,0.01,63288.074600000014,63288.07459999994,7.275957614183426e-11
24781,6,Declining Frequent Buyers,626.6146000000001,0.0,0.01,63288.074600000014,63288.07459999994,7.275957614183426e-11
15927,6,Declining Frequent Buyers,626.6146000000001,0.0,0.01,63288.074600000014,63288.07459999994,7.275957614183426e-11
24817,6,Declining Frequent Buyers,626.6146000000001,0.0,0.01,63288.074600000014,63288.07459999994,7.275957614183426e-11
13855,6,Declining Frequent Buyers,626.6146000000001,0.0,0.01,63288.074600000014,63288.07459999994,7.275957614183426e-11
21994,6,Declining Frequent Buyers,626.6146000000001,0.0,0.01,63288.074600000014,63288.07459999994,7.275957614183426e-11
16587,6,Declining Frequent Buyers,626.6146000000001,0.0,0.01,63288.074600000014,63288.07459999994,7.275957614183426e-11
13060,6,Declining Frequent Buyers,626.6146000000001,0.0,0.01,63288.074600000014,63288.07459999994,7.275957614183426e-11
21996,6,Declining Frequent Buyers,626.6146000000001,0.0,0.01,63288.074600000014,63288.07459999994,7.275957614183426e-11
21947,6,Declining Frequent Buyers,626.6146000000001,0.0,0.01,63288.074600000014,63288.07459999994,7.275957614183426e-11
13340,6,Declining Frequent Buyers,626.6146000000001,0.0,0.01,63288.074600000014,63288.07459999994,7.275957614183426e-11
25971,6,Declining Frequent Buyers,626.6146000000001,0.0,0.01,63288.074600000014,63288.07459999994,7.275957614183426e-11
13667,6,Declining Frequent Buyers,626.6146000000001,0.0,0.01,63288.074600000014,63288.07459999994,7.275957614183426e-11
15702,6,Declining Frequent Buyers,626.6146000000001,0.0,0.01,63288.074600000014,63288.07459999994,7.275957614183426e-11
15699,6,Declining Frequent Buyers,626.6146000000001,0.0,0.01,63288.074600000014,63288.07459999994,7.275957614183426e-11
15697,6,Declining Frequent Buyers,626.6146000000001,0.0,0.01,63288.074600000014,63288.07459999994,7.275957614183426e-11
15693,6,Declining Frequent Buyers,626.6146000000001,0.0,0.01,63288.074600000014,63288.07459999994,7.275957614183426e-11
20999,6,Declining Frequent Buyers,626.6146000000001,0.0,0.01,63288.074600000014,63288.07459999994,7.275957614183426e-11
28669,6,Declining Frequent Buyers,626.6146000000001,0.0,0.01,63288.074600000014,63288.07459999994,7.275957614183426e-11
21258,6,Declining Frequent Buyers,626.6146000000001,0.0,0.01,63288.074600000014,63288.07459999994,7.275957614183426e-11
15926,6,Declining Frequent Buyers,626.6146000000001,0.0,0.01,63288.074600000014,63288.07459999994,7.275957614183426e-11
21193,6,Declining Frequent Buyers,626.6146000000001,0.0,0.01,63288.074600000014,63288.07459999994,7.275957614183426e-11
17082,6,Declining Frequent Buyers,626.6146000000001,0.0,0.01,63288.074600000014,63288.07459999994,7.275957614183426e-11
23593,6,Declining Frequent Buyers,626.6146000000001,0.0,0.01,63288.074600000014,63288.07459999994,7.275957614183426e-11
13064,6,Declining Frequent Buyers,626.6146000000001,0.0,0.01,63288.074600000014,63288.07459999994,7.275957614183426e-11
16447,6,Declining Frequent Buyers,626.6146000000001,0.0,0.01,63288.074600000014,63288.07459999994,7.275957614183426e-11
21946,6,Declining Frequent Buyers,626.6146000000001,0.0,0.01,63288.074600000014,63288.07459999994,7.275957614183426e-11
21885,6,Declining Frequent Buyers,626.6146000000001,0.0,0.01,63288.074600000014,63288.07459999994,7.275957614183426e-11
16448,6,Declining Frequent Buyers,626.6146000000001,0.0,0.01,63288.074600000014,63288.07459999994,7.275957614183426e-11
23575,6,Declining Frequent Buyers,626.6146000000001,0.0,0.01,63288.074600000014,63288.07459999994,7.275957614183426e-11
23574,6,Declining Frequent Buyers,626.6146000000001,0.0,0.01,63288.074600000014,63288.07459999994,7.275957614183426e-11
21944,6,Declining Frequent Buyers,626.6146000000001,0.0,0.01,63288.074600000014,63288.07459999994,7.275957614183426e-11
13482,6,Declining Frequent Buyers,626.6146000000001,0.0,0.01,63288.074600000014,63288.07459999994,7.275957614183426e-11
13326,6,Declining Frequent Buyers,626.6146000000001,0.0,0.01,63288.074600000014,63288.07459999994,7.275957614183426e-11
23433,6,Declining Frequent Buyers,626.6146000000001,0.0,0.01,63288.074600000014,63288.07459999994,7.275957614183426e-11
23434,6,Declining Frequent Buyers,626.6146000000001,0.0,0.01,63288.074600000014,63288.07459999994,7.275957614183426e-11
23436,6,Declining Frequent Buyers,626.6146000000001,0.0,0.01,63288.074600000014,63288.07459999994,7.275957614183426e-11
13487,6,Declining Frequent Buyers,626.6146000000001,0.0,0.01,63288.074600000014,63288.07459999994,7.275957614183426e-11
13492,6,Declining Frequent Buyers,626.6146000000001,0.0,0.01,63288.074600000014,63288.07459999994,7.275957614183426e-11
23523,6,Declining Frequent Buyers,626.6146000000001,0.0,0.01,63288.074600000014,63288.07459999994,7.275957614183426e-11
21877,6,Declining Frequent Buyers,626.6146000000001,0.0,0.01,63288.074600000014,63288.07459999994,7.275957614183426e-11
16451,6,Declining Frequent Buyers,626.6146000000001,0.0,0.01,63288.074600000014,63288.07459999994,7.275957614183426e-11
13442,6,Declining Frequent Buyers,626.6146000000001,0.0,0.01,63288.074600000014,63288.07459999994,7.275957614183426e-11
25408,6,Declining Frequent Buyers,626.6146000000001,0.0,0.01,63288.074600000014,63288.07459999994,7.275957614183426e-11
25371,6,Declining Frequent Buyers,626.6146000000001,0.0,0.01,63288.074600000014,63288.07459999994,7.275957614183426e-11
16452,6,Declining Frequent Buyers,626.6146000000001,0.0,0.01,63288.074600000014,63288.07459999994,7.275957614183426e-11
13443,6,Declining Frequent Buyers,626.6146000000001,0.0,0.01,63288.074600000014,63288.07459999994,7.275957614183426e-11
21873,6,Declining Frequent Buyers,626.6146000000001,0.0,0.01,63288.074600000014,63288.07459999994,7.275957614183426e-11
21874,6,Declining Frequent Buyers,626.6146000000001,0.0,0.01,63288.074600000014,63288.07459999994,7.275957614183426e-11
13856,6,Declining Frequent Buyers,626.6146000000001,0.0,0.01,63288.074600000014,63288.07459999994,7.275957614183426e-11
13325,6,Declining Frequent Buyers,626.6146000000001,0.0,0.01,63288.074600000014,63288.07459999994,7.275957614183426e-11
23649,6,Declining Frequent Buyers,626.6146000000001,0.0,0.01,63288.074600000014,63288.07459999994,7.275957614183426e-11
21876,6,Declining Frequent Buyers,626.6146000000001,0.0,0.01,63288.074600000014,63288.07459999994,7.275957614183426e-11
23640,6,Declining Frequent Buyers,626.6146000000001,0.0,0.01,63288.074600000014,63288.07459999994,7.275957614183426e-11
21878,6,Declining Frequent Buyers,626.6146000000001,0.0,0.01,63288.074600000014,63288.07459999994,7.275957614183426e-11
16470,6,Declining Frequent Buyers,626.6146000000001,0.0,0.01,63288.074600000014,63288.07459999994,7.275957614183426e-11
21202,6,Declining Frequent Buyers,626.6146000000001,0.0,0.01,63288.074600000014,63288.07459999994,7.275957614183426e-11
28818,6,Declining Frequent Buyers,626.6146000000001,0.0,0.01,63288.074600000014,63288.07459999994,7.275957614183426e-11
16252,6,Declining Frequent Buyers,626.6146000000001,0.0,0.01,63288.074600000014,63288.07459999994,7.275957614183426e-11
24824,6,Declining Frequent Buyers,626.6146000000001,0.0,0.01,63288.074600000014,63288.07459999994,7.275957614183426e-11
21214,6,Declining Frequent Buyers,626.6146000000001,0.0,0.01,63288.074600000014,63288.07459999994,7.275957614183426e-11
21986,6,Declining Frequent Buyers,626.6146000000001,0.0,0.01,63288.074600000014,63288.07459999994,7.275957614183426e-11
21231,6,Declining Frequent Buyers,626.6146000000001,0.0,0.01,63288.074600000014,63288.07459999994,7.275957614183426e-11
21985,6,Declining Frequent Buyers,626.6146000000001,0.0,0.01,63288.074600000014,63288.07459999994,7.275957614183426e-11
25911,6,Declining Frequent Buyers,626.6146000000001,0.0,0.01,63288.074600000014,63288.07459999994,7.275957614183426e-11
17094,6,Declining Frequent Buyers,626.6146000000001,0.0,0.01,63288.074600000014,63288.07459999994,7.275957614183426e-11
21228,6,Declining Frequent Buyers,626.6146000000001,0.0,0.01,63288.074600000014,63288.07459999994,7.275957614183426e-11
21226,6,Declining Frequent Buyers,626.6146000000001,0.0,0.01,63288.074600000014,63288.07459999994,7.275957614183426e-11
21225,6,Declining Frequent Buyers,626.6146000000001,0.0,0.01,63288.074600000014,63288.07459999994,7.275957614183426e-11
21222,6,Declining Frequent Buyers,626.6146000000001,0.0,0.01,63288.074600000014,63288.07459999994,7.275957614183426e-11
21219,6,Declining Frequent Buyers,626.6146000000001,0.0,0.01,63288.074600000014,63288.07459999994,7.275957614183426e-11
21218,6,Declining Frequent Buyers,626.6146000000001,0.0,0.01,63288.074600000014,63288.07459999994,7.275957614183426e-11
21217,6,Declining Frequent Buyers,626.6146000000001,0.0,0.01,63288.074600000014,63288.07459999994,7.275957614183426e-11
21215,6,Declining Frequent Buyers,626.6146000000001,0.0,0.01,63288.074600000014,63288.07459999994,7.275957614183426e-11
13173,6,Declining Frequent Buyers,626.6146000000001,0.0,0.01,63288.074600000014,63288.07459999994,7.275957614183426e-11
21168,6,Declining Frequent Buyers,626.6146000000001,0.0,0.01,63288.074600000014,63288.07459999994,7.275957614183426e-11
24832,6,Declining Frequent Buyers,626.6146000000001,0.0,0.01,63288.074600000014,63288.07459999994,7.275957614183426e-11
13280,6,Declining Frequent Buyers,626.6146000000001,0.0,0.01,63288.074600000014,63288.07459999994,7.275957614183426e-11
14538,6,Declining Frequent Buyers,626.6146000000001,0.0,0.01,63288.074600000014,63288.07459999994,7.275957614183426e-11
21167,6,Declining Frequent Buyers,626.6146000000001,0.0,0.01,63288.074600000014,63288.07459999994,7.275957614183426e-11
13279,6,Declining Frequent Buyers,626.6146000000001,0.0,0.01,63288.074600000014,63288.07459999994,7.275957614183426e-11
13278,6,Declining Frequent Buyers,626.6146000000001,0.0,0.01,63288.074600000014,63288.07459999994,7.275957614183426e-11
14524,6,Declining Frequent Buyers,626.6146000000001,0.0,0.01,63288.074600000014,63288.07459999994,7.275957614183426e-11
17097,6,Declining Frequent Buyers,626.6146000000001,0.0,0.01,63288.074600000014,63288.07459999994,7.275957614183426e-11
21956,6,Declining Frequent Buyers,626.6146000000001,0.0,0.01,63288.074600000014,63288.07459999994,7.275957614183426e-11
13871,6,Declining Frequent Buyers,626.6146000000001,0.0,0.01,63288.074600000014,63288.07459999994,7.275957614183426e-11
23429,6,Declining Frequent Buyers,626.6146000000001,0.0,0.01,63288.074600000014,63288.07459999994,7.275957614183426e-11
16595,6,Declining Frequent Buyers,626.6146000000001,0.0,0.01,63288.074600000014,63288.07459999994,7.275957614183426e-11
17103,6,Declining Frequent Buyers,626.6146000000001,0.0,0.01,63288.074600000014,63288.07459999994,7.275957614183426e-11
16603,6,Declining Frequent Buyers,626.6146000000001,0.0,0.01,63288.074600000014,63288.07459999994,7.275957614183426e-11
13277,6,Declining Frequent Buyers,626.6146000000001,0.0,0.01,63288.074600000014,63288.07459999994,7.275957614183426e-11
21256,6,Declining Frequent Buyers,626.6146000000001,0.0,0.01,63288.074600000014,63288.07459999994,7.275957614183426e-11
21206,6,Declining Frequent Buyers,626.6146000000001,0.0,0.01,63288.074600000014,63288.07459999994,7.275957614183426e-11
21203,6,Declining Frequent Buyers,626.6146000000001,0.0,0.01,63288.074600000014,63288.07459999994,7.275957614183426e-11
21169,6,Declining Frequent Buyers,626.6146000000001,0.0,0.01,63288.074600000014,63288.07459999994,7.275957614183426e-11
22000,6,Declining Frequent Buyers,626.6146000000001,0.0,0.01,63288.074600000014,63288.07459999994,7.275957614183426e-11
21943,6,Declining Frequent Buyers,626.6146000000001,0.0,0.01,63288.074600000014,63288.07459999994,7.275957614183426e-11
13055,6,Declining Frequent Buyers,626.6146000000001,0.0,0.01,63288.074600000014,63288.07459999994,7.275957614183426e-11
24977,6,Declining Frequent Buyers,626.6146000000001,0.0,0.01,63288.074600000014,63288.07459999994,7.275957614183426e-11
24976,6,Declining Frequent Buyers,626.6146000000001,0.0,0.01,63288.074600000014,63288.07459999994,7.275957614183426e-11
22004,6,Declining Frequent Buyers,626.6146000000001,0.0,0.01,63288.074600000014,63288.07459999994,7.275957614183426e-11
13346,6,Declining Frequent Buyers,626.6146000000001,0.0,0.01,63288.074600000014,63288.07459999994,7.275957614183426e-11
13446,6,Declining Frequent Buyers,626.6146000000001,0.0,0.01,63288.074600000014,63288.07459999994,7.275957614183426e-11
21200,6,Declining Frequent Buyers,626.6146000000001,0.0,0.01,63288.074600000014,63288.07459999994,7.275957614183426e-11
22031,6,Declining Frequent Buyers,626.6146000000001,0.0,0.01,63288.074600000014,63288.07459999994,7.275957614183426e-11
22032,6,Declining Frequent Buyers,626.6146000000001,0.0,0.01,63288.074600000014,63288.07459999994,7.275957614183426e-11
13348,6,Declining Frequent Buyers,626.6146000000001,0.0,0.01,63288.074600000014,63288.07459999994,7.275957614183426e-11
21197,6,Declining Frequent Buyers,626.6146000000001,0.0,0.01,63288.074600000014,63288.07459999994,7.275957614183426e-11
17782,6,Declining Frequent Buyers,626.6146000000001,0.0,0.01,63288.074600000014,63288.07459999994,7.275957614183426e-11
21194,6,Declining Frequent Buyers,626.6146000000001,0.0,0.01,63288.074600000014,63288.07459999994,7.275957614183426e-11
17085,6,Declining Frequent Buyers,626.6146000000001,0.0,0.01,63288.074600000014,63288.07459999994,7.275957614183426e-11
22033,6,Declining Frequent Buyers,626.6146000000001,0.0,0.01,63288.074600000014,63288.07459999994,7.275957614183426e-11
16250,6,Declining Frequent Buyers,626.6146000000001,0.0,0.01,63288.074600000014,63288.07459999994,7.275957614183426e-11
25288,6,Declining Frequent Buyers,626.6146000000001,0.0,0.01,63288.074600000014,63288.07459999994,7.275957614183426e-11
13447,6,Declining Frequent Buyers,626.6146000000001,0.0,0.01,63288.074600000014,63288.07459999994,7.275957614183426e-11
13449,6,Declining Frequent Buyers,626.6146000000001,0.0,0.01,63288.074600000014,63288.07459999994,7.275957614183426e-11
13715,6,Declining Frequent Buyers,626.6146000000001,0.0,0.01,63288.074600000014,63288.07459999994,7.275957614183426e-11
15451,6,Declining Frequent Buyers,626.6146000000001,0.0,0.01,63288.074600000014,63288.07459999994,7.275957614183426e-11
13653,6,Declining Frequent Buyers,626.6146000000001,0.0,0.01,63288.074600000014,63288.07459999994,7.275957614183426e-11
21183,6,Declining Frequent Buyers,626.6146000000001,0.0,0.01,63288.074600000014,63288.07459999994,7.275957614183426e-11
29152,6,Declining Frequent Buyers,626.6146000000001,0.0,0.01,63288.074600000014,63288.07459999994,7.275957614183426e-11
21180,6,Declining Frequent Buyers,626.6146000000001,0.0,0.01,63288.074600000014,63288.07459999994,7.275957614183426e-11
21987,6,Declining Frequent Buyers,626.6146000000001,0.0,0.01,63288.074600000014,63288.07459999994,7.275957614183426e-11
21173,6,Declining Frequent Buyers,626.6146000000001,0.0,0.01,63288.074600000014,63288.07459999994,7.275957614183426e-11
16422,6,Declining Frequent Buyers,626.6146000000001,0.0,0.01,63288.074600000014,63288.07459999994,7.275957614183426e-11
17743,6,Declining Frequent Buyers,626.6146000000001,0.0,0.01,63288.074600000014,63288.07459999994,7.275957614183426e-11
17715,6,Declining Frequent Buyers,626.6146000000001,0.0,0.01,63288.074600000014,63288.07459999994,7.275957614183426e-11
13238,6,Declining Frequent Buyers,626.6146000000001,0.0,0.01,63288.074600000014,63288.07459999994,7.275957614183426e-11
17829,6,Declining Frequent Buyers,626.6146000000001,0.0,0.01,63288.074600000014,63288.07459999994,7.275957614183426e-11
17626,6,Declining Frequent Buyers,626.6146000000001,0.0,0.01,63288.074600000014,63288.07459999994,7.275957614183426e-11
17627,6,Declining Frequent Buyers,626.6146000000001,0.0,0.01,63288.074600000014,63288.07459999994,7.275957614183426e-11
17632,6,Declining Frequent Buyers,626.6146000000001,0.0,0.01,63288.074600000014,63288.07459999994,7.275957614183426e-11
13214,6,Declining Frequent Buyers,626.6146000000001,0.0,0.01,63288.074600000014,63288.07459999994,7.275957614183426e-11
15067,6,Declining Frequent Buyers,626.6146000000001,0.0,0.01,63288.074600000014,63288.07459999994,7.275957614183426e-11
17812,6,Declining Frequent Buyers,626.6146000000001,0.0,0.01,63288.074600000014,63288.07459999994,7.275957614183426e-11
17639,6,Declining Frequent Buyers,626.6146000000001,0.0,0.01,63288.074600000014,63288.07459999994,7.275957614183426e-11
13152,6,Declining Frequent Buyers,626.6146000000001,0.0,0.01,63288.074600000014,63288.07459999994,7.275957614183426e-11
16269,6,Declining Frequent Buyers,626.6146000000001,0.0,0.01,63288.074600000014,63288.07459999994,7.275957614183426e-11
13212,6,Declining Frequent Buyers,626.6146000000001,0.0,0.01,63288.074600000014,63288.07459999994,7.275957614183426e-11
13161,6,Declining Frequent Buyers,626.6146000000001,0.0,0.01,63288.074600000014,63288.07459999994,7.275957614183426e-11
21259,6,Declining Frequent Buyers,626.6146000000001,0.0,0.01,63288.074600000014,63288.07459999994,7.275957614183426e-11
13210,6,Declining Frequent Buyers,626.6146000000001,0.0,0.01,63288.074600000014,63288.07459999994,7.275957614183426e-11
28832,6,Declining Frequent Buyers,626.6146000000001,0.0,0.01,63288.074600000014,63288.07459999994,7.275957614183426e-11
13595,6,Declining Frequent Buyers,626.6146000000001,0.0,0.01,63288.074600000014,63288.07459999994,7.275957614183426e-11
14185,6,Declining Frequent Buyers,626.6146000000001,0.0,0.01,63288.074600000014,63288.07459999994,7.275957614183426e-11
13203,6,Declining Frequent Buyers,626.6146000000001,0.0,0.01,63288.074600000014,63288.07459999994,7.275957614183426e-11
14798,6,Declining Frequent Buyers,626.6146000000001,0.0,0.01,63288.074600000014,63288.07459999994,7.275957614183426e-11
13202,6,Declining Frequent Buyers,626.6146000000001,0.0,0.01,63288.074600000014,63288.07459999994,7.275957614183426e-11
13190,6,Declining Frequent Buyers,626.6146000000001,0.0,0.01,63288.074600000014,63288.07459999994,7.275957614183426e-11
13283,6,Declining Frequent Buyers,626.6146000000001,0.0,0.01,63288.074600000014,63288.07459999994,7.275957614183426e-11
16272,6,Declining Frequent Buyers,626.6146000000001,0.0,0.01,63288.074600000014,63288.07459999994,7.275957614183426e-11
14708,6,Declining Frequent Buyers,626.6146000000001,0.0,0.01,63288.074600000014,63288.07459999994,7.275957614183426e-11
13178,6,Declining Frequent Buyers,626.6146000000001,0.0,0.01,63288.074600000014,63288.07459999994,7.275957614183426e-11
13286,6,Declining Frequent Buyers,626.6146000000001,0.0,0.01,63288.074600000014,63288.07459999994,7.275957614183426e-11
16199,6,Declining Frequent Buyers,626.6146000000001,0.0,0.01,63288.074600000014,63288.07459999994,7.275957614183426e-11
14796,6,Declining Frequent Buyers,626.6146000000001,0.0,0.01,63288.074600000014,63288.07459999994,7.275957614183426e-11
13177,6,Declining Frequent Buyers,626.6146000000001,0.0,0.01,63288.074600000014,63288.07459999994,7.275957614183426e-11
13351,6,Declining Frequent Buyers,626.6146000000001,0.0,0.01,63288.074600000014,63288.07459999994,7.275957614183426e-11
13806,6,Declining Frequent Buyers,626.6146000000001,0.0,0.01,63288.074600000014,63288.07459999994,7.275957614183426e-11
21000,6,Declining Frequent Buyers,626.6146000000001,0.0,0.01,63288.074600000014,63288.07459999994,7.275957614183426e-11
15070,6,Declining Frequent Buyers,626.6146000000001,0.0,0.01,63288.074600000014,63288.07459999994,7.275957614183426e-11
15071,6,Declining Frequent Buyers,626.6146000000001,0.0,0.01,63288.074600000014,63288.07459999994,7.275957614183426e-11
13174,6,Declining Frequent Buyers,626.6146000000001,0.0,0.01,63288.074600000014,63288.07459999994,7.275957614183426e-11
28837,6,Declining Frequent Buyers,626.6146000000001,0.0,0.01,63288.074600000014,63288.07459999994,7.275957614183426e-11
15084,6,Declining Frequent Buyers,626.6146000000001,0.0,0.01,63288.074600000014,63288.07459999994,7.275957614183426e-11
13429,6,Declining Frequent Buyers,626.6146000000001,0.0,0.01,63288.074600000014,63288.07459999994,7.275957614183426e-11
17218,6,Declining Frequent Buyers,626.6146000000001,0.0,0.01,63288.074600000014,63288.07459999994,7.275957614183426e-11
13165,6,Declining Frequent Buyers,626.6146000000001,0.0,0.01,63288.074600000014,63288.07459999994,7.275957614183426e-11
13426,6,Declining Frequent Buyers,626.6146000000001,0.0,0.01,63288.074600000014,63288.07459999994,7.275957614183426e-11
13233,6,Declining Frequent Buyers,626.6146000000001,0.0,0.01,63288.074600000014,63288.07459999994,7.275957614183426e-11
15086,6,Declining Frequent Buyers,626.6146000000001,0.0,0.01,63288.074600000014,63288.07459999994,7.275957614183426e-11
17207,6,Declining Frequent Buyers,626.6146000000001,0.0,0.01,63288.074600000014,63288.07459999994,7.275957614183426e-11
13226,6,Declining Frequent Buyers,626.6146000000001,0.0,0.01,63288.074600000014,63288.07459999994,7.275957614183426e-11
16270,6,Declining Frequent Buyers,626.6146000000001,0.0,0.01,63288.074600000014,63288.07459999994,7.275957614183426e-11
16201,6,Declining Frequent Buyers,626.6146000000001,0.0,0.01,63288.074600000014,63288.07459999994,7.275957614183426e-11
14773,6,Declining Frequent Buyers,626.6146000000001,0.0,0.01,63288.074600000014,63288.07459999994,7.275957614183426e-11
17202,6,Declining Frequent Buyers,626.6146000000001,0.0,0.01,63288.074600000014,63288.07459999994,7.275957614183426e-11
13431,6,Declining Frequent Buyers,626.6146000000001,0.0,0.01,63288.074600000014,63288.07459999994,7.275957614183426e-11
13433,6,Declining Frequent Buyers,626.6146000000001,0.0,0.01,63288.074600000014,63288.07459999994,7.275957614183426e-11
15061,6,Declining Frequent Buyers,626.6146000000001,0.0,0.01,63288.074600000014,63288.07459999994,7.275957614183426e-11
17203,6,Declining Frequent Buyers,626.6146000000001,0.0,0.01,63288.074600000014,63288.07459999994,7.275957614183426e-11
20998,6,Declining Frequent Buyers,626.6146000000001,0.0,0.01,63288.074600000014,63288.07459999994,7.275957614183426e-11
14154,6,Declining Frequent Buyers,626.6146000000001,0.0,0.01,63288.074600000014,63288.07459999994,7.275957614183426e-11
20997,6,Declining Frequent Buyers,626.6146000000001,0.0,0.01,63288.074600000014,63288.07459999994,7.275957614183426e-11
13225,6,Declining Frequent Buyers,626.6146000000001,0.0,0.01,63288.074600000014,63288.07459999994,7.275957614183426e-11
13224,6,Declining Frequent Buyers,626.6146000000001,0.0,0.01,63288.074600000014,63288.07459999994,7.275957614183426e-11
15079,6,Declining Frequent Buyers,626.6146000000001,0.0,0.01,63288.074600000014,63288.07459999994,7.275957614183426e-11
13220,6,Declining Frequent Buyers,626.6146000000001,0.0,0.01,63288.074600000014,63288.07459999994,7.275957614183426e-11
13237,6,Declining Frequent Buyers,626.6146000000001,0.0,0.01,63288.074600000014,63288.07459999994,7.275957614183426e-11
15072,6,Declining Frequent Buyers,626.6146000000001,0.0,0.01,63288.074600000014,63288.07459999994,7.275957614183426e-11
14192,6,Declining Frequent Buyers,626.6146000000001,0.0,0.01,63288.074600000014,63288.07459999994,7.275957614183426e-11
13353,6,Declining Frequent Buyers,626.6146000000001,0.0,0.01,63288.074600000014,63288.07459999994,7.275957614183426e-11
13354,6,Declining Frequent Buyers,626.6146000000001,0.0,0.01,63288.074600000014,63288.07459999994,7.275957614183426e-11
23531,6,Declining Frequent Buyers,626.6146000000001,0.0,0.01,63288.074600000014,63288.07459999994,7.275957614183426e-11
13355,6,Declining Frequent Buyers,626.6146000000001,0.0,0.01,63288.074600000014,63288.07459999994,7.275957614183426e-11
16053,6,Declining Frequent Buyers,626.6146000000001,0.0,0.01,63288.074600000014,63288.07459999994,7.275957614183426e-11
13799,6,Declining Frequent Buyers,626.6146000000001,0.0,0.01,63288.074600000014,63288.07459999994,7.275957614183426e-11
13575,6,Declining Frequent Buyers,626.6146000000001,0.0,0.01,63288.074600000014,63288.07459999994,7.275957614183426e-11
13316,6,Declining Frequent Buyers,626.6146000000001,0.0,0.01,63288.074600000014,63288.07459999994,7.275957614183426e-11
13865,6,Declining Frequent Buyers,626.6146000000001,0.0,0.01,63288.074600000014,63288.07459999994,7.275957614183426e-11
13319,6,Declining Frequent Buyers,626.6146000000001,0.0,0.01,63288.074600000014,63288.07459999994,7.275957614183426e-11
13324,6,Declining Frequent Buyers,626.6146000000001,0.0,0.01,63288.074600000014,63288.07459999994,7.275957614183426e-11
15101,6,Declining Frequent Buyers,626.6146000000001,0.0,0.01,63288.074600000014,63288.07459999994,7.275957614183426e-11
15114,6,Declining Frequent Buyers,626.6146000000001,0.0,0.01,63288.074600000014,63288.07459999994,7.275957614183426e-11
15117,6,Declining Frequent Buyers,626.6146000000001,0.0,0.01,63288.074600000014,63288.07459999994,7.275957614183426e-11
13866,6,Declining Frequent Buyers,626.6146000000001,0.0,0.01,63288.074600000014,63288.07459999994,7.275957614183426e-11
17750,6,Declining Frequent Buyers,626.6146000000001,0.0,0.01,63288.074600000014,63288.07459999994,7.275957614183426e-11
16446,6,Declining Frequent Buyers,626.6146000000001,0.0,0.01,63288.074600000014,63288.07459999994,7.275957614183426e-11
21968,6,Declining Frequent Buyers,626.6146000000001,0.0,0.01,63288.074600000014,63288.07459999994,7.275957614183426e-11
21893,6,Declining Frequent Buyers,626.6146000000001,0.0,0.01,63288.074600000014,63288.07459999994,7.275957614183426e-11
15094,6,Declining Frequent Buyers,626.6146000000001,0.0,0.01,63288.074600000014,63288.07459999994,7.275957614183426e-11
21894,6,Declining Frequent Buyers,626.6146000000001,0.0,0.01,63288.074600000014,63288.07459999994,7.275957614183426e-11
21895,6,Declining Frequent Buyers,626.6146000000001,0.0,0.01,63288.074600000014,63288.07459999994,7.275957614183426e-11
13811,6,Declining Frequent Buyers,626.6146000000001,0.0,0.01,63288.074600000014,63288.07459999994,7.275957614183426e-11
21899,6,Declining Frequent Buyers,626.6146000000001,0.0,0.01,63288.074600000014,63288.07459999994,7.275957614183426e-11
23546,6,Declining Frequent Buyers,626.6146000000001,0.0,0.01,63288.074600000014,63288.07459999994,7.275957614183426e-11
23545,6,Declining Frequent Buyers,626.6146000000001,0.0,0.01,63288.074600000014,63288.07459999994,7.275957614183426e-11
13438,6,Declining Frequent Buyers,626.6146000000001,0.0,0.01,63288.074600000014,63288.07459999994,7.275957614183426e-11
23542,6,Declining Frequent Buyers,626.6146000000001,0.0,0.01,63288.074600000014,63288.07459999994,7.275957614183426e-11
23541,6,Declining Frequent Buyers,626.6146000000001,0.0,0.01,63288.074600000014,63288.07459999994,7.275957614183426e-11
17747,6,Declining Frequent Buyers,626.6146000000001,0.0,0.01,63288.074600000014,63288.07459999994,7.275957614183426e-11
17744,6,Declining Frequent Buyers,626.6146000000001,0.0,0.01,63288.074600000014,63288.07459999994,7.275957614183426e-11
13736,6,Declining Frequent Buyers,626.6146000000001,0.0,0.01,63288.074600000014,63288.07459999994,7.275957614183426e-11
23533,6,Declining Frequent Buyers,626.6146000000001,0.0,0.01,63288.074600000014,63288.07459999994,7.275957614183426e-11
23532,6,Declining Frequent Buyers,626.6146000000001,0.0,0.01,63288.074600000014,63288.07459999994,7.275957614183426e-11
13315,6,Declining Frequent Buyers,626.6146000000001,0.0,0.01,63288.074600000014,63288.07459999994,7.275957614183426e-11
13304,6,Declining Frequent Buyers,626.6146000000001,0.0,0.01,63288.074600000014,63288.07459999994,7.275957614183426e-11
15100,6,Declining Frequent Buyers,626.6146000000001,0.0,0.01,63288.074600000014,63288.07459999994,7.275957614183426e-11
13793,6,Declining Frequent Buyers,626.6146000000001,0.0,0.01,63288.074600000014,63288.07459999994,7.275957614183426e-11
16260,6,Declining Frequent Buyers,626.6146000000001,0.0,0.01,63288.074600000014,63288.07459999994,7.275957614183426e-11
17890,6,Declining Frequent Buyers,626.6146000000001,0.0,0.01,63288.074600000014,63288.07459999994,7.275957614183426e-11
14203,6,Declining Frequent Buyers,626.6146000000001,0.0,0.01,63288.074600000014,63288.07459999994,7.275957614183426e-11
14200,6,Declining Frequent Buyers,626.6146000000001,0.0,0.01,63288.074600000014,63288.07459999994,7.275957614183426e-11
13068,6,Declining Frequent Buyers,626.6146000000001,0.0,0.01,63288.074600000014,63288.07459999994,7.275957614183426e-11
16253,6,Declining Frequent Buyers,626.6146000000001,0.0,0.01,63288.074600000014,63288.07459999994,7.275957614183426e-11
13704,6,Declining Frequent Buyers,626.6146000000001,0.0,0.01,63288.074600000014,63288.07459999994,7.275957614183426e-11
13702,6,Declining Frequent Buyers,626.6146000000001,0.0,0.01,63288.074600000014,63288.07459999994,7.275957614183426e-11
17192,6,Declining Frequent Buyers,626.6146000000001,0.0,0.01,63288.074600000014,63288.07459999994,7.275957614183426e-11
13862,6,Declining Frequent Buyers,626.6146000000001,0.0,0.01,63288.074600000014,63288.07459999994,7.275957614183426e-11
21886,6,Declining Frequent Buyers,626.6146000000001,0.0,0.01,63288.074600000014,63288.07459999994,7.275957614183426e-11
13069,6,Declining Frequent Buyers,626.6146000000001,0.0,0.01,63288.074600000014,63288.07459999994,7.275957614183426e-11
14965,6,Declining Frequent Buyers,626.6146000000001,0.0,0.01,63288.074600000014,63288.07459999994,7.275957614183426e-11
21889,6,Declining Frequent Buyers,626.6146000000001,0.0,0.01,63288.074600000014,63288.07459999994,7.275957614183426e-11
15928,6,Declining Frequent Buyers,626.6146000000001,0.0,0.01,63288.074600000014,63288.07459999994,7.275957614183426e-11
16475,6,Declining Frequent Buyers,626.6146000000001,0.0,0.01,63288.074600000014,63288.07459999994,7.275957614183426e-11
16466,6,Declining Frequent Buyers,626.6146000000001,0.0,0.01,63288.074600000014,63288.07459999994,7.275957614183426e-11
13436,6,Declining Frequent Buyers,626.6146000000001,0.0,0.01,63288.074600000014,63288.07459999994,7.275957614183426e-11
17755,6,Declining Frequent Buyers,626.6146000000001,0.0,0.01,63288.074600000014,63288.07459999994,7.275957614183426e-11
16427,6,Declining Frequent Buyers,626.6146000000001,0.0,0.01,63288.074600000014,63288.07459999994,7.275957614183426e-11
13288,6,Declining Frequent Buyers,626.6146000000001,0.0,0.01,63288.074600000014,63288.07459999994,7.275957614183426e-11
13292,6,Declining Frequent Buyers,626.6146000000001,0.0,0.01,63288.074600000014,63288.07459999994,7.275957614183426e-11
16428,6,Declining Frequent Buyers,626.6146000000001,0.0,0.01,63288.074600000014,63288.07459999994,7.275957614183426e-11
13779,6,Declining Frequent Buyers,626.6146000000001,0.0,0.01,63288.074600000014,63288.07459999994,7.275957614183426e-11
13577,6,Declining Frequent Buyers,626.6146000000001,0.0,0.01,63288.074600000014,63288.07459999994,7.275957614183426e-11
13298,6,Declining Frequent Buyers,626.6146000000001,0.0,0.01,63288.074600000014,63288.07459999994,7.275957614183426e-11
14966,6,Declining Frequent Buyers,626.6146000000001,0.0,0.01,63288.074600000014,63288.07459999994,7.275957614183426e-11
14790,6,Declining Frequent Buyers,626.6146000000001,0.0,0.01,63288.074600000014,63288.07459999994,7.275957614183426e-11
28848,6,Declining Frequent Buyers,626.6146000000001,0.0,0.01,63288.074600000014,63288.07459999994,7.275957614183426e-11
13247,6,Declining Frequent Buyers,626.6146000000001,0.0,0.01,63288.074600000014,63288.07459999994,7.275957614183426e-11
14555,6,Declining Frequent Buyers,626.6146000000001,0.0,0.01,63288.074600000014,63288.07459999994,7.275957614183426e-11
15082,6,Declining Frequent Buyers,626.6146000000001,0.0,0.01,63288.074600000014,63288.07459999994,7.275957614183426e-11
13419,6,Declining Frequent Buyers,626.6146000000001,0.0,0.01,63288.074600000014,63288.07459999994,7.275957614183426e-11
13378,6,Declining Frequent Buyers,626.6146000000001,0.0,0.01,63288.074600000014,63288.07459999994,7.275957614183426e-11
13367,6,Declining Frequent Buyers,626.6146000000001,0.0,0.01,63288.074600000014,63288.07459999994,7.275957614183426e-11
22402,6,Declining Frequent Buyers,626.6146000000001,0.0,0.01,63288.074600000014,63288.07459999994,7.275957614183426e-11
16938,6,Declining Frequent Buyers,626.6146000000001,0.0,0.01,63288.074600000014,63288.07459999994,7.275957614183426e-11
13453,6,Declining Frequent Buyers,626.6146000000001,0.0,0.01,63288.074600000014,63288.07459999994,7.275957614183426e-11
22399,6,Declining Frequent Buyers,626.6146000000001,0.0,0.01,63288.074600000014,63288.07459999994,7.275957614183426e-11
21572,6,Declining Frequent Buyers,626.6146000000001,0.0,0.01,63288.074600000014,63288.07459999994,7.275957614183426e-11
21571,6,Declining Frequent Buyers,626.6146000000001,0.0,0.01,63288.074600000014,63288.07459999994,7.275957614183426e-11
17225,6,Declining Frequent Buyers,626.6146000000001,0.0,0.01,63288.074600000014,63288.07459999994,7.275957614183426e-11
13362,6,Declining Frequent Buyers,626.6146000000001,0.0,0.01,63288.074600000014,63288.07459999994,7.275957614183426e-11
13359,6,Declining Frequent Buyers,626.6146000000001,0.0,0.01,63288.074600000014,63288.07459999994,7.275957614183426e-11
13456,6,Declining Frequent Buyers,626.6146000000001,0.0,0.01,63288.074600000014,63288.07459999994,7.275957614183426e-11
13461,6,Declining Frequent Buyers,626.6146000000001,0.0,0.01,63288.074600000014,63288.07459999994,7.275957614183426e-11
22408,6,Declining Frequent Buyers,626.6146000000001,0.0,0.01,63288.074600000014,63288.07459999994,7.275957614183426e-11
17717,6,Declining Frequent Buyers,626.6146000000001,0.0,0.01,63288.074600000014,63288.07459999994,7.275957614183426e-11
25046,6,Declining Frequent Buyers,626.6146000000001,0.0,0.01,63288.074600000014,63288.07459999994,7.275957614183426e-11
21979,6,Declining Frequent Buyers,626.6146000000001,0.0,0.01,63288.074600000014,63288.07459999994,7.275957614183426e-11
14848,6,Declining Frequent Buyers,626.6146000000001,0.0,0.01,63288.074600000014,63288.07459999994,7.275957614183426e-11
21384,6,Declining Frequent Buyers,626.6146000000001,0.0,0.01,63288.074600000014,63288.07459999994,7.275957614183426e-11
14946,6,Declining Frequent Buyers,626.6146000000001,0.0,0.01,63288.074600000014,63288.07459999994,7.275957614183426e-11
22950,6,Declining Frequent Buyers,626.6146000000001,0.0,0.01,63288.074600000014,63288.07459999994,7.275957614183426e-11
23344,6,Declining Frequent Buyers,626.6146000000001,0.0,0.01,63288.074600000014,63288.07459999994,7.275957614183426e-11
21380,6,Declining Frequent Buyers,626.6146000000001,0.0,0.01,63288.074600000014,63288.07459999994,7.275957614183426e-11
22959,6,Declining Frequent Buyers,626.6146000000001,0.0,0.01,63288.074600000014,63288.07459999994,7.275957614183426e-11
15665,6,Declining Frequent Buyers,626.6146000000001,0.0,0.01,63288.074600000014,63288.07459999994,7.275957614183426e-11
15664,6,Declining Frequent Buyers,626.6146000000001,0.0,0.01,63288.074600000014,63288.07459999994,7.275957614183426e-11
22407,6,Declining Frequent Buyers,626.6146000000001,0.0,0.01,63288.074600000014,63288.07459999994,7.275957614183426e-11
22409,6,Declining Frequent Buyers,626.6146000000001,0.0,0.01,63288.074600000014,63288.07459999994,7.275957614183426e-11
15663,6,Declining Frequent Buyers,626.6146000000001,0.0,0.01,63288.074600000014,63288.07459999994,7.275957614183426e-11
29135,6,Declining Frequent Buyers,626.6146000000001,0.0,0.01,63288.074600000014,63288.07459999994,7.275957614183426e-11
15933,6,Declining Frequent Buyers,626.6146000000001,0.0,0.01,63288.074600000014,63288.07459999994,7.275957614183426e-11
22181,6,Declining Frequent Buyers,626.6146000000001,0.0,0.01,63288.074600000014,63288.07459999994,7.275957614183426e-11
22180,6,Declining Frequent Buyers,626.6146000000001,0.0,0.01,63288.074600000014,63288.07459999994,7.275957614183426e-11
15651,6,Declining Frequent Buyers,626.6146000000001,0.0,0.01,63288.074600000014,63288.07459999994,7.275957614183426e-11
23316,6,Declining Frequent Buyers,626.6146000000001,0.0,0.01,63288.074600000014,63288.07459999994,7.275957614183426e-11
14960,6,Declining Frequent Buyers,626.6146000000001,0.0,0.01,63288.074600000014,63288.07459999994,7.275957614183426e-11
14957,6,Declining Frequent Buyers,626.6146000000001,0.0,0.01,63288.074600000014,63288.07459999994,7.275957614183426e-11
22173,6,Declining Frequent Buyers,626.6146000000001,0.0,0.01,63288.074600000014,63288.07459999994,7.275957614183426e-11
21982,6,Declining Frequent Buyers,626.6146000000001,0.0,0.01,63288.074600000014,63288.07459999994,7.275957614183426e-11
22172,6,Declining Frequent Buyers,626.6146000000001,0.0,0.01,63288.074600000014,63288.07459999994,7.275957614183426e-11
22171,6,Declining Frequent Buyers,626.6146000000001,0.0,0.01,63288.074600000014,63288.07459999994,7.275957614183426e-11
22170,6,Declining Frequent Buyers,626.6146000000001,0.0,0.01,63288.074600000014,63288.07459999994,7.275957614183426e-11
21404,6,Declining Frequent Buyers,626.6146000000001,0.0,0.01,63288.074600000014,63288.07459999994,7.275957614183426e-11
13382,6,Declining Frequent Buyers,626.6146000000001,0.0,0.01,63288.074600000014,63288.07459999994,7.275957614183426e-11
13243,6,Declining Frequent Buyers,626.6146000000001,0.0,0.01,63288.074600000014,63288.07459999994,7.275957614183426e-11
17182,6,Declining Frequent Buyers,626.6146000000001,0.0,0.01,63288.074600000014,63288.07459999994,7.275957614183426e-11
14948,6,Declining Frequent Buyers,626.6146000000001,0.0,0.01,63288.074600000014,63288.07459999994,7.275957614183426e-11
16420,6,Declining Frequent Buyers,626.6146000000001,0.0,0.01,63288.074600000014,63288.07459999994,7.275957614183426e-11
17115,6,Declining Frequent Buyers,626.6146000000001,0.0,0.01,63288.074600000014,63288.07459999994,7.275957614183426e-11
15655,6,Declining Frequent Buyers,626.6146000000001,0.0,0.01,63288.074600000014,63288.07459999994,7.275957614183426e-11
15684,6,Declining Frequent Buyers,626.6146000000001,0.0,0.01,63288.074600000014,63288.07459999994,7.275957614183426e-11
21408,6,Declining Frequent Buyers,626.6146000000001,0.0,0.01,63288.074600000014,63288.07459999994,7.275957614183426e-11
13029,6,Declining Frequent Buyers,626.6146000000001,0.0,0.01,63288.074600000014,63288.07459999994,7.275957614183426e-11
16541,6,Declining Frequent Buyers,626.6146000000001,0.0,0.01,63288.074600000014,63288.07459999994,7.275957614183426e-11
21418,6,Declining Frequent Buyers,626.6146000000001,0.0,0.01,63288.074600000014,63288.07459999994,7.275957614183426e-11
16318,6,Declining Frequent Buyers,626.6146000000001,0.0,0.01,63288.074600000014,63288.07459999994,7.275957614183426e-11
13735,6,Declining Frequent Buyers,626.6146000000001,0.0,0.01,63288.074600000014,63288.07459999994,7.275957614183426e-11
13734,6,Declining Frequent Buyers,626.6146000000001,0.0,0.01,63288.074600000014,63288.07459999994,7.275957614183426e-11
22194,6,Declining Frequent Buyers,626.6146000000001,0.0,0.01,63288.074600000014,63288.07459999994,7.275957614183426e-11
16309,6,Declining Frequent Buyers,626.6146000000001,0.0,0.01,63288.074600000014,63288.07459999994,7.275957614183426e-11
23119,6,Declining Frequent Buyers,626.6146000000001,0.0,0.01,63288.074600000014,63288.07459999994,7.275957614183426e-11
16946,6,Declining Frequent Buyers,626.6146000000001,0.0,0.01,63288.074600000014,63288.07459999994,7.275957614183426e-11
23313,6,Declining Frequent Buyers,626.6146000000001,0.0,0.01,63288.074600000014,63288.07459999994,7.275957614183426e-11
23417,6,Declining Frequent Buyers,626.6146000000001,0.0,0.01,63288.074600000014,63288.07459999994,7.275957614183426e-11
23107,6,Declining Frequent Buyers,626.6146000000001,0.0,0.01,63288.074600000014,63288.07459999994,7.275957614183426e-11
14931,6,Declining Frequent Buyers,626.6146000000001,0.0,0.01,63288.074600000014,63288.07459999994,7.275957614183426e-11
23323,6,Declining Frequent Buyers,626.6146000000001,0.0,0.01,63288.074600000014,63288.07459999994,7.275957614183426e-11
13712,6,Declining Frequent Buyers,626.6146000000001,0.0,0.01,63288.074600000014,63288.07459999994,7.275957614183426e-11
14930,6,Declining Frequent Buyers,626.6146000000001,0.0,0.01,63288.074600000014,63288.07459999994,7.275957614183426e-11
14818,6,Declining Frequent Buyers,626.6146000000001,0.0,0.01,63288.074600000014,63288.07459999994,7.275957614183426e-11
21389,6,Declining Frequent Buyers,626.6146000000001,0.0,0.01,63288.074600000014,63288.07459999994,7.275957614183426e-11
23106,6,Declining Frequent Buyers,626.6146000000001,0.0,0.01,63288.074600000014,63288.07459999994,7.275957614183426e-11
13840,6,Declining Frequent Buyers,626.6146000000001,0.0,0.01,63288.074600000014,63288.07459999994,7.275957614183426e-11
22986,6,Declining Frequent Buyers,626.6146000000001,0.0,0.01,63288.074600000014,63288.07459999994,7.275957614183426e-11
14701,6,Declining Frequent Buyers,626.6146000000001,0.0,0.01,63288.074600000014,63288.07459999994,7.275957614183426e-11
16290,6,Declining Frequent Buyers,626.6146000000001,0.0,0.01,63288.074600000014,63288.07459999994,7.275957614183426e-11
16307,6,Declining Frequent Buyers,626.6146000000001,0.0,0.01,63288.074600000014,63288.07459999994,7.275957614183426e-11
21394,6,Declining Frequent Buyers,626.6146000000001,0.0,0.01,63288.074600000014,63288.07459999994,7.275957614183426e-11
23097,6,Declining Frequent Buyers,626.6146000000001,0.0,0.01,63288.074600000014,63288.07459999994,7.275957614183426e-11
23409,6,Declining Frequent Buyers,626.6146000000001,0.0,0.01,63288.074600000014,63288.07459999994,7.275957614183426e-11
23410,6,Declining Frequent Buyers,626.6146000000001,0.0,0.01,63288.074600000014,63288.07459999994,7.275957614183426e-11
14851,6,Declining Frequent Buyers,626.6146000000001,0.0,0.01,63288.074600000014,63288.07459999994,7.275957614183426e-11
23320,6,Declining Frequent Buyers,626.6146000000001,0.0,0.01,63288.074600000014,63288.07459999994,7.275957614183426e-11
23314,6,Declining Frequent Buyers,626.6146000000001,0.0,0.01,63288.074600000014,63288.07459999994,7.275957614183426e-11
12949,6,Declining Frequent Buyers,626.6146000000001,0.0,0.01,63288.074600000014,63288.07459999994,7.275957614183426e-11
23324,6,Declining Frequent Buyers,626.6146000000001,0.0,0.01,63288.074600000014,63288.07459999994,7.275957614183426e-11
23117,6,Declining Frequent Buyers,626.6146000000001,0.0,0.01,63288.074600000014,63288.07459999994,7.275957614183426e-11
22987,6,Declining Frequent Buyers,626.6146000000001,0.0,0.01,63288.074600000014,63288.07459999994,7.275957614183426e-11
23116,6,Declining Frequent Buyers,626.6146000000001,0.0,0.01,63288.074600000014,63288.07459999994,7.275957614183426e-11
23343,6,Declining Frequent Buyers,626.6146000000001,0.0,0.01,63288.074600000014,63288.07459999994,7.275957614183426e-11
23102,6,Declining Frequent Buyers,626.6146000000001,0.0,0.01,63288.074600000014,63288.07459999994,7.275957614183426e-11
16417,6,Declining Frequent Buyers,626.6146000000001,0.0,0.01,63288.074600000014,63288.07459999994,7.275957614183426e-11
23418,6,Declining Frequent Buyers,626.6146000000001,0.0,0.01,63288.074600000014,63288.07459999994,7.275957614183426e-11
22966,6,Declining Frequent Buyers,626.6146000000001,0.0,0.01,63288.074600000014,63288.07459999994,7.275957614183426e-11
23414,6,Declining Frequent Buyers,626.6146000000001,0.0,0.01,63288.074600000014,63288.07459999994,7.275957614183426e-11
16317,6,Declining Frequent Buyers,626.6146000000001,0.0,0.01,63288.074600000014,63288.07459999994,7.275957614183426e-11
13733,6,Declining Frequent Buyers,626.6146000000001,0.0,0.01,63288.074600000014,63288.07459999994,7.275957614183426e-11
22961,6,Declining Frequent Buyers,626.6146000000001,0.0,0.01,63288.074600000014,63288.07459999994,7.275957614183426e-11
22953,6,Declining Frequent Buyers,626.6146000000001,0.0,0.01,63288.074600000014,63288.07459999994,7.275957614183426e-11
23311,6,Declining Frequent Buyers,626.6146000000001,0.0,0.01,63288.074600000014,63288.07459999994,7.275957614183426e-11
13269,6,Declining Frequent Buyers,626.6146000000001,0.0,0.01,63288.074600000014,63288.07459999994,7.275957614183426e-11
13273,6,Declining Frequent Buyers,626.6146000000001,0.0,0.01,63288.074600000014,63288.07459999994,7.275957614183426e-11
12980,6,Declining Frequent Buyers,626.6146000000001,0.0,0.01,63288.074600000014,63288.07459999994,7.275957614183426e-11
16287,6,Declining Frequent Buyers,626.6146000000001,0.0,0.01,63288.074600000014,63288.07459999994,7.275957614183426e-11
13766,6,Declining Frequent Buyers,626.6146000000001,0.0,0.01,63288.074600000014,63288.07459999994,7.275957614183426e-11
17849,6,Declining Frequent Buyers,626.6146000000001,0.0,0.01,63288.074600000014,63288.07459999994,7.275957614183426e-11
23101,6,Declining Frequent Buyers,626.6146000000001,0.0,0.01,63288.074600000014,63288.07459999994,7.275957614183426e-11
13357,6,Declining Frequent Buyers,626.6146000000001,0.0,0.01,63288.074600000014,63288.07459999994,7.275957614183426e-11
13730,6,Declining Frequent Buyers,626.6146000000001,0.0,0.01,63288.074600000014,63288.07459999994,7.275957614183426e-11
12975,6,Declining Frequent Buyers,626.6146000000001,0.0,0.01,63288.074600000014,63288.07459999994,7.275957614183426e-11
17720,6,Declining Frequent Buyers,626.6146000000001,0.0,0.01,63288.074600000014,63288.07459999994,7.275957614183426e-11
21387,6,Declining Frequent Buyers,626.6146000000001,0.0,0.01,63288.074600000014,63288.07459999994,7.275957614183426e-11
22202,6,Declining Frequent Buyers,626.6146000000001,0.0,0.01,63288.074600000014,63288.07459999994,7.275957614183426e-11
23118,6,Declining Frequent Buyers,626.6146000000001,0.0,0.01,63288.074600000014,63288.07459999994,7.275957614183426e-11
22571,6,Declining Frequent Buyers,626.6146000000001,0.0,0.01,63288.074600000014,63288.07459999994,7.275957614183426e-11
22582,6,Declining Frequent Buyers,626.6146000000001,0.0,0.01,63288.074600000014,63288.07459999994,7.275957614183426e-11
16297,6,Declining Frequent Buyers,626.6146000000001,0.0,0.01,63288.074600000014,63288.07459999994,7.275957614183426e-11
16411,6,Declining Frequent Buyers,626.6146000000001,0.0,0.01,63288.074600000014,63288.07459999994,7.275957614183426e-11
14424,6,Declining Frequent Buyers,626.6146000000001,0.0,0.01,63288.074600000014,63288.07459999994,7.275957614183426e-11
15454,6,Declining Frequent Buyers,626.6146000000001,0.0,0.01,63288.074600000014,63288.07459999994,7.275957614183426e-11
22854,6,Declining Frequent Buyers,626.6146000000001,0.0,0.01,63288.074600000014,63288.07459999994,7.275957614183426e-11
22851,6,Declining Frequent Buyers,626.6146000000001,0.0,0.01,63288.074600000014,63288.07459999994,7.275957614183426e-11
22850,6,Declining Frequent Buyers,626.6146000000001,0.0,0.01,63288.074600000014,63288.07459999994,7.275957614183426e-11
22845,6,Declining Frequent Buyers,626.6146000000001,0.0,0.01,63288.074600000014,63288.07459999994,7.275957614183426e-11
13886,6,Declining Frequent Buyers,626.6146000000001,0.0,0.01,63288.074600000014,63288.07459999994,7.275957614183426e-11
13721,6,Declining Frequent Buyers,626.6146000000001,0.0,0.01,63288.074600000014,63288.07459999994,7.275957614183426e-11
16534,6,Declining Frequent Buyers,626.6146000000001,0.0,0.01,63288.074600000014,63288.07459999994,7.275957614183426e-11
21560,6,Declining Frequent Buyers,626.6146000000001,0.0,0.01,63288.074600000014,63288.07459999994,7.275957614183426e-11
21966,6,Declining Frequent Buyers,626.6146000000001,0.0,0.01,63288.074600000014,63288.07459999994,7.275957614183426e-11
15637,6,Declining Frequent Buyers,626.6146000000001,0.0,0.01,63288.074600000014,63288.07459999994,7.275957614183426e-11
29013,6,Declining Frequent Buyers,626.6146000000001,0.0,0.01,63288.074600000014,63288.07459999994,7.275957614183426e-11
13726,6,Declining Frequent Buyers,626.6146000000001,0.0,0.01,63288.074600000014,63288.07459999994,7.275957614183426e-11
13768,6,Declining Frequent Buyers,626.6146000000001,0.0,0.01,63288.074600000014,63288.07459999994,7.275957614183426e-11
23423,6,Declining Frequent Buyers,626.6146000000001,0.0,0.01,63288.074600000014,63288.07459999994,7.275957614183426e-11
21969,6,Declining Frequent Buyers,626.6146000000001,0.0,0.01,63288.074600000014,63288.07459999994,7.275957614183426e-11
16406,6,Declining Frequent Buyers,626.6146000000001,0.0,0.01,63288.074600000014,63288.07459999994,7.275957614183426e-11
21402,6,Declining Frequent Buyers,626.6146000000001,0.0,0.01,63288.074600000014,63288.07459999994,7.275957614183426e-11
16538,6,Declining Frequent Buyers,626.6146000000001,0.0,0.01,63288.074600000014,63288.07459999994,7.275957614183426e-11
21553,6,Declining Frequent Buyers,626.6146000000001,0.0,0.01,63288.074600000014,63288.07459999994,7.275957614183426e-11
13385,6,Declining Frequent Buyers,626.6146000000001,0.0,0.01,63288.074600000014,63288.07459999994,7.275957614183426e-11
16308,6,Declining Frequent Buyers,626.6146000000001,0.0,0.01,63288.074600000014,63288.07459999994,7.275957614183426e-11
16553,6,Declining Frequent Buyers,626.6146000000001,0.0,0.01,63288.074600000014,63288.07459999994,7.275957614183426e-11
22583,6,Declining Frequent Buyers,626.6146000000001,0.0,0.01,63288.074600000014,63288.07459999994,7.275957614183426e-11
22581,6,Declining Frequent Buyers,626.6146000000001,0.0,0.01,63288.074600000014,63288.07459999994,7.275957614183426e-11
12947,6,Declining Frequent Buyers,626.6146000000001,0.0,0.01,63288.074600000014,63288.07459999994,7.275957614183426e-11
22579,6,Declining Frequent Buyers,626.6146000000001,0.0,0.01,63288.074600000014,63288.07459999994,7.275957614183426e-11
17772,6,Declining Frequent Buyers,626.6146000000001,0.0,0.01,63288.074600000014,63288.07459999994,7.275957614183426e-11
21562,6,Declining Frequent Buyers,626.6146000000001,0.0,0.01,63288.074600000014,63288.07459999994,7.275957614183426e-11
22577,6,Declining Frequent Buyers,626.6146000000001,0.0,0.01,63288.074600000014,63288.07459999994,7.275957614183426e-11
17191,6,Declining Frequent Buyers,626.6146000000001,0.0,0.01,63288.074600000014,63288.07459999994,7.275957614183426e-11
25093,6,Declining Frequent Buyers,626.6146000000001,0.0,0.01,63288.074600000014,63288.07459999994,7.275957614183426e-11
25991,6,Declining Frequent Buyers,626.6146000000001,0.0,0.01,63288.074600000014,63288.07459999994,7.275957614183426e-11
13468,6,Declining Frequent Buyers,626.6146000000001,0.0,0.01,63288.074600000014,63288.07459999994,7.275957614183426e-11
16197,6,Declining Frequent Buyers,626.6146000000001,0.0,0.01,63288.074600000014,63288.07459999994,7.275957614183426e-11
16277,6,Declining Frequent Buyers,626.6146000000001,0.0,0.01,63288.074600000014,63288.07459999994,7.275957614183426e-11
16562,6,Declining Frequent Buyers,626.6146000000001,0.0,0.01,63288.074600000014,63288.07459999994,7.275957614183426e-11
12934,6,Declining Frequent Buyers,626.6146000000001,0.0,0.01,63288.074600000014,63288.07459999994,7.275957614183426e-11
13464,6,Declining Frequent Buyers,626.6146000000001,0.0,0.01,63288.074600000014,63288.07459999994,7.275957614183426e-11
16561,6,Declining Frequent Buyers,626.6146000000001,0.0,0.01,63288.074600000014,63288.07459999994,7.275957614183426e-11
13462,6,Declining Frequent Buyers,626.6146000000001,0.0,0.01,63288.074600000014,63288.07459999994,7.275957614183426e-11
13248,6,Declining Frequent Buyers,626.6146000000001,0.0,0.01,63288.074600000014,63288.07459999994,7.275957614183426e-11
13250,6,Declining Frequent Buyers,626.6146000000001,0.0,0.01,63288.074600000014,63288.07459999994,7.275957614183426e-11
21958,6,Declining Frequent Buyers,626.6146000000001,0.0,0.01,63288.074600000014,63288.07459999994,7.275957614183426e-11
21555,6,Declining Frequent Buyers,626.6146000000001,0.0,0.01,63288.074600000014,63288.07459999994,7.275957614183426e-11
13725,6,Declining Frequent Buyers,626.6146000000001,0.0,0.01,63288.074600000014,63288.07459999994,7.275957614183426e-11
21959,6,Declining Frequent Buyers,626.6146000000001,0.0,0.01,63288.074600000014,63288.07459999994,7.275957614183426e-11
13403,6,Declining Frequent Buyers,626.6146000000001,0.0,0.01,63288.074600000014,63288.07459999994,7.275957614183426e-11
14976,6,Declining Frequent Buyers,626.6146000000001,0.0,0.01,63288.074600000014,63288.07459999994,7.275957614183426e-11
16530,6,Declining Frequent Buyers,626.6146000000001,0.0,0.01,63288.074600000014,63288.07459999994,7.275957614183426e-11
16033,6,Declining Frequent Buyers,626.6146000000001,0.0,0.01,63288.074600000014,63288.07459999994,7.275957614183426e-11
21165,6,Declining Frequent Buyers,626.6146000000001,0.0,0.01,63288.074600000014,63288.07459999994,7.275957614183426e-11
15929,6,Declining Frequent Buyers,626.6146000000001,0.0,0.01,63288.074600000014,63288.07459999994,7.275957614183426e-11
13400,6,Declining Frequent Buyers,626.6146000000001,0.0,0.01,63288.074600000014,63288.07459999994,7.275957614183426e-11
13883,6,Declining Frequent Buyers,626.6146000000001,0.0,0.01,63288.074600000014,63288.07459999994,7.275957614183426e-11
13884,6,Declining Frequent Buyers,626.6146000000001,0.0,0.01,63288.074600000014,63288.07459999994,7.275957614183426e-11
14995,6,Declining Frequent Buyers,626.6146000000001,0.0,0.01,63288.074600000014,63288.07459999994,7.275957614183426e-11
22578,6,Declining Frequent Buyers,626.6146000000001,0.0,0.01,63288.074600000014,63288.07459999994,7.275957614183426e-11
12942,6,Declining Frequent Buyers,626.6146000000001,0.0,0.01,63288.074600000014,63288.07459999994,7.275957614183426e-11
15627,6,Declining Frequent Buyers,626.6146000000001,0.0,0.01,63288.074600000014,63288.07459999994,7.275957614183426e-11
22921,6,Declining Frequent Buyers,626.6146000000001,0.0,0.01,63288.074600000014,63288.07459999994,7.275957614183426e-11
22573,6,Declining Frequent Buyers,626.6146000000001,0.0,0.01,63288.074600000014,63288.07459999994,7.275957614183426e-11
22910,6,Declining Frequent Buyers,626.6146000000001,0.0,0.01,63288.074600000014,63288.07459999994,7.275957614183426e-11
22909,6,Declining Frequent Buyers,626.6146000000001,0.0,0.01,63288.074600000014,63288.07459999994,7.275957614183426e-11
22908,6,Declining Frequent Buyers,626.6146000000001,0.0,0.01,63288.074600000014,63288.07459999994,7.275957614183426e-11
15457,6,Declining Frequent Buyers,626.6146000000001,0.0,0.01,63288.074600000014,63288.07459999994,7.275957614183426e-11
22906,6,Declining Frequent Buyers,626.6146000000001,0.0,0.01,63288.074600000014,63288.07459999994,7.275957614183426e-11
22905,6,Declining Frequent Buyers,626.6146000000001,0.0,0.01,63288.074600000014,63288.07459999994,7.275957614183426e-11
22904,6,Declining Frequent Buyers,626.6146000000001,0.0,0.01,63288.074600000014,63288.07459999994,7.275957614183426e-11
13769,6,Declining Frequent Buyers,626.6146000000001,0.0,0.01,63288.074600000014,63288.07459999994,7.275957614183426e-11
22929,6,Declining Frequent Buyers,626.6146000000001,0.0,0.01,63288.074600000014,63288.07459999994,7.275957614183426e-11
15626,6,Declining Frequent Buyers,626.6146000000001,0.0,0.01,63288.074600000014,63288.07459999994,7.275957614183426e-11
15460,6,Declining Frequent Buyers,626.6146000000001,0.0,0.01,63288.074600000014,63288.07459999994,7.275957614183426e-11
13383,6,Declining Frequent Buyers,626.6146000000001,0.0,0.01,63288.074600000014,63288.07459999994,7.275957614183426e-11
21568,6,Declining Frequent Buyers,626.6146000000001,0.0,0.01,63288.074600000014,63288.07459999994,7.275957614183426e-11
16298,6,Declining Frequent Buyers,626.6146000000001,0.0,0.01,63288.074600000014,63288.07459999994,7.275957614183426e-11
16550,6,Declining Frequent Buyers,626.6146000000001,0.0,0.01,63288.074600000014,63288.07459999994,7.275957614183426e-11
15463,6,Declining Frequent Buyers,626.6146000000001,0.0,0.01,63288.074600000014,63288.07459999994,7.275957614183426e-11
12923,6,Declining Frequent Buyers,626.6146000000001,0.0,0.01,63288.074600000014,63288.07459999994,7.275957614183426e-11
15624,6,Declining Frequent Buyers,626.6146000000001,0.0,0.01,63288.074600000014,63288.07459999994,7.275957614183426e-11
22203,6,Declining Frequent Buyers,626.6146000000001,0.0,0.01,63288.074600000014,63288.07459999994,7.275957614183426e-11
21570,6,Declining Frequent Buyers,626.6146000000001,0.0,0.01,63288.074600000014,63288.07459999994,7.275957614183426e-11
22200,6,Declining Frequent Buyers,626.6146000000001,0.0,0.01,63288.074600000014,63288.07459999994,7.275957614183426e-11
22199,6,Declining Frequent Buyers,626.6146000000001,0.0,0.01,63288.074600000014,63288.07459999994,7.275957614183426e-11
12922,6,Declining Frequent Buyers,626.6146000000001,0.0,0.01,63288.074600000014,63288.07459999994,7.275957614183426e-11
22198,6,Declining Frequent Buyers,626.6146000000001,0.0,0.01,63288.074600000014,63288.07459999994,7.275957614183426e-11
22197,6,Declining Frequent Buyers,626.6146000000001,0.0,0.01,63288.074600000014,63288.07459999994,7.275957614183426e-11
22196,6,Declining Frequent Buyers,626.6146000000001,0.0,0.01,63288.074600000014,63288.07459999994,7.275957614183426e-11
22913,6,Declining Frequent Buyers,626.6146000000001,0.0,0.01,63288.074600000014,63288.07459999994,7.275957614183426e-11
22912,6,Declining Frequent Buyers,626.6146000000001,0.0,0.01,63288.074600000014,63288.07459999994,7.275957614183426e-11
23098,6,Declining Frequent Buyers,626.6146000000001,0.0,0.01,63288.074600000014,63288.07459999994,7.275957614183426e-11
22939,6,Declining Frequent Buyers,626.6146000000001,0.0,0.01,63288.074600000014,63288.07459999994,7.275957614183426e-11
17185,6,Declining Frequent Buyers,626.6146000000001,0.0,0.01,63288.074600000014,63288.07459999994,7.275957614183426e-11
13083,6,Declining Frequent Buyers,626.6146000000001,0.0,0.01,63288.074600000014,63288.07459999994,7.275957614183426e-11
16824,6,Declining Frequent Buyers,626.6146000000001,0.0,0.01,63288.074600000014,63288.07459999994,7.275957614183426e-11
22936,6,Declining Frequent Buyers,626.6146000000001,0.0,0.01,63288.074600000014,63288.07459999994,7.275957614183426e-11
22935,6,Declining Frequent Buyers,626.6146000000001,0.0,0.01,63288.074600000014,63288.07459999994,7.275957614183426e-11
22942,6,Declining Frequent Buyers,626.6146000000001,0.0,0.01,63288.074600000014,63288.07459999994,7.275957614183426e-11
16540,6,Declining Frequent Buyers,626.6146000000001,0.0,0.01,63288.074600000014,63288.07459999994,7.275957614183426e-11
22933,6,Declining Frequent Buyers,626.6146000000001,0.0,0.01,63288.074600000014,63288.07459999994,7.275957614183426e-11
12930,6,Declining Frequent Buyers,626.6146000000001,0.0,0.01,63288.074600000014,63288.07459999994,7.275957614183426e-11
16045,6,Declining Frequent Buyers,626.6146000000001,0.0,0.01,63288.074600000014,63288.07459999994,7.275957614183426e-11
22946,6,Declining Frequent Buyers,626.6146000000001,0.0,0.01,63288.074600000014,63288.07459999994,7.275957614183426e-11
13384,6,Declining Frequent Buyers,626.6146000000001,0.0,0.01,63288.074600000014,63288.07459999994,7.275957614183426e-11
16546,6,Declining Frequent Buyers,626.6146000000001,0.0,0.01,63288.074600000014,63288.07459999994,7.275957614183426e-11
21552,6,Declining Frequent Buyers,626.6146000000001,0.0,0.01,63288.074600000014,63288.07459999994,7.275957614183426e-11
15456,6,Declining Frequent Buyers,626.6146000000001,0.0,0.01,63288.074600000014,63288.07459999994,7.275957614183426e-11
16328,6,Declining Frequent Buyers,626.6146000000001,0.0,0.01,63288.074600000014,63288.07459999994,7.275957614183426e-11
22927,6,Declining Frequent Buyers,626.6146000000001,0.0,0.01,63288.074600000014,63288.07459999994,7.275957614183426e-11
22926,6,Declining Frequent Buyers,626.6146000000001,0.0,0.01,63288.074600000014,63288.07459999994,7.275957614183426e-11
15002,6,Declining Frequent Buyers,626.6146000000001,0.0,0.01,63288.074600000014,63288.07459999994,7.275957614183426e-11
23435,6,Declining Frequent Buyers,626.6146000000001,0.0,0.01,63288.074600000014,63163.43166149994,124.6429385000738
25989,6,Declining Frequent Buyers,626.6146000000001,0.0,0.01,63288.074600000014,63124.167507499944,163.90709250007058
25992,6,Declining Frequent Buyers,626.6146000000001,0.0,0.01,63288.074600000014,63124.167507499944,163.90709250007058
13477,6,Declining Frequent Buyers,626.6146000000001,0.0,0.01,63288.074600000014,63069.53180999994,218.54279000007227
16554,6,Declining Frequent Buyers,626.6146000000001,0.0,0.01,63288.074600000014,63069.53180999994,218.54279000007227
22860,6,Declining Frequent Buyers,626.6146000000001,0.0,0.01,63288.074600000014,62972.90602693565,315.1685730643658
13700,6,Declining Frequent Buyers,626.6146000000001,0.0,0.01,63288.074600000014,62972.90602693565,315.1685730643658
22411,6,Declining Frequent Buyers,626.6146000000001,0.0,0.01,63288.074600000014,62972.90602693565,315.1685730643658
14925,6,Declining Frequent Buyers,626.6146000000001,0.0,0.01,63288.074600000014,62972.90602693565,315.1685730643658
29336,6,Declining Frequent Buyers,626.6146000000001,0.0,0.01,63288.074600000014,62960.26041499994,327.81418500007567
17093,6,Declining Frequent Buyers,626.6146000000001,0.0,0.01,63288.074600000014,62914.145784499946,373.9288155000686
23525,6,Declining Frequent Buyers,626.6146000000001,0.0,0.01,63288.074600000014,62914.145784499946,373.9288155000686
13877,6,Declining Frequent Buyers,626.6146000000001,0.0,0.01,63288.074600000014,62914.145784499946,373.9288155000686
17803,6,Declining Frequent Buyers,626.6146000000001,0.0,0.01,63288.074600000014,62914.145784499946,373.9288155000686
23422,6,Declining Frequent Buyers,626.6146000000001,0.0,0.01,63288.074600000014,62914.145784499946,373.9288155000686
29154,6,Declining Frequent Buyers,626.6146000000001,0.0,0.01,63288.074600000014,62741.71762499994,546.3569750000752
23425,6,Declining Frequent Buyers,626.6146000000001,0.0,0.01,63288.074600000014,62477.895499749946,810.1791002500686
17794,6,Declining Frequent Buyers,626.6146000000001,0.0,0.01,63288.074600000014,62477.895499749946,810.1791002500686
16390,6,Declining Frequent Buyers,626.6146000000001,0.0,0.01,63288.074600000014,62474.33427293565,813.7403270643626
29522,3,Inactive Low-Value Customers,19734.783692,0.23809523809523808,0.10790077545642739,63192.00597542958,62401.0130095076,790.9929659219779
22400,6,Declining Frequent Buyers,626.6146000000001,0.0,0.01,63288.074600000014,62140.72495249994,1147.349647500072
22576,6,Declining Frequent Buyers,626.6146000000001,0.0,0.01,63288.074600000014,62140.72495249994,1147.349647500072
16588,6,Declining Frequent Buyers,626.6146000000001,0.0,0.01,63288.074600000014,62140.72495249994,1147.349647500072
29580,3,Inactive Low-Value Customers,21319.713785999993,0.23809523809523808,0.10790077545642739,68267.05080661696,61660.96646670005,6606.08433991691
29497,3,Inactive Low-Value Customers,19641.6925,0.23809523809523808,0.10790077545642739,62893.92218323131,60764.9614514934,2128.9607317379123
16826,6,Declining Frequent Buyers,626.6146000000001,0.0,0.01,63288.074600000014,60231.651686639234,3056.4229133607805
23573,6,Declining Frequent Buyers,626.6146000000001,0.0,0.01,63288.074600000014,60231.651686639234,3056.4229133607805
29997,3,Inactive Low-Value Customers,18302.20835899999,0.23809523809523808,0.10790077545642739,58604.810573845956,59758.86638031231,-1154.0558064663564
26113,6,Declining Frequent Buyers,626.6146000000001,0.0,0.01,63288.074600000014,59605.62858849994,3682.4460115000766
26049,6,Declining Frequent Buyers,626.6146000000001,0.0,0.01,63288.074600000014,59605.62858849994,3682.4460115000766
29712,3,Inactive Low-Value Customers,18473.90563200001,0.23809523809523808,0.10790077545642739,59154.59593104653,59559.67372968082,-405.0777986342873
16389,6,Declining Frequent Buyers,626.6146000000001,0.0,0.01,63288.074600000014,59229.93033848923,4058.144261510788
29913,3,Inactive Low-Value Customers,12656.354763000003,0.23809523809523808,0.10790077545642739,40526.43587549755,59018.19518202752,-18491.759306529973
25999,6,Declining Frequent Buyers,626.6146000000001,0.0,0.01,63288.074600000014,57474.836385999944,5813.23821400007
30048,3,Inactive Low-Value Customers,16923.376133999995,0.23809523809523808,0.10790077545642739,54189.70394986835,55394.91097835223,-1205.2070284838774
29507,3,Inactive Low-Value Customers,23103.213911999992,0.23809523809523808,0.10790077545642739,73977.92924229286,55052.24918525871,18925.680057034144
29901,3,Inactive Low-Value Customers,17257.958141,0.23809523809523808,0.10790077545642739,55261.05636576467,54064.53250634213,1196.5238594225375
29734,3,Inactive Low-Value Customers,18044.853699000003,0.23809523809523808,0.10790077545642739,57780.744930850524,51841.530825332244,5939.21410551828
29861,3,Inactive Low-Value Customers,22079.009359999993,0.23809523809523808,0.10790077545642739,70698.36250469125,50634.77563869964,20063.58686599161
29624,3,Inactive Low-Value Customers,20518.70026799999,0.23809523809523808,0.10790077545642739,65702.15565469416,49488.41874508559,16213.736909608568
30000,3,Inactive Low-Value Customers,12870.043021999998,0.23809523809523808,0.10790077545642739,41210.67898402885,48209.51050045292,-6998.83151642407
29825,3,Inactive Low-Value Customers,14886.868950999993,0.23809523809523808,0.10790077545642739,47668.68116666401,46560.6283385695,1108.0528280945146
29515,3,Inactive Low-Value Customers,15805.392291999995,0.23809523809523808,0.10790077545642739,50609.85008743476,46034.10147113575,4575.74861629901
29955,3,Inactive Low-Value Customers,14565.5924,0.23809523809523808,0.10790077545642739,46639.93364921406,44127.01417982883,2512.919469385226
30101,7,Lost Customers,6016.524125,0.0,0.15000000000000002,46126.684958333324,43740.71630753325,2385.968650800074
29725,7,Lost Customers,5712.318841999999,0.0,0.15000000000000002,43794.444455333316,42196.761941769204,1597.682513564112
30067,3,Inactive Low-Value Customers,14079.424641999998,0.23809523809523808,0.10790077545642739,45083.194221608814,41513.917880941866,3569.2763406669474
29918,7,Lost Customers,3776.033600000001,0.0,0.15000000000000002,28949.590933333337,41435.1973655294,-12485.606432196062
29941,7,Lost Customers,5731.196999999999,0.0,0.15000000000000002,43939.17699999998,41094.13971738382,2845.037282616162
29744,3,Inactive Low-Value Customers,13721.950904,0.23809523809523808,0.10790077545642739,43938.54105792037,36627.882792052456,7310.658265867911
30111,3,Inactive Low-Value Customers,17465.822849999986,0.23809523809523808,0.10790077545642739,55926.65210464945,36377.971633415196,19548.680471234256
29793,3,Inactive Low-Value Customers,10218.156003000004,0.23809523809523808,0.10790077545642739,32719.171655334696,35980.85193652376,-3261.680281189063
29774,3,Inactive Low-Value Customers,10893.402099999996,0.23809523809523808,0.10790077545642739,34881.35169553481,34088.24867935176,793.1030161830495
29996,3,Inactive Low-Value Customers,10391.642474999999,0.23809523809523808,0.10790077545642739,33274.6861391202,33986.76837340362,-712.0822342834217
29582,3,Inactive Low-Value Customers,8910.106600000001,0.23809523809523808,0.10790077545642739,28530.716034002457,30605.517741430678,-2074.8017074282216
29898,3,Inactive Low-Value Customers,9109.566099999998,0.23809523809523808,0.10790077545642739,29169.39777040099,30445.822711876244,-1276.4249414752558
30016,6,Declining Frequent Buyers,-22.522399999999834,0.0,0.01,-2274.7623999999832,30165.28776912005,-32440.050169120033
29532,6,Declining Frequent Buyers,-45.53540000000021,0.0,0.01,-4599.075400000021,29860.261987609345,-34459.33738760937
29792,3,Inactive Low-Value Customers,9156.7705,0.23809523809523808,0.10790077545642739,29320.549197922126,29639.703157702148,-319.153959780022
30056,3,Inactive Low-Value Customers,8648.309199999998,0.23809523809523808,0.10790077545642739,27692.424460943133,29445.055653563664,-1752.6311926205308
30055,3,Inactive Low-Value Customers,8469.404400000001,0.23809523809523808,0.10790077545642739,27119.56015358233,27280.43602667479,-160.8758730924601
29742,3,Inactive Low-Value Customers,7625.7783999999965,0.23809523809523808,0.10790077545642739,24418.217181445336,26866.798253103505,-2448.581071658169
29925,3,Inactive Low-Value Customers,9516.920499999998,0.23809523809523808,0.10790077545642739,30473.771919145904,26471.308433398088,4002.463485747816
29647,3,Inactive Low-Value Customers,8914.448886999997,0.23809523809523808,0.10790077545642739,28544.620307306548,26362.809593112546,2181.810714194002
29549,3,Inactive Low-Value Customers,9021.047029000001,0.23809523809523808,0.10790077545642739,28885.954194283207,25608.001033051492,3277.953161231715
29787,3,Inactive Low-Value Customers,8513.090099999998,0.23809523809523808,0.10790077545642739,27259.44448464595,25068.818451790718,2190.6260328552307
29621,6,Declining Frequent Buyers,-113.83849999999984,0.0,0.01,-11497.688499999984,25003.134616760068,-36500.82311676005
29811,3,Inactive Low-Value Customers,9025.698295000002,0.23809523809523808,0.10790077545642739,28900.84783758088,24694.37350598205,4206.474331598831
29910,3,Inactive Low-Value Customers,7641.073704000001,0.23809523809523808,0.10790077545642739,24467.193697066134,24535.424902736675,-68.23120567054139
29521,3,Inactive Low-Value Customers,9037.188999999998,0.23809523809523808,0.10790077545642739,28937.641790347436,24527.460282615553,4410.181507731882
29958,3,Inactive Low-Value Customers,9156.353399999998,0.23809523809523808,0.10790077545642739,29319.21361775546,23884.102110934342,5435.111506821118
29658,3,Inactive Low-Value Customers,7522.712753000003,0.23809523809523808,0.10790077545642739,24088.194563375026,23854.913063177843,233.28150019718305
29945,3,Inactive Low-Value Customers,9028.363399999998,0.23809523809523808,0.10790077545642739,28909.381669707614,23756.849942710985,5152.531726996629
30004,3,Inactive Low-Value Customers,6752.035299999999,0.23809523809523808,0.10790077545642739,21620.437380161144,23737.92564402408,-2117.488263862935
29511,3,Inactive Low-Value Customers,8067.786599999998,0.23809523809523808,0.10790077545642739,25833.5549551708,23701.84550462126,2131.7094505495406
11109,1,High Value but Cooling,2633.8174999999997,0.0,0.12413778410416021,23850.705806867503,23677.857775078373,172.8480317891299
11101,1,High Value but Cooling,2617.3260999999998,0.0,0.12413778410416021,23701.366860739545,23658.035443029814,43.331417709730886
11456,1,High Value but Cooling,2591.2155999999995,0.0,0.12413778410416021,23464.921528452775,23541.26326529545,-76.34173684267444
11452,1,High Value but Cooling,2595.0242999999996,0.0,0.12413778410416021,23499.41145921169,23526.93575939691,-27.524300185221364
11007,1,High Value but Cooling,2591.5411999999997,0.0,0.12413778410416021,23467.870020446135,23485.86255638508,-17.992535938945366
11025,1,High Value but Cooling,2584.7765999999997,0.0,0.12413778410416021,23406.6127448372,23329.83952049357,76.77322434362941
11004,1,High Value but Cooling,2577.8693,0.0,0.12413778410416021,23344.063240089898,23327.96472106355,16.098519026349095
11076,1,High Value but Cooling,2576.6297999999997,0.0,0.12413778410416021,23332.838867160634,23326.252978386106,6.58588877452712
11058,1,High Value but Cooling,2576.6297999999997,0.0,0.12413778410416021,23332.838867160634,23325.60161415492,7.237253005714592
11451,1,High Value but Cooling,2575.8848999999996,0.0,0.12413778410416021,23326.09337672497,23318.06353509709,8.02984162787834
11054,1,High Value but Cooling,2577.6856999999995,0.0,0.12413778410416021,23342.40063833934,23314.610957463865,27.789680875474005
11243,1,High Value but Cooling,2574.658,0.0,0.12413778410416021,23314.98310391585,23311.250902385847,3.7322015300014755
11093,1,High Value but Cooling,2572.1351999999997,0.0,0.12413778410416021,23292.137724306376,23289.507661853466,2.6300624529103516
11240,1,High Value but Cooling,2573.4871999999996,0.0,0.12413778410416021,23304.38084830828,23288.62361269387,15.757235614408273
11453,1,High Value but Cooling,2570.6665,0.0,0.12413778410416021,23278.837815858453,23287.567413216162,-8.729597357709281
11001,1,High Value but Cooling,2568.8884,0.0,0.12413778410416021,23262.73611557163,23266.902294261425,-4.166178689793014
11072,1,High Value but Cooling,2568.3832999999995,0.0,0.12413778410416021,23258.162149644584,23265.223320243236,-7.061170598652097
11444,1,High Value but Cooling,2566.9293,0.0,0.12413778410416021,23244.995358003485,23260.484563746257,-15.489205742771446
11107,1,High Value but Cooling,2566.9293,0.0,0.12413778410416021,23244.995358003485,23258.65897510558,-13.663617102094577
11117,1,High Value but Cooling,2567.4106999999995,0.0,0.12413778410416021,23249.354707037888,23257.351843180622,-7.9971361427342345
11077,1,High Value but Cooling,2565.6897999999997,0.0,0.12413778410416021,23233.770985074225,23251.841665888736,-18.070680814511434
11446,1,High Value but Cooling,2564.1097999999997,0.0,0.12413778410416021,23219.463192231764,23219.935202716963,-0.4720104851985525
11244,1,High Value but Cooling,2564.1160999999997,0.0,0.12413778410416021,23219.52024229183,23216.933546918193,2.5866953736367577
11332,1,High Value but Cooling,2564.1097999999997,0.0,0.12413778410416021,23219.463192231764,23213.33067869972,6.1325135320439585
11061,1,High Value but Cooling,2562.5471999999995,0.0,0.12413778410416021,23205.312966221867,23211.960243372843,-6.6472771509761515
11450,1,High Value but Cooling,2562.7099999999996,0.0,0.12413778410416021,23206.787212218547,23211.16439429493,-4.377182076383178
11338,1,High Value but Cooling,2562.5471999999995,0.0,0.12413778410416021,23205.312966221867,23205.829008102697,-0.5160418808300165
29559,3,Inactive Low-Value Customers,6455.216255999997,0.23809523809523808,0.10790077545642739,20670.00432273306,23204.672117449063,-2534.6677947160024
11070,1,High Value but Cooling,2562.2882,0.0,0.12413778410416021,23202.96757486352,23204.633690755465,-1.6661158919450827
11006,1,High Value but Cooling,2551.5834999999997,0.0,0.12413778410416021,23106.030467242817,23194.56581455452,-88.53534731170294
11449,1,High Value but Cooling,2557.7332999999994,0.0,0.12413778410416021,23161.72038143432,23172.648860884878,-10.92847945055837
11005,1,High Value but Cooling,2557.7332999999994,0.0,0.12413778410416021,23161.72038143432,23167.57682500746,-5.856443573142315
11103,1,High Value but Cooling,2557.0300999999995,0.0,0.12413778410416021,23155.352508062915,23165.857152289806,-10.504644226890377
11333,1,High Value but Cooling,2557.3990999999996,0.0,0.12413778410416021,23158.69401158119,23152.252658129106,6.441353452082694
11337,1,High Value but Cooling,2553.0611999999996,0.0,0.12413778410416021,23119.411875776557,23148.009915912196,-28.598040135639167
29904,3,Inactive Low-Value Customers,7038.807043000002,0.23809523809523808,0.10790077545642739,22538.698354290118,23147.741792969893,-609.0434386797751
11018,1,High Value but Cooling,2555.9655999999995,0.0,0.12413778410416021,23145.712859024432,23146.547866008295,-0.8350069838634226
11000,1,High Value but Cooling,2555.9655999999995,0.0,0.12413778410416021,23145.712859024432,23145.821541318543,-0.10868229411062202
11080,1,High Value but Cooling,2556.2998,0.0,0.12413778410416021,23148.739228877566,23145.742567293408,2.9966615841585735
11104,1,High Value but Cooling,2555.8779999999997,0.0,0.12413778410416021,23144.919591522535,23144.23588494175,0.6837065807849285
11295,1,High Value but Cooling,2561.5,0.0,0.12413778410416021,23195.82997845945,23139.973111862913,55.85686659653584
11341,1,High Value but Cooling,2554.8156999999997,0.0,0.12413778410416021,23135.29986472725,23138.51183942389,-3.211974696638208
11239,1,High Value but Cooling,2553.2531,0.0,0.12413778410416021,23121.14963871736,23124.357250853456,-3.207612136095122
11387,1,High Value but Cooling,2553.1697999999997,0.0,0.12413778410416021,23120.395310145348,23114.14361130448,6.251698840867903
11334,1,High Value but Cooling,2551.5834999999997,0.0,0.12413778410416021,23106.030467242817,23107.04240421439,-1.0119369715721405
11335,1,High Value but Cooling,2557.3990999999996,0.0,0.12413778410416021,23158.69401158119,23081.416931628122,77.27707995306628
11247,1,High Value but Cooling,2548.2245,0.0,0.12413778410416021,23075.612824104956,23068.067077147545,7.5457469574103015
11245,1,High Value but Cooling,2540.6434999999997,0.0,0.12413778410416021,23006.962585156405,23045.840001432152,-38.87741627574724
11052,1,High Value but Cooling,2546.3714999999997,0.0,0.12413778410416021,23058.832861992872,23041.819402690147,17.013459302725096
11092,1,High Value but Cooling,2545.0255999999995,0.0,0.12413778410416021,23046.64497693802,23039.406715099252,7.238261838767357
11003,1,High Value but Cooling,2542.2893999999997,0.0,0.12413778410416021,23021.86713973831,23038.209379778287,-16.342240039975877
11388,1,High Value but Cooling,2545.6201999999994,0.0,0.12413778410416021,23052.029415940633,23037.94833712077,14.081078819861432
11108,1,High Value but Cooling,2541.8142999999995,0.0,0.12413778410416021,23017.56484076397,23035.743152959705,-18.17831219573418
11095,1,High Value but Cooling,2541.6993999999995,0.0,0.12413778410416021,23016.52435633511,23026.150083522258,-9.625727187147277
11238,1,High Value but Cooling,2552.7479999999996,0.0,0.12413778410416021,23116.575672790317,23020.358155846963,96.21751694335398
11124,1,High Value but Cooling,2540.2216999999996,0.0,0.12413778410416021,23003.142947801374,23001.828120354785,1.3148274465893337
11060,1,High Value but Cooling,2542.2060999999994,0.0,0.12413778410416021,23021.1128111663,23000.875636401604,20.23717476469392
11249,1,High Value but Cooling,2540.2216999999996,0.0,0.12413778410416021,23003.142947801374,22998.44383156155,4.699116239822615
11069,1,High Value but Cooling,2542.2060999999994,0.0,0.12413778410416021,23021.1128111663,22998.168248548474,22.944562617823976
11246,1,High Value but Cooling,2537.5197999999996,0.0,0.12413778410416021,22978.675716484253,22991.10367374919,-12.427957264935685
11445,1,High Value but Cooling,2537.098,0.0,0.12413778410416021,22974.856079129226,22991.03504376668,-16.178964637452736
11448,1,High Value but Cooling,2531.3493999999996,0.0,0.12413778410416021,22922.799257651895,22977.543341952194,-54.74408430029871
11011,1,High Value but Cooling,2530.8442999999997,0.0,0.12413778410416021,22918.225291724855,22952.468894730835,-34.24360300597982
11008,1,High Value but Cooling,2530.7151999999996,0.0,0.12413778410416021,22917.056218271715,22947.530391224725,-30.474172953010566
11017,1,High Value but Cooling,2533.6638,0.0,0.12413778410416021,22943.757457496577,22943.8124015501,-0.05494405352510512
11400,1,High Value but Cooling,2531.3493999999996,0.0,0.12413778410416021,22922.799257651895,22937.745298161575,-14.946040509679733
11010,1,High Value but Cooling,2530.8442999999997,0.0,0.12413778410416021,22918.225291724855,22926.850435273805,-8.625143548950291
11057,1,High Value but Cooling,2531.2661,0.0,0.12413778410416021,22922.044929079886,22925.899782629152,-3.8548535492664087
11455,1,High Value but Cooling,2531.2661,0.0,0.12413778410416021,22922.044929079886,22921.37368957269,0.6712395071954234
11105,1,High Value but Cooling,2530.8442999999997,0.0,0.12413778410416021,22918.225291724855,22918.534009117855,-0.30871739299982437
11106,1,High Value but Cooling,2530.8442999999997,0.0,0.12413778410416021,22918.225291724855,22918.136385593643,0.08890613121184288
11468,1,High Value but Cooling,2531.2661,0.0,0.12413778410416021,22922.044929079886,22911.53591362465,10.509015455234476
11282,1,High Value but Cooling,2528.5287,0.0,0.12413778410416021,22897.25622520207,22906.093629246545,-8.837404044475988
11237,1,High Value but Cooling,2531.2661,0.0,0.12413778410416021,22922.044929079886,22905.582889967238,16.4620391126482
11447,1,High Value but Cooling,2529.2816999999995,0.0,0.12413778410416021,22904.07506571496,22904.356133310885,-0.28106759592628805
11259,1,High Value but Cooling,2525.1045,0.0,0.12413778410416021,22866.248159220322,22851.427219831072,14.82093938925027
11009,1,High Value but Cooling,2521.3378,0.0,0.12413778410416021,22832.138562195192,22845.12171133875,-12.983149143557966
11075,1,High Value but Cooling,2519.9042999999997,0.0,0.12413778410416021,22819.157409638443,22843.7191105798,-24.56170094135814
11454,1,High Value but Cooling,2519.9042999999997,0.0,0.12413778410416021,22819.157409638443,22831.73819864971,-12.58078901126646
11002,1,High Value but Cooling,2530.8442999999997,0.0,0.12413778410416021,22918.225291724855,22822.615735203344,95.60955652151097
11272,1,High Value but Cooling,2509.5295,0.0,0.12413778410416021,22725.207732940995,22697.618814631594,27.58891830940047
11271,1,High Value but Cooling,2508.2837,0.0,0.12413778410416021,22713.926309951665,22695.267902068066,18.658407883598557
11171,1,High Value but Cooling,2504.4214,0.0,0.12413778410416021,22678.95100090392,22689.447935605825,-10.496934701906866
11263,1,High Value but Cooling,2508.2837,0.0,0.12413778410416021,22713.926309951665,22683.6533873356,30.272922616066353
11090,1,High Value but Cooling,2499.7389,0.0,0.12413778410416021,22636.548317369216,22634.301894838194,2.2464225310213806
29880,3,Inactive Low-Value Customers,8219.354259000002,0.23809523809523808,0.10790077545642739,26318.88403516942,22633.124321550098,3685.7597136193217
11275,1,High Value but Cooling,2497.0095,0.0,0.12413778410416021,22611.832058012118,22607.847235980516,3.9848220316016523
29732,3,Inactive Low-Value Customers,6983.5291000000025,0.23809523809523808,0.10790077545642739,22361.69493946265,22601.25030941085,-239.55536994820068
11267,1,High Value but Cooling,2493.7856,0.0,0.12413778410416021,22582.637821717937,22587.44187415704,-4.804052439103543
11270,1,High Value but Cooling,2498.0654,0.0,0.12413778410416021,22621.393829190823,22585.61350535926,35.7803238315646
29953,3,Inactive Low-Value Customers,6221.548930999998,0.23809523809523808,0.10790077545642739,19921.787001068256,22575.32289957225,-2653.535898503993
11191,1,High Value but Cooling,2486.38,0.0,0.12413778410416021,22515.575928886203,22507.836912969688,7.7390159165152
11290,1,High Value but Cooling,2483.25,0.0,0.12413778410416021,22487.232010153984,22478.060523407134,9.17148674685086
11266,1,High Value but Cooling,2472.7914,0.0,0.12413778410416021,22392.52347710198,22403.66816155933,-11.144684457351104
11175,1,High Value but Cooling,2475.1058,0.0,0.12413778410416021,22413.481676946652,22401.948968396355,11.532708550297684
11281,1,High Value but Cooling,2475.7003999999997,0.0,0.12413778410416021,22418.866115949266,22400.07566699753,18.790448951735016
11252,1,High Value but Cooling,2475.1058,0.0,0.12413778410416021,22413.481676946652,22393.405027849527,20.076649097125483
11286,1,High Value but Cooling,2477.3094,0.0,0.12413778410416021,22433.436520179344,22384.04534856392,49.391171615425264
11224,1,High Value but Cooling,2471.8882,0.0,0.12413778410416021,22384.344490712538,22372.297765477666,12.046725234871701
11289,1,High Value but Cooling,2470.1542,0.0,0.12413778410416021,22368.64214084619,22369.583855648776,-0.9417148025859206
11261,1,High Value but Cooling,2471.8882,0.0,0.12413778410416021,22384.344490712538,22365.527855364617,18.816635347920965
11292,1,High Value but Cooling,2473.1214,0.0,0.12413778410416021,22395.511813581732,22362.758978260736,32.75283532099638
11278,1,High Value but Cooling,2471.8882,0.0,0.12413778410416021,22384.344490712538,22362.108433509213,22.23605720332489
11257,1,High Value but Cooling,2451.418,0.0,0.12413778410416021,22198.975262203832,22223.24650114343,-24.271238939596515
11291,1,High Value but Cooling,2449.9845,0.0,0.12413778410416021,22185.994109647076,22203.166874122773,-17.172764475697477
11129,1,High Value but Cooling,2449.9845,0.0,0.12413778410416021,22185.994109647076,22196.49890987715,-10.504800230075489
30044,3,Inactive Low-Value Customers,6130.626308000001,0.23809523809523808,0.10790077545642739,19630.647101812774,21994.557320433767,-2363.910218620993
29974,3,Inactive Low-Value Customers,4844.262199999999,0.23809523809523808,0.10790077545642739,15511.629145093728,21750.18234025867,-6238.553195164943
29909,3,Inactive Low-Value Customers,6596.620556000005,0.23809523809523808,0.10790077545642739,21122.789694491366,21582.335087778814,-459.54539328744795
16687,1,High Value but Cooling,2326.0330000000004,0.0,0.12413778410416021,21063.543233373406,21386.53354939294,-322.9903160195354
18242,1,High Value but Cooling,2358.0342,0.0,0.12413778410416021,21353.33218293681,21311.803258876316,41.52892406049432
12132,1,High Value but Cooling,2340.1869,0.0,0.12413778410416021,21191.7147961031,21301.616746596992,-109.90195049389149
18214,1,High Value but Cooling,2340.1869,0.0,0.12413778410416021,21191.7147961031,21223.893932015184,-32.17913591208344
14198,1,High Value but Cooling,2339.7630000000004,0.0,0.12413778410416021,21187.87614206138,21184.684625494756,3.1915165666250687
18213,1,High Value but Cooling,2326.0330000000004,0.0,0.12413778410416021,21063.543233373406,21148.003737521776,-84.46050414837009
12308,1,High Value but Cooling,2331.1162000000004,0.0,0.12413778410416021,21109.574481839736,21129.221046459275,-19.646564619539276
29491,3,Inactive Low-Value Customers,5158.3602,0.23809523809523808,0.10790077545642739,16517.390495339314,21116.800884371634,-4599.41038903232
12300,1,High Value but Cooling,2329.8016000000002,0.0,0.12413778410416021,21097.6700359722,21099.158342735063,-1.4883067628616118
14181,1,High Value but Cooling,2333.0793000000003,0.0,0.12413778410416021,21127.35146166824,21067.23239767517,60.119063993071904
14189,1,High Value but Cooling,2331.0116000000003,0.0,0.12413778410416021,21108.627269731303,21048.892841743516,59.73442798778706
16693,1,High Value but Cooling,2319.7167000000004,0.0,0.12413778410416021,21006.345567594395,21046.515970562617,-40.170402968222334
30075,3,Inactive Low-Value Customers,6429.561318000006,0.23809523809523808,0.10790077545642739,20587.855614102835,21039.5310288822,-451.6754147793654
14775,1,High Value but Cooling,2331.0116000000003,0.0,0.12413778410416021,21108.627269731303,21010.188026392567,98.43924333873656
12301,1,High Value but Cooling,2319.7167000000004,0.0,0.12413778410416021,21006.345567594395,21002.612507421025,3.733060173370177
18243,1,High Value but Cooling,2318.2832000000003,0.0,0.12413778410416021,20993.36441503764,20993.658893450982,-0.29447841334331315
18241,1,High Value but Cooling,2318.2832000000003,0.0,0.12413778410416021,20993.36441503764,20991.158842714667,2.2055723229714204
18209,1,High Value but Cooling,2317.2816000000003,0.0,0.12413778410416021,20984.29436104333,20979.766641628463,4.5277194148657145
18217,1,High Value but Cooling,2317.2816000000003,0.0,0.12413778410416021,20984.29436104333,20978.69310672638,5.601254316949053
18205,1,High Value but Cooling,2317.2816000000003,0.0,0.12413778410416021,20984.29436104333,20977.791323983976,6.503037059352209
16688,1,High Value but Cooling,2332.6123000000002,0.0,0.12413778410416021,21123.12251277113,20952.931040822565,170.19147194856487
18240,1,High Value but Cooling,2318.6147,0.0,0.12413778410416021,20996.366334865026,20952.91951451338,43.44682035164442
18207,1,High Value but Cooling,2316.547,0.0,0.12413778410416021,20977.64214292809,20945.40379888944,32.23834403864748
18301,1,High Value but Cooling,2317.2816000000003,0.0,0.12413778410416021,20984.29436104333,20943.275092316864,41.01926872646436
18222,1,High Value but Cooling,2306.197,0.0,0.12413778410416021,20883.917044244878,20887.10545669466,-3.1884124497810262
18210,1,High Value but Cooling,2306.197,0.0,0.12413778410416021,20883.917044244878,20885.790559967612,-1.8735157227347372
18219,1,High Value but Cooling,2305.9823,0.0,0.12413778410416021,20881.972814420016,20881.47512617928,0.4976882407354424
22109,1,High Value but Cooling,2311.1756000000005,0.0,0.12413778410416021,20929.00108060278,20857.378268099616,71.622812503163
18246,1,High Value but Cooling,2301.0056,0.0,0.12413778410416021,20836.90598363579,20841.99253466095,-5.086551025160588
18238,1,High Value but Cooling,2301.0056,0.0,0.12413778410416021,20836.90598363579,20839.641300051993,-2.7353164162050234
16702,1,High Value but Cooling,2295.3779000000004,0.0,0.12413778410416021,20785.943979977867,20838.556458061707,-52.61247808383996
12296,1,High Value but Cooling,2300.3546,0.0,0.12413778410416021,20831.01081076209,20834.839692188925,-3.828881426834414
22895,1,High Value but Cooling,2300.3546,0.0,0.12413778410416021,20831.01081076209,20819.860667198336,11.150143563754682
12131,1,High Value but Cooling,2295.3779000000004,0.0,0.12413778410416021,20785.943979977867,20816.57136534212,-30.627385364252405
18212,1,High Value but Cooling,2300.3546,0.0,0.12413778410416021,20831.01081076209,20810.10526465741,20.90554610468098
18220,1,High Value but Cooling,2295.3779000000004,0.0,0.12413778410416021,20785.943979977867,20761.512670315686,24.431309662180865
18218,1,High Value but Cooling,2295.3779000000004,0.0,0.12413778410416021,20785.943979977867,20756.44157499581,29.50240498205676
18244,1,High Value but Cooling,2295.3779000000004,0.0,0.12413778410416021,20785.943979977867,20751.082536117414,34.86144386045271
22785,1,High Value but Cooling,2300.3546,0.0,0.12413778410416021,20831.01081076209,20725.078216306676,105.9325944554148
18208,1,High Value but Cooling,2304.1293,0.0,0.12413778410416021,20865.19285230794,20717.24821849408,147.94463381385867
18239,1,High Value but Cooling,2301.0056,0.0,0.12413778410416021,20836.90598363579,20668.04191943377,168.8640642020182
12307,1,High Value but Cooling,2295.3779000000004,0.0,0.12413778410416021,20785.943979977867,20652.44800283046,133.49597714740594
29605,3,Inactive Low-Value Customers,6209.037267000001,0.23809523809523808,0.10790077545642739,19881.72387402365,20605.129269668505,-723.4053956448552
29786,3,Inactive Low-Value Customers,5913.0043080000005,0.23809523809523808,0.10790077545642739,18933.807909703482,20396.81845268905,-1463.0105429855685
12124,1,High Value but Cooling,3226.4581000000003,0.0,0.12413778410416021,29217.401335242368,20128.735920147443,9088.665415094925
30065,3,Inactive Low-Value Customers,6204.691476,0.23809523809523808,0.10790077545642739,19867.808380693394,19748.18251094909,119.62586974430451
29896,3,Inactive Low-Value Customers,6166.772850000005,0.23809523809523808,0.10790077545642739,19746.390579608345,19315.583714575492,430.80686503285324
18698,1,High Value but Cooling,2047.3595000000003,0.0,0.12413778410416021,18539.99721521911,18869.09991294915,-329.1026977300389
18697,1,High Value but Cooling,2025.4558000000002,0.0,0.12413778410416021,18341.64683415365,18826.687947025413,-485.0411128717642
18468,1,High Value but Cooling,2037.8735000000001,0.0,0.12413778410416021,18454.096124773798,18728.545073321755,-274.4489485479571
29807,3,Inactive Low-Value Customers,4335.356199999999,0.23809523809523808,0.10790077545642739,13882.080451029835,18711.175397956715,-4829.09494692688
18467,1,High Value but Cooling,2025.4558000000002,0.0,0.12413778410416021,18341.64683415365,18708.72085115117,-367.07401699752154
29935,3,Inactive Low-Value Customers,5468.573543000002,0.23809523809523808,0.10790077545642739,17510.712932030663,18501.47909608952,-990.7661640588558
22998,1,High Value but Cooling,2036.9535,0.0,0.12413778410416021,18445.765004890844,18437.550965318984,8.214039571859757
11409,1,High Value but Cooling,1898.4247999999998,0.0,0.12413778410416021,17191.309345184804,17247.41831152517,-56.10896634036544
11402,1,High Value but Cooling,1906.0394,0.0,0.12413778410416021,17260.26385112038,17244.898393658063,15.365457462317863
29500,3,Inactive Low-Value Customers,4462.941600000002,0.23809523809523808,0.10790077545642739,14290.616844689222,17238.40456901274,-2947.787724323516
12384,1,High Value but Cooling,1898.3287999999998,0.0,0.12413778410416021,17190.44001093615,17188.696337713827,1.7436732223213767
11417,1,High Value but Cooling,1940.3668999999998,0.0,0.12413778410416021,17571.118761753045,17181.746964668942,389.3717970841026
11401,1,High Value but Cooling,1898.5632,0.0,0.12413778410416021,17192.562635393286,17175.818125527425,16.74450986586089
11484,1,High Value but Cooling,1892.6225,0.0,0.12413778410416021,17138.76623986214,17166.374633068735,-27.608393206595792
12461,1,High Value but Cooling,1891.4516999999998,0.0,0.12413778410416021,17128.163984254574,17154.48731453145,-26.323330276874913
11336,1,High Value but Cooling,1891.4516999999998,0.0,0.12413778410416021,17128.163984254574,17106.90885413961,21.25513011496514
12462,1,High Value but Cooling,1889.254,0.0,0.12413778410416021,17108.262568855916,17093.92616842864,14.336400427277113
11403,1,High Value but Cooling,1884.0334,0.0,0.12413778410416021,17060.987085746197,17063.951733683367,-2.9646479371695023
11481,1,High Value but Cooling,1885.9110999999998,0.0,0.12413778410416021,17077.990720316,17039.751626505677,38.23909381032354
11345,1,High Value but Cooling,1873.3973999999998,0.0,0.12413778410416021,16964.672095447193,16957.30642307651,7.365672370684479
12390,1,High Value but Cooling,1880.0899,0.0,0.12413778410416021,17025.276464813127,16900.50451912432,124.77194568880805
11339,1,High Value but Cooling,1862.0293,0.0,0.12413778410416021,16861.727525945684,16864.248857365907,-2.5213314202228503
11340,1,High Value but Cooling,1861.9207,0.0,0.12413778410416021,16860.74409157689,16806.35502298769,54.38906858920018
12397,1,High Value but Cooling,1857.7410999999997,0.0,0.12413778410416021,16822.89545172603,16805.265445280307,17.630006445724575
11242,1,High Value but Cooling,1851.4873999999998,0.0,0.12413778410416021,16766.26466432166,16795.3703222673,-29.105657945638086
28298,1,High Value but Cooling,1888.5787,0.0,0.12413778410416021,17102.147345750527,16773.47762326363,328.66972248689854
11241,1,High Value but Cooling,1862.0293,0.0,0.12413778410416021,16861.727525945684,16712.531685584443,149.1958403612407
16313,1,High Value but Cooling,1855.1185,0.0,0.12413778410416021,16799.146326720565,16707.99493270493,91.15139401563647
29868,4,Frequent Low-Spend Customers,877.964,0.0,0.07773582937909708,12172.163946313067,16706.707573700398,-4534.543627387331
16400,1,High Value but Cooling,1857.7747,0.0,0.12413778410416021,16823.199718713062,16666.288691098565,156.91102761449656
30045,3,Inactive Low-Value Customers,4930.009907999996,0.23809523809523808,0.10790077545642739,15786.198644353643,16559.60120598619,-773.4025616325471
16291,1,High Value but Cooling,1834.8694,0.0,0.12413778410416021,16615.779283653294,16555.61675472273,60.162528930562985
29836,3,Inactive Low-Value Customers,4794.479966999995,0.23809523809523808,0.10790077545642739,15352.223335822973,16256.100188861768,-903.8768530387952
30050,3,Inactive Low-Value Customers,4848.594898000001,0.23809523809523808,0.10790077545642739,15525.502713822876,16197.684592439737,-672.1818786168606
15630,1,High Value but Cooling,1780.0183000000002,0.0,0.12413778410416021,16119.071577336104,16145.33012549614,-26.258548160036298
13774,1,High Value but Cooling,1784.8448000000003,0.0,0.12413778410416021,16162.778262243792,16073.125563155198,89.65269908859409
16662,1,High Value but Cooling,1761.6641000000002,0.0,0.12413778410416021,15952.863924558185,16005.99790974527,-53.13398518708527
13778,1,High Value but Cooling,1768.1851000000001,0.0,0.12413778410416021,16011.915264511155,15993.854569627894,18.06069488326102
13789,1,High Value but Cooling,1768.1851000000001,0.0,0.12413778410416021,16011.915264511155,15966.745658823791,45.16960568736431
14945,1,High Value but Cooling,1741.2656000000002,0.0,0.12413778410416021,15768.143980066441,15740.69459674999,27.44938331645062
17513,1,High Value but Cooling,1741.2656000000002,0.0,0.12413778410416021,15768.143980066441,15711.254364635804,56.889615430636695
14146,1,High Value but Cooling,1721.2824000000003,0.0,0.12413778410416021,15587.18481175664,15710.397692364988,-123.2128806083474
28672,1,High Value but Cooling,1709.7847000000002,0.0,0.12413778410416021,15483.066641019443,15621.334974027228,-138.26833300778526
12315,1,High Value but Cooling,1721.1527000000003,0.0,0.12413778410416021,15586.010304964448,15608.04479935287,-22.0344943884229
28667,1,High Value but Cooling,1699.3787000000002,0.0,0.12413778410416021,15388.834430691179,15491.043119113914,-102.20868842273558
11015,4,Frequent Low-Spend Customers,1167.6639999999998,0.0,0.07773582937909708,16188.588190640732,15464.44116758063,724.1470230601026
28671,1,High Value but Cooling,1687.8810000000003,0.0,0.12413778410416021,15284.71625995398,15441.554760215107,-156.83850026112668
11156,4,Frequent Low-Spend Customers,1102.4660999999999,0.0,0.07773582937909708,15284.679228820743,15382.138391189515,-97.45916236877201
13841,1,High Value but Cooling,1693.5087,0.0,0.12413778410416021,15335.678263611904,15367.489520113455,-31.811256501550815
29929,3,Inactive Low-Value Customers,3948.0868010000017,0.23809523809523808,0.10790077545642739,12642.019725883434,15352.624020554173,-2710.6042946707385
11083,4,Frequent Low-Spend Customers,1101.3078999999998,0.0,0.07773582937909708,15268.621850291987,15350.389389845099,-81.76753955311142
11439,1,High Value but Cooling,2626.9894000000004,0.0,0.12413778410416021,23788.87350287535,15342.086585439076,8446.786917436275
11041,4,Frequent Low-Spend Customers,1096.5192,0.0,0.07773582937909708,15202.23092596057,15296.507890652343,-94.27696469177317
11136,4,Frequent Low-Spend Customers,1096.5192,0.0,0.07773582937909708,15202.23092596057,15280.480184450904,-78.24925849033389
13519,1,High Value but Cooling,1685.519,0.0,0.12413778410416021,15263.327015211007,15237.461182585923,25.865832625084295
17512,1,High Value but Cooling,1680.8251000000002,0.0,0.12413778410416021,15220.821098234279,15214.52185032225,6.2992479120293865
14927,1,High Value but Cooling,1677.6433000000002,0.0,0.12413778410416021,15192.008101230389,15157.630726693293,34.37737453709633
11037,4,Frequent Low-Spend Customers,1092.6127999999999,0.0,0.07773582937909708,15148.07228023036,15152.261735838205,-4.189455607844138
11021,4,Frequent Low-Spend Customers,1091.1918999999998,0.0,0.07773582937909708,15128.372807642285,15152.248463556614,-23.8756559143294
17511,1,High Value but Cooling,1672.5870000000002,0.0,0.12413778410416021,15146.220447464986,15130.824020349346,15.396427115640108
11144,4,Frequent Low-Spend Customers,1088.9300999999998,0.0,0.07773582937909708,15097.015029403346,15114.180756219228,-17.1657268158815
11158,4,Frequent Low-Spend Customers,1080.5476999999998,0.0,0.07773582937909708,14980.80075744735,15078.841671933309,-98.04091448595864
11088,4,Frequent Low-Spend Customers,1083.4606999999999,0.0,0.07773582937909708,15021.186825185447,15032.268720654736,-11.08189546928952
11168,4,Frequent Low-Spend Customers,1083.2353999999998,0.0,0.07773582937909708,15018.063247752769,15005.200401461527,12.862846291242022
11739,4,Frequent Low-Spend Customers,1079.4041999999997,0.0,0.07773582937909708,14964.94718090821,14970.23843351216,-5.291252603950852
11062,4,Frequent Low-Spend Customers,1078.6718999999998,0.0,0.07773582937909708,14954.794514445935,14962.04996256113,-7.2554481151946675
11265,4,Frequent Low-Spend Customers,1078.6718999999998,0.0,0.07773582937909708,14954.794514445935,14959.328344942385,-4.533830496449809
11036,4,Frequent Low-Spend Customers,1076.2741999999998,0.0,0.07773582937909708,14921.552607609125,14952.579532467353,-31.026924858228085
11316,4,Frequent Low-Spend Customers,1077.4324,0.0,0.07773582937909708,14937.60998613788,14946.6106836303,-9.000697492419931
11089,4,Frequent Low-Spend Customers,1078.6718999999998,0.0,0.07773582937909708,14954.794514445935,14925.287774145667,29.506740300268575
11264,4,Frequent Low-Spend Customers,1070.3336,0.0,0.07773582937909708,14839.191648458787,14903.054368364417,-63.86271990563
11063,4,Frequent Low-Spend Customers,1066.8715,0.0,0.07773582937909708,14791.1928138841,14879.464612221434,-88.27179833733499
24661,1,High Value but Cooling,1643.0672000000002,0.0,0.12413778410416021,14878.901977116311,14861.401845060373,17.500132055938593
29968,3,Inactive Low-Value Customers,4987.846784,0.23809523809523808,0.10790077545642739,15971.395921954105,14859.459345944739,1111.936576009366
29937,3,Inactive Low-Value Customers,4110.956786999996,0.23809523809523808,0.10790077545642739,13163.53956056508,14848.831372378221,-1685.291811813142
30046,3,Inactive Low-Value Customers,4461.516908000001,0.23809523809523808,0.10790077545642739,14286.054892210681,14800.268755405887,-514.2138631952057
18907,1,High Value but Cooling,1633.9713000000002,0.0,0.12413778410416021,14796.533462612673,14762.985043008548,33.54841960412523
11167,4,Frequent Low-Spend Customers,1064.9187,0.0,0.07773582937909708,14764.119036651367,14738.509870390508,25.609166260859638
11053,4,Frequent Low-Spend Customers,1064.9124,0.0,0.07773582937909708,14764.031692941533,14724.917590464906,39.11410247662752
11082,4,Frequent Low-Spend Customers,1064.9187,0.0,0.07773582937909708,14764.119036651367,14720.093816192117,44.025220459250704
19763,1,High Value but Cooling,1625.2199,0.0,0.12413778410416021,14717.284590282596,14704.418523593547,12.866066689048239
23859,1,High Value but Cooling,1625.2199,0.0,0.12413778410416021,14717.284590282596,14699.52124226929,17.763348013306313
18902,1,High Value but Cooling,1624.4853,0.0,0.12413778410416021,14710.63237216736,14694.289347721291,16.34302444606874
24386,1,High Value but Cooling,1619.2666000000002,0.0,0.12413778410416021,14663.374094631314,14690.528813194684,-27.154718563369897
18906,1,High Value but Cooling,1645.469,0.0,0.12413778410416021,14900.65163334987,14688.820567183664,211.83106616620535
19271,1,High Value but Cooling,1625.2199,0.0,0.12413778410416021,14717.284590282596,14688.213303521634,29.07128676096181
11433,1,High Value but Cooling,2620.3739,0.0,0.12413778410416021,23728.966412021357,14680.043464192233,9048.922947829124
18903,1,High Value but Cooling,1619.2666000000002,0.0,0.12413778410416021,14663.374094631314,14671.318806794921,-7.944712163607619
11835,4,Frequent Low-Spend Customers,1058.2016999999998,0.0,0.07773582937909708,14670.994005069906,14670.323222229705,0.6707828402013547
29586,1,High Value but Cooling,1526.6357,0.0,0.12413778410416021,13824.548950320683,14667.441547029834,-842.8925967091509
11084,4,Frequent Low-Spend Customers,1055.8039999999999,0.0,0.07773582937909708,14637.752098233092,14653.785144339352,-16.03304610626037
11022,4,Frequent Low-Spend Customers,1055.8039999999999,0.0,0.07773582937909708,14637.752098233092,14630.995658683809,6.756439549282732
11020,4,Frequent Low-Spend Customers,1056.7681999999998,0.0,0.07773582937909708,14651.11984506216,14630.900595579022,20.2192494831379
11155,4,Frequent Low-Spend Customers,1054.3704999999998,0.0,0.07773582937909708,14617.877938225349,14612.131458754526,5.746479470823033
29717,3,Inactive Low-Value Customers,5013.4781,0.23809523809523808,0.10790077545642739,16053.46899146977,14611.028928858817,1442.4400626109527
11154,4,Frequent Low-Spend Customers,1054.3704999999998,0.0,0.07773582937909708,14617.877938225349,14605.531220714456,12.346717510892631
11328,4,Frequent Low-Spend Customers,1054.3704999999998,0.0,0.07773582937909708,14617.877938225349,14605.319668397326,12.558269828023185
18900,1,High Value but Cooling,1612.0676,0.0,0.12413778410416021,14598.183081547211,14598.311232735587,-0.128151188375341
11042,4,Frequent Low-Spend Customers,1054.3704999999998,0.0,0.07773582937909708,14617.877938225349,14595.672234568,22.20570365734966
19270,1,High Value but Cooling,1608.9439000000002,0.0,0.12413778410416021,14569.89621287506,14594.87494407171,-24.97873119664837
19264,1,High Value but Cooling,1612.0676,0.0,0.12413778410416021,14598.183081547211,14594.75903436792,3.4240471792909375
11145,4,Frequent Low-Spend Customers,1052.3861,0.0,0.07773582937909708,14590.366056035346,14587.959482573766,2.4065734615796828
11064,4,Frequent Low-Spend Customers,1049.2623999999998,0.0,0.07773582937909708,14547.058826446093,14546.20101515567,0.8578112904233421
18899,1,High Value but Cooling,1603.3162000000002,0.0,0.12413778410416021,14518.934209217136,14521.951562523036,-3.017353305900542
19269,1,High Value but Cooling,1603.3162000000002,0.0,0.12413778410416021,14518.934209217136,14517.730155033598,1.2040541835376644
19765,1,High Value but Cooling,1612.0676,0.0,0.12413778410416021,14598.183081547211,14515.952882931375,82.23019861583634
11152,4,Frequent Low-Spend Customers,1043.0086999999999,0.0,0.07773582937909708,14460.357023557754,14511.565036962593,-51.20801340483922
11693,4,Frequent Low-Spend Customers,1043.0086999999999,0.0,0.07773582937909708,14460.357023557754,14487.771540012698,-27.414516454944533
16944,1,High Value but Cooling,1591.7757,0.0,0.12413778410416021,14414.428460294075,14380.936892739055,33.49156755502008
22932,1,High Value but Cooling,1558.6873,0.0,0.12413778410416021,14114.794300364638,14275.23372518847,-160.43942482383136
22940,1,High Value but Cooling,1557.529,0.0,0.12413778410416021,14104.305239320698,14186.865479712418,-82.56024039172007
16316,1,High Value but Cooling,1536.8578000000002,0.0,0.12413778410416021,13917.115842228866,14062.863688671354,-145.74784644248757
16388,1,High Value but Cooling,1545.6718,0.0,0.12413778410416021,13996.931592933586,14042.360162139297,-45.42856920571103
16394,1,High Value but Cooling,1536.9204000000002,0.0,0.12413778410416021,13917.68272060351,13970.203591693942,-52.52087109043168
16327,1,High Value but Cooling,1525.8358,0.0,0.12413778410416021,13817.30540380506,13957.10074320635,-139.79533940129113
16570,1,High Value but Cooling,1570.185,0.0,0.12413778410416021,14218.912471101836,13886.70978367594,332.2026874258954
11942,1,High Value but Cooling,1775.8888,0.0,0.12413778410416021,16081.676621296263,13858.90694943826,2222.7696718580028
16391,1,High Value but Cooling,1515.0167000000001,0.0,0.12413778410416021,13719.332339538048,13801.087779178262,-81.75543964021381
11943,1,High Value but Cooling,1722.3058999999998,0.0,0.12413778410416021,15596.453182626423,13692.20949015067,1904.243692475753
20036,4,Frequent Low-Spend Customers,998.121,0.0,0.07773582937909708,13838.030318165602,13400.541449121078,437.4888690445241
20037,4,Frequent Low-Spend Customers,983.9297,0.0,0.07773582937909708,13641.280986517253,13385.94208067979,255.33890583746324
30060,3,Inactive Low-Value Customers,3514.1538760000017,0.23809523809523808,0.10790077545642739,11252.539485436135,13375.653334607854,-2123.1138491717193
29828,3,Inactive Low-Value Customers,3193.308175000002,0.23809523809523808,0.10790077545642739,10225.171576508823,13299.409228757468,-3074.2376522486447
23606,4,Frequent Low-Spend Customers,951.0584,0.0,0.07773582937909708,13185.550623166999,13284.331932515961,-98.78130934896217
22430,4,Frequent Low-Spend Customers,1010.8414,0.0,0.07773582937909708,14014.38697317957,13150.514498728535,863.8724744510346
24417,4,Frequent Low-Spend Customers,954.0586000000003,0.0,0.07773582937909708,13227.145638761867,13102.115520013871,125.03011874799631
28207,4,Frequent Low-Spend Customers,950.6345000000002,0.0,0.07773582937909708,13179.673639262377,13054.824657393969,124.84898186840837
26381,4,Frequent Low-Spend Customers,936.9045,0.0,0.07773582937909708,12989.31980814529,13012.344282384032,-23.024474238742187
24433,4,Frequent Low-Spend Customers,938.7342000000002,0.0,0.07773582937909708,13014.686917016008,13010.05911941369,4.627797602317514
25769,4,Frequent Low-Spend Customers,933.2111,0.0,0.07773582937909708,12938.114211652366,12985.06569441179,-46.951482759424835
25625,4,Frequent Low-Spend Customers,932.7872000000002,0.0,0.07773582937909708,12932.237227747743,12946.31386222988,-14.076634482136797
29042,4,Frequent Low-Spend Customers,924.8370000000002,0.0,0.07773582937909708,12822.01501156806,12886.50702562208,-64.49201405401982
24405,4,Frequent Low-Spend Customers,924.0358000000002,0.0,0.07773582937909708,12810.907109929969,12826.765805887026,-15.858695957056625
27820,4,Frequent Low-Spend Customers,924.0358000000002,0.0,0.07773582937909708,12810.907109929969,12826.163915927997,-15.25680599802763
26115,4,Frequent Low-Spend Customers,924.5636,0.0,0.07773582937909708,12818.224571842826,12825.946621004841,-7.722049162015537
17985,4,Frequent Low-Spend Customers,924.5636,0.0,0.07773582937909708,12818.224571842826,12825.706210806145,-7.4816389633197105
29137,4,Frequent Low-Spend Customers,924.0358000000002,0.0,0.07773582937909708,12810.907109929969,12825.643576701115,-14.736466771146297
17998,4,Frequent Low-Spend Customers,924.5636,0.0,0.07773582937909708,12818.224571842826,12825.633036187017,-7.4084643441910885
19036,4,Frequent Low-Spend Customers,924.5636,0.0,0.07773582937909708,12818.224571842826,12824.946126433448,-6.721554590621963
19049,4,Frequent Low-Spend Customers,924.5636,0.0,0.07773582937909708,12818.224571842826,12824.946126433448,-6.721554590621963
28201,4,Frequent Low-Spend Customers,924.0358000000002,0.0,0.07773582937909708,12810.907109929969,12823.965070677754,-13.057960747784819
24244,4,Frequent Low-Spend Customers,924.5636,0.0,0.07773582937909708,12818.224571842826,12823.165701401447,-4.941129558621469
24174,4,Frequent Low-Spend Customers,924.5636,0.0,0.07773582937909708,12818.224571842826,12823.165701401447,-4.941129558621469
24251,4,Frequent Low-Spend Customers,924.5636,0.0,0.07773582937909708,12818.224571842826,12823.165701401447,-4.941129558621469
13925,4,Frequent Low-Spend Customers,924.5636,0.0,0.07773582937909708,12818.224571842826,12819.85261122523,-1.6280393824035855
13984,4,Frequent Low-Spend Customers,924.5636,0.0,0.07773582937909708,12818.224571842826,12819.85261122523,-1.6280393824035855
13887,4,Frequent Low-Spend Customers,924.5636,0.0,0.07773582937909708,12818.224571842826,12819.85261122523,-1.6280393824035855
13917,4,Frequent Low-Spend Customers,924.5636,0.0,0.07773582937909708,12818.224571842826,12819.85261122523,-1.6280393824035855
17980,4,Frequent Low-Spend Customers,924.5636,0.0,0.07773582937909708,12818.224571842826,12818.984656215544,-0.7600843727177562
17984,4,Frequent Low-Spend Customers,924.5636,0.0,0.07773582937909708,12818.224571842826,12818.966362560759,-0.741790717933327
15923,4,Frequent Low-Spend Customers,924.5636,0.0,0.07773582937909708,12818.224571842826,12818.740909615019,-0.5163377721928555
23655,4,Frequent Low-Spend Customers,924.5636,0.0,0.07773582937909708,12818.224571842826,12818.489360443959,-0.26478860113275005
24001,4,Frequent Low-Spend Customers,924.5636,0.0,0.07773582937909708,12818.224571842826,12818.489360443959,-0.26478860113275005
17221,4,Frequent Low-Spend Customers,924.5636,0.0,0.07773582937909708,12818.224571842826,12818.224571842844,-1.8189894035458565e-11
17209,4,Frequent Low-Spend Customers,924.5636,0.0,0.07773582937909708,12818.224571842826,12818.224571842844,-1.8189894035458565e-11
17966,4,Frequent Low-Spend Customers,924.5636,0.0,0.07773582937909708,12818.224571842826,12818.224571842844,-1.8189894035458565e-11
17198,4,Frequent Low-Spend Customers,924.5636,0.0,0.07773582937909708,12818.224571842826,12818.224571842844,-1.8189894035458565e-11
17981,4,Frequent Low-Spend Customers,924.5636,0.0,0.07773582937909708,12818.224571842826,12818.224571842844,-1.8189894035458565e-11
17777,4,Frequent Low-Spend Customers,924.5636,0.0,0.07773582937909708,12818.224571842826,12818.224571842844,-1.8189894035458565e-11
17629,4,Frequent Low-Spend Customers,924.5636,0.0,0.07773582937909708,12818.224571842826,12818.224571842844,-1.8189894035458565e-11
17635,4,Frequent Low-Spend Customers,924.5636,0.0,0.07773582937909708,12818.224571842826,12818.224571842844,-1.8189894035458565e-11
17969,4,Frequent Low-Spend Customers,924.5636,0.0,0.07773582937909708,12818.224571842826,12818.224571842844,-1.8189894035458565e-11
17968,4,Frequent Low-Spend Customers,924.5636,0.0,0.07773582937909708,12818.224571842826,12818.224571842844,-1.8189894035458565e-11
16580,4,Frequent Low-Spend Customers,924.5636,0.0,0.07773582937909708,12818.224571842826,12818.224571842844,-1.8189894035458565e-11
16547,4,Frequent Low-Spend Customers,924.5636,0.0,0.07773582937909708,12818.224571842826,12818.224571842844,-1.8189894035458565e-11
17781,4,Frequent Low-Spend Customers,924.5636,0.0,0.07773582937909708,12818.224571842826,12818.224571842844,-1.8189894035458565e-11
18173,4,Frequent Low-Spend Customers,924.5636,0.0,0.07773582937909708,12818.224571842826,12818.224571842844,-1.8189894035458565e-11
16204,4,Frequent Low-Spend Customers,924.5636,0.0,0.07773582937909708,12818.224571842826,12818.224571842844,-1.8189894035458565e-11
24161,4,Frequent Low-Spend Customers,924.5636,0.0,0.07773582937909708,12818.224571842826,12818.224571842844,-1.8189894035458565e-11
24598,4,Frequent Low-Spend Customers,924.5636,0.0,0.07773582937909708,12818.224571842826,12818.224571842844,-1.8189894035458565e-11
24301,4,Frequent Low-Spend Customers,924.5636,0.0,0.07773582937909708,12818.224571842826,12818.224571842844,-1.8189894035458565e-11
24300,4,Frequent Low-Spend Customers,924.5636,0.0,0.07773582937909708,12818.224571842826,12818.224571842844,-1.8189894035458565e-11
23656,4,Frequent Low-Spend Customers,924.5636,0.0,0.07773582937909708,12818.224571842826,12818.224571842844,-1.8189894035458565e-11
23659,4,Frequent Low-Spend Customers,924.5636,0.0,0.07773582937909708,12818.224571842826,12818.224571842844,-1.8189894035458565e-11
23665,4,Frequent Low-Spend Customers,924.5636,0.0,0.07773582937909708,12818.224571842826,12818.224571842844,-1.8189894035458565e-11
24170,4,Frequent Low-Spend Customers,924.5636,0.0,0.07773582937909708,12818.224571842826,12818.224571842844,-1.8189894035458565e-11
24171,4,Frequent Low-Spend Customers,924.5636,0.0,0.07773582937909708,12818.224571842826,12818.224571842844,-1.8189894035458565e-11
24176,4,Frequent Low-Spend Customers,924.5636,0.0,0.07773582937909708,12818.224571842826,12818.224571842844,-1.8189894035458565e-11
24179,4,Frequent Low-Spend Customers,924.5636,0.0,0.07773582937909708,12818.224571842826,12818.224571842844,-1.8189894035458565e-11
24241,4,Frequent Low-Spend Customers,924.5636,0.0,0.07773582937909708,12818.224571842826,12818.224571842844,-1.8189894035458565e-11
24274,4,Frequent Low-Spend Customers,924.5636,0.0,0.07773582937909708,12818.224571842826,12818.224571842844,-1.8189894035458565e-11
24165,4,Frequent Low-Spend Customers,924.5636,0.0,0.07773582937909708,12818.224571842826,12818.224571842844,-1.8189894035458565e-11
24162,4,Frequent Low-Spend Customers,924.5636,0.0,0.07773582937909708,12818.224571842826,12818.224571842844,-1.8189894035458565e-11
23992,4,Frequent Low-Spend Customers,924.5636,0.0,0.07773582937909708,12818.224571842826,12818.224571842844,-1.8189894035458565e-11
15925,4,Frequent Low-Spend Customers,924.5636,0.0,0.07773582937909708,12818.224571842826,12818.224571842844,-1.8189894035458565e-11
23993,4,Frequent Low-Spend Customers,924.5636,0.0,0.07773582937909708,12818.224571842826,12818.224571842844,-1.8189894035458565e-11
23995,4,Frequent Low-Spend Customers,924.5636,0.0,0.07773582937909708,12818.224571842826,12818.224571842844,-1.8189894035458565e-11
24000,4,Frequent Low-Spend Customers,924.5636,0.0,0.07773582937909708,12818.224571842826,12818.224571842844,-1.8189894035458565e-11
24007,4,Frequent Low-Spend Customers,924.5636,0.0,0.07773582937909708,12818.224571842826,12818.224571842844,-1.8189894035458565e-11
24160,4,Frequent Low-Spend Customers,924.5636,0.0,0.07773582937909708,12818.224571842826,12818.224571842844,-1.8189894035458565e-11
18166,4,Frequent Low-Spend Customers,924.5636,0.0,0.07773582937909708,12818.224571842826,12818.224571842844,-1.8189894035458565e-11
17948,4,Frequent Low-Spend Customers,924.5636,0.0,0.07773582937909708,12818.224571842826,12818.224571842844,-1.8189894035458565e-11
19037,4,Frequent Low-Spend Customers,924.5636,0.0,0.07773582937909708,12818.224571842826,12818.224571842844,-1.8189894035458565e-11
19048,4,Frequent Low-Spend Customers,924.5636,0.0,0.07773582937909708,12818.224571842826,12818.224571842844,-1.8189894035458565e-11
19070,4,Frequent Low-Spend Customers,924.5636,0.0,0.07773582937909708,12818.224571842826,12818.224571842844,-1.8189894035458565e-11
17824,4,Frequent Low-Spend Customers,924.5636,0.0,0.07773582937909708,12818.224571842826,12818.224571842844,-1.8189894035458565e-11
16261,4,Frequent Low-Spend Customers,924.5636,0.0,0.07773582937909708,12818.224571842826,12818.224571842844,-1.8189894035458565e-11
17873,4,Frequent Low-Spend Customers,924.5636,0.0,0.07773582937909708,12818.224571842826,12818.224571842844,-1.8189894035458565e-11
17902,4,Frequent Low-Spend Customers,924.5636,0.0,0.07773582937909708,12818.224571842826,12818.224571842844,-1.8189894035458565e-11
24596,4,Frequent Low-Spend Customers,924.5636,0.0,0.07773582937909708,12818.224571842826,12818.224571842844,-1.8189894035458565e-11
24586,4,Frequent Low-Spend Customers,924.5636,0.0,0.07773582937909708,12818.224571842826,12818.224571842844,-1.8189894035458565e-11
17896,4,Frequent Low-Spend Customers,924.5636,0.0,0.07773582937909708,12818.224571842826,12818.224571842844,-1.8189894035458565e-11
24481,4,Frequent Low-Spend Customers,924.5636,0.0,0.07773582937909708,12818.224571842826,12818.224571842844,-1.8189894035458565e-11
18627,4,Frequent Low-Spend Customers,924.5636,0.0,0.07773582937909708,12818.224571842826,12818.224571842844,-1.8189894035458565e-11
16416,4,Frequent Low-Spend Customers,924.5636,0.0,0.07773582937909708,12818.224571842826,12818.224571842844,-1.8189894035458565e-11
15677,4,Frequent Low-Spend Customers,924.5636,0.0,0.07773582937909708,12818.224571842826,12818.224571842844,-1.8189894035458565e-11
15678,4,Frequent Low-Spend Customers,924.5636,0.0,0.07773582937909708,12818.224571842826,12818.224571842844,-1.8189894035458565e-11
16415,4,Frequent Low-Spend Customers,924.5636,0.0,0.07773582937909708,12818.224571842826,12818.224571842844,-1.8189894035458565e-11
16412,4,Frequent Low-Spend Customers,924.5636,0.0,0.07773582937909708,12818.224571842826,12818.224571842844,-1.8189894035458565e-11
26294,4,Frequent Low-Spend Customers,924.5636,0.0,0.07773582937909708,12818.224571842826,12818.224571842844,-1.8189894035458565e-11
18000,4,Frequent Low-Spend Customers,924.5636,0.0,0.07773582937909708,12818.224571842826,12818.224571842844,-1.8189894035458565e-11
16404,4,Frequent Low-Spend Customers,924.5636,0.0,0.07773582937909708,12818.224571842826,12818.224571842844,-1.8189894035458565e-11
24468,4,Frequent Low-Spend Customers,924.5636,0.0,0.07773582937909708,12818.224571842826,12818.224571842844,-1.8189894035458565e-11
24458,4,Frequent Low-Spend Customers,924.5636,0.0,0.07773582937909708,12818.224571842826,12818.224571842844,-1.8189894035458565e-11
24462,4,Frequent Low-Spend Customers,924.5636,0.0,0.07773582937909708,12818.224571842826,12818.224571842844,-1.8189894035458565e-11
24476,4,Frequent Low-Spend Customers,924.5636,0.0,0.07773582937909708,12818.224571842826,12818.224571842844,-1.8189894035458565e-11
24480,4,Frequent Low-Spend Customers,924.5636,0.0,0.07773582937909708,12818.224571842826,12818.224571842844,-1.8189894035458565e-11
24484,4,Frequent Low-Spend Customers,924.5636,0.0,0.07773582937909708,12818.224571842826,12818.224571842844,-1.8189894035458565e-11
17847,4,Frequent Low-Spend Customers,924.5636,0.0,0.07773582937909708,12818.224571842826,12818.224571842844,-1.8189894035458565e-11
24502,4,Frequent Low-Spend Customers,924.5636,0.0,0.07773582937909708,12818.224571842826,12818.224571842844,-1.8189894035458565e-11
24303,4,Frequent Low-Spend Customers,924.5636,0.0,0.07773582937909708,12818.224571842826,12818.224571842844,-1.8189894035458565e-11
24307,4,Frequent Low-Spend Customers,924.5636,0.0,0.07773582937909708,12818.224571842826,12818.224571842844,-1.8189894035458565e-11
24360,4,Frequent Low-Spend Customers,924.5636,0.0,0.07773582937909708,12818.224571842826,12818.224571842844,-1.8189894035458565e-11
24362,4,Frequent Low-Spend Customers,924.5636,0.0,0.07773582937909708,12818.224571842826,12818.224571842844,-1.8189894035458565e-11
24366,4,Frequent Low-Spend Customers,924.5636,0.0,0.07773582937909708,12818.224571842826,12818.224571842844,-1.8189894035458565e-11
18621,4,Frequent Low-Spend Customers,924.5636,0.0,0.07773582937909708,12818.224571842826,12818.224571842844,-1.8189894035458565e-11
24367,4,Frequent Low-Spend Customers,924.5636,0.0,0.07773582937909708,12818.224571842826,12818.224571842844,-1.8189894035458565e-11
24371,4,Frequent Low-Spend Customers,924.5636,0.0,0.07773582937909708,12818.224571842826,12818.224571842844,-1.8189894035458565e-11
24378,4,Frequent Low-Spend Customers,924.5636,0.0,0.07773582937909708,12818.224571842826,12818.224571842844,-1.8189894035458565e-11
24503,4,Frequent Low-Spend Customers,924.5636,0.0,0.07773582937909708,12818.224571842826,12818.224571842844,-1.8189894035458565e-11
24504,4,Frequent Low-Spend Customers,924.5636,0.0,0.07773582937909708,12818.224571842826,12818.224571842844,-1.8189894035458565e-11
15921,4,Frequent Low-Spend Customers,924.5636,0.0,0.07773582937909708,12818.224571842826,12818.224571842844,-1.8189894035458565e-11
24506,4,Frequent Low-Spend Customers,924.5636,0.0,0.07773582937909708,12818.224571842826,12818.224571842844,-1.8189894035458565e-11
17898,4,Frequent Low-Spend Customers,924.5636,0.0,0.07773582937909708,12818.224571842826,12818.224571842844,-1.8189894035458565e-11
24167,4,Frequent Low-Spend Customers,924.5636,0.0,0.07773582937909708,12818.224571842826,12818.224571842844,-1.8189894035458565e-11
15931,4,Frequent Low-Spend Customers,924.5636,0.0,0.07773582937909708,12818.224571842826,12818.224571842844,-1.8189894035458565e-11
17742,4,Frequent Low-Spend Customers,924.5636,0.0,0.07773582937909708,12818.224571842826,12818.224571842844,-1.8189894035458565e-11
17937,4,Frequent Low-Spend Customers,924.5636,0.0,0.07773582937909708,12818.224571842826,12818.224571842844,-1.8189894035458565e-11
17741,4,Frequent Low-Spend Customers,924.5636,0.0,0.07773582937909708,12818.224571842826,12818.224571842844,-1.8189894035458565e-11
17933,4,Frequent Low-Spend Customers,924.5636,0.0,0.07773582937909708,12818.224571842826,12818.224571842844,-1.8189894035458565e-11
19073,4,Frequent Low-Spend Customers,924.5636,0.0,0.07773582937909708,12818.224571842826,12818.206278188061,0.018293654764420353
19031,4,Frequent Low-Spend Customers,924.5636,0.0,0.07773582937909708,12818.224571842826,12818.206278188061,0.018293654764420353
16551,4,Frequent Low-Spend Customers,924.5636,0.0,0.07773582937909708,12818.224571842826,12817.964774056163,0.25979778666260245
13898,4,Frequent Low-Spend Customers,924.5636,0.0,0.07773582937909708,12818.224571842826,12817.857353931351,0.3672179114746541
13977,4,Frequent Low-Spend Customers,924.5636,0.0,0.07773582937909708,12818.224571842826,12817.857353931351,0.3672179114746541
13894,4,Frequent Low-Spend Customers,924.5636,0.0,0.07773582937909708,12818.224571842826,12817.857353931351,0.3672179114746541
13979,4,Frequent Low-Spend Customers,924.5636,0.0,0.07773582937909708,12818.224571842826,12817.857353931351,0.3672179114746541
13896,4,Frequent Low-Spend Customers,924.5636,0.0,0.07773582937909708,12818.224571842826,12817.857353931351,0.3672179114746541
13978,4,Frequent Low-Spend Customers,924.5636,0.0,0.07773582937909708,12818.224571842826,12817.809451522591,0.41512032023456413
16532,4,Frequent Low-Spend Customers,924.5636,0.0,0.07773582937909708,12818.224571842826,12817.141559590966,1.0830122518600547
27819,4,Frequent Low-Spend Customers,924.0358000000002,0.0,0.07773582937909708,12810.907109929969,12815.488466579052,-4.581356649083318
28204,4,Frequent Low-Spend Customers,924.0358000000002,0.0,0.07773582937909708,12810.907109929969,12814.178057151325,-3.2709472213555273
28202,4,Frequent Low-Spend Customers,924.0358000000002,0.0,0.07773582937909708,12810.907109929969,12813.453005959944,-2.545896029974756
24425,4,Frequent Low-Spend Customers,924.0358000000002,0.0,0.07773582937909708,12810.907109929969,12810.846605024717,0.060504905251946184
16231,4,Frequent Low-Spend Customers,920.3074,0.0,0.07773582937909708,12759.216270604624,12771.877480955247,-12.66121035062315
24061,4,Frequent Low-Spend Customers,920.2798000000003,0.0,0.07773582937909708,12758.833621971065,12754.111958537651,4.721663433414506
21858,4,Frequent Low-Spend Customers,919.0572,0.0,0.07773582937909708,12741.883396630656,12753.56491063629,-11.681514005635108
24421,4,Frequent Low-Spend Customers,916.6175000000003,0.0,0.07773582937909708,12708.059198394947,12740.692485167445,-32.63328677249774
29043,4,Frequent Low-Spend Customers,916.6175000000003,0.0,0.07773582937909708,12708.059198394947,12732.419449531113,-24.36025113616597
24413,4,Frequent Low-Spend Customers,912.9512000000003,0.0,0.07773582937909708,12657.229318495125,12708.183787786387,-50.954469291262285
20180,4,Frequent Low-Spend Customers,916.2841,0.0,0.07773582937909708,12703.43691381414,12703.655853865981,-0.21894005184185517
22445,4,Frequent Low-Spend Customers,917.7176000000001,0.0,0.07773582937909708,12723.311073821886,12674.951605529739,48.35946829214663
24883,4,Frequent Low-Spend Customers,912.3735,0.0,0.07773582937909708,12649.22003894404,12656.70325247959,-7.483213535550021
21857,4,Frequent Low-Spend Customers,912.3735,0.0,0.07773582937909708,12649.22003894404,12656.605857447228,-7.385818503187693
25795,4,Frequent Low-Spend Customers,912.7409,0.0,0.07773582937909708,12654.313702276337,12651.877297447798,2.436404828538798
23597,4,Frequent Low-Spend Customers,912.7409,0.0,0.07773582937909708,12654.313702276337,12647.939446855002,6.374255421334965
24427,4,Frequent Low-Spend Customers,912.3170000000002,0.0,0.07773582937909708,12648.436718371711,12640.194609039876,8.242109331835309
25780,4,Frequent Low-Spend Customers,911.3074,0.0,0.07773582937909708,12634.43954226859,12637.131675274335,-2.692133005744836
25779,4,Frequent Low-Spend Customers,911.3074,0.0,0.07773582937909708,12634.43954226859,12636.118267009457,-1.678724740866528
25793,4,Frequent Low-Spend Customers,911.3074,0.0,0.07773582937909708,12634.43954226859,12629.081568692976,5.357973575613869
24414,4,Frequent Low-Spend Customers,910.8835000000003,0.0,0.07773582937909708,12628.562558363967,12625.320686066665,3.2418722973015974
25618,4,Frequent Low-Spend Customers,910.8835000000003,0.0,0.07773582937909708,12628.562558363967,12624.531509502684,4.031048861283125
24434,4,Frequent Low-Spend Customers,910.8835000000003,0.0,0.07773582937909708,12628.562558363967,12623.596028790642,4.966529573324806
20200,4,Frequent Low-Spend Customers,911.3074,0.0,0.07773582937909708,12634.43954226859,12623.118474174742,11.321068093848226
28206,4,Frequent Low-Spend Customers,910.8835000000003,0.0,0.07773582937909708,12628.562558363967,12621.57772904187,6.98482932209663
22808,4,Frequent Low-Spend Customers,910.3058,0.0,0.07773582937909708,12620.553278812882,12619.630496030326,0.922782782556169
23234,4,Frequent Low-Spend Customers,910.3058,0.0,0.07773582937909708,12620.553278812882,12612.016059119162,8.537219693720544
23759,4,Frequent Low-Spend Customers,908.8097,0.0,0.07773582937909708,12599.811227339156,12606.419603842645,-6.608376503489126
22312,4,Frequent Low-Spend Customers,910.2432,0.0,0.07773582937909708,12619.6853873469,12600.196035612538,19.48935173436257
22822,4,Frequent Low-Spend Customers,908.8097,0.0,0.07773582937909708,12599.811227339156,12599.931582385958,-0.12035504680170561
24339,4,Frequent Low-Spend Customers,902.1321000000003,0.0,0.07773582937909708,12507.232440546193,12592.347488177693,-85.11504763149969
28311,4,Frequent Low-Spend Customers,907.7598000000003,0.0,0.07773582937909708,12585.255328774714,12581.950873115526,3.304455659188534
24420,4,Frequent Low-Spend Customers,907.7598000000003,0.0,0.07773582937909708,12585.255328774714,12579.057997306934,6.197331467779804
24404,4,Frequent Low-Spend Customers,902.1321000000003,0.0,0.07773582937909708,12507.232440546193,12564.679765326306,-57.44732478011247
28203,4,Frequent Low-Spend Customers,902.1321000000003,0.0,0.07773582937909708,12507.232440546193,12547.417047700254,-40.18460715406036
28694,4,Frequent Low-Spend Customers,904.1998000000002,0.0,0.07773582937909708,12535.89920067735,12546.08250478175,-10.183304104401032
24403,4,Frequent Low-Spend Customers,904.1998000000002,0.0,0.07773582937909708,12535.89920067735,12544.081747536671,-8.18254685932152
28136,4,Frequent Low-Spend Customers,902.1321000000003,0.0,0.07773582937909708,12507.232440546193,12542.9942444211,-35.761803874906036
17833,1,High Value but Cooling,1406.9677,0.0,0.12413778410416021,12740.887587110732,12449.181803227491,291.70578388324066
16132,4,Frequent Low-Spend Customers,898.587,0.0,0.07773582937909708,12458.082887254626,12432.255125771067,25.82776148355879
20039,4,Frequent Low-Spend Customers,897.1535,0.0,0.07773582937909708,12438.20872724688,12422.858188189839,15.350539057040805
22828,4,Frequent Low-Spend Customers,893.3788000000001,0.0,0.07773582937909708,12385.875980974657,12403.315016324319,-17.439035349661935
23607,4,Frequent Low-Spend Customers,893.3788000000001,0.0,0.07773582937909708,12385.875980974657,12403.315016324319,-17.439035349661935
29499,3,Inactive Low-Value Customers,3652.6296579999994,0.23809523809523808,0.10790077545642739,11695.947560242823,12343.561522907139,-647.6139626643162
14007,1,High Value but Cooling,1424.2801000000002,0.0,0.12413778410416021,12897.661152177718,12333.134766821217,564.5263853565011
26382,4,Frequent Low-Spend Customers,888.4021,0.0,0.07773582937909708,12316.878609429106,12272.579806783595,44.29880264551139
22323,4,Frequent Low-Spend Customers,888.4021,0.0,0.07773582937909708,12316.878609429106,12269.16213598134,47.716473447766475
16310,1,High Value but Cooling,1406.1664999999998,0.0,0.12413778410416021,12733.63226836049,12260.14392422655,473.4883441339407
24605,1,High Value but Cooling,1372.0189,0.0,0.12413778410416021,12424.40645388755,12254.675730361101,169.73072352644886
20181,4,Frequent Low-Spend Customers,888.4021,0.0,0.07773582937909708,12316.878609429106,12254.035911526506,62.842697902600776
20038,4,Frequent Low-Spend Customers,888.4021,0.0,0.07773582937909708,12316.878609429106,12229.21648468173,87.66212474737586
24604,1,High Value but Cooling,1384.4366,0.0,0.12413778410416021,12536.8557445077,12124.876928761842,411.9788157458588
29757,3,Inactive Low-Value Customers,4090.7201999999997,0.23809523809523808,0.10790077545642739,13098.74074915756,11973.45313650856,1125.2876126489991
29579,3,Inactive Low-Value Customers,3594.3970669999985,0.23809523809523808,0.10790077545642739,11509.483178577038,11865.813339825985,-356.33016124894675
13745,1,High Value but Cooling,1318.0763,0.0,0.12413778410416021,11935.925728454778,11844.192969336613,91.73275911816563
16937,1,High Value but Cooling,1269.066,0.0,0.12413778410416021,11492.10976671623,11602.046940645701,-109.9371739294711
13746,1,High Value but Cooling,1297.6061,0.0,0.12413778410416021,11750.556499946068,11593.484821342363,157.07167860370464
22931,1,High Value but Cooling,1245.0946000000001,0.0,0.12413778410416021,11275.035193713833,11573.523326588598,-298.48813287476514
16569,1,High Value but Cooling,1257.5123,0.0,0.12413778410416021,11387.484484333982,11488.69272339315,-101.20823905916768
29984,4,Frequent Low-Spend Customers,749.2356000000001,0.0,0.07773582937909708,10387.46299120948,11307.02575247512,-919.562761265639
21349,1,High Value but Cooling,1227.0738000000001,0.0,0.12413778410416021,11111.846666336975,11218.211582328167,-106.3649159911929
14302,4,Frequent Low-Spend Customers,805.8001000000002,0.0,0.07773582937909708,11171.67779676099,11181.560041727249,-9.88224496625844
14020,4,Frequent Low-Spend Customers,805.8001000000002,0.0,0.07773582937909708,11171.67779676099,11180.075843310147,-8.398046549156788
14064,4,Frequent Low-Spend Customers,805.8001000000002,0.0,0.07773582937909708,11171.67779676099,11180.075843310147,-8.398046549156788
27087,4,Frequent Low-Spend Customers,805.8001000000002,0.0,0.07773582937909708,11171.67779676099,11177.10192879237,-5.424132031379486
12634,4,Frequent Low-Spend Customers,805.8001000000002,0.0,0.07773582937909708,11171.67779676099,11177.10192879237,-5.424132031379486
14234,4,Frequent Low-Spend Customers,805.8001000000002,0.0,0.07773582937909708,11171.67779676099,11177.10192879237,-5.424132031379486
27107,4,Frequent Low-Spend Customers,805.8001000000002,0.0,0.07773582937909708,11171.67779676099,11174.554435686723,-2.87663892573255
27575,4,Frequent Low-Spend Customers,805.8001000000002,0.0,0.07773582937909708,11171.67779676099,11171.677796761029,-3.8198777474462986e-11
27289,4,Frequent Low-Spend Customers,805.8001000000002,0.0,0.07773582937909708,11171.67779676099,11171.677796761029,-3.8198777474462986e-11
27576,4,Frequent Low-Spend Customers,805.8001000000002,0.0,0.07773582937909708,11171.67779676099,11171.677796761029,-3.8198777474462986e-11
27287,4,Frequent Low-Spend Customers,805.8001000000002,0.0,0.07773582937909708,11171.67779676099,11171.677796761029,-3.8198777474462986e-11
27258,4,Frequent Low-Spend Customers,805.8001000000002,0.0,0.07773582937909708,11171.67779676099,11171.677796761029,-3.8198777474462986e-11
15799,4,Frequent Low-Spend Customers,805.8001000000002,0.0,0.07773582937909708,11171.67779676099,11171.677796761029,-3.8198777474462986e-11
27257,4,Frequent Low-Spend Customers,805.8001000000002,0.0,0.07773582937909708,11171.67779676099,11171.677796761029,-3.8198777474462986e-11
27264,4,Frequent Low-Spend Customers,805.8001000000002,0.0,0.07773582937909708,11171.67779676099,11171.677796761029,-3.8198777474462986e-11
27256,4,Frequent Low-Spend Customers,805.8001000000002,0.0,0.07773582937909708,11171.67779676099,11171.677796761029,-3.8198777474462986e-11
27508,4,Frequent Low-Spend Customers,805.8001000000002,0.0,0.07773582937909708,11171.67779676099,11171.677796761029,-3.8198777474462986e-11
27266,4,Frequent Low-Spend Customers,805.8001000000002,0.0,0.07773582937909708,11171.67779676099,11171.677796761029,-3.8198777474462986e-11
27540,4,Frequent Low-Spend Customers,805.8001000000002,0.0,0.07773582937909708,11171.67779676099,11171.677796761029,-3.8198777474462986e-11
12867,4,Frequent Low-Spend Customers,805.8001000000002,0.0,0.07773582937909708,11171.67779676099,11171.677796761029,-3.8198777474462986e-11
15600,4,Frequent Low-Spend Customers,805.8001000000002,0.0,0.07773582937909708,11171.67779676099,11171.677796761029,-3.8198777474462986e-11
27552,4,Frequent Low-Spend Customers,805.8001000000002,0.0,0.07773582937909708,11171.67779676099,11171.677796761029,-3.8198777474462986e-11
27088,4,Frequent Low-Spend Customers,805.8001000000002,0.0,0.07773582937909708,11171.67779676099,11171.677796761029,-3.8198777474462986e-11
27547,4,Frequent Low-Spend Customers,805.8001000000002,0.0,0.07773582937909708,11171.67779676099,11171.677796761029,-3.8198777474462986e-11
27544,4,Frequent Low-Spend Customers,805.8001000000002,0.0,0.07773582937909708,11171.67779676099,11171.677796761029,-3.8198777474462986e-11
12713,4,Frequent Low-Spend Customers,805.8001000000002,0.0,0.07773582937909708,11171.67779676099,11171.677796761029,-3.8198777474462986e-11
27542,4,Frequent Low-Spend Customers,805.8001000000002,0.0,0.07773582937909708,11171.67779676099,11171.677796761029,-3.8198777474462986e-11
27541,4,Frequent Low-Spend Customers,805.8001000000002,0.0,0.07773582937909708,11171.67779676099,11171.677796761029,-3.8198777474462986e-11
27537,4,Frequent Low-Spend Customers,805.8001000000002,0.0,0.07773582937909708,11171.67779676099,11171.677796761029,-3.8198777474462986e-11
15797,4,Frequent Low-Spend Customers,805.8001000000002,0.0,0.07773582937909708,11171.67779676099,11171.677796761029,-3.8198777474462986e-11
12736,4,Frequent Low-Spend Customers,805.8001000000002,0.0,0.07773582937909708,11171.67779676099,11171.677796761029,-3.8198777474462986e-11
27281,4,Frequent Low-Spend Customers,805.8001000000002,0.0,0.07773582937909708,11171.67779676099,11171.677796761029,-3.8198777474462986e-11
12742,4,Frequent Low-Spend Customers,805.8001000000002,0.0,0.07773582937909708,11171.67779676099,11171.677796761029,-3.8198777474462986e-11
12745,4,Frequent Low-Spend Customers,805.8001000000002,0.0,0.07773582937909708,11171.67779676099,11171.677796761029,-3.8198777474462986e-11
27534,4,Frequent Low-Spend Customers,805.8001000000002,0.0,0.07773582937909708,11171.67779676099,11171.677796761029,-3.8198777474462986e-11
16029,4,Frequent Low-Spend Customers,805.8001000000002,0.0,0.07773582937909708,11171.67779676099,11171.677796761029,-3.8198777474462986e-11
27531,4,Frequent Low-Spend Customers,805.8001000000002,0.0,0.07773582937909708,11171.67779676099,11171.677796761029,-3.8198777474462986e-11
15792,4,Frequent Low-Spend Customers,805.8001000000002,0.0,0.07773582937909708,11171.67779676099,11171.677796761029,-3.8198777474462986e-11
27554,4,Frequent Low-Spend Customers,805.8001000000002,0.0,0.07773582937909708,11171.67779676099,11171.677796761029,-3.8198777474462986e-11
27286,4,Frequent Low-Spend Customers,805.8001000000002,0.0,0.07773582937909708,11171.67779676099,11171.677796761029,-3.8198777474462986e-11
27568,4,Frequent Low-Spend Customers,805.8001000000002,0.0,0.07773582937909708,11171.67779676099,11171.677796761029,-3.8198777474462986e-11
15830,4,Frequent Low-Spend Customers,805.8001000000002,0.0,0.07773582937909708,11171.67779676099,11171.677796761029,-3.8198777474462986e-11
12859,4,Frequent Low-Spend Customers,805.8001000000002,0.0,0.07773582937909708,11171.67779676099,11171.677796761029,-3.8198777474462986e-11
14236,4,Frequent Low-Spend Customers,805.8001000000002,0.0,0.07773582937909708,11171.67779676099,11171.677796761029,-3.8198777474462986e-11
27291,4,Frequent Low-Spend Customers,805.8001000000002,0.0,0.07773582937909708,11171.67779676099,11171.677796761029,-3.8198777474462986e-11
27116,4,Frequent Low-Spend Customers,805.8001000000002,0.0,0.07773582937909708,11171.67779676099,11171.677796761029,-3.8198777474462986e-11
15790,4,Frequent Low-Spend Customers,805.8001000000002,0.0,0.07773582937909708,11171.67779676099,11171.677796761029,-3.8198777474462986e-11
27195,4,Frequent Low-Spend Customers,805.8001000000002,0.0,0.07773582937909708,11171.67779676099,11171.677796761029,-3.8198777474462986e-11
27206,4,Frequent Low-Spend Customers,805.8001000000002,0.0,0.07773582937909708,11171.67779676099,11171.677796761029,-3.8198777474462986e-11
27211,4,Frequent Low-Spend Customers,805.8001000000002,0.0,0.07773582937909708,11171.67779676099,11171.677796761029,-3.8198777474462986e-11
27212,4,Frequent Low-Spend Customers,805.8001000000002,0.0,0.07773582937909708,11171.67779676099,11171.677796761029,-3.8198777474462986e-11
14299,4,Frequent Low-Spend Customers,805.8001000000002,0.0,0.07773582937909708,11171.67779676099,11171.677796761029,-3.8198777474462986e-11
12858,4,Frequent Low-Spend Customers,805.8001000000002,0.0,0.07773582937909708,11171.67779676099,11171.677796761029,-3.8198777474462986e-11
14300,4,Frequent Low-Spend Customers,805.8001000000002,0.0,0.07773582937909708,11171.67779676099,11171.677796761029,-3.8198777474462986e-11
14301,4,Frequent Low-Spend Customers,805.8001000000002,0.0,0.07773582937909708,11171.67779676099,11171.677796761029,-3.8198777474462986e-11
14306,4,Frequent Low-Spend Customers,805.8001000000002,0.0,0.07773582937909708,11171.67779676099,11171.677796761029,-3.8198777474462986e-11
27227,4,Frequent Low-Spend Customers,805.8001000000002,0.0,0.07773582937909708,11171.67779676099,11171.677796761029,-3.8198777474462986e-11
14310,4,Frequent Low-Spend Customers,805.8001000000002,0.0,0.07773582937909708,11171.67779676099,11171.677796761029,-3.8198777474462986e-11
12873,4,Frequent Low-Spend Customers,805.8001000000002,0.0,0.07773582937909708,11171.67779676099,11171.677796761029,-3.8198777474462986e-11
27294,4,Frequent Low-Spend Customers,805.8001000000002,0.0,0.07773582937909708,11171.67779676099,11171.677796761029,-3.8198777474462986e-11
27527,4,Frequent Low-Spend Customers,805.8001000000002,0.0,0.07773582937909708,11171.67779676099,11171.677796761029,-3.8198777474462986e-11
27427,4,Frequent Low-Spend Customers,805.8001000000002,0.0,0.07773582937909708,11171.67779676099,11171.677796761029,-3.8198777474462986e-11
27447,4,Frequent Low-Spend Customers,805.8001000000002,0.0,0.07773582937909708,11171.67779676099,11171.677796761029,-3.8198777474462986e-11
27448,4,Frequent Low-Spend Customers,805.8001000000002,0.0,0.07773582937909708,11171.67779676099,11171.677796761029,-3.8198777474462986e-11
27450,4,Frequent Low-Spend Customers,805.8001000000002,0.0,0.07773582937909708,11171.67779676099,11171.677796761029,-3.8198777474462986e-11
27452,4,Frequent Low-Spend Customers,805.8001000000002,0.0,0.07773582937909708,11171.67779676099,11171.677796761029,-3.8198777474462986e-11
27455,4,Frequent Low-Spend Customers,805.8001000000002,0.0,0.07773582937909708,11171.67779676099,11171.677796761029,-3.8198777474462986e-11
27296,4,Frequent Low-Spend Customers,805.8001000000002,0.0,0.07773582937909708,11171.67779676099,11171.677796761029,-3.8198777474462986e-11
27423,4,Frequent Low-Spend Customers,805.8001000000002,0.0,0.07773582937909708,11171.67779676099,11171.677796761029,-3.8198777474462986e-11
27460,4,Frequent Low-Spend Customers,805.8001000000002,0.0,0.07773582937909708,11171.67779676099,11171.677796761029,-3.8198777474462986e-11
27418,4,Frequent Low-Spend Customers,805.8001000000002,0.0,0.07773582937909708,11171.67779676099,11171.677796761029,-3.8198777474462986e-11
27407,4,Frequent Low-Spend Customers,805.8001000000002,0.0,0.07773582937909708,11171.67779676099,11171.677796761029,-3.8198777474462986e-11
27468,4,Frequent Low-Spend Customers,805.8001000000002,0.0,0.07773582937909708,11171.67779676099,11171.677796761029,-3.8198777474462986e-11
27405,4,Frequent Low-Spend Customers,805.8001000000002,0.0,0.07773582937909708,11171.67779676099,11171.677796761029,-3.8198777474462986e-11
14226,4,Frequent Low-Spend Customers,805.8001000000002,0.0,0.07773582937909708,11171.67779676099,11171.677796761029,-3.8198777474462986e-11
14235,4,Frequent Low-Spend Customers,805.8001000000002,0.0,0.07773582937909708,11171.67779676099,11171.677796761029,-3.8198777474462986e-11
14323,4,Frequent Low-Spend Customers,805.8001000000002,0.0,0.07773582937909708,11171.67779676099,11171.677796761029,-3.8198777474462986e-11
14326,4,Frequent Low-Spend Customers,805.8001000000002,0.0,0.07773582937909708,11171.67779676099,11171.677796761029,-3.8198777474462986e-11
27279,4,Frequent Low-Spend Customers,805.8001000000002,0.0,0.07773582937909708,11171.67779676099,11171.677796761029,-3.8198777474462986e-11
27228,4,Frequent Low-Spend Customers,805.8001000000002,0.0,0.07773582937909708,11171.67779676099,11171.677796761029,-3.8198777474462986e-11
16157,4,Frequent Low-Spend Customers,805.8001000000002,0.0,0.07773582937909708,11171.67779676099,11171.677796761029,-3.8198777474462986e-11
16025,4,Frequent Low-Spend Customers,805.8001000000002,0.0,0.07773582937909708,11171.67779676099,11171.677796761029,-3.8198777474462986e-11
27250,4,Frequent Low-Spend Customers,805.8001000000002,0.0,0.07773582937909708,11171.67779676099,11171.677796761029,-3.8198777474462986e-11
27504,4,Frequent Low-Spend Customers,805.8001000000002,0.0,0.07773582937909708,11171.67779676099,11171.677796761029,-3.8198777474462986e-11
27569,4,Frequent Low-Spend Customers,805.8001000000002,0.0,0.07773582937909708,11171.67779676099,11171.677796761029,-3.8198777474462986e-11
16159,4,Frequent Low-Spend Customers,805.8001000000002,0.0,0.07773582937909708,11171.67779676099,11171.677796761029,-3.8198777474462986e-11
27271,4,Frequent Low-Spend Customers,805.8001000000002,0.0,0.07773582937909708,11171.67779676099,11171.677796761029,-3.8198777474462986e-11
27273,4,Frequent Low-Spend Customers,805.8001000000002,0.0,0.07773582937909708,11171.67779676099,11171.677796761029,-3.8198777474462986e-11
27570,4,Frequent Low-Spend Customers,805.8001000000002,0.0,0.07773582937909708,11171.67779676099,11171.677796761029,-3.8198777474462986e-11
27572,4,Frequent Low-Spend Customers,805.8001000000002,0.0,0.07773582937909708,11171.67779676099,11171.677796761029,-3.8198777474462986e-11
27573,4,Frequent Low-Spend Customers,805.8001000000002,0.0,0.07773582937909708,11171.67779676099,11171.677796761029,-3.8198777474462986e-11
15833,4,Frequent Low-Spend Customers,805.8001000000002,0.0,0.07773582937909708,11171.67779676099,11171.677796761029,-3.8198777474462986e-11
27277,4,Frequent Low-Spend Customers,805.8001000000002,0.0,0.07773582937909708,11171.67779676099,11171.677796761029,-3.8198777474462986e-11
15832,4,Frequent Low-Spend Customers,805.8001000000002,0.0,0.07773582937909708,11171.67779676099,11171.677796761029,-3.8198777474462986e-11
16163,4,Frequent Low-Spend Customers,805.8001000000002,0.0,0.07773582937909708,11171.67779676099,11171.677796761029,-3.8198777474462986e-11
27097,4,Frequent Low-Spend Customers,805.8001000000002,0.0,0.07773582937909708,11171.67779676099,11171.677796761029,-3.8198777474462986e-11
16027,4,Frequent Low-Spend Customers,805.8001000000002,0.0,0.07773582937909708,11171.67779676099,11171.677796761029,-3.8198777474462986e-11
16028,4,Frequent Low-Spend Customers,805.8001000000002,0.0,0.07773582937909708,11171.67779676099,11171.677796761029,-3.8198777474462986e-11
27091,4,Frequent Low-Spend Customers,805.8001000000002,0.0,0.07773582937909708,11171.67779676099,11171.677796761029,-3.8198777474462986e-11
27234,4,Frequent Low-Spend Customers,805.8001000000002,0.0,0.07773582937909708,11171.67779676099,11171.677796761029,-3.8198777474462986e-11
27114,4,Frequent Low-Spend Customers,805.8001000000002,0.0,0.07773582937909708,11171.67779676099,11171.677796761029,-3.8198777474462986e-11
27108,4,Frequent Low-Spend Customers,805.8001000000002,0.0,0.07773582937909708,11171.67779676099,11171.677796761029,-3.8198777474462986e-11
12863,4,Frequent Low-Spend Customers,805.8001000000002,0.0,0.07773582937909708,11171.67779676099,11171.677796761029,-3.8198777474462986e-11
15788,4,Frequent Low-Spend Customers,805.8001000000002,0.0,0.07773582937909708,11171.67779676099,11171.677796761029,-3.8198777474462986e-11
27106,4,Frequent Low-Spend Customers,805.8001000000002,0.0,0.07773582937909708,11171.67779676099,11171.677796761029,-3.8198777474462986e-11
14260,4,Frequent Low-Spend Customers,805.8001000000002,0.0,0.07773582937909708,11171.67779676099,11171.677796761029,-3.8198777474462986e-11
27096,4,Frequent Low-Spend Customers,805.8001000000002,0.0,0.07773582937909708,11171.67779676099,11171.677796761029,-3.8198777474462986e-11
14262,4,Frequent Low-Spend Customers,805.8001000000002,0.0,0.07773582937909708,11171.67779676099,11171.677796761029,-3.8198777474462986e-11
12546,4,Frequent Low-Spend Customers,805.8001000000002,0.0,0.07773582937909708,11171.67779676099,11171.677796761029,-3.8198777474462986e-11
14277,4,Frequent Low-Spend Customers,805.8001000000002,0.0,0.07773582937909708,11171.67779676099,11171.677796761029,-3.8198777474462986e-11
27092,4,Frequent Low-Spend Customers,805.8001000000002,0.0,0.07773582937909708,11171.67779676099,11171.677796761029,-3.8198777474462986e-11
27093,4,Frequent Low-Spend Customers,805.8001000000002,0.0,0.07773582937909708,11171.67779676099,11171.677796761029,-3.8198777474462986e-11
27094,4,Frequent Low-Spend Customers,805.8001000000002,0.0,0.07773582937909708,11171.67779676099,11171.677796761029,-3.8198777474462986e-11
27549,4,Frequent Low-Spend Customers,805.8001000000002,0.0,0.07773582937909708,11171.67779676099,11171.677796761029,-3.8198777474462986e-11
11546,4,Frequent Low-Spend Customers,805.8001000000002,0.0,0.07773582937909708,11171.67779676099,11171.677796761029,-3.8198777474462986e-11
21336,4,Frequent Low-Spend Customers,805.8001000000002,0.0,0.07773582937909708,11171.67779676099,11171.677796761029,-3.8198777474462986e-11
21658,4,Frequent Low-Spend Customers,805.8001000000002,0.0,0.07773582937909708,11171.67779676099,11171.677796761029,-3.8198777474462986e-11
15211,4,Frequent Low-Spend Customers,805.8001000000002,0.0,0.07773582937909708,11171.67779676099,11171.677796761029,-3.8198777474462986e-11
15575,4,Frequent Low-Spend Customers,805.8001000000002,0.0,0.07773582937909708,11171.67779676099,11171.677796761029,-3.8198777474462986e-11
15210,4,Frequent Low-Spend Customers,805.8001000000002,0.0,0.07773582937909708,11171.67779676099,11171.677796761029,-3.8198777474462986e-11
15438,4,Frequent Low-Spend Customers,805.8001000000002,0.0,0.07773582937909708,11171.67779676099,11171.677796761029,-3.8198777474462986e-11
15725,4,Frequent Low-Spend Customers,805.8001000000002,0.0,0.07773582937909708,11171.67779676099,11171.677796761029,-3.8198777474462986e-11
13411,4,Frequent Low-Spend Customers,805.8001000000002,0.0,0.07773582937909708,11171.67779676099,11171.677796761029,-3.8198777474462986e-11
15436,4,Frequent Low-Spend Customers,805.8001000000002,0.0,0.07773582937909708,11171.67779676099,11171.677796761029,-3.8198777474462986e-11
21400,4,Frequent Low-Spend Customers,805.8001000000002,0.0,0.07773582937909708,11171.67779676099,11171.677796761029,-3.8198777474462986e-11
12658,4,Frequent Low-Spend Customers,805.8001000000002,0.0,0.07773582937909708,11171.67779676099,11171.677796761029,-3.8198777474462986e-11
21642,4,Frequent Low-Spend Customers,805.8001000000002,0.0,0.07773582937909708,11171.67779676099,11171.677796761029,-3.8198777474462986e-11
15207,4,Frequent Low-Spend Customers,805.8001000000002,0.0,0.07773582937909708,11171.67779676099,11171.677796761029,-3.8198777474462986e-11
15205,4,Frequent Low-Spend Customers,805.8001000000002,0.0,0.07773582937909708,11171.67779676099,11171.677796761029,-3.8198777474462986e-11
15578,4,Frequent Low-Spend Customers,805.8001000000002,0.0,0.07773582937909708,11171.67779676099,11171.677796761029,-3.8198777474462986e-11
12501,4,Frequent Low-Spend Customers,805.8001000000002,0.0,0.07773582937909708,11171.67779676099,11171.677796761029,-3.8198777474462986e-11
15580,4,Frequent Low-Spend Customers,805.8001000000002,0.0,0.07773582937909708,11171.67779676099,11171.677796761029,-3.8198777474462986e-11
15179,4,Frequent Low-Spend Customers,805.8001000000002,0.0,0.07773582937909708,11171.67779676099,11171.677796761029,-3.8198777474462986e-11
13553,4,Frequent Low-Spend Customers,805.8001000000002,0.0,0.07773582937909708,11171.67779676099,11171.677796761029,-3.8198777474462986e-11
12500,4,Frequent Low-Spend Customers,805.8001000000002,0.0,0.07773582937909708,11171.67779676099,11171.677796761029,-3.8198777474462986e-11
15170,4,Frequent Low-Spend Customers,805.8001000000002,0.0,0.07773582937909708,11171.67779676099,11171.677796761029,-3.8198777474462986e-11
15180,4,Frequent Low-Spend Customers,805.8001000000002,0.0,0.07773582937909708,11171.67779676099,11171.677796761029,-3.8198777474462986e-11
15181,4,Frequent Low-Spend Customers,805.8001000000002,0.0,0.07773582937909708,11171.67779676099,11171.677796761029,-3.8198777474462986e-11
12495,4,Frequent Low-Spend Customers,805.8001000000002,0.0,0.07773582937909708,11171.67779676099,11171.677796761029,-3.8198777474462986e-11
12487,4,Frequent Low-Spend Customers,805.8001000000002,0.0,0.07773582937909708,11171.67779676099,11171.677796761029,-3.8198777474462986e-11
15182,4,Frequent Low-Spend Customers,805.8001000000002,0.0,0.07773582937909708,11171.67779676099,11171.677796761029,-3.8198777474462986e-11
12827,4,Frequent Low-Spend Customers,805.8001000000002,0.0,0.07773582937909708,11171.67779676099,11171.677796761029,-3.8198777474462986e-11
11432,4,Frequent Low-Spend Customers,805.8001000000002,0.0,0.07773582937909708,11171.67779676099,11171.677796761029,-3.8198777474462986e-11
12846,4,Frequent Low-Spend Customers,805.8001000000002,0.0,0.07773582937909708,11171.67779676099,11171.677796761029,-3.8198777474462986e-11
15183,4,Frequent Low-Spend Customers,805.8001000000002,0.0,0.07773582937909708,11171.67779676099,11171.677796761029,-3.8198777474462986e-11
15214,4,Frequent Low-Spend Customers,805.8001000000002,0.0,0.07773582937909708,11171.67779676099,11171.677796761029,-3.8198777474462986e-11
15734,4,Frequent Low-Spend Customers,805.8001000000002,0.0,0.07773582937909708,11171.67779676099,11171.677796761029,-3.8198777474462986e-11
11378,4,Frequent Low-Spend Customers,805.8001000000002,0.0,0.07773582937909708,11171.67779676099,11171.677796761029,-3.8198777474462986e-11
11571,4,Frequent Low-Spend Customers,805.8001000000002,0.0,0.07773582937909708,11171.67779676099,11171.677796761029,-3.8198777474462986e-11
15037,4,Frequent Low-Spend Customers,805.8001000000002,0.0,0.07773582937909708,11171.67779676099,11171.677796761029,-3.8198777474462986e-11
15041,4,Frequent Low-Spend Customers,805.8001000000002,0.0,0.07773582937909708,11171.67779676099,11171.677796761029,-3.8198777474462986e-11
11547,4,Frequent Low-Spend Customers,805.8001000000002,0.0,0.07773582937909708,11171.67779676099,11171.677796761029,-3.8198777474462986e-11
14346,4,Frequent Low-Spend Customers,805.8001000000002,0.0,0.07773582937909708,11171.67779676099,11171.677796761029,-3.8198777474462986e-11
15042,4,Frequent Low-Spend Customers,805.8001000000002,0.0,0.07773582937909708,11171.67779676099,11171.677796761029,-3.8198777474462986e-11
15035,4,Frequent Low-Spend Customers,805.8001000000002,0.0,0.07773582937909708,11171.67779676099,11171.677796761029,-3.8198777474462986e-11
15033,4,Frequent Low-Spend Customers,805.8001000000002,0.0,0.07773582937909708,11171.67779676099,11171.677796761029,-3.8198777474462986e-11
15043,4,Frequent Low-Spend Customers,805.8001000000002,0.0,0.07773582937909708,11171.67779676099,11171.677796761029,-3.8198777474462986e-11
15030,4,Frequent Low-Spend Customers,805.8001000000002,0.0,0.07773582937909708,11171.67779676099,11171.677796761029,-3.8198777474462986e-11
15029,4,Frequent Low-Spend Customers,805.8001000000002,0.0,0.07773582937909708,11171.67779676099,11171.677796761029,-3.8198777474462986e-11
27117,4,Frequent Low-Spend Customers,805.8001000000002,0.0,0.07773582937909708,11171.67779676099,11171.677796761029,-3.8198777474462986e-11
27080,4,Frequent Low-Spend Customers,805.8001000000002,0.0,0.07773582937909708,11171.67779676099,11171.677796761029,-3.8198777474462986e-11
27079,4,Frequent Low-Spend Customers,805.8001000000002,0.0,0.07773582937909708,11171.67779676099,11171.677796761029,-3.8198777474462986e-11
11578,4,Frequent Low-Spend Customers,805.8001000000002,0.0,0.07773582937909708,11171.67779676099,11171.677796761029,-3.8198777474462986e-11
21620,4,Frequent Low-Spend Customers,805.8001000000002,0.0,0.07773582937909708,11171.67779676099,11171.677796761029,-3.8198777474462986e-11
15425,4,Frequent Low-Spend Customers,805.8001000000002,0.0,0.07773582937909708,11171.67779676099,11171.677796761029,-3.8198777474462986e-11
15226,4,Frequent Low-Spend Customers,805.8001000000002,0.0,0.07773582937909708,11171.67779676099,11171.677796761029,-3.8198777474462986e-11
15225,4,Frequent Low-Spend Customers,805.8001000000002,0.0,0.07773582937909708,11171.67779676099,11171.677796761029,-3.8198777474462986e-11
15223,4,Frequent Low-Spend Customers,805.8001000000002,0.0,0.07773582937909708,11171.67779676099,11171.677796761029,-3.8198777474462986e-11
15221,4,Frequent Low-Spend Customers,805.8001000000002,0.0,0.07773582937909708,11171.67779676099,11171.677796761029,-3.8198777474462986e-11
15732,4,Frequent Low-Spend Customers,805.8001000000002,0.0,0.07773582937909708,11171.67779676099,11171.677796761029,-3.8198777474462986e-11
21354,4,Frequent Low-Spend Customers,805.8001000000002,0.0,0.07773582937909708,11171.67779676099,11171.677796761029,-3.8198777474462986e-11
21352,4,Frequent Low-Spend Customers,805.8001000000002,0.0,0.07773582937909708,11171.67779676099,11171.677796761029,-3.8198777474462986e-11
11576,4,Frequent Low-Spend Customers,805.8001000000002,0.0,0.07773582937909708,11171.67779676099,11171.677796761029,-3.8198777474462986e-11
11572,4,Frequent Low-Spend Customers,805.8001000000002,0.0,0.07773582937909708,11171.67779676099,11171.677796761029,-3.8198777474462986e-11
12521,4,Frequent Low-Spend Customers,805.8001000000002,0.0,0.07773582937909708,11171.67779676099,11171.677796761029,-3.8198777474462986e-11
15169,4,Frequent Low-Spend Customers,805.8001000000002,0.0,0.07773582937909708,11171.67779676099,11171.677796761029,-3.8198777474462986e-11
15040,4,Frequent Low-Spend Customers,805.8001000000002,0.0,0.07773582937909708,11171.67779676099,11171.677796761029,-3.8198777474462986e-11
15268,4,Frequent Low-Spend Customers,805.8001000000002,0.0,0.07773582937909708,11171.67779676099,11171.677796761029,-3.8198777474462986e-11
15184,4,Frequent Low-Spend Customers,805.8001000000002,0.0,0.07773582937909708,11171.67779676099,11171.677796761029,-3.8198777474462986e-11
15135,4,Frequent Low-Spend Customers,805.8001000000002,0.0,0.07773582937909708,11171.67779676099,11171.677796761029,-3.8198777474462986e-11
15435,4,Frequent Low-Spend Customers,805.8001000000002,0.0,0.07773582937909708,11171.67779676099,11171.677796761029,-3.8198777474462986e-11
11420,4,Frequent Low-Spend Customers,805.8001000000002,0.0,0.07773582937909708,11171.67779676099,11171.677796761029,-3.8198777474462986e-11
15752,4,Frequent Low-Spend Customers,805.8001000000002,0.0,0.07773582937909708,11171.67779676099,11171.677796761029,-3.8198777474462986e-11
15597,4,Frequent Low-Spend Customers,805.8001000000002,0.0,0.07773582937909708,11171.67779676099,11171.677796761029,-3.8198777474462986e-11
15133,4,Frequent Low-Spend Customers,805.8001000000002,0.0,0.07773582937909708,11171.67779676099,11171.677796761029,-3.8198777474462986e-11
15648,4,Frequent Low-Spend Customers,805.8001000000002,0.0,0.07773582937909708,11171.67779676099,11171.677796761029,-3.8198777474462986e-11
12855,4,Frequent Low-Spend Customers,805.8001000000002,0.0,0.07773582937909708,11171.67779676099,11171.677796761029,-3.8198777474462986e-11
12856,4,Frequent Low-Spend Customers,805.8001000000002,0.0,0.07773582937909708,11171.67779676099,11171.677796761029,-3.8198777474462986e-11
15134,4,Frequent Low-Spend Customers,805.8001000000002,0.0,0.07773582937909708,11171.67779676099,11171.677796761029,-3.8198777474462986e-11
13557,4,Frequent Low-Spend Customers,805.8001000000002,0.0,0.07773582937909708,11171.67779676099,11171.677796761029,-3.8198777474462986e-11
11479,4,Frequent Low-Spend Customers,805.8001000000002,0.0,0.07773582937909708,11171.67779676099,11171.677796761029,-3.8198777474462986e-11
15014,4,Frequent Low-Spend Customers,805.8001000000002,0.0,0.07773582937909708,11171.67779676099,11171.677796761029,-3.8198777474462986e-11
14523,4,Frequent Low-Spend Customers,805.8001000000002,0.0,0.07773582937909708,11171.67779676099,11171.677796761029,-3.8198777474462986e-11
15143,4,Frequent Low-Spend Customers,805.8001000000002,0.0,0.07773582937909708,11171.67779676099,11171.677796761029,-3.8198777474462986e-11
15751,4,Frequent Low-Spend Customers,805.8001000000002,0.0,0.07773582937909708,11171.67779676099,11171.677796761029,-3.8198777474462986e-11
15121,4,Frequent Low-Spend Customers,805.8001000000002,0.0,0.07773582937909708,11171.67779676099,11171.677796761029,-3.8198777474462986e-11
15644,4,Frequent Low-Spend Customers,805.8001000000002,0.0,0.07773582937909708,11171.67779676099,11171.677796761029,-3.8198777474462986e-11
11480,4,Frequent Low-Spend Customers,805.8001000000002,0.0,0.07773582937909708,11171.67779676099,11171.677796761029,-3.8198777474462986e-11
15643,4,Frequent Low-Spend Customers,805.8001000000002,0.0,0.07773582937909708,11171.67779676099,11171.677796761029,-3.8198777474462986e-11
15642,4,Frequent Low-Spend Customers,805.8001000000002,0.0,0.07773582937909708,11171.67779676099,11171.677796761029,-3.8198777474462986e-11
12874,4,Frequent Low-Spend Customers,805.8001000000002,0.0,0.07773582937909708,11171.67779676099,11171.677796761029,-3.8198777474462986e-11
11483,4,Frequent Low-Spend Customers,805.8001000000002,0.0,0.07773582937909708,11171.67779676099,11171.677796761029,-3.8198777474462986e-11
13252,4,Frequent Low-Spend Customers,805.8001000000002,0.0,0.07773582937909708,11171.67779676099,11171.677796761029,-3.8198777474462986e-11
13253,4,Frequent Low-Spend Customers,805.8001000000002,0.0,0.07773582937909708,11171.67779676099,11171.677796761029,-3.8198777474462986e-11
13256,4,Frequent Low-Spend Customers,805.8001000000002,0.0,0.07773582937909708,11171.67779676099,11171.677796761029,-3.8198777474462986e-11
27239,4,Frequent Low-Spend Customers,805.8001000000002,0.0,0.07773582937909708,11171.67779676099,11171.677796761029,-3.8198777474462986e-11
14348,4,Frequent Low-Spend Customers,805.8001000000002,0.0,0.07773582937909708,11171.67779676099,11171.677796761029,-3.8198777474462986e-11
14347,4,Frequent Low-Spend Customers,805.8001000000002,0.0,0.07773582937909708,11171.67779676099,11171.677796761029,-3.8198777474462986e-11
15129,4,Frequent Low-Spend Customers,805.8001000000002,0.0,0.07773582937909708,11171.67779676099,11171.677796761029,-3.8198777474462986e-11
15754,4,Frequent Low-Spend Customers,805.8001000000002,0.0,0.07773582937909708,11171.67779676099,11171.677796761029,-3.8198777474462986e-11
14668,4,Frequent Low-Spend Customers,805.8001000000002,0.0,0.07773582937909708,11171.67779676099,11171.677796761029,-3.8198777474462986e-11
15127,4,Frequent Low-Spend Customers,805.8001000000002,0.0,0.07773582937909708,11171.67779676099,11171.677796761029,-3.8198777474462986e-11
15785,4,Frequent Low-Spend Customers,805.8001000000002,0.0,0.07773582937909708,11171.67779676099,11171.677796761029,-3.8198777474462986e-11
11429,4,Frequent Low-Spend Customers,805.8001000000002,0.0,0.07773582937909708,11171.67779676099,11171.677796761029,-3.8198777474462986e-11
15266,4,Frequent Low-Spend Customers,805.8001000000002,0.0,0.07773582937909708,11171.67779676099,11171.677796761029,-3.8198777474462986e-11
12826,4,Frequent Low-Spend Customers,805.8001000000002,0.0,0.07773582937909708,11171.67779676099,11171.677796761029,-3.8198777474462986e-11
12645,4,Frequent Low-Spend Customers,805.8001000000002,0.0,0.07773582937909708,11171.67779676099,11171.677796761029,-3.8198777474462986e-11
15586,4,Frequent Low-Spend Customers,805.8001000000002,0.0,0.07773582937909708,11171.67779676099,11171.677796761029,-3.8198777474462986e-11
15262,4,Frequent Low-Spend Customers,805.8001000000002,0.0,0.07773582937909708,11171.67779676099,11171.677796761029,-3.8198777474462986e-11
15185,4,Frequent Low-Spend Customers,805.8001000000002,0.0,0.07773582937909708,11171.67779676099,11171.677796761029,-3.8198777474462986e-11
15587,4,Frequent Low-Spend Customers,805.8001000000002,0.0,0.07773582937909708,11171.67779676099,11171.677796761029,-3.8198777474462986e-11
15028,4,Frequent Low-Spend Customers,805.8001000000002,0.0,0.07773582937909708,11171.67779676099,11171.677796761029,-3.8198777474462986e-11
15022,4,Frequent Low-Spend Customers,805.8001000000002,0.0,0.07773582937909708,11171.67779676099,11171.677796761029,-3.8198777474462986e-11
15145,4,Frequent Low-Spend Customers,805.8001000000002,0.0,0.07773582937909708,11171.67779676099,11171.677796761029,-3.8198777474462986e-11
13554,4,Frequent Low-Spend Customers,805.8001000000002,0.0,0.07773582937909708,11171.67779676099,11171.677796761029,-3.8198777474462986e-11
15589,4,Frequent Low-Spend Customers,805.8001000000002,0.0,0.07773582937909708,11171.67779676099,11171.677796761029,-3.8198777474462986e-11
14673,4,Frequent Low-Spend Customers,805.8001000000002,0.0,0.07773582937909708,11171.67779676099,11171.677796761029,-3.8198777474462986e-11
14672,4,Frequent Low-Spend Customers,805.8001000000002,0.0,0.07773582937909708,11171.67779676099,11171.677796761029,-3.8198777474462986e-11
14671,4,Frequent Low-Spend Customers,805.8001000000002,0.0,0.07773582937909708,11171.67779676099,11171.677796761029,-3.8198777474462986e-11
14670,4,Frequent Low-Spend Customers,805.8001000000002,0.0,0.07773582937909708,11171.67779676099,11171.677796761029,-3.8198777474462986e-11
12479,4,Frequent Low-Spend Customers,805.8001000000002,0.0,0.07773582937909708,11171.67779676099,11171.677796761029,-3.8198777474462986e-11
12807,4,Frequent Low-Spend Customers,805.8001000000002,0.0,0.07773582937909708,11171.67779676099,11171.677796761029,-3.8198777474462986e-11
12475,4,Frequent Low-Spend Customers,805.8001000000002,0.0,0.07773582937909708,11171.67779676099,11171.677796761029,-3.8198777474462986e-11
15122,4,Frequent Low-Spend Customers,805.8001000000002,0.0,0.07773582937909708,11171.67779676099,11171.677796761029,-3.8198777474462986e-11
15764,4,Frequent Low-Spend Customers,805.8001000000002,0.0,0.07773582937909708,11171.67779676099,11171.677796761029,-3.8198777474462986e-11
15757,4,Frequent Low-Spend Customers,805.8001000000002,0.0,0.07773582937909708,11171.67779676099,11171.677796761029,-3.8198777474462986e-11
15756,4,Frequent Low-Spend Customers,805.8001000000002,0.0,0.07773582937909708,11171.67779676099,11171.677796761029,-3.8198777474462986e-11
11583,4,Frequent Low-Spend Customers,805.8001000000002,0.0,0.07773582937909708,11171.67779676099,11171.677796761029,-3.8198777474462986e-11
15729,4,Frequent Low-Spend Customers,805.8001000000002,0.0,0.07773582937909708,11171.67779676099,11162.802643014415,8.875153746575961
27571,4,Frequent Low-Spend Customers,805.8001000000002,0.0,0.07773582937909708,11171.67779676099,11162.802643014415,8.875153746575961
12850,4,Frequent Low-Spend Customers,805.8001000000002,0.0,0.07773582937909708,11171.67779676099,11162.802643014415,8.875153746575961
13059,1,High Value but Cooling,1232.3296,0.0,0.12413778410416021,11159.440905337866,11073.973814114748,85.46709122311768
16339,1,High Value but Cooling,1204.5271,0.0,0.12413778410416021,10907.673556918533,11055.559774033238,-147.88621711470478
27044,4,Frequent Low-Spend Customers,797.1169,0.0,0.07773582937909708,11051.293209262381,11052.398999911393,-1.1057906490113965
14101,4,Frequent Low-Spend Customers,797.1169,0.0,0.07773582937909708,11051.293209262381,11052.398999911393,-1.1057906490113965
15120,4,Frequent Low-Spend Customers,797.1169,0.0,0.07773582937909708,11051.293209262381,11051.293209262403,-2.1827872842550278e-11
15753,4,Frequent Low-Spend Customers,797.1169,0.0,0.07773582937909708,11051.293209262381,11051.293209262403,-2.1827872842550278e-11
27449,4,Frequent Low-Spend Customers,797.1169,0.0,0.07773582937909708,11051.293209262381,11051.293209262403,-2.1827872842550278e-11
16160,4,Frequent Low-Spend Customers,797.1169,0.0,0.07773582937909708,11051.293209262381,11051.293209262403,-2.1827872842550278e-11
16158,4,Frequent Low-Spend Customers,797.1169,0.0,0.07773582937909708,11051.293209262381,11051.293209262403,-2.1827872842550278e-11
16026,4,Frequent Low-Spend Customers,797.1169,0.0,0.07773582937909708,11051.293209262381,11051.293209262403,-2.1827872842550278e-11
15038,4,Frequent Low-Spend Customers,797.1169,0.0,0.07773582937909708,11051.293209262381,11051.293209262403,-2.1827872842550278e-11
12747,4,Frequent Low-Spend Customers,797.1169,0.0,0.07773582937909708,11051.293209262381,11051.293209262403,-2.1827872842550278e-11
27453,4,Frequent Low-Spend Customers,797.1169,0.0,0.07773582937909708,11051.293209262381,11051.293209262403,-2.1827872842550278e-11
15150,4,Frequent Low-Spend Customers,797.1169,0.0,0.07773582937909708,11051.293209262381,11051.293209262403,-2.1827872842550278e-11
15151,4,Frequent Low-Spend Customers,797.1169,0.0,0.07773582937909708,11051.293209262381,11051.293209262403,-2.1827872842550278e-11
16155,4,Frequent Low-Spend Customers,797.1169,0.0,0.07773582937909708,11051.293209262381,11051.293209262403,-2.1827872842550278e-11
15265,4,Frequent Low-Spend Customers,797.1169,0.0,0.07773582937909708,11051.293209262381,11051.293209262403,-2.1827872842550278e-11
15130,4,Frequent Low-Spend Customers,797.1169,0.0,0.07773582937909708,11051.293209262381,11051.293209262403,-2.1827872842550278e-11
16161,4,Frequent Low-Spend Customers,797.1169,0.0,0.07773582937909708,11051.293209262381,11051.293209262403,-2.1827872842550278e-11
15831,4,Frequent Low-Spend Customers,797.1169,0.0,0.07773582937909708,11051.293209262381,11051.293209262403,-2.1827872842550278e-11
15267,4,Frequent Low-Spend Customers,797.1169,0.0,0.07773582937909708,11051.293209262381,11051.293209262403,-2.1827872842550278e-11
27295,4,Frequent Low-Spend Customers,797.1169,0.0,0.07773582937909708,11051.293209262381,11051.293209262403,-2.1827872842550278e-11
15808,4,Frequent Low-Spend Customers,797.1169,0.0,0.07773582937909708,11051.293209262381,11051.293209262403,-2.1827872842550278e-11
16169,4,Frequent Low-Spend Customers,797.1169,0.0,0.07773582937909708,11051.293209262381,11051.293209262403,-2.1827872842550278e-11
16176,4,Frequent Low-Spend Customers,797.1169,0.0,0.07773582937909708,11051.293209262381,11051.293209262403,-2.1827872842550278e-11
15647,4,Frequent Low-Spend Customers,797.1169,0.0,0.07773582937909708,11051.293209262381,11051.293209262403,-2.1827872842550278e-11
15800,4,Frequent Low-Spend Customers,797.1169,0.0,0.07773582937909708,11051.293209262381,11051.293209262403,-2.1827872842550278e-11
15646,4,Frequent Low-Spend Customers,797.1169,0.0,0.07773582937909708,11051.293209262381,11051.293209262403,-2.1827872842550278e-11
15645,4,Frequent Low-Spend Customers,797.1169,0.0,0.07773582937909708,11051.293209262381,11051.293209262403,-2.1827872842550278e-11
15793,4,Frequent Low-Spend Customers,797.1169,0.0,0.07773582937909708,11051.293209262381,11051.293209262403,-2.1827872842550278e-11
13251,4,Frequent Low-Spend Customers,797.1169,0.0,0.07773582937909708,11051.293209262381,11051.293209262403,-2.1827872842550278e-11
15789,4,Frequent Low-Spend Customers,797.1169,0.0,0.07773582937909708,11051.293209262381,11051.293209262403,-2.1827872842550278e-11
13254,4,Frequent Low-Spend Customers,797.1169,0.0,0.07773582937909708,11051.293209262381,11051.293209262403,-2.1827872842550278e-11
15784,4,Frequent Low-Spend Customers,797.1169,0.0,0.07773582937909708,11051.293209262381,11051.293209262403,-2.1827872842550278e-11
15716,4,Frequent Low-Spend Customers,797.1169,0.0,0.07773582937909708,11051.293209262381,11051.293209262403,-2.1827872842550278e-11
27425,4,Frequent Low-Spend Customers,797.1169,0.0,0.07773582937909708,11051.293209262381,11051.293209262403,-2.1827872842550278e-11
15717,4,Frequent Low-Spend Customers,797.1169,0.0,0.07773582937909708,11051.293209262381,11051.293209262403,-2.1827872842550278e-11
27424,4,Frequent Low-Spend Customers,797.1169,0.0,0.07773582937909708,11051.293209262381,11051.293209262403,-2.1827872842550278e-11
27421,4,Frequent Low-Spend Customers,797.1169,0.0,0.07773582937909708,11051.293209262381,11051.293209262403,-2.1827872842550278e-11
27431,4,Frequent Low-Spend Customers,797.1169,0.0,0.07773582937909708,11051.293209262381,11051.293209262403,-2.1827872842550278e-11
27416,4,Frequent Low-Spend Customers,797.1169,0.0,0.07773582937909708,11051.293209262381,11051.293209262403,-2.1827872842550278e-11
15032,4,Frequent Low-Spend Customers,797.1169,0.0,0.07773582937909708,11051.293209262381,11051.293209262403,-2.1827872842550278e-11
15044,4,Frequent Low-Spend Customers,797.1169,0.0,0.07773582937909708,11051.293209262381,11051.293209262403,-2.1827872842550278e-11
15027,4,Frequent Low-Spend Customers,797.1169,0.0,0.07773582937909708,11051.293209262381,11051.293209262403,-2.1827872842550278e-11
15726,4,Frequent Low-Spend Customers,797.1169,0.0,0.07773582937909708,11051.293209262381,11051.293209262403,-2.1827872842550278e-11
15228,4,Frequent Low-Spend Customers,797.1169,0.0,0.07773582937909708,11051.293209262381,11051.293209262403,-2.1827872842550278e-11
15220,4,Frequent Low-Spend Customers,797.1169,0.0,0.07773582937909708,11051.293209262381,11051.293209262403,-2.1827872842550278e-11
15219,4,Frequent Low-Spend Customers,797.1169,0.0,0.07773582937909708,11051.293209262381,11051.293209262403,-2.1827872842550278e-11
15218,4,Frequent Low-Spend Customers,797.1169,0.0,0.07773582937909708,11051.293209262381,11051.293209262403,-2.1827872842550278e-11
11382,4,Frequent Low-Spend Customers,797.1169,0.0,0.07773582937909708,11051.293209262381,11051.293209262403,-2.1827872842550278e-11
12853,4,Frequent Low-Spend Customers,797.1169,0.0,0.07773582937909708,11051.293209262381,11051.293209262403,-2.1827872842550278e-11
15733,4,Frequent Low-Spend Customers,797.1169,0.0,0.07773582937909708,11051.293209262381,11051.293209262403,-2.1827872842550278e-11
15215,4,Frequent Low-Spend Customers,797.1169,0.0,0.07773582937909708,11051.293209262381,11051.293209262403,-2.1827872842550278e-11
15719,4,Frequent Low-Spend Customers,797.1169,0.0,0.07773582937909708,11051.293209262381,11051.293209262403,-2.1827872842550278e-11
15209,4,Frequent Low-Spend Customers,797.1169,0.0,0.07773582937909708,11051.293209262381,11051.293209262403,-2.1827872842550278e-11
15178,4,Frequent Low-Spend Customers,797.1169,0.0,0.07773582937909708,11051.293209262381,11051.293209262403,-2.1827872842550278e-11
15724,4,Frequent Low-Spend Customers,797.1169,0.0,0.07773582937909708,11051.293209262381,11051.293209262403,-2.1827872842550278e-11
27439,4,Frequent Low-Spend Customers,797.1169,0.0,0.07773582937909708,11051.293209262381,11051.293209262403,-2.1827872842550278e-11
15208,4,Frequent Low-Spend Customers,797.1169,0.0,0.07773582937909708,11051.293209262381,11051.293209262403,-2.1827872842550278e-11
27440,4,Frequent Low-Spend Customers,797.1169,0.0,0.07773582937909708,11051.293209262381,11051.293209262403,-2.1827872842550278e-11
27446,4,Frequent Low-Spend Customers,797.1169,0.0,0.07773582937909708,11051.293209262381,11051.293209262403,-2.1827872842550278e-11
15204,4,Frequent Low-Spend Customers,797.1169,0.0,0.07773582937909708,11051.293209262381,11051.293209262403,-2.1827872842550278e-11
15227,4,Frequent Low-Spend Customers,797.1169,0.0,0.07773582937909708,11051.293209262381,11051.293209262403,-2.1827872842550278e-11
15723,4,Frequent Low-Spend Customers,797.1169,0.0,0.07773582937909708,11051.293209262381,11051.293209262403,-2.1827872842550278e-11
15229,4,Frequent Low-Spend Customers,797.1169,0.0,0.07773582937909708,11051.293209262381,11051.293209262403,-2.1827872842550278e-11
15722,4,Frequent Low-Spend Customers,797.1169,0.0,0.07773582937909708,11051.293209262381,11051.293209262403,-2.1827872842550278e-11
27205,4,Frequent Low-Spend Customers,797.1169,0.0,0.07773582937909708,11051.293209262381,11051.293209262403,-2.1827872842550278e-11
13255,4,Frequent Low-Spend Customers,797.1169,0.0,0.07773582937909708,11051.293209262381,11051.293209262403,-2.1827872842550278e-11
12825,4,Frequent Low-Spend Customers,797.1169,0.0,0.07773582937909708,11051.293209262381,11051.293209262403,-2.1827872842550278e-11
11582,4,Frequent Low-Spend Customers,797.1169,0.0,0.07773582937909708,11051.293209262381,11051.293209262403,-2.1827872842550278e-11
21621,4,Frequent Low-Spend Customers,797.1169,0.0,0.07773582937909708,11051.293209262381,11051.293209262403,-2.1827872842550278e-11
27292,4,Frequent Low-Spend Customers,797.1169,0.0,0.07773582937909708,11051.293209262381,11051.293209262403,-2.1827872842550278e-11
12829,4,Frequent Low-Spend Customers,797.1169,0.0,0.07773582937909708,11051.293209262381,11051.293209262403,-2.1827872842550278e-11
27255,4,Frequent Low-Spend Customers,797.1169,0.0,0.07773582937909708,11051.293209262381,11051.293209262403,-2.1827872842550278e-11
27254,4,Frequent Low-Spend Customers,797.1169,0.0,0.07773582937909708,11051.293209262381,11051.293209262403,-2.1827872842550278e-11
21618,4,Frequent Low-Spend Customers,797.1169,0.0,0.07773582937909708,11051.293209262381,11051.293209262403,-2.1827872842550278e-11
15588,4,Frequent Low-Spend Customers,797.1169,0.0,0.07773582937909708,11051.293209262381,11051.293209262403,-2.1827872842550278e-11
27268,4,Frequent Low-Spend Customers,797.1169,0.0,0.07773582937909708,11051.293209262381,11051.293209262403,-2.1827872842550278e-11
27269,4,Frequent Low-Spend Customers,797.1169,0.0,0.07773582937909708,11051.293209262381,11051.293209262403,-2.1827872842550278e-11
21614,4,Frequent Low-Spend Customers,797.1169,0.0,0.07773582937909708,11051.293209262381,11051.293209262403,-2.1827872842550278e-11
15439,4,Frequent Low-Spend Customers,797.1169,0.0,0.07773582937909708,11051.293209262381,11051.293209262403,-2.1827872842550278e-11
12816,4,Frequent Low-Spend Customers,797.1169,0.0,0.07773582937909708,11051.293209262381,11051.293209262403,-2.1827872842550278e-11
27288,4,Frequent Low-Spend Customers,797.1169,0.0,0.07773582937909708,11051.293209262381,11051.293209262403,-2.1827872842550278e-11
15601,4,Frequent Low-Spend Customers,797.1169,0.0,0.07773582937909708,11051.293209262381,11051.293209262403,-2.1827872842550278e-11
12548,4,Frequent Low-Spend Customers,797.1169,0.0,0.07773582937909708,11051.293209262381,11051.293209262403,-2.1827872842550278e-11
27280,4,Frequent Low-Spend Customers,797.1169,0.0,0.07773582937909708,11051.293209262381,11051.293209262403,-2.1827872842550278e-11
21613,4,Frequent Low-Spend Customers,797.1169,0.0,0.07773582937909708,11051.293209262381,11051.293209262403,-2.1827872842550278e-11
15585,4,Frequent Low-Spend Customers,797.1169,0.0,0.07773582937909708,11051.293209262381,11051.293209262403,-2.1827872842550278e-11
27260,4,Frequent Low-Spend Customers,797.1169,0.0,0.07773582937909708,11051.293209262381,11051.293209262403,-2.1827872842550278e-11
27274,4,Frequent Low-Spend Customers,797.1169,0.0,0.07773582937909708,11051.293209262381,11051.293209262403,-2.1827872842550278e-11
12861,4,Frequent Low-Spend Customers,797.1169,0.0,0.07773582937909708,11051.293209262381,11051.293209262403,-2.1827872842550278e-11
13404,4,Frequent Low-Spend Customers,797.1169,0.0,0.07773582937909708,11051.293209262381,11051.293209262403,-2.1827872842550278e-11
15036,4,Frequent Low-Spend Customers,797.1169,0.0,0.07773582937909708,11051.293209262381,11051.293209262403,-2.1827872842550278e-11
13408,4,Frequent Low-Spend Customers,797.1169,0.0,0.07773582937909708,11051.293209262381,11051.293209262403,-2.1827872842550278e-11
21652,4,Frequent Low-Spend Customers,797.1169,0.0,0.07773582937909708,11051.293209262381,11051.293209262403,-2.1827872842550278e-11
16031,4,Frequent Low-Spend Customers,797.1169,0.0,0.07773582937909708,11051.293209262381,11051.293209262403,-2.1827872842550278e-11
12839,4,Frequent Low-Spend Customers,797.1169,0.0,0.07773582937909708,11051.293209262381,11051.293209262403,-2.1827872842550278e-11
13551,4,Frequent Low-Spend Customers,797.1169,0.0,0.07773582937909708,11051.293209262381,11051.293209262403,-2.1827872842550278e-11
21622,4,Frequent Low-Spend Customers,797.1169,0.0,0.07773582937909708,11051.293209262381,11051.293209262403,-2.1827872842550278e-11
27535,4,Frequent Low-Spend Customers,797.1169,0.0,0.07773582937909708,11051.293209262381,11051.293209262403,-2.1827872842550278e-11
12860,4,Frequent Low-Spend Customers,797.1169,0.0,0.07773582937909708,11051.293209262381,11051.293209262403,-2.1827872842550278e-11
15582,4,Frequent Low-Spend Customers,797.1169,0.0,0.07773582937909708,11051.293209262381,11051.293209262403,-2.1827872842550278e-11
11590,4,Frequent Low-Spend Customers,797.1169,0.0,0.07773582937909708,11051.293209262381,11051.293209262403,-2.1827872842550278e-11
11588,4,Frequent Low-Spend Customers,797.1169,0.0,0.07773582937909708,11051.293209262381,11051.293209262403,-2.1827872842550278e-11
11587,4,Frequent Low-Spend Customers,797.1169,0.0,0.07773582937909708,11051.293209262381,11051.293209262403,-2.1827872842550278e-11
27263,4,Frequent Low-Spend Customers,797.1169,0.0,0.07773582937909708,11051.293209262381,11051.293209262403,-2.1827872842550278e-11
27262,4,Frequent Low-Spend Customers,797.1169,0.0,0.07773582937909708,11051.293209262381,11051.293209262403,-2.1827872842550278e-11
27261,4,Frequent Low-Spend Customers,797.1169,0.0,0.07773582937909708,11051.293209262381,11051.293209262403,-2.1827872842550278e-11
27276,4,Frequent Low-Spend Customers,797.1169,0.0,0.07773582937909708,11051.293209262381,11051.293209262403,-2.1827872842550278e-11
27275,4,Frequent Low-Spend Customers,797.1169,0.0,0.07773582937909708,11051.293209262381,11051.293209262403,-2.1827872842550278e-11
12735,4,Frequent Low-Spend Customers,797.1169,0.0,0.07773582937909708,11051.293209262381,11051.293209262403,-2.1827872842550278e-11
21582,4,Frequent Low-Spend Customers,797.1169,0.0,0.07773582937909708,11051.293209262381,11051.293209262403,-2.1827872842550278e-11
27232,4,Frequent Low-Spend Customers,797.1169,0.0,0.07773582937909708,11051.293209262381,11051.293209262403,-2.1827872842550278e-11
11406,4,Frequent Low-Spend Customers,797.1169,0.0,0.07773582937909708,11051.293209262381,11051.293209262403,-2.1827872842550278e-11
11410,4,Frequent Low-Spend Customers,797.1169,0.0,0.07773582937909708,11051.293209262381,11051.293209262403,-2.1827872842550278e-11
27235,4,Frequent Low-Spend Customers,797.1169,0.0,0.07773582937909708,11051.293209262381,11051.293209262403,-2.1827872842550278e-11
11416,4,Frequent Low-Spend Customers,797.1169,0.0,0.07773582937909708,11051.293209262381,11051.293209262403,-2.1827872842550278e-11
27543,4,Frequent Low-Spend Customers,797.1169,0.0,0.07773582937909708,11051.293209262381,11051.293209262403,-2.1827872842550278e-11
27551,4,Frequent Low-Spend Customers,797.1169,0.0,0.07773582937909708,11051.293209262381,11051.293209262403,-2.1827872842550278e-11
12624,4,Frequent Low-Spend Customers,797.1169,0.0,0.07773582937909708,11051.293209262381,11051.293209262403,-2.1827872842550278e-11
27553,4,Frequent Low-Spend Customers,797.1169,0.0,0.07773582937909708,11051.293209262381,11051.293209262403,-2.1827872842550278e-11
27272,4,Frequent Low-Spend Customers,797.1169,0.0,0.07773582937909708,11051.293209262381,11051.293209262403,-2.1827872842550278e-11
15596,4,Frequent Low-Spend Customers,797.1169,0.0,0.07773582937909708,11051.293209262381,11051.293209262403,-2.1827872842550278e-11
12738,4,Frequent Low-Spend Customers,797.1169,0.0,0.07773582937909708,11051.293209262381,11051.293209262403,-2.1827872842550278e-11
11425,4,Frequent Low-Spend Customers,797.1169,0.0,0.07773582937909708,11051.293209262381,11051.293209262403,-2.1827872842550278e-11
13561,4,Frequent Low-Spend Customers,797.1169,0.0,0.07773582937909708,11051.293209262381,11051.293209262403,-2.1827872842550278e-11
27555,4,Frequent Low-Spend Customers,797.1169,0.0,0.07773582937909708,11051.293209262381,11051.293209262403,-2.1827872842550278e-11
12852,4,Frequent Low-Spend Customers,797.1169,0.0,0.07773582937909708,11051.293209262381,11051.293209262403,-2.1827872842550278e-11
12806,4,Frequent Low-Spend Customers,797.1169,0.0,0.07773582937909708,11051.293209262381,11051.293209262403,-2.1827872842550278e-11
27558,4,Frequent Low-Spend Customers,797.1169,0.0,0.07773582937909708,11051.293209262381,11051.293209262403,-2.1827872842550278e-11
27240,4,Frequent Low-Spend Customers,797.1169,0.0,0.07773582937909708,11051.293209262381,11051.293209262403,-2.1827872842550278e-11
12712,4,Frequent Low-Spend Customers,797.1169,0.0,0.07773582937909708,11051.293209262381,11051.293209262403,-2.1827872842550278e-11
21629,4,Frequent Low-Spend Customers,797.1169,0.0,0.07773582937909708,11051.293209262381,11051.293209262403,-2.1827872842550278e-11
12813,4,Frequent Low-Spend Customers,797.1169,0.0,0.07773582937909708,11051.293209262381,11051.293209262403,-2.1827872842550278e-11
12808,4,Frequent Low-Spend Customers,797.1169,0.0,0.07773582937909708,11051.293209262381,11051.293209262403,-2.1827872842550278e-11
27226,4,Frequent Low-Spend Customers,797.1169,0.0,0.07773582937909708,11051.293209262381,11051.293209262403,-2.1827872842550278e-11
15590,4,Frequent Low-Spend Customers,797.1169,0.0,0.07773582937909708,11051.293209262381,11051.293209262403,-2.1827872842550278e-11
27574,4,Frequent Low-Spend Customers,797.1169,0.0,0.07773582937909708,11051.293209262381,11051.293209262403,-2.1827872842550278e-11
15591,4,Frequent Low-Spend Customers,797.1169,0.0,0.07773582937909708,11051.293209262381,11051.293209262403,-2.1827872842550278e-11
15595,4,Frequent Low-Spend Customers,797.1169,0.0,0.07773582937909708,11051.293209262381,11051.293209262403,-2.1827872842550278e-11
15576,4,Frequent Low-Spend Customers,797.1169,0.0,0.07773582937909708,11051.293209262381,11051.293209262403,-2.1827872842550278e-11
14261,4,Frequent Low-Spend Customers,797.1169,0.0,0.07773582937909708,11051.293209262381,11051.293209262401,-2.000888343900442e-11
14259,4,Frequent Low-Spend Customers,797.1169,0.0,0.07773582937909708,11051.293209262381,11051.293209262401,-2.000888343900442e-11
29479,4,Frequent Low-Spend Customers,797.1169,0.0,0.07773582937909708,11051.293209262381,11051.293209262401,-2.000888343900442e-11
29450,4,Frequent Low-Spend Customers,797.1169,0.0,0.07773582937909708,11051.293209262381,11051.293209262401,-2.000888343900442e-11
14324,4,Frequent Low-Spend Customers,797.1169,0.0,0.07773582937909708,11051.293209262381,11051.293209262401,-2.000888343900442e-11
29483,4,Frequent Low-Spend Customers,797.1169,0.0,0.07773582937909708,11051.293209262381,11051.293209262401,-2.000888343900442e-11
14325,4,Frequent Low-Spend Customers,797.1169,0.0,0.07773582937909708,11051.293209262381,11051.293209262401,-2.000888343900442e-11
15213,4,Frequent Low-Spend Customers,797.1169,0.0,0.07773582937909708,11051.293209262381,11051.293209262401,-2.000888343900442e-11
14287,4,Frequent Low-Spend Customers,797.1169,0.0,0.07773582937909708,11051.293209262381,11051.293209262401,-2.000888343900442e-11
14286,4,Frequent Low-Spend Customers,797.1169,0.0,0.07773582937909708,11051.293209262381,11051.293209262401,-2.000888343900442e-11
21423,4,Frequent Low-Spend Customers,797.1169,0.0,0.07773582937909708,11051.293209262381,11051.293209262401,-2.000888343900442e-11
14263,4,Frequent Low-Spend Customers,797.1169,0.0,0.07773582937909708,11051.293209262381,11051.293209262401,-2.000888343900442e-11
13562,4,Frequent Low-Spend Customers,797.1169,0.0,0.07773582937909708,11051.293209262381,11051.293209262401,-2.000888343900442e-11
12857,4,Frequent Low-Spend Customers,797.1169,0.0,0.07773582937909708,11051.293209262381,11051.293209262401,-2.000888343900442e-11
15755,4,Frequent Low-Spend Customers,797.1169,0.0,0.07773582937909708,11051.293209262381,11051.293209262401,-2.000888343900442e-11
16180,4,Frequent Low-Spend Customers,797.1169,0.0,0.07773582937909708,11051.293209262381,11051.293209262401,-2.000888343900442e-11
15801,4,Frequent Low-Spend Customers,797.1169,0.0,0.07773582937909708,11051.293209262381,11051.293209262401,-2.000888343900442e-11
27546,4,Frequent Low-Spend Customers,797.1169,0.0,0.07773582937909708,11051.293209262381,11051.293209262401,-2.000888343900442e-11
16164,4,Frequent Low-Spend Customers,797.1169,0.0,0.07773582937909708,11051.293209262381,11051.293209262401,-2.000888343900442e-11
27539,4,Frequent Low-Spend Customers,797.1169,0.0,0.07773582937909708,11051.293209262381,11051.293209262401,-2.000888343900442e-11
15802,4,Frequent Low-Spend Customers,797.1169,0.0,0.07773582937909708,11051.293209262381,11051.293209262401,-2.000888343900442e-11
14666,4,Frequent Low-Spend Customers,797.1169,0.0,0.07773582937909708,11051.293209262381,11051.293209262401,-2.000888343900442e-11
12854,4,Frequent Low-Spend Customers,797.1169,0.0,0.07773582937909708,11051.293209262381,11051.293209262401,-2.000888343900442e-11
14667,4,Frequent Low-Spend Customers,797.1169,0.0,0.07773582937909708,11051.293209262381,11051.293209262401,-2.000888343900442e-11
27556,4,Frequent Low-Spend Customers,797.1169,0.0,0.07773582937909708,11051.293209262381,11051.293209262401,-2.000888343900442e-11
15015,4,Frequent Low-Spend Customers,797.1169,0.0,0.07773582937909708,11051.293209262381,11051.293209262401,-2.000888343900442e-11
12499,4,Frequent Low-Spend Customers,797.1169,0.0,0.07773582937909708,11051.293209262381,11051.293209262401,-2.000888343900442e-11
15765,4,Frequent Low-Spend Customers,797.1169,0.0,0.07773582937909708,11051.293209262381,11051.293209262401,-2.000888343900442e-11
27559,4,Frequent Low-Spend Customers,797.1169,0.0,0.07773582937909708,11051.293209262381,11051.293209262401,-2.000888343900442e-11
14676,4,Frequent Low-Spend Customers,797.1169,0.0,0.07773582937909708,11051.293209262381,11051.293209262401,-2.000888343900442e-11
14855,4,Frequent Low-Spend Customers,797.1169,0.0,0.07773582937909708,11051.293209262381,11051.293209262401,-2.000888343900442e-11
14316,4,Frequent Low-Spend Customers,797.1169,0.0,0.07773582937909708,11051.293209262381,11051.293209262401,-2.000888343900442e-11
15767,4,Frequent Low-Spend Customers,797.1169,0.0,0.07773582937909708,11051.293209262381,11051.293209262401,-2.000888343900442e-11
12833,4,Frequent Low-Spend Customers,797.1169,0.0,0.07773582937909708,11051.293209262381,11051.293209262401,-2.000888343900442e-11
14279,4,Frequent Low-Spend Customers,797.1169,0.0,0.07773582937909708,11051.293209262381,11051.293209262401,-2.000888343900442e-11
14276,4,Frequent Low-Spend Customers,797.1169,0.0,0.07773582937909708,11051.293209262381,11051.293209262401,-2.000888343900442e-11
12484,4,Frequent Low-Spend Customers,797.1169,0.0,0.07773582937909708,11051.293209262381,11051.293209262401,-2.000888343900442e-11
14322,4,Frequent Low-Spend Customers,797.1169,0.0,0.07773582937909708,11051.293209262381,11051.293209262401,-2.000888343900442e-11
21348,4,Frequent Low-Spend Customers,797.1169,0.0,0.07773582937909708,11051.293209262381,11051.293209262401,-2.000888343900442e-11
15192,4,Frequent Low-Spend Customers,797.1169,0.0,0.07773582937909708,11051.293209262381,11051.293209262401,-2.000888343900442e-11
14225,4,Frequent Low-Spend Customers,797.1169,0.0,0.07773582937909708,11051.293209262381,11051.293209262401,-2.000888343900442e-11
27090,4,Frequent Low-Spend Customers,797.1169,0.0,0.07773582937909708,11051.293209262381,11051.293209262401,-2.000888343900442e-11
12647,4,Frequent Low-Spend Customers,797.1169,0.0,0.07773582937909708,11051.293209262381,11051.293209262401,-2.000888343900442e-11
12637,4,Frequent Low-Spend Customers,797.1169,0.0,0.07773582937909708,11051.293209262381,11051.293209262401,-2.000888343900442e-11
27095,4,Frequent Low-Spend Customers,797.1169,0.0,0.07773582937909708,11051.293209262381,11051.293209262401,-2.000888343900442e-11
12648,4,Frequent Low-Spend Customers,797.1169,0.0,0.07773582937909708,11051.293209262381,11051.293209262401,-2.000888343900442e-11
12640,4,Frequent Low-Spend Customers,797.1169,0.0,0.07773582937909708,11051.293209262381,11051.293209262401,-2.000888343900442e-11
12653,4,Frequent Low-Spend Customers,797.1169,0.0,0.07773582937909708,11051.293209262381,11051.293209262401,-2.000888343900442e-11
14224,4,Frequent Low-Spend Customers,797.1169,0.0,0.07773582937909708,11051.293209262381,11051.293209262401,-2.000888343900442e-11
14345,4,Frequent Low-Spend Customers,797.1169,0.0,0.07773582937909708,11051.293209262381,11051.293209262401,-2.000888343900442e-11
12644,4,Frequent Low-Spend Customers,797.1169,0.0,0.07773582937909708,11051.293209262381,11051.293209262401,-2.000888343900442e-11
11577,4,Frequent Low-Spend Customers,797.1169,0.0,0.07773582937909708,11051.293209262381,11051.293209262401,-2.000888343900442e-11
15152,4,Frequent Low-Spend Customers,797.1169,0.0,0.07773582937909708,11051.293209262381,11051.293209262401,-2.000888343900442e-11
13517,4,Frequent Low-Spend Customers,797.1169,0.0,0.07773582937909708,11051.293209262381,11051.293209262401,-2.000888343900442e-11
15144,4,Frequent Low-Spend Customers,797.1169,0.0,0.07773582937909708,11051.293209262381,11051.293209262401,-2.000888343900442e-11
27251,4,Frequent Low-Spend Customers,797.1169,0.0,0.07773582937909708,11051.293209262381,11051.293209262401,-2.000888343900442e-11
15171,4,Frequent Low-Spend Customers,797.1169,0.0,0.07773582937909708,11051.293209262381,11051.293209262401,-2.000888343900442e-11
27103,4,Frequent Low-Spend Customers,797.1169,0.0,0.07773582937909708,11051.293209262381,11051.293209262401,-2.000888343900442e-11
27524,4,Frequent Low-Spend Customers,797.1169,0.0,0.07773582937909708,11051.293209262381,11051.293209262401,-2.000888343900442e-11
27523,4,Frequent Low-Spend Customers,797.1169,0.0,0.07773582937909708,11051.293209262381,11051.293209262401,-2.000888343900442e-11
27521,4,Frequent Low-Spend Customers,797.1169,0.0,0.07773582937909708,11051.293209262381,11051.293209262401,-2.000888343900442e-11
14308,4,Frequent Low-Spend Customers,797.1169,0.0,0.07773582937909708,11051.293209262381,11051.293209262401,-2.000888343900442e-11
27105,4,Frequent Low-Spend Customers,797.1169,0.0,0.07773582937909708,11051.293209262381,11051.293209262401,-2.000888343900442e-11
27459,4,Frequent Low-Spend Customers,797.1169,0.0,0.07773582937909708,11051.293209262381,11051.293209262401,-2.000888343900442e-11
14230,4,Frequent Low-Spend Customers,797.1169,0.0,0.07773582937909708,11051.293209262381,11051.293209262401,-2.000888343900442e-11
21589,4,Frequent Low-Spend Customers,797.1169,0.0,0.07773582937909708,11051.293209262381,11051.293209262401,-2.000888343900442e-11
11379,4,Frequent Low-Spend Customers,797.1169,0.0,0.07773582937909708,11051.293209262381,11051.293209262401,-2.000888343900442e-11
14305,4,Frequent Low-Spend Customers,797.1169,0.0,0.07773582937909708,11051.293209262381,11051.293209262401,-2.000888343900442e-11
14304,4,Frequent Low-Spend Customers,797.1169,0.0,0.07773582937909708,11051.293209262381,11051.293209262401,-2.000888343900442e-11
14303,4,Frequent Low-Spend Customers,797.1169,0.0,0.07773582937909708,11051.293209262381,11051.293209262401,-2.000888343900442e-11
27201,4,Frequent Low-Spend Customers,797.1169,0.0,0.07773582937909708,11051.293209262381,11051.293209262401,-2.000888343900442e-11
11346,4,Frequent Low-Spend Customers,797.1169,0.0,0.07773582937909708,11051.293209262381,11051.293209262401,-2.000888343900442e-11
27199,4,Frequent Low-Spend Customers,797.1169,0.0,0.07773582937909708,11051.293209262381,11051.293209262401,-2.000888343900442e-11
29482,4,Frequent Low-Spend Customers,797.1169,0.0,0.07773582937909708,11051.293209262381,11051.293209262401,-2.000888343900442e-11
27467,4,Frequent Low-Spend Customers,797.1169,0.0,0.07773582937909708,11051.293209262381,11051.293209262401,-2.000888343900442e-11
27086,4,Frequent Low-Spend Customers,797.1169,0.0,0.07773582937909708,11051.293209262381,11051.293209262401,-2.000888343900442e-11
21595,4,Frequent Low-Spend Customers,797.1169,0.0,0.07773582937909708,11051.293209262381,11051.293209262401,-2.000888343900442e-11
14238,4,Frequent Low-Spend Customers,797.1169,0.0,0.07773582937909708,11051.293209262381,11051.293209262401,-2.000888343900442e-11
27081,4,Frequent Low-Spend Customers,797.1169,0.0,0.07773582937909708,11051.293209262381,11051.293209262401,-2.000888343900442e-11
27083,4,Frequent Low-Spend Customers,797.1169,0.0,0.07773582937909708,11051.293209262381,11051.293209262401,-2.000888343900442e-11
27193,4,Frequent Low-Spend Customers,797.1169,0.0,0.07773582937909708,11051.293209262381,11051.293209262401,-2.000888343900442e-11
14681,4,Frequent Low-Spend Customers,797.1169,0.0,0.07773582937909708,11051.293209262381,11051.293209262401,-2.000888343900442e-11
27231,4,Frequent Low-Spend Customers,797.1169,0.0,0.07773582937909708,11051.293209262381,11051.293209262401,-2.000888343900442e-11
27089,4,Frequent Low-Spend Customers,797.1169,0.0,0.07773582937909708,11051.293209262381,11051.293209262401,-2.000888343900442e-11
27104,4,Frequent Low-Spend Customers,797.1169,0.0,0.07773582937909708,11051.293209262381,11051.293209262401,-2.000888343900442e-11
13407,4,Frequent Low-Spend Customers,797.1169,0.0,0.07773582937909708,11051.293209262381,11037.460857487391,13.832351774990457
21655,4,Frequent Low-Spend Customers,797.1169,0.0,0.07773582937909708,11051.293209262381,11037.460857487391,13.832351774990457
16156,4,Frequent Low-Spend Customers,797.1169,0.0,0.07773582937909708,11051.293209262381,11035.07428766471,16.218921597672306
15786,4,Frequent Low-Spend Customers,797.1169,0.0,0.07773582937909708,11051.293209262381,11035.07428766471,16.218921597672306
19341,1,High Value but Cooling,1210.1835,0.0,0.12413778410416021,10958.895455294549,10924.027154116024,34.868301178525144
19361,1,High Value but Cooling,1197.6635,0.0,0.12413778410416021,10845.519780365672,10837.632761434586,7.887018931085549
19359,1,High Value but Cooling,1197.6635,0.0,0.12413778410416021,10845.519780365672,10836.50372726644,9.016053099232522
19424,1,High Value but Cooling,1196.9289,0.0,0.12413778410416021,10838.867562250438,10828.675942774957,10.191619475481275
19360,1,High Value but Cooling,1196.9289,0.0,0.12413778410416021,10838.867562250438,10821.981788440118,16.885773810319733
29891,3,Inactive Low-Value Customers,3260.0347740000025,0.23809523809523808,0.10790077545642739,10438.834300587092,10816.27329993656,-377.43899934946785
19433,1,High Value but Cooling,1197.6635,0.0,0.12413778410416021,10845.519780365672,10808.613141428172,36.90663893750025
19416,1,High Value but Cooling,1196.1674,0.0,0.12413778410416021,10831.971749434275,10807.173664323427,24.79808511084775
19437,1,High Value but Cooling,1198.6651,0.0,0.12413778410416021,10854.589834359982,10799.29101337393,55.298820986052306
19418,1,High Value but Cooling,1196.1674,0.0,0.12413778410416021,10831.971749434275,10784.990136366152,46.9816130681229
29739,3,Inactive Low-Value Customers,3100.585608000004,0.23809523809523808,0.10790077545642739,9928.2681445094,10765.46679395472,-837.1986494453195
14046,1,High Value but Cooling,1277.9170000000001,0.0,0.12413778410416021,11572.260573329288,10759.09949108291,813.1610822463772
14047,1,High Value but Cooling,1287.403,0.0,0.12413778410416021,11658.161663774597,10738.564405294053,919.597258480544
14066,1,High Value but Cooling,1168.7259,0.0,0.12413778410416021,10583.473460012492,10722.219838178627,-138.7463781661354
14050,1,High Value but Cooling,1267.567,0.0,0.12413778410416021,11478.53547464607,10716.662368578736,761.8731060673344
29813,3,Inactive Low-Value Customers,3075.2074,0.23809523809523808,0.10790077545642739,9847.00554256702,10715.69949179319,-868.6939492261699
13058,1,High Value but Cooling,1192.7808,0.0,0.12413778410416021,10801.30417269992,10693.5451095007,107.75906319922069
30118,3,Inactive Low-Value Customers,2845.377749999996,0.23809523809523808,0.10790077545642739,9111.076695167565,10674.33929819444,-1563.2626030268748
19435,1,High Value but Cooling,1184.5112000000001,0.0,0.12413778410416021,10726.418271630288,10667.752982984453,58.66528864583415
19362,1,High Value but Cooling,1175.7598,0.0,0.12413778410416021,10647.16939930021,10639.184272073491,7.98512722671876
19382,1,High Value but Cooling,1175.7598,0.0,0.12413778410416021,10647.16939930021,10636.226809223,10.942590077209388
12240,0,Active Minimal Buyers,1487.8355999999999,0.0,0.1636982986519342,10576.724197208523,10605.257711609267,-28.533514400744025
26098,0,Active Minimal Buyers,1487.8355999999999,0.0,0.1636982986519342,10576.724197208523,10605.257711609267,-28.533514400744025
12264,1,High Value but Cooling,1274.9638,0.0,0.12413778410416021,11545.517678505008,10586.301757677491,959.215920827517
11494,0,Active Minimal Buyers,1487.8355999999999,0.0,0.1636982986519342,10576.724197208523,10584.427839367834,-7.70364215931113
11549,0,Active Minimal Buyers,1487.8355999999999,0.0,0.1636982986519342,10576.724197208523,10584.427839367834,-7.70364215931113
30108,3,Inactive Low-Value Customers,3219.8949999999995,0.23809523809523808,0.10790077545642739,10310.304245327918,10583.579072818966,-273.2748274910482
11431,0,Active Minimal Buyers,1487.8355999999999,0.0,0.1636982986519342,10576.724197208523,10583.387280230561,-6.663083022038336
26096,0,Active Minimal Buyers,1487.8355999999999,0.0,0.1636982986519342,10576.724197208523,10583.387280230561,-6.663083022038336
11427,0,Active Minimal Buyers,1487.8355999999999,0.0,0.1636982986519342,10576.724197208523,10580.234989855366,-3.510792646842674
12253,0,Active Minimal Buyers,1487.8355999999999,0.0,0.1636982986519342,10576.724197208523,10579.658777965316,-2.934580756793366
11496,0,Active Minimal Buyers,1487.8355999999999,0.0,0.1636982986519342,10576.724197208523,10577.396186166367,-0.6719889578434959
11493,0,Active Minimal Buyers,1487.8355999999999,0.0,0.1636982986519342,10576.724197208523,10577.396186166367,-0.6719889578434959
28394,0,Active Minimal Buyers,1487.8355999999999,0.0,0.1636982986519342,10576.724197208523,10576.724197208474,4.9112713895738125e-11
11964,0,Active Minimal Buyers,1487.8355999999999,0.0,0.1636982986519342,10576.724197208523,10576.724197208474,4.9112713895738125e-11
12009,0,Active Minimal Buyers,1487.8355999999999,0.0,0.1636982986519342,10576.724197208523,10576.724197208474,4.9112713895738125e-11
12014,0,Active Minimal Buyers,1487.8355999999999,0.0,0.1636982986519342,10576.724197208523,10576.724197208474,4.9112713895738125e-11
28414,0,Active Minimal Buyers,1487.8355999999999,0.0,0.1636982986519342,10576.724197208523,10576.724197208474,4.9112713895738125e-11
11968,0,Active Minimal Buyers,1487.8355999999999,0.0,0.1636982986519342,10576.724197208523,10576.724197208474,4.9112713895738125e-11
11898,0,Active Minimal Buyers,1487.8355999999999,0.0,0.1636982986519342,10576.724197208523,10576.724197208474,4.9112713895738125e-11
11917,0,Active Minimal Buyers,1487.8355999999999,0.0,0.1636982986519342,10576.724197208523,10576.724197208474,4.9112713895738125e-11
11907,0,Active Minimal Buyers,1487.8355999999999,0.0,0.1636982986519342,10576.724197208523,10576.724197208474,4.9112713895738125e-11
11904,0,Active Minimal Buyers,1487.8355999999999,0.0,0.1636982986519342,10576.724197208523,10576.724197208474,4.9112713895738125e-11
11901,0,Active Minimal Buyers,1487.8355999999999,0.0,0.1636982986519342,10576.724197208523,10576.724197208474,4.9112713895738125e-11
11900,0,Active Minimal Buyers,1487.8355999999999,0.0,0.1636982986519342,10576.724197208523,10576.724197208474,4.9112713895738125e-11
11946,0,Active Minimal Buyers,1487.8355999999999,0.0,0.1636982986519342,10576.724197208523,10576.724197208474,4.9112713895738125e-11
11897,0,Active Minimal Buyers,1487.8355999999999,0.0,0.1636982986519342,10576.724197208523,10576.724197208474,4.9112713895738125e-11
11918,0,Active Minimal Buyers,1487.8355999999999,0.0,0.1636982986519342,10576.724197208523,10576.724197208474,4.9112713895738125e-11
26018,0,Active Minimal Buyers,1487.8355999999999,0.0,0.1636982986519342,10576.724197208523,10576.724197208474,4.9112713895738125e-11
11930,0,Active Minimal Buyers,1487.8355999999999,0.0,0.1636982986519342,10576.724197208523,10576.724197208474,4.9112713895738125e-11
25990,0,Active Minimal Buyers,1487.8355999999999,0.0,0.1636982986519342,10576.724197208523,10576.724197208474,4.9112713895738125e-11
26061,0,Active Minimal Buyers,1487.8355999999999,0.0,0.1636982986519342,10576.724197208523,10576.724197208474,4.9112713895738125e-11
25974,0,Active Minimal Buyers,1487.8355999999999,0.0,0.1636982986519342,10576.724197208523,10576.724197208474,4.9112713895738125e-11
26058,0,Active Minimal Buyers,1487.8355999999999,0.0,0.1636982986519342,10576.724197208523,10576.724197208474,4.9112713895738125e-11
25975,0,Active Minimal Buyers,1487.8355999999999,0.0,0.1636982986519342,10576.724197208523,10576.724197208474,4.9112713895738125e-11
26057,0,Active Minimal Buyers,1487.8355999999999,0.0,0.1636982986519342,10576.724197208523,10576.724197208474,4.9112713895738125e-11
26056,0,Active Minimal Buyers,1487.8355999999999,0.0,0.1636982986519342,10576.724197208523,10576.724197208474,4.9112713895738125e-11
26055,0,Active Minimal Buyers,1487.8355999999999,0.0,0.1636982986519342,10576.724197208523,10576.724197208474,4.9112713895738125e-11
26041,0,Active Minimal Buyers,1487.8355999999999,0.0,0.1636982986519342,10576.724197208523,10576.724197208474,4.9112713895738125e-11
29448,0,Active Minimal Buyers,1487.8355999999999,0.0,0.1636982986519342,10576.724197208523,10576.724197208474,4.9112713895738125e-11
29410,0,Active Minimal Buyers,1487.8355999999999,0.0,0.1636982986519342,10576.724197208523,10576.724197208474,4.9112713895738125e-11
29398,0,Active Minimal Buyers,1487.8355999999999,0.0,0.1636982986519342,10576.724197208523,10576.724197208474,4.9112713895738125e-11
29385,0,Active Minimal Buyers,1487.8355999999999,0.0,0.1636982986519342,10576.724197208523,10576.724197208474,4.9112713895738125e-11
26114,0,Active Minimal Buyers,1487.8355999999999,0.0,0.1636982986519342,10576.724197208523,10576.724197208474,4.9112713895738125e-11
12250,0,Active Minimal Buyers,1487.8355999999999,0.0,0.1636982986519342,10576.724197208523,10576.724197208474,4.9112713895738125e-11
26089,0,Active Minimal Buyers,1487.8355999999999,0.0,0.1636982986519342,10576.724197208523,10576.724197208474,4.9112713895738125e-11
26090,0,Active Minimal Buyers,1487.8355999999999,0.0,0.1636982986519342,10576.724197208523,10576.724197208474,4.9112713895738125e-11
29449,0,Active Minimal Buyers,1487.8355999999999,0.0,0.1636982986519342,10576.724197208523,10576.724197208474,4.9112713895738125e-11
26107,0,Active Minimal Buyers,1487.8355999999999,0.0,0.1636982986519342,10576.724197208523,10576.724197208474,4.9112713895738125e-11
25998,0,Active Minimal Buyers,1487.8355999999999,0.0,0.1636982986519342,10576.724197208523,10576.724197208474,4.9112713895738125e-11
26004,0,Active Minimal Buyers,1487.8355999999999,0.0,0.1636982986519342,10576.724197208523,10576.724197208474,4.9112713895738125e-11
25982,0,Active Minimal Buyers,1487.8355999999999,0.0,0.1636982986519342,10576.724197208523,10576.724197208474,4.9112713895738125e-11
26005,0,Active Minimal Buyers,1487.8355999999999,0.0,0.1636982986519342,10576.724197208523,10576.724197208474,4.9112713895738125e-11
25980,0,Active Minimal Buyers,1487.8355999999999,0.0,0.1636982986519342,10576.724197208523,10576.724197208474,4.9112713895738125e-11
25979,0,Active Minimal Buyers,1487.8355999999999,0.0,0.1636982986519342,10576.724197208523,10576.724197208474,4.9112713895738125e-11
26014,0,Active Minimal Buyers,1487.8355999999999,0.0,0.1636982986519342,10576.724197208523,10576.724197208474,4.9112713895738125e-11
26015,0,Active Minimal Buyers,1487.8355999999999,0.0,0.1636982986519342,10576.724197208523,10576.724197208474,4.9112713895738125e-11
25973,0,Active Minimal Buyers,1487.8355999999999,0.0,0.1636982986519342,10576.724197208523,10576.724197208474,4.9112713895738125e-11
29476,0,Active Minimal Buyers,1487.8355999999999,0.0,0.1636982986519342,10576.724197208523,10576.724197208474,4.9112713895738125e-11
29475,0,Active Minimal Buyers,1487.8355999999999,0.0,0.1636982986519342,10576.724197208523,10576.724197208474,4.9112713895738125e-11
25924,0,Active Minimal Buyers,1487.8355999999999,0.0,0.1636982986519342,10576.724197208523,10576.724197208474,4.9112713895738125e-11
12248,0,Active Minimal Buyers,1487.8355999999999,0.0,0.1636982986519342,10576.724197208523,10576.724197208474,4.9112713895738125e-11
12245,0,Active Minimal Buyers,1487.8355999999999,0.0,0.1636982986519342,10576.724197208523,10576.724197208474,4.9112713895738125e-11
12241,0,Active Minimal Buyers,1487.8355999999999,0.0,0.1636982986519342,10576.724197208523,10576.724197208474,4.9112713895738125e-11
12021,0,Active Minimal Buyers,1487.8355999999999,0.0,0.1636982986519342,10576.724197208523,10576.724197208474,4.9112713895738125e-11
25997,0,Active Minimal Buyers,1487.8355999999999,0.0,0.1636982986519342,10576.724197208523,10576.724197208474,4.9112713895738125e-11
25857,0,Active Minimal Buyers,1487.8355999999999,0.0,0.1636982986519342,10576.724197208523,10576.724197208474,4.9112713895738125e-11
25861,0,Active Minimal Buyers,1487.8355999999999,0.0,0.1636982986519342,10576.724197208523,10576.724197208474,4.9112713895738125e-11
25863,0,Active Minimal Buyers,1487.8355999999999,0.0,0.1636982986519342,10576.724197208523,10576.724197208474,4.9112713895738125e-11
25867,0,Active Minimal Buyers,1487.8355999999999,0.0,0.1636982986519342,10576.724197208523,10576.724197208474,4.9112713895738125e-11
25868,0,Active Minimal Buyers,1487.8355999999999,0.0,0.1636982986519342,10576.724197208523,10576.724197208474,4.9112713895738125e-11
25872,0,Active Minimal Buyers,1487.8355999999999,0.0,0.1636982986519342,10576.724197208523,10576.724197208474,4.9112713895738125e-11
25878,0,Active Minimal Buyers,1487.8355999999999,0.0,0.1636982986519342,10576.724197208523,10576.724197208474,4.9112713895738125e-11
25879,0,Active Minimal Buyers,1487.8355999999999,0.0,0.1636982986519342,10576.724197208523,10576.724197208474,4.9112713895738125e-11
25886,0,Active Minimal Buyers,1487.8355999999999,0.0,0.1636982986519342,10576.724197208523,10576.724197208474,4.9112713895738125e-11
25962,0,Active Minimal Buyers,1487.8355999999999,0.0,0.1636982986519342,10576.724197208523,10576.724197208474,4.9112713895738125e-11
25964,0,Active Minimal Buyers,1487.8355999999999,0.0,0.1636982986519342,10576.724197208523,10576.724197208474,4.9112713895738125e-11
25969,0,Active Minimal Buyers,1487.8355999999999,0.0,0.1636982986519342,10576.724197208523,10576.724197208474,4.9112713895738125e-11
25887,0,Active Minimal Buyers,1487.8355999999999,0.0,0.1636982986519342,10576.724197208523,10576.724197208474,4.9112713895738125e-11
25889,0,Active Minimal Buyers,1487.8355999999999,0.0,0.1636982986519342,10576.724197208523,10576.724197208474,4.9112713895738125e-11
25895,0,Active Minimal Buyers,1487.8355999999999,0.0,0.1636982986519342,10576.724197208523,10576.724197208474,4.9112713895738125e-11
25901,0,Active Minimal Buyers,1487.8355999999999,0.0,0.1636982986519342,10576.724197208523,10576.724197208474,4.9112713895738125e-11
25910,0,Active Minimal Buyers,1487.8355999999999,0.0,0.1636982986519342,10576.724197208523,10576.724197208474,4.9112713895738125e-11
25916,0,Active Minimal Buyers,1487.8355999999999,0.0,0.1636982986519342,10576.724197208523,10576.724197208474,4.9112713895738125e-11
25917,0,Active Minimal Buyers,1487.8355999999999,0.0,0.1636982986519342,10576.724197208523,10576.724197208474,4.9112713895738125e-11
28420,0,Active Minimal Buyers,1487.8355999999999,0.0,0.1636982986519342,10576.724197208523,10576.724197208474,4.9112713895738125e-11
28419,0,Active Minimal Buyers,1487.8355999999999,0.0,0.1636982986519342,10576.724197208523,10576.724197208474,4.9112713895738125e-11
26001,0,Active Minimal Buyers,1487.8355999999999,0.0,0.1636982986519342,10576.724197208523,10576.724197208474,4.9112713895738125e-11
11394,0,Active Minimal Buyers,1487.8355999999999,0.0,0.1636982986519342,10576.724197208523,10576.724197208474,4.9112713895738125e-11
11034,0,Active Minimal Buyers,1487.8355999999999,0.0,0.1636982986519342,10576.724197208523,10576.724197208474,4.9112713895738125e-11
11027,0,Active Minimal Buyers,1487.8355999999999,0.0,0.1636982986519342,10576.724197208523,10576.724197208474,4.9112713895738125e-11
11026,0,Active Minimal Buyers,1487.8355999999999,0.0,0.1636982986519342,10576.724197208523,10576.724197208474,4.9112713895738125e-11
20075,0,Active Minimal Buyers,1487.8355999999999,0.0,0.1636982986519342,10576.724197208523,10576.724197208474,4.9112713895738125e-11
11029,0,Active Minimal Buyers,1487.8355999999999,0.0,0.1636982986519342,10576.724197208523,10576.724197208474,4.9112713895738125e-11
11031,0,Active Minimal Buyers,1487.8355999999999,0.0,0.1636982986519342,10576.724197208523,10576.724197208474,4.9112713895738125e-11
19988,0,Active Minimal Buyers,1487.8355999999999,0.0,0.1636982986519342,10576.724197208523,10576.724197208474,4.9112713895738125e-11
11047,0,Active Minimal Buyers,1487.8355999999999,0.0,0.1636982986519342,10576.724197208523,10576.724197208474,4.9112713895738125e-11
11428,0,Active Minimal Buyers,1487.8355999999999,0.0,0.1636982986519342,10576.724197208523,10576.724197208474,4.9112713895738125e-11
11039,0,Active Minimal Buyers,1487.8355999999999,0.0,0.1636982986519342,10576.724197208523,10576.724197208474,4.9112713895738125e-11
11485,0,Active Minimal Buyers,1487.8355999999999,0.0,0.1636982986519342,10576.724197208523,10576.724197208474,4.9112713895738125e-11
11110,0,Active Minimal Buyers,1487.8355999999999,0.0,0.1636982986519342,10576.724197208523,10576.724197208474,4.9112713895738125e-11
11465,0,Active Minimal Buyers,1487.8355999999999,0.0,0.1636982986519342,10576.724197208523,10576.724197208474,4.9112713895738125e-11
11343,0,Active Minimal Buyers,1487.8355999999999,0.0,0.1636982986519342,10576.724197208523,10576.724197208474,4.9112713895738125e-11
12000,0,Active Minimal Buyers,1487.8355999999999,0.0,0.1636982986519342,10576.724197208523,10576.724197208474,4.9112713895738125e-11
11999,0,Active Minimal Buyers,1487.8355999999999,0.0,0.1636982986519342,10576.724197208523,10576.724197208474,4.9112713895738125e-11
11344,0,Active Minimal Buyers,1487.8355999999999,0.0,0.1636982986519342,10576.724197208523,10576.724197208474,4.9112713895738125e-11
11997,0,Active Minimal Buyers,1487.8355999999999,0.0,0.1636982986519342,10576.724197208523,10576.724197208474,4.9112713895738125e-11
11381,0,Active Minimal Buyers,1487.8355999999999,0.0,0.1636982986519342,10576.724197208523,10576.724197208474,4.9112713895738125e-11
11380,0,Active Minimal Buyers,1487.8355999999999,0.0,0.1636982986519342,10576.724197208523,10576.724197208474,4.9112713895738125e-11
11995,0,Active Minimal Buyers,1487.8355999999999,0.0,0.1636982986519342,10576.724197208523,10576.724197208474,4.9112713895738125e-11
11030,0,Active Minimal Buyers,1487.8355999999999,0.0,0.1636982986519342,10576.724197208523,10576.724197208474,4.9112713895738125e-11
11111,0,Active Minimal Buyers,1487.8355999999999,0.0,0.1636982986519342,10576.724197208523,10576.724197208474,4.9112713895738125e-11
11363,0,Active Minimal Buyers,1487.8355999999999,0.0,0.1636982986519342,10576.724197208523,10576.724197208474,4.9112713895738125e-11
11754,0,Active Minimal Buyers,1487.8355999999999,0.0,0.1636982986519342,10576.724197208523,10576.724197208474,4.9112713895738125e-11
11460,0,Active Minimal Buyers,1487.8355999999999,0.0,0.1636982986519342,10576.724197208523,10576.724197208474,4.9112713895738125e-11
11459,0,Active Minimal Buyers,1487.8355999999999,0.0,0.1636982986519342,10576.724197208523,10576.724197208474,4.9112713895738125e-11
11398,0,Active Minimal Buyers,1487.8355999999999,0.0,0.1636982986519342,10576.724197208523,10576.724197208474,4.9112713895738125e-11
11768,0,Active Minimal Buyers,1487.8355999999999,0.0,0.1636982986519342,10576.724197208523,10576.724197208474,4.9112713895738125e-11
11767,0,Active Minimal Buyers,1487.8355999999999,0.0,0.1636982986519342,10576.724197208523,10576.724197208474,4.9112713895738125e-11
11766,0,Active Minimal Buyers,1487.8355999999999,0.0,0.1636982986519342,10576.724197208523,10576.724197208474,4.9112713895738125e-11
11764,0,Active Minimal Buyers,1487.8355999999999,0.0,0.1636982986519342,10576.724197208523,10576.724197208474,4.9112713895738125e-11
11762,0,Active Minimal Buyers,1487.8355999999999,0.0,0.1636982986519342,10576.724197208523,10576.724197208474,4.9112713895738125e-11
11761,0,Active Minimal Buyers,1487.8355999999999,0.0,0.1636982986519342,10576.724197208523,10576.724197208474,4.9112713895738125e-11
11751,0,Active Minimal Buyers,1487.8355999999999,0.0,0.1636982986519342,10576.724197208523,10576.724197208474,4.9112713895738125e-11
11126,0,Active Minimal Buyers,1487.8355999999999,0.0,0.1636982986519342,10576.724197208523,10576.724197208474,4.9112713895738125e-11
11750,0,Active Minimal Buyers,1487.8355999999999,0.0,0.1636982986519342,10576.724197208523,10576.724197208474,4.9112713895738125e-11
20034,0,Active Minimal Buyers,1487.8355999999999,0.0,0.1636982986519342,10576.724197208523,10576.724197208474,4.9112713895738125e-11
11395,0,Active Minimal Buyers,1487.8355999999999,0.0,0.1636982986519342,10576.724197208523,10576.724197208474,4.9112713895738125e-11
11413,0,Active Minimal Buyers,1487.8355999999999,0.0,0.1636982986519342,10576.724197208523,10576.724197208474,4.9112713895738125e-11
11414,0,Active Minimal Buyers,1487.8355999999999,0.0,0.1636982986519342,10576.724197208523,10576.724197208474,4.9112713895738125e-11
11421,0,Active Minimal Buyers,1487.8355999999999,0.0,0.1636982986519342,10576.724197208523,10576.724197208474,4.9112713895738125e-11
11422,0,Active Minimal Buyers,1487.8355999999999,0.0,0.1636982986519342,10576.724197208523,10576.724197208474,4.9112713895738125e-11
11099,0,Active Minimal Buyers,1487.8355999999999,0.0,0.1636982986519342,10576.724197208523,10576.724197208474,4.9112713895738125e-11
11134,0,Active Minimal Buyers,1487.8355999999999,0.0,0.1636982986519342,10576.724197208523,10576.724197208474,4.9112713895738125e-11
11992,0,Active Minimal Buyers,1487.8355999999999,0.0,0.1636982986519342,10576.724197208523,10576.724197208474,4.9112713895738125e-11
11472,0,Active Minimal Buyers,1487.8355999999999,0.0,0.1636982986519342,10576.724197208523,10576.724197208474,4.9112713895738125e-11
12337,0,Active Minimal Buyers,1487.8355999999999,0.0,0.1636982986519342,10576.724197208523,10576.724197208474,4.9112713895738125e-11
11250,0,Active Minimal Buyers,1487.8355999999999,0.0,0.1636982986519342,10576.724197208523,10576.724197208474,4.9112713895738125e-11
28470,0,Active Minimal Buyers,1487.8355999999999,0.0,0.1636982986519342,10576.724197208523,10576.724197208474,4.9112713895738125e-11
12013,0,Active Minimal Buyers,1487.8355999999999,0.0,0.1636982986519342,10576.724197208523,10576.724197208474,4.9112713895738125e-11
12005,0,Active Minimal Buyers,1487.8355999999999,0.0,0.1636982986519342,10576.724197208523,10576.724197208474,4.9112713895738125e-11
11892,0,Active Minimal Buyers,1487.8355999999999,0.0,0.1636982986519342,10576.724197208523,10576.724197208474,4.9112713895738125e-11
19855,0,Active Minimal Buyers,1487.8355999999999,0.0,0.1636982986519342,10576.724197208523,10576.724197208474,4.9112713895738125e-11
19884,0,Active Minimal Buyers,1487.8355999999999,0.0,0.1636982986519342,10576.724197208523,10576.724197208474,4.9112713895738125e-11
11969,0,Active Minimal Buyers,1487.8355999999999,0.0,0.1636982986519342,10576.724197208523,10576.724197208474,4.9112713895738125e-11
28389,0,Active Minimal Buyers,1487.8355999999999,0.0,0.1636982986519342,10576.724197208523,10576.724197208474,4.9112713895738125e-11
11977,0,Active Minimal Buyers,1487.8355999999999,0.0,0.1636982986519342,10576.724197208523,10576.724197208474,4.9112713895738125e-11
11360,0,Active Minimal Buyers,1487.8355999999999,0.0,0.1636982986519342,10576.724197208523,10576.724197208474,4.9112713895738125e-11
11986,0,Active Minimal Buyers,1487.8355999999999,0.0,0.1636982986519342,10576.724197208523,10576.724197208474,4.9112713895738125e-11
12007,0,Active Minimal Buyers,1487.8355999999999,0.0,0.1636982986519342,10576.724197208523,10576.724197208474,4.9112713895738125e-11
12271,1,High Value but Cooling,1277.9170000000001,0.0,0.12413778410416021,11572.260573329288,10559.141313077176,1013.1192602521114
12039,0,Active Minimal Buyers,1476.8955999999998,0.0,0.1636982986519342,10498.95393635614,10533.767918628748,-34.81398227260797
12037,0,Active Minimal Buyers,1476.8955999999998,0.0,0.1636982986519342,10498.95393635614,10533.767918628748,-34.81398227260797
12130,1,High Value but Cooling,1227.6957000000002,0.0,0.12413778410416021,11117.47832226655,10525.994711031986,591.4836112345638
20035,0,Active Minimal Buyers,1476.8955999999998,0.0,0.1636982986519342,10498.95393635614,10515.999323107928,-17.0453867517881
12252,0,Active Minimal Buyers,1476.8955999999998,0.0,0.1636982986519342,10498.95393635614,10512.922630693172,-13.968694337032503
12243,0,Active Minimal Buyers,1476.8955999999998,0.0,0.1636982986519342,10498.95393635614,10506.001926638699,-7.0479902825591125
12338,0,Active Minimal Buyers,1476.8955999999998,0.0,0.1636982986519342,10498.95393635614,10506.001926638699,-7.0479902825591125
26097,0,Active Minimal Buyers,1476.8955999999998,0.0,0.1636982986519342,10498.95393635614,10499.376533974404,-0.42259761826426256
12010,0,Active Minimal Buyers,1476.8955999999998,0.0,0.1636982986519342,10498.95393635614,10499.376533974404,-0.42259761826426256
26110,0,Active Minimal Buyers,1476.8955999999998,0.0,0.1636982986519342,10498.95393635614,10498.953936356122,1.8189894035458565e-11
26093,0,Active Minimal Buyers,1476.8955999999998,0.0,0.1636982986519342,10498.95393635614,10498.953936356122,1.8189894035458565e-11
26091,0,Active Minimal Buyers,1476.8955999999998,0.0,0.1636982986519342,10498.95393635614,10498.953936356122,1.8189894035458565e-11
11412,0,Active Minimal Buyers,1476.8955999999998,0.0,0.1636982986519342,10498.95393635614,10498.953936356122,1.8189894035458565e-11
26116,0,Active Minimal Buyers,1476.8955999999998,0.0,0.1636982986519342,10498.95393635614,10498.953936356122,1.8189894035458565e-11
26106,0,Active Minimal Buyers,1476.8955999999998,0.0,0.1636982986519342,10498.95393635614,10498.953936356122,1.8189894035458565e-11
29391,0,Active Minimal Buyers,1476.8955999999998,0.0,0.1636982986519342,10498.95393635614,10498.953936356122,1.8189894035458565e-11
26094,0,Active Minimal Buyers,1476.8955999999998,0.0,0.1636982986519342,10498.95393635614,10498.953936356122,1.8189894035458565e-11
11489,0,Active Minimal Buyers,1476.8955999999998,0.0,0.1636982986519342,10498.95393635614,10498.953936356122,1.8189894035458565e-11
20007,0,Active Minimal Buyers,1476.8955999999998,0.0,0.1636982986519342,10498.95393635614,10498.953936356122,1.8189894035458565e-11
11482,0,Active Minimal Buyers,1476.8955999999998,0.0,0.1636982986519342,10498.95393635614,10498.953936356122,1.8189894035458565e-11
26111,0,Active Minimal Buyers,1476.8955999999998,0.0,0.1636982986519342,10498.95393635614,10498.953936356122,1.8189894035458565e-11
25952,0,Active Minimal Buyers,1476.8955999999998,0.0,0.1636982986519342,10498.95393635614,10498.953936356122,1.8189894035458565e-11
26082,0,Active Minimal Buyers,1476.8955999999998,0.0,0.1636982986519342,10498.95393635614,10498.953936356122,1.8189894035458565e-11
25876,0,Active Minimal Buyers,1476.8955999999998,0.0,0.1636982986519342,10498.95393635614,10498.953936356122,1.8189894035458565e-11
26075,0,Active Minimal Buyers,1476.8955999999998,0.0,0.1636982986519342,10498.95393635614,10498.953936356122,1.8189894035458565e-11
26070,0,Active Minimal Buyers,1476.8955999999998,0.0,0.1636982986519342,10498.95393635614,10498.953936356122,1.8189894035458565e-11
26002,0,Active Minimal Buyers,1476.8955999999998,0.0,0.1636982986519342,10498.95393635614,10498.953936356122,1.8189894035458565e-11
25866,0,Active Minimal Buyers,1476.8955999999998,0.0,0.1636982986519342,10498.95393635614,10498.953936356122,1.8189894035458565e-11
26003,0,Active Minimal Buyers,1476.8955999999998,0.0,0.1636982986519342,10498.95393635614,10498.953936356122,1.8189894035458565e-11
25865,0,Active Minimal Buyers,1476.8955999999998,0.0,0.1636982986519342,10498.95393635614,10498.953936356122,1.8189894035458565e-11
26112,0,Active Minimal Buyers,1476.8955999999998,0.0,0.1636982986519342,10498.95393635614,10498.953936356122,1.8189894035458565e-11
25970,0,Active Minimal Buyers,1476.8955999999998,0.0,0.1636982986519342,10498.95393635614,10498.953936356122,1.8189894035458565e-11
29399,0,Active Minimal Buyers,1476.8955999999998,0.0,0.1636982986519342,10498.95393635614,10498.953936356122,1.8189894035458565e-11
25955,0,Active Minimal Buyers,1476.8955999999998,0.0,0.1636982986519342,10498.95393635614,10498.953936356122,1.8189894035458565e-11
28418,0,Active Minimal Buyers,1476.8955999999998,0.0,0.1636982986519342,10498.95393635614,10498.953936356122,1.8189894035458565e-11
11488,0,Active Minimal Buyers,1476.8955999999998,0.0,0.1636982986519342,10498.95393635614,10498.953936356122,1.8189894035458565e-11
11548,0,Active Minimal Buyers,1476.8955999999998,0.0,0.1636982986519342,10498.95393635614,10498.953936356122,1.8189894035458565e-11
11491,0,Active Minimal Buyers,1476.8955999999998,0.0,0.1636982986519342,10498.95393635614,10498.953936356122,1.8189894035458565e-11
25905,0,Active Minimal Buyers,1476.8955999999998,0.0,0.1636982986519342,10498.95393635614,10498.953936356122,1.8189894035458565e-11
19874,0,Active Minimal Buyers,1476.8955999999998,0.0,0.1636982986519342,10498.95393635614,10498.953936356122,1.8189894035458565e-11
19844,0,Active Minimal Buyers,1476.8955999999998,0.0,0.1636982986519342,10498.95393635614,10498.953936356122,1.8189894035458565e-11
11443,0,Active Minimal Buyers,1476.8955999999998,0.0,0.1636982986519342,10498.95393635614,10498.953936356122,1.8189894035458565e-11
25891,0,Active Minimal Buyers,1476.8955999999998,0.0,0.1636982986519342,10498.95393635614,10498.953936356122,1.8189894035458565e-11
25888,0,Active Minimal Buyers,1476.8955999999998,0.0,0.1636982986519342,10498.95393635614,10498.953936356122,1.8189894035458565e-11
19987,0,Active Minimal Buyers,1476.8955999999998,0.0,0.1636982986519342,10498.95393635614,10498.953936356122,1.8189894035458565e-11
19830,0,Active Minimal Buyers,1476.8955999999998,0.0,0.1636982986519342,10498.95393635614,10498.953936356122,1.8189894035458565e-11
25942,0,Active Minimal Buyers,1476.8955999999998,0.0,0.1636982986519342,10498.95393635614,10498.953936356122,1.8189894035458565e-11
25943,0,Active Minimal Buyers,1476.8955999999998,0.0,0.1636982986519342,10498.95393635614,10498.953936356122,1.8189894035458565e-11
25951,0,Active Minimal Buyers,1476.8955999999998,0.0,0.1636982986519342,10498.95393635614,10498.953936356122,1.8189894035458565e-11
25972,0,Active Minimal Buyers,1476.8955999999998,0.0,0.1636982986519342,10498.95393635614,10498.953936356122,1.8189894035458565e-11
19829,0,Active Minimal Buyers,1476.8955999999998,0.0,0.1636982986519342,10498.95393635614,10498.953936356122,1.8189894035458565e-11
19802,0,Active Minimal Buyers,1476.8955999999998,0.0,0.1636982986519342,10498.95393635614,10498.953936356122,1.8189894035458565e-11
29403,0,Active Minimal Buyers,1476.8955999999998,0.0,0.1636982986519342,10498.95393635614,10498.953936356122,1.8189894035458565e-11
19989,0,Active Minimal Buyers,1476.8955999999998,0.0,0.1636982986519342,10498.95393635614,10498.953936356122,1.8189894035458565e-11
25909,0,Active Minimal Buyers,1476.8955999999998,0.0,0.1636982986519342,10498.95393635614,10498.953936356122,1.8189894035458565e-11
19997,0,Active Minimal Buyers,1476.8955999999998,0.0,0.1636982986519342,10498.95393635614,10498.953936356122,1.8189894035458565e-11
29400,0,Active Minimal Buyers,1476.8955999999998,0.0,0.1636982986519342,10498.95393635614,10498.953936356122,1.8189894035458565e-11
20000,0,Active Minimal Buyers,1476.8955999999998,0.0,0.1636982986519342,10498.95393635614,10498.953936356122,1.8189894035458565e-11
11423,0,Active Minimal Buyers,1476.8955999999998,0.0,0.1636982986519342,10498.95393635614,10498.953936356122,1.8189894035458565e-11
28443,0,Active Minimal Buyers,1476.8955999999998,0.0,0.1636982986519342,10498.95393635614,10498.953936356122,1.8189894035458565e-11
12251,0,Active Minimal Buyers,1476.8955999999998,0.0,0.1636982986519342,10498.95393635614,10498.953936356122,1.8189894035458565e-11
11464,0,Active Minimal Buyers,1476.8955999999998,0.0,0.1636982986519342,10498.95393635614,10498.953936356122,1.8189894035458565e-11
11462,0,Active Minimal Buyers,1476.8955999999998,0.0,0.1636982986519342,10498.95393635614,10498.953936356122,1.8189894035458565e-11
11359,0,Active Minimal Buyers,1476.8955999999998,0.0,0.1636982986519342,10498.95393635614,10498.953936356122,1.8189894035458565e-11
11358,0,Active Minimal Buyers,1476.8955999999998,0.0,0.1636982986519342,10498.95393635614,10498.953936356122,1.8189894035458565e-11
11920,0,Active Minimal Buyers,1476.8955999999998,0.0,0.1636982986519342,10498.95393635614,10498.953936356122,1.8189894035458565e-11
11357,0,Active Minimal Buyers,1476.8955999999998,0.0,0.1636982986519342,10498.95393635614,10498.953936356122,1.8189894035458565e-11
11356,0,Active Minimal Buyers,1476.8955999999998,0.0,0.1636982986519342,10498.95393635614,10498.953936356122,1.8189894035458565e-11
11353,0,Active Minimal Buyers,1476.8955999999998,0.0,0.1636982986519342,10498.95393635614,10498.953936356122,1.8189894035458565e-11
11351,0,Active Minimal Buyers,1476.8955999999998,0.0,0.1636982986519342,10498.95393635614,10498.953936356122,1.8189894035458565e-11
11929,0,Active Minimal Buyers,1476.8955999999998,0.0,0.1636982986519342,10498.95393635614,10498.953936356122,1.8189894035458565e-11
11944,0,Active Minimal Buyers,1476.8955999999998,0.0,0.1636982986519342,10498.95393635614,10498.953936356122,1.8189894035458565e-11
11947,0,Active Minimal Buyers,1476.8955999999998,0.0,0.1636982986519342,10498.95393635614,10498.953936356122,1.8189894035458565e-11
11952,0,Active Minimal Buyers,1476.8955999999998,0.0,0.1636982986519342,10498.95393635614,10498.953936356122,1.8189894035458565e-11
11919,0,Active Minimal Buyers,1476.8955999999998,0.0,0.1636982986519342,10498.95393635614,10498.953936356122,1.8189894035458565e-11
11963,0,Active Minimal Buyers,1476.8955999999998,0.0,0.1636982986519342,10498.95393635614,10498.953936356122,1.8189894035458565e-11
11916,0,Active Minimal Buyers,1476.8955999999998,0.0,0.1636982986519342,10498.95393635614,10498.953936356122,1.8189894035458565e-11
11894,0,Active Minimal Buyers,1476.8955999999998,0.0,0.1636982986519342,10498.95393635614,10498.953936356122,1.8189894035458565e-11
11895,0,Active Minimal Buyers,1476.8955999999998,0.0,0.1636982986519342,10498.95393635614,10498.953936356122,1.8189894035458565e-11
11896,0,Active Minimal Buyers,1476.8955999999998,0.0,0.1636982986519342,10498.95393635614,10498.953936356122,1.8189894035458565e-11
11899,0,Active Minimal Buyers,1476.8955999999998,0.0,0.1636982986519342,10498.95393635614,10498.953936356122,1.8189894035458565e-11
11903,0,Active Minimal Buyers,1476.8955999999998,0.0,0.1636982986519342,10498.95393635614,10498.953936356122,1.8189894035458565e-11
11905,0,Active Minimal Buyers,1476.8955999999998,0.0,0.1636982986519342,10498.95393635614,10498.953936356122,1.8189894035458565e-11
11906,0,Active Minimal Buyers,1476.8955999999998,0.0,0.1636982986519342,10498.95393635614,10498.953936356122,1.8189894035458565e-11
11908,0,Active Minimal Buyers,1476.8955999999998,0.0,0.1636982986519342,10498.95393635614,10498.953936356122,1.8189894035458565e-11
11909,0,Active Minimal Buyers,1476.8955999999998,0.0,0.1636982986519342,10498.95393635614,10498.953936356122,1.8189894035458565e-11
11910,0,Active Minimal Buyers,1476.8955999999998,0.0,0.1636982986519342,10498.95393635614,10498.953936356122,1.8189894035458565e-11
11912,0,Active Minimal Buyers,1476.8955999999998,0.0,0.1636982986519342,10498.95393635614,10498.953936356122,1.8189894035458565e-11
11914,0,Active Minimal Buyers,1476.8955999999998,0.0,0.1636982986519342,10498.95393635614,10498.953936356122,1.8189894035458565e-11
11915,0,Active Minimal Buyers,1476.8955999999998,0.0,0.1636982986519342,10498.95393635614,10498.953936356122,1.8189894035458565e-11
11967,0,Active Minimal Buyers,1476.8955999999998,0.0,0.1636982986519342,10498.95393635614,10498.953936356122,1.8189894035458565e-11
12011,0,Active Minimal Buyers,1476.8955999999998,0.0,0.1636982986519342,10498.95393635614,10498.953936356122,1.8189894035458565e-11
11364,0,Active Minimal Buyers,1476.8955999999998,0.0,0.1636982986519342,10498.95393635614,10498.953936356122,1.8189894035458565e-11
11365,0,Active Minimal Buyers,1476.8955999999998,0.0,0.1636982986519342,10498.95393635614,10498.953936356122,1.8189894035458565e-11
11368,0,Active Minimal Buyers,1476.8955999999998,0.0,0.1636982986519342,10498.95393635614,10498.953936356122,1.8189894035458565e-11
11147,0,Active Minimal Buyers,1476.8955999999998,0.0,0.1636982986519342,10498.95393635614,10498.953936356122,1.8189894035458565e-11
11461,0,Active Minimal Buyers,1476.8955999999998,0.0,0.1636982986519342,10498.95393635614,10498.953936356122,1.8189894035458565e-11
11457,0,Active Minimal Buyers,1476.8955999999998,0.0,0.1636982986519342,10498.95393635614,10498.953936356122,1.8189894035458565e-11
11765,0,Active Minimal Buyers,1476.8955999999998,0.0,0.1636982986519342,10498.95393635614,10498.953936356122,1.8189894035458565e-11
11759,0,Active Minimal Buyers,1476.8955999999998,0.0,0.1636982986519342,10498.95393635614,10498.953936356122,1.8189894035458565e-11
11756,0,Active Minimal Buyers,1476.8955999999998,0.0,0.1636982986519342,10498.95393635614,10498.953936356122,1.8189894035458565e-11
20023,0,Active Minimal Buyers,1476.8955999999998,0.0,0.1636982986519342,10498.95393635614,10498.953936356122,1.8189894035458565e-11
11097,0,Active Minimal Buyers,1476.8955999999998,0.0,0.1636982986519342,10498.95393635614,10498.953936356122,1.8189894035458565e-11
11096,0,Active Minimal Buyers,1476.8955999999998,0.0,0.1636982986519342,10498.95393635614,10498.953936356122,1.8189894035458565e-11
12242,0,Active Minimal Buyers,1476.8955999999998,0.0,0.1636982986519342,10498.95393635614,10498.953936356122,1.8189894035458565e-11
12246,0,Active Minimal Buyers,1476.8955999999998,0.0,0.1636982986519342,10498.95393635614,10498.953936356122,1.8189894035458565e-11
26012,0,Active Minimal Buyers,1476.8955999999998,0.0,0.1636982986519342,10498.95393635614,10498.953936356122,1.8189894035458565e-11
11100,0,Active Minimal Buyers,1476.8955999999998,0.0,0.1636982986519342,10498.95393635614,10498.953936356122,1.8189894035458565e-11
11151,0,Active Minimal Buyers,1476.8955999999998,0.0,0.1636982986519342,10498.95393635614,10498.953936356122,1.8189894035458565e-11
20182,0,Active Minimal Buyers,1476.8955999999998,0.0,0.1636982986519342,10498.95393635614,10498.953936356122,1.8189894035458565e-11
11372,0,Active Minimal Buyers,1476.8955999999998,0.0,0.1636982986519342,10498.95393635614,10498.953936356122,1.8189894035458565e-11
11120,0,Active Minimal Buyers,1476.8955999999998,0.0,0.1636982986519342,10498.95393635614,10498.953936356122,1.8189894035458565e-11
11112,0,Active Minimal Buyers,1476.8955999999998,0.0,0.1636982986519342,10498.95393635614,10498.953936356122,1.8189894035458565e-11
11028,0,Active Minimal Buyers,1476.8955999999998,0.0,0.1636982986519342,10498.95393635614,10498.953936356122,1.8189894035458565e-11
11032,0,Active Minimal Buyers,1476.8955999999998,0.0,0.1636982986519342,10498.95393635614,10498.953936356122,1.8189894035458565e-11
11056,0,Active Minimal Buyers,1476.8955999999998,0.0,0.1636982986519342,10498.95393635614,10498.953936356122,1.8189894035458565e-11
11055,0,Active Minimal Buyers,1476.8955999999998,0.0,0.1636982986519342,10498.95393635614,10498.953936356122,1.8189894035458565e-11
11050,0,Active Minimal Buyers,1476.8955999999998,0.0,0.1636982986519342,10498.95393635614,10498.953936356122,1.8189894035458565e-11
11048,0,Active Minimal Buyers,1476.8955999999998,0.0,0.1636982986519342,10498.95393635614,10498.953936356122,1.8189894035458565e-11
11046,0,Active Minimal Buyers,1476.8955999999998,0.0,0.1636982986519342,10498.95393635614,10498.953936356122,1.8189894035458565e-11
11044,0,Active Minimal Buyers,1476.8955999999998,0.0,0.1636982986519342,10498.95393635614,10498.953936356122,1.8189894035458565e-11
11038,0,Active Minimal Buyers,1476.8955999999998,0.0,0.1636982986519342,10498.95393635614,10498.953936356122,1.8189894035458565e-11
11035,0,Active Minimal Buyers,1476.8955999999998,0.0,0.1636982986519342,10498.95393635614,10498.953936356122,1.8189894035458565e-11
11033,0,Active Minimal Buyers,1476.8955999999998,0.0,0.1636982986519342,10498.95393635614,10498.953936356122,1.8189894035458565e-11
26011,0,Active Minimal Buyers,1476.8955999999998,0.0,0.1636982986519342,10498.95393635614,10498.953936356122,1.8189894035458565e-11
25903,0,Active Minimal Buyers,1476.8955999999998,0.0,0.1636982986519342,10498.95393635614,10498.953936356122,1.8189894035458565e-11
29466,0,Active Minimal Buyers,1476.8955999999998,0.0,0.1636982986519342,10498.95393635614,10498.953936356122,1.8189894035458565e-11
28393,0,Active Minimal Buyers,1476.8955999999998,0.0,0.1636982986519342,10498.95393635614,10498.953936356122,1.8189894035458565e-11
28504,0,Active Minimal Buyers,1476.8955999999998,0.0,0.1636982986519342,10498.95393635614,10498.953936356122,1.8189894035458565e-11
26066,0,Active Minimal Buyers,1476.8955999999998,0.0,0.1636982986519342,10498.95393635614,10498.953936356122,1.8189894035458565e-11
26060,0,Active Minimal Buyers,1476.8955999999998,0.0,0.1636982986519342,10498.95393635614,10498.953936356122,1.8189894035458565e-11
26050,0,Active Minimal Buyers,1476.8955999999998,0.0,0.1636982986519342,10498.95393635614,10498.953936356122,1.8189894035458565e-11
25984,0,Active Minimal Buyers,1476.8955999999998,0.0,0.1636982986519342,10498.95393635614,10498.953936356122,1.8189894035458565e-11
29467,0,Active Minimal Buyers,1476.8955999999998,0.0,0.1636982986519342,10498.95393635614,10498.953936356122,1.8189894035458565e-11
25986,0,Active Minimal Buyers,1476.8955999999998,0.0,0.1636982986519342,10498.95393635614,10498.953936356122,1.8189894035458565e-11
25987,0,Active Minimal Buyers,1476.8955999999998,0.0,0.1636982986519342,10498.95393635614,10498.953936356122,1.8189894035458565e-11
25985,0,Active Minimal Buyers,1476.8955999999998,0.0,0.1636982986519342,10498.95393635614,10498.953936356122,1.8189894035458565e-11
25993,0,Active Minimal Buyers,1476.8955999999998,0.0,0.1636982986519342,10498.95393635614,10498.953936356122,1.8189894035458565e-11
11893,0,Active Minimal Buyers,1476.8955999999998,0.0,0.1636982986519342,10498.95393635614,10498.953936356122,1.8189894035458565e-11
11993,0,Active Minimal Buyers,1476.8955999999998,0.0,0.1636982986519342,10498.95393635614,10498.953936356122,1.8189894035458565e-11
12002,0,Active Minimal Buyers,1476.8955999999998,0.0,0.1636982986519342,10498.95393635614,10498.953936356122,1.8189894035458565e-11
12001,0,Active Minimal Buyers,1476.8955999999998,0.0,0.1636982986519342,10498.95393635614,10498.953936356122,1.8189894035458565e-11
11998,0,Active Minimal Buyers,1476.8955999999998,0.0,0.1636982986519342,10498.95393635614,10498.953936356122,1.8189894035458565e-11
11996,0,Active Minimal Buyers,1476.8955999999998,0.0,0.1636982986519342,10498.95393635614,10498.953936356122,1.8189894035458565e-11
11994,0,Active Minimal Buyers,1476.8955999999998,0.0,0.1636982986519342,10498.95393635614,10498.953936356122,1.8189894035458565e-11
11991,0,Active Minimal Buyers,1476.8955999999998,0.0,0.1636982986519342,10498.95393635614,10498.953936356122,1.8189894035458565e-11
11990,0,Active Minimal Buyers,1476.8955999999998,0.0,0.1636982986519342,10498.95393635614,10498.953936356122,1.8189894035458565e-11
11989,0,Active Minimal Buyers,1476.8955999999998,0.0,0.1636982986519342,10498.95393635614,10498.953936356122,1.8189894035458565e-11
11988,0,Active Minimal Buyers,1476.8955999999998,0.0,0.1636982986519342,10498.95393635614,10498.953936356122,1.8189894035458565e-11
28492,0,Active Minimal Buyers,1476.8955999999998,0.0,0.1636982986519342,10498.95393635614,10498.953936356122,1.8189894035458565e-11
11976,0,Active Minimal Buyers,1476.8955999999998,0.0,0.1636982986519342,10498.95393635614,10498.953936356122,1.8189894035458565e-11
12003,0,Active Minimal Buyers,1476.8955999999998,0.0,0.1636982986519342,10498.95393635614,10498.953936356122,1.8189894035458565e-11
12004,0,Active Minimal Buyers,1476.8955999999998,0.0,0.1636982986519342,10498.95393635614,10498.953936356122,1.8189894035458565e-11
28390,0,Active Minimal Buyers,1476.8955999999998,0.0,0.1636982986519342,10498.95393635614,10498.953936356122,1.8189894035458565e-11
26042,0,Active Minimal Buyers,1476.8955999999998,0.0,0.1636982986519342,10498.95393635614,10498.953936356122,1.8189894035458565e-11
25994,0,Active Minimal Buyers,1476.8955999999998,0.0,0.1636982986519342,10498.95393635614,10498.953936356122,1.8189894035458565e-11
28407,0,Active Minimal Buyers,1476.8955999999998,0.0,0.1636982986519342,10498.95393635614,10498.953936356122,1.8189894035458565e-11
25996,0,Active Minimal Buyers,1476.8955999999998,0.0,0.1636982986519342,10498.95393635614,10498.953936356122,1.8189894035458565e-11
26016,0,Active Minimal Buyers,1476.8955999999998,0.0,0.1636982986519342,10498.95393635614,10498.953936356122,1.8189894035458565e-11
28471,0,Active Minimal Buyers,1476.8955999999998,0.0,0.1636982986519342,10498.95393635614,10498.953936356122,1.8189894035458565e-11
28401,0,Active Minimal Buyers,1476.8955999999998,0.0,0.1636982986519342,10498.95393635614,10498.953936356122,1.8189894035458565e-11
28478,0,Active Minimal Buyers,1476.8955999999998,0.0,0.1636982986519342,10498.95393635614,10498.953936356122,1.8189894035458565e-11
25977,0,Active Minimal Buyers,1476.8955999999998,0.0,0.1636982986519342,10498.95393635614,10498.953936356122,1.8189894035458565e-11
29481,0,Active Minimal Buyers,1476.8955999999998,0.0,0.1636982986519342,10498.95393635614,10498.953936356122,1.8189894035458565e-11
25978,0,Active Minimal Buyers,1476.8955999999998,0.0,0.1636982986519342,10498.95393635614,10498.953936356122,1.8189894035458565e-11
29474,0,Active Minimal Buyers,1476.8955999999998,0.0,0.1636982986519342,10498.95393635614,10498.953936356122,1.8189894035458565e-11
28395,0,Active Minimal Buyers,1476.8955999999998,0.0,0.1636982986519342,10498.95393635614,10498.953936356122,1.8189894035458565e-11
28449,0,Active Minimal Buyers,1476.8955999999998,0.0,0.1636982986519342,10498.95393635614,10498.953936356122,1.8189894035458565e-11
25976,0,Active Minimal Buyers,1476.8955999999998,0.0,0.1636982986519342,10498.95393635614,10498.953936356122,1.8189894035458565e-11
28491,0,Active Minimal Buyers,1476.8955999999998,0.0,0.1636982986519342,10498.95393635614,10498.953936356122,1.8189894035458565e-11
28458,0,Active Minimal Buyers,1476.8955999999998,0.0,0.1636982986519342,10498.95393635614,10498.953936356122,1.8189894035458565e-11
26083,0,Active Minimal Buyers,1476.8955999999998,0.0,0.1636982986519342,10498.95393635614,10498.535845311822,0.41809104431740707
26084,0,Active Minimal Buyers,1476.8955999999998,0.0,0.1636982986519342,10498.95393635614,10498.535845311822,0.41809104431740707
23104,1,High Value but Cooling,1151.7002000000002,0.0,0.12413778410416021,10429.296125456862,10492.115262927555,-62.81913747069302
17644,1,High Value but Cooling,1183.4034,0.0,0.12413778410416021,10716.386516623399,10468.706258209118,247.68025841428062
16392,1,High Value but Cooling,1108.2175,0.0,0.12413778410416021,10035.535705310711,10209.824070314,-174.28836500328907
29665,4,Frequent Low-Spend Customers,659.4045000000001,0.0,0.07773582937909708,9142.037351117582,10155.796869302967,-1013.7595181853849
21501,1,High Value but Cooling,1062.7081,0.0,0.12413778410416021,9623.422371396324,10116.463191080387,-493.04081968406354
11616,1,High Value but Cooling,1112.9534,0.0,0.12413778410416021,10078.421956021226,10062.534912904988,15.887043116237692
29571,3,Inactive Low-Value Customers,3830.2194999999992,0.23809523809523808,0.10790077545642739,12264.601290224611,10049.118085626078,2215.483204598533
26312,1,High Value but Cooling,1107.8744000000002,0.0,0.12413778410416021,10032.428740928275,10047.206587366003,-14.77784643772793
23105,1,High Value but Cooling,1071.2592000000002,0.0,0.12413778410416021,9700.857414038841,10037.965322457701,-337.10790841886046
11615,1,High Value but Cooling,1108.6090000000002,0.0,0.12413778410416021,10039.080959043511,10037.160343514017,1.920615529494171
26307,1,High Value but Cooling,1108.6090000000002,0.0,0.12413778410416021,10039.080959043511,10032.694509364233,6.386449679277575
12281,1,High Value but Cooling,1099.9258,0.0,0.12413778410416021,9960.449676252585,10023.849962932147,-63.40028667956176
13552,0,Active Minimal Buyers,1406.9758000000002,0.0,0.1636982986519342,10001.908133362867,10003.835907652076,-1.9277742892081733
13536,0,Active Minimal Buyers,1406.9758000000002,0.0,0.1636982986519342,10001.908133362867,10003.835907652076,-1.9277742892081733
13555,0,Active Minimal Buyers,1406.9758000000002,0.0,0.1636982986519342,10001.908133362867,10003.835907652076,-1.9277742892081733
12364,0,Active Minimal Buyers,1406.9758000000002,0.0,0.1636982986519342,10001.908133362867,10001.908133362846,2.1827872842550278e-11
13513,0,Active Minimal Buyers,1406.9758000000002,0.0,0.1636982986519342,10001.908133362867,10001.908133362846,2.1827872842550278e-11
12448,0,Active Minimal Buyers,1406.9758000000002,0.0,0.1636982986519342,10001.908133362867,10001.908133362846,2.1827872842550278e-11
27621,0,Active Minimal Buyers,1406.9758000000002,0.0,0.1636982986519342,10001.908133362867,10001.908133362846,2.1827872842550278e-11
16517,0,Active Minimal Buyers,1406.9758000000002,0.0,0.1636982986519342,10001.908133362867,10001.908133362846,2.1827872842550278e-11
16351,0,Active Minimal Buyers,1406.9758000000002,0.0,0.1636982986519342,10001.908133362867,10001.908133362846,2.1827872842550278e-11
16624,0,Active Minimal Buyers,1406.9758000000002,0.0,0.1636982986519342,10001.908133362867,10001.908133362846,2.1827872842550278e-11
21768,0,Active Minimal Buyers,1406.9758000000002,0.0,0.1636982986519342,10001.908133362867,10001.908133362846,2.1827872842550278e-11
27645,0,Active Minimal Buyers,1406.9758000000002,0.0,0.1636982986519342,10001.908133362867,10001.908133362846,2.1827872842550278e-11
15050,0,Active Minimal Buyers,1406.9758000000002,0.0,0.1636982986519342,10001.908133362867,10001.908133362846,2.1827872842550278e-11
27606,0,Active Minimal Buyers,1406.9758000000002,0.0,0.1636982986519342,10001.908133362867,10001.908133362846,2.1827872842550278e-11
27616,0,Active Minimal Buyers,1406.9758000000002,0.0,0.1636982986519342,10001.908133362867,10001.908133362846,2.1827872842550278e-11
27612,0,Active Minimal Buyers,1406.9758000000002,0.0,0.1636982986519342,10001.908133362867,10001.908133362844,2.3646862246096134e-11
16520,0,Active Minimal Buyers,1406.9758000000002,0.0,0.1636982986519342,10001.908133362867,10001.908133362844,2.3646862246096134e-11
12207,0,Active Minimal Buyers,1406.9758000000002,0.0,0.1636982986519342,10001.908133362867,10001.908133362844,2.3646862246096134e-11
24757,0,Active Minimal Buyers,1406.9758000000002,0.0,0.1636982986519342,10001.908133362867,10001.908133362844,2.3646862246096134e-11
12450,0,Active Minimal Buyers,1406.9758000000002,0.0,0.1636982986519342,10001.908133362867,10001.908133362844,2.3646862246096134e-11
16483,0,Active Minimal Buyers,1406.9758000000002,0.0,0.1636982986519342,10001.908133362867,10001.908133362844,2.3646862246096134e-11
12913,0,Active Minimal Buyers,1406.9758000000002,0.0,0.1636982986519342,10001.908133362867,10001.908133362844,2.3646862246096134e-11
16529,0,Active Minimal Buyers,1406.9758000000002,0.0,0.1636982986519342,10001.908133362867,10001.908133362844,2.3646862246096134e-11
12187,0,Active Minimal Buyers,1406.9758000000002,0.0,0.1636982986519342,10001.908133362867,10001.908133362844,2.3646862246096134e-11
13590,0,Active Minimal Buyers,1406.9758000000002,0.0,0.1636982986519342,10001.908133362867,10001.908133362844,2.3646862246096134e-11
27601,0,Active Minimal Buyers,1406.9758000000002,0.0,0.1636982986519342,10001.908133362867,10001.908133362844,2.3646862246096134e-11
13264,0,Active Minimal Buyers,1406.9758000000002,0.0,0.1636982986519342,10001.908133362867,10001.908133362844,2.3646862246096134e-11
15668,0,Active Minimal Buyers,1406.9758000000002,0.0,0.1636982986519342,10001.908133362867,10001.908133362844,2.3646862246096134e-11
13581,0,Active Minimal Buyers,1406.9758000000002,0.0,0.1636982986519342,10001.908133362867,10001.908133362844,2.3646862246096134e-11
13591,0,Active Minimal Buyers,1406.9758000000002,0.0,0.1636982986519342,10001.908133362867,10001.908133362844,2.3646862246096134e-11
12186,0,Active Minimal Buyers,1406.9758000000002,0.0,0.1636982986519342,10001.908133362867,10001.908133362844,2.3646862246096134e-11
12188,0,Active Minimal Buyers,1406.9758000000002,0.0,0.1636982986519342,10001.908133362867,10001.908133362844,2.3646862246096134e-11
20622,0,Active Minimal Buyers,1406.9758000000002,0.0,0.1636982986519342,10001.908133362867,10001.908133362844,2.3646862246096134e-11
12178,0,Active Minimal Buyers,1406.9758000000002,0.0,0.1636982986519342,10001.908133362867,10001.908133362844,2.3646862246096134e-11
27668,0,Active Minimal Buyers,1406.9758000000002,0.0,0.1636982986519342,10001.908133362867,10001.908133362844,2.3646862246096134e-11
12774,0,Active Minimal Buyers,1406.9758000000002,0.0,0.1636982986519342,10001.908133362867,10001.908133362842,2.546585164964199e-11
20617,0,Active Minimal Buyers,1406.9758000000002,0.0,0.1636982986519342,10001.908133362867,10001.908133362842,2.546585164964199e-11
11606,0,Active Minimal Buyers,1406.9758000000002,0.0,0.1636982986519342,10001.908133362867,10001.908133362842,2.546585164964199e-11
12789,0,Active Minimal Buyers,1406.9758000000002,0.0,0.1636982986519342,10001.908133362867,10001.908133362842,2.546585164964199e-11
12780,0,Active Minimal Buyers,1406.9758000000002,0.0,0.1636982986519342,10001.908133362867,10001.908133362842,2.546585164964199e-11
12200,0,Active Minimal Buyers,1406.9758000000002,0.0,0.1636982986519342,10001.908133362867,10001.908133362842,2.546585164964199e-11
11592,0,Active Minimal Buyers,1406.9758000000002,0.0,0.1636982986519342,10001.908133362867,10001.908133362842,2.546585164964199e-11
11591,0,Active Minimal Buyers,1406.9758000000002,0.0,0.1636982986519342,10001.908133362867,10001.908133362842,2.546585164964199e-11
20822,0,Active Minimal Buyers,1406.9758000000002,0.0,0.1636982986519342,10001.908133362867,10001.908133362842,2.546585164964199e-11
13576,0,Active Minimal Buyers,1406.9758000000002,0.0,0.1636982986519342,10001.908133362867,10001.908133362842,2.546585164964199e-11
20625,0,Active Minimal Buyers,1406.9758000000002,0.0,0.1636982986519342,10001.908133362867,10001.908133362842,2.546585164964199e-11
12769,0,Active Minimal Buyers,1406.9758000000002,0.0,0.1636982986519342,10001.908133362867,10001.908133362842,2.546585164964199e-11
12707,0,Active Minimal Buyers,1406.9758000000002,0.0,0.1636982986519342,10001.908133362867,10001.908133362842,2.546585164964199e-11
12184,0,Active Minimal Buyers,1406.9758000000002,0.0,0.1636982986519342,10001.908133362867,10001.908133362842,2.546585164964199e-11
16631,0,Active Minimal Buyers,1406.9758000000002,0.0,0.1636982986519342,10001.908133362867,10001.908133362842,2.546585164964199e-11
12766,0,Active Minimal Buyers,1406.9758000000002,0.0,0.1636982986519342,10001.908133362867,10001.908133362842,2.546585164964199e-11
27577,0,Active Minimal Buyers,1406.9758000000002,0.0,0.1636982986519342,10001.908133362867,10001.908133362842,2.546585164964199e-11
12917,0,Active Minimal Buyers,1406.9758000000002,0.0,0.1636982986519342,10001.908133362867,10001.908133362842,2.546585164964199e-11
12762,0,Active Minimal Buyers,1406.9758000000002,0.0,0.1636982986519342,10001.908133362867,10001.908133362842,2.546585164964199e-11
12761,0,Active Minimal Buyers,1406.9758000000002,0.0,0.1636982986519342,10001.908133362867,10001.908133362842,2.546585164964199e-11
16629,0,Active Minimal Buyers,1406.9758000000002,0.0,0.1636982986519342,10001.908133362867,10001.908133362842,2.546585164964199e-11
14978,0,Active Minimal Buyers,1406.9758000000002,0.0,0.1636982986519342,10001.908133362867,10001.908133362842,2.546585164964199e-11
13265,0,Active Minimal Buyers,1406.9758000000002,0.0,0.1636982986519342,10001.908133362867,10001.908133362842,2.546585164964199e-11
27636,0,Active Minimal Buyers,1406.9758000000002,0.0,0.1636982986519342,10001.908133362867,10001.908133362842,2.546585164964199e-11
27623,0,Active Minimal Buyers,1406.9758000000002,0.0,0.1636982986519342,10001.908133362867,10001.908133362842,2.546585164964199e-11
20985,0,Active Minimal Buyers,1406.9758000000002,0.0,0.1636982986519342,10001.908133362867,10001.908133362842,2.546585164964199e-11
16527,0,Active Minimal Buyers,1406.9758000000002,0.0,0.1636982986519342,10001.908133362867,10001.908133362842,2.546585164964199e-11
12904,0,Active Minimal Buyers,1406.9758000000002,0.0,0.1636982986519342,10001.908133362867,10001.908133362842,2.546585164964199e-11
20990,0,Active Minimal Buyers,1406.9758000000002,0.0,0.1636982986519342,10001.908133362867,10001.908133362842,2.546585164964199e-11
12452,0,Active Minimal Buyers,1406.9758000000002,0.0,0.1636982986519342,10001.908133362867,10001.908133362842,2.546585164964199e-11
24646,0,Active Minimal Buyers,1406.9758000000002,0.0,0.1636982986519342,10001.908133362867,10001.908133362842,2.546585164964199e-11
27625,0,Active Minimal Buyers,1406.9758000000002,0.0,0.1636982986519342,10001.908133362867,10001.908133362842,2.546585164964199e-11
16522,0,Active Minimal Buyers,1406.9758000000002,0.0,0.1636982986519342,10001.908133362867,10001.908133362842,2.546585164964199e-11
12418,0,Active Minimal Buyers,1406.9758000000002,0.0,0.1636982986519342,10001.908133362867,10001.908133362842,2.546585164964199e-11
16616,0,Active Minimal Buyers,1406.9758000000002,0.0,0.1636982986519342,10001.908133362867,10001.908133362842,2.546585164964199e-11
27604,0,Active Minimal Buyers,1406.9758000000002,0.0,0.1636982986519342,10001.908133362867,10001.908133362842,2.546585164964199e-11
16607,0,Active Minimal Buyers,1406.9758000000002,0.0,0.1636982986519342,10001.908133362867,10001.908133362842,2.546585164964199e-11
13261,0,Active Minimal Buyers,1406.9758000000002,0.0,0.1636982986519342,10001.908133362867,10001.908133362842,2.546585164964199e-11
16514,0,Active Minimal Buyers,1406.9758000000002,0.0,0.1636982986519342,10001.908133362867,10001.908133362842,2.546585164964199e-11
27671,0,Active Minimal Buyers,1406.9758000000002,0.0,0.1636982986519342,10001.908133362867,10001.908133362842,2.546585164964199e-11
13258,0,Active Minimal Buyers,1406.9758000000002,0.0,0.1636982986519342,10001.908133362867,10001.908133362842,2.546585164964199e-11
27666,0,Active Minimal Buyers,1406.9758000000002,0.0,0.1636982986519342,10001.908133362867,10001.908133362842,2.546585164964199e-11
16482,0,Active Minimal Buyers,1406.9758000000002,0.0,0.1636982986519342,10001.908133362867,10001.908133362842,2.546585164964199e-11
13563,0,Active Minimal Buyers,1406.9758000000002,0.0,0.1636982986519342,10001.908133362867,10001.908133362842,2.546585164964199e-11
13556,0,Active Minimal Buyers,1406.9758000000002,0.0,0.1636982986519342,10001.908133362867,10001.90813336284,2.7284841053187847e-11
12784,0,Active Minimal Buyers,1406.9758000000002,0.0,0.1636982986519342,10001.908133362867,10001.90813336284,2.7284841053187847e-11
20620,0,Active Minimal Buyers,1406.9758000000002,0.0,0.1636982986519342,10001.908133362867,10001.90813336284,2.7284841053187847e-11
15063,0,Active Minimal Buyers,1406.9758000000002,0.0,0.1636982986519342,10001.908133362867,10001.90813336284,2.7284841053187847e-11
27670,0,Active Minimal Buyers,1406.9758000000002,0.0,0.1636982986519342,10001.908133362867,10001.90813336284,2.7284841053187847e-11
13257,0,Active Minimal Buyers,1406.9758000000002,0.0,0.1636982986519342,10001.908133362867,10001.90813336284,2.7284841053187847e-11
12423,0,Active Minimal Buyers,1406.9758000000002,0.0,0.1636982986519342,10001.908133362867,10001.90813336284,2.7284841053187847e-11
27617,0,Active Minimal Buyers,1406.9758000000002,0.0,0.1636982986519342,10001.908133362867,10001.90813336284,2.7284841053187847e-11
20815,0,Active Minimal Buyers,1406.9758000000002,0.0,0.1636982986519342,10001.908133362867,10001.90813336284,2.7284841053187847e-11
24671,0,Active Minimal Buyers,1406.9758000000002,0.0,0.1636982986519342,10001.908133362867,10001.90813336284,2.7284841053187847e-11
16352,0,Active Minimal Buyers,1406.9758000000002,0.0,0.1636982986519342,10001.908133362867,10001.90813336284,2.7284841053187847e-11
16493,0,Active Minimal Buyers,1406.9758000000002,0.0,0.1636982986519342,10001.908133362867,10001.90813336284,2.7284841053187847e-11
27646,0,Active Minimal Buyers,1406.9758000000002,0.0,0.1636982986519342,10001.908133362867,10001.90813336284,2.7284841053187847e-11
20624,0,Active Minimal Buyers,1406.9758000000002,0.0,0.1636982986519342,10001.908133362867,10001.908133362838,2.9103830456733704e-11
16620,0,Active Minimal Buyers,1406.9758000000002,0.0,0.1636982986519342,10001.908133362867,10001.908133362838,2.9103830456733704e-11
16612,0,Active Minimal Buyers,1406.9758000000002,0.0,0.1636982986519342,10001.908133362867,10001.908133362838,2.9103830456733704e-11
20623,0,Active Minimal Buyers,1406.9758000000002,0.0,0.1636982986519342,10001.908133362867,10001.908133362838,2.9103830456733704e-11
27649,0,Active Minimal Buyers,1406.9758000000002,0.0,0.1636982986519342,10001.908133362867,10001.908133362838,2.9103830456733704e-11
21659,0,Active Minimal Buyers,1406.9758000000002,0.0,0.1636982986519342,10001.908133362867,10001.908133362838,2.9103830456733704e-11
16348,0,Active Minimal Buyers,1406.9758000000002,0.0,0.1636982986519342,10001.908133362867,10001.908133362838,2.9103830456733704e-11
12886,0,Active Minimal Buyers,1406.9758000000002,0.0,0.1636982986519342,10001.908133362867,10001.908133362838,2.9103830456733704e-11
11607,0,Active Minimal Buyers,1406.9758000000002,0.0,0.1636982986519342,10001.908133362867,10001.908133362838,2.9103830456733704e-11
12179,0,Active Minimal Buyers,1406.9758000000002,0.0,0.1636982986519342,10001.908133362867,10001.908133362838,2.9103830456733704e-11
11601,0,Active Minimal Buyers,1406.9758000000002,0.0,0.1636982986519342,10001.908133362867,10001.908133362838,2.9103830456733704e-11
12189,0,Active Minimal Buyers,1406.9758000000002,0.0,0.1636982986519342,10001.908133362867,10001.908133362838,2.9103830456733704e-11
12883,0,Active Minimal Buyers,1406.9758000000002,0.0,0.1636982986519342,10001.908133362867,10001.908133362838,2.9103830456733704e-11
12882,0,Active Minimal Buyers,1406.9758000000002,0.0,0.1636982986519342,10001.908133362867,10001.908133362838,2.9103830456733704e-11
27615,0,Active Minimal Buyers,1406.9758000000002,0.0,0.1636982986519342,10001.908133362867,10001.908133362838,2.9103830456733704e-11
27614,0,Active Minimal Buyers,1406.9758000000002,0.0,0.1636982986519342,10001.908133362867,10001.908133362838,2.9103830456733704e-11
13558,0,Active Minimal Buyers,1406.9758000000002,0.0,0.1636982986519342,10001.908133362867,10001.908133362838,2.9103830456733704e-11
11599,0,Active Minimal Buyers,1406.9758000000002,0.0,0.1636982986519342,10001.908133362867,10001.908133362838,2.9103830456733704e-11
11593,0,Active Minimal Buyers,1406.9758000000002,0.0,0.1636982986519342,10001.908133362867,10001.908133362838,2.9103830456733704e-11
12881,0,Active Minimal Buyers,1406.9758000000002,0.0,0.1636982986519342,10001.908133362867,10001.908133362838,2.9103830456733704e-11
16636,0,Active Minimal Buyers,1406.9758000000002,0.0,0.1636982986519342,10001.908133362867,10001.908133362838,2.9103830456733704e-11
27667,0,Active Minimal Buyers,1406.9758000000002,0.0,0.1636982986519342,10001.908133362867,10001.908133362838,2.9103830456733704e-11
15660,0,Active Minimal Buyers,1406.9758000000002,0.0,0.1636982986519342,10001.908133362867,10001.908133362838,2.9103830456733704e-11
12755,0,Active Minimal Buyers,1406.9758000000002,0.0,0.1636982986519342,10001.908133362867,10001.908133362838,2.9103830456733704e-11
24491,0,Active Minimal Buyers,1406.9758000000002,0.0,0.1636982986519342,10001.908133362867,10001.908133362838,2.9103830456733704e-11
12756,0,Active Minimal Buyers,1406.9758000000002,0.0,0.1636982986519342,10001.908133362867,10001.908133362838,2.9103830456733704e-11
27578,0,Active Minimal Buyers,1406.9758000000002,0.0,0.1636982986519342,10001.908133362867,10001.908133362838,2.9103830456733704e-11
24392,0,Active Minimal Buyers,1406.9758000000002,0.0,0.1636982986519342,10001.908133362867,10001.908133362838,2.9103830456733704e-11
12198,0,Active Minimal Buyers,1406.9758000000002,0.0,0.1636982986519342,10001.908133362867,10001.908133362838,2.9103830456733704e-11
20983,0,Active Minimal Buyers,1406.9758000000002,0.0,0.1636982986519342,10001.908133362867,10001.908133362838,2.9103830456733704e-11
12208,0,Active Minimal Buyers,1406.9758000000002,0.0,0.1636982986519342,10001.908133362867,10001.908133362838,2.9103830456733704e-11
12209,0,Active Minimal Buyers,1406.9758000000002,0.0,0.1636982986519342,10001.908133362867,10001.908133362838,2.9103830456733704e-11
12437,0,Active Minimal Buyers,1406.9758000000002,0.0,0.1636982986519342,10001.908133362867,10001.908133362838,2.9103830456733704e-11
20989,0,Active Minimal Buyers,1406.9758000000002,0.0,0.1636982986519342,10001.908133362867,10001.908133362838,2.9103830456733704e-11
24666,0,Active Minimal Buyers,1406.9758000000002,0.0,0.1636982986519342,10001.908133362867,10001.908133362838,2.9103830456733704e-11
16521,0,Active Minimal Buyers,1406.9758000000002,0.0,0.1636982986519342,10001.908133362867,10001.908133362838,2.9103830456733704e-11
16518,0,Active Minimal Buyers,1406.9758000000002,0.0,0.1636982986519342,10001.908133362867,10001.908133362838,2.9103830456733704e-11
16516,0,Active Minimal Buyers,1406.9758000000002,0.0,0.1636982986519342,10001.908133362867,10001.908133362838,2.9103830456733704e-11
16515,0,Active Minimal Buyers,1406.9758000000002,0.0,0.1636982986519342,10001.908133362867,10001.908133362838,2.9103830456733704e-11
16495,0,Active Minimal Buyers,1406.9758000000002,0.0,0.1636982986519342,10001.908133362867,10001.908133362838,2.9103830456733704e-11
24759,0,Active Minimal Buyers,1406.9758000000002,0.0,0.1636982986519342,10001.908133362867,10001.908133362838,2.9103830456733704e-11
16484,0,Active Minimal Buyers,1406.9758000000002,0.0,0.1636982986519342,10001.908133362867,10001.908133362838,2.9103830456733704e-11
24418,0,Active Minimal Buyers,1406.9758000000002,0.0,0.1636982986519342,10001.908133362867,10001.908133362838,2.9103830456733704e-11
16623,0,Active Minimal Buyers,1406.9758000000002,0.0,0.1636982986519342,10001.908133362867,10001.908133362838,2.9103830456733704e-11
20814,0,Active Minimal Buyers,1406.9758000000002,0.0,0.1636982986519342,10001.908133362867,10001.908133362838,2.9103830456733704e-11
12770,0,Active Minimal Buyers,1406.9758000000002,0.0,0.1636982986519342,10001.908133362867,10001.908133362838,2.9103830456733704e-11
12764,0,Active Minimal Buyers,1406.9758000000002,0.0,0.1636982986519342,10001.908133362867,10001.908133362838,2.9103830456733704e-11
16524,0,Active Minimal Buyers,1406.9758000000002,0.0,0.1636982986519342,10001.908133362867,10001.908133362838,2.9103830456733704e-11
16525,0,Active Minimal Buyers,1406.9758000000002,0.0,0.1636982986519342,10001.908133362867,10001.908133362838,2.9103830456733704e-11
16345,0,Active Minimal Buyers,1406.9758000000002,0.0,0.1636982986519342,10001.908133362867,10001.908133362838,2.9103830456733704e-11
16526,0,Active Minimal Buyers,1406.9758000000002,0.0,0.1636982986519342,10001.908133362867,10001.908133362838,2.9103830456733704e-11
13260,0,Active Minimal Buyers,1406.9758000000002,0.0,0.1636982986519342,10001.908133362867,10001.908133362838,2.9103830456733704e-11
12768,0,Active Minimal Buyers,1406.9758000000002,0.0,0.1636982986519342,10001.908133362867,10001.908133362838,2.9103830456733704e-11
20816,0,Active Minimal Buyers,1406.9758000000002,0.0,0.1636982986519342,10001.908133362867,10001.908133362838,2.9103830456733704e-11
20628,0,Active Minimal Buyers,1406.9758000000002,0.0,0.1636982986519342,10001.908133362867,10001.908133362838,2.9103830456733704e-11
20627,0,Active Minimal Buyers,1406.9758000000002,0.0,0.1636982986519342,10001.908133362867,10001.908133362838,2.9103830456733704e-11
28038,0,Active Minimal Buyers,1406.9758000000002,0.0,0.1636982986519342,10001.908133362867,10001.908133362836,3.092281986027956e-11
16696,0,Active Minimal Buyers,1406.9758000000002,0.0,0.1636982986519342,10001.908133362867,10001.908133362836,3.092281986027956e-11
16740,0,Active Minimal Buyers,1406.9758000000002,0.0,0.1636982986519342,10001.908133362867,10001.908133362836,3.092281986027956e-11
16639,0,Active Minimal Buyers,1406.9758000000002,0.0,0.1636982986519342,10001.908133362867,10001.908133362836,3.092281986027956e-11
15669,0,Active Minimal Buyers,1406.9758000000002,0.0,0.1636982986519342,10001.908133362867,10001.908133362836,3.092281986027956e-11
20626,0,Active Minimal Buyers,1406.9758000000002,0.0,0.1636982986519342,10001.908133362867,10001.908133362836,3.092281986027956e-11
16659,0,Active Minimal Buyers,1406.9758000000002,0.0,0.1636982986519342,10001.908133362867,10001.908133362836,3.092281986027956e-11
14979,0,Active Minimal Buyers,1406.9758000000002,0.0,0.1636982986519342,10001.908133362867,10001.908133362836,3.092281986027956e-11
16661,0,Active Minimal Buyers,1406.9758000000002,0.0,0.1636982986519342,10001.908133362867,10001.908133362836,3.092281986027956e-11
16741,0,Active Minimal Buyers,1406.9758000000002,0.0,0.1636982986519342,10001.908133362867,10001.908133362836,3.092281986027956e-11
16347,0,Active Minimal Buyers,1406.9758000000002,0.0,0.1636982986519342,10001.908133362867,10001.908133362836,3.092281986027956e-11
12709,0,Active Minimal Buyers,1406.9758000000002,0.0,0.1636982986519342,10001.908133362867,10001.908133362836,3.092281986027956e-11
20812,0,Active Minimal Buyers,1406.9758000000002,0.0,0.1636982986519342,10001.908133362867,10001.908133362836,3.092281986027956e-11
16743,0,Active Minimal Buyers,1406.9758000000002,0.0,0.1636982986519342,10001.908133362867,10001.908133362836,3.092281986027956e-11
12446,0,Active Minimal Buyers,1406.9758000000002,0.0,0.1636982986519342,10001.908133362867,10001.908133362836,3.092281986027956e-11
24431,0,Active Minimal Buyers,1406.9758000000002,0.0,0.1636982986519342,10001.908133362867,10001.908133362836,3.092281986027956e-11
12438,0,Active Minimal Buyers,1406.9758000000002,0.0,0.1636982986519342,10001.908133362867,10001.908133362836,3.092281986027956e-11
14969,0,Active Minimal Buyers,1406.9758000000002,0.0,0.1636982986519342,10001.908133362867,10001.908133362836,3.092281986027956e-11
28066,0,Active Minimal Buyers,1406.9758000000002,0.0,0.1636982986519342,10001.908133362867,10001.908133362836,3.092281986027956e-11
28065,0,Active Minimal Buyers,1406.9758000000002,0.0,0.1636982986519342,10001.908133362867,10001.908133362836,3.092281986027956e-11
12915,0,Active Minimal Buyers,1406.9758000000002,0.0,0.1636982986519342,10001.908133362867,10001.908133362836,3.092281986027956e-11
12771,0,Active Minimal Buyers,1406.9758000000002,0.0,0.1636982986519342,10001.908133362867,10001.908133362836,3.092281986027956e-11
11611,0,Active Minimal Buyers,1406.9758000000002,0.0,0.1636982986519342,10001.908133362867,10001.908133362836,3.092281986027956e-11
16712,0,Active Minimal Buyers,1406.9758000000002,0.0,0.1636982986519342,10001.908133362867,10001.908133362836,3.092281986027956e-11
12190,0,Active Minimal Buyers,1406.9758000000002,0.0,0.1636982986519342,10001.908133362867,10001.908133362836,3.092281986027956e-11
12898,0,Active Minimal Buyers,1406.9758000000002,0.0,0.1636982986519342,10001.908133362867,10001.908133362836,3.092281986027956e-11
27611,0,Active Minimal Buyers,1406.9758000000002,0.0,0.1636982986519342,10001.908133362867,10001.908133362836,3.092281986027956e-11
27605,0,Active Minimal Buyers,1406.9758000000002,0.0,0.1636982986519342,10001.908133362867,10001.908133362836,3.092281986027956e-11
27641,0,Active Minimal Buyers,1406.9758000000002,0.0,0.1636982986519342,10001.908133362867,10001.908133362836,3.092281986027956e-11
17051,0,Active Minimal Buyers,1406.9758000000002,0.0,0.1636982986519342,10001.908133362867,10001.908133362836,3.092281986027956e-11
12885,0,Active Minimal Buyers,1406.9758000000002,0.0,0.1636982986519342,10001.908133362867,10001.908133362836,3.092281986027956e-11
13546,0,Active Minimal Buyers,1406.9758000000002,0.0,0.1636982986519342,10001.908133362867,10001.908133362836,3.092281986027956e-11
28014,0,Active Minimal Buyers,1406.9758000000002,0.0,0.1636982986519342,10001.908133362867,10001.908133362836,3.092281986027956e-11
13548,0,Active Minimal Buyers,1406.9758000000002,0.0,0.1636982986519342,10001.908133362867,10001.908133362836,3.092281986027956e-11
28018,0,Active Minimal Buyers,1406.9758000000002,0.0,0.1636982986519342,10001.908133362867,10001.908133362836,3.092281986027956e-11
22041,0,Active Minimal Buyers,1406.9758000000002,0.0,0.1636982986519342,10001.908133362867,10001.908133362836,3.092281986027956e-11
13583,0,Active Minimal Buyers,1406.9758000000002,0.0,0.1636982986519342,10001.908133362867,10001.908133362836,3.092281986027956e-11
13584,0,Active Minimal Buyers,1406.9758000000002,0.0,0.1636982986519342,10001.908133362867,10001.908133362836,3.092281986027956e-11
13600,0,Active Minimal Buyers,1406.9758000000002,0.0,0.1636982986519342,10001.908133362867,10001.908133362836,3.092281986027956e-11
12180,0,Active Minimal Buyers,1406.9758000000002,0.0,0.1636982986519342,10001.908133362867,10001.908133362836,3.092281986027956e-11
21727,0,Active Minimal Buyers,1406.9758000000002,0.0,0.1636982986519342,10001.908133362867,10001.908133362836,3.092281986027956e-11
21710,0,Active Minimal Buyers,1406.9758000000002,0.0,0.1636982986519342,10001.908133362867,10001.908133362836,3.092281986027956e-11
27673,0,Active Minimal Buyers,1406.9758000000002,0.0,0.1636982986519342,10001.908133362867,10001.908133362836,3.092281986027956e-11
16630,0,Active Minimal Buyers,1406.9758000000002,0.0,0.1636982986519342,10001.908133362867,10001.908133362836,3.092281986027956e-11
13406,0,Active Minimal Buyers,1406.9758000000002,0.0,0.1636982986519342,10001.908133362867,10001.908133362836,3.092281986027956e-11
16686,0,Active Minimal Buyers,1406.9758000000002,0.0,0.1636982986519342,10001.908133362867,10001.908133362836,3.092281986027956e-11
17047,0,Active Minimal Buyers,1406.9758000000002,0.0,0.1636982986519342,10001.908133362867,10001.908133362836,3.092281986027956e-11
16675,0,Active Minimal Buyers,1406.9758000000002,0.0,0.1636982986519342,10001.908133362867,10001.908133362836,3.092281986027956e-11
27726,0,Active Minimal Buyers,1406.9758000000002,0.0,0.1636982986519342,10001.908133362867,10001.908133362836,3.092281986027956e-11
20821,0,Active Minimal Buyers,1406.9758000000002,0.0,0.1636982986519342,10001.908133362867,10001.908133362836,3.092281986027956e-11
20820,0,Active Minimal Buyers,1406.9758000000002,0.0,0.1636982986519342,10001.908133362867,10001.908133362835,3.2741809263825417e-11
12362,0,Active Minimal Buyers,1406.9758000000002,0.0,0.1636982986519342,10001.908133362867,10001.908133362835,3.2741809263825417e-11
12440,0,Active Minimal Buyers,1406.9758000000002,0.0,0.1636982986519342,10001.908133362867,10001.908133362835,3.2741809263825417e-11
16519,0,Active Minimal Buyers,1406.9758000000002,0.0,0.1636982986519342,10001.908133362867,10001.908133362835,3.2741809263825417e-11
16496,0,Active Minimal Buyers,1406.9758000000002,0.0,0.1636982986519342,10001.908133362867,10001.908133362835,3.2741809263825417e-11
13537,0,Active Minimal Buyers,1406.9758000000002,0.0,0.1636982986519342,10001.908133362867,10001.908133362835,3.2741809263825417e-11
16494,0,Active Minimal Buyers,1406.9758000000002,0.0,0.1636982986519342,10001.908133362867,10001.908133362835,3.2741809263825417e-11
16745,0,Active Minimal Buyers,1406.9758000000002,0.0,0.1636982986519342,10001.908133362867,10001.908133362835,3.2741809263825417e-11
13602,0,Active Minimal Buyers,1406.9758000000002,0.0,0.1636982986519342,10001.908133362867,10001.908133362835,3.2741809263825417e-11
12435,0,Active Minimal Buyers,1406.9758000000002,0.0,0.1636982986519342,10001.908133362867,10001.908133362835,3.2741809263825417e-11
20987,0,Active Minimal Buyers,1406.9758000000002,0.0,0.1636982986519342,10001.908133362867,10001.908133362835,3.2741809263825417e-11
13564,0,Active Minimal Buyers,1406.9758000000002,0.0,0.1636982986519342,10001.908133362867,10001.908133362835,3.2741809263825417e-11
20621,0,Active Minimal Buyers,1406.9758000000002,0.0,0.1636982986519342,10001.908133362867,10001.908133362835,3.2741809263825417e-11
12174,0,Active Minimal Buyers,1406.9758000000002,0.0,0.1636982986519342,10001.908133362867,10001.908133362835,3.2741809263825417e-11
12103,0,Active Minimal Buyers,1406.9758000000002,0.0,0.1636982986519342,10001.908133362867,10001.908133362835,3.2741809263825417e-11
20616,0,Active Minimal Buyers,1406.9758000000002,0.0,0.1636982986519342,10001.908133362867,10001.908133362835,3.2741809263825417e-11
15662,0,Active Minimal Buyers,1406.9758000000002,0.0,0.1636982986519342,10001.908133362867,10001.908133362835,3.2741809263825417e-11
15661,0,Active Minimal Buyers,1406.9758000000002,0.0,0.1636982986519342,10001.908133362867,10001.908133362835,3.2741809263825417e-11
13585,0,Active Minimal Buyers,1406.9758000000002,0.0,0.1636982986519342,10001.908133362867,10001.908133362835,3.2741809263825417e-11
12153,0,Active Minimal Buyers,1406.9758000000002,0.0,0.1636982986519342,10001.908133362867,10001.908133362835,3.2741809263825417e-11
12112,0,Active Minimal Buyers,1406.9758000000002,0.0,0.1636982986519342,10001.908133362867,10001.908133362835,3.2741809263825417e-11
15073,0,Active Minimal Buyers,1406.9758000000002,0.0,0.1636982986519342,10001.908133362867,10001.908133362835,3.2741809263825417e-11
24493,0,Active Minimal Buyers,1406.9758000000002,0.0,0.1636982986519342,10001.908133362867,10001.908133362835,3.2741809263825417e-11
20993,0,Active Minimal Buyers,1406.9758000000002,0.0,0.1636982986519342,10001.908133362867,10001.908133362835,3.2741809263825417e-11
24496,0,Active Minimal Buyers,1406.9758000000002,0.0,0.1636982986519342,10001.908133362867,10001.908133362835,3.2741809263825417e-11
20817,0,Active Minimal Buyers,1406.9758000000002,0.0,0.1636982986519342,10001.908133362867,10001.908133362835,3.2741809263825417e-11
20629,0,Active Minimal Buyers,1406.9758000000002,0.0,0.1636982986519342,10001.908133362867,10001.908133362835,3.2741809263825417e-11
20994,0,Active Minimal Buyers,1406.9758000000002,0.0,0.1636982986519342,10001.908133362867,10001.908133362835,3.2741809263825417e-11
15692,0,Active Minimal Buyers,1406.9758000000002,0.0,0.1636982986519342,10001.908133362867,10001.908133362835,3.2741809263825417e-11
20992,0,Active Minimal Buyers,1406.9758000000002,0.0,0.1636982986519342,10001.908133362867,10001.908133362835,3.2741809263825417e-11
20991,0,Active Minimal Buyers,1406.9758000000002,0.0,0.1636982986519342,10001.908133362867,10001.908133362835,3.2741809263825417e-11
20819,0,Active Minimal Buyers,1406.9758000000002,0.0,0.1636982986519342,10001.908133362867,10001.908133362835,3.2741809263825417e-11
12442,0,Active Minimal Buyers,1406.9758000000002,0.0,0.1636982986519342,10001.908133362867,10001.908133362835,3.2741809263825417e-11
12142,0,Active Minimal Buyers,1406.9758000000002,0.0,0.1636982986519342,10001.908133362867,10001.908133362835,3.2741809263825417e-11
20984,0,Active Minimal Buyers,1406.9758000000002,0.0,0.1636982986519342,10001.908133362867,10001.908133362835,3.2741809263825417e-11
20996,0,Active Minimal Buyers,1406.9758000000002,0.0,0.1636982986519342,10001.908133362867,10001.908133362835,3.2741809263825417e-11
12841,0,Active Minimal Buyers,1406.9758000000002,0.0,0.1636982986519342,10001.908133362867,10001.908133362835,3.2741809263825417e-11
13259,0,Active Minimal Buyers,1406.9758000000002,0.0,0.1636982986519342,10001.908133362867,10001.908133362835,3.2741809263825417e-11
16523,0,Active Minimal Buyers,1406.9758000000002,0.0,0.1636982986519342,10001.908133362867,10001.908133362835,3.2741809263825417e-11
12441,0,Active Minimal Buyers,1406.9758000000002,0.0,0.1636982986519342,10001.908133362867,10001.908133362835,3.2741809263825417e-11
12772,0,Active Minimal Buyers,1406.9758000000002,0.0,0.1636982986519342,10001.908133362867,10001.908133362835,3.2741809263825417e-11
16350,0,Active Minimal Buyers,1406.9758000000002,0.0,0.1636982986519342,10001.908133362867,10001.908133362835,3.2741809263825417e-11
12777,0,Active Minimal Buyers,1406.9758000000002,0.0,0.1636982986519342,10001.908133362867,10001.908133362835,3.2741809263825417e-11
13511,0,Active Minimal Buyers,1406.9758000000002,0.0,0.1636982986519342,10001.908133362867,10001.908133362835,3.2741809263825417e-11
28076,0,Active Minimal Buyers,1406.9758000000002,0.0,0.1636982986519342,10001.908133362867,10001.908133362835,3.2741809263825417e-11
12901,0,Active Minimal Buyers,1406.9758000000002,0.0,0.1636982986519342,10001.908133362867,10001.908133362835,3.2741809263825417e-11
12164,0,Active Minimal Buyers,1406.9758000000002,0.0,0.1636982986519342,10001.908133362867,10001.908133362835,3.2741809263825417e-11
14997,0,Active Minimal Buyers,1406.9758000000002,0.0,0.1636982986519342,10001.908133362867,10001.908133362835,3.2741809263825417e-11
12083,0,Active Minimal Buyers,1406.9758000000002,0.0,0.1636982986519342,10001.908133362867,10001.908133362835,3.2741809263825417e-11
12884,0,Active Minimal Buyers,1406.9758000000002,0.0,0.1636982986519342,10001.908133362867,10001.908133362835,3.2741809263825417e-11
28040,0,Active Minimal Buyers,1406.9758000000002,0.0,0.1636982986519342,10001.908133362867,10001.908133362835,3.2741809263825417e-11
27669,0,Active Minimal Buyers,1406.9758000000002,0.0,0.1636982986519342,10001.908133362867,10001.908133362835,3.2741809263825417e-11
27662,0,Active Minimal Buyers,1406.9758000000002,0.0,0.1636982986519342,10001.908133362867,10001.908133362835,3.2741809263825417e-11
12817,0,Active Minimal Buyers,1406.9758000000002,0.0,0.1636982986519342,10001.908133362867,10001.908133362835,3.2741809263825417e-11
20609,0,Active Minimal Buyers,1406.9758000000002,0.0,0.1636982986519342,10001.908133362867,10001.908133362835,3.2741809263825417e-11
20427,0,Active Minimal Buyers,1406.9758000000002,0.0,0.1636982986519342,10001.908133362867,10001.908133362835,3.2741809263825417e-11
16685,0,Active Minimal Buyers,1406.9758000000002,0.0,0.1636982986519342,10001.908133362867,10001.908133362835,3.2741809263825417e-11
14990,0,Active Minimal Buyers,1406.9758000000002,0.0,0.1636982986519342,10001.908133362867,10001.908133362835,3.2741809263825417e-11
16657,0,Active Minimal Buyers,1406.9758000000002,0.0,0.1636982986519342,10001.908133362867,10001.908133362835,3.2741809263825417e-11
16658,0,Active Minimal Buyers,1406.9758000000002,0.0,0.1636982986519342,10001.908133362867,10001.908133362835,3.2741809263825417e-11
16684,0,Active Minimal Buyers,1406.9758000000002,0.0,0.1636982986519342,10001.908133362867,10001.908133362835,3.2741809263825417e-11
27663,0,Active Minimal Buyers,1406.9758000000002,0.0,0.1636982986519342,10001.908133362867,10001.908133362835,3.2741809263825417e-11
28071,0,Active Minimal Buyers,1406.9758000000002,0.0,0.1636982986519342,10001.908133362867,10001.908133362835,3.2741809263825417e-11
20988,0,Active Minimal Buyers,1406.9758000000002,0.0,0.1636982986519342,10001.908133362867,10001.908133362835,3.2741809263825417e-11
28068,0,Active Minimal Buyers,1406.9758000000002,0.0,0.1636982986519342,10001.908133362867,10001.908133362835,3.2741809263825417e-11
28031,0,Active Minimal Buyers,1406.9758000000002,0.0,0.1636982986519342,10001.908133362867,10001.908133362835,3.2741809263825417e-11
15054,0,Active Minimal Buyers,1406.9758000000002,0.0,0.1636982986519342,10001.908133362867,10001.908133362835,3.2741809263825417e-11
15055,0,Active Minimal Buyers,1406.9758000000002,0.0,0.1636982986519342,10001.908133362867,10001.908133362835,3.2741809263825417e-11
12779,0,Active Minimal Buyers,1406.9758000000002,0.0,0.1636982986519342,10001.908133362867,10001.908133362835,3.2741809263825417e-11
12078,0,Active Minimal Buyers,1406.9758000000002,0.0,0.1636982986519342,10001.908133362867,10001.908133362835,3.2741809263825417e-11
13661,0,Active Minimal Buyers,1406.9758000000002,0.0,0.1636982986519342,10001.908133362867,10001.908133362835,3.2741809263825417e-11
15695,0,Active Minimal Buyers,1406.9758000000002,0.0,0.1636982986519342,10001.908133362867,10001.908133362835,3.2741809263825417e-11
28067,0,Active Minimal Buyers,1406.9758000000002,0.0,0.1636982986519342,10001.908133362867,10001.908133362835,3.2741809263825417e-11
12181,0,Active Minimal Buyers,1406.9758000000002,0.0,0.1636982986519342,10001.908133362867,10001.908133362835,3.2741809263825417e-11
16528,0,Active Minimal Buyers,1406.9758000000002,0.0,0.1636982986519342,10001.908133362867,10001.908133362835,3.2741809263825417e-11
16349,0,Active Minimal Buyers,1406.9758000000002,0.0,0.1636982986519342,10001.908133362867,10001.908133362835,3.2741809263825417e-11
21741,0,Active Minimal Buyers,1406.9758000000002,0.0,0.1636982986519342,10001.908133362867,10001.908133362835,3.2741809263825417e-11
14952,0,Active Minimal Buyers,1406.9758000000002,0.0,0.1636982986519342,10001.908133362867,10001.908133362835,3.2741809263825417e-11
27651,0,Active Minimal Buyers,1406.9758000000002,0.0,0.1636982986519342,10001.908133362867,10001.908133362835,3.2741809263825417e-11
17308,0,Active Minimal Buyers,1406.9758000000002,0.0,0.1636982986519342,10001.908133362867,10001.908133362833,3.456079866737127e-11
17050,0,Active Minimal Buyers,1406.9758000000002,0.0,0.1636982986519342,10001.908133362867,10001.908133362833,3.456079866737127e-11
22008,0,Active Minimal Buyers,1406.9758000000002,0.0,0.1636982986519342,10001.908133362867,10001.908133362833,3.456079866737127e-11
21939,0,Active Minimal Buyers,1406.9758000000002,0.0,0.1636982986519342,10001.908133362867,10001.908133362833,3.456079866737127e-11
13772,0,Active Minimal Buyers,1406.9758000000002,0.0,0.1636982986519342,10001.908133362867,10001.908133362833,3.456079866737127e-11
17049,0,Active Minimal Buyers,1406.9758000000002,0.0,0.1636982986519342,10001.908133362867,10001.908133362833,3.456079866737127e-11
21813,0,Active Minimal Buyers,1406.9758000000002,0.0,0.1636982986519342,10001.908133362867,10001.908133362833,3.456079866737127e-11
12058,0,Active Minimal Buyers,1406.9758000000002,0.0,0.1636982986519342,10001.908133362867,10001.908133362833,3.456079866737127e-11
17315,0,Active Minimal Buyers,1406.9758000000002,0.0,0.1636982986519342,10001.908133362867,10001.908133362833,3.456079866737127e-11
22058,0,Active Minimal Buyers,1406.9758000000002,0.0,0.1636982986519342,10001.908133362867,10001.908133362833,3.456079866737127e-11
17310,0,Active Minimal Buyers,1406.9758000000002,0.0,0.1636982986519342,10001.908133362867,10001.908133362833,3.456079866737127e-11
17309,0,Active Minimal Buyers,1406.9758000000002,0.0,0.1636982986519342,10001.908133362867,10001.908133362833,3.456079866737127e-11
21921,0,Active Minimal Buyers,1406.9758000000002,0.0,0.1636982986519342,10001.908133362867,10001.908133362833,3.456079866737127e-11
22050,0,Active Minimal Buyers,1406.9758000000002,0.0,0.1636982986519342,10001.908133362867,10001.908133362833,3.456079866737127e-11
16663,0,Active Minimal Buyers,1406.9758000000002,0.0,0.1636982986519342,10001.908133362867,10001.908133362833,3.456079866737127e-11
12849,0,Active Minimal Buyers,1406.9758000000002,0.0,0.1636982986519342,10001.908133362867,10001.908133362833,3.456079866737127e-11
28186,0,Active Minimal Buyers,1406.9758000000002,0.0,0.1636982986519342,10001.908133362867,10001.908133362833,3.456079866737127e-11
28193,0,Active Minimal Buyers,1406.9758000000002,0.0,0.1636982986519342,10001.908133362867,10001.908133362833,3.456079866737127e-11
12016,0,Active Minimal Buyers,1406.9758000000002,0.0,0.1636982986519342,10001.908133362867,10001.908133362833,3.456079866737127e-11
12059,0,Active Minimal Buyers,1406.9758000000002,0.0,0.1636982986519342,10001.908133362867,10001.908133362833,3.456079866737127e-11
12075,0,Active Minimal Buyers,1406.9758000000002,0.0,0.1636982986519342,10001.908133362867,10001.908133362833,3.456079866737127e-11
14951,0,Active Minimal Buyers,1406.9758000000002,0.0,0.1636982986519342,10001.908133362867,10001.908133362833,3.456079866737127e-11
12071,0,Active Minimal Buyers,1406.9758000000002,0.0,0.1636982986519342,10001.908133362867,10001.908133362833,3.456079866737127e-11
20418,0,Active Minimal Buyers,1406.9758000000002,0.0,0.1636982986519342,10001.908133362867,10001.908133362833,3.456079866737127e-11
12170,0,Active Minimal Buyers,1406.9758000000002,0.0,0.1636982986519342,10001.908133362867,10001.908133362833,3.456079866737127e-11
27678,0,Active Minimal Buyers,1406.9758000000002,0.0,0.1636982986519342,10001.908133362867,10001.908133362833,3.456079866737127e-11
12026,0,Active Minimal Buyers,1406.9758000000002,0.0,0.1636982986519342,10001.908133362867,10001.908133362833,3.456079866737127e-11
20452,0,Active Minimal Buyers,1406.9758000000002,0.0,0.1636982986519342,10001.908133362867,10001.908133362833,3.456079866737127e-11
12033,0,Active Minimal Buyers,1406.9758000000002,0.0,0.1636982986519342,10001.908133362867,10001.908133362833,3.456079866737127e-11
20258,0,Active Minimal Buyers,1406.9758000000002,0.0,0.1636982986519342,10001.908133362867,10001.908133362833,3.456079866737127e-11
20264,0,Active Minimal Buyers,1406.9758000000002,0.0,0.1636982986519342,10001.908133362867,10001.908133362833,3.456079866737127e-11
27681,0,Active Minimal Buyers,1406.9758000000002,0.0,0.1636982986519342,10001.908133362867,10001.908133362833,3.456079866737127e-11
14967,0,Active Minimal Buyers,1406.9758000000002,0.0,0.1636982986519342,10001.908133362867,10001.908133362833,3.456079866737127e-11
28185,0,Active Minimal Buyers,1406.9758000000002,0.0,0.1636982986519342,10001.908133362867,10001.908133362833,3.456079866737127e-11
12843,0,Active Minimal Buyers,1406.9758000000002,0.0,0.1636982986519342,10001.908133362867,10001.908133362833,3.456079866737127e-11
12025,0,Active Minimal Buyers,1406.9758000000002,0.0,0.1636982986519342,10001.908133362867,10001.908133362833,3.456079866737127e-11
15652,0,Active Minimal Buyers,1406.9758000000002,0.0,0.1636982986519342,10001.908133362867,10001.908133362833,3.456079866737127e-11
12834,0,Active Minimal Buyers,1406.9758000000002,0.0,0.1636982986519342,10001.908133362867,10001.908133362833,3.456079866737127e-11
24309,0,Active Minimal Buyers,1406.9758000000002,0.0,0.1636982986519342,10001.908133362867,10001.908133362833,3.456079866737127e-11
13792,0,Active Minimal Buyers,1406.9758000000002,0.0,0.1636982986519342,10001.908133362867,10001.908133362833,3.456079866737127e-11
11934,0,Active Minimal Buyers,1406.9758000000002,0.0,0.1636982986519342,10001.908133362867,10001.908133362833,3.456079866737127e-11
15638,0,Active Minimal Buyers,1406.9758000000002,0.0,0.1636982986519342,10001.908133362867,10001.908133362833,3.456079866737127e-11
12830,0,Active Minimal Buyers,1406.9758000000002,0.0,0.1636982986519342,10001.908133362867,10001.908133362833,3.456079866737127e-11
23867,0,Active Minimal Buyers,1406.9758000000002,0.0,0.1636982986519342,10001.908133362867,10001.908133362833,3.456079866737127e-11
12820,0,Active Minimal Buyers,1406.9758000000002,0.0,0.1636982986519342,10001.908133362867,10001.908133362833,3.456079866737127e-11
12819,0,Active Minimal Buyers,1406.9758000000002,0.0,0.1636982986519342,10001.908133362867,10001.908133362833,3.456079866737127e-11
13263,0,Active Minimal Buyers,1406.9758000000002,0.0,0.1636982986519342,10001.908133362867,10001.908133362833,3.456079866737127e-11
28182,0,Active Minimal Buyers,1406.9758000000002,0.0,0.1636982986519342,10001.908133362867,10001.908133362833,3.456079866737127e-11
14940,0,Active Minimal Buyers,1406.9758000000002,0.0,0.1636982986519342,10001.908133362867,10001.908133362833,3.456079866737127e-11
14939,0,Active Minimal Buyers,1406.9758000000002,0.0,0.1636982986519342,10001.908133362867,10001.908133362833,3.456079866737127e-11
17048,0,Active Minimal Buyers,1406.9758000000002,0.0,0.1636982986519342,10001.908133362867,10001.908133362833,3.456079866737127e-11
17320,0,Active Minimal Buyers,1406.9758000000002,0.0,0.1636982986519342,10001.908133362867,10001.908133362833,3.456079866737127e-11
17328,0,Active Minimal Buyers,1406.9758000000002,0.0,0.1636982986519342,10001.908133362867,10001.908133362833,3.456079866737127e-11
16664,0,Active Minimal Buyers,1406.9758000000002,0.0,0.1636982986519342,10001.908133362867,10001.908133362833,3.456079866737127e-11
20615,0,Active Minimal Buyers,1406.9758000000002,0.0,0.1636982986519342,10001.908133362867,10001.908133362833,3.456079866737127e-11
28063,0,Active Minimal Buyers,1406.9758000000002,0.0,0.1636982986519342,10001.908133362867,10001.908133362833,3.456079866737127e-11
28062,0,Active Minimal Buyers,1406.9758000000002,0.0,0.1636982986519342,10001.908133362867,10001.908133362833,3.456079866737127e-11
28039,0,Active Minimal Buyers,1406.9758000000002,0.0,0.1636982986519342,10001.908133362867,10001.908133362833,3.456079866737127e-11
28083,0,Active Minimal Buyers,1406.9758000000002,0.0,0.1636982986519342,10001.908133362867,10001.908133362833,3.456079866737127e-11
28088,0,Active Minimal Buyers,1406.9758000000002,0.0,0.1636982986519342,10001.908133362867,10001.908133362833,3.456079866737127e-11
28061,0,Active Minimal Buyers,1406.9758000000002,0.0,0.1636982986519342,10001.908133362867,10001.908133362833,3.456079866737127e-11
13515,0,Active Minimal Buyers,1406.9758000000002,0.0,0.1636982986519342,10001.908133362867,10001.908133362833,3.456079866737127e-11
28047,0,Active Minimal Buyers,1406.9758000000002,0.0,0.1636982986519342,10001.908133362867,10001.908133362833,3.456079866737127e-11
28044,0,Active Minimal Buyers,1406.9758000000002,0.0,0.1636982986519342,10001.908133362867,10001.908133362833,3.456079866737127e-11
28042,0,Active Minimal Buyers,1406.9758000000002,0.0,0.1636982986519342,10001.908133362867,10001.908133362833,3.456079866737127e-11
28168,0,Active Minimal Buyers,1406.9758000000002,0.0,0.1636982986519342,10001.908133362867,10001.908133362833,3.456079866737127e-11
20612,0,Active Minimal Buyers,1406.9758000000002,0.0,0.1636982986519342,10001.908133362867,10001.908133362833,3.456079866737127e-11
20613,0,Active Minimal Buyers,1406.9758000000002,0.0,0.1636982986519342,10001.908133362867,10001.908133362833,3.456079866737127e-11
17242,0,Active Minimal Buyers,1406.9758000000002,0.0,0.1636982986519342,10001.908133362867,10001.908133362833,3.456079866737127e-11
13543,0,Active Minimal Buyers,1406.9758000000002,0.0,0.1636982986519342,10001.908133362867,10001.908133362833,3.456079866737127e-11
12172,0,Active Minimal Buyers,1406.9758000000002,0.0,0.1636982986519342,10001.908133362867,10001.908133362833,3.456079866737127e-11
16744,0,Active Minimal Buyers,1406.9758000000002,0.0,0.1636982986519342,10001.908133362867,10001.908133362833,3.456079866737127e-11
20448,0,Active Minimal Buyers,1406.9758000000002,0.0,0.1636982986519342,10001.908133362867,10001.908133362833,3.456079866737127e-11
20450,0,Active Minimal Buyers,1406.9758000000002,0.0,0.1636982986519342,10001.908133362867,10001.908133362833,3.456079866737127e-11
20451,0,Active Minimal Buyers,1406.9758000000002,0.0,0.1636982986519342,10001.908133362867,10001.908133362833,3.456079866737127e-11
28172,0,Active Minimal Buyers,1406.9758000000002,0.0,0.1636982986519342,10001.908133362867,10001.908133362833,3.456079866737127e-11
16742,0,Active Minimal Buyers,1406.9758000000002,0.0,0.1636982986519342,10001.908133362867,10001.908133362833,3.456079866737127e-11
28156,0,Active Minimal Buyers,1406.9758000000002,0.0,0.1636982986519342,10001.908133362867,10001.908133362833,3.456079866737127e-11
16713,0,Active Minimal Buyers,1406.9758000000002,0.0,0.1636982986519342,10001.908133362867,10001.908133362833,3.456079866737127e-11
16708,0,Active Minimal Buyers,1406.9758000000002,0.0,0.1636982986519342,10001.908133362867,10001.908133362833,3.456079866737127e-11
16707,0,Active Minimal Buyers,1406.9758000000002,0.0,0.1636982986519342,10001.908133362867,10001.908133362833,3.456079866737127e-11
23868,0,Active Minimal Buyers,1406.9758000000002,0.0,0.1636982986519342,10001.908133362867,10001.908133362833,3.456079866737127e-11
28131,0,Active Minimal Buyers,1406.9758000000002,0.0,0.1636982986519342,10001.908133362867,10001.908133362833,3.456079866737127e-11
28064,0,Active Minimal Buyers,1406.9758000000002,0.0,0.1636982986519342,10001.908133362867,10001.908133362833,3.456079866737127e-11
28030,0,Active Minimal Buyers,1406.9758000000002,0.0,0.1636982986519342,10001.908133362867,10001.908133362833,3.456079866737127e-11
28022,0,Active Minimal Buyers,1406.9758000000002,0.0,0.1636982986519342,10001.908133362867,10001.908133362833,3.456079866737127e-11
28070,0,Active Minimal Buyers,1406.9758000000002,0.0,0.1636982986519342,10001.908133362867,10001.908133362833,3.456079866737127e-11
13538,0,Active Minimal Buyers,1406.9758000000002,0.0,0.1636982986519342,10001.908133362867,10001.908133362833,3.456079866737127e-11
16660,0,Active Minimal Buyers,1406.9758000000002,0.0,0.1636982986519342,10001.908133362867,10001.908133362833,3.456079866737127e-11
12108,0,Active Minimal Buyers,1406.9758000000002,0.0,0.1636982986519342,10001.908133362867,10001.908133362833,3.456079866737127e-11
16656,0,Active Minimal Buyers,1406.9758000000002,0.0,0.1636982986519342,10001.908133362867,10001.908133362833,3.456079866737127e-11
12110,0,Active Minimal Buyers,1406.9758000000002,0.0,0.1636982986519342,10001.908133362867,10001.908133362833,3.456079866737127e-11
12116,0,Active Minimal Buyers,1406.9758000000002,0.0,0.1636982986519342,10001.908133362867,10001.908133362833,3.456079866737127e-11
16638,0,Active Minimal Buyers,1406.9758000000002,0.0,0.1636982986519342,10001.908133362867,10001.908133362833,3.456079866737127e-11
13504,0,Active Minimal Buyers,1406.9758000000002,0.0,0.1636982986519342,10001.908133362867,10001.908133362833,3.456079866737127e-11
16637,0,Active Minimal Buyers,1406.9758000000002,0.0,0.1636982986519342,10001.908133362867,10001.908133362833,3.456079866737127e-11
16691,0,Active Minimal Buyers,1406.9758000000002,0.0,0.1636982986519342,10001.908133362867,10001.908133362833,3.456079866737127e-11
12096,0,Active Minimal Buyers,1406.9758000000002,0.0,0.1636982986519342,10001.908133362867,10001.908133362833,3.456079866737127e-11
16703,0,Active Minimal Buyers,1406.9758000000002,0.0,0.1636982986519342,10001.908133362867,10001.908133362833,3.456079866737127e-11
27919,0,Active Minimal Buyers,1406.9758000000002,0.0,0.1636982986519342,10001.908133362867,10001.908133362833,3.456079866737127e-11
27918,0,Active Minimal Buyers,1406.9758000000002,0.0,0.1636982986519342,10001.908133362867,10001.908133362833,3.456079866737127e-11
16701,0,Active Minimal Buyers,1406.9758000000002,0.0,0.1636982986519342,10001.908133362867,10001.908133362833,3.456079866737127e-11
27917,0,Active Minimal Buyers,1406.9758000000002,0.0,0.1636982986519342,10001.908133362867,10001.908133362833,3.456079866737127e-11
27920,0,Active Minimal Buyers,1406.9758000000002,0.0,0.1636982986519342,10001.908133362867,10001.908133362833,3.456079866737127e-11
12121,0,Active Minimal Buyers,1406.9758000000002,0.0,0.1636982986519342,10001.908133362867,10001.908133362833,3.456079866737127e-11
28078,0,Active Minimal Buyers,1406.9758000000002,0.0,0.1636982986519342,10001.908133362867,10001.908133362833,3.456079866737127e-11
13514,0,Active Minimal Buyers,1406.9758000000002,0.0,0.1636982986519342,10001.908133362867,10001.908133362833,3.456079866737127e-11
13559,0,Active Minimal Buyers,1406.9758000000002,0.0,0.1636982986519342,10001.908133362867,10001.908133362833,3.456079866737127e-11
12082,0,Active Minimal Buyers,1406.9758000000002,0.0,0.1636982986519342,10001.908133362867,10001.908133362833,3.456079866737127e-11
28017,0,Active Minimal Buyers,1406.9758000000002,0.0,0.1636982986519342,10001.908133362867,10001.908133362833,3.456079866737127e-11
28041,0,Active Minimal Buyers,1406.9758000000002,0.0,0.1636982986519342,10001.908133362867,10001.908133362833,3.456079866737127e-11
12143,0,Active Minimal Buyers,1406.9758000000002,0.0,0.1636982986519342,10001.908133362867,10001.908133362833,3.456079866737127e-11
17065,0,Active Minimal Buyers,1406.9758000000002,0.0,0.1636982986519342,10001.908133362867,10001.908133362833,3.456079866737127e-11
17071,0,Active Minimal Buyers,1406.9758000000002,0.0,0.1636982986519342,10001.908133362867,10001.908133362833,3.456079866737127e-11
13545,0,Active Minimal Buyers,1406.9758000000002,0.0,0.1636982986519342,10001.908133362867,10001.908133362833,3.456079866737127e-11
13572,0,Active Minimal Buyers,1406.9758000000002,0.0,0.1636982986519342,10001.908133362867,10001.908133362833,3.456079866737127e-11
27759,0,Active Minimal Buyers,1406.9758000000002,0.0,0.1636982986519342,10001.908133362867,10001.908133362833,3.456079866737127e-11
20445,0,Active Minimal Buyers,1406.9758000000002,0.0,0.1636982986519342,10001.908133362867,10001.908133362833,3.456079866737127e-11
12866,0,Active Minimal Buyers,1406.9758000000002,0.0,0.1636982986519342,10001.908133362867,10001.908133362833,3.456079866737127e-11
16931,0,Active Minimal Buyers,1406.9758000000002,0.0,0.1636982986519342,10001.908133362867,10001.908133362833,3.456079866737127e-11
12160,0,Active Minimal Buyers,1406.9758000000002,0.0,0.1636982986519342,10001.908133362867,10001.908133362833,3.456079866737127e-11
12155,0,Active Minimal Buyers,1406.9758000000002,0.0,0.1636982986519342,10001.908133362867,10001.908133362833,3.456079866737127e-11
16929,0,Active Minimal Buyers,1406.9758000000002,0.0,0.1636982986519342,10001.908133362867,10001.908133362833,3.456079866737127e-11
12151,0,Active Minimal Buyers,1406.9758000000002,0.0,0.1636982986519342,10001.908133362867,10001.908133362833,3.456079866737127e-11
13691,0,Active Minimal Buyers,1406.9758000000002,0.0,0.1636982986519342,10001.908133362867,10001.908133362833,3.456079866737127e-11
13690,0,Active Minimal Buyers,1406.9758000000002,0.0,0.1636982986519342,10001.908133362867,10001.908133362833,3.456079866737127e-11
13689,0,Active Minimal Buyers,1406.9758000000002,0.0,0.1636982986519342,10001.908133362867,10001.908133362833,3.456079866737127e-11
13687,0,Active Minimal Buyers,1406.9758000000002,0.0,0.1636982986519342,10001.908133362867,10001.908133362833,3.456079866737127e-11
16928,0,Active Minimal Buyers,1406.9758000000002,0.0,0.1636982986519342,10001.908133362867,10001.908133362833,3.456079866737127e-11
20425,0,Active Minimal Buyers,1406.9758000000002,0.0,0.1636982986519342,10001.908133362867,10001.908133362833,3.456079866737127e-11
20423,0,Active Minimal Buyers,1406.9758000000002,0.0,0.1636982986519342,10001.908133362867,10001.908133362833,3.456079866737127e-11
17055,0,Active Minimal Buyers,1406.9758000000002,0.0,0.1636982986519342,10001.908133362867,10001.908133362833,3.456079866737127e-11
13765,0,Active Minimal Buyers,1406.9758000000002,0.0,0.1636982986519342,10001.908133362867,10001.908133362833,3.456079866737127e-11
22114,0,Active Minimal Buyers,1406.9758000000002,0.0,0.1636982986519342,10001.908133362867,10001.908133362833,3.456079866737127e-11
13680,0,Active Minimal Buyers,1406.9758000000002,0.0,0.1636982986519342,10001.908133362867,10001.908133362833,3.456079866737127e-11
13679,0,Active Minimal Buyers,1406.9758000000002,0.0,0.1636982986519342,10001.908133362867,10001.908133362833,3.456079866737127e-11
12211,0,Active Minimal Buyers,1406.9758000000002,0.0,0.1636982986519342,10001.908133362867,10001.908133362833,3.456079866737127e-11
13693,0,Active Minimal Buyers,1406.9758000000002,0.0,0.1636982986519342,10001.908133362867,10001.908133362833,3.456079866737127e-11
13567,0,Active Minimal Buyers,1406.9758000000002,0.0,0.1636982986519342,10001.908133362867,10001.908133362833,3.456079866737127e-11
28181,0,Active Minimal Buyers,1406.9758000000002,0.0,0.1636982986519342,10001.908133362867,10001.908133362833,3.456079866737127e-11
17046,0,Active Minimal Buyers,1406.9758000000002,0.0,0.1636982986519342,10001.908133362867,10001.908133362833,3.456079866737127e-11
17045,0,Active Minimal Buyers,1406.9758000000002,0.0,0.1636982986519342,10001.908133362867,10001.908133362833,3.456079866737127e-11
12221,0,Active Minimal Buyers,1406.9758000000002,0.0,0.1636982986519342,10001.908133362867,10001.908133362833,3.456079866737127e-11
13821,0,Active Minimal Buyers,1406.9758000000002,0.0,0.1636982986519342,10001.908133362867,10001.908133362833,3.456079866737127e-11
13540,0,Active Minimal Buyers,1406.9758000000002,0.0,0.1636982986519342,10001.908133362867,10001.908133362833,3.456079866737127e-11
28145,0,Active Minimal Buyers,1406.9758000000002,0.0,0.1636982986519342,10001.908133362867,10001.908133362833,3.456079866737127e-11
14838,0,Active Minimal Buyers,1406.9758000000002,0.0,0.1636982986519342,10001.908133362867,10001.908133362833,3.456079866737127e-11
13678,0,Active Minimal Buyers,1406.9758000000002,0.0,0.1636982986519342,10001.908133362867,10001.908133362833,3.456079866737127e-11
13542,0,Active Minimal Buyers,1406.9758000000002,0.0,0.1636982986519342,10001.908133362867,10001.908133362833,3.456079866737127e-11
13541,0,Active Minimal Buyers,1406.9758000000002,0.0,0.1636982986519342,10001.908133362867,10001.908133362833,3.456079866737127e-11
12265,0,Active Minimal Buyers,1406.9758000000002,0.0,0.1636982986519342,10001.908133362867,10001.908133362831,3.637978807091713e-11
15657,0,Active Minimal Buyers,1406.9758000000002,0.0,0.1636982986519342,10001.908133362867,10001.908133362831,3.637978807091713e-11
12520,0,Active Minimal Buyers,1406.9758000000002,0.0,0.1636982986519342,10001.908133362867,10001.908133362831,3.637978807091713e-11
12522,0,Active Minimal Buyers,1406.9758000000002,0.0,0.1636982986519342,10001.908133362867,10001.908133362831,3.637978807091713e-11
12050,0,Active Minimal Buyers,1406.9758000000002,0.0,0.1636982986519342,10001.908133362867,10001.908133362831,3.637978807091713e-11
12464,0,Active Minimal Buyers,1406.9758000000002,0.0,0.1636982986519342,10001.908133362867,10001.908133362831,3.637978807091713e-11
12717,0,Active Minimal Buyers,1406.9758000000002,0.0,0.1636982986519342,10001.908133362867,10001.908133362831,3.637978807091713e-11
12383,0,Active Minimal Buyers,1406.9758000000002,0.0,0.1636982986519342,10001.908133362867,10001.908133362831,3.637978807091713e-11
12711,0,Active Minimal Buyers,1406.9758000000002,0.0,0.1636982986519342,10001.908133362867,10001.908133362831,3.637978807091713e-11
12267,0,Active Minimal Buyers,1406.9758000000002,0.0,0.1636982986519342,10001.908133362867,10001.908133362831,3.637978807091713e-11
11983,0,Active Minimal Buyers,1406.9758000000002,0.0,0.1636982986519342,10001.908133362867,10001.908133362831,3.637978807091713e-11
12547,0,Active Minimal Buyers,1406.9758000000002,0.0,0.1636982986519342,10001.908133362867,10001.908133362831,3.637978807091713e-11
12549,0,Active Minimal Buyers,1406.9758000000002,0.0,0.1636982986519342,10001.908133362867,10001.908133362831,3.637978807091713e-11
14834,0,Active Minimal Buyers,1406.9758000000002,0.0,0.1636982986519342,10001.908133362867,10001.908133362831,3.637978807091713e-11
12561,0,Active Minimal Buyers,1406.9758000000002,0.0,0.1636982986519342,10001.908133362867,10001.908133362831,3.637978807091713e-11
12373,0,Active Minimal Buyers,1406.9758000000002,0.0,0.1636982986519342,10001.908133362867,10001.908133362831,3.637978807091713e-11
12332,0,Active Minimal Buyers,1406.9758000000002,0.0,0.1636982986519342,10001.908133362867,10001.908133362831,3.637978807091713e-11
12468,0,Active Minimal Buyers,1406.9758000000002,0.0,0.1636982986519342,10001.908133362867,10001.908133362831,3.637978807091713e-11
12614,0,Active Minimal Buyers,1406.9758000000002,0.0,0.1636982986519342,10001.908133362867,10001.908133362831,3.637978807091713e-11
12042,0,Active Minimal Buyers,1406.9758000000002,0.0,0.1636982986519342,10001.908133362867,10001.908133362831,3.637978807091713e-11
12041,0,Active Minimal Buyers,1406.9758000000002,0.0,0.1636982986519342,10001.908133362867,10001.908133362831,3.637978807091713e-11
12030,0,Active Minimal Buyers,1406.9758000000002,0.0,0.1636982986519342,10001.908133362867,10001.908133362831,3.637978807091713e-11
12607,0,Active Minimal Buyers,1406.9758000000002,0.0,0.1636982986519342,10001.908133362867,10001.908133362831,3.637978807091713e-11
12027,0,Active Minimal Buyers,1406.9758000000002,0.0,0.1636982986519342,10001.908133362867,10001.908133362831,3.637978807091713e-11
15653,0,Active Minimal Buyers,1406.9758000000002,0.0,0.1636982986519342,10001.908133362867,10001.908133362831,3.637978807091713e-11
12613,0,Active Minimal Buyers,1406.9758000000002,0.0,0.1636982986519342,10001.908133362867,10001.908133362831,3.637978807091713e-11
12620,0,Active Minimal Buyers,1406.9758000000002,0.0,0.1636982986519342,10001.908133362867,10001.908133362831,3.637978807091713e-11
12279,0,Active Minimal Buyers,1406.9758000000002,0.0,0.1636982986519342,10001.908133362867,10001.908133362831,3.637978807091713e-11
12621,0,Active Minimal Buyers,1406.9758000000002,0.0,0.1636982986519342,10001.908133362867,10001.908133362831,3.637978807091713e-11
12631,0,Active Minimal Buyers,1406.9758000000002,0.0,0.1636982986519342,10001.908133362867,10001.908133362831,3.637978807091713e-11
12632,0,Active Minimal Buyers,1406.9758000000002,0.0,0.1636982986519342,10001.908133362867,10001.908133362831,3.637978807091713e-11
12618,0,Active Minimal Buyers,1406.9758000000002,0.0,0.1636982986519342,10001.908133362867,10001.908133362831,3.637978807091713e-11
15632,0,Active Minimal Buyers,1406.9758000000002,0.0,0.1636982986519342,10001.908133362867,10001.908133362831,3.637978807091713e-11
12321,0,Active Minimal Buyers,1406.9758000000002,0.0,0.1636982986519342,10001.908133362867,10001.908133362831,3.637978807091713e-11
12323,0,Active Minimal Buyers,1406.9758000000002,0.0,0.1636982986519342,10001.908133362867,10001.908133362831,3.637978807091713e-11
12655,0,Active Minimal Buyers,1406.9758000000002,0.0,0.1636982986519342,10001.908133362867,10001.908133362831,3.637978807091713e-11
12280,0,Active Minimal Buyers,1406.9758000000002,0.0,0.1636982986519342,10001.908133362867,10001.908133362831,3.637978807091713e-11
12474,0,Active Minimal Buyers,1406.9758000000002,0.0,0.1636982986519342,10001.908133362867,10001.908133362831,3.637978807091713e-11
12485,0,Active Minimal Buyers,1406.9758000000002,0.0,0.1636982986519342,10001.908133362867,10001.908133362831,3.637978807091713e-11
12749,0,Active Minimal Buyers,1406.9758000000002,0.0,0.1636982986519342,10001.908133362867,10001.908133362831,3.637978807091713e-11
12805,0,Active Minimal Buyers,1406.9758000000002,0.0,0.1636982986519342,10001.908133362867,10001.908133362831,3.637978807091713e-11
12333,0,Active Minimal Buyers,1406.9758000000002,0.0,0.1636982986519342,10001.908133362867,10001.908133362831,3.637978807091713e-11
12750,0,Active Minimal Buyers,1406.9758000000002,0.0,0.1636982986519342,10001.908133362867,10001.908133362831,3.637978807091713e-11
12483,0,Active Minimal Buyers,1406.9758000000002,0.0,0.1636982986519342,10001.908133362867,10001.908133362831,3.637978807091713e-11
12754,0,Active Minimal Buyers,1406.9758000000002,0.0,0.1636982986519342,10001.908133362867,10001.908133362831,3.637978807091713e-11
13405,0,Active Minimal Buyers,1406.9758000000002,0.0,0.1636982986519342,10001.908133362867,10001.908133362831,3.637978807091713e-11
12494,0,Active Minimal Buyers,1406.9758000000002,0.0,0.1636982986519342,10001.908133362867,10001.908133362831,3.637978807091713e-11
12650,0,Active Minimal Buyers,1406.9758000000002,0.0,0.1636982986519342,10001.908133362867,10001.908133362831,3.637978807091713e-11
12398,0,Active Minimal Buyers,1406.9758000000002,0.0,0.1636982986519342,10001.908133362867,10001.908133362831,3.637978807091713e-11
12510,0,Active Minimal Buyers,1406.9758000000002,0.0,0.1636982986519342,10001.908133362867,10001.908133362831,3.637978807091713e-11
12395,0,Active Minimal Buyers,1406.9758000000002,0.0,0.1636982986519342,10001.908133362867,10001.908133362831,3.637978807091713e-11
12290,0,Active Minimal Buyers,1406.9758000000002,0.0,0.1636982986519342,10001.908133362867,10001.908133362831,3.637978807091713e-11
13784,0,Active Minimal Buyers,1406.9758000000002,0.0,0.1636982986519342,10001.908133362867,10001.908133362831,3.637978807091713e-11
12285,0,Active Minimal Buyers,1406.9758000000002,0.0,0.1636982986519342,10001.908133362867,10001.908133362831,3.637978807091713e-11
12804,0,Active Minimal Buyers,1406.9758000000002,0.0,0.1636982986519342,10001.908133362867,10001.908133362831,3.637978807091713e-11
12480,0,Active Minimal Buyers,1406.9758000000002,0.0,0.1636982986519342,10001.908133362867,10001.908133362831,3.637978807091713e-11
12523,0,Active Minimal Buyers,1406.9758000000002,0.0,0.1636982986519342,10001.908133362867,10001.908133362831,3.637978807091713e-11
12163,0,Active Minimal Buyers,1406.9758000000002,0.0,0.1636982986519342,10001.908133362867,10001.908133362831,3.637978807091713e-11
24342,0,Active Minimal Buyers,1406.9758000000002,0.0,0.1636982986519342,10001.908133362867,10001.908133362831,3.637978807091713e-11
28158,0,Active Minimal Buyers,1406.9758000000002,0.0,0.1636982986519342,10001.908133362867,10001.908133362831,3.637978807091713e-11
12254,0,Active Minimal Buyers,1406.9758000000002,0.0,0.1636982986519342,10001.908133362867,10001.908133362831,3.637978807091713e-11
12255,0,Active Minimal Buyers,1406.9758000000002,0.0,0.1636982986519342,10001.908133362867,10001.908133362831,3.637978807091713e-11
17229,0,Active Minimal Buyers,1406.9758000000002,0.0,0.1636982986519342,10001.908133362867,10001.908133362831,3.637978807091713e-11
12261,0,Active Minimal Buyers,1406.9758000000002,0.0,0.1636982986519342,10001.908133362867,10001.908133362831,3.637978807091713e-11
17280,0,Active Minimal Buyers,1406.9758000000002,0.0,0.1636982986519342,10001.908133362867,10001.908133362831,3.637978807091713e-11
20456,0,Active Minimal Buyers,1406.9758000000002,0.0,0.1636982986519342,10001.908133362867,10001.908133362831,3.637978807091713e-11
20614,0,Active Minimal Buyers,1406.9758000000002,0.0,0.1636982986519342,10001.908133362867,10001.908133362831,3.637978807091713e-11
24344,0,Active Minimal Buyers,1406.9758000000002,0.0,0.1636982986519342,10001.908133362867,10001.908133362831,3.637978807091713e-11
24332,0,Active Minimal Buyers,1406.9758000000002,0.0,0.1636982986519342,10001.908133362867,10001.908133362831,3.637978807091713e-11
28097,0,Active Minimal Buyers,1406.9758000000002,0.0,0.1636982986519342,10001.908133362867,10001.908133362831,3.637978807091713e-11
20610,0,Active Minimal Buyers,1406.9758000000002,0.0,0.1636982986519342,10001.908133362867,10001.908133362831,3.637978807091713e-11
20608,0,Active Minimal Buyers,1406.9758000000002,0.0,0.1636982986519342,10001.908133362867,10001.908133362831,3.637978807091713e-11
20606,0,Active Minimal Buyers,1406.9758000000002,0.0,0.1636982986519342,10001.908133362867,10001.908133362831,3.637978807091713e-11
28183,0,Active Minimal Buyers,1406.9758000000002,0.0,0.1636982986519342,10001.908133362867,10001.908133362831,3.637978807091713e-11
12212,0,Active Minimal Buyers,1406.9758000000002,0.0,0.1636982986519342,10001.908133362867,10001.908133362831,3.637978807091713e-11
12217,0,Active Minimal Buyers,1406.9758000000002,0.0,0.1636982986519342,10001.908133362867,10001.908133362831,3.637978807091713e-11
12219,0,Active Minimal Buyers,1406.9758000000002,0.0,0.1636982986519342,10001.908133362867,10001.908133362831,3.637978807091713e-11
12220,0,Active Minimal Buyers,1406.9758000000002,0.0,0.1636982986519342,10001.908133362867,10001.908133362831,3.637978807091713e-11
17248,0,Active Minimal Buyers,1406.9758000000002,0.0,0.1636982986519342,10001.908133362867,10001.908133362831,3.637978807091713e-11
20430,0,Active Minimal Buyers,1406.9758000000002,0.0,0.1636982986519342,10001.908133362867,10001.908133362831,3.637978807091713e-11
28112,0,Active Minimal Buyers,1406.9758000000002,0.0,0.1636982986519342,10001.908133362867,10001.908133362831,3.637978807091713e-11
17246,0,Active Minimal Buyers,1406.9758000000002,0.0,0.1636982986519342,10001.908133362867,10001.908133362831,3.637978807091713e-11
12102,0,Active Minimal Buyers,1406.9758000000002,0.0,0.1636982986519342,10001.908133362867,10001.908133362831,3.637978807091713e-11
12156,0,Active Minimal Buyers,1406.9758000000002,0.0,0.1636982986519342,10001.908133362867,10001.908133362831,3.637978807091713e-11
12162,0,Active Minimal Buyers,1406.9758000000002,0.0,0.1636982986519342,10001.908133362867,10001.908133362831,3.637978807091713e-11
23866,0,Active Minimal Buyers,1406.9758000000002,0.0,0.1636982986519342,10001.908133362867,10001.908133362831,3.637978807091713e-11
12173,0,Active Minimal Buyers,1406.9758000000002,0.0,0.1636982986519342,10001.908133362867,10001.908133362831,3.637978807091713e-11
24235,0,Active Minimal Buyers,1406.9758000000002,0.0,0.1636982986519342,10001.908133362867,10001.908133362831,3.637978807091713e-11
12141,0,Active Minimal Buyers,1406.9758000000002,0.0,0.1636982986519342,10001.908133362867,10001.908133362831,3.637978807091713e-11
12079,0,Active Minimal Buyers,1406.9758000000002,0.0,0.1636982986519342,10001.908133362867,10001.908133362831,3.637978807091713e-11
12084,0,Active Minimal Buyers,1406.9758000000002,0.0,0.1636982986519342,10001.908133362867,10001.908133362831,3.637978807091713e-11
12094,0,Active Minimal Buyers,1406.9758000000002,0.0,0.1636982986519342,10001.908133362867,10001.908133362831,3.637978807091713e-11
20256,0,Active Minimal Buyers,1406.9758000000002,0.0,0.1636982986519342,10001.908133362867,10001.908133362831,3.637978807091713e-11
17069,0,Active Minimal Buyers,1406.9758000000002,0.0,0.1636982986519342,10001.908133362867,10001.908133362831,3.637978807091713e-11
20429,0,Active Minimal Buyers,1406.9758000000002,0.0,0.1636982986519342,10001.908133362867,10001.908133362831,3.637978807091713e-11
12109,0,Active Minimal Buyers,1406.9758000000002,0.0,0.1636982986519342,10001.908133362867,10001.908133362831,3.637978807091713e-11
17299,0,Active Minimal Buyers,1406.9758000000002,0.0,0.1636982986519342,10001.908133362867,10001.908133362831,3.637978807091713e-11
17294,0,Active Minimal Buyers,1406.9758000000002,0.0,0.1636982986519342,10001.908133362867,10001.908133362831,3.637978807091713e-11
20284,0,Active Minimal Buyers,1406.9758000000002,0.0,0.1636982986519342,10001.908133362867,10001.908133362831,3.637978807091713e-11
20283,0,Active Minimal Buyers,1406.9758000000002,0.0,0.1636982986519342,10001.908133362867,10001.908133362831,3.637978807091713e-11
20261,0,Active Minimal Buyers,1406.9758000000002,0.0,0.1636982986519342,10001.908133362867,10001.908133362831,3.637978807091713e-11
20260,0,Active Minimal Buyers,1406.9758000000002,0.0,0.1636982986519342,10001.908133362867,10001.908133362831,3.637978807091713e-11
28179,0,Active Minimal Buyers,1406.9758000000002,0.0,0.1636982986519342,10001.908133362867,10001.908133362831,3.637978807091713e-11
17247,0,Active Minimal Buyers,1406.9758000000002,0.0,0.1636982986519342,10001.908133362867,10001.908133362831,3.637978807091713e-11
12256,0,Active Minimal Buyers,1406.9758000000002,0.0,0.1636982986519342,10001.908133362867,10001.908133362831,3.637978807091713e-11
12072,0,Active Minimal Buyers,1406.9758000000002,0.0,0.1636982986519342,10001.908133362867,10001.908133362831,3.637978807091713e-11
11939,0,Active Minimal Buyers,1406.9758000000002,0.0,0.1636982986519342,10001.908133362867,10001.908133362831,3.637978807091713e-11
14956,0,Active Minimal Buyers,1406.9758000000002,0.0,0.1636982986519342,10001.908133362867,10001.908133362831,3.637978807091713e-11
19611,0,Active Minimal Buyers,1406.9758000000002,0.0,0.1636982986519342,10001.908133362867,10001.90813336283,3.8198777474462986e-11
11837,0,Active Minimal Buyers,1406.9758000000002,0.0,0.1636982986519342,10001.908133362867,10001.90813336283,3.8198777474462986e-11
19786,0,Active Minimal Buyers,1406.9758000000002,0.0,0.1636982986519342,10001.908133362867,10001.90813336283,3.8198777474462986e-11
19787,0,Active Minimal Buyers,1406.9758000000002,0.0,0.1636982986519342,10001.908133362867,10001.90813336283,3.8198777474462986e-11
11831,0,Active Minimal Buyers,1406.9758000000002,0.0,0.1636982986519342,10001.908133362867,10001.90813336283,3.8198777474462986e-11
15440,0,Active Minimal Buyers,1406.9758000000002,0.0,0.1636982986519342,10001.908133362867,10001.90813336283,3.8198777474462986e-11
11834,0,Active Minimal Buyers,1406.9758000000002,0.0,0.1636982986519342,10001.908133362867,10001.90813336283,3.8198777474462986e-11
19788,0,Active Minimal Buyers,1406.9758000000002,0.0,0.1636982986519342,10001.908133362867,10001.90813336283,3.8198777474462986e-11
19598,0,Active Minimal Buyers,1406.9758000000002,0.0,0.1636982986519342,10001.908133362867,10001.90813336283,3.8198777474462986e-11
19789,0,Active Minimal Buyers,1406.9758000000002,0.0,0.1636982986519342,10001.908133362867,10001.90813336283,3.8198777474462986e-11
19790,0,Active Minimal Buyers,1406.9758000000002,0.0,0.1636982986519342,10001.908133362867,10001.90813336283,3.8198777474462986e-11
19791,0,Active Minimal Buyers,1406.9758000000002,0.0,0.1636982986519342,10001.908133362867,10001.90813336283,3.8198777474462986e-11
19792,0,Active Minimal Buyers,1406.9758000000002,0.0,0.1636982986519342,10001.908133362867,10001.90813336283,3.8198777474462986e-11
11839,0,Active Minimal Buyers,1406.9758000000002,0.0,0.1636982986519342,10001.908133362867,10001.90813336283,3.8198777474462986e-11
11826,0,Active Minimal Buyers,1406.9758000000002,0.0,0.1636982986519342,10001.908133362867,10001.90813336283,3.8198777474462986e-11
19794,0,Active Minimal Buyers,1406.9758000000002,0.0,0.1636982986519342,10001.908133362867,10001.90813336283,3.8198777474462986e-11
11854,0,Active Minimal Buyers,1406.9758000000002,0.0,0.1636982986519342,10001.908133362867,10001.90813336283,3.8198777474462986e-11
11872,0,Active Minimal Buyers,1406.9758000000002,0.0,0.1636982986519342,10001.908133362867,10001.90813336283,3.8198777474462986e-11
11873,0,Active Minimal Buyers,1406.9758000000002,0.0,0.1636982986519342,10001.908133362867,10001.90813336283,3.8198777474462986e-11
11809,0,Active Minimal Buyers,1406.9758000000002,0.0,0.1636982986519342,10001.908133362867,10001.90813336283,3.8198777474462986e-11
19966,0,Active Minimal Buyers,1406.9758000000002,0.0,0.1636982986519342,10001.908133362867,10001.90813336283,3.8198777474462986e-11
19967,0,Active Minimal Buyers,1406.9758000000002,0.0,0.1636982986519342,10001.908133362867,10001.90813336283,3.8198777474462986e-11
19968,0,Active Minimal Buyers,1406.9758000000002,0.0,0.1636982986519342,10001.908133362867,10001.90813336283,3.8198777474462986e-11
19970,0,Active Minimal Buyers,1406.9758000000002,0.0,0.1636982986519342,10001.908133362867,10001.90813336283,3.8198777474462986e-11
11799,0,Active Minimal Buyers,1406.9758000000002,0.0,0.1636982986519342,10001.908133362867,10001.90813336283,3.8198777474462986e-11
11830,0,Active Minimal Buyers,1406.9758000000002,0.0,0.1636982986519342,10001.908133362867,10001.90813336283,3.8198777474462986e-11
19785,0,Active Minimal Buyers,1406.9758000000002,0.0,0.1636982986519342,10001.908133362867,10001.90813336283,3.8198777474462986e-11
19974,0,Active Minimal Buyers,1406.9758000000002,0.0,0.1636982986519342,10001.908133362867,10001.90813336283,3.8198777474462986e-11
11825,0,Active Minimal Buyers,1406.9758000000002,0.0,0.1636982986519342,10001.908133362867,10001.90813336283,3.8198777474462986e-11
11522,0,Active Minimal Buyers,1406.9758000000002,0.0,0.1636982986519342,10001.908133362867,10001.90813336283,3.8198777474462986e-11
11516,0,Active Minimal Buyers,1406.9758000000002,0.0,0.1636982986519342,10001.908133362867,10001.90813336283,3.8198777474462986e-11
11515,0,Active Minimal Buyers,1406.9758000000002,0.0,0.1636982986519342,10001.908133362867,10001.90813336283,3.8198777474462986e-11
17056,0,Active Minimal Buyers,1406.9758000000002,0.0,0.1636982986519342,10001.908133362867,10001.90813336283,3.8198777474462986e-11
15453,0,Active Minimal Buyers,1406.9758000000002,0.0,0.1636982986519342,10001.908133362867,10001.90813336283,3.8198777474462986e-11
17064,0,Active Minimal Buyers,1406.9758000000002,0.0,0.1636982986519342,10001.908133362867,10001.90813336283,3.8198777474462986e-11
11812,0,Active Minimal Buyers,1406.9758000000002,0.0,0.1636982986519342,10001.908133362867,10001.90813336283,3.8198777474462986e-11
11541,0,Active Minimal Buyers,1406.9758000000002,0.0,0.1636982986519342,10001.908133362867,10001.90813336283,3.8198777474462986e-11
19797,0,Active Minimal Buyers,1406.9758000000002,0.0,0.1636982986519342,10001.908133362867,10001.90813336283,3.8198777474462986e-11
19795,0,Active Minimal Buyers,1406.9758000000002,0.0,0.1636982986519342,10001.908133362867,10001.90813336283,3.8198777474462986e-11
19793,0,Active Minimal Buyers,1406.9758000000002,0.0,0.1636982986519342,10001.908133362867,10001.90813336283,3.8198777474462986e-11
19770,0,Active Minimal Buyers,1406.9758000000002,0.0,0.1636982986519342,10001.908133362867,10001.90813336283,3.8198777474462986e-11
19771,0,Active Minimal Buyers,1406.9758000000002,0.0,0.1636982986519342,10001.908133362867,10001.90813336283,3.8198777474462986e-11
19772,0,Active Minimal Buyers,1406.9758000000002,0.0,0.1636982986519342,10001.908133362867,10001.90813336283,3.8198777474462986e-11
11813,0,Active Minimal Buyers,1406.9758000000002,0.0,0.1636982986519342,10001.908133362867,10001.90813336283,3.8198777474462986e-11
19773,0,Active Minimal Buyers,1406.9758000000002,0.0,0.1636982986519342,10001.908133362867,10001.90813336283,3.8198777474462986e-11
19782,0,Active Minimal Buyers,1406.9758000000002,0.0,0.1636982986519342,10001.908133362867,10001.90813336283,3.8198777474462986e-11
19783,0,Active Minimal Buyers,1406.9758000000002,0.0,0.1636982986519342,10001.908133362867,10001.90813336283,3.8198777474462986e-11
19784,0,Active Minimal Buyers,1406.9758000000002,0.0,0.1636982986519342,10001.908133362867,10001.90813336283,3.8198777474462986e-11
11815,0,Active Minimal Buyers,1406.9758000000002,0.0,0.1636982986519342,10001.908133362867,10001.90813336283,3.8198777474462986e-11
11816,0,Active Minimal Buyers,1406.9758000000002,0.0,0.1636982986519342,10001.908133362867,10001.90813336283,3.8198777474462986e-11
11817,0,Active Minimal Buyers,1406.9758000000002,0.0,0.1636982986519342,10001.908133362867,10001.90813336283,3.8198777474462986e-11
11818,0,Active Minimal Buyers,1406.9758000000002,0.0,0.1636982986519342,10001.908133362867,10001.90813336283,3.8198777474462986e-11
19971,0,Active Minimal Buyers,1406.9758000000002,0.0,0.1636982986519342,10001.908133362867,10001.90813336283,3.8198777474462986e-11
19975,0,Active Minimal Buyers,1406.9758000000002,0.0,0.1636982986519342,10001.908133362867,10001.90813336283,3.8198777474462986e-11
19612,0,Active Minimal Buyers,1406.9758000000002,0.0,0.1636982986519342,10001.908133362867,10001.90813336283,3.8198777474462986e-11
19948,0,Active Minimal Buyers,1406.9758000000002,0.0,0.1636982986519342,10001.908133362867,10001.90813336283,3.8198777474462986e-11
19555,0,Active Minimal Buyers,1406.9758000000002,0.0,0.1636982986519342,10001.908133362867,10001.90813336283,3.8198777474462986e-11
19620,0,Active Minimal Buyers,1406.9758000000002,0.0,0.1636982986519342,10001.908133362867,10001.90813336283,3.8198777474462986e-11
19556,0,Active Minimal Buyers,1406.9758000000002,0.0,0.1636982986519342,10001.908133362867,10001.90813336283,3.8198777474462986e-11
19557,0,Active Minimal Buyers,1406.9758000000002,0.0,0.1636982986519342,10001.908133362867,10001.90813336283,3.8198777474462986e-11
19558,0,Active Minimal Buyers,1406.9758000000002,0.0,0.1636982986519342,10001.908133362867,10001.90813336283,3.8198777474462986e-11
19616,0,Active Minimal Buyers,1406.9758000000002,0.0,0.1636982986519342,10001.908133362867,10001.90813336283,3.8198777474462986e-11
19615,0,Active Minimal Buyers,1406.9758000000002,0.0,0.1636982986519342,10001.908133362867,10001.90813336283,3.8198777474462986e-11
19602,0,Active Minimal Buyers,1406.9758000000002,0.0,0.1636982986519342,10001.908133362867,10001.90813336283,3.8198777474462986e-11
19614,0,Active Minimal Buyers,1406.9758000000002,0.0,0.1636982986519342,10001.908133362867,10001.90813336283,3.8198777474462986e-11
19613,0,Active Minimal Buyers,1406.9758000000002,0.0,0.1636982986519342,10001.908133362867,10001.90813336283,3.8198777474462986e-11
11773,0,Active Minimal Buyers,1406.9758000000002,0.0,0.1636982986519342,10001.908133362867,10001.90813336283,3.8198777474462986e-11
11774,0,Active Minimal Buyers,1406.9758000000002,0.0,0.1636982986519342,10001.908133362867,10001.90813336283,3.8198777474462986e-11
11775,0,Active Minimal Buyers,1406.9758000000002,0.0,0.1636982986519342,10001.908133362867,10001.90813336283,3.8198777474462986e-11
11776,0,Active Minimal Buyers,1406.9758000000002,0.0,0.1636982986519342,10001.908133362867,10001.90813336283,3.8198777474462986e-11
11777,0,Active Minimal Buyers,1406.9758000000002,0.0,0.1636982986519342,10001.908133362867,10001.90813336283,3.8198777474462986e-11
19605,0,Active Minimal Buyers,1406.9758000000002,0.0,0.1636982986519342,10001.908133362867,10001.90813336283,3.8198777474462986e-11
11778,0,Active Minimal Buyers,1406.9758000000002,0.0,0.1636982986519342,10001.908133362867,10001.90813336283,3.8198777474462986e-11
19607,0,Active Minimal Buyers,1406.9758000000002,0.0,0.1636982986519342,10001.908133362867,10001.90813336283,3.8198777474462986e-11
19609,0,Active Minimal Buyers,1406.9758000000002,0.0,0.1636982986519342,10001.908133362867,10001.90813336283,3.8198777474462986e-11
11779,0,Active Minimal Buyers,1406.9758000000002,0.0,0.1636982986519342,10001.908133362867,10001.90813336283,3.8198777474462986e-11
11780,0,Active Minimal Buyers,1406.9758000000002,0.0,0.1636982986519342,10001.908133362867,10001.90813336283,3.8198777474462986e-11
11796,0,Active Minimal Buyers,1406.9758000000002,0.0,0.1636982986519342,10001.908133362867,10001.90813336283,3.8198777474462986e-11
11772,0,Active Minimal Buyers,1406.9758000000002,0.0,0.1636982986519342,10001.908133362867,10001.90813336283,3.8198777474462986e-11
19653,0,Active Minimal Buyers,1406.9758000000002,0.0,0.1636982986519342,10001.908133362867,10001.90813336283,3.8198777474462986e-11
19959,0,Active Minimal Buyers,1406.9758000000002,0.0,0.1636982986519342,10001.908133362867,10001.90813336283,3.8198777474462986e-11
19977,0,Active Minimal Buyers,1406.9758000000002,0.0,0.1636982986519342,10001.908133362867,10001.90813336283,3.8198777474462986e-11
19958,0,Active Minimal Buyers,1406.9758000000002,0.0,0.1636982986519342,10001.908133362867,10001.90813336283,3.8198777474462986e-11
19978,0,Active Minimal Buyers,1406.9758000000002,0.0,0.1636982986519342,10001.908133362867,10001.90813336283,3.8198777474462986e-11
19979,0,Active Minimal Buyers,1406.9758000000002,0.0,0.1636982986519342,10001.908133362867,10001.90813336283,3.8198777474462986e-11
19965,0,Active Minimal Buyers,1406.9758000000002,0.0,0.1636982986519342,10001.908133362867,10001.90813336283,3.8198777474462986e-11
19964,0,Active Minimal Buyers,1406.9758000000002,0.0,0.1636982986519342,10001.908133362867,10001.90813336283,3.8198777474462986e-11
19963,0,Active Minimal Buyers,1406.9758000000002,0.0,0.1636982986519342,10001.908133362867,10001.90813336283,3.8198777474462986e-11
19960,0,Active Minimal Buyers,1406.9758000000002,0.0,0.1636982986519342,10001.908133362867,10001.90813336283,3.8198777474462986e-11
17079,0,Active Minimal Buyers,1406.9758000000002,0.0,0.1636982986519342,10001.908133362867,10001.90813336283,3.8198777474462986e-11
11798,0,Active Minimal Buyers,1406.9758000000002,0.0,0.1636982986519342,10001.908133362867,10001.90813336283,3.8198777474462986e-11
19766,0,Active Minimal Buyers,1406.9758000000002,0.0,0.1636982986519342,10001.908133362867,10001.90813336283,3.8198777474462986e-11
11797,0,Active Minimal Buyers,1406.9758000000002,0.0,0.1636982986519342,10001.908133362867,10001.90813336283,3.8198777474462986e-11
19947,0,Active Minimal Buyers,1406.9758000000002,0.0,0.1636982986519342,10001.908133362867,10001.90813336283,3.8198777474462986e-11
19599,0,Active Minimal Buyers,1406.9758000000002,0.0,0.1636982986519342,10001.908133362867,10001.90813336283,3.8198777474462986e-11
19949,0,Active Minimal Buyers,1406.9758000000002,0.0,0.1636982986519342,10001.908133362867,10001.90813336283,3.8198777474462986e-11
19950,0,Active Minimal Buyers,1406.9758000000002,0.0,0.1636982986519342,10001.908133362867,10001.90813336283,3.8198777474462986e-11
19601,0,Active Minimal Buyers,1406.9758000000002,0.0,0.1636982986519342,10001.908133362867,10001.90813336283,3.8198777474462986e-11
19951,0,Active Minimal Buyers,1406.9758000000002,0.0,0.1636982986519342,10001.908133362867,10001.90813336283,3.8198777474462986e-11
19652,0,Active Minimal Buyers,1406.9758000000002,0.0,0.1636982986519342,10001.908133362867,10001.90813336283,3.8198777474462986e-11
19956,0,Active Minimal Buyers,1406.9758000000002,0.0,0.1636982986519342,10001.908133362867,10001.90813336283,3.8198777474462986e-11
19631,0,Active Minimal Buyers,1406.9758000000002,0.0,0.1636982986519342,10001.908133362867,10001.90813336283,3.8198777474462986e-11
19957,0,Active Minimal Buyers,1406.9758000000002,0.0,0.1636982986519342,10001.908133362867,10001.90813336283,3.8198777474462986e-11
19628,0,Active Minimal Buyers,1406.9758000000002,0.0,0.1636982986519342,10001.908133362867,10001.90813336283,3.8198777474462986e-11
11528,0,Active Minimal Buyers,1406.9758000000002,0.0,0.1636982986519342,10001.908133362867,10001.90813336283,3.8198777474462986e-11
19621,0,Active Minimal Buyers,1406.9758000000002,0.0,0.1636982986519342,10001.908133362867,10001.90813336283,3.8198777474462986e-11
11525,0,Active Minimal Buyers,1406.9758000000002,0.0,0.1636982986519342,10001.908133362867,10001.90813336283,3.8198777474462986e-11
14984,0,Active Minimal Buyers,1406.9758000000002,0.0,0.1636982986519342,10001.908133362867,10001.90813336283,3.8198777474462986e-11
11531,0,Active Minimal Buyers,1406.9758000000002,0.0,0.1636982986519342,10001.908133362867,10001.90813336283,3.8198777474462986e-11
11534,0,Active Minimal Buyers,1406.9758000000002,0.0,0.1636982986519342,10001.908133362867,10001.90813336283,3.8198777474462986e-11
13697,0,Active Minimal Buyers,1406.9758000000002,0.0,0.1636982986519342,10001.908133362867,10001.90813336283,3.8198777474462986e-11
18482,0,Active Minimal Buyers,1406.9758000000002,0.0,0.1636982986519342,10001.908133362867,10001.90813336283,3.8198777474462986e-11
18483,0,Active Minimal Buyers,1406.9758000000002,0.0,0.1636982986519342,10001.908133362867,10001.90813336283,3.8198777474462986e-11
13686,0,Active Minimal Buyers,1406.9758000000002,0.0,0.1636982986519342,10001.908133362867,10001.90813336283,3.8198777474462986e-11
13767,0,Active Minimal Buyers,1406.9758000000002,0.0,0.1636982986519342,10001.908133362867,10001.90813336283,3.8198777474462986e-11
13685,0,Active Minimal Buyers,1406.9758000000002,0.0,0.1636982986519342,10001.908133362867,10001.90813336283,3.8198777474462986e-11
18484,0,Active Minimal Buyers,1406.9758000000002,0.0,0.1636982986519342,10001.908133362867,10001.90813336283,3.8198777474462986e-11
17736,0,Active Minimal Buyers,1406.9758000000002,0.0,0.1636982986519342,10001.908133362867,10001.90813336283,3.8198777474462986e-11
17735,0,Active Minimal Buyers,1406.9758000000002,0.0,0.1636982986519342,10001.908133362867,10001.90813336283,3.8198777474462986e-11
13666,0,Active Minimal Buyers,1406.9758000000002,0.0,0.1636982986519342,10001.908133362867,10001.90813336283,3.8198777474462986e-11
17734,0,Active Minimal Buyers,1406.9758000000002,0.0,0.1636982986519342,10001.908133362867,10001.90813336283,3.8198777474462986e-11
17733,0,Active Minimal Buyers,1406.9758000000002,0.0,0.1636982986519342,10001.908133362867,10001.90813336283,3.8198777474462986e-11
17732,0,Active Minimal Buyers,1406.9758000000002,0.0,0.1636982986519342,10001.908133362867,10001.90813336283,3.8198777474462986e-11
17730,0,Active Minimal Buyers,1406.9758000000002,0.0,0.1636982986519342,10001.908133362867,10001.90813336283,3.8198777474462986e-11
17728,0,Active Minimal Buyers,1406.9758000000002,0.0,0.1636982986519342,10001.908133362867,10001.90813336283,3.8198777474462986e-11
17726,0,Active Minimal Buyers,1406.9758000000002,0.0,0.1636982986519342,10001.908133362867,10001.90813336283,3.8198777474462986e-11
18485,0,Active Minimal Buyers,1406.9758000000002,0.0,0.1636982986519342,10001.908133362867,10001.90813336283,3.8198777474462986e-11
28051,0,Active Minimal Buyers,1406.9758000000002,0.0,0.1636982986519342,10001.908133362867,10001.90813336283,3.8198777474462986e-11
18486,0,Active Minimal Buyers,1406.9758000000002,0.0,0.1636982986519342,10001.908133362867,10001.90813336283,3.8198777474462986e-11
28013,0,Active Minimal Buyers,1406.9758000000002,0.0,0.1636982986519342,10001.908133362867,10001.90813336283,3.8198777474462986e-11
28036,0,Active Minimal Buyers,1406.9758000000002,0.0,0.1636982986519342,10001.908133362867,10001.90813336283,3.8198777474462986e-11
28092,0,Active Minimal Buyers,1406.9758000000002,0.0,0.1636982986519342,10001.908133362867,10001.90813336283,3.8198777474462986e-11
28161,0,Active Minimal Buyers,1406.9758000000002,0.0,0.1636982986519342,10001.908133362867,10001.90813336283,3.8198777474462986e-11
28162,0,Active Minimal Buyers,1406.9758000000002,0.0,0.1636982986519342,10001.908133362867,10001.90813336283,3.8198777474462986e-11
28163,0,Active Minimal Buyers,1406.9758000000002,0.0,0.1636982986519342,10001.908133362867,10001.90813336283,3.8198777474462986e-11
28164,0,Active Minimal Buyers,1406.9758000000002,0.0,0.1636982986519342,10001.908133362867,10001.90813336283,3.8198777474462986e-11
28165,0,Active Minimal Buyers,1406.9758000000002,0.0,0.1636982986519342,10001.908133362867,10001.90813336283,3.8198777474462986e-11
28166,0,Active Minimal Buyers,1406.9758000000002,0.0,0.1636982986519342,10001.908133362867,10001.90813336283,3.8198777474462986e-11
13607,0,Active Minimal Buyers,1406.9758000000002,0.0,0.1636982986519342,10001.908133362867,10001.90813336283,3.8198777474462986e-11
17904,0,Active Minimal Buyers,1406.9758000000002,0.0,0.1636982986519342,10001.908133362867,10001.90813336283,3.8198777474462986e-11
17909,0,Active Minimal Buyers,1406.9758000000002,0.0,0.1636982986519342,10001.908133362867,10001.90813336283,3.8198777474462986e-11
17910,0,Active Minimal Buyers,1406.9758000000002,0.0,0.1636982986519342,10001.908133362867,10001.90813336283,3.8198777474462986e-11
14191,0,Active Minimal Buyers,1406.9758000000002,0.0,0.1636982986519342,10001.908133362867,10001.90813336283,3.8198777474462986e-11
14165,0,Active Minimal Buyers,1406.9758000000002,0.0,0.1636982986519342,10001.908133362867,10001.90813336283,3.8198777474462986e-11
14164,0,Active Minimal Buyers,1406.9758000000002,0.0,0.1636982986519342,10001.908133362867,10001.90813336283,3.8198777474462986e-11
14163,0,Active Minimal Buyers,1406.9758000000002,0.0,0.1636982986519342,10001.908133362867,10001.90813336283,3.8198777474462986e-11
14162,0,Active Minimal Buyers,1406.9758000000002,0.0,0.1636982986519342,10001.908133362867,10001.90813336283,3.8198777474462986e-11
14161,0,Active Minimal Buyers,1406.9758000000002,0.0,0.1636982986519342,10001.908133362867,10001.90813336283,3.8198777474462986e-11
14160,0,Active Minimal Buyers,1406.9758000000002,0.0,0.1636982986519342,10001.908133362867,10001.90813336283,3.8198777474462986e-11
14159,0,Active Minimal Buyers,1406.9758000000002,0.0,0.1636982986519342,10001.908133362867,10001.90813336283,3.8198777474462986e-11
14158,0,Active Minimal Buyers,1406.9758000000002,0.0,0.1636982986519342,10001.908133362867,10001.90813336283,3.8198777474462986e-11
14157,0,Active Minimal Buyers,1406.9758000000002,0.0,0.1636982986519342,10001.908133362867,10001.90813336283,3.8198777474462986e-11
14155,0,Active Minimal Buyers,1406.9758000000002,0.0,0.1636982986519342,10001.908133362867,10001.90813336283,3.8198777474462986e-11
28838,0,Active Minimal Buyers,1406.9758000000002,0.0,0.1636982986519342,10001.908133362867,10001.90813336283,3.8198777474462986e-11
14150,0,Active Minimal Buyers,1406.9758000000002,0.0,0.1636982986519342,10001.908133362867,10001.90813336283,3.8198777474462986e-11
28831,0,Active Minimal Buyers,1406.9758000000002,0.0,0.1636982986519342,10001.908133362867,10001.90813336283,3.8198777474462986e-11
28180,0,Active Minimal Buyers,1406.9758000000002,0.0,0.1636982986519342,10001.908133362867,10001.90813336283,3.8198777474462986e-11
17911,0,Active Minimal Buyers,1406.9758000000002,0.0,0.1636982986519342,10001.908133362867,10001.90813336283,3.8198777474462986e-11
28178,0,Active Minimal Buyers,1406.9758000000002,0.0,0.1636982986519342,10001.908133362867,10001.90813336283,3.8198777474462986e-11
18464,0,Active Minimal Buyers,1406.9758000000002,0.0,0.1636982986519342,10001.908133362867,10001.90813336283,3.8198777474462986e-11
17725,0,Active Minimal Buyers,1406.9758000000002,0.0,0.1636982986519342,10001.908133362867,10001.90813336283,3.8198777474462986e-11
18469,0,Active Minimal Buyers,1406.9758000000002,0.0,0.1636982986519342,10001.908133362867,10001.90813336283,3.8198777474462986e-11
14207,0,Active Minimal Buyers,1406.9758000000002,0.0,0.1636982986519342,10001.908133362867,10001.90813336283,3.8198777474462986e-11
18470,0,Active Minimal Buyers,1406.9758000000002,0.0,0.1636982986519342,10001.908133362867,10001.90813336283,3.8198777474462986e-11
17917,0,Active Minimal Buyers,1406.9758000000002,0.0,0.1636982986519342,10001.908133362867,10001.90813336283,3.8198777474462986e-11
17916,0,Active Minimal Buyers,1406.9758000000002,0.0,0.1636982986519342,10001.908133362867,10001.90813336283,3.8198777474462986e-11
17915,0,Active Minimal Buyers,1406.9758000000002,0.0,0.1636982986519342,10001.908133362867,10001.90813336283,3.8198777474462986e-11
14195,0,Active Minimal Buyers,1406.9758000000002,0.0,0.1636982986519342,10001.908133362867,10001.90813336283,3.8198777474462986e-11
17914,0,Active Minimal Buyers,1406.9758000000002,0.0,0.1636982986519342,10001.908133362867,10001.90813336283,3.8198777474462986e-11
17913,0,Active Minimal Buyers,1406.9758000000002,0.0,0.1636982986519342,10001.908133362867,10001.90813336283,3.8198777474462986e-11
17912,0,Active Minimal Buyers,1406.9758000000002,0.0,0.1636982986519342,10001.908133362867,10001.90813336283,3.8198777474462986e-11
28167,0,Active Minimal Buyers,1406.9758000000002,0.0,0.1636982986519342,10001.908133362867,10001.90813336283,3.8198777474462986e-11
28169,0,Active Minimal Buyers,1406.9758000000002,0.0,0.1636982986519342,10001.908133362867,10001.90813336283,3.8198777474462986e-11
28170,0,Active Minimal Buyers,1406.9758000000002,0.0,0.1636982986519342,10001.908133362867,10001.90813336283,3.8198777474462986e-11
17925,0,Active Minimal Buyers,1406.9758000000002,0.0,0.1636982986519342,10001.908133362867,10001.90813336283,3.8198777474462986e-11
13777,0,Active Minimal Buyers,1406.9758000000002,0.0,0.1636982986519342,10001.908133362867,10001.90813336283,3.8198777474462986e-11
13771,0,Active Minimal Buyers,1406.9758000000002,0.0,0.1636982986519342,10001.908133362867,10001.90813336283,3.8198777474462986e-11
13770,0,Active Minimal Buyers,1406.9758000000002,0.0,0.1636982986519342,10001.908133362867,10001.90813336283,3.8198777474462986e-11
13808,0,Active Minimal Buyers,1406.9758000000002,0.0,0.1636982986519342,10001.908133362867,10001.90813336283,3.8198777474462986e-11
17922,0,Active Minimal Buyers,1406.9758000000002,0.0,0.1636982986519342,10001.908133362867,10001.90813336283,3.8198777474462986e-11
22112,0,Active Minimal Buyers,1406.9758000000002,0.0,0.1636982986519342,10001.908133362867,10001.90813336283,3.8198777474462986e-11
13847,0,Active Minimal Buyers,1406.9758000000002,0.0,0.1636982986519342,10001.908133362867,10001.90813336283,3.8198777474462986e-11
13846,0,Active Minimal Buyers,1406.9758000000002,0.0,0.1636982986519342,10001.908133362867,10001.90813336283,3.8198777474462986e-11
13845,0,Active Minimal Buyers,1406.9758000000002,0.0,0.1636982986519342,10001.908133362867,10001.90813336283,3.8198777474462986e-11
13844,0,Active Minimal Buyers,1406.9758000000002,0.0,0.1636982986519342,10001.908133362867,10001.90813336283,3.8198777474462986e-11
13842,0,Active Minimal Buyers,1406.9758000000002,0.0,0.1636982986519342,10001.908133362867,10001.90813336283,3.8198777474462986e-11
17923,0,Active Minimal Buyers,1406.9758000000002,0.0,0.1636982986519342,10001.908133362867,10001.90813336283,3.8198777474462986e-11
17924,0,Active Minimal Buyers,1406.9758000000002,0.0,0.1636982986519342,10001.908133362867,10001.90813336283,3.8198777474462986e-11
13836,0,Active Minimal Buyers,1406.9758000000002,0.0,0.1636982986519342,10001.908133362867,10001.90813336283,3.8198777474462986e-11
13783,0,Active Minimal Buyers,1406.9758000000002,0.0,0.1636982986519342,10001.908133362867,10001.90813336283,3.8198777474462986e-11
13829,0,Active Minimal Buyers,1406.9758000000002,0.0,0.1636982986519342,10001.908133362867,10001.90813336283,3.8198777474462986e-11
13822,0,Active Minimal Buyers,1406.9758000000002,0.0,0.1636982986519342,10001.908133362867,10001.90813336283,3.8198777474462986e-11
11810,0,Active Minimal Buyers,1406.9758000000002,0.0,0.1636982986519342,10001.908133362867,10001.90813336283,3.8198777474462986e-11
13820,0,Active Minimal Buyers,1406.9758000000002,0.0,0.1636982986519342,10001.908133362867,10001.90813336283,3.8198777474462986e-11
17926,0,Active Minimal Buyers,1406.9758000000002,0.0,0.1636982986519342,10001.908133362867,10001.90813336283,3.8198777474462986e-11
17927,0,Active Minimal Buyers,1406.9758000000002,0.0,0.1636982986519342,10001.908133362867,10001.90813336283,3.8198777474462986e-11
11529,0,Active Minimal Buyers,1406.9758000000002,0.0,0.1636982986519342,10001.908133362867,10001.90813336283,3.8198777474462986e-11
11540,0,Active Minimal Buyers,1406.9758000000002,0.0,0.1636982986519342,10001.908133362867,10001.90813336283,3.8198777474462986e-11
11539,0,Active Minimal Buyers,1406.9758000000002,0.0,0.1636982986519342,10001.908133362867,10001.90813336283,3.8198777474462986e-11
11538,0,Active Minimal Buyers,1406.9758000000002,0.0,0.1636982986519342,10001.908133362867,10001.90813336283,3.8198777474462986e-11
11537,0,Active Minimal Buyers,1406.9758000000002,0.0,0.1636982986519342,10001.908133362867,10001.90813336283,3.8198777474462986e-11
11536,0,Active Minimal Buyers,1406.9758000000002,0.0,0.1636982986519342,10001.908133362867,10001.90813336283,3.8198777474462986e-11
11535,0,Active Minimal Buyers,1406.9758000000002,0.0,0.1636982986519342,10001.908133362867,10001.90813336283,3.8198777474462986e-11
13782,0,Active Minimal Buyers,1406.9758000000002,0.0,0.1636982986519342,10001.908133362867,10001.90813336283,3.8198777474462986e-11
13790,0,Active Minimal Buyers,1406.9758000000002,0.0,0.1636982986519342,10001.908133362867,10001.90813336283,3.8198777474462986e-11
28171,0,Active Minimal Buyers,1406.9758000000002,0.0,0.1636982986519342,10001.908133362867,10001.90813336283,3.8198777474462986e-11
28147,0,Active Minimal Buyers,1406.9758000000002,0.0,0.1636982986519342,10001.908133362867,10001.90813336283,3.8198777474462986e-11
28173,0,Active Minimal Buyers,1406.9758000000002,0.0,0.1636982986519342,10001.908133362867,10001.90813336283,3.8198777474462986e-11
28176,0,Active Minimal Buyers,1406.9758000000002,0.0,0.1636982986519342,10001.908133362867,10001.90813336283,3.8198777474462986e-11
28177,0,Active Minimal Buyers,1406.9758000000002,0.0,0.1636982986519342,10001.908133362867,10001.90813336283,3.8198777474462986e-11
28159,0,Active Minimal Buyers,1406.9758000000002,0.0,0.1636982986519342,10001.908133362867,10001.90813336283,3.8198777474462986e-11
28155,0,Active Minimal Buyers,1406.9758000000002,0.0,0.1636982986519342,10001.908133362867,10001.90813336283,3.8198777474462986e-11
28096,0,Active Minimal Buyers,1406.9758000000002,0.0,0.1636982986519342,10001.908133362867,10001.90813336283,3.8198777474462986e-11
13580,0,Active Minimal Buyers,1406.9758000000002,0.0,0.1636982986519342,10001.908133362867,10001.90813336283,3.8198777474462986e-11
13579,0,Active Minimal Buyers,1406.9758000000002,0.0,0.1636982986519342,10001.908133362867,10001.90813336283,3.8198777474462986e-11
28099,0,Active Minimal Buyers,1406.9758000000002,0.0,0.1636982986519342,10001.908133362867,10001.90813336283,3.8198777474462986e-11
28129,0,Active Minimal Buyers,1406.9758000000002,0.0,0.1636982986519342,10001.908133362867,10001.90813336283,3.8198777474462986e-11
28130,0,Active Minimal Buyers,1406.9758000000002,0.0,0.1636982986519342,10001.908133362867,10001.90813336283,3.8198777474462986e-11
13570,0,Active Minimal Buyers,1406.9758000000002,0.0,0.1636982986519342,10001.908133362867,10001.90813336283,3.8198777474462986e-11
13606,0,Active Minimal Buyers,1406.9758000000002,0.0,0.1636982986519342,10001.908133362867,10001.90813336283,3.8198777474462986e-11
28148,0,Active Minimal Buyers,1406.9758000000002,0.0,0.1636982986519342,10001.908133362867,10001.90813336283,3.8198777474462986e-11
13794,0,Active Minimal Buyers,1406.9758000000002,0.0,0.1636982986519342,10001.908133362867,10001.90813336283,3.8198777474462986e-11
28149,0,Active Minimal Buyers,1406.9758000000002,0.0,0.1636982986519342,10001.908133362867,10001.90813336283,3.8198777474462986e-11
28150,0,Active Minimal Buyers,1406.9758000000002,0.0,0.1636982986519342,10001.908133362867,10001.90813336283,3.8198777474462986e-11
28152,0,Active Minimal Buyers,1406.9758000000002,0.0,0.1636982986519342,10001.908133362867,10001.90813336283,3.8198777474462986e-11
14991,0,Active Minimal Buyers,1406.9758000000002,0.0,0.1636982986519342,10001.908133362867,10001.90813336283,3.8198777474462986e-11
28142,0,Active Minimal Buyers,1406.9758000000002,0.0,0.1636982986519342,10001.908133362867,10001.90813336283,3.8198777474462986e-11
15620,0,Active Minimal Buyers,1406.9758000000002,0.0,0.1636982986519342,10001.908133362867,10001.90813336283,3.8198777474462986e-11
15614,0,Active Minimal Buyers,1406.9758000000002,0.0,0.1636982986519342,10001.908133362867,10001.90813336283,3.8198777474462986e-11
27672,0,Active Minimal Buyers,1406.9758000000002,0.0,0.1636982986519342,10001.908133362867,10001.90813336283,3.8198777474462986e-11
18465,0,Active Minimal Buyers,1406.9758000000002,0.0,0.1636982986519342,10001.908133362867,10001.90813336283,3.8198777474462986e-11
27752,0,Active Minimal Buyers,1406.9758000000002,0.0,0.1636982986519342,10001.908133362867,10001.90813336283,3.8198777474462986e-11
18203,0,Active Minimal Buyers,1406.9758000000002,0.0,0.1636982986519342,10001.908133362867,10001.90813336283,3.8198777474462986e-11
13807,0,Active Minimal Buyers,1406.9758000000002,0.0,0.1636982986519342,10001.908133362867,10001.90813336283,3.8198777474462986e-11
13795,0,Active Minimal Buyers,1406.9758000000002,0.0,0.1636982986519342,10001.908133362867,10001.90813336283,3.8198777474462986e-11
11811,0,Active Minimal Buyers,1406.9758000000002,0.0,0.1636982986519342,10001.908133362867,10001.90813336283,3.8198777474462986e-11
19593,0,Active Minimal Buyers,1406.9758000000002,0.0,0.1636982986519342,10001.908133362867,10001.90813336283,3.8198777474462986e-11
19596,0,Active Minimal Buyers,1406.9758000000002,0.0,0.1636982986519342,10001.908133362867,10001.90813336283,3.8198777474462986e-11
18731,0,Active Minimal Buyers,1406.9758000000002,0.0,0.1636982986519342,10001.908133362867,10001.90813336283,3.8198777474462986e-11
11274,0,Active Minimal Buyers,1406.9758000000002,0.0,0.1636982986519342,10001.908133362867,10001.90813336283,3.8198777474462986e-11
23830,0,Active Minimal Buyers,1406.9758000000002,0.0,0.1636982986519342,10001.908133362867,10001.90813336283,3.8198777474462986e-11
11885,0,Active Minimal Buyers,1406.9758000000002,0.0,0.1636982986519342,10001.908133362867,10001.90813336283,3.8198777474462986e-11
23592,0,Active Minimal Buyers,1406.9758000000002,0.0,0.1636982986519342,10001.908133362867,10001.90813336283,3.8198777474462986e-11
23583,0,Active Minimal Buyers,1406.9758000000002,0.0,0.1636982986519342,10001.908133362867,10001.90813336283,3.8198777474462986e-11
18725,0,Active Minimal Buyers,1406.9758000000002,0.0,0.1636982986519342,10001.908133362867,10001.90813336283,3.8198777474462986e-11
18724,0,Active Minimal Buyers,1406.9758000000002,0.0,0.1636982986519342,10001.908133362867,10001.90813336283,3.8198777474462986e-11
18723,0,Active Minimal Buyers,1406.9758000000002,0.0,0.1636982986519342,10001.908133362867,10001.90813336283,3.8198777474462986e-11
18722,0,Active Minimal Buyers,1406.9758000000002,0.0,0.1636982986519342,10001.908133362867,10001.90813336283,3.8198777474462986e-11
18721,0,Active Minimal Buyers,1406.9758000000002,0.0,0.1636982986519342,10001.908133362867,10001.90813336283,3.8198777474462986e-11
18718,0,Active Minimal Buyers,1406.9758000000002,0.0,0.1636982986519342,10001.908133362867,10001.90813336283,3.8198777474462986e-11
18716,0,Active Minimal Buyers,1406.9758000000002,0.0,0.1636982986519342,10001.908133362867,10001.90813336283,3.8198777474462986e-11
18710,0,Active Minimal Buyers,1406.9758000000002,0.0,0.1636982986519342,10001.908133362867,10001.90813336283,3.8198777474462986e-11
18709,0,Active Minimal Buyers,1406.9758000000002,0.0,0.1636982986519342,10001.908133362867,10001.90813336283,3.8198777474462986e-11
18708,0,Active Minimal Buyers,1406.9758000000002,0.0,0.1636982986519342,10001.908133362867,10001.90813336283,3.8198777474462986e-11
18706,0,Active Minimal Buyers,1406.9758000000002,0.0,0.1636982986519342,10001.908133362867,10001.90813336283,3.8198777474462986e-11
18703,0,Active Minimal Buyers,1406.9758000000002,0.0,0.1636982986519342,10001.908133362867,10001.90813336283,3.8198777474462986e-11
18702,0,Active Minimal Buyers,1406.9758000000002,0.0,0.1636982986519342,10001.908133362867,10001.90813336283,3.8198777474462986e-11
18738,0,Active Minimal Buyers,1406.9758000000002,0.0,0.1636982986519342,10001.908133362867,10001.90813336283,3.8198777474462986e-11
18740,0,Active Minimal Buyers,1406.9758000000002,0.0,0.1636982986519342,10001.908133362867,10001.90813336283,3.8198777474462986e-11
18746,0,Active Minimal Buyers,1406.9758000000002,0.0,0.1636982986519342,10001.908133362867,10001.90813336283,3.8198777474462986e-11
18931,0,Active Minimal Buyers,1406.9758000000002,0.0,0.1636982986519342,10001.908133362867,10001.90813336283,3.8198777474462986e-11
18930,0,Active Minimal Buyers,1406.9758000000002,0.0,0.1636982986519342,10001.908133362867,10001.90813336283,3.8198777474462986e-11
18929,0,Active Minimal Buyers,1406.9758000000002,0.0,0.1636982986519342,10001.908133362867,10001.90813336283,3.8198777474462986e-11
18928,0,Active Minimal Buyers,1406.9758000000002,0.0,0.1636982986519342,10001.908133362867,10001.90813336283,3.8198777474462986e-11
18909,0,Active Minimal Buyers,1406.9758000000002,0.0,0.1636982986519342,10001.908133362867,10001.90813336283,3.8198777474462986e-11
18908,0,Active Minimal Buyers,1406.9758000000002,0.0,0.1636982986519342,10001.908133362867,10001.90813336283,3.8198777474462986e-11
23725,0,Active Minimal Buyers,1406.9758000000002,0.0,0.1636982986519342,10001.908133362867,10001.90813336283,3.8198777474462986e-11
23730,0,Active Minimal Buyers,1406.9758000000002,0.0,0.1636982986519342,10001.908133362867,10001.90813336283,3.8198777474462986e-11
23731,0,Active Minimal Buyers,1406.9758000000002,0.0,0.1636982986519342,10001.908133362867,10001.90813336283,3.8198777474462986e-11
18726,0,Active Minimal Buyers,1406.9758000000002,0.0,0.1636982986519342,10001.908133362867,10001.90813336283,3.8198777474462986e-11
23865,0,Active Minimal Buyers,1406.9758000000002,0.0,0.1636982986519342,10001.908133362867,10001.90813336283,3.8198777474462986e-11
23858,0,Active Minimal Buyers,1406.9758000000002,0.0,0.1636982986519342,10001.908133362867,10001.90813336283,3.8198777474462986e-11
24284,0,Active Minimal Buyers,1406.9758000000002,0.0,0.1636982986519342,10001.908133362867,10001.90813336283,3.8198777474462986e-11
23846,0,Active Minimal Buyers,1406.9758000000002,0.0,0.1636982986519342,10001.908133362867,10001.90813336283,3.8198777474462986e-11
11299,0,Active Minimal Buyers,1406.9758000000002,0.0,0.1636982986519342,10001.908133362867,10001.90813336283,3.8198777474462986e-11
11298,0,Active Minimal Buyers,1406.9758000000002,0.0,0.1636982986519342,10001.908133362867,10001.90813336283,3.8198777474462986e-11
11297,0,Active Minimal Buyers,1406.9758000000002,0.0,0.1636982986519342,10001.908133362867,10001.90813336283,3.8198777474462986e-11
18729,0,Active Minimal Buyers,1406.9758000000002,0.0,0.1636982986519342,10001.908133362867,10001.90813336283,3.8198777474462986e-11
23842,0,Active Minimal Buyers,1406.9758000000002,0.0,0.1636982986519342,10001.908133362867,10001.90813336283,3.8198777474462986e-11
23829,0,Active Minimal Buyers,1406.9758000000002,0.0,0.1636982986519342,10001.908133362867,10001.90813336283,3.8198777474462986e-11
23566,0,Active Minimal Buyers,1406.9758000000002,0.0,0.1636982986519342,10001.908133362867,10001.90813336283,3.8198777474462986e-11
11227,0,Active Minimal Buyers,1406.9758000000002,0.0,0.1636982986519342,10001.908133362867,10001.90813336283,3.8198777474462986e-11
11217,0,Active Minimal Buyers,1406.9758000000002,0.0,0.1636982986519342,10001.908133362867,10001.90813336283,3.8198777474462986e-11
23806,0,Active Minimal Buyers,1406.9758000000002,0.0,0.1636982986519342,10001.908133362867,10001.90813336283,3.8198777474462986e-11
11216,0,Active Minimal Buyers,1406.9758000000002,0.0,0.1636982986519342,10001.908133362867,10001.90813336283,3.8198777474462986e-11
11189,0,Active Minimal Buyers,1406.9758000000002,0.0,0.1636982986519342,10001.908133362867,10001.90813336283,3.8198777474462986e-11
18193,0,Active Minimal Buyers,1406.9758000000002,0.0,0.1636982986519342,10001.908133362867,10001.90813336283,3.8198777474462986e-11
18196,0,Active Minimal Buyers,1406.9758000000002,0.0,0.1636982986519342,10001.908133362867,10001.90813336283,3.8198777474462986e-11
18198,0,Active Minimal Buyers,1406.9758000000002,0.0,0.1636982986519342,10001.908133362867,10001.90813336283,3.8198777474462986e-11
18200,0,Active Minimal Buyers,1406.9758000000002,0.0,0.1636982986519342,10001.908133362867,10001.90813336283,3.8198777474462986e-11
18201,0,Active Minimal Buyers,1406.9758000000002,0.0,0.1636982986519342,10001.908133362867,10001.90813336283,3.8198777474462986e-11
11296,0,Active Minimal Buyers,1406.9758000000002,0.0,0.1636982986519342,10001.908133362867,10001.90813336283,3.8198777474462986e-11
23511,0,Active Minimal Buyers,1406.9758000000002,0.0,0.1636982986519342,10001.908133362867,10001.90813336283,3.8198777474462986e-11
23486,0,Active Minimal Buyers,1406.9758000000002,0.0,0.1636982986519342,10001.908133362867,10001.90813336283,3.8198777474462986e-11
18202,0,Active Minimal Buyers,1406.9758000000002,0.0,0.1636982986519342,10001.908133362867,10001.90813336283,3.8198777474462986e-11
23819,0,Active Minimal Buyers,1406.9758000000002,0.0,0.1636982986519342,10001.908133362867,10001.90813336283,3.8198777474462986e-11
18769,0,Active Minimal Buyers,1406.9758000000002,0.0,0.1636982986519342,10001.908133362867,10001.90813336283,3.8198777474462986e-11
18768,0,Active Minimal Buyers,1406.9758000000002,0.0,0.1636982986519342,10001.908133362867,10001.90813336283,3.8198777474462986e-11
18767,0,Active Minimal Buyers,1406.9758000000002,0.0,0.1636982986519342,10001.908133362867,10001.90813336283,3.8198777474462986e-11
22995,0,Active Minimal Buyers,1406.9758000000002,0.0,0.1636982986519342,10001.908133362867,10001.90813336283,3.8198777474462986e-11
17921,0,Active Minimal Buyers,1406.9758000000002,0.0,0.1636982986519342,10001.908133362867,10001.90813336283,3.8198777474462986e-11
29225,0,Active Minimal Buyers,1406.9758000000002,0.0,0.1636982986519342,10001.908133362867,10001.90813336283,3.8198777474462986e-11
23283,0,Active Minimal Buyers,1406.9758000000002,0.0,0.1636982986519342,10001.908133362867,10001.90813336283,3.8198777474462986e-11
22975,0,Active Minimal Buyers,1406.9758000000002,0.0,0.1636982986519342,10001.908133362867,10001.90813336283,3.8198777474462986e-11
22971,0,Active Minimal Buyers,1406.9758000000002,0.0,0.1636982986519342,10001.908133362867,10001.90813336283,3.8198777474462986e-11
23281,0,Active Minimal Buyers,1406.9758000000002,0.0,0.1636982986519342,10001.908133362867,10001.90813336283,3.8198777474462986e-11
23114,0,Active Minimal Buyers,1406.9758000000002,0.0,0.1636982986519342,10001.908133362867,10001.90813336283,3.8198777474462986e-11
22976,0,Active Minimal Buyers,1406.9758000000002,0.0,0.1636982986519342,10001.908133362867,10001.90813336283,3.8198777474462986e-11
23113,0,Active Minimal Buyers,1406.9758000000002,0.0,0.1636982986519342,10001.908133362867,10001.90813336283,3.8198777474462986e-11
23306,0,Active Minimal Buyers,1406.9758000000002,0.0,0.1636982986519342,10001.908133362867,10001.90813336283,3.8198777474462986e-11
23267,0,Active Minimal Buyers,1406.9758000000002,0.0,0.1636982986519342,10001.908133362867,10001.90813336283,3.8198777474462986e-11
23209,0,Active Minimal Buyers,1406.9758000000002,0.0,0.1636982986519342,10001.908133362867,10001.90813336283,3.8198777474462986e-11
23137,0,Active Minimal Buyers,1406.9758000000002,0.0,0.1636982986519342,10001.908133362867,10001.90813336283,3.8198777474462986e-11
22268,0,Active Minimal Buyers,1406.9758000000002,0.0,0.1636982986519342,10001.908133362867,10001.90813336283,3.8198777474462986e-11
23164,0,Active Minimal Buyers,1406.9758000000002,0.0,0.1636982986519342,10001.908133362867,10001.90813336283,3.8198777474462986e-11
23172,0,Active Minimal Buyers,1406.9758000000002,0.0,0.1636982986519342,10001.908133362867,10001.90813336283,3.8198777474462986e-11
23378,0,Active Minimal Buyers,1406.9758000000002,0.0,0.1636982986519342,10001.908133362867,10001.90813336283,3.8198777474462986e-11
23385,0,Active Minimal Buyers,1406.9758000000002,0.0,0.1636982986519342,10001.908133362867,10001.90813336283,3.8198777474462986e-11
23396,0,Active Minimal Buyers,1406.9758000000002,0.0,0.1636982986519342,10001.908133362867,10001.90813336283,3.8198777474462986e-11
22996,0,Active Minimal Buyers,1406.9758000000002,0.0,0.1636982986519342,10001.908133362867,10001.90813336283,3.8198777474462986e-11
23376,0,Active Minimal Buyers,1406.9758000000002,0.0,0.1636982986519342,10001.908133362867,10001.90813336283,3.8198777474462986e-11
23057,0,Active Minimal Buyers,1406.9758000000002,0.0,0.1636982986519342,10001.908133362867,10001.90813336283,3.8198777474462986e-11
23074,0,Active Minimal Buyers,1406.9758000000002,0.0,0.1636982986519342,10001.908133362867,10001.90813336283,3.8198777474462986e-11
23397,0,Active Minimal Buyers,1406.9758000000002,0.0,0.1636982986519342,10001.908133362867,10001.90813336283,3.8198777474462986e-11
23351,0,Active Minimal Buyers,1406.9758000000002,0.0,0.1636982986519342,10001.908133362867,10001.90813336283,3.8198777474462986e-11
18204,0,Active Minimal Buyers,1406.9758000000002,0.0,0.1636982986519342,10001.908133362867,10001.90813336283,3.8198777474462986e-11
22267,0,Active Minimal Buyers,1406.9758000000002,0.0,0.1636982986519342,10001.908133362867,10001.90813336283,3.8198777474462986e-11
18699,0,Active Minimal Buyers,1406.9758000000002,0.0,0.1636982986519342,10001.908133362867,10001.90813336283,3.8198777474462986e-11
18766,0,Active Minimal Buyers,1406.9758000000002,0.0,0.1636982986519342,10001.908133362867,10001.90813336283,3.8198777474462986e-11
22901,0,Active Minimal Buyers,1406.9758000000002,0.0,0.1636982986519342,10001.908133362867,10001.90813336283,3.8198777474462986e-11
18747,0,Active Minimal Buyers,1406.9758000000002,0.0,0.1636982986519342,10001.908133362867,10001.90813336283,3.8198777474462986e-11
18700,0,Active Minimal Buyers,1406.9758000000002,0.0,0.1636982986519342,10001.908133362867,10001.90813336283,3.8198777474462986e-11
24310,0,Active Minimal Buyers,1406.9758000000002,0.0,0.1636982986519342,10001.908133362867,10001.90813336283,3.8198777474462986e-11
22881,0,Active Minimal Buyers,1406.9758000000002,0.0,0.1636982986519342,10001.908133362867,10001.90813336283,3.8198777474462986e-11
22877,0,Active Minimal Buyers,1406.9758000000002,0.0,0.1636982986519342,10001.908133362867,10001.90813336283,3.8198777474462986e-11
22765,0,Active Minimal Buyers,1406.9758000000002,0.0,0.1636982986519342,10001.908133362867,10001.90813336283,3.8198777474462986e-11
22748,0,Active Minimal Buyers,1406.9758000000002,0.0,0.1636982986519342,10001.908133362867,10001.90813336283,3.8198777474462986e-11
22889,0,Active Minimal Buyers,1406.9758000000002,0.0,0.1636982986519342,10001.908133362867,10001.90813336283,3.8198777474462986e-11
22732,0,Active Minimal Buyers,1406.9758000000002,0.0,0.1636982986519342,10001.908133362867,10001.90813336283,3.8198777474462986e-11
15631,0,Active Minimal Buyers,1406.9758000000002,0.0,0.1636982986519342,10001.908133362867,10001.90813336283,3.8198777474462986e-11
22713,0,Active Minimal Buyers,1406.9758000000002,0.0,0.1636982986519342,10001.908133362867,10001.90813336283,3.8198777474462986e-11
22893,0,Active Minimal Buyers,1406.9758000000002,0.0,0.1636982986519342,10001.908133362867,10001.90813336283,3.8198777474462986e-11
22903,0,Active Minimal Buyers,1406.9758000000002,0.0,0.1636982986519342,10001.908133362867,10001.90813336283,3.8198777474462986e-11
18701,0,Active Minimal Buyers,1406.9758000000002,0.0,0.1636982986519342,10001.908133362867,10001.90813336283,3.8198777474462986e-11
22247,0,Active Minimal Buyers,1406.9758000000002,0.0,0.1636982986519342,10001.908133362867,10001.90813336283,3.8198777474462986e-11
22234,0,Active Minimal Buyers,1406.9758000000002,0.0,0.1636982986519342,10001.908133362867,10001.90813336283,3.8198777474462986e-11
22233,0,Active Minimal Buyers,1406.9758000000002,0.0,0.1636982986519342,10001.908133362867,10001.90813336283,3.8198777474462986e-11
22232,0,Active Minimal Buyers,1406.9758000000002,0.0,0.1636982986519342,10001.908133362867,10001.90813336283,3.8198777474462986e-11
22230,0,Active Minimal Buyers,1406.9758000000002,0.0,0.1636982986519342,10001.908133362867,10001.90813336283,3.8198777474462986e-11
22251,0,Active Minimal Buyers,1406.9758000000002,0.0,0.1636982986519342,10001.908133362867,10001.90813336283,3.8198777474462986e-11
22182,0,Active Minimal Buyers,1406.9758000000002,0.0,0.1636982986519342,10001.908133362867,10001.90813336283,3.8198777474462986e-11
22128,0,Active Minimal Buyers,1406.9758000000002,0.0,0.1636982986519342,10001.908133362867,10001.90813336283,3.8198777474462986e-11
22121,0,Active Minimal Buyers,1406.9758000000002,0.0,0.1636982986519342,10001.908133362867,10001.90813336283,3.8198777474462986e-11
22252,0,Active Minimal Buyers,1406.9758000000002,0.0,0.1636982986519342,10001.908133362867,10001.90813336283,3.8198777474462986e-11
22373,0,Active Minimal Buyers,1406.9758000000002,0.0,0.1636982986519342,10001.908133362867,10001.90813336283,3.8198777474462986e-11
22299,0,Active Minimal Buyers,1406.9758000000002,0.0,0.1636982986519342,10001.908133362867,10001.90813336283,3.8198777474462986e-11
22118,0,Active Minimal Buyers,1406.9758000000002,0.0,0.1636982986519342,10001.908133362867,10001.90813336283,3.8198777474462986e-11
11302,0,Active Minimal Buyers,1406.9758000000002,0.0,0.1636982986519342,10001.908133362867,10001.90813336283,3.8198777474462986e-11
19559,0,Active Minimal Buyers,1406.9758000000002,0.0,0.1636982986519342,10001.908133362867,10001.90813336283,3.8198777474462986e-11
11303,0,Active Minimal Buyers,1406.9758000000002,0.0,0.1636982986519342,10001.908133362867,10001.90813336283,3.8198777474462986e-11
11708,0,Active Minimal Buyers,1406.9758000000002,0.0,0.1636982986519342,10001.908133362867,10001.90813336283,3.8198777474462986e-11
11707,0,Active Minimal Buyers,1406.9758000000002,0.0,0.1636982986519342,10001.908133362867,10001.90813336283,3.8198777474462986e-11
11705,0,Active Minimal Buyers,1406.9758000000002,0.0,0.1636982986519342,10001.908133362867,10001.90813336283,3.8198777474462986e-11
11696,0,Active Minimal Buyers,1406.9758000000002,0.0,0.1636982986519342,10001.908133362867,10001.90813336283,3.8198777474462986e-11
19595,0,Active Minimal Buyers,1406.9758000000002,0.0,0.1636982986519342,10001.908133362867,10001.90813336283,3.8198777474462986e-11
11690,0,Active Minimal Buyers,1406.9758000000002,0.0,0.1636982986519342,10001.908133362867,10001.90813336283,3.8198777474462986e-11
11688,0,Active Minimal Buyers,1406.9758000000002,0.0,0.1636982986519342,10001.908133362867,10001.90813336283,3.8198777474462986e-11
11683,0,Active Minimal Buyers,1406.9758000000002,0.0,0.1636982986519342,10001.908133362867,10001.90813336283,3.8198777474462986e-11
11678,0,Active Minimal Buyers,1406.9758000000002,0.0,0.1636982986519342,10001.908133362867,10001.90813336283,3.8198777474462986e-11
11675,0,Active Minimal Buyers,1406.9758000000002,0.0,0.1636982986519342,10001.908133362867,10001.90813336283,3.8198777474462986e-11
11671,0,Active Minimal Buyers,1406.9758000000002,0.0,0.1636982986519342,10001.908133362867,10001.90813336283,3.8198777474462986e-11
11666,0,Active Minimal Buyers,1406.9758000000002,0.0,0.1636982986519342,10001.908133362867,10001.90813336283,3.8198777474462986e-11
11665,0,Active Minimal Buyers,1406.9758000000002,0.0,0.1636982986519342,10001.908133362867,10001.90813336283,3.8198777474462986e-11
11664,0,Active Minimal Buyers,1406.9758000000002,0.0,0.1636982986519342,10001.908133362867,10001.90813336283,3.8198777474462986e-11
19576,0,Active Minimal Buyers,1406.9758000000002,0.0,0.1636982986519342,10001.908133362867,10001.90813336283,3.8198777474462986e-11
20600,0,Active Minimal Buyers,1406.9758000000002,0.0,0.1636982986519342,10001.908133362867,10001.90813336283,3.8198777474462986e-11
11886,0,Active Minimal Buyers,1406.9758000000002,0.0,0.1636982986519342,10001.908133362867,10001.90813336283,3.8198777474462986e-11
20611,0,Active Minimal Buyers,1406.9758000000002,0.0,0.1636982986519342,10001.908133362867,10001.90813336283,3.8198777474462986e-11
17918,0,Active Minimal Buyers,1406.9758000000002,0.0,0.1636982986519342,10001.908133362867,10001.90813336283,3.8198777474462986e-11
17919,0,Active Minimal Buyers,1406.9758000000002,0.0,0.1636982986519342,10001.908133362867,10001.90813336283,3.8198777474462986e-11
17920,0,Active Minimal Buyers,1406.9758000000002,0.0,0.1636982986519342,10001.908133362867,10001.90813336283,3.8198777474462986e-11
19089,0,Active Minimal Buyers,1406.9758000000002,0.0,0.1636982986519342,10001.908133362867,10001.90813336283,3.8198777474462986e-11
19084,0,Active Minimal Buyers,1406.9758000000002,0.0,0.1636982986519342,10001.908133362867,10001.90813336283,3.8198777474462986e-11
19083,0,Active Minimal Buyers,1406.9758000000002,0.0,0.1636982986519342,10001.908133362867,10001.90813336283,3.8198777474462986e-11
20447,0,Active Minimal Buyers,1406.9758000000002,0.0,0.1636982986519342,10001.908133362867,10001.90813336283,3.8198777474462986e-11
19093,0,Active Minimal Buyers,1406.9758000000002,0.0,0.1636982986519342,10001.908133362867,10001.90813336283,3.8198777474462986e-11
19094,0,Active Minimal Buyers,1406.9758000000002,0.0,0.1636982986519342,10001.908133362867,10001.90813336283,3.8198777474462986e-11
11727,0,Active Minimal Buyers,1406.9758000000002,0.0,0.1636982986519342,10001.908133362867,10001.90813336283,3.8198777474462986e-11
19594,0,Active Minimal Buyers,1406.9758000000002,0.0,0.1636982986519342,10001.908133362867,10001.90813336283,3.8198777474462986e-11
11741,0,Active Minimal Buyers,1406.9758000000002,0.0,0.1636982986519342,10001.908133362867,10001.90813336283,3.8198777474462986e-11
19563,0,Active Minimal Buyers,1406.9758000000002,0.0,0.1636982986519342,10001.908133362867,10001.90813336283,3.8198777474462986e-11
15619,0,Active Minimal Buyers,1406.9758000000002,0.0,0.1636982986519342,10001.908133362867,10001.90813336283,3.8198777474462986e-11
11630,0,Active Minimal Buyers,1406.9758000000002,0.0,0.1636982986519342,10001.908133362867,10001.90813336283,3.8198777474462986e-11
11628,0,Active Minimal Buyers,1406.9758000000002,0.0,0.1636982986519342,10001.908133362867,10001.90813336283,3.8198777474462986e-11
11626,0,Active Minimal Buyers,1406.9758000000002,0.0,0.1636982986519342,10001.908133362867,10001.90813336283,3.8198777474462986e-11
11625,0,Active Minimal Buyers,1406.9758000000002,0.0,0.1636982986519342,10001.908133362867,10001.90813336283,3.8198777474462986e-11
11624,0,Active Minimal Buyers,1406.9758000000002,0.0,0.1636982986519342,10001.908133362867,10001.90813336283,3.8198777474462986e-11
11623,0,Active Minimal Buyers,1406.9758000000002,0.0,0.1636982986519342,10001.908133362867,10001.90813336283,3.8198777474462986e-11
11617,0,Active Minimal Buyers,1406.9758000000002,0.0,0.1636982986519342,10001.908133362867,10001.90813336283,3.8198777474462986e-11
19560,0,Active Minimal Buyers,1406.9758000000002,0.0,0.1636982986519342,10001.908133362867,10001.90813336283,3.8198777474462986e-11
19561,0,Active Minimal Buyers,1406.9758000000002,0.0,0.1636982986519342,10001.908133362867,10001.90813336283,3.8198777474462986e-11
15621,0,Active Minimal Buyers,1406.9758000000002,0.0,0.1636982986519342,10001.908133362867,10001.90813336283,3.8198777474462986e-11
19562,0,Active Minimal Buyers,1406.9758000000002,0.0,0.1636982986519342,10001.908133362867,10001.90813336283,3.8198777474462986e-11
19564,0,Active Minimal Buyers,1406.9758000000002,0.0,0.1636982986519342,10001.908133362867,10001.90813336283,3.8198777474462986e-11
11742,0,Active Minimal Buyers,1406.9758000000002,0.0,0.1636982986519342,10001.908133362867,10001.90813336283,3.8198777474462986e-11
19565,0,Active Minimal Buyers,1406.9758000000002,0.0,0.1636982986519342,10001.908133362867,10001.90813336283,3.8198777474462986e-11
19568,0,Active Minimal Buyers,1406.9758000000002,0.0,0.1636982986519342,10001.908133362867,10001.90813336283,3.8198777474462986e-11
19577,0,Active Minimal Buyers,1406.9758000000002,0.0,0.1636982986519342,10001.908133362867,10001.90813336283,3.8198777474462986e-11
19586,0,Active Minimal Buyers,1406.9758000000002,0.0,0.1636982986519342,10001.908133362867,10001.90813336283,3.8198777474462986e-11
19588,0,Active Minimal Buyers,1406.9758000000002,0.0,0.1636982986519342,10001.908133362867,10001.90813336283,3.8198777474462986e-11
19592,0,Active Minimal Buyers,1406.9758000000002,0.0,0.1636982986519342,10001.908133362867,10001.90813336283,3.8198777474462986e-11
28835,0,Active Minimal Buyers,1406.9758000000002,0.0,0.1636982986519342,10001.908133362867,10001.90813336283,3.8198777474462986e-11
11629,0,Active Minimal Buyers,1406.9758000000002,0.0,0.1636982986519342,10001.908133362867,10001.90813336283,3.8198777474462986e-11
11654,0,Active Minimal Buyers,1406.9758000000002,0.0,0.1636982986519342,10001.908133362867,10001.90813336283,3.8198777474462986e-11
11745,0,Active Minimal Buyers,1406.9758000000002,0.0,0.1636982986519342,10001.908133362867,10001.90813336283,3.8198777474462986e-11
11663,0,Active Minimal Buyers,1406.9758000000002,0.0,0.1636982986519342,10001.908133362867,10001.90813336283,3.8198777474462986e-11
11743,0,Active Minimal Buyers,1406.9758000000002,0.0,0.1636982986519342,10001.908133362867,10001.90813336283,3.8198777474462986e-11
19095,0,Active Minimal Buyers,1406.9758000000002,0.0,0.1636982986519342,10001.908133362867,10001.90813336283,3.8198777474462986e-11
20446,0,Active Minimal Buyers,1406.9758000000002,0.0,0.1636982986519342,10001.908133362867,10001.90813336283,3.8198777474462986e-11
19096,0,Active Minimal Buyers,1406.9758000000002,0.0,0.1636982986519342,10001.908133362867,10001.90813336283,3.8198777474462986e-11
20247,0,Active Minimal Buyers,1406.9758000000002,0.0,0.1636982986519342,10001.908133362867,10001.90813336283,3.8198777474462986e-11
20225,0,Active Minimal Buyers,1406.9758000000002,0.0,0.1636982986519342,10001.908133362867,10001.90813336283,3.8198777474462986e-11
20226,0,Active Minimal Buyers,1406.9758000000002,0.0,0.1636982986519342,10001.908133362867,10001.90813336283,3.8198777474462986e-11
20227,0,Active Minimal Buyers,1406.9758000000002,0.0,0.1636982986519342,10001.908133362867,10001.90813336283,3.8198777474462986e-11
20228,0,Active Minimal Buyers,1406.9758000000002,0.0,0.1636982986519342,10001.908133362867,10001.90813336283,3.8198777474462986e-11
20216,0,Active Minimal Buyers,1406.9758000000002,0.0,0.1636982986519342,10001.908133362867,10001.90813336283,3.8198777474462986e-11
20236,0,Active Minimal Buyers,1406.9758000000002,0.0,0.1636982986519342,10001.908133362867,10001.90813336283,3.8198777474462986e-11
20239,0,Active Minimal Buyers,1406.9758000000002,0.0,0.1636982986519342,10001.908133362867,10001.90813336283,3.8198777474462986e-11
20241,0,Active Minimal Buyers,1406.9758000000002,0.0,0.1636982986519342,10001.908133362867,10001.90813336283,3.8198777474462986e-11
20242,0,Active Minimal Buyers,1406.9758000000002,0.0,0.1636982986519342,10001.908133362867,10001.90813336283,3.8198777474462986e-11
20244,0,Active Minimal Buyers,1406.9758000000002,0.0,0.1636982986519342,10001.908133362867,10001.90813336283,3.8198777474462986e-11
20245,0,Active Minimal Buyers,1406.9758000000002,0.0,0.1636982986519342,10001.908133362867,10001.90813336283,3.8198777474462986e-11
20246,0,Active Minimal Buyers,1406.9758000000002,0.0,0.1636982986519342,10001.908133362867,10001.90813336283,3.8198777474462986e-11
20238,0,Active Minimal Buyers,1406.9758000000002,0.0,0.1636982986519342,10001.908133362867,10001.90813336283,3.8198777474462986e-11
20220,0,Active Minimal Buyers,1406.9758000000002,0.0,0.1636982986519342,10001.908133362867,10001.90813336283,3.8198777474462986e-11
22117,0,Active Minimal Buyers,1406.9758000000002,0.0,0.1636982986519342,10001.908133362867,10001.90813336283,3.8198777474462986e-11
22120,0,Active Minimal Buyers,1406.9758000000002,0.0,0.1636982986519342,10001.908133362867,10001.90813336283,3.8198777474462986e-11
11327,0,Active Minimal Buyers,1406.9758000000002,0.0,0.1636982986519342,10001.908133362867,10001.90813336283,3.8198777474462986e-11
11329,0,Active Minimal Buyers,1406.9758000000002,0.0,0.1636982986519342,10001.908133362867,10001.90813336283,3.8198777474462986e-11
11326,0,Active Minimal Buyers,1406.9758000000002,0.0,0.1636982986519342,10001.908133362867,10001.90813336283,3.8198777474462986e-11
11325,0,Active Minimal Buyers,1406.9758000000002,0.0,0.1636982986519342,10001.908133362867,10001.90813336283,3.8198777474462986e-11
11324,0,Active Minimal Buyers,1406.9758000000002,0.0,0.1636982986519342,10001.908133362867,10001.90813336283,3.8198777474462986e-11
11323,0,Active Minimal Buyers,1406.9758000000002,0.0,0.1636982986519342,10001.908133362867,10001.90813336283,3.8198777474462986e-11
11319,0,Active Minimal Buyers,1406.9758000000002,0.0,0.1636982986519342,10001.908133362867,10001.90813336283,3.8198777474462986e-11
11317,0,Active Minimal Buyers,1406.9758000000002,0.0,0.1636982986519342,10001.908133362867,10001.90813336283,3.8198777474462986e-11
18735,0,Active Minimal Buyers,1406.9758000000002,0.0,0.1636982986519342,10001.908133362867,10001.90813336283,3.8198777474462986e-11
11307,0,Active Minimal Buyers,1406.9758000000002,0.0,0.1636982986519342,10001.908133362867,10001.90813336283,3.8198777474462986e-11
20221,0,Active Minimal Buyers,1406.9758000000002,0.0,0.1636982986519342,10001.908133362867,10001.90813336283,3.8198777474462986e-11
20219,0,Active Minimal Buyers,1406.9758000000002,0.0,0.1636982986519342,10001.908133362867,10001.90813336283,3.8198777474462986e-11
19105,0,Active Minimal Buyers,1406.9758000000002,0.0,0.1636982986519342,10001.908133362867,10001.90813336283,3.8198777474462986e-11
20154,0,Active Minimal Buyers,1406.9758000000002,0.0,0.1636982986519342,10001.908133362867,10001.90813336283,3.8198777474462986e-11
20211,0,Active Minimal Buyers,1406.9758000000002,0.0,0.1636982986519342,10001.908133362867,10001.90813336283,3.8198777474462986e-11
20213,0,Active Minimal Buyers,1406.9758000000002,0.0,0.1636982986519342,10001.908133362867,10001.90813336283,3.8198777474462986e-11
19102,0,Active Minimal Buyers,1406.9758000000002,0.0,0.1636982986519342,10001.908133362867,10001.90813336283,3.8198777474462986e-11
19099,0,Active Minimal Buyers,1406.9758000000002,0.0,0.1636982986519342,10001.908133362867,10001.90813336283,3.8198777474462986e-11
20160,0,Active Minimal Buyers,1406.9758000000002,0.0,0.1636982986519342,10001.908133362867,10001.90813336283,3.8198777474462986e-11
20159,0,Active Minimal Buyers,1406.9758000000002,0.0,0.1636982986519342,10001.908133362867,10001.90813336283,3.8198777474462986e-11
18739,0,Active Minimal Buyers,1406.9758000000002,0.0,0.1636982986519342,10001.908133362867,10001.90813336283,3.8198777474462986e-11
20214,0,Active Minimal Buyers,1406.9758000000002,0.0,0.1636982986519342,10001.908133362867,10001.90813336283,3.8198777474462986e-11
18737,0,Active Minimal Buyers,1406.9758000000002,0.0,0.1636982986519342,10001.908133362867,10001.90813336283,3.8198777474462986e-11
18736,0,Active Minimal Buyers,1406.9758000000002,0.0,0.1636982986519342,10001.908133362867,10001.90813336283,3.8198777474462986e-11
20151,0,Active Minimal Buyers,1406.9758000000002,0.0,0.1636982986519342,10001.908133362867,10001.90813336283,3.8198777474462986e-11
20152,0,Active Minimal Buyers,1406.9758000000002,0.0,0.1636982986519342,10001.908133362867,10001.90813336283,3.8198777474462986e-11
20156,0,Active Minimal Buyers,1406.9758000000002,0.0,0.1636982986519342,10001.908133362867,10001.90813336283,3.8198777474462986e-11
20249,0,Active Minimal Buyers,1406.9758000000002,0.0,0.1636982986519342,10001.908133362867,10001.90813336283,3.8198777474462986e-11
20157,0,Active Minimal Buyers,1406.9758000000002,0.0,0.1636982986519342,10001.908133362867,10001.90813336283,3.8198777474462986e-11
20158,0,Active Minimal Buyers,1406.9758000000002,0.0,0.1636982986519342,10001.908133362867,10001.90813336283,3.8198777474462986e-11
20215,0,Active Minimal Buyers,1406.9758000000002,0.0,0.1636982986519342,10001.908133362867,10001.90813336283,3.8198777474462986e-11
20217,0,Active Minimal Buyers,1406.9758000000002,0.0,0.1636982986519342,10001.908133362867,10001.90813336283,3.8198777474462986e-11
18188,0,Active Minimal Buyers,1406.9758000000002,0.0,0.1636982986519342,10001.908133362867,10001.90813336283,3.8198777474462986e-11
18189,0,Active Minimal Buyers,1406.9758000000002,0.0,0.1636982986519342,10001.908133362867,10001.90813336283,3.8198777474462986e-11
20416,0,Active Minimal Buyers,1406.9758000000002,0.0,0.1636982986519342,10001.908133362867,10001.90813336283,3.8198777474462986e-11
20420,0,Active Minimal Buyers,1406.9758000000002,0.0,0.1636982986519342,10001.908133362867,10001.90813336283,3.8198777474462986e-11
20424,0,Active Minimal Buyers,1406.9758000000002,0.0,0.1636982986519342,10001.908133362867,10001.90813336283,3.8198777474462986e-11
20426,0,Active Minimal Buyers,1406.9758000000002,0.0,0.1636982986519342,10001.908133362867,10001.90813336283,3.8198777474462986e-11
20259,0,Active Minimal Buyers,1406.9758000000002,0.0,0.1636982986519342,10001.908133362867,10001.90813336283,3.8198777474462986e-11
20253,0,Active Minimal Buyers,1406.9758000000002,0.0,0.1636982986519342,10001.908133362867,10001.90813336283,3.8198777474462986e-11
14167,0,Active Minimal Buyers,1406.9758000000002,0.0,0.1636982986519342,10001.908133362867,10001.90813336283,3.8198777474462986e-11
28154,0,Active Minimal Buyers,1406.9758000000002,0.0,0.1636982986519342,10001.908133362867,10001.90813336283,3.8198777474462986e-11
18463,0,Active Minimal Buyers,1406.9758000000002,0.0,0.1636982986519342,10001.908133362867,10001.90813336283,3.8198777474462986e-11
28624,0,Active Minimal Buyers,1406.9758000000002,0.0,0.1636982986519342,10001.908133362867,10001.90813336283,3.8198777474462986e-11
28630,0,Active Minimal Buyers,1406.9758000000002,0.0,0.1636982986519342,10001.908133362867,10001.90813336283,3.8198777474462986e-11
28629,0,Active Minimal Buyers,1406.9758000000002,0.0,0.1636982986519342,10001.908133362867,10001.90813336283,3.8198777474462986e-11
28628,0,Active Minimal Buyers,1406.9758000000002,0.0,0.1636982986519342,10001.908133362867,10001.90813336283,3.8198777474462986e-11
28627,0,Active Minimal Buyers,1406.9758000000002,0.0,0.1636982986519342,10001.908133362867,10001.90813336283,3.8198777474462986e-11
28626,0,Active Minimal Buyers,1406.9758000000002,0.0,0.1636982986519342,10001.908133362867,10001.90813336283,3.8198777474462986e-11
28625,0,Active Minimal Buyers,1406.9758000000002,0.0,0.1636982986519342,10001.908133362867,10001.90813336283,3.8198777474462986e-11
14792,0,Active Minimal Buyers,1406.9758000000002,0.0,0.1636982986519342,10001.908133362867,10001.90813336283,3.8198777474462986e-11
28588,0,Active Minimal Buyers,1406.9758000000002,0.0,0.1636982986519342,10001.908133362867,10001.90813336283,3.8198777474462986e-11
14793,0,Active Minimal Buyers,1406.9758000000002,0.0,0.1636982986519342,10001.908133362867,10001.90813336283,3.8198777474462986e-11
14794,0,Active Minimal Buyers,1406.9758000000002,0.0,0.1636982986519342,10001.908133362867,10001.90813336283,3.8198777474462986e-11
28621,0,Active Minimal Buyers,1406.9758000000002,0.0,0.1636982986519342,10001.908133362867,10001.90813336283,3.8198777474462986e-11
28620,0,Active Minimal Buyers,1406.9758000000002,0.0,0.1636982986519342,10001.908133362867,10001.90813336283,3.8198777474462986e-11
28619,0,Active Minimal Buyers,1406.9758000000002,0.0,0.1636982986519342,10001.908133362867,10001.90813336283,3.8198777474462986e-11
28618,0,Active Minimal Buyers,1406.9758000000002,0.0,0.1636982986519342,10001.908133362867,10001.90813336283,3.8198777474462986e-11
28635,0,Active Minimal Buyers,1406.9758000000002,0.0,0.1636982986519342,10001.908133362867,10001.90813336283,3.8198777474462986e-11
28586,0,Active Minimal Buyers,1406.9758000000002,0.0,0.1636982986519342,10001.908133362867,10001.90813336283,3.8198777474462986e-11
28643,0,Active Minimal Buyers,1406.9758000000002,0.0,0.1636982986519342,10001.908133362867,10001.90813336283,3.8198777474462986e-11
28584,0,Active Minimal Buyers,1406.9758000000002,0.0,0.1636982986519342,10001.908133362867,10001.90813336283,3.8198777474462986e-11
28580,0,Active Minimal Buyers,1406.9758000000002,0.0,0.1636982986519342,10001.908133362867,10001.90813336283,3.8198777474462986e-11
14171,0,Active Minimal Buyers,1406.9758000000002,0.0,0.1636982986519342,10001.908133362867,10001.90813336283,3.8198777474462986e-11
18248,0,Active Minimal Buyers,1406.9758000000002,0.0,0.1636982986519342,10001.908133362867,10001.90813336283,3.8198777474462986e-11
18249,0,Active Minimal Buyers,1406.9758000000002,0.0,0.1636982986519342,10001.908133362867,10001.90813336283,3.8198777474462986e-11
18250,0,Active Minimal Buyers,1406.9758000000002,0.0,0.1636982986519342,10001.908133362867,10001.90813336283,3.8198777474462986e-11
18251,0,Active Minimal Buyers,1406.9758000000002,0.0,0.1636982986519342,10001.908133362867,10001.90813336283,3.8198777474462986e-11
18254,0,Active Minimal Buyers,1406.9758000000002,0.0,0.1636982986519342,10001.908133362867,10001.90813336283,3.8198777474462986e-11
18332,0,Active Minimal Buyers,1406.9758000000002,0.0,0.1636982986519342,10001.908133362867,10001.90813336283,3.8198777474462986e-11
18334,0,Active Minimal Buyers,1406.9758000000002,0.0,0.1636982986519342,10001.908133362867,10001.90813336283,3.8198777474462986e-11
18335,0,Active Minimal Buyers,1406.9758000000002,0.0,0.1636982986519342,10001.908133362867,10001.90813336283,3.8198777474462986e-11
18491,0,Active Minimal Buyers,1406.9758000000002,0.0,0.1636982986519342,10001.908133362867,10001.90813336283,3.8198777474462986e-11
28573,0,Active Minimal Buyers,1406.9758000000002,0.0,0.1636982986519342,10001.908133362867,10001.90813336283,3.8198777474462986e-11
28574,0,Active Minimal Buyers,1406.9758000000002,0.0,0.1636982986519342,10001.908133362867,10001.90813336283,3.8198777474462986e-11
28598,0,Active Minimal Buyers,1406.9758000000002,0.0,0.1636982986519342,10001.908133362867,10001.90813336283,3.8198777474462986e-11
28587,0,Active Minimal Buyers,1406.9758000000002,0.0,0.1636982986519342,10001.908133362867,10001.90813336283,3.8198777474462986e-11
28340,0,Active Minimal Buyers,1406.9758000000002,0.0,0.1636982986519342,10001.908133362867,10001.90813336283,3.8198777474462986e-11
18331,0,Active Minimal Buyers,1406.9758000000002,0.0,0.1636982986519342,10001.908133362867,10001.90813336283,3.8198777474462986e-11
17232,0,Active Minimal Buyers,1406.9758000000002,0.0,0.1636982986519342,10001.908133362867,10001.90813336283,3.8198777474462986e-11
29274,0,Active Minimal Buyers,1406.9758000000002,0.0,0.1636982986519342,10001.908133362867,10001.90813336283,3.8198777474462986e-11
29275,0,Active Minimal Buyers,1406.9758000000002,0.0,0.1636982986519342,10001.908133362867,10001.90813336283,3.8198777474462986e-11
29276,0,Active Minimal Buyers,1406.9758000000002,0.0,0.1636982986519342,10001.908133362867,10001.90813336283,3.8198777474462986e-11
18252,0,Active Minimal Buyers,1406.9758000000002,0.0,0.1636982986519342,10001.908133362867,10001.90813336283,3.8198777474462986e-11
18255,0,Active Minimal Buyers,1406.9758000000002,0.0,0.1636982986519342,10001.908133362867,10001.90813336283,3.8198777474462986e-11
18260,0,Active Minimal Buyers,1406.9758000000002,0.0,0.1636982986519342,10001.908133362867,10001.90813336283,3.8198777474462986e-11
17240,0,Active Minimal Buyers,1406.9758000000002,0.0,0.1636982986519342,10001.908133362867,10001.90813336283,3.8198777474462986e-11
18309,0,Active Minimal Buyers,1406.9758000000002,0.0,0.1636982986519342,10001.908133362867,10001.90813336283,3.8198777474462986e-11
29278,0,Active Minimal Buyers,1406.9758000000002,0.0,0.1636982986519342,10001.908133362867,10001.90813336283,3.8198777474462986e-11
18308,0,Active Minimal Buyers,1406.9758000000002,0.0,0.1636982986519342,10001.908133362867,10001.90813336283,3.8198777474462986e-11
29279,0,Active Minimal Buyers,1406.9758000000002,0.0,0.1636982986519342,10001.908133362867,10001.90813336283,3.8198777474462986e-11
29280,0,Active Minimal Buyers,1406.9758000000002,0.0,0.1636982986519342,10001.908133362867,10001.90813336283,3.8198777474462986e-11
18307,0,Active Minimal Buyers,1406.9758000000002,0.0,0.1636982986519342,10001.908133362867,10001.90813336283,3.8198777474462986e-11
17233,0,Active Minimal Buyers,1406.9758000000002,0.0,0.1636982986519342,10001.908133362867,10001.90813336283,3.8198777474462986e-11
17288,0,Active Minimal Buyers,1406.9758000000002,0.0,0.1636982986519342,10001.908133362867,10001.90813336283,3.8198777474462986e-11
17286,0,Active Minimal Buyers,1406.9758000000002,0.0,0.1636982986519342,10001.908133362867,10001.90813336283,3.8198777474462986e-11
17285,0,Active Minimal Buyers,1406.9758000000002,0.0,0.1636982986519342,10001.908133362867,10001.90813336283,3.8198777474462986e-11
17279,0,Active Minimal Buyers,1406.9758000000002,0.0,0.1636982986519342,10001.908133362867,10001.90813336283,3.8198777474462986e-11
17278,0,Active Minimal Buyers,1406.9758000000002,0.0,0.1636982986519342,10001.908133362867,10001.90813336283,3.8198777474462986e-11
29265,0,Active Minimal Buyers,1406.9758000000002,0.0,0.1636982986519342,10001.908133362867,10001.90813336283,3.8198777474462986e-11
29264,0,Active Minimal Buyers,1406.9758000000002,0.0,0.1636982986519342,10001.908133362867,10001.90813336283,3.8198777474462986e-11
29261,0,Active Minimal Buyers,1406.9758000000002,0.0,0.1636982986519342,10001.908133362867,10001.90813336283,3.8198777474462986e-11
17277,0,Active Minimal Buyers,1406.9758000000002,0.0,0.1636982986519342,10001.908133362867,10001.90813336283,3.8198777474462986e-11
17259,0,Active Minimal Buyers,1406.9758000000002,0.0,0.1636982986519342,10001.908133362867,10001.90813336283,3.8198777474462986e-11
17258,0,Active Minimal Buyers,1406.9758000000002,0.0,0.1636982986519342,10001.908133362867,10001.90813336283,3.8198777474462986e-11
17257,0,Active Minimal Buyers,1406.9758000000002,0.0,0.1636982986519342,10001.908133362867,10001.90813336283,3.8198777474462986e-11
17256,0,Active Minimal Buyers,1406.9758000000002,0.0,0.1636982986519342,10001.908133362867,10001.90813336283,3.8198777474462986e-11
17255,0,Active Minimal Buyers,1406.9758000000002,0.0,0.1636982986519342,10001.908133362867,10001.90813336283,3.8198777474462986e-11
17249,0,Active Minimal Buyers,1406.9758000000002,0.0,0.1636982986519342,10001.908133362867,10001.90813336283,3.8198777474462986e-11
17241,0,Active Minimal Buyers,1406.9758000000002,0.0,0.1636982986519342,10001.908133362867,10001.90813336283,3.8198777474462986e-11
28583,0,Active Minimal Buyers,1406.9758000000002,0.0,0.1636982986519342,10001.908133362867,10001.90813336283,3.8198777474462986e-11
28644,0,Active Minimal Buyers,1406.9758000000002,0.0,0.1636982986519342,10001.908133362867,10001.90813336283,3.8198777474462986e-11
28645,0,Active Minimal Buyers,1406.9758000000002,0.0,0.1636982986519342,10001.908133362867,10001.90813336283,3.8198777474462986e-11
28259,0,Active Minimal Buyers,1406.9758000000002,0.0,0.1636982986519342,10001.908133362867,10001.90813336283,3.8198777474462986e-11
28196,0,Active Minimal Buyers,1406.9758000000002,0.0,0.1636982986519342,10001.908133362867,10001.90813336283,3.8198777474462986e-11
28194,0,Active Minimal Buyers,1406.9758000000002,0.0,0.1636982986519342,10001.908133362867,10001.90813336283,3.8198777474462986e-11
28191,0,Active Minimal Buyers,1406.9758000000002,0.0,0.1636982986519342,10001.908133362867,10001.90813336283,3.8198777474462986e-11
28190,0,Active Minimal Buyers,1406.9758000000002,0.0,0.1636982986519342,10001.908133362867,10001.90813336283,3.8198777474462986e-11
28184,0,Active Minimal Buyers,1406.9758000000002,0.0,0.1636982986519342,10001.908133362867,10001.90813336283,3.8198777474462986e-11
28264,0,Active Minimal Buyers,1406.9758000000002,0.0,0.1636982986519342,10001.908133362867,10001.90813336283,3.8198777474462986e-11
28257,0,Active Minimal Buyers,1406.9758000000002,0.0,0.1636982986519342,10001.908133362867,10001.90813336283,3.8198777474462986e-11
28646,0,Active Minimal Buyers,1406.9758000000002,0.0,0.1636982986519342,10001.908133362867,10001.90813336283,3.8198777474462986e-11
28255,0,Active Minimal Buyers,1406.9758000000002,0.0,0.1636982986519342,10001.908133362867,10001.90813336283,3.8198777474462986e-11
28250,0,Active Minimal Buyers,1406.9758000000002,0.0,0.1636982986519342,10001.908133362867,10001.90813336283,3.8198777474462986e-11
28247,0,Active Minimal Buyers,1406.9758000000002,0.0,0.1636982986519342,10001.908133362867,10001.90813336283,3.8198777474462986e-11
28246,0,Active Minimal Buyers,1406.9758000000002,0.0,0.1636982986519342,10001.908133362867,10001.90813336283,3.8198777474462986e-11
28244,0,Active Minimal Buyers,1406.9758000000002,0.0,0.1636982986519342,10001.908133362867,10001.90813336283,3.8198777474462986e-11
28243,0,Active Minimal Buyers,1406.9758000000002,0.0,0.1636982986519342,10001.908133362867,10001.90813336283,3.8198777474462986e-11
28197,0,Active Minimal Buyers,1406.9758000000002,0.0,0.1636982986519342,10001.908133362867,10001.90813336283,3.8198777474462986e-11
28198,0,Active Minimal Buyers,1406.9758000000002,0.0,0.1636982986519342,10001.908133362867,10001.90813336283,3.8198777474462986e-11
28199,0,Active Minimal Buyers,1406.9758000000002,0.0,0.1636982986519342,10001.908133362867,10001.90813336283,3.8198777474462986e-11
28200,0,Active Minimal Buyers,1406.9758000000002,0.0,0.1636982986519342,10001.908133362867,10001.90813336283,3.8198777474462986e-11
28268,0,Active Minimal Buyers,1406.9758000000002,0.0,0.1636982986519342,10001.908133362867,10001.90813336283,3.8198777474462986e-11
28270,0,Active Minimal Buyers,1406.9758000000002,0.0,0.1636982986519342,10001.908133362867,10001.90813336283,3.8198777474462986e-11
28271,0,Active Minimal Buyers,1406.9758000000002,0.0,0.1636982986519342,10001.908133362867,10001.90813336283,3.8198777474462986e-11
28363,0,Active Minimal Buyers,1406.9758000000002,0.0,0.1636982986519342,10001.908133362867,10001.90813336283,3.8198777474462986e-11
28273,0,Active Minimal Buyers,1406.9758000000002,0.0,0.1636982986519342,10001.908133362867,10001.90813336283,3.8198777474462986e-11
28285,0,Active Minimal Buyers,1406.9758000000002,0.0,0.1636982986519342,10001.908133362867,10001.90813336283,3.8198777474462986e-11
28288,0,Active Minimal Buyers,1406.9758000000002,0.0,0.1636982986519342,10001.908133362867,10001.90813336283,3.8198777474462986e-11
28293,0,Active Minimal Buyers,1406.9758000000002,0.0,0.1636982986519342,10001.908133362867,10001.90813336283,3.8198777474462986e-11
28294,0,Active Minimal Buyers,1406.9758000000002,0.0,0.1636982986519342,10001.908133362867,10001.90813336283,3.8198777474462986e-11
28295,0,Active Minimal Buyers,1406.9758000000002,0.0,0.1636982986519342,10001.908133362867,10001.90813336283,3.8198777474462986e-11
28296,0,Active Minimal Buyers,1406.9758000000002,0.0,0.1636982986519342,10001.908133362867,10001.90813336283,3.8198777474462986e-11
28297,0,Active Minimal Buyers,1406.9758000000002,0.0,0.1636982986519342,10001.908133362867,10001.90813336283,3.8198777474462986e-11
28299,0,Active Minimal Buyers,1406.9758000000002,0.0,0.1636982986519342,10001.908133362867,10001.90813336283,3.8198777474462986e-11
28240,0,Active Minimal Buyers,1406.9758000000002,0.0,0.1636982986519342,10001.908133362867,10001.90813336283,3.8198777474462986e-11
28234,0,Active Minimal Buyers,1406.9758000000002,0.0,0.1636982986519342,10001.908133362867,10001.90813336283,3.8198777474462986e-11
28224,0,Active Minimal Buyers,1406.9758000000002,0.0,0.1636982986519342,10001.908133362867,10001.90813336283,3.8198777474462986e-11
28648,0,Active Minimal Buyers,1406.9758000000002,0.0,0.1636982986519342,10001.908133362867,10001.90813336283,3.8198777474462986e-11
28670,0,Active Minimal Buyers,1406.9758000000002,0.0,0.1636982986519342,10001.908133362867,10001.90813336283,3.8198777474462986e-11
28673,0,Active Minimal Buyers,1406.9758000000002,0.0,0.1636982986519342,10001.908133362867,10001.90813336283,3.8198777474462986e-11
28674,0,Active Minimal Buyers,1406.9758000000002,0.0,0.1636982986519342,10001.908133362867,10001.90813336283,3.8198777474462986e-11
28675,0,Active Minimal Buyers,1406.9758000000002,0.0,0.1636982986519342,10001.908133362867,10001.90813336283,3.8198777474462986e-11
28676,0,Active Minimal Buyers,1406.9758000000002,0.0,0.1636982986519342,10001.908133362867,10001.90813336283,3.8198777474462986e-11
28678,0,Active Minimal Buyers,1406.9758000000002,0.0,0.1636982986519342,10001.908133362867,10001.90813336283,3.8198777474462986e-11
18493,0,Active Minimal Buyers,1406.9758000000002,0.0,0.1636982986519342,10001.908133362867,10001.90813336283,3.8198777474462986e-11
18494,0,Active Minimal Buyers,1406.9758000000002,0.0,0.1636982986519342,10001.908133362867,10001.90813336283,3.8198777474462986e-11
18495,0,Active Minimal Buyers,1406.9758000000002,0.0,0.1636982986519342,10001.908133362867,10001.90813336283,3.8198777474462986e-11
18496,0,Active Minimal Buyers,1406.9758000000002,0.0,0.1636982986519342,10001.908133362867,10001.90813336283,3.8198777474462986e-11
28666,0,Active Minimal Buyers,1406.9758000000002,0.0,0.1636982986519342,10001.908133362867,10001.90813336283,3.8198777474462986e-11
28665,0,Active Minimal Buyers,1406.9758000000002,0.0,0.1636982986519342,10001.908133362867,10001.90813336283,3.8198777474462986e-11
28664,0,Active Minimal Buyers,1406.9758000000002,0.0,0.1636982986519342,10001.908133362867,10001.90813336283,3.8198777474462986e-11
28647,0,Active Minimal Buyers,1406.9758000000002,0.0,0.1636982986519342,10001.908133362867,10001.90813336283,3.8198777474462986e-11
28649,0,Active Minimal Buyers,1406.9758000000002,0.0,0.1636982986519342,10001.908133362867,10001.90813336283,3.8198777474462986e-11
28223,0,Active Minimal Buyers,1406.9758000000002,0.0,0.1636982986519342,10001.908133362867,10001.90813336283,3.8198777474462986e-11
28650,0,Active Minimal Buyers,1406.9758000000002,0.0,0.1636982986519342,10001.908133362867,10001.90813336283,3.8198777474462986e-11
28651,0,Active Minimal Buyers,1406.9758000000002,0.0,0.1636982986519342,10001.908133362867,10001.90813336283,3.8198777474462986e-11
28652,0,Active Minimal Buyers,1406.9758000000002,0.0,0.1636982986519342,10001.908133362867,10001.90813336283,3.8198777474462986e-11
28653,0,Active Minimal Buyers,1406.9758000000002,0.0,0.1636982986519342,10001.908133362867,10001.90813336283,3.8198777474462986e-11
28654,0,Active Minimal Buyers,1406.9758000000002,0.0,0.1636982986519342,10001.908133362867,10001.90813336283,3.8198777474462986e-11
28656,0,Active Minimal Buyers,1406.9758000000002,0.0,0.1636982986519342,10001.908133362867,10001.90813336283,3.8198777474462986e-11
28657,0,Active Minimal Buyers,1406.9758000000002,0.0,0.1636982986519342,10001.908133362867,10001.90813336283,3.8198777474462986e-11
28658,0,Active Minimal Buyers,1406.9758000000002,0.0,0.1636982986519342,10001.908133362867,10001.90813336283,3.8198777474462986e-11
28660,0,Active Minimal Buyers,1406.9758000000002,0.0,0.1636982986519342,10001.908133362867,10001.90813336283,3.8198777474462986e-11
28661,0,Active Minimal Buyers,1406.9758000000002,0.0,0.1636982986519342,10001.908133362867,10001.90813336283,3.8198777474462986e-11
28662,0,Active Minimal Buyers,1406.9758000000002,0.0,0.1636982986519342,10001.908133362867,10001.90813336283,3.8198777474462986e-11
28655,0,Active Minimal Buyers,1406.9758000000002,0.0,0.1636982986519342,10001.908133362867,10001.90813336283,3.8198777474462986e-11
28221,0,Active Minimal Buyers,1406.9758000000002,0.0,0.1636982986519342,10001.908133362867,10001.90813336283,3.8198777474462986e-11
28222,0,Active Minimal Buyers,1406.9758000000002,0.0,0.1636982986519342,10001.908133362867,10001.90813336283,3.8198777474462986e-11
29285,0,Active Minimal Buyers,1406.9758000000002,0.0,0.1636982986519342,10001.908133362867,10001.90813336283,3.8198777474462986e-11
29326,0,Active Minimal Buyers,1406.9758000000002,0.0,0.1636982986519342,10001.908133362867,10001.90813336283,3.8198777474462986e-11
29334,0,Active Minimal Buyers,1406.9758000000002,0.0,0.1636982986519342,10001.908133362867,10001.90813336283,3.8198777474462986e-11
14772,0,Active Minimal Buyers,1406.9758000000002,0.0,0.1636982986519342,10001.908133362867,10001.90813336283,3.8198777474462986e-11
14720,0,Active Minimal Buyers,1406.9758000000002,0.0,0.1636982986519342,10001.908133362867,10001.90813336283,3.8198777474462986e-11
15083,0,Active Minimal Buyers,1406.9758000000002,0.0,0.1636982986519342,10001.908133362867,10001.90813336283,3.8198777474462986e-11
14769,0,Active Minimal Buyers,1406.9758000000002,0.0,0.1636982986519342,10001.908133362867,10001.90813336283,3.8198777474462986e-11
15081,0,Active Minimal Buyers,1406.9758000000002,0.0,0.1636982986519342,10001.908133362867,10001.90813336283,3.8198777474462986e-11
14770,0,Active Minimal Buyers,1406.9758000000002,0.0,0.1636982986519342,10001.908133362867,10001.90813336283,3.8198777474462986e-11
14771,0,Active Minimal Buyers,1406.9758000000002,0.0,0.1636982986519342,10001.908133362867,10001.90813336283,3.8198777474462986e-11
14774,0,Active Minimal Buyers,1406.9758000000002,0.0,0.1636982986519342,10001.908133362867,10001.90813336283,3.8198777474462986e-11
14702,0,Active Minimal Buyers,1406.9758000000002,0.0,0.1636982986519342,10001.908133362867,10001.90813336283,3.8198777474462986e-11
15078,0,Active Minimal Buyers,1406.9758000000002,0.0,0.1636982986519342,10001.908133362867,10001.90813336283,3.8198777474462986e-11
15077,0,Active Minimal Buyers,1406.9758000000002,0.0,0.1636982986519342,10001.908133362867,10001.90813336283,3.8198777474462986e-11
14776,0,Active Minimal Buyers,1406.9758000000002,0.0,0.1636982986519342,10001.908133362867,10001.90813336283,3.8198777474462986e-11
15062,0,Active Minimal Buyers,1406.9758000000002,0.0,0.1636982986519342,10001.908133362867,10001.90813336283,3.8198777474462986e-11
14777,0,Active Minimal Buyers,1406.9758000000002,0.0,0.1636982986519342,10001.908133362867,10001.90813336283,3.8198777474462986e-11
14833,0,Active Minimal Buyers,1406.9758000000002,0.0,0.1636982986519342,10001.908133362867,10001.90813336283,3.8198777474462986e-11
15087,0,Active Minimal Buyers,1406.9758000000002,0.0,0.1636982986519342,10001.908133362867,10001.90813336283,3.8198777474462986e-11
15088,0,Active Minimal Buyers,1406.9758000000002,0.0,0.1636982986519342,10001.908133362867,10001.90813336283,3.8198777474462986e-11
15059,0,Active Minimal Buyers,1406.9758000000002,0.0,0.1636982986519342,10001.908133362867,10001.90813336283,3.8198777474462986e-11
14713,0,Active Minimal Buyers,1406.9758000000002,0.0,0.1636982986519342,10001.908133362867,10001.90813336283,3.8198777474462986e-11
15056,0,Active Minimal Buyers,1406.9758000000002,0.0,0.1636982986519342,10001.908133362867,10001.90813336283,3.8198777474462986e-11
29242,0,Active Minimal Buyers,1406.9758000000002,0.0,0.1636982986519342,10001.908133362867,10001.90813336283,3.8198777474462986e-11
14712,0,Active Minimal Buyers,1406.9758000000002,0.0,0.1636982986519342,10001.908133362867,10001.90813336283,3.8198777474462986e-11
14709,0,Active Minimal Buyers,1406.9758000000002,0.0,0.1636982986519342,10001.908133362867,10001.90813336283,3.8198777474462986e-11
15046,0,Active Minimal Buyers,1406.9758000000002,0.0,0.1636982986519342,10001.908133362867,10001.90813336283,3.8198777474462986e-11
29252,0,Active Minimal Buyers,1406.9758000000002,0.0,0.1636982986519342,10001.908133362867,10001.90813336283,3.8198777474462986e-11
15047,0,Active Minimal Buyers,1406.9758000000002,0.0,0.1636982986519342,10001.908133362867,10001.90813336283,3.8198777474462986e-11
15048,0,Active Minimal Buyers,1406.9758000000002,0.0,0.1636982986519342,10001.908133362867,10001.90813336283,3.8198777474462986e-11
29258,0,Active Minimal Buyers,1406.9758000000002,0.0,0.1636982986519342,10001.908133362867,10001.90813336283,3.8198777474462986e-11
15051,0,Active Minimal Buyers,1406.9758000000002,0.0,0.1636982986519342,10001.908133362867,10001.90813336283,3.8198777474462986e-11
15058,0,Active Minimal Buyers,1406.9758000000002,0.0,0.1636982986519342,10001.908133362867,10001.90813336283,3.8198777474462986e-11
15089,0,Active Minimal Buyers,1406.9758000000002,0.0,0.1636982986519342,10001.908133362867,10001.90813336283,3.8198777474462986e-11
29255,0,Active Minimal Buyers,1406.9758000000002,0.0,0.1636982986519342,10001.908133362867,10001.90813336283,3.8198777474462986e-11
29236,0,Active Minimal Buyers,1406.9758000000002,0.0,0.1636982986519342,10001.908133362867,10001.90813336283,3.8198777474462986e-11
29237,0,Active Minimal Buyers,1406.9758000000002,0.0,0.1636982986519342,10001.908133362867,10001.90813336283,3.8198777474462986e-11
15354,0,Active Minimal Buyers,1406.9758000000002,0.0,0.1636982986519342,10001.908133362867,10001.90813336283,3.8198777474462986e-11
14949,0,Active Minimal Buyers,1406.9758000000002,0.0,0.1636982986519342,10001.908133362867,10001.90813336283,3.8198777474462986e-11
14950,0,Active Minimal Buyers,1406.9758000000002,0.0,0.1636982986519342,10001.908133362867,10001.90813336283,3.8198777474462986e-11
14843,0,Active Minimal Buyers,1406.9758000000002,0.0,0.1636982986519342,10001.908133362867,10001.90813336283,3.8198777474462986e-11
14975,0,Active Minimal Buyers,1406.9758000000002,0.0,0.1636982986519342,10001.908133362867,10001.90813336283,3.8198777474462986e-11
14846,0,Active Minimal Buyers,1406.9758000000002,0.0,0.1636982986519342,10001.908133362867,10001.90813336283,3.8198777474462986e-11
14847,0,Active Minimal Buyers,1406.9758000000002,0.0,0.1636982986519342,10001.908133362867,10001.90813336283,3.8198777474462986e-11
14861,0,Active Minimal Buyers,1406.9758000000002,0.0,0.1636982986519342,10001.908133362867,10001.90813336283,3.8198777474462986e-11
14928,0,Active Minimal Buyers,1406.9758000000002,0.0,0.1636982986519342,10001.908133362867,10001.90813336283,3.8198777474462986e-11
14929,0,Active Minimal Buyers,1406.9758000000002,0.0,0.1636982986519342,10001.908133362867,10001.90813336283,3.8198777474462986e-11
11956,0,Active Minimal Buyers,1406.9758000000002,0.0,0.1636982986519342,10001.908133362867,10001.90813336283,3.8198777474462986e-11
11955,0,Active Minimal Buyers,1406.9758000000002,0.0,0.1636982986519342,10001.908133362867,10001.90813336283,3.8198777474462986e-11
11954,0,Active Minimal Buyers,1406.9758000000002,0.0,0.1636982986519342,10001.908133362867,10001.90813336283,3.8198777474462986e-11
11945,0,Active Minimal Buyers,1406.9758000000002,0.0,0.1636982986519342,10001.908133362867,10001.90813336283,3.8198777474462986e-11
14941,0,Active Minimal Buyers,1406.9758000000002,0.0,0.1636982986519342,10001.908133362867,10001.90813336283,3.8198777474462986e-11
14947,0,Active Minimal Buyers,1406.9758000000002,0.0,0.1636982986519342,10001.908133362867,10001.90813336283,3.8198777474462986e-11
14937,0,Active Minimal Buyers,1406.9758000000002,0.0,0.1636982986519342,10001.908133362867,10001.90813336283,3.8198777474462986e-11
12018,0,Active Minimal Buyers,1406.9758000000002,0.0,0.1636982986519342,10001.908133362867,10001.90813336283,3.8198777474462986e-11
14700,0,Active Minimal Buyers,1406.9758000000002,0.0,0.1636982986519342,10001.908133362867,10001.90813336283,3.8198777474462986e-11
14425,0,Active Minimal Buyers,1406.9758000000002,0.0,0.1636982986519342,10001.908133362867,10001.90813336283,3.8198777474462986e-11
14426,0,Active Minimal Buyers,1406.9758000000002,0.0,0.1636982986519342,10001.908133362867,10001.90813336283,3.8198777474462986e-11
14427,0,Active Minimal Buyers,1406.9758000000002,0.0,0.1636982986519342,10001.908133362867,10001.90813336283,3.8198777474462986e-11
14428,0,Active Minimal Buyers,1406.9758000000002,0.0,0.1636982986519342,10001.908133362867,10001.90813336283,3.8198777474462986e-11
14429,0,Active Minimal Buyers,1406.9758000000002,0.0,0.1636982986519342,10001.908133362867,10001.90813336283,3.8198777474462986e-11
11937,0,Active Minimal Buyers,1406.9758000000002,0.0,0.1636982986519342,10001.908133362867,10001.90813336283,3.8198777474462986e-11
11933,0,Active Minimal Buyers,1406.9758000000002,0.0,0.1636982986519342,10001.908133362867,10001.90813336283,3.8198777474462986e-11
14525,0,Active Minimal Buyers,1406.9758000000002,0.0,0.1636982986519342,10001.908133362867,10001.90813336283,3.8198777474462986e-11
14541,0,Active Minimal Buyers,1406.9758000000002,0.0,0.1636982986519342,10001.908133362867,10001.90813336283,3.8198777474462986e-11
14697,0,Active Minimal Buyers,1406.9758000000002,0.0,0.1636982986519342,10001.908133362867,10001.90813336283,3.8198777474462986e-11
11925,0,Active Minimal Buyers,1406.9758000000002,0.0,0.1636982986519342,10001.908133362867,10001.90813336283,3.8198777474462986e-11
11924,0,Active Minimal Buyers,1406.9758000000002,0.0,0.1636982986519342,10001.908133362867,10001.90813336283,3.8198777474462986e-11
12076,0,Active Minimal Buyers,1406.9758000000002,0.0,0.1636982986519342,10001.908133362867,10001.90813336283,3.8198777474462986e-11
14705,0,Active Minimal Buyers,1406.9758000000002,0.0,0.1636982986519342,10001.908133362867,10001.90813336283,3.8198777474462986e-11
14778,0,Active Minimal Buyers,1406.9758000000002,0.0,0.1636982986519342,10001.908133362867,10001.90813336283,3.8198777474462986e-11
29335,0,Active Minimal Buyers,1406.9758000000002,0.0,0.1636982986519342,10001.908133362867,10001.90813336283,3.8198777474462986e-11
17295,0,Active Minimal Buyers,1406.9758000000002,0.0,0.1636982986519342,10001.908133362867,10001.90813336283,3.8198777474462986e-11
14801,0,Active Minimal Buyers,1406.9758000000002,0.0,0.1636982986519342,10001.908133362867,10001.90813336283,3.8198777474462986e-11
14803,0,Active Minimal Buyers,1406.9758000000002,0.0,0.1636982986519342,10001.908133362867,10001.90813336283,3.8198777474462986e-11
18284,0,Active Minimal Buyers,1406.9758000000002,0.0,0.1636982986519342,10001.908133362867,10001.90813336283,3.8198777474462986e-11
17326,0,Active Minimal Buyers,1406.9758000000002,0.0,0.1636982986519342,10001.908133362867,10001.90813336283,3.8198777474462986e-11
17329,0,Active Minimal Buyers,1406.9758000000002,0.0,0.1636982986519342,10001.908133362867,10001.90813336283,3.8198777474462986e-11
18281,0,Active Minimal Buyers,1406.9758000000002,0.0,0.1636982986519342,10001.908133362867,10001.90813336283,3.8198777474462986e-11
17332,0,Active Minimal Buyers,1406.9758000000002,0.0,0.1636982986519342,10001.908133362867,10001.90813336283,3.8198777474462986e-11
14789,0,Active Minimal Buyers,1406.9758000000002,0.0,0.1636982986519342,10001.908133362867,10001.90813336283,3.8198777474462986e-11
17351,0,Active Minimal Buyers,1406.9758000000002,0.0,0.1636982986519342,10001.908133362867,10001.90813336283,3.8198777474462986e-11
14819,0,Active Minimal Buyers,1406.9758000000002,0.0,0.1636982986519342,10001.908133362867,10001.90813336283,3.8198777474462986e-11
17352,0,Active Minimal Buyers,1406.9758000000002,0.0,0.1636982986519342,10001.908133362867,10001.90813336283,3.8198777474462986e-11
17353,0,Active Minimal Buyers,1406.9758000000002,0.0,0.1636982986519342,10001.908133362867,10001.90813336283,3.8198777474462986e-11
14822,0,Active Minimal Buyers,1406.9758000000002,0.0,0.1636982986519342,10001.908133362867,10001.90813336283,3.8198777474462986e-11
17354,0,Active Minimal Buyers,1406.9758000000002,0.0,0.1636982986519342,10001.908133362867,10001.90813336283,3.8198777474462986e-11
17312,0,Active Minimal Buyers,1406.9758000000002,0.0,0.1636982986519342,10001.908133362867,10001.90813336283,3.8198777474462986e-11
18288,0,Active Minimal Buyers,1406.9758000000002,0.0,0.1636982986519342,10001.908133362867,10001.90813336283,3.8198777474462986e-11
18296,0,Active Minimal Buyers,1406.9758000000002,0.0,0.1636982986519342,10001.908133362867,10001.90813336283,3.8198777474462986e-11
18297,0,Active Minimal Buyers,1406.9758000000002,0.0,0.1636982986519342,10001.908133362867,10001.90813336283,3.8198777474462986e-11
17514,0,Active Minimal Buyers,1406.9758000000002,0.0,0.1636982986519342,10001.908133362867,10001.90813336283,3.8198777474462986e-11
29223,0,Active Minimal Buyers,1406.9758000000002,0.0,0.1636982986519342,10001.908133362867,10001.90813336283,3.8198777474462986e-11
17515,0,Active Minimal Buyers,1406.9758000000002,0.0,0.1636982986519342,10001.908133362867,10001.90813336283,3.8198777474462986e-11
18302,0,Active Minimal Buyers,1406.9758000000002,0.0,0.1636982986519342,10001.908133362867,10001.90813336283,3.8198777474462986e-11
14800,0,Active Minimal Buyers,1406.9758000000002,0.0,0.1636982986519342,10001.908133362867,10001.90813336283,3.8198777474462986e-11
14797,0,Active Minimal Buyers,1406.9758000000002,0.0,0.1636982986519342,10001.908133362867,10001.90813336283,3.8198777474462986e-11
17293,0,Active Minimal Buyers,1406.9758000000002,0.0,0.1636982986519342,10001.908133362867,10001.90813336283,3.8198777474462986e-11
14795,0,Active Minimal Buyers,1406.9758000000002,0.0,0.1636982986519342,10001.908133362867,10001.90813336283,3.8198777474462986e-11
18303,0,Active Minimal Buyers,1406.9758000000002,0.0,0.1636982986519342,10001.908133362867,10001.90813336283,3.8198777474462986e-11
29354,0,Active Minimal Buyers,1406.9758000000002,0.0,0.1636982986519342,10001.908133362867,10001.90813336283,3.8198777474462986e-11
29352,0,Active Minimal Buyers,1406.9758000000002,0.0,0.1636982986519342,10001.908133362867,10001.90813336283,3.8198777474462986e-11
29350,0,Active Minimal Buyers,1406.9758000000002,0.0,0.1636982986519342,10001.908133362867,10001.90813336283,3.8198777474462986e-11
29340,0,Active Minimal Buyers,1406.9758000000002,0.0,0.1636982986519342,10001.908133362867,10001.90813336283,3.8198777474462986e-11
14823,0,Active Minimal Buyers,1406.9758000000002,0.0,0.1636982986519342,10001.908133362867,10001.90813336283,3.8198777474462986e-11
17370,0,Active Minimal Buyers,1406.9758000000002,0.0,0.1636982986519342,10001.908133362867,10001.90813336283,3.8198777474462986e-11
17478,0,Active Minimal Buyers,1406.9758000000002,0.0,0.1636982986519342,10001.908133362867,10001.90813336283,3.8198777474462986e-11
13560,0,Active Minimal Buyers,1406.9758000000002,0.0,0.1636982986519342,10001.908133362867,10001.90813336283,3.8198777474462986e-11
14832,0,Active Minimal Buyers,1406.9758000000002,0.0,0.1636982986519342,10001.908133362867,10001.90813336283,3.8198777474462986e-11
29254,0,Active Minimal Buyers,1406.9758000000002,0.0,0.1636982986519342,10001.908133362867,10001.90813336283,3.8198777474462986e-11
15097,0,Active Minimal Buyers,1406.9758000000002,0.0,0.1636982986519342,10001.908133362867,10001.90813336283,3.8198777474462986e-11
15106,0,Active Minimal Buyers,1406.9758000000002,0.0,0.1636982986519342,10001.908133362867,10001.90813336283,3.8198777474462986e-11
15118,0,Active Minimal Buyers,1406.9758000000002,0.0,0.1636982986519342,10001.908133362867,10001.90813336283,3.8198777474462986e-11
29239,0,Active Minimal Buyers,1406.9758000000002,0.0,0.1636982986519342,10001.908133362867,10001.90813336283,3.8198777474462986e-11
12120,0,Active Minimal Buyers,1406.9758000000002,0.0,0.1636982986519342,10001.908133362867,10001.90813336283,3.8198777474462986e-11
29238,0,Active Minimal Buyers,1406.9758000000002,0.0,0.1636982986519342,10001.908133362867,10001.90813336283,3.8198777474462986e-11
12118,0,Active Minimal Buyers,1406.9758000000002,0.0,0.1636982986519342,10001.908133362867,10001.90813336283,3.8198777474462986e-11
14831,0,Active Minimal Buyers,1406.9758000000002,0.0,0.1636982986519342,10001.908133362867,10001.90813336283,3.8198777474462986e-11
14830,0,Active Minimal Buyers,1406.9758000000002,0.0,0.1636982986519342,10001.908133362867,10001.90813336283,3.8198777474462986e-11
12105,0,Active Minimal Buyers,1406.9758000000002,0.0,0.1636982986519342,10001.908133362867,10001.90813336283,3.8198777474462986e-11
12104,0,Active Minimal Buyers,1406.9758000000002,0.0,0.1636982986519342,10001.908133362867,10001.90813336283,3.8198777474462986e-11
18268,0,Active Minimal Buyers,1406.9758000000002,0.0,0.1636982986519342,10001.908133362867,10001.90813336283,3.8198777474462986e-11
18269,0,Active Minimal Buyers,1406.9758000000002,0.0,0.1636982986519342,10001.908133362867,10001.90813336283,3.8198777474462986e-11
17502,0,Active Minimal Buyers,1406.9758000000002,0.0,0.1636982986519342,10001.908133362867,10001.90813336283,3.8198777474462986e-11
12171,0,Active Minimal Buyers,1406.9758000000002,0.0,0.1636982986519342,10001.908133362867,10001.90813336283,3.8198777474462986e-11
18272,0,Active Minimal Buyers,1406.9758000000002,0.0,0.1636982986519342,10001.908133362867,10001.90813336283,3.8198777474462986e-11
12169,0,Active Minimal Buyers,1406.9758000000002,0.0,0.1636982986519342,10001.908133362867,10001.90813336283,3.8198777474462986e-11
12167,0,Active Minimal Buyers,1406.9758000000002,0.0,0.1636982986519342,10001.908133362867,10001.90813336283,3.8198777474462986e-11
18273,0,Active Minimal Buyers,1406.9758000000002,0.0,0.1636982986519342,10001.908133362867,10001.90813336283,3.8198777474462986e-11
18275,0,Active Minimal Buyers,1406.9758000000002,0.0,0.1636982986519342,10001.908133362867,10001.90813336283,3.8198777474462986e-11
18276,0,Active Minimal Buyers,1406.9758000000002,0.0,0.1636982986519342,10001.908133362867,10001.90813336283,3.8198777474462986e-11
18277,0,Active Minimal Buyers,1406.9758000000002,0.0,0.1636982986519342,10001.908133362867,10001.90813336283,3.8198777474462986e-11
12152,0,Active Minimal Buyers,1406.9758000000002,0.0,0.1636982986519342,10001.908133362867,10001.90813336283,3.8198777474462986e-11
17334,0,Active Minimal Buyers,1406.9758000000002,0.0,0.1636982986519342,10001.908133362867,10001.90813336283,3.8198777474462986e-11
17510,0,Active Minimal Buyers,1406.9758000000002,0.0,0.1636982986519342,10001.908133362867,10001.90813336283,3.8198777474462986e-11
17504,0,Active Minimal Buyers,1406.9758000000002,0.0,0.1636982986519342,10001.908133362867,10001.90813336283,3.8198777474462986e-11
14827,0,Active Minimal Buyers,1406.9758000000002,0.0,0.1636982986519342,10001.908133362867,10001.90813336283,3.8198777474462986e-11
14824,0,Active Minimal Buyers,1406.9758000000002,0.0,0.1636982986519342,10001.908133362867,10001.90813336283,3.8198777474462986e-11
28339,0,Active Minimal Buyers,1406.9758000000002,0.0,0.1636982986519342,10001.908133362867,10001.90813336283,3.8198777474462986e-11
18245,0,Active Minimal Buyers,1406.9758000000002,0.0,0.1636982986519342,10001.908133362867,10001.90813336283,3.8198777474462986e-11
28869,0,Active Minimal Buyers,1406.9758000000002,0.0,0.1636982986519342,10001.908133362867,10001.90813336283,3.8198777474462986e-11
29142,0,Active Minimal Buyers,1406.9758000000002,0.0,0.1636982986519342,10001.908133362867,10001.90813336283,3.8198777474462986e-11
18462,0,Active Minimal Buyers,1406.9758000000002,0.0,0.1636982986519342,10001.908133362867,10001.90813336283,3.8198777474462986e-11
28849,0,Active Minimal Buyers,1406.9758000000002,0.0,0.1636982986519342,10001.908133362867,10001.90813336283,3.8198777474462986e-11
28847,0,Active Minimal Buyers,1406.9758000000002,0.0,0.1636982986519342,10001.908133362867,10001.90813336283,3.8198777474462986e-11
18693,0,Active Minimal Buyers,1406.9758000000002,0.0,0.1636982986519342,10001.908133362867,10001.90813336283,3.8198777474462986e-11
28846,0,Active Minimal Buyers,1406.9758000000002,0.0,0.1636982986519342,10001.908133362867,10001.90813336283,3.8198777474462986e-11
28845,0,Active Minimal Buyers,1406.9758000000002,0.0,0.1636982986519342,10001.908133362867,10001.90813336283,3.8198777474462986e-11
29158,0,Active Minimal Buyers,1406.9758000000002,0.0,0.1636982986519342,10001.908133362867,10001.90813336283,3.8198777474462986e-11
29141,0,Active Minimal Buyers,1406.9758000000002,0.0,0.1636982986519342,10001.908133362867,10001.90813336283,3.8198777474462986e-11
29143,0,Active Minimal Buyers,1406.9758000000002,0.0,0.1636982986519342,10001.908133362867,10001.90813336283,3.8198777474462986e-11
29169,0,Active Minimal Buyers,1406.9758000000002,0.0,0.1636982986519342,10001.908133362867,10001.90813336283,3.8198777474462986e-11
29144,0,Active Minimal Buyers,1406.9758000000002,0.0,0.1636982986519342,10001.908133362867,10001.90813336283,3.8198777474462986e-11
12069,0,Active Minimal Buyers,1406.9758000000002,0.0,0.1636982986519342,10001.908133362867,10001.90813336283,3.8198777474462986e-11
28844,0,Active Minimal Buyers,1406.9758000000002,0.0,0.1636982986519342,10001.908133362867,10001.90813336283,3.8198777474462986e-11
28843,0,Active Minimal Buyers,1406.9758000000002,0.0,0.1636982986519342,10001.908133362867,10001.90813336283,3.8198777474462986e-11
28822,0,Active Minimal Buyers,1406.9758000000002,0.0,0.1636982986519342,10001.908133362867,10001.90813336283,3.8198777474462986e-11
29145,0,Active Minimal Buyers,1406.9758000000002,0.0,0.1636982986519342,10001.908133362867,10001.90813336283,3.8198777474462986e-11
29146,0,Active Minimal Buyers,1406.9758000000002,0.0,0.1636982986519342,10001.908133362867,10001.90813336283,3.8198777474462986e-11
28820,0,Active Minimal Buyers,1406.9758000000002,0.0,0.1636982986519342,10001.908133362867,10001.90813336283,3.8198777474462986e-11
28851,0,Active Minimal Buyers,1406.9758000000002,0.0,0.1636982986519342,10001.908133362867,10001.90813336283,3.8198777474462986e-11
28852,0,Active Minimal Buyers,1406.9758000000002,0.0,0.1636982986519342,10001.908133362867,10001.90813336283,3.8198777474462986e-11
28853,0,Active Minimal Buyers,1406.9758000000002,0.0,0.1636982986519342,10001.908133362867,10001.90813336283,3.8198777474462986e-11
28854,0,Active Minimal Buyers,1406.9758000000002,0.0,0.1636982986519342,10001.908133362867,10001.90813336283,3.8198777474462986e-11
28842,0,Active Minimal Buyers,1406.9758000000002,0.0,0.1636982986519342,10001.908133362867,10001.90813336283,3.8198777474462986e-11
28859,0,Active Minimal Buyers,1406.9758000000002,0.0,0.1636982986519342,10001.908133362867,10001.90813336283,3.8198777474462986e-11
29174,0,Active Minimal Buyers,1406.9758000000002,0.0,0.1636982986519342,10001.908133362867,10001.90813336283,3.8198777474462986e-11
29175,0,Active Minimal Buyers,1406.9758000000002,0.0,0.1636982986519342,10001.908133362867,10001.90813336283,3.8198777474462986e-11
29198,0,Active Minimal Buyers,1406.9758000000002,0.0,0.1636982986519342,10001.908133362867,10001.90813336283,3.8198777474462986e-11
29201,0,Active Minimal Buyers,1406.9758000000002,0.0,0.1636982986519342,10001.908133362867,10001.90813336283,3.8198777474462986e-11
29202,0,Active Minimal Buyers,1406.9758000000002,0.0,0.1636982986519342,10001.908133362867,10001.90813336283,3.8198777474462986e-11
29203,0,Active Minimal Buyers,1406.9758000000002,0.0,0.1636982986519342,10001.908133362867,10001.90813336283,3.8198777474462986e-11
28857,0,Active Minimal Buyers,1406.9758000000002,0.0,0.1636982986519342,10001.908133362867,10001.90813336283,3.8198777474462986e-11
29204,0,Active Minimal Buyers,1406.9758000000002,0.0,0.1636982986519342,10001.908133362867,10001.90813336283,3.8198777474462986e-11
29207,0,Active Minimal Buyers,1406.9758000000002,0.0,0.1636982986519342,10001.908133362867,10001.90813336283,3.8198777474462986e-11
29208,0,Active Minimal Buyers,1406.9758000000002,0.0,0.1636982986519342,10001.908133362867,10001.90813336283,3.8198777474462986e-11
29221,0,Active Minimal Buyers,1406.9758000000002,0.0,0.1636982986519342,10001.908133362867,10001.90813336283,3.8198777474462986e-11
29222,0,Active Minimal Buyers,1406.9758000000002,0.0,0.1636982986519342,10001.908133362867,10001.90813336283,3.8198777474462986e-11
29166,0,Active Minimal Buyers,1406.9758000000002,0.0,0.1636982986519342,10001.908133362867,10001.90813336283,3.8198777474462986e-11
28856,0,Active Minimal Buyers,1406.9758000000002,0.0,0.1636982986519342,10001.908133362867,10001.90813336283,3.8198777474462986e-11
29163,0,Active Minimal Buyers,1406.9758000000002,0.0,0.1636982986519342,10001.908133362867,10001.90813336283,3.8198777474462986e-11
18461,0,Active Minimal Buyers,1406.9758000000002,0.0,0.1636982986519342,10001.908133362867,10001.90813336283,3.8198777474462986e-11
29147,0,Active Minimal Buyers,1406.9758000000002,0.0,0.1636982986519342,10001.908133362867,10001.90813336283,3.8198777474462986e-11
18694,0,Active Minimal Buyers,1406.9758000000002,0.0,0.1636982986519342,10001.908133362867,10001.90813336283,3.8198777474462986e-11
28797,0,Active Minimal Buyers,1406.9758000000002,0.0,0.1636982986519342,10001.908133362867,10001.90813336283,3.8198777474462986e-11
18696,0,Active Minimal Buyers,1406.9758000000002,0.0,0.1636982986519342,10001.908133362867,10001.90813336283,3.8198777474462986e-11
18452,0,Active Minimal Buyers,1406.9758000000002,0.0,0.1636982986519342,10001.908133362867,10001.90813336283,3.8198777474462986e-11
18338,0,Active Minimal Buyers,1406.9758000000002,0.0,0.1636982986519342,10001.908133362867,10001.90813336283,3.8198777474462986e-11
18337,0,Active Minimal Buyers,1406.9758000000002,0.0,0.1636982986519342,10001.908133362867,10001.90813336283,3.8198777474462986e-11
28799,0,Active Minimal Buyers,1406.9758000000002,0.0,0.1636982986519342,10001.908133362867,10001.90813336283,3.8198777474462986e-11
18336,0,Active Minimal Buyers,1406.9758000000002,0.0,0.1636982986519342,10001.908133362867,10001.90813336283,3.8198777474462986e-11
28804,0,Active Minimal Buyers,1406.9758000000002,0.0,0.1636982986519342,10001.908133362867,10001.90813336283,3.8198777474462986e-11
28805,0,Active Minimal Buyers,1406.9758000000002,0.0,0.1636982986519342,10001.908133362867,10001.90813336283,3.8198777474462986e-11
18487,0,Active Minimal Buyers,1406.9758000000002,0.0,0.1636982986519342,10001.908133362867,10001.90813336283,3.8198777474462986e-11
28807,0,Active Minimal Buyers,1406.9758000000002,0.0,0.1636982986519342,10001.908133362867,10001.90813336283,3.8198777474462986e-11
28774,0,Active Minimal Buyers,1406.9758000000002,0.0,0.1636982986519342,10001.908133362867,10001.90813336283,3.8198777474462986e-11
28772,0,Active Minimal Buyers,1406.9758000000002,0.0,0.1636982986519342,10001.908133362867,10001.90813336283,3.8198777474462986e-11
28770,0,Active Minimal Buyers,1406.9758000000002,0.0,0.1636982986519342,10001.908133362867,10001.90813336283,3.8198777474462986e-11
28769,0,Active Minimal Buyers,1406.9758000000002,0.0,0.1636982986519342,10001.908133362867,10001.90813336283,3.8198777474462986e-11
14148,0,Active Minimal Buyers,1406.9758000000002,0.0,0.1636982986519342,10001.908133362867,10001.90813336283,3.8198777474462986e-11
18488,0,Active Minimal Buyers,1406.9758000000002,0.0,0.1636982986519342,10001.908133362867,10001.90813336283,3.8198777474462986e-11
18489,0,Active Minimal Buyers,1406.9758000000002,0.0,0.1636982986519342,10001.908133362867,10001.90813336283,3.8198777474462986e-11
18457,0,Active Minimal Buyers,1406.9758000000002,0.0,0.1636982986519342,10001.908133362867,10001.90813336283,3.8198777474462986e-11
28795,0,Active Minimal Buyers,1406.9758000000002,0.0,0.1636982986519342,10001.908133362867,10001.90813336283,3.8198777474462986e-11
29148,0,Active Minimal Buyers,1406.9758000000002,0.0,0.1636982986519342,10001.908133362867,10001.90813336283,3.8198777474462986e-11
28794,0,Active Minimal Buyers,1406.9758000000002,0.0,0.1636982986519342,10001.908133362867,10001.90813336283,3.8198777474462986e-11
29150,0,Active Minimal Buyers,1406.9758000000002,0.0,0.1636982986519342,10001.908133362867,10001.90813336283,3.8198777474462986e-11
18458,0,Active Minimal Buyers,1406.9758000000002,0.0,0.1636982986519342,10001.908133362867,10001.90813336283,3.8198777474462986e-11
29151,0,Active Minimal Buyers,1406.9758000000002,0.0,0.1636982986519342,10001.908133362867,10001.90813336283,3.8198777474462986e-11
29155,0,Active Minimal Buyers,1406.9758000000002,0.0,0.1636982986519342,10001.908133362867,10001.90813336283,3.8198777474462986e-11
29156,0,Active Minimal Buyers,1406.9758000000002,0.0,0.1636982986519342,10001.908133362867,10001.90813336283,3.8198777474462986e-11
28765,0,Active Minimal Buyers,1406.9758000000002,0.0,0.1636982986519342,10001.908133362867,10001.90813336283,3.8198777474462986e-11
28763,0,Active Minimal Buyers,1406.9758000000002,0.0,0.1636982986519342,10001.908133362867,10001.90813336283,3.8198777474462986e-11
28761,0,Active Minimal Buyers,1406.9758000000002,0.0,0.1636982986519342,10001.908133362867,10001.90813336283,3.8198777474462986e-11
14149,0,Active Minimal Buyers,1406.9758000000002,0.0,0.1636982986519342,10001.908133362867,10001.90813336283,3.8198777474462986e-11
29157,0,Active Minimal Buyers,1406.9758000000002,0.0,0.1636982986519342,10001.908133362867,10001.90813336283,3.8198777474462986e-11
18695,0,Active Minimal Buyers,1406.9758000000002,0.0,0.1636982986519342,10001.908133362867,10001.90813336283,3.8198777474462986e-11
28871,0,Active Minimal Buyers,1406.9758000000002,0.0,0.1636982986519342,10001.908133362867,10001.90813336283,3.8198777474462986e-11
28870,0,Active Minimal Buyers,1406.9758000000002,0.0,0.1636982986519342,10001.908133362867,10001.90813336283,3.8198777474462986e-11
28775,0,Active Minimal Buyers,1406.9758000000002,0.0,0.1636982986519342,10001.908133362867,10001.90813336283,3.8198777474462986e-11
28778,0,Active Minimal Buyers,1406.9758000000002,0.0,0.1636982986519342,10001.908133362867,10001.90813336283,3.8198777474462986e-11
28790,0,Active Minimal Buyers,1406.9758000000002,0.0,0.1636982986519342,10001.908133362867,10001.90813336283,3.8198777474462986e-11
28792,0,Active Minimal Buyers,1406.9758000000002,0.0,0.1636982986519342,10001.908133362867,10001.90813336283,3.8198777474462986e-11
29170,0,Active Minimal Buyers,1406.9758000000002,0.0,0.1636982986519342,10001.908133362867,10001.90813336283,3.8198777474462986e-11
18490,0,Active Minimal Buyers,1406.9758000000002,0.0,0.1636982986519342,10001.908133362867,10001.90813336283,3.8198777474462986e-11
12052,0,Active Minimal Buyers,1406.9758000000002,0.0,0.1636982986519342,10001.908133362867,10001.90813336283,3.8198777474462986e-11
28824,0,Active Minimal Buyers,1406.9758000000002,0.0,0.1636982986519342,10001.908133362867,10001.90813336283,3.8198777474462986e-11
28839,0,Active Minimal Buyers,1406.9758000000002,0.0,0.1636982986519342,10001.908133362867,10001.90813336283,3.8198777474462986e-11
28833,0,Active Minimal Buyers,1406.9758000000002,0.0,0.1636982986519342,10001.908133362867,10001.90813336283,3.8198777474462986e-11
29044,0,Active Minimal Buyers,1406.9758000000002,0.0,0.1636982986519342,10001.908133362867,10001.90813336283,3.8198777474462986e-11
29032,0,Active Minimal Buyers,1406.9758000000002,0.0,0.1636982986519342,10001.908133362867,10001.90813336283,3.8198777474462986e-11
18692,0,Active Minimal Buyers,1406.9758000000002,0.0,0.1636982986519342,10001.908133362867,10001.90813336283,3.8198777474462986e-11
14183,0,Active Minimal Buyers,1406.9758000000002,0.0,0.1636982986519342,10001.908133362867,10001.90813336283,3.8198777474462986e-11
28830,0,Active Minimal Buyers,1406.9758000000002,0.0,0.1636982986519342,10001.908133362867,10001.90813336283,3.8198777474462986e-11
28821,0,Active Minimal Buyers,1406.9758000000002,0.0,0.1636982986519342,10001.908133362867,10001.90813336283,3.8198777474462986e-11
29017,0,Active Minimal Buyers,1406.9758000000002,0.0,0.1636982986519342,10001.908133362867,10001.90813336283,3.8198777474462986e-11
28966,0,Active Minimal Buyers,1406.9758000000002,0.0,0.1636982986519342,10001.908133362867,10001.90813336283,3.8198777474462986e-11
28988,0,Active Minimal Buyers,1406.9758000000002,0.0,0.1636982986519342,10001.908133362867,10001.90813336283,3.8198777474462986e-11
28989,0,Active Minimal Buyers,1406.9758000000002,0.0,0.1636982986519342,10001.908133362867,10001.90813336283,3.8198777474462986e-11
28990,0,Active Minimal Buyers,1406.9758000000002,0.0,0.1636982986519342,10001.908133362867,10001.90813336283,3.8198777474462986e-11
28829,0,Active Minimal Buyers,1406.9758000000002,0.0,0.1636982986519342,10001.908133362867,10001.90813336283,3.8198777474462986e-11
28993,0,Active Minimal Buyers,1406.9758000000002,0.0,0.1636982986519342,10001.908133362867,10001.90813336283,3.8198777474462986e-11
14147,0,Active Minimal Buyers,1406.9758000000002,0.0,0.1636982986519342,10001.908133362867,10001.90813336283,3.8198777474462986e-11
29168,0,Active Minimal Buyers,1406.9758000000002,0.0,0.1636982986519342,10001.908133362867,10001.90813336283,3.8198777474462986e-11
28828,0,Active Minimal Buyers,1406.9758000000002,0.0,0.1636982986519342,10001.908133362867,10001.90813336283,3.8198777474462986e-11
28997,0,Active Minimal Buyers,1406.9758000000002,0.0,0.1636982986519342,10001.908133362867,10001.90813336283,3.8198777474462986e-11
29016,0,Active Minimal Buyers,1406.9758000000002,0.0,0.1636982986519342,10001.908133362867,10001.90813336283,3.8198777474462986e-11
28827,0,Active Minimal Buyers,1406.9758000000002,0.0,0.1636982986519342,10001.908133362867,10001.90813336283,3.8198777474462986e-11
29011,0,Active Minimal Buyers,1406.9758000000002,0.0,0.1636982986519342,10001.908133362867,10001.90813336283,3.8198777474462986e-11
29010,0,Active Minimal Buyers,1406.9758000000002,0.0,0.1636982986519342,10001.908133362867,10001.90813336283,3.8198777474462986e-11
29004,0,Active Minimal Buyers,1406.9758000000002,0.0,0.1636982986519342,10001.908133362867,10001.90813336283,3.8198777474462986e-11
28826,0,Active Minimal Buyers,1406.9758000000002,0.0,0.1636982986519342,10001.908133362867,10001.90813336283,3.8198777474462986e-11
28825,0,Active Minimal Buyers,1406.9758000000002,0.0,0.1636982986519342,10001.908133362867,10001.90813336283,3.8198777474462986e-11
28823,0,Active Minimal Buyers,1406.9758000000002,0.0,0.1636982986519342,10001.908133362867,10001.90813336283,3.8198777474462986e-11
29136,0,Active Minimal Buyers,1406.9758000000002,0.0,0.1636982986519342,10001.908133362867,10001.90813336283,3.8198777474462986e-11
12053,0,Active Minimal Buyers,1406.9758000000002,0.0,0.1636982986519342,10001.908133362867,10001.90813336283,3.8198777474462986e-11
29132,0,Active Minimal Buyers,1406.9758000000002,0.0,0.1636982986519342,10001.908133362867,10001.90813336283,3.8198777474462986e-11
29019,0,Active Minimal Buyers,1406.9758000000002,0.0,0.1636982986519342,10001.908133362867,10001.90813336283,3.8198777474462986e-11
29167,0,Active Minimal Buyers,1406.9758000000002,0.0,0.1636982986519342,10001.908133362867,10001.90813336283,3.8198777474462986e-11
29140,0,Active Minimal Buyers,1406.9758000000002,0.0,0.1636982986519342,10001.908133362867,10001.90813336283,3.8198777474462986e-11
14137,0,Active Minimal Buyers,1406.9758000000002,0.0,0.1636982986519342,10001.908133362867,10001.90813336283,3.8198777474462986e-11
28354,0,Active Minimal Buyers,1406.9758000000002,0.0,0.1636982986519342,10001.908133362867,10001.90813336283,3.8198777474462986e-11
14138,0,Active Minimal Buyers,1406.9758000000002,0.0,0.1636982986519342,10001.908133362867,10001.90813336283,3.8198777474462986e-11
28355,0,Active Minimal Buyers,1406.9758000000002,0.0,0.1636982986519342,10001.908133362867,10001.90813336283,3.8198777474462986e-11
12023,0,Active Minimal Buyers,1406.9758000000002,0.0,0.1636982986519342,10001.908133362867,10001.90813336283,3.8198777474462986e-11
28362,0,Active Minimal Buyers,1406.9758000000002,0.0,0.1636982986519342,10001.908133362867,10001.90813336283,3.8198777474462986e-11
18691,0,Active Minimal Buyers,1406.9758000000002,0.0,0.1636982986519342,10001.908133362867,10001.90813336283,3.8198777474462986e-11
14139,0,Active Minimal Buyers,1406.9758000000002,0.0,0.1636982986519342,10001.908133362867,10001.90813336283,3.8198777474462986e-11
29048,0,Active Minimal Buyers,1406.9758000000002,0.0,0.1636982986519342,10001.908133362867,10001.90813336283,3.8198777474462986e-11
28841,0,Active Minimal Buyers,1406.9758000000002,0.0,0.1636982986519342,10001.908133362867,10001.90813336283,3.8198777474462986e-11
14140,0,Active Minimal Buyers,1406.9758000000002,0.0,0.1636982986519342,10001.908133362867,10001.90813336283,3.8198777474462986e-11
29056,0,Active Minimal Buyers,1406.9758000000002,0.0,0.1636982986519342,10001.908133362867,10001.90813336283,3.8198777474462986e-11
29058,0,Active Minimal Buyers,1406.9758000000002,0.0,0.1636982986519342,10001.908133362867,10001.90813336283,3.8198777474462986e-11
29059,0,Active Minimal Buyers,1406.9758000000002,0.0,0.1636982986519342,10001.908133362867,10001.90813336283,3.8198777474462986e-11
28840,0,Active Minimal Buyers,1406.9758000000002,0.0,0.1636982986519342,10001.908133362867,10001.90813336283,3.8198777474462986e-11
29060,0,Active Minimal Buyers,1406.9758000000002,0.0,0.1636982986519342,10001.908133362867,10001.90813336283,3.8198777474462986e-11
29070,0,Active Minimal Buyers,1406.9758000000002,0.0,0.1636982986519342,10001.908133362867,10001.90813336283,3.8198777474462986e-11
29106,0,Active Minimal Buyers,1406.9758000000002,0.0,0.1636982986519342,10001.908133362867,10001.90813336283,3.8198777474462986e-11
29139,0,Active Minimal Buyers,1406.9758000000002,0.0,0.1636982986519342,10001.908133362867,10001.90813336283,3.8198777474462986e-11
29108,0,Active Minimal Buyers,1406.9758000000002,0.0,0.1636982986519342,10001.908133362867,10001.90813336283,3.8198777474462986e-11
29110,0,Active Minimal Buyers,1406.9758000000002,0.0,0.1636982986519342,10001.908133362867,10001.90813336283,3.8198777474462986e-11
29111,0,Active Minimal Buyers,1406.9758000000002,0.0,0.1636982986519342,10001.908133362867,10001.90813336283,3.8198777474462986e-11
29126,0,Active Minimal Buyers,1406.9758000000002,0.0,0.1636982986519342,10001.908133362867,10001.90813336283,3.8198777474462986e-11
29128,0,Active Minimal Buyers,1406.9758000000002,0.0,0.1636982986519342,10001.908133362867,10001.90813336283,3.8198777474462986e-11
29138,0,Active Minimal Buyers,1406.9758000000002,0.0,0.1636982986519342,10001.908133362867,10001.90813336283,3.8198777474462986e-11
29008,0,Active Minimal Buyers,1406.9758000000002,0.0,0.1636982986519342,10001.908133362867,10001.90813336283,3.8198777474462986e-11
15691,0,Active Minimal Buyers,1406.9758000000002,0.0,0.1636982986519342,10001.908133362867,10001.369920273364,0.5382130895031878
12912,0,Active Minimal Buyers,1406.9758000000002,0.0,0.1636982986519342,10001.908133362867,10001.36532808011,0.5428052827573993
12773,0,Active Minimal Buyers,1406.9758000000002,0.0,0.1636982986519342,10001.908133362867,10001.36532808011,0.5428052827573993
24664,0,Active Minimal Buyers,1406.9758000000002,0.0,0.1636982986519342,10001.908133362867,10001.275700451288,0.632432911579599
24501,0,Active Minimal Buyers,1406.9758000000002,0.0,0.1636982986519342,10001.908133362867,10001.275700451288,0.632432911579599
20818,0,Active Minimal Buyers,1406.9758000000002,0.0,0.1636982986519342,10001.908133362867,10001.218520340612,0.6896130222557986
20444,0,Active Minimal Buyers,1406.9758000000002,0.0,0.1636982986519342,10001.908133362867,9999.041897422017,2.866235940849947
20995,0,Active Minimal Buyers,1406.9758000000002,0.0,0.1636982986519342,10001.908133362867,9999.041897422017,2.866235940849947
14264,1,High Value but Cooling,1092.333,0.0,0.12413778410416021,9891.692581635974,9996.78075064661,-105.0881690106362
12206,0,Active Minimal Buyers,1406.9758000000002,0.0,0.1636982986519342,10001.908133362867,9980.480547694346,21.427585668521715
20823,0,Active Minimal Buyers,1406.9758000000002,0.0,0.1636982986519342,10001.908133362867,9980.480547694346,21.427585668521715
15080,0,Active Minimal Buyers,1406.9758000000002,0.0,0.1636982986519342,10001.908133362867,9980.480547694346,21.427585668521715
26308,1,High Value but Cooling,1099.1230000000003,0.0,0.12413778410416021,9953.179868598201,9961.539469005833,-8.35960040763166
12272,1,High Value but Cooling,1092.333,0.0,0.12413778410416021,9891.692581635974,9954.260494306536,-62.56791267056178
11550,1,High Value but Cooling,1099.9258,0.0,0.12413778410416021,9960.449676252585,9949.636245691636,10.8134305609492
26311,1,High Value but Cooling,1088.7730000000001,0.0,0.12413778410416021,9859.454769914984,9849.217898751407,10.236871163577234
14275,1,High Value but Cooling,1083.6498,0.0,0.12413778410416021,9813.061298845047,9836.320367534485,-23.25906868943821
29664,3,Inactive Low-Value Customers,2680.2627,0.23809523809523808,0.10790077545642739,8582.368025790927,9810.581328399838,-1228.2133026089105
23310,1,High Value but Cooling,1053.5997000000002,0.0,0.12413778410416021,9540.94066232906,9761.37066608496,-220.43000375590054
29620,3,Inactive Low-Value Customers,3400.7759000000005,0.23809523809523808,0.10790077545642739,10889.49614791131,9758.674229329115,1130.8219185821945
26309,1,High Value but Cooling,1083.6498,0.0,0.12413778410416021,9813.061298845047,9743.21217263049,69.84912621455624
26306,1,High Value but Cooling,1080.0898,0.0,0.12413778410416021,9780.823487124057,9716.439614617311,64.38387250674532
13849,1,High Value but Cooling,1059.8909,0.0,0.12413778410416021,9597.91103342431,9711.281680985418,-113.37064756110703
30113,3,Inactive Low-Value Customers,2549.551783000001,0.23809523809523808,0.10790077545642739,8163.823532117748,9699.732841869665,-1535.9093097519171
20662,4,Frequent Low-Spend Customers,629.9777,0.0,0.07773582937909708,8734.061814517714,9592.86912833024,-858.8073138125255
13747,1,High Value but Cooling,1035.4706,0.0,0.12413778410416021,9376.771417252936,9434.684970358592,-57.91355310565632
12657,1,High Value but Cooling,993.4573,0.0,0.12413778410416021,8996.317244450276,9364.32942116917,-368.0121767188939
13662,1,High Value but Cooling,1020.1399000000001,0.0,0.12413778410416021,9237.943265525133,9288.822805857544,-50.879540332411125
21331,1,High Value but Cooling,1039.3749000000003,0.0,0.12413778410416021,9412.127060034472,9260.909588488257,151.21747154621517
29956,3,Inactive Low-Value Customers,2776.9539000000004,0.23809523809523808,0.10790077545642739,8891.979267724546,9201.490407780575,-309.51114005602903
13742,1,High Value but Cooling,999.6571000000001,0.0,0.12413778410416021,9052.459936896288,9173.263429608476,-120.80349271218802
16311,1,High Value but Cooling,999.6571000000001,0.0,0.12413778410416021,9052.459936896288,9084.579466280806,-32.11952938451759
16799,4,Frequent Low-Spend Customers,618.48,0.0,0.07773582937909708,8574.656771252245,9057.010634364919,-482.35386311267393
16798,4,Frequent Low-Spend Customers,658.5251000000001,0.0,0.07773582937909708,9129.845278351058,9030.93787107643,98.90740727462799
28758,1,High Value but Cooling,1002.2087,0.0,0.12413778410416021,9075.566116780354,9029.663729020163,45.90238776019032
16794,4,Frequent Low-Spend Customers,651.8814,0.0,0.07773582937909708,9037.73648390149,9028.096382028541,9.640101872948435
16793,4,Frequent Low-Spend Customers,650.1868000000001,0.0,0.07773582937909708,9014.242412363907,9024.27494958997,-10.032537226063141
24102,4,Frequent Low-Spend Customers,646.2284,0.0,0.07773582937909708,8959.362834425534,9021.313641031442,-61.95080660590793
13744,1,High Value but Cooling,981.3029000000001,0.0,0.12413778410416021,8886.252284118367,8998.776486772673,-112.52420265430555
28757,1,High Value but Cooling,1002.1405000000002,0.0,0.12413778410416021,9074.948527241206,8985.067537365856,89.88098987534977
16805,4,Frequent Low-Spend Customers,639.6491,0.0,0.07773582937909708,8868.146886787616,8895.768942431474,-27.622055643858403
13741,1,High Value but Cooling,976.3262000000002,0.0,0.12413778410416021,8841.18545333414,8887.63473139733,-46.44927806318992
21056,1,High Value but Cooling,954.8085000000001,0.0,0.12413778410416021,8646.330520393481,8864.468941576337,-218.13842118285538
16792,4,Frequent Low-Spend Customers,640.3837,0.0,0.07773582937909708,8878.33144063602,8840.42578339812,37.90565723790132
16797,4,Frequent Low-Spend Customers,638.0549,0.0,0.07773582937909708,8846.044768975025,8823.94827641204,22.096492562985077
29830,1,High Value but Cooling,1288.3824000000002,0.0,0.12413778410416021,11667.030684223908,8804.717116136422,2862.3135680874857
16803,4,Frequent Low-Spend Customers,632.0454,0.0,0.07773582937909708,8762.72857464887,8794.943624098127,-32.215049449256185
16804,4,Frequent Low-Spend Customers,635.5572,0.0,0.07773582937909708,8811.416454045591,8794.875436022663,16.541018022928256
16807,4,Frequent Low-Spend Customers,635.5572,0.0,0.07773582937909708,8811.416454045591,8789.262862455866,22.153591589725693
24164,4,Frequent Low-Spend Customers,626.6146000000001,0.0,0.07773582937909708,8687.435523954724,8693.735675840986,-6.300151886262029
24475,4,Frequent Low-Spend Customers,626.6146000000001,0.0,0.07773582937909708,8687.435523954724,8692.021401099577,-4.58587714485293
24485,4,Frequent Low-Spend Customers,626.6146000000001,0.0,0.07773582937909708,8687.435523954724,8692.021401099577,-4.58587714485293
24587,4,Frequent Low-Spend Customers,626.6146000000001,0.0,0.07773582937909708,8687.435523954724,8692.021401099577,-4.58587714485293
17972,4,Frequent Low-Spend Customers,626.6146000000001,0.0,0.07773582937909708,8687.435523954724,8690.799242825315,-3.3637188705906738
24252,4,Frequent Low-Spend Customers,626.6146000000001,0.0,0.07773582937909708,8687.435523954724,8690.799242825315,-3.3637188705906738
24169,4,Frequent Low-Spend Customers,626.6146000000001,0.0,0.07773582937909708,8687.435523954724,8690.799242825315,-3.3637188705906738
24009,4,Frequent Low-Spend Customers,626.6146000000001,0.0,0.07773582937909708,8687.435523954724,8689.639076379848,-2.203552425124144
24003,4,Frequent Low-Spend Customers,626.6146000000001,0.0,0.07773582937909708,8687.435523954724,8689.639076379848,-2.203552425124144
16262,4,Frequent Low-Spend Customers,626.6146000000001,0.0,0.07773582937909708,8687.435523954724,8689.639076379848,-2.203552425124144
17761,4,Frequent Low-Spend Customers,626.6146000000001,0.0,0.07773582937909708,8687.435523954724,8688.893513529234,-1.4579895745100657
17762,4,Frequent Low-Spend Customers,626.6146000000001,0.0,0.07773582937909708,8687.435523954724,8688.893513529234,-1.4579895745100657
16559,4,Frequent Low-Spend Customers,626.6146000000001,0.0,0.07773582937909708,8687.435523954724,8688.465129689685,-1.029605734960569
17952,4,Frequent Low-Spend Customers,626.6146000000001,0.0,0.07773582937909708,8687.435523954724,8688.465129689685,-1.029605734960569
16566,4,Frequent Low-Spend Customers,626.6146000000001,0.0,0.07773582937909708,8687.435523954724,8688.465129689685,-1.029605734960569
17220,4,Frequent Low-Spend Customers,626.6146000000001,0.0,0.07773582937909708,8687.435523954724,8688.230790995354,-0.7952670406302786
15710,4,Frequent Low-Spend Customers,626.6146000000001,0.0,0.07773582937909708,8687.435523954724,8688.230790995354,-0.7952670406302786
24005,4,Frequent Low-Spend Customers,626.6146000000001,0.0,0.07773582937909708,8687.435523954724,8688.230790995354,-0.7952670406302786
23653,4,Frequent Low-Spend Customers,626.6146000000001,0.0,0.07773582937909708,8687.435523954724,8688.230790995354,-0.7952670406302786
16203,4,Frequent Low-Spend Customers,626.6146000000001,0.0,0.07773582937909708,8687.435523954724,8688.230790995354,-0.7952670406302786
13927,4,Frequent Low-Spend Customers,626.6146000000001,0.0,0.07773582937909708,8687.435523954724,8687.819898778147,-0.38437482342305884
13915,4,Frequent Low-Spend Customers,626.6146000000001,0.0,0.07773582937909708,8687.435523954724,8687.819898778147,-0.38437482342305884
13912,4,Frequent Low-Spend Customers,626.6146000000001,0.0,0.07773582937909708,8687.435523954724,8687.819898778147,-0.38437482342305884
13905,4,Frequent Low-Spend Customers,626.6146000000001,0.0,0.07773582937909708,8687.435523954724,8687.819898778147,-0.38437482342305884
13903,4,Frequent Low-Spend Customers,626.6146000000001,0.0,0.07773582937909708,8687.435523954724,8687.819898778147,-0.38437482342305884
13939,4,Frequent Low-Spend Customers,626.6146000000001,0.0,0.07773582937909708,8687.435523954724,8687.819898778147,-0.38437482342305884
13904,4,Frequent Low-Spend Customers,626.6146000000001,0.0,0.07773582937909708,8687.435523954724,8687.819898778147,-0.38437482342305884
16533,4,Frequent Low-Spend Customers,626.6146000000001,0.0,0.07773582937909708,8687.435523954724,8687.4355239547,2.3646862246096134e-11
17947,4,Frequent Low-Spend Customers,626.6146000000001,0.0,0.07773582937909708,8687.435523954724,8687.4355239547,2.3646862246096134e-11
24482,4,Frequent Low-Spend Customers,626.6146000000001,0.0,0.07773582937909708,8687.435523954724,8687.4355239547,2.3646862246096134e-11
18045,4,Frequent Low-Spend Customers,626.6146000000001,0.0,0.07773582937909708,8687.435523954724,8687.4355239547,2.3646862246096134e-11
16560,4,Frequent Low-Spend Customers,626.6146000000001,0.0,0.07773582937909708,8687.435523954724,8687.4355239547,2.3646862246096134e-11
24592,4,Frequent Low-Spend Customers,626.6146000000001,0.0,0.07773582937909708,8687.435523954724,8687.4355239547,2.3646862246096134e-11
24478,4,Frequent Low-Spend Customers,626.6146000000001,0.0,0.07773582937909708,8687.435523954724,8687.4355239547,2.3646862246096134e-11
17943,4,Frequent Low-Spend Customers,626.6146000000001,0.0,0.07773582937909708,8687.435523954724,8687.4355239547,2.3646862246096134e-11
16596,4,Frequent Low-Spend Customers,626.6146000000001,0.0,0.07773582937909708,8687.435523954724,8687.4355239547,2.3646862246096134e-11
24467,4,Frequent Low-Spend Customers,626.6146000000001,0.0,0.07773582937909708,8687.435523954724,8687.4355239547,2.3646862246096134e-11
17986,4,Frequent Low-Spend Customers,626.6146000000001,0.0,0.07773582937909708,8687.435523954724,8687.4355239547,2.3646862246096134e-11
18027,4,Frequent Low-Spend Customers,626.6146000000001,0.0,0.07773582937909708,8687.435523954724,8687.4355239547,2.3646862246096134e-11
23651,4,Frequent Low-Spend Customers,626.6146000000001,0.0,0.07773582937909708,8687.435523954724,8687.4355239547,2.3646862246096134e-11
16548,4,Frequent Low-Spend Customers,626.6146000000001,0.0,0.07773582937909708,8687.435523954724,8687.4355239547,2.3646862246096134e-11
17983,4,Frequent Low-Spend Customers,626.6146000000001,0.0,0.07773582937909708,8687.435523954724,8687.4355239547,2.3646862246096134e-11
23998,4,Frequent Low-Spend Customers,626.6146000000001,0.0,0.07773582937909708,8687.435523954724,8687.4355239547,2.3646862246096134e-11
24590,4,Frequent Low-Spend Customers,626.6146000000001,0.0,0.07773582937909708,8687.435523954724,8687.4355239547,2.3646862246096134e-11
24585,4,Frequent Low-Spend Customers,626.6146000000001,0.0,0.07773582937909708,8687.435523954724,8687.4355239547,2.3646862246096134e-11
24006,4,Frequent Low-Spend Customers,626.6146000000001,0.0,0.07773582937909708,8687.435523954724,8687.4355239547,2.3646862246096134e-11
16052,4,Frequent Low-Spend Customers,626.6146000000001,0.0,0.07773582937909708,8687.435523954724,8687.4355239547,2.3646862246096134e-11
13948,4,Frequent Low-Spend Customers,626.6146000000001,0.0,0.07773582937909708,8687.435523954724,8687.4355239547,2.3646862246096134e-11
24505,4,Frequent Low-Spend Customers,626.6146000000001,0.0,0.07773582937909708,8687.435523954724,8687.4355239547,2.3646862246096134e-11
18158,4,Frequent Low-Spend Customers,626.6146000000001,0.0,0.07773582937909708,8687.435523954724,8687.435523954699,2.546585164964199e-11
23660,4,Frequent Low-Spend Customers,626.6146000000001,0.0,0.07773582937909708,8687.435523954724,8687.435523954699,2.546585164964199e-11
18147,4,Frequent Low-Spend Customers,626.6146000000001,0.0,0.07773582937909708,8687.435523954724,8687.435523954699,2.546585164964199e-11
18127,4,Frequent Low-Spend Customers,626.6146000000001,0.0,0.07773582937909708,8687.435523954724,8687.435523954699,2.546585164964199e-11
16268,4,Frequent Low-Spend Customers,626.6146000000001,0.0,0.07773582937909708,8687.435523954724,8687.435523954699,2.546585164964199e-11
23661,4,Frequent Low-Spend Customers,626.6146000000001,0.0,0.07773582937909708,8687.435523954724,8687.435523954699,2.546585164964199e-11
23663,4,Frequent Low-Spend Customers,626.6146000000001,0.0,0.07773582937909708,8687.435523954724,8687.435523954699,2.546585164964199e-11
23662,4,Frequent Low-Spend Customers,626.6146000000001,0.0,0.07773582937909708,8687.435523954724,8687.435523954699,2.546585164964199e-11
23658,4,Frequent Low-Spend Customers,626.6146000000001,0.0,0.07773582937909708,8687.435523954724,8687.435523954699,2.546585164964199e-11
23664,4,Frequent Low-Spend Customers,626.6146000000001,0.0,0.07773582937909708,8687.435523954724,8687.435523954699,2.546585164964199e-11
17811,4,Frequent Low-Spend Customers,626.6146000000001,0.0,0.07773582937909708,8687.435523954724,8687.435523954699,2.546585164964199e-11
17764,4,Frequent Low-Spend Customers,626.6146000000001,0.0,0.07773582937909708,8687.435523954724,8687.435523954699,2.546585164964199e-11
23652,4,Frequent Low-Spend Customers,626.6146000000001,0.0,0.07773582937909708,8687.435523954724,8687.435523954699,2.546585164964199e-11
17825,4,Frequent Low-Spend Customers,626.6146000000001,0.0,0.07773582937909708,8687.435523954724,8687.435523954699,2.546585164964199e-11
17799,4,Frequent Low-Spend Customers,626.6146000000001,0.0,0.07773582937909708,8687.435523954724,8687.435523954699,2.546585164964199e-11
24459,4,Frequent Low-Spend Customers,626.6146000000001,0.0,0.07773582937909708,8687.435523954724,8687.435523954699,2.546585164964199e-11
24302,4,Frequent Low-Spend Customers,626.6146000000001,0.0,0.07773582937909708,8687.435523954724,8687.435523954699,2.546585164964199e-11
24305,4,Frequent Low-Spend Customers,626.6146000000001,0.0,0.07773582937909708,8687.435523954724,8687.435523954699,2.546585164964199e-11
18019,4,Frequent Low-Spend Customers,626.6146000000001,0.0,0.07773582937909708,8687.435523954724,8687.435523954699,2.546585164964199e-11
15688,4,Frequent Low-Spend Customers,626.6146000000001,0.0,0.07773582937909708,8687.435523954724,8687.435523954699,2.546585164964199e-11
24364,4,Frequent Low-Spend Customers,626.6146000000001,0.0,0.07773582937909708,8687.435523954724,8687.435523954699,2.546585164964199e-11
15687,4,Frequent Low-Spend Customers,626.6146000000001,0.0,0.07773582937909708,8687.435523954724,8687.435523954699,2.546585164964199e-11
24361,4,Frequent Low-Spend Customers,626.6146000000001,0.0,0.07773582937909708,8687.435523954724,8687.435523954699,2.546585164964199e-11
16051,4,Frequent Low-Spend Customers,626.6146000000001,0.0,0.07773582937909708,8687.435523954724,8687.435523954699,2.546585164964199e-11
24304,4,Frequent Low-Spend Customers,626.6146000000001,0.0,0.07773582937909708,8687.435523954724,8687.435523954699,2.546585164964199e-11
18141,4,Frequent Low-Spend Customers,626.6146000000001,0.0,0.07773582937909708,8687.435523954724,8687.435523954699,2.546585164964199e-11
24365,4,Frequent Low-Spend Customers,626.6146000000001,0.0,0.07773582937909708,8687.435523954724,8687.435523954699,2.546585164964199e-11
24474,4,Frequent Low-Spend Customers,626.6146000000001,0.0,0.07773582937909708,8687.435523954724,8687.435523954699,2.546585164964199e-11
24466,4,Frequent Low-Spend Customers,626.6146000000001,0.0,0.07773582937909708,8687.435523954724,8687.435523954699,2.546585164964199e-11
24465,4,Frequent Low-Spend Customers,626.6146000000001,0.0,0.07773582937909708,8687.435523954724,8687.435523954699,2.546585164964199e-11
24463,4,Frequent Low-Spend Customers,626.6146000000001,0.0,0.07773582937909708,8687.435523954724,8687.435523954699,2.546585164964199e-11
24461,4,Frequent Low-Spend Customers,626.6146000000001,0.0,0.07773582937909708,8687.435523954724,8687.435523954699,2.546585164964199e-11
18021,4,Frequent Low-Spend Customers,626.6146000000001,0.0,0.07773582937909708,8687.435523954724,8687.435523954699,2.546585164964199e-11
24368,4,Frequent Low-Spend Customers,626.6146000000001,0.0,0.07773582937909708,8687.435523954724,8687.435523954699,2.546585164964199e-11
24372,4,Frequent Low-Spend Customers,626.6146000000001,0.0,0.07773582937909708,8687.435523954724,8687.435523954699,2.546585164964199e-11
24377,4,Frequent Low-Spend Customers,626.6146000000001,0.0,0.07773582937909708,8687.435523954724,8687.435523954699,2.546585164964199e-11
24381,4,Frequent Low-Spend Customers,626.6146000000001,0.0,0.07773582937909708,8687.435523954724,8687.435523954699,2.546585164964199e-11
16259,4,Frequent Low-Spend Customers,626.6146000000001,0.0,0.07773582937909708,8687.435523954724,8687.435523954699,2.546585164964199e-11
17893,4,Frequent Low-Spend Customers,626.6146000000001,0.0,0.07773582937909708,8687.435523954724,8687.435523954699,2.546585164964199e-11
17892,4,Frequent Low-Spend Customers,626.6146000000001,0.0,0.07773582937909708,8687.435523954724,8687.435523954699,2.546585164964199e-11
17796,4,Frequent Low-Spend Customers,626.6146000000001,0.0,0.07773582937909708,8687.435523954724,8687.435523954699,2.546585164964199e-11
18026,4,Frequent Low-Spend Customers,626.6146000000001,0.0,0.07773582937909708,8687.435523954724,8687.435523954699,2.546585164964199e-11
24460,4,Frequent Low-Spend Customers,626.6146000000001,0.0,0.07773582937909708,8687.435523954724,8687.435523954699,2.546585164964199e-11
18136,4,Frequent Low-Spend Customers,626.6146000000001,0.0,0.07773582937909708,8687.435523954724,8687.435523954699,2.546585164964199e-11
24597,4,Frequent Low-Spend Customers,626.6146000000001,0.0,0.07773582937909708,8687.435523954724,8687.435523954699,2.546585164964199e-11
24601,4,Frequent Low-Spend Customers,626.6146000000001,0.0,0.07773582937909708,8687.435523954724,8687.435523954699,2.546585164964199e-11
15700,4,Frequent Low-Spend Customers,626.6146000000001,0.0,0.07773582937909708,8687.435523954724,8687.435523954699,2.546585164964199e-11
18135,4,Frequent Low-Spend Customers,626.6146000000001,0.0,0.07773582937909708,8687.435523954724,8687.435523954699,2.546585164964199e-11
18028,4,Frequent Low-Spend Customers,626.6146000000001,0.0,0.07773582937909708,8687.435523954724,8687.435523954699,2.546585164964199e-11
24457,4,Frequent Low-Spend Customers,626.6146000000001,0.0,0.07773582937909708,8687.435523954724,8687.435523954699,2.546585164964199e-11
16288,4,Frequent Low-Spend Customers,626.6146000000001,0.0,0.07773582937909708,8687.435523954724,8687.435523954699,2.546585164964199e-11
16436,4,Frequent Low-Spend Customers,626.6146000000001,0.0,0.07773582937909708,8687.435523954724,8687.435523954699,2.546585164964199e-11
23996,4,Frequent Low-Spend Customers,626.6146000000001,0.0,0.07773582937909708,8687.435523954724,8687.435523954699,2.546585164964199e-11
16426,4,Frequent Low-Spend Customers,626.6146000000001,0.0,0.07773582937909708,8687.435523954724,8687.435523954699,2.546585164964199e-11
17978,4,Frequent Low-Spend Customers,626.6146000000001,0.0,0.07773582937909708,8687.435523954724,8687.435523954699,2.546585164964199e-11
18126,4,Frequent Low-Spend Customers,626.6146000000001,0.0,0.07773582937909708,8687.435523954724,8687.435523954699,2.546585164964199e-11
17789,4,Frequent Low-Spend Customers,626.6146000000001,0.0,0.07773582937909708,8687.435523954724,8687.435523954699,2.546585164964199e-11
16476,4,Frequent Low-Spend Customers,626.6146000000001,0.0,0.07773582937909708,8687.435523954724,8687.435523954699,2.546585164964199e-11
16513,4,Frequent Low-Spend Customers,626.6146000000001,0.0,0.07773582937909708,8687.435523954724,8687.435523954699,2.546585164964199e-11
16273,4,Frequent Low-Spend Customers,626.6146000000001,0.0,0.07773582937909708,8687.435523954724,8687.435523954699,2.546585164964199e-11
16433,4,Frequent Low-Spend Customers,626.6146000000001,0.0,0.07773582937909708,8687.435523954724,8687.435523954699,2.546585164964199e-11
17974,4,Frequent Low-Spend Customers,626.6146000000001,0.0,0.07773582937909708,8687.435523954724,8687.435523954699,2.546585164964199e-11
16393,4,Frequent Low-Spend Customers,626.6146000000001,0.0,0.07773582937909708,8687.435523954724,8687.435523954699,2.546585164964199e-11
17945,4,Frequent Low-Spend Customers,626.6146000000001,0.0,0.07773582937909708,8687.435523954724,8687.435523954699,2.546585164964199e-11
15924,4,Frequent Low-Spend Customers,626.6146000000001,0.0,0.07773582937909708,8687.435523954724,8687.435523954699,2.546585164964199e-11
24159,4,Frequent Low-Spend Customers,626.6146000000001,0.0,0.07773582937909708,8687.435523954724,8687.435523954699,2.546585164964199e-11
24008,4,Frequent Low-Spend Customers,626.6146000000001,0.0,0.07773582937909708,8687.435523954724,8687.435523954699,2.546585164964199e-11
16408,4,Frequent Low-Spend Customers,626.6146000000001,0.0,0.07773582937909708,8687.435523954724,8687.435523954699,2.546585164964199e-11
15920,4,Frequent Low-Spend Customers,626.6146000000001,0.0,0.07773582937909708,8687.435523954724,8687.435523954699,2.546585164964199e-11
18620,4,Frequent Low-Spend Customers,626.6146000000001,0.0,0.07773582937909708,8687.435523954724,8687.435523954699,2.546585164964199e-11
24004,4,Frequent Low-Spend Customers,626.6146000000001,0.0,0.07773582937909708,8687.435523954724,8687.435523954699,2.546585164964199e-11
24002,4,Frequent Low-Spend Customers,626.6146000000001,0.0,0.07773582937909708,8687.435523954724,8687.435523954699,2.546585164964199e-11
17979,4,Frequent Low-Spend Customers,626.6146000000001,0.0,0.07773582937909708,8687.435523954724,8687.435523954699,2.546585164964199e-11
17784,4,Frequent Low-Spend Customers,626.6146000000001,0.0,0.07773582937909708,8687.435523954724,8687.435523954699,2.546585164964199e-11
17769,4,Frequent Low-Spend Customers,626.6146000000001,0.0,0.07773582937909708,8687.435523954724,8687.435523954699,2.546585164964199e-11
18160,4,Frequent Low-Spend Customers,626.6146000000001,0.0,0.07773582937909708,8687.435523954724,8687.435523954699,2.546585164964199e-11
17964,4,Frequent Low-Spend Customers,626.6146000000001,0.0,0.07773582937909708,8687.435523954724,8687.435523954699,2.546585164964199e-11
17962,4,Frequent Low-Spend Customers,626.6146000000001,0.0,0.07773582937909708,8687.435523954724,8687.435523954699,2.546585164964199e-11
17946,4,Frequent Low-Spend Customers,626.6146000000001,0.0,0.07773582937909708,8687.435523954724,8687.435523954699,2.546585164964199e-11
17989,4,Frequent Low-Spend Customers,626.6146000000001,0.0,0.07773582937909708,8687.435523954724,8687.435523954699,2.546585164964199e-11
17990,4,Frequent Low-Spend Customers,626.6146000000001,0.0,0.07773582937909708,8687.435523954724,8687.435523954699,2.546585164964199e-11
17960,4,Frequent Low-Spend Customers,626.6146000000001,0.0,0.07773582937909708,8687.435523954724,8687.435523954699,2.546585164964199e-11
17965,4,Frequent Low-Spend Customers,626.6146000000001,0.0,0.07773582937909708,8687.435523954724,8687.435523954699,2.546585164964199e-11
16431,4,Frequent Low-Spend Customers,626.6146000000001,0.0,0.07773582937909708,8687.435523954724,8687.435523954699,2.546585164964199e-11
16430,4,Frequent Low-Spend Customers,626.6146000000001,0.0,0.07773582937909708,8687.435523954724,8687.435523954699,2.546585164964199e-11
17768,4,Frequent Low-Spend Customers,626.6146000000001,0.0,0.07773582937909708,8687.435523954724,8687.435523954699,2.546585164964199e-11
18168,4,Frequent Low-Spend Customers,626.6146000000001,0.0,0.07773582937909708,8687.435523954724,8687.435523954699,2.546585164964199e-11
18177,4,Frequent Low-Spend Customers,626.6146000000001,0.0,0.07773582937909708,8687.435523954724,8687.435523954699,2.546585164964199e-11
17959,4,Frequent Low-Spend Customers,626.6146000000001,0.0,0.07773582937909708,8687.435523954724,8687.435523954699,2.546585164964199e-11
17958,4,Frequent Low-Spend Customers,626.6146000000001,0.0,0.07773582937909708,8687.435523954724,8687.435523954699,2.546585164964199e-11
19032,4,Frequent Low-Spend Customers,626.6146000000001,0.0,0.07773582937909708,8687.435523954724,8687.435523954699,2.546585164964199e-11
16432,4,Frequent Low-Spend Customers,626.6146000000001,0.0,0.07773582937909708,8687.435523954724,8687.435523954699,2.546585164964199e-11
17765,4,Frequent Low-Spend Customers,626.6146000000001,0.0,0.07773582937909708,8687.435523954724,8687.435523954699,2.546585164964199e-11
17199,4,Frequent Low-Spend Customers,626.6146000000001,0.0,0.07773582937909708,8687.435523954724,8687.435523954699,2.546585164964199e-11
23999,4,Frequent Low-Spend Customers,626.6146000000001,0.0,0.07773582937909708,8687.435523954724,8687.435523954699,2.546585164964199e-11
17928,4,Frequent Low-Spend Customers,626.6146000000001,0.0,0.07773582937909708,8687.435523954724,8687.435523954699,2.546585164964199e-11
17929,4,Frequent Low-Spend Customers,626.6146000000001,0.0,0.07773582937909708,8687.435523954724,8687.435523954699,2.546585164964199e-11
24173,4,Frequent Low-Spend Customers,626.6146000000001,0.0,0.07773582937909708,8687.435523954724,8687.435523954699,2.546585164964199e-11
24257,4,Frequent Low-Spend Customers,626.6146000000001,0.0,0.07773582937909708,8687.435523954724,8687.435523954699,2.546585164964199e-11
24250,4,Frequent Low-Spend Customers,626.6146000000001,0.0,0.07773582937909708,8687.435523954724,8687.435523954699,2.546585164964199e-11
24249,4,Frequent Low-Spend Customers,626.6146000000001,0.0,0.07773582937909708,8687.435523954724,8687.435523954699,2.546585164964199e-11
24248,4,Frequent Low-Spend Customers,626.6146000000001,0.0,0.07773582937909708,8687.435523954724,8687.435523954699,2.546585164964199e-11
23994,4,Frequent Low-Spend Customers,626.6146000000001,0.0,0.07773582937909708,8687.435523954724,8687.435523954699,2.546585164964199e-11
24178,4,Frequent Low-Spend Customers,626.6146000000001,0.0,0.07773582937909708,8687.435523954724,8687.435523954699,2.546585164964199e-11
16425,4,Frequent Low-Spend Customers,626.6146000000001,0.0,0.07773582937909708,8687.435523954724,8687.435523954699,2.546585164964199e-11
24177,4,Frequent Low-Spend Customers,626.6146000000001,0.0,0.07773582937909708,8687.435523954724,8687.435523954699,2.546585164964199e-11
24175,4,Frequent Low-Spend Customers,626.6146000000001,0.0,0.07773582937909708,8687.435523954724,8687.435523954699,2.546585164964199e-11
18633,4,Frequent Low-Spend Customers,626.6146000000001,0.0,0.07773582937909708,8687.435523954724,8687.435523954699,2.546585164964199e-11
24270,4,Frequent Low-Spend Customers,626.6146000000001,0.0,0.07773582937909708,8687.435523954724,8687.435523954699,2.546585164964199e-11
24172,4,Frequent Low-Spend Customers,626.6146000000001,0.0,0.07773582937909708,8687.435523954724,8687.435523954699,2.546585164964199e-11
24168,4,Frequent Low-Spend Customers,626.6146000000001,0.0,0.07773582937909708,8687.435523954724,8687.435523954699,2.546585164964199e-11
24166,4,Frequent Low-Spend Customers,626.6146000000001,0.0,0.07773582937909708,8687.435523954724,8687.435523954699,2.546585164964199e-11
17848,4,Frequent Low-Spend Customers,626.6146000000001,0.0,0.07773582937909708,8687.435523954724,8687.435523954699,2.546585164964199e-11
24242,4,Frequent Low-Spend Customers,626.6146000000001,0.0,0.07773582937909708,8687.435523954724,8687.435523954699,2.546585164964199e-11
16286,4,Frequent Low-Spend Customers,626.6146000000001,0.0,0.07773582937909708,8687.435523954724,8687.435523954699,2.546585164964199e-11
16424,4,Frequent Low-Spend Customers,626.6146000000001,0.0,0.07773582937909708,8687.435523954724,8687.435523954699,2.546585164964199e-11
17977,4,Frequent Low-Spend Customers,626.6146000000001,0.0,0.07773582937909708,8687.435523954724,8687.435523954699,2.546585164964199e-11
16205,4,Frequent Low-Spend Customers,626.6146000000001,0.0,0.07773582937909708,8687.435523954724,8687.435523954699,2.546585164964199e-11
24266,4,Frequent Low-Spend Customers,626.6146000000001,0.0,0.07773582937909708,8687.435523954724,8687.435523954699,2.546585164964199e-11
24247,4,Frequent Low-Spend Customers,626.6146000000001,0.0,0.07773582937909708,8687.435523954724,8687.435523954699,2.546585164964199e-11
17963,4,Frequent Low-Spend Customers,626.6146000000001,0.0,0.07773582937909708,8687.435523954724,8687.435523954699,2.546585164964199e-11
16289,4,Frequent Low-Spend Customers,626.6146000000001,0.0,0.07773582937909708,8687.435523954724,8687.435523954699,2.546585164964199e-11
13938,4,Frequent Low-Spend Customers,626.6146000000001,0.0,0.07773582937909708,8687.435523954724,8687.435523954699,2.546585164964199e-11
24163,4,Frequent Low-Spend Customers,626.6146000000001,0.0,0.07773582937909708,8687.435523954724,8687.435523954699,2.546585164964199e-11
17941,4,Frequent Low-Spend Customers,626.6146000000001,0.0,0.07773582937909708,8687.435523954724,8687.435523954699,2.546585164964199e-11
17722,4,Frequent Low-Spend Customers,626.6146000000001,0.0,0.07773582937909708,8687.435523954724,8687.435523954699,2.546585164964199e-11
17940,4,Frequent Low-Spend Customers,626.6146000000001,0.0,0.07773582937909708,8687.435523954724,8687.435523954699,2.546585164964199e-11
18625,4,Frequent Low-Spend Customers,626.6146000000001,0.0,0.07773582937909708,8687.435523954724,8687.435523954699,2.546585164964199e-11
24271,4,Frequent Low-Spend Customers,626.6146000000001,0.0,0.07773582937909708,8687.435523954724,8687.435523954699,2.546585164964199e-11
17942,4,Frequent Low-Spend Customers,626.6146000000001,0.0,0.07773582937909708,8687.435523954724,8687.435523954699,2.546585164964199e-11
24283,4,Frequent Low-Spend Customers,626.6146000000001,0.0,0.07773582937909708,8687.435523954724,8687.435523954699,2.546585164964199e-11
24282,4,Frequent Low-Spend Customers,626.6146000000001,0.0,0.07773582937909708,8687.435523954724,8687.435523954699,2.546585164964199e-11
24281,4,Frequent Low-Spend Customers,626.6146000000001,0.0,0.07773582937909708,8687.435523954724,8687.435523954699,2.546585164964199e-11
24273,4,Frequent Low-Spend Customers,626.6146000000001,0.0,0.07773582937909708,8687.435523954724,8687.435523954699,2.546585164964199e-11
24272,4,Frequent Low-Spend Customers,626.6146000000001,0.0,0.07773582937909708,8687.435523954724,8687.435523954699,2.546585164964199e-11
17934,4,Frequent Low-Spend Customers,626.6146000000001,0.0,0.07773582937909708,8687.435523954724,8687.435523954699,2.546585164964199e-11
17976,4,Frequent Low-Spend Customers,626.6146000000001,0.0,0.07773582937909708,8687.435523954724,8686.49381162196,0.9417123327639274
18005,4,Frequent Low-Spend Customers,626.6146000000001,0.0,0.07773582937909708,8687.435523954724,8686.49381162196,0.9417123327639274
17181,4,Frequent Low-Spend Customers,626.6146000000001,0.0,0.07773582937909708,8687.435523954724,8685.975743836747,1.4597801179770613
29770,3,Inactive Low-Value Customers,2450.7494500000025,0.23809523809523808,0.10790077545642739,7847.452310889048,8685.37062915748,-837.9183182684319
26202,4,Frequent Low-Spend Customers,626.6146000000001,0.0,0.07773582937909708,8687.435523954724,8684.47174918976,2.963774764963091
26235,4,Frequent Low-Spend Customers,626.6146000000001,0.0,0.07773582937909708,8687.435523954724,8684.471749189759,2.96377476496491
26200,4,Frequent Low-Spend Customers,626.6146000000001,0.0,0.07773582937909708,8687.435523954724,8684.471749189759,2.96377476496491
26310,4,Frequent Low-Spend Customers,626.6146000000001,0.0,0.07773582937909708,8687.435523954724,8684.471749189759,2.96377476496491
26279,4,Frequent Low-Spend Customers,626.6146000000001,0.0,0.07773582937909708,8687.435523954724,8684.471749189759,2.96377476496491
13892,4,Frequent Low-Spend Customers,626.6146000000001,0.0,0.07773582937909708,8687.435523954724,8682.092375049882,5.343148904841655
13906,4,Frequent Low-Spend Customers,626.6146000000001,0.0,0.07773582937909708,8687.435523954724,8679.888822624733,7.546701329991265
13889,4,Frequent Low-Spend Customers,626.6146000000001,0.0,0.07773582937909708,8687.435523954724,8679.888822624733,7.546701329991265
13895,4,Frequent Low-Spend Customers,626.6146000000001,0.0,0.07773582937909708,8687.435523954724,8679.888822624733,7.546701329991265
13897,4,Frequent Low-Spend Customers,626.6146000000001,0.0,0.07773582937909708,8687.435523954724,8679.888822624733,7.546701329991265
13890,4,Frequent Low-Spend Customers,626.6146000000001,0.0,0.07773582937909708,8687.435523954724,8679.888822624733,7.546701329991265
13907,4,Frequent Low-Spend Customers,626.6146000000001,0.0,0.07773582937909708,8687.435523954724,8679.888822624733,7.546701329991265
13910,4,Frequent Low-Spend Customers,626.6146000000001,0.0,0.07773582937909708,8687.435523954724,8679.888822624733,7.546701329991265
13911,4,Frequent Low-Spend Customers,626.6146000000001,0.0,0.07773582937909708,8687.435523954724,8679.888822624733,7.546701329991265
13949,4,Frequent Low-Spend Customers,626.6146000000001,0.0,0.07773582937909708,8687.435523954724,8676.382565203787,11.05295875093725
13976,4,Frequent Low-Spend Customers,626.6146000000001,0.0,0.07773582937909708,8687.435523954724,8670.436898734764,16.99862521995965
13947,4,Frequent Low-Spend Customers,626.6146000000001,0.0,0.07773582937909708,8687.435523954724,8669.407292999778,18.028230954945684
24602,4,Frequent Low-Spend Customers,626.6146000000001,0.0,0.07773582937909708,8687.435523954724,8669.381710553986,18.053813400738363
19058,4,Frequent Low-Spend Customers,626.6146000000001,0.0,0.07773582937909708,8687.435523954724,8669.381710553986,18.053813400738363
24477,4,Frequent Low-Spend Customers,626.6146000000001,0.0,0.07773582937909708,8687.435523954724,8668.893953154671,18.541570800052796
20837,1,High Value but Cooling,954.8085000000001,0.0,0.12413778410416021,8646.330520393481,8654.56537281281,-8.2348524193294
17841,4,Frequent Low-Spend Customers,626.6146000000001,0.0,0.07773582937909708,8687.435523954724,8650.858420729488,36.57710322523599
23544,4,Frequent Low-Spend Customers,626.6146000000001,0.0,0.07773582937909708,8687.435523954724,8650.858420729488,36.57710322523599
21040,1,High Value but Cooling,945.3225000000001,0.0,0.12413778410416021,8560.42942994817,8650.639152575466,-90.20972262729629
30096,3,Inactive Low-Value Customers,2803.214292000001,0.23809523809523808,0.10790077545642739,8976.066677755489,8567.97401111005,408.09266664543975
20834,1,High Value but Cooling,945.3225000000001,0.0,0.12413778410416021,8560.42942994817,8502.516088074583,57.91334187358734
29822,3,Inactive Low-Value Customers,2112.5290239999995,0.23809523809523808,0.10790077545642739,6764.449450844094,8436.10508678833,-1671.6556359442357
20832,1,High Value but Cooling,926.2611,0.0,0.12413778410416021,8387.817681538485,8405.712208524326,-17.894526985841367
21039,1,High Value but Cooling,914.7634,0.0,0.12413778410416021,8283.699510801285,8297.136978364095,-13.437467562809616
20982,1,High Value but Cooling,929.2488000000001,0.0,0.12413778410416021,8414.872993358373,8277.213943115905,137.65905024246786
20824,1,High Value but Cooling,932.9048,0.0,0.12413778410416021,8447.980139328018,8236.122522896574,211.8576164314436
17098,1,High Value but Cooling,897.1462000000001,0.0,0.12413778410416021,8124.16580949482,8090.311837612924,33.85397188189563
17700,1,High Value but Cooling,896.9521000000001,0.0,0.12413778410416021,8122.4081243108185,8033.620866301394,88.78725800942448
29558,3,Inactive Low-Value Customers,2342.8419000000004,0.23809523809523808,0.10790077545642739,7501.925617978889,8014.502927595673,-512.5773096167841
29680,3,Inactive Low-Value Customers,3123.2108,0.23809523809523808,0.10790077545642739,10000.715417830088,7399.729751956378,2600.98566587371
30024,4,Frequent Low-Spend Customers,445.16967600000004,0.0,0.07773582937909708,6171.868413965801,7261.283050952011,-1089.41463698621
29566,3,Inactive Low-Value Customers,1703.2888,0.23809523809523808,0.10790077545642739,5454.036776248759,7187.879750718054,-1733.8429744692949
29593,1,High Value but Cooling,896.4518000000002,0.0,0.12413778410416021,8117.877625096209,6943.812182460546,1174.0654426356632
19320,1,High Value but Cooling,731.442,0.0,0.12413778410416021,6623.620640680982,6372.096755074095,251.52388560688723
19335,1,High Value but Cooling,716.1113,0.0,0.12413778410416021,6484.79248895318,6350.4599831902315,134.33250576294813
25086,8,Recent Low-Value Customers,518.2049999999999,0.0,0.11380022563025272,5071.842720224695,6342.179455361638,-1270.3367351369434
19326,1,High Value but Cooling,703.6936000000001,0.0,0.12413778410416021,6372.343198333028,6280.486199704459,91.85699862856927
24606,1,High Value but Cooling,716.6716,0.0,0.12413778410416021,6489.8663220732,6255.21551193339,234.65081013980944
30058,1,High Value but Cooling,705.1893000000001,0.0,0.12413778410416021,6385.88760703839,6177.794378498739,208.09322853965114
29983,1,High Value but Cooling,1202.5896000000007,0.0,0.12413778410416021,10890.128399556344,6088.801582108494,4801.326817447851
29747,1,High Value but Cooling,759.5805000000004,0.0,0.12413778410416021,6878.430658970614,5956.318590612354,922.1120683582603
29691,1,High Value but Cooling,674.3580000000007,0.0,0.12413778410416021,6106.692763073971,5956.165950726307,150.52681234766442
20722,1,High Value but Cooling,657.4927,0.0,0.12413778410416021,5953.967941158792,5921.580433910092,32.387507248699876
17949,1,High Value but Cooling,648.567,0.0,0.12413778410416021,5873.140683833501,5841.499221245695,31.641462587806018
29544,3,Inactive Low-Value Customers,1744.2984250000015,0.23809523809523808,0.10790077545642739,5585.352148562708,5839.567161174526,-254.21501261181766
19417,1,High Value but Cooling,641.7055,0.0,0.12413778410416021,5811.005923967328,5804.440746403127,6.565177564200894
19422,1,High Value but Cooling,619.8018000000001,0.0,0.12413778410416021,5612.655542901866,5781.024181455777,-168.3686385539104
19428,1,High Value but Cooling,633.3672,0.0,0.12413778410416021,5735.4979055759995,5779.781507446938,-44.28360187093858
21534,1,High Value but Cooling,689.7961,0.0,0.12413778410416021,6246.49348249245,5774.12524127132,472.3682412211301
29626,1,High Value but Cooling,648.9946000000002,0.0,0.12413778410416021,5877.012843466056,5570.851346784338,306.16149668171875
29542,4,Frequent Low-Spend Customers,249.8444,0.0,0.07773582937909708,3463.8629805643745,5556.626327058339,-2092.763346493964
29977,4,Frequent Low-Spend Customers,342.3507000000001,0.0,0.07773582937909708,4746.377809950114,5487.814129207121,-741.4363192570072
29816,1,High Value but Cooling,657.8172919999997,0.0,0.12413778410416021,5956.907305142537,5434.21335703207,522.6939481104664
20716,1,High Value but Cooling,599.0923,0.0,0.12413778410416021,5425.1193176670795,5407.193010825133,17.926306841946825
30023,1,High Value but Cooling,571.1409080000004,0.0,0.12413778410416021,5172.003668050346,5340.761554447303,-168.75788639695656
15552,1,High Value but Cooling,602.1839000000001,0.0,0.12413778410416021,5453.115502699836,5332.814680208688,120.30082249114821
29985,3,Inactive Low-Value Customers,681.1381999999967,0.23809523809523808,0.10790077545642739,2181.0469208203945,5331.151090388124,-3150.10416956773
29780,3,Inactive Low-Value Customers,1293.7504,0.23809523809523808,0.10790077545642739,4142.6693235384055,5315.671715498553,-1173.0023919601472
19475,1,High Value but Cooling,586.7343000000001,0.0,0.12413778410416021,5313.210644282812,5231.713243824547,81.49740045826456
27873,8,Recent Low-Value Customers,481.6028999999999,0.0,0.11380022563025272,4713.6059327951325,5185.078705414253,-471.4727726191204
30017,1,High Value but Cooling,604.6716000000009,0.0,0.12413778410416021,5475.643031974649,5111.765335572337,363.8776964023118
15554,1,High Value but Cooling,559.3092,0.0,0.12413778410416021,5064.860866128508,5086.868024878981,-22.007158750472627
15555,1,High Value but Cooling,564.5006000000001,0.0,0.12413778410416021,5111.871926737595,5063.5466277456935,48.325298991901036
30114,1,High Value but Cooling,627.8199999999998,0.0,0.12413778410416021,5685.264874907831,5056.117889554085,629.1469853537455
29711,1,High Value but Cooling,509.47839999999997,0.0,0.12413778410416021,4613.614813233478,5024.027425106676,-410.4126118731974
26864,8,Recent Low-Value Customers,472.11689999999993,0.0,0.11380022563025272,4620.7633318089365,5019.633962784311,-398.8706309753743
15553,1,High Value but Cooling,572.9748000000001,0.0,0.12413778410416021,5188.610596424677,5000.397974833941,188.2126215907365
15548,1,High Value but Cooling,551.0711,0.0,0.12413778410416021,4990.260215359213,4999.015181713892,-8.7549663546788
15557,1,High Value but Cooling,551.0711,0.0,0.12413778410416021,4990.260215359213,4965.395301067244,24.8649142919694
25092,8,Recent Low-Value Customers,483.0382999999999,0.0,0.11380022563025272,4727.654664553047,4961.4154076326895,-233.76074307964245
15551,1,High Value but Cooling,570.1327,0.0,0.12413778410416021,5162.873774881916,4947.752617739011,215.12115714290485
25087,8,Recent Low-Value Customers,481.6028999999999,0.0,0.11380022563025272,4713.6059327951325,4905.975004270764,-192.36907147563124
29797,3,Inactive Low-Value Customers,1285.6407920000017,0.23809523809523808,0.10790077545642739,4116.701853856839,4897.629138021964,-780.9272841651245
26862,8,Recent Low-Value Customers,481.6028999999999,0.0,0.11380022563025272,4713.6059327951325,4880.690383659096,-167.08445086396387
25088,8,Recent Low-Value Customers,481.6028999999999,0.0,0.11380022563025272,4713.6059327951325,4877.51273462118,-163.90680182604774
29568,1,High Value but Cooling,519.7610999999996,0.0,0.12413778410416021,4706.730472386122,4873.135803393018,-166.40533100689663
26826,8,Recent Low-Value Customers,474.0782999999999,0.0,0.11380022563025272,4639.960198515064,4803.576495189136,-163.61629667407215
30028,1,High Value but Cooling,478.04320000000064,0.0,0.12413778410416021,4328.951313511107,4761.761612065787,-432.8102985546793
26658,1,High Value but Cooling,513.7929,0.0,0.12413778410416021,4652.6850488149985,4740.241488677976,-87.55643986297764
26657,1,High Value but Cooling,514.5275,0.0,0.12413778410416021,4659.337266930234,4722.567645436202,-63.230378505967565
26831,8,Recent Low-Value Customers,471.1968999999999,0.0,0.11380022563025272,4611.758989313966,4705.876855766814,-94.11786645284792
23688,8,Recent Low-Value Customers,459.6991999999999,0.0,0.11380022563025272,4499.227218983058,4705.082403095675,-205.85518411261637
30003,1,High Value but Cooling,500.98910000000035,0.0,0.12413778410416021,4536.739404513538,4670.8382968538735,-134.09889234033562
15276,1,High Value but Cooling,507.51,0.0,0.12413778410416021,4595.789838909996,4656.731781844044,-60.9419429340478
26656,1,High Value but Cooling,503.4429,0.0,0.12413778410416021,4558.959950131783,4620.779658728726,-61.81970859694229
26654,1,High Value but Cooling,507.51,0.0,0.12413778410416021,4595.789838909996,4610.352939730392,-14.563100820395448
30018,1,High Value but Cooling,589.883317,0.0,0.12413778410416021,5341.726772696349,4607.568160900654,734.1586117956949
26825,8,Recent Low-Value Customers,468.4505999999999,0.0,0.11380022563025272,4584.880048233595,4606.1172519797365,-21.23720374614186
29518,3,Inactive Low-Value Customers,861.1589,0.23809523809523808,0.10790077545642739,2757.4844094518367,4604.6911877050115,-1847.206778253175
25085,8,Recent Low-Value Customers,468.4505999999999,0.0,0.11380022563025272,4584.880048233595,4602.403206841735,-17.523158608139966
26666,1,High Value but Cooling,501.3752,0.0,0.12413778410416021,4540.235758194848,4596.587949582907,-56.3521913880586
19225,8,Recent Low-Value Customers,469.0649,0.0,0.11380022563025272,4590.89240431475,4595.352223431501,-4.459819116751532
29401,8,Recent Low-Value Customers,461.7668999999999,0.0,0.11380022563025272,4519.464478740507,4587.145365272379,-67.6808865318726
29654,3,Inactive Low-Value Customers,1140.0934919999993,0.23809523809523808,0.10790077545642739,3650.650338175104,4331.535833373199,-680.8854951980952
18544,8,Recent Low-Value Customers,429.31390000000005,0.0,0.11380022563025272,4201.836297230388,4259.638149760076,-57.801852529688404
19170,8,Recent Low-Value Customers,426.98510000000005,0.0,0.11380022563025272,4179.043565923551,4220.360876670318,-41.31731074676736
19240,8,Recent Low-Value Customers,429.31390000000005,0.0,0.11380022563025272,4201.836297230388,4218.851815654442,-17.01551842405479
19213,8,Recent Low-Value Customers,429.31390000000005,0.0,0.11380022563025272,4201.836297230388,4213.76120553307,-11.924908302682525
19198,8,Recent Low-Value Customers,429.31390000000005,0.0,0.11380022563025272,4201.836297230388,4213.139133191309,-11.302835960921584
22614,8,Recent Low-Value Customers,429.31390000000005,0.0,0.11380022563025272,4201.836297230388,4212.314574964211,-10.478277733823234
22630,8,Recent Low-Value Customers,431.38160000000005,0.0,0.11380022563025272,4222.073556987836,4183.073826570754,38.99973041708199
26995,8,Recent Low-Value Customers,423.05390000000006,0.0,0.11380022563025272,4140.567618949386,4172.57599827069,-32.008379321304346
22687,8,Recent Low-Value Customers,429.31390000000005,0.0,0.11380022563025272,4201.836297230388,4169.3273576720285,32.50893955835909
22631,8,Recent Low-Value Customers,425.5516,0.0,0.11380022563025272,4165.013430090354,4164.0282681857625,0.985161904591223
26655,1,High Value but Cooling,492.6238,0.0,0.12413778410416021,4460.986885864772,4160.572553379735,300.41433248503745
19413,8,Recent Low-Value Customers,423.05390000000006,0.0,0.11380022563025272,4140.567618949386,4149.715652563149,-9.148033613762891
22613,8,Recent Low-Value Customers,421.89560000000006,0.0,0.11380022563025272,4129.230956001641,4126.960991198088,2.2699648035531936
19160,8,Recent Low-Value Customers,421.89560000000006,0.0,0.11380022563025272,4129.230956001641,4126.70467158458,2.526284417061106
19169,8,Recent Low-Value Customers,418.90790000000004,0.0,0.11380022563025272,4099.989353749221,4114.44608784647,-14.456734097248955
27799,8,Recent Low-Value Customers,419.82790000000006,0.0,0.11380022563025272,4108.9936962441925,4111.529255561116,-2.5355593169233543
22668,8,Recent Low-Value Customers,419.82790000000006,0.0,0.11380022563025272,4108.9936962441925,4109.90195944267,-0.9082631984774707
19212,8,Recent Low-Value Customers,419.82790000000006,0.0,0.11380022563025272,4108.9936962441925,4109.775864555224,-0.7821683110314552
19171,8,Recent Low-Value Customers,419.82790000000006,0.0,0.11380022563025272,4108.9936962441925,4109.154535770813,-0.16083952662029333
19202,8,Recent Low-Value Customers,418.90790000000004,0.0,0.11380022563025272,4099.989353749221,4102.741390874394,-2.7520371251730467
26994,8,Recent Low-Value Customers,416.1616,0.0,0.11380022563025272,4073.1104126688506,4094.360215852606,-21.249803183755375
19199,8,Recent Low-Value Customers,416.1616,0.0,0.11380022563025272,4073.1104126688506,4094.01463682597,-20.904224157119188
22667,8,Recent Low-Value Customers,418.90790000000004,0.0,0.11380022563025272,4099.989353749221,4089.1419565740293,10.847397175191418
19393,8,Recent Low-Value Customers,416.1616,0.0,0.11380022563025272,4073.1104126688506,4067.5716427624166,5.538769906434027
29879,3,Inactive Low-Value Customers,707.2333600000011,0.23809523809523808,0.10790077545642739,2264.6052477007916,4065.1268741347235,-1800.521626433932
29590,1,High Value but Cooling,421.61629999999946,0.0,0.12413778410416021,3817.9738477248256,4018.5601566209352,-200.58630889610959
19159,8,Recent Low-Value Customers,407.41020000000003,0.0,0.11380022563025272,3987.4575834183142,4007.9632311313057,-20.505647712991504
21300,8,Recent Low-Value Customers,407.41020000000003,0.0,0.11380022563025272,3987.4575834183142,4007.9632311313057,-20.505647712991504
19201,8,Recent Low-Value Customers,407.41020000000003,0.0,0.11380022563025272,3987.4575834183142,3996.17815282305,-8.72056940473567
22669,8,Recent Low-Value Customers,407.41020000000003,0.0,0.11380022563025272,3987.4575834183142,3994.646509757436,-7.1889263391217355
19211,8,Recent Low-Value Customers,407.41020000000003,0.0,0.11380022563025272,3987.4575834183142,3994.0781736158547,-6.620590197540423
29980,1,High Value but Cooling,455.2420000000001,0.0,0.12413778410416021,4122.473562777216,3975.84350236165,146.63006041556628
19167,8,Recent Low-Value Customers,407.41020000000003,0.0,0.11380022563025272,3987.4575834183142,3972.9309155831747,14.526667835139506
29869,3,Inactive Low-Value Customers,894.8272000000009,0.23809523809523808,0.10790077545642739,2865.292402079852,3941.016790758764,-1075.724388678912
29771,1,High Value but Cooling,443.92259999999993,0.0,0.12413778410416021,4019.969999295593,3912.13503597869,107.83496331690276
29835,1,High Value but Cooling,375.5449000000001,0.0,0.12413778410416021,3400.7712862297712,3709.5992154289006,-308.82792919912936
29619,1,High Value but Cooling,376.5146749999998,0.0,0.12413778410416021,3409.5531468650834,3699.6368545336936,-290.08370766861026
15017,1,High Value but Cooling,429.90110000000004,0.0,0.12413778410416021,3892.9973933838355,3696.671764667689,196.32562871614664
29826,1,High Value but Cooling,402.1788,0.0,0.12413778410416021,3641.9563012847348,3636.073758257311,5.882543027423708
29540,3,Inactive Low-Value Customers,828.952092,0.23809523809523808,0.10790077545642739,2654.356205193356,3598.950518506072,-944.5943133127162
29494,1,High Value but Cooling,421.5793000000002,0.0,0.12413778410416021,3817.638791816496,3463.0142702504,354.62452156609606
14078,8,Recent Low-Value Customers,393.5253,0.0,0.11380022563025272,3851.561501778716,3276.9166294499964,574.6448723287194
19930,2,Inactive Minimal Buyers,296.28340000000003,0.0,0.10294761225463797,3174.2850700839213,3185.6033174339773,-11.318247350056026
20577,2,Inactive Minimal Buyers,296.28340000000003,0.0,0.10294761225463797,3174.2850700839213,3181.1910546462805,-6.905984562359208
26019,2,Inactive Minimal Buyers,296.28340000000003,0.0,0.10294761225463797,3174.2850700839213,3176.0818508921693,-1.7967808082480587
15199,2,Inactive Minimal Buyers,296.28340000000003,0.0,0.10294761225463797,3174.2850700839213,3176.0818508921693,-1.7967808082480587
20576,2,Inactive Minimal Buyers,296.28340000000003,0.0,0.10294761225463797,3174.2850700839213,3176.0818508921693,-1.7967808082480587
25961,2,Inactive Minimal Buyers,296.28340000000003,0.0,0.10294761225463797,3174.2850700839213,3176.0818508921693,-1.7967808082480587
15499,2,Inactive Minimal Buyers,296.28340000000003,0.0,0.10294761225463797,3174.2850700839213,3174.2850700839194,1.8189894035458565e-12
26022,2,Inactive Minimal Buyers,296.28340000000003,0.0,0.10294761225463797,3174.2850700839213,3174.2850700839194,1.8189894035458565e-12
26566,2,Inactive Minimal Buyers,296.28340000000003,0.0,0.10294761225463797,3174.2850700839213,3174.2850700839194,1.8189894035458565e-12
20808,2,Inactive Minimal Buyers,296.28340000000003,0.0,0.10294761225463797,3174.2850700839213,3174.2850700839194,1.8189894035458565e-12
15481,2,Inactive Minimal Buyers,296.28340000000003,0.0,0.10294761225463797,3174.2850700839213,3174.2850700839194,1.8189894035458565e-12
15491,2,Inactive Minimal Buyers,296.28340000000003,0.0,0.10294761225463797,3174.2850700839213,3174.2850700839194,1.8189894035458565e-12
26025,2,Inactive Minimal Buyers,296.28340000000003,0.0,0.10294761225463797,3174.2850700839213,3174.2850700839194,1.8189894035458565e-12
26024,2,Inactive Minimal Buyers,296.28340000000003,0.0,0.10294761225463797,3174.2850700839213,3174.2850700839194,1.8189894035458565e-12
15433,2,Inactive Minimal Buyers,296.28340000000003,0.0,0.10294761225463797,3174.2850700839213,3174.2850700839194,1.8189894035458565e-12
15492,2,Inactive Minimal Buyers,296.28340000000003,0.0,0.10294761225463797,3174.2850700839213,3174.2850700839194,1.8189894035458565e-12
15475,2,Inactive Minimal Buyers,296.28340000000003,0.0,0.10294761225463797,3174.2850700839213,3174.2850700839194,1.8189894035458565e-12
15520,2,Inactive Minimal Buyers,296.28340000000003,0.0,0.10294761225463797,3174.2850700839213,3174.2850700839194,1.8189894035458565e-12
15517,2,Inactive Minimal Buyers,296.28340000000003,0.0,0.10294761225463797,3174.2850700839213,3174.2850700839194,1.8189894035458565e-12
15427,2,Inactive Minimal Buyers,296.28340000000003,0.0,0.10294761225463797,3174.2850700839213,3174.2850700839194,1.8189894035458565e-12
15473,2,Inactive Minimal Buyers,296.28340000000003,0.0,0.10294761225463797,3174.2850700839213,3174.2850700839194,1.8189894035458565e-12
15482,2,Inactive Minimal Buyers,296.28340000000003,0.0,0.10294761225463797,3174.2850700839213,3174.2850700839194,1.8189894035458565e-12
15483,2,Inactive Minimal Buyers,296.28340000000003,0.0,0.10294761225463797,3174.2850700839213,3174.2850700839194,1.8189894035458565e-12
15489,2,Inactive Minimal Buyers,296.28340000000003,0.0,0.10294761225463797,3174.2850700839213,3174.2850700839194,1.8189894035458565e-12
15503,2,Inactive Minimal Buyers,296.28340000000003,0.0,0.10294761225463797,3174.2850700839213,3174.2850700839194,1.8189894035458565e-12
15493,2,Inactive Minimal Buyers,296.28340000000003,0.0,0.10294761225463797,3174.2850700839213,3174.2850700839194,1.8189894035458565e-12
15417,2,Inactive Minimal Buyers,296.28340000000003,0.0,0.10294761225463797,3174.2850700839213,3174.2850700839194,1.8189894035458565e-12
20879,2,Inactive Minimal Buyers,296.28340000000003,0.0,0.10294761225463797,3174.2850700839213,3174.2850700839194,1.8189894035458565e-12
15497,2,Inactive Minimal Buyers,296.28340000000003,0.0,0.10294761225463797,3174.2850700839213,3174.2850700839194,1.8189894035458565e-12
26027,2,Inactive Minimal Buyers,296.28340000000003,0.0,0.10294761225463797,3174.2850700839213,3174.2850700839194,1.8189894035458565e-12
26152,2,Inactive Minimal Buyers,296.28340000000003,0.0,0.10294761225463797,3174.2850700839213,3174.2850700839194,1.8189894035458565e-12
26033,2,Inactive Minimal Buyers,296.28340000000003,0.0,0.10294761225463797,3174.2850700839213,3174.2850700839194,1.8189894035458565e-12
15343,2,Inactive Minimal Buyers,296.28340000000003,0.0,0.10294761225463797,3174.2850700839213,3174.2850700839194,1.8189894035458565e-12
15194,2,Inactive Minimal Buyers,296.28340000000003,0.0,0.10294761225463797,3174.2850700839213,3174.2850700839194,1.8189894035458565e-12
15196,2,Inactive Minimal Buyers,296.28340000000003,0.0,0.10294761225463797,3174.2850700839213,3174.2850700839194,1.8189894035458565e-12
15342,2,Inactive Minimal Buyers,296.28340000000003,0.0,0.10294761225463797,3174.2850700839213,3174.2850700839194,1.8189894035458565e-12
15351,2,Inactive Minimal Buyers,296.28340000000003,0.0,0.10294761225463797,3174.2850700839213,3174.2850700839194,1.8189894035458565e-12
15350,2,Inactive Minimal Buyers,296.28340000000003,0.0,0.10294761225463797,3174.2850700839213,3174.2850700839194,1.8189894035458565e-12
15349,2,Inactive Minimal Buyers,296.28340000000003,0.0,0.10294761225463797,3174.2850700839213,3174.2850700839194,1.8189894035458565e-12
15348,2,Inactive Minimal Buyers,296.28340000000003,0.0,0.10294761225463797,3174.2850700839213,3174.2850700839194,1.8189894035458565e-12
15347,2,Inactive Minimal Buyers,296.28340000000003,0.0,0.10294761225463797,3174.2850700839213,3174.2850700839194,1.8189894035458565e-12
15346,2,Inactive Minimal Buyers,296.28340000000003,0.0,0.10294761225463797,3174.2850700839213,3174.2850700839194,1.8189894035458565e-12
15345,2,Inactive Minimal Buyers,296.28340000000003,0.0,0.10294761225463797,3174.2850700839213,3174.2850700839194,1.8189894035458565e-12
15341,2,Inactive Minimal Buyers,296.28340000000003,0.0,0.10294761225463797,3174.2850700839213,3174.2850700839194,1.8189894035458565e-12
26029,2,Inactive Minimal Buyers,296.28340000000003,0.0,0.10294761225463797,3174.2850700839213,3174.2850700839194,1.8189894035458565e-12
15339,2,Inactive Minimal Buyers,296.28340000000003,0.0,0.10294761225463797,3174.2850700839213,3174.2850700839194,1.8189894035458565e-12
15338,2,Inactive Minimal Buyers,296.28340000000003,0.0,0.10294761225463797,3174.2850700839213,3174.2850700839194,1.8189894035458565e-12
15337,2,Inactive Minimal Buyers,296.28340000000003,0.0,0.10294761225463797,3174.2850700839213,3174.2850700839194,1.8189894035458565e-12
15333,2,Inactive Minimal Buyers,296.28340000000003,0.0,0.10294761225463797,3174.2850700839213,3174.2850700839194,1.8189894035458565e-12
15329,2,Inactive Minimal Buyers,296.28340000000003,0.0,0.10294761225463797,3174.2850700839213,3174.2850700839194,1.8189894035458565e-12
15328,2,Inactive Minimal Buyers,296.28340000000003,0.0,0.10294761225463797,3174.2850700839213,3174.2850700839194,1.8189894035458565e-12
15325,2,Inactive Minimal Buyers,296.28340000000003,0.0,0.10294761225463797,3174.2850700839213,3174.2850700839194,1.8189894035458565e-12
15322,2,Inactive Minimal Buyers,296.28340000000003,0.0,0.10294761225463797,3174.2850700839213,3174.2850700839194,1.8189894035458565e-12
15321,2,Inactive Minimal Buyers,296.28340000000003,0.0,0.10294761225463797,3174.2850700839213,3174.2850700839194,1.8189894035458565e-12
15364,2,Inactive Minimal Buyers,296.28340000000003,0.0,0.10294761225463797,3174.2850700839213,3174.2850700839194,1.8189894035458565e-12
15155,2,Inactive Minimal Buyers,296.28340000000003,0.0,0.10294761225463797,3174.2850700839213,3174.2850700839194,1.8189894035458565e-12
15166,2,Inactive Minimal Buyers,296.28340000000003,0.0,0.10294761225463797,3174.2850700839213,3174.2850700839194,1.8189894035458565e-12
15167,2,Inactive Minimal Buyers,296.28340000000003,0.0,0.10294761225463797,3174.2850700839213,3174.2850700839194,1.8189894035458565e-12
15188,2,Inactive Minimal Buyers,296.28340000000003,0.0,0.10294761225463797,3174.2850700839213,3174.2850700839194,1.8189894035458565e-12
26028,2,Inactive Minimal Buyers,296.28340000000003,0.0,0.10294761225463797,3174.2850700839213,3174.2850700839194,1.8189894035458565e-12
26023,2,Inactive Minimal Buyers,296.28340000000003,0.0,0.10294761225463797,3174.2850700839213,3174.2850700839194,1.8189894035458565e-12
26021,2,Inactive Minimal Buyers,296.28340000000003,0.0,0.10294761225463797,3174.2850700839213,3174.2850700839194,1.8189894035458565e-12
27085,2,Inactive Minimal Buyers,296.28340000000003,0.0,0.10294761225463797,3174.2850700839213,3174.2850700839194,1.8189894035458565e-12
26020,2,Inactive Minimal Buyers,296.28340000000003,0.0,0.10294761225463797,3174.2850700839213,3174.2850700839194,1.8189894035458565e-12
20866,2,Inactive Minimal Buyers,296.28340000000003,0.0,0.10294761225463797,3174.2850700839213,3174.2850700839194,1.8189894035458565e-12
26154,2,Inactive Minimal Buyers,296.28340000000003,0.0,0.10294761225463797,3174.2850700839213,3174.2850700839194,1.8189894035458565e-12
26153,2,Inactive Minimal Buyers,296.28340000000003,0.0,0.10294761225463797,3174.2850700839213,3174.2850700839194,1.8189894035458565e-12
26150,2,Inactive Minimal Buyers,296.28340000000003,0.0,0.10294761225463797,3174.2850700839213,3174.2850700839194,1.8189894035458565e-12
26148,2,Inactive Minimal Buyers,296.28340000000003,0.0,0.10294761225463797,3174.2850700839213,3174.2850700839194,1.8189894035458565e-12
26142,2,Inactive Minimal Buyers,296.28340000000003,0.0,0.10294761225463797,3174.2850700839213,3174.2850700839194,1.8189894035458565e-12
26140,2,Inactive Minimal Buyers,296.28340000000003,0.0,0.10294761225463797,3174.2850700839213,3174.2850700839194,1.8189894035458565e-12
26138,2,Inactive Minimal Buyers,296.28340000000003,0.0,0.10294761225463797,3174.2850700839213,3174.2850700839194,1.8189894035458565e-12
26135,2,Inactive Minimal Buyers,296.28340000000003,0.0,0.10294761225463797,3174.2850700839213,3174.2850700839194,1.8189894035458565e-12
26134,2,Inactive Minimal Buyers,296.28340000000003,0.0,0.10294761225463797,3174.2850700839213,3174.2850700839194,1.8189894035458565e-12
26133,2,Inactive Minimal Buyers,296.28340000000003,0.0,0.10294761225463797,3174.2850700839213,3174.2850700839194,1.8189894035458565e-12
26131,2,Inactive Minimal Buyers,296.28340000000003,0.0,0.10294761225463797,3174.2850700839213,3174.2850700839194,1.8189894035458565e-12
15195,2,Inactive Minimal Buyers,296.28340000000003,0.0,0.10294761225463797,3174.2850700839213,3174.2850700839194,1.8189894035458565e-12
15193,2,Inactive Minimal Buyers,296.28340000000003,0.0,0.10294761225463797,3174.2850700839213,3174.2850700839194,1.8189894035458565e-12
15191,2,Inactive Minimal Buyers,296.28340000000003,0.0,0.10294761225463797,3174.2850700839213,3174.2850700839194,1.8189894035458565e-12
15189,2,Inactive Minimal Buyers,296.28340000000003,0.0,0.10294761225463797,3174.2850700839213,3174.2850700839194,1.8189894035458565e-12
26567,2,Inactive Minimal Buyers,296.28340000000003,0.0,0.10294761225463797,3174.2850700839213,3174.2850700839194,1.8189894035458565e-12
19295,2,Inactive Minimal Buyers,296.28340000000003,0.0,0.10294761225463797,3174.2850700839213,3174.2850700839194,1.8189894035458565e-12
27099,2,Inactive Minimal Buyers,296.28340000000003,0.0,0.10294761225463797,3174.2850700839213,3174.2850700839194,1.8189894035458565e-12
15467,2,Inactive Minimal Buyers,296.28340000000003,0.0,0.10294761225463797,3174.2850700839213,3174.2850700839194,1.8189894035458565e-12
20713,2,Inactive Minimal Buyers,296.28340000000003,0.0,0.10294761225463797,3174.2850700839213,3174.2850700839194,1.8189894035458565e-12
20166,2,Inactive Minimal Buyers,296.28340000000003,0.0,0.10294761225463797,3174.2850700839213,3174.2850700839194,1.8189894035458565e-12
19194,2,Inactive Minimal Buyers,296.28340000000003,0.0,0.10294761225463797,3174.2850700839213,3174.2850700839194,1.8189894035458565e-12
19944,2,Inactive Minimal Buyers,296.28340000000003,0.0,0.10294761225463797,3174.2850700839213,3174.2850700839194,1.8189894035458565e-12
19181,2,Inactive Minimal Buyers,296.28340000000003,0.0,0.10294761225463797,3174.2850700839213,3174.2850700839194,1.8189894035458565e-12
19174,2,Inactive Minimal Buyers,296.28340000000003,0.0,0.10294761225463797,3174.2850700839213,3174.2850700839194,1.8189894035458565e-12
19931,2,Inactive Minimal Buyers,296.28340000000003,0.0,0.10294761225463797,3174.2850700839213,3174.2850700839194,1.8189894035458565e-12
19924,2,Inactive Minimal Buyers,296.28340000000003,0.0,0.10294761225463797,3174.2850700839213,3174.2850700839194,1.8189894035458565e-12
19910,2,Inactive Minimal Buyers,296.28340000000003,0.0,0.10294761225463797,3174.2850700839213,3174.2850700839194,1.8189894035458565e-12
20171,2,Inactive Minimal Buyers,296.28340000000003,0.0,0.10294761225463797,3174.2850700839213,3174.2850700839194,1.8189894035458565e-12
20163,2,Inactive Minimal Buyers,296.28340000000003,0.0,0.10294761225463797,3174.2850700839213,3174.2850700839194,1.8189894035458565e-12
20162,2,Inactive Minimal Buyers,296.28340000000003,0.0,0.10294761225463797,3174.2850700839213,3174.2850700839194,1.8189894035458565e-12
20051,2,Inactive Minimal Buyers,296.28340000000003,0.0,0.10294761225463797,3174.2850700839213,3174.2850700839194,1.8189894035458565e-12
20062,2,Inactive Minimal Buyers,296.28340000000003,0.0,0.10294761225463797,3174.2850700839213,3174.2850700839194,1.8189894035458565e-12
20892,2,Inactive Minimal Buyers,296.28340000000003,0.0,0.10294761225463797,3174.2850700839213,3174.2850700839194,1.8189894035458565e-12
20886,2,Inactive Minimal Buyers,296.28340000000003,0.0,0.10294761225463797,3174.2850700839213,3174.2850700839194,1.8189894035458565e-12
20885,2,Inactive Minimal Buyers,296.28340000000003,0.0,0.10294761225463797,3174.2850700839213,3174.2850700839194,1.8189894035458565e-12
20880,2,Inactive Minimal Buyers,296.28340000000003,0.0,0.10294761225463797,3174.2850700839213,3174.2850700839194,1.8189894035458565e-12
20839,2,Inactive Minimal Buyers,296.28340000000003,0.0,0.10294761225463797,3174.2850700839213,3174.2850700839194,1.8189894035458565e-12
20712,2,Inactive Minimal Buyers,296.28340000000003,0.0,0.10294761225463797,3174.2850700839213,3174.2850700839194,1.8189894035458565e-12
20711,2,Inactive Minimal Buyers,296.28340000000003,0.0,0.10294761225463797,3174.2850700839213,3174.2850700839194,1.8189894035458565e-12
27101,2,Inactive Minimal Buyers,296.28340000000003,0.0,0.10294761225463797,3174.2850700839213,3174.2850700839194,1.8189894035458565e-12
20710,2,Inactive Minimal Buyers,296.28340000000003,0.0,0.10294761225463797,3174.2850700839213,3174.2850700839194,1.8189894035458565e-12
20592,2,Inactive Minimal Buyers,296.28340000000003,0.0,0.10294761225463797,3174.2850700839213,3174.2850700839194,1.8189894035458565e-12
20584,2,Inactive Minimal Buyers,296.28340000000003,0.0,0.10294761225463797,3174.2850700839213,3174.2850700839194,1.8189894035458565e-12
20548,2,Inactive Minimal Buyers,296.28340000000003,0.0,0.10294761225463797,3174.2850700839213,3174.2850700839194,1.8189894035458565e-12
20549,2,Inactive Minimal Buyers,296.28340000000003,0.0,0.10294761225463797,3174.2850700839213,3174.2850700839194,1.8189894035458565e-12
20555,2,Inactive Minimal Buyers,296.28340000000003,0.0,0.10294761225463797,3174.2850700839213,3174.2850700839194,1.8189894035458565e-12
20556,2,Inactive Minimal Buyers,296.28340000000003,0.0,0.10294761225463797,3174.2850700839213,3174.2850700839194,1.8189894035458565e-12
15466,2,Inactive Minimal Buyers,296.28340000000003,0.0,0.10294761225463797,3174.2850700839213,3174.2850700839194,1.8189894035458565e-12
20560,2,Inactive Minimal Buyers,296.28340000000003,0.0,0.10294761225463797,3174.2850700839213,3174.2850700839194,1.8189894035458565e-12
20590,2,Inactive Minimal Buyers,296.28340000000003,0.0,0.10294761225463797,3174.2850700839213,3174.2850700839194,1.8189894035458565e-12
20720,2,Inactive Minimal Buyers,296.28340000000003,0.0,0.10294761225463797,3174.2850700839213,3174.2850700839194,1.8189894035458565e-12
20726,2,Inactive Minimal Buyers,296.28340000000003,0.0,0.10294761225463797,3174.2850700839213,3174.2850700839194,1.8189894035458565e-12
20807,2,Inactive Minimal Buyers,296.28340000000003,0.0,0.10294761225463797,3174.2850700839213,3174.2850700839194,1.8189894035458565e-12
19076,2,Inactive Minimal Buyers,296.28340000000003,0.0,0.10294761225463797,3174.2850700839213,3174.2850700839194,1.8189894035458565e-12
20811,2,Inactive Minimal Buyers,296.28340000000003,0.0,0.10294761225463797,3174.2850700839213,3174.2850700839194,1.8189894035458565e-12
20719,2,Inactive Minimal Buyers,296.28340000000003,0.0,0.10294761225463797,3174.2850700839213,3174.2850700839194,1.8189894035458565e-12
19069,2,Inactive Minimal Buyers,296.28340000000003,0.0,0.10294761225463797,3174.2850700839213,3174.2850700839194,1.8189894035458565e-12
19052,2,Inactive Minimal Buyers,296.28340000000003,0.0,0.10294761225463797,3174.2850700839213,3174.2850700839194,1.8189894035458565e-12
20718,2,Inactive Minimal Buyers,296.28340000000003,0.0,0.10294761225463797,3174.2850700839213,3174.2850700839194,1.8189894035458565e-12
20717,2,Inactive Minimal Buyers,296.28340000000003,0.0,0.10294761225463797,3174.2850700839213,3174.2850700839194,1.8189894035458565e-12
20838,2,Inactive Minimal Buyers,296.28340000000003,0.0,0.10294761225463797,3174.2850700839213,3174.2850700839194,1.8189894035458565e-12
20833,2,Inactive Minimal Buyers,296.28340000000003,0.0,0.10294761225463797,3174.2850700839213,3174.2850700839194,1.8189894035458565e-12
20831,2,Inactive Minimal Buyers,296.28340000000003,0.0,0.10294761225463797,3174.2850700839213,3174.2850700839194,1.8189894035458565e-12
20830,2,Inactive Minimal Buyers,296.28340000000003,0.0,0.10294761225463797,3174.2850700839213,3174.2850700839194,1.8189894035458565e-12
19256,2,Inactive Minimal Buyers,296.28340000000003,0.0,0.10294761225463797,3174.2850700839213,3174.2850700839194,1.8189894035458565e-12
19255,2,Inactive Minimal Buyers,296.28340000000003,0.0,0.10294761225463797,3174.2850700839213,3174.2850700839194,1.8189894035458565e-12
15472,2,Inactive Minimal Buyers,296.28340000000003,0.0,0.10294761225463797,3174.2850700839213,3174.2850700839194,1.8189894035458565e-12
19276,2,Inactive Minimal Buyers,296.28340000000003,0.0,0.10294761225463797,3174.2850700839213,3174.2850700839194,1.8189894035458565e-12
19280,2,Inactive Minimal Buyers,296.28340000000003,0.0,0.10294761225463797,3174.2850700839213,3174.2850700839194,1.8189894035458565e-12
19282,2,Inactive Minimal Buyers,296.28340000000003,0.0,0.10294761225463797,3174.2850700839213,3174.2850700839194,1.8189894035458565e-12
19297,2,Inactive Minimal Buyers,296.28340000000003,0.0,0.10294761225463797,3174.2850700839213,3174.2850700839194,1.8189894035458565e-12
19296,2,Inactive Minimal Buyers,296.28340000000003,0.0,0.10294761225463797,3174.2850700839213,3174.2850700839194,1.8189894035458565e-12
15367,2,Inactive Minimal Buyers,296.28340000000003,0.0,0.10294761225463797,3174.2850700839213,3174.2850700839194,1.8189894035458565e-12
19293,2,Inactive Minimal Buyers,296.28340000000003,0.0,0.10294761225463797,3174.2850700839213,3174.2850700839194,1.8189894035458565e-12
19292,2,Inactive Minimal Buyers,296.28340000000003,0.0,0.10294761225463797,3174.2850700839213,3174.2850700839194,1.8189894035458565e-12
19287,2,Inactive Minimal Buyers,296.28340000000003,0.0,0.10294761225463797,3174.2850700839213,3174.2850700839194,1.8189894035458565e-12
27259,2,Inactive Minimal Buyers,296.28340000000003,0.0,0.10294761225463797,3174.2850700839213,3174.2850700839194,1.8189894035458565e-12
27265,2,Inactive Minimal Buyers,296.28340000000003,0.0,0.10294761225463797,3174.2850700839213,3174.2850700839194,1.8189894035458565e-12
27253,2,Inactive Minimal Buyers,296.28340000000003,0.0,0.10294761225463797,3174.2850700839213,3174.2850700839194,1.8189894035458565e-12
27252,2,Inactive Minimal Buyers,296.28340000000003,0.0,0.10294761225463797,3174.2850700839213,3174.2850700839194,1.8189894035458565e-12
15474,2,Inactive Minimal Buyers,296.28340000000003,0.0,0.10294761225463797,3174.2850700839213,3174.2850700839194,1.8189894035458565e-12
27242,2,Inactive Minimal Buyers,296.28340000000003,0.0,0.10294761225463797,3174.2850700839213,3174.2850700839194,1.8189894035458565e-12
27102,2,Inactive Minimal Buyers,296.28340000000003,0.0,0.10294761225463797,3174.2850700839213,3174.2850700839194,1.8189894035458565e-12
19309,2,Inactive Minimal Buyers,296.28340000000003,0.0,0.10294761225463797,3174.2850700839213,3174.2850700839194,1.8189894035458565e-12
19310,2,Inactive Minimal Buyers,296.28340000000003,0.0,0.10294761225463797,3174.2850700839213,3174.2850700839194,1.8189894035458565e-12
19313,2,Inactive Minimal Buyers,296.28340000000003,0.0,0.10294761225463797,3174.2850700839213,3174.2850700839194,1.8189894035458565e-12
20864,2,Inactive Minimal Buyers,296.28340000000003,0.0,0.10294761225463797,3174.2850700839213,3174.2850700839194,1.8189894035458565e-12
20829,2,Inactive Minimal Buyers,296.28340000000003,0.0,0.10294761225463797,3174.2850700839213,3174.2850700839194,1.8189894035458565e-12
20828,2,Inactive Minimal Buyers,296.28340000000003,0.0,0.10294761225463797,3174.2850700839213,3174.2850700839194,1.8189894035458565e-12
20825,2,Inactive Minimal Buyers,296.28340000000003,0.0,0.10294761225463797,3174.2850700839213,3174.2850700839194,1.8189894035458565e-12
15471,2,Inactive Minimal Buyers,296.28340000000003,0.0,0.10294761225463797,3174.2850700839213,3174.2850700839194,1.8189894035458565e-12
20841,2,Inactive Minimal Buyers,296.28340000000003,0.0,0.10294761225463797,3174.2850700839213,3174.2850700839194,1.8189894035458565e-12
20875,2,Inactive Minimal Buyers,296.28340000000003,0.0,0.10294761225463797,3174.2850700839213,3174.2850700839194,1.8189894035458565e-12
20872,2,Inactive Minimal Buyers,296.28340000000003,0.0,0.10294761225463797,3174.2850700839213,3174.2850700839194,1.8189894035458565e-12
20869,2,Inactive Minimal Buyers,296.28340000000003,0.0,0.10294761225463797,3174.2850700839213,3174.2850700839194,1.8189894035458565e-12
20863,2,Inactive Minimal Buyers,296.28340000000003,0.0,0.10294761225463797,3174.2850700839213,3174.2850700839194,1.8189894035458565e-12
19315,2,Inactive Minimal Buyers,296.28340000000003,0.0,0.10294761225463797,3174.2850700839213,3174.2850700839194,1.8189894035458565e-12
20862,2,Inactive Minimal Buyers,296.28340000000003,0.0,0.10294761225463797,3174.2850700839213,3174.2850700839194,1.8189894035458565e-12
20859,2,Inactive Minimal Buyers,296.28340000000003,0.0,0.10294761225463797,3174.2850700839213,3174.2850700839194,1.8189894035458565e-12
20856,2,Inactive Minimal Buyers,296.28340000000003,0.0,0.10294761225463797,3174.2850700839213,3174.2850700839194,1.8189894035458565e-12
20852,2,Inactive Minimal Buyers,296.28340000000003,0.0,0.10294761225463797,3174.2850700839213,3174.2850700839194,1.8189894035458565e-12
20851,2,Inactive Minimal Buyers,296.28340000000003,0.0,0.10294761225463797,3174.2850700839213,3174.2850700839194,1.8189894035458565e-12
20850,2,Inactive Minimal Buyers,296.28340000000003,0.0,0.10294761225463797,3174.2850700839213,3174.2850700839194,1.8189894035458565e-12
20848,2,Inactive Minimal Buyers,296.28340000000003,0.0,0.10294761225463797,3174.2850700839213,3174.2850700839194,1.8189894035458565e-12
19318,2,Inactive Minimal Buyers,296.28340000000003,0.0,0.10294761225463797,3174.2850700839213,3174.2850700839194,1.8189894035458565e-12
15365,2,Inactive Minimal Buyers,296.28340000000003,0.0,0.10294761225463797,3174.2850700839213,3174.2850700839194,1.8189894035458565e-12
20598,2,Inactive Minimal Buyers,296.28340000000003,0.0,0.10294761225463797,3174.2850700839213,3174.2850700839194,1.8189894035458565e-12
15422,2,Inactive Minimal Buyers,296.28340000000003,0.0,0.10294761225463797,3174.2850700839213,3174.2850700839194,1.8189894035458565e-12
27062,2,Inactive Minimal Buyers,296.28340000000003,0.0,0.10294761225463797,3174.2850700839213,3174.2850700839194,1.8189894035458565e-12
26439,2,Inactive Minimal Buyers,296.28340000000003,0.0,0.10294761225463797,3174.2850700839213,3174.2850700839194,1.8189894035458565e-12
26438,2,Inactive Minimal Buyers,296.28340000000003,0.0,0.10294761225463797,3174.2850700839213,3174.2850700839194,1.8189894035458565e-12
26437,2,Inactive Minimal Buyers,296.28340000000003,0.0,0.10294761225463797,3174.2850700839213,3174.2850700839194,1.8189894035458565e-12
26436,2,Inactive Minimal Buyers,296.28340000000003,0.0,0.10294761225463797,3174.2850700839213,3174.2850700839194,1.8189894035458565e-12
26435,2,Inactive Minimal Buyers,296.28340000000003,0.0,0.10294761225463797,3174.2850700839213,3174.2850700839194,1.8189894035458565e-12
26433,2,Inactive Minimal Buyers,296.28340000000003,0.0,0.10294761225463797,3174.2850700839213,3174.2850700839194,1.8189894035458565e-12
26429,2,Inactive Minimal Buyers,296.28340000000003,0.0,0.10294761225463797,3174.2850700839213,3174.2850700839194,1.8189894035458565e-12
26423,2,Inactive Minimal Buyers,296.28340000000003,0.0,0.10294761225463797,3174.2850700839213,3174.2850700839194,1.8189894035458565e-12
26422,2,Inactive Minimal Buyers,296.28340000000003,0.0,0.10294761225463797,3174.2850700839213,3174.2850700839194,1.8189894035458565e-12
27071,2,Inactive Minimal Buyers,296.28340000000003,0.0,0.10294761225463797,3174.2850700839213,3174.2850700839194,1.8189894035458565e-12
27075,2,Inactive Minimal Buyers,296.28340000000003,0.0,0.10294761225463797,3174.2850700839213,3174.2850700839194,1.8189894035458565e-12
27082,2,Inactive Minimal Buyers,296.28340000000003,0.0,0.10294761225463797,3174.2850700839213,3174.2850700839194,1.8189894035458565e-12
27084,2,Inactive Minimal Buyers,296.28340000000003,0.0,0.10294761225463797,3174.2850700839213,3174.2850700839194,1.8189894035458565e-12
27027,2,Inactive Minimal Buyers,296.28340000000003,0.0,0.10294761225463797,3174.2850700839213,3174.2850700839194,1.8189894035458565e-12
15284,2,Inactive Minimal Buyers,296.28340000000003,0.0,0.10294761225463797,3174.2850700839213,3174.2850700839194,1.8189894035458565e-12
27043,2,Inactive Minimal Buyers,296.28340000000003,0.0,0.10294761225463797,3174.2850700839213,3174.2850700839194,1.8189894035458565e-12
27053,2,Inactive Minimal Buyers,296.28340000000003,0.0,0.10294761225463797,3174.2850700839213,3174.2850700839194,1.8189894035458565e-12
27060,2,Inactive Minimal Buyers,296.28340000000003,0.0,0.10294761225463797,3174.2850700839213,3174.2850700839194,1.8189894035458565e-12
26190,2,Inactive Minimal Buyers,296.28340000000003,0.0,0.10294761225463797,3174.2850700839213,3174.2850700839194,1.8189894035458565e-12
26652,2,Inactive Minimal Buyers,296.28340000000003,0.0,0.10294761225463797,3174.2850700839213,3174.2850700839194,1.8189894035458565e-12
26653,2,Inactive Minimal Buyers,296.28340000000003,0.0,0.10294761225463797,3174.2850700839213,3174.2850700839194,1.8189894035458565e-12
15429,2,Inactive Minimal Buyers,296.28340000000003,0.0,0.10294761225463797,3174.2850700839213,3174.2850700839194,1.8189894035458565e-12
15254,2,Inactive Minimal Buyers,296.28340000000003,0.0,0.10294761225463797,3174.2850700839213,3174.2850700839194,1.8189894035458565e-12
15255,2,Inactive Minimal Buyers,296.28340000000003,0.0,0.10294761225463797,3174.2850700839213,3174.2850700839194,1.8189894035458565e-12
26162,2,Inactive Minimal Buyers,296.28340000000003,0.0,0.10294761225463797,3174.2850700839213,3174.2850700839194,1.8189894035458565e-12
26161,2,Inactive Minimal Buyers,296.28340000000003,0.0,0.10294761225463797,3174.2850700839213,3174.2850700839194,1.8189894035458565e-12
26160,2,Inactive Minimal Buyers,296.28340000000003,0.0,0.10294761225463797,3174.2850700839213,3174.2850700839194,1.8189894035458565e-12
15256,2,Inactive Minimal Buyers,296.28340000000003,0.0,0.10294761225463797,3174.2850700839213,3174.2850700839194,1.8189894035458565e-12
26440,2,Inactive Minimal Buyers,296.28340000000003,0.0,0.10294761225463797,3174.2850700839213,3174.2850700839194,1.8189894035458565e-12
26442,2,Inactive Minimal Buyers,296.28340000000003,0.0,0.10294761225463797,3174.2850700839213,3174.2850700839194,1.8189894035458565e-12
26443,2,Inactive Minimal Buyers,296.28340000000003,0.0,0.10294761225463797,3174.2850700839213,3174.2850700839194,1.8189894035458565e-12
26444,2,Inactive Minimal Buyers,296.28340000000003,0.0,0.10294761225463797,3174.2850700839213,3174.2850700839194,1.8189894035458565e-12
26192,2,Inactive Minimal Buyers,296.28340000000003,0.0,0.10294761225463797,3174.2850700839213,3174.2850700839194,1.8189894035458565e-12
26204,2,Inactive Minimal Buyers,296.28340000000003,0.0,0.10294761225463797,3174.2850700839213,3174.2850700839194,1.8189894035458565e-12
26375,2,Inactive Minimal Buyers,296.28340000000003,0.0,0.10294761225463797,3174.2850700839213,3174.2850700839194,1.8189894035458565e-12
15419,2,Inactive Minimal Buyers,296.28340000000003,0.0,0.10294761225463797,3174.2850700839213,3174.2850700839194,1.8189894035458565e-12
26189,2,Inactive Minimal Buyers,296.28340000000003,0.0,0.10294761225463797,3174.2850700839213,3174.2850700839194,1.8189894035458565e-12
26188,2,Inactive Minimal Buyers,296.28340000000003,0.0,0.10294761225463797,3174.2850700839213,3174.2850700839194,1.8189894035458565e-12
26187,2,Inactive Minimal Buyers,296.28340000000003,0.0,0.10294761225463797,3174.2850700839213,3174.2850700839194,1.8189894035458565e-12
26165,2,Inactive Minimal Buyers,296.28340000000003,0.0,0.10294761225463797,3174.2850700839213,3174.2850700839194,1.8189894035458565e-12
15428,2,Inactive Minimal Buyers,296.28340000000003,0.0,0.10294761225463797,3174.2850700839213,3174.2850700839194,1.8189894035458565e-12
26167,2,Inactive Minimal Buyers,296.28340000000003,0.0,0.10294761225463797,3174.2850700839213,3174.2850700839194,1.8189894035458565e-12
26562,2,Inactive Minimal Buyers,296.28340000000003,0.0,0.10294761225463797,3174.2850700839213,3174.2850700839194,1.8189894035458565e-12
15432,2,Inactive Minimal Buyers,296.28340000000003,0.0,0.10294761225463797,3174.2850700839213,3174.2850700839194,1.8189894035458565e-12
26571,2,Inactive Minimal Buyers,296.28340000000003,0.0,0.10294761225463797,3174.2850700839213,3174.2850700839194,1.8189894035458565e-12
26570,2,Inactive Minimal Buyers,296.28340000000003,0.0,0.10294761225463797,3174.2850700839213,3174.2850700839194,1.8189894035458565e-12
26569,2,Inactive Minimal Buyers,296.28340000000003,0.0,0.10294761225463797,3174.2850700839213,3174.2850700839194,1.8189894035458565e-12
26568,2,Inactive Minimal Buyers,296.28340000000003,0.0,0.10294761225463797,3174.2850700839213,3174.2850700839194,1.8189894035458565e-12
26563,2,Inactive Minimal Buyers,296.28340000000003,0.0,0.10294761225463797,3174.2850700839213,3174.2850700839194,1.8189894035458565e-12
26561,2,Inactive Minimal Buyers,296.28340000000003,0.0,0.10294761225463797,3174.2850700839213,3174.2850700839194,1.8189894035458565e-12
26560,2,Inactive Minimal Buyers,296.28340000000003,0.0,0.10294761225463797,3174.2850700839213,3174.2850700839194,1.8189894035458565e-12
26549,2,Inactive Minimal Buyers,296.28340000000003,0.0,0.10294761225463797,3174.2850700839213,3174.2850700839194,1.8189894035458565e-12
26548,2,Inactive Minimal Buyers,296.28340000000003,0.0,0.10294761225463797,3174.2850700839213,3174.2850700839194,1.8189894035458565e-12
26547,2,Inactive Minimal Buyers,296.28340000000003,0.0,0.10294761225463797,3174.2850700839213,3174.2850700839194,1.8189894035458565e-12
26585,2,Inactive Minimal Buyers,296.28340000000003,0.0,0.10294761225463797,3174.2850700839213,3174.2850700839194,1.8189894035458565e-12
26588,2,Inactive Minimal Buyers,296.28340000000003,0.0,0.10294761225463797,3174.2850700839213,3174.2850700839194,1.8189894035458565e-12
26587,2,Inactive Minimal Buyers,296.28340000000003,0.0,0.10294761225463797,3174.2850700839213,3174.2850700839194,1.8189894035458565e-12
26447,2,Inactive Minimal Buyers,296.28340000000003,0.0,0.10294761225463797,3174.2850700839213,3174.2850700839194,1.8189894035458565e-12
26445,2,Inactive Minimal Buyers,296.28340000000003,0.0,0.10294761225463797,3174.2850700839213,3174.2850700839194,1.8189894035458565e-12
15280,2,Inactive Minimal Buyers,296.28340000000003,0.0,0.10294761225463797,3174.2850700839213,3174.2850700839194,1.8189894035458565e-12
26191,2,Inactive Minimal Buyers,296.28340000000003,0.0,0.10294761225463797,3174.2850700839213,3174.2850700839194,1.8189894035458565e-12
15287,2,Inactive Minimal Buyers,296.28340000000003,0.0,0.10294761225463797,3174.2850700839213,3174.2850700839194,1.8189894035458565e-12
15303,2,Inactive Minimal Buyers,296.28340000000003,0.0,0.10294761225463797,3174.2850700839213,3174.2850700839194,1.8189894035458565e-12
15379,2,Inactive Minimal Buyers,296.28340000000003,0.0,0.10294761225463797,3174.2850700839213,3174.2850700839194,1.8189894035458565e-12
15374,2,Inactive Minimal Buyers,296.28340000000003,0.0,0.10294761225463797,3174.2850700839213,3174.2850700839194,1.8189894035458565e-12
15372,2,Inactive Minimal Buyers,296.28340000000003,0.0,0.10294761225463797,3174.2850700839213,3174.2850700839194,1.8189894035458565e-12
15371,2,Inactive Minimal Buyers,296.28340000000003,0.0,0.10294761225463797,3174.2850700839213,3174.2850700839194,1.8189894035458565e-12
15369,2,Inactive Minimal Buyers,296.28340000000003,0.0,0.10294761225463797,3174.2850700839213,3174.2850700839194,1.8189894035458565e-12
15320,2,Inactive Minimal Buyers,296.28340000000003,0.0,0.10294761225463797,3174.2850700839213,3174.2850700839194,1.8189894035458565e-12
15314,2,Inactive Minimal Buyers,296.28340000000003,0.0,0.10294761225463797,3174.2850700839213,3174.2850700839194,1.8189894035458565e-12
15302,2,Inactive Minimal Buyers,296.28340000000003,0.0,0.10294761225463797,3174.2850700839213,3174.2850700839194,1.8189894035458565e-12
15312,2,Inactive Minimal Buyers,296.28340000000003,0.0,0.10294761225463797,3174.2850700839213,3174.2850700839194,1.8189894035458565e-12
15388,2,Inactive Minimal Buyers,296.28340000000003,0.0,0.10294761225463797,3174.2850700839213,3174.2850700839194,1.8189894035458565e-12
15308,2,Inactive Minimal Buyers,296.28340000000003,0.0,0.10294761225463797,3174.2850700839213,3174.2850700839194,1.8189894035458565e-12
15309,2,Inactive Minimal Buyers,296.28340000000003,0.0,0.10294761225463797,3174.2850700839213,3174.2850700839194,1.8189894035458565e-12
15252,2,Inactive Minimal Buyers,296.28340000000003,0.0,0.10294761225463797,3174.2850700839213,3174.2850700839194,1.8189894035458565e-12
15288,2,Inactive Minimal Buyers,296.28340000000003,0.0,0.10294761225463797,3174.2850700839213,3174.2850700839194,1.8189894035458565e-12
15311,2,Inactive Minimal Buyers,296.28340000000003,0.0,0.10294761225463797,3174.2850700839213,3174.2850700839194,1.8189894035458565e-12
15200,2,Inactive Minimal Buyers,296.28340000000003,0.0,0.10294761225463797,3174.2850700839213,3174.2850700839194,1.8189894035458565e-12
15203,2,Inactive Minimal Buyers,296.28340000000003,0.0,0.10294761225463797,3174.2850700839213,3174.2850700839194,1.8189894035458565e-12
25960,2,Inactive Minimal Buyers,296.28340000000003,0.0,0.10294761225463797,3174.2850700839213,3174.2850700839194,1.8189894035458565e-12
15380,2,Inactive Minimal Buyers,296.28340000000003,0.0,0.10294761225463797,3174.2850700839213,3174.2850700839194,1.8189894035458565e-12
25958,2,Inactive Minimal Buyers,296.28340000000003,0.0,0.10294761225463797,3174.2850700839213,3174.2850700839194,1.8189894035458565e-12
15290,2,Inactive Minimal Buyers,296.28340000000003,0.0,0.10294761225463797,3174.2850700839213,3174.2850700839194,1.8189894035458565e-12
15404,2,Inactive Minimal Buyers,296.28340000000003,0.0,0.10294761225463797,3174.2850700839213,3174.2850700839194,1.8189894035458565e-12
15394,2,Inactive Minimal Buyers,296.28340000000003,0.0,0.10294761225463797,3174.2850700839213,3174.2850700839194,1.8189894035458565e-12
15396,2,Inactive Minimal Buyers,296.28340000000003,0.0,0.10294761225463797,3174.2850700839213,3174.2850700839194,1.8189894035458565e-12
15398,2,Inactive Minimal Buyers,296.28340000000003,0.0,0.10294761225463797,3174.2850700839213,3174.2850700839194,1.8189894035458565e-12
15289,2,Inactive Minimal Buyers,296.28340000000003,0.0,0.10294761225463797,3174.2850700839213,3174.2850700839194,1.8189894035458565e-12
15411,2,Inactive Minimal Buyers,296.28340000000003,0.0,0.10294761225463797,3174.2850700839213,3174.2850700839194,1.8189894035458565e-12
15410,2,Inactive Minimal Buyers,296.28340000000003,0.0,0.10294761225463797,3174.2850700839213,3174.2850700839194,1.8189894035458565e-12
15389,2,Inactive Minimal Buyers,296.28340000000003,0.0,0.10294761225463797,3174.2850700839213,3174.2850700839194,1.8189894035458565e-12
15409,2,Inactive Minimal Buyers,296.28340000000003,0.0,0.10294761225463797,3174.2850700839213,3174.2850700839194,1.8189894035458565e-12
15399,2,Inactive Minimal Buyers,296.28340000000003,0.0,0.10294761225463797,3174.2850700839213,3174.2850700839194,1.8189894035458565e-12
15480,2,Inactive Minimal Buyers,296.28340000000003,0.0,0.10294761225463797,3174.2850700839213,3173.890722956671,0.3943471272500574
15502,2,Inactive Minimal Buyers,296.28340000000003,0.0,0.10294761225463797,3174.2850700839213,3173.890722956671,0.3943471272500574
15518,2,Inactive Minimal Buyers,296.28340000000003,0.0,0.10294761225463797,3174.2850700839213,3149.6090749289606,24.675995154960674
20835,2,Inactive Minimal Buyers,296.28340000000003,0.0,0.10294761225463797,3174.2850700839213,3134.974909723955,39.310160359966176
18047,2,Inactive Minimal Buyers,287.3577,0.0,0.10294761225463797,3078.6579905713734,3086.5819371430825,-7.923946571709166
18125,2,Inactive Minimal Buyers,287.3577,0.0,0.10294761225463797,3078.6579905713734,3081.2134035602594,-2.555412988886019
14121,2,Inactive Minimal Buyers,287.3577,0.0,0.10294761225463797,3078.6579905713734,3080.735972085367,-2.0779815139935636
14288,2,Inactive Minimal Buyers,287.3577,0.0,0.10294761225463797,3078.6579905713734,3080.735972085367,-2.0779815139935636
14285,2,Inactive Minimal Buyers,287.3577,0.0,0.10294761225463797,3078.6579905713734,3080.735972085367,-2.0779815139935636
17714,2,Inactive Minimal Buyers,287.3577,0.0,0.10294761225463797,3078.6579905713734,3079.696981328361,-1.0389907569874595
19034,2,Inactive Minimal Buyers,287.3577,0.0,0.10294761225463797,3078.6579905713734,3079.696981328361,-1.0389907569874595
19301,2,Inactive Minimal Buyers,287.3577,0.0,0.10294761225463797,3078.6579905713734,3078.6579905713625,1.0913936421275139e-11
19299,2,Inactive Minimal Buyers,287.3577,0.0,0.10294761225463797,3078.6579905713734,3078.6579905713625,1.0913936421275139e-11
14272,2,Inactive Minimal Buyers,287.3577,0.0,0.10294761225463797,3078.6579905713734,3078.6579905713625,1.0913936421275139e-11
26373,2,Inactive Minimal Buyers,287.3577,0.0,0.10294761225463797,3078.6579905713734,3078.6579905713625,1.0913936421275139e-11
14255,2,Inactive Minimal Buyers,287.3577,0.0,0.10294761225463797,3078.6579905713734,3078.6579905713625,1.0913936421275139e-11
19302,2,Inactive Minimal Buyers,287.3577,0.0,0.10294761225463797,3078.6579905713734,3078.6579905713625,1.0913936421275139e-11
26482,2,Inactive Minimal Buyers,287.3577,0.0,0.10294761225463797,3078.6579905713734,3078.6579905713625,1.0913936421275139e-11
14267,2,Inactive Minimal Buyers,287.3577,0.0,0.10294761225463797,3078.6579905713734,3078.6579905713625,1.0913936421275139e-11
19312,2,Inactive Minimal Buyers,287.3577,0.0,0.10294761225463797,3078.6579905713734,3078.6579905713625,1.0913936421275139e-11
14253,2,Inactive Minimal Buyers,287.3577,0.0,0.10294761225463797,3078.6579905713734,3078.6579905713625,1.0913936421275139e-11
14240,2,Inactive Minimal Buyers,287.3577,0.0,0.10294761225463797,3078.6579905713734,3078.6579905713625,1.0913936421275139e-11
19308,2,Inactive Minimal Buyers,287.3577,0.0,0.10294761225463797,3078.6579905713734,3078.6579905713625,1.0913936421275139e-11
14289,2,Inactive Minimal Buyers,287.3577,0.0,0.10294761225463797,3078.6579905713734,3078.6579905713625,1.0913936421275139e-11
14239,2,Inactive Minimal Buyers,287.3577,0.0,0.10294761225463797,3078.6579905713734,3078.6579905713625,1.0913936421275139e-11
14024,2,Inactive Minimal Buyers,287.3577,0.0,0.10294761225463797,3078.6579905713734,3078.6579905713625,1.0913936421275139e-11
19263,2,Inactive Minimal Buyers,287.3577,0.0,0.10294761225463797,3078.6579905713734,3078.6579905713625,1.0913936421275139e-11
19258,2,Inactive Minimal Buyers,287.3577,0.0,0.10294761225463797,3078.6579905713734,3078.6579905713625,1.0913936421275139e-11
19278,2,Inactive Minimal Buyers,287.3577,0.0,0.10294761225463797,3078.6579905713734,3078.6579905713625,1.0913936421275139e-11
19322,2,Inactive Minimal Buyers,287.3577,0.0,0.10294761225463797,3078.6579905713734,3078.6579905713625,1.0913936421275139e-11
14036,2,Inactive Minimal Buyers,287.3577,0.0,0.10294761225463797,3078.6579905713734,3078.6579905713625,1.0913936421275139e-11
24912,2,Inactive Minimal Buyers,287.3577,0.0,0.10294761225463797,3078.6579905713734,3078.6579905713625,1.0913936421275139e-11
24903,2,Inactive Minimal Buyers,287.3577,0.0,0.10294761225463797,3078.6579905713734,3078.6579905713625,1.0913936421275139e-11
17109,2,Inactive Minimal Buyers,287.3577,0.0,0.10294761225463797,3078.6579905713734,3078.6579905713625,1.0913936421275139e-11
24905,2,Inactive Minimal Buyers,287.3577,0.0,0.10294761225463797,3078.6579905713734,3078.6579905713625,1.0913936421275139e-11
24907,2,Inactive Minimal Buyers,287.3577,0.0,0.10294761225463797,3078.6579905713734,3078.6579905713625,1.0913936421275139e-11
24908,2,Inactive Minimal Buyers,287.3577,0.0,0.10294761225463797,3078.6579905713734,3078.6579905713625,1.0913936421275139e-11
14109,2,Inactive Minimal Buyers,287.3577,0.0,0.10294761225463797,3078.6579905713734,3078.6579905713625,1.0913936421275139e-11
14106,2,Inactive Minimal Buyers,287.3577,0.0,0.10294761225463797,3078.6579905713734,3078.6579905713625,1.0913936421275139e-11
24909,2,Inactive Minimal Buyers,287.3577,0.0,0.10294761225463797,3078.6579905713734,3078.6579905713625,1.0913936421275139e-11
24910,2,Inactive Minimal Buyers,287.3577,0.0,0.10294761225463797,3078.6579905713734,3078.6579905713625,1.0913936421275139e-11
24913,2,Inactive Minimal Buyers,287.3577,0.0,0.10294761225463797,3078.6579905713734,3078.6579905713625,1.0913936421275139e-11
14037,2,Inactive Minimal Buyers,287.3577,0.0,0.10294761225463797,3078.6579905713734,3078.6579905713625,1.0913936421275139e-11
24917,2,Inactive Minimal Buyers,287.3577,0.0,0.10294761225463797,3078.6579905713734,3078.6579905713625,1.0913936421275139e-11
24920,2,Inactive Minimal Buyers,287.3577,0.0,0.10294761225463797,3078.6579905713734,3078.6579905713625,1.0913936421275139e-11
14081,2,Inactive Minimal Buyers,287.3577,0.0,0.10294761225463797,3078.6579905713734,3078.6579905713625,1.0913936421275139e-11
24887,2,Inactive Minimal Buyers,287.3577,0.0,0.10294761225463797,3078.6579905713734,3078.6579905713625,1.0913936421275139e-11
24613,2,Inactive Minimal Buyers,287.3577,0.0,0.10294761225463797,3078.6579905713734,3078.6579905713625,1.0913936421275139e-11
14105,2,Inactive Minimal Buyers,287.3577,0.0,0.10294761225463797,3078.6579905713734,3078.6579905713625,1.0913936421275139e-11
14104,2,Inactive Minimal Buyers,287.3577,0.0,0.10294761225463797,3078.6579905713734,3078.6579905713625,1.0913936421275139e-11
24615,2,Inactive Minimal Buyers,287.3577,0.0,0.10294761225463797,3078.6579905713734,3078.6579905713625,1.0913936421275139e-11
24614,2,Inactive Minimal Buyers,287.3577,0.0,0.10294761225463797,3078.6579905713734,3078.6579905713625,1.0913936421275139e-11
24902,2,Inactive Minimal Buyers,287.3577,0.0,0.10294761225463797,3078.6579905713734,3078.6579905713625,1.0913936421275139e-11
24901,2,Inactive Minimal Buyers,287.3577,0.0,0.10294761225463797,3078.6579905713734,3078.6579905713625,1.0913936421275139e-11
14120,2,Inactive Minimal Buyers,287.3577,0.0,0.10294761225463797,3078.6579905713734,3078.6579905713625,1.0913936421275139e-11
14117,2,Inactive Minimal Buyers,287.3577,0.0,0.10294761225463797,3078.6579905713734,3078.6579905713625,1.0913936421275139e-11
14044,2,Inactive Minimal Buyers,287.3577,0.0,0.10294761225463797,3078.6579905713734,3078.6579905713625,1.0913936421275139e-11
19192,2,Inactive Minimal Buyers,287.3577,0.0,0.10294761225463797,3078.6579905713734,3078.6579905713625,1.0913936421275139e-11
26512,2,Inactive Minimal Buyers,287.3577,0.0,0.10294761225463797,3078.6579905713734,3078.6579905713625,1.0913936421275139e-11
26503,2,Inactive Minimal Buyers,287.3577,0.0,0.10294761225463797,3078.6579905713734,3078.6579905713625,1.0913936421275139e-11
26496,2,Inactive Minimal Buyers,287.3577,0.0,0.10294761225463797,3078.6579905713734,3078.6579905713625,1.0913936421275139e-11
14005,2,Inactive Minimal Buyers,287.3577,0.0,0.10294761225463797,3078.6579905713734,3078.6579905713625,1.0913936421275139e-11
14112,2,Inactive Minimal Buyers,287.3577,0.0,0.10294761225463797,3078.6579905713734,3078.6579905713625,1.0913936421275139e-11
14115,2,Inactive Minimal Buyers,287.3577,0.0,0.10294761225463797,3078.6579905713734,3078.6579905713625,1.0913936421275139e-11
14116,2,Inactive Minimal Buyers,287.3577,0.0,0.10294761225463797,3078.6579905713734,3078.6579905713625,1.0913936421275139e-11
17099,2,Inactive Minimal Buyers,287.3577,0.0,0.10294761225463797,3078.6579905713734,3078.6579905713625,1.0913936421275139e-11
14080,2,Inactive Minimal Buyers,287.3577,0.0,0.10294761225463797,3078.6579905713734,3078.6579905713625,1.0913936421275139e-11
14098,2,Inactive Minimal Buyers,287.3577,0.0,0.10294761225463797,3078.6579905713734,3078.6579905713625,1.0913936421275139e-11
14095,2,Inactive Minimal Buyers,287.3577,0.0,0.10294761225463797,3078.6579905713734,3078.6579905713625,1.0913936421275139e-11
14089,2,Inactive Minimal Buyers,287.3577,0.0,0.10294761225463797,3078.6579905713734,3078.6579905713625,1.0913936421275139e-11
24888,2,Inactive Minimal Buyers,287.3577,0.0,0.10294761225463797,3078.6579905713734,3078.6579905713625,1.0913936421275139e-11
14088,2,Inactive Minimal Buyers,287.3577,0.0,0.10294761225463797,3078.6579905713734,3078.6579905713625,1.0913936421275139e-11
24889,2,Inactive Minimal Buyers,287.3577,0.0,0.10294761225463797,3078.6579905713734,3078.6579905713625,1.0913936421275139e-11
14083,2,Inactive Minimal Buyers,287.3577,0.0,0.10294761225463797,3078.6579905713734,3078.6579905713625,1.0913936421275139e-11
24900,2,Inactive Minimal Buyers,287.3577,0.0,0.10294761225463797,3078.6579905713734,3078.6579905713625,1.0913936421275139e-11
24904,2,Inactive Minimal Buyers,287.3577,0.0,0.10294761225463797,3078.6579905713734,3078.6579905713625,1.0913936421275139e-11
19305,2,Inactive Minimal Buyers,287.3577,0.0,0.10294761225463797,3078.6579905713734,3078.6579905713625,1.0913936421275139e-11
26321,2,Inactive Minimal Buyers,287.3577,0.0,0.10294761225463797,3078.6579905713734,3078.6579905713625,1.0913936421275139e-11
19290,2,Inactive Minimal Buyers,287.3577,0.0,0.10294761225463797,3078.6579905713734,3078.6579905713625,1.0913936421275139e-11
17196,2,Inactive Minimal Buyers,287.3577,0.0,0.10294761225463797,3078.6579905713734,3078.6579905713625,1.0913936421275139e-11
17195,2,Inactive Minimal Buyers,287.3577,0.0,0.10294761225463797,3078.6579905713734,3078.6579905713625,1.0913936421275139e-11
17188,2,Inactive Minimal Buyers,287.3577,0.0,0.10294761225463797,3078.6579905713734,3078.6579905713625,1.0913936421275139e-11
18157,2,Inactive Minimal Buyers,287.3577,0.0,0.10294761225463797,3078.6579905713734,3078.6579905713625,1.0913936421275139e-11
17187,2,Inactive Minimal Buyers,287.3577,0.0,0.10294761225463797,3078.6579905713734,3078.6579905713625,1.0913936421275139e-11
17633,2,Inactive Minimal Buyers,287.3577,0.0,0.10294761225463797,3078.6579905713734,3078.6579905713625,1.0913936421275139e-11
17206,2,Inactive Minimal Buyers,287.3577,0.0,0.10294761225463797,3078.6579905713734,3078.6579905713625,1.0913936421275139e-11
17634,2,Inactive Minimal Buyers,287.3577,0.0,0.10294761225463797,3078.6579905713734,3078.6579905713625,1.0913936421275139e-11
17641,2,Inactive Minimal Buyers,287.3577,0.0,0.10294761225463797,3078.6579905713734,3078.6579905713625,1.0913936421275139e-11
17647,2,Inactive Minimal Buyers,287.3577,0.0,0.10294761225463797,3078.6579905713734,3078.6579905713625,1.0913936421275139e-11
18164,2,Inactive Minimal Buyers,287.3577,0.0,0.10294761225463797,3078.6579905713734,3078.6579905713625,1.0913936421275139e-11
18139,2,Inactive Minimal Buyers,287.3577,0.0,0.10294761225463797,3078.6579905713734,3078.6579905713625,1.0913936421275139e-11
17651,2,Inactive Minimal Buyers,287.3577,0.0,0.10294761225463797,3078.6579905713734,3078.6579905713625,1.0913936421275139e-11
18167,2,Inactive Minimal Buyers,287.3577,0.0,0.10294761225463797,3078.6579905713734,3078.6579905713625,1.0913936421275139e-11
18140,2,Inactive Minimal Buyers,287.3577,0.0,0.10294761225463797,3078.6579905713734,3078.6579905713625,1.0913936421275139e-11
17216,2,Inactive Minimal Buyers,287.3577,0.0,0.10294761225463797,3078.6579905713734,3078.6579905713625,1.0913936421275139e-11
19337,2,Inactive Minimal Buyers,287.3577,0.0,0.10294761225463797,3078.6579905713734,3078.6579905713616,1.1823431123048067e-11
26504,2,Inactive Minimal Buyers,287.3577,0.0,0.10294761225463797,3078.6579905713734,3078.6579905713616,1.1823431123048067e-11
24918,2,Inactive Minimal Buyers,287.3577,0.0,0.10294761225463797,3078.6579905713734,3078.6579905713616,1.1823431123048067e-11
19029,2,Inactive Minimal Buyers,287.3577,0.0,0.10294761225463797,3078.6579905713734,3078.6579905713616,1.1823431123048067e-11
24609,2,Inactive Minimal Buyers,287.3577,0.0,0.10294761225463797,3078.6579905713734,3078.6579905713616,1.1823431123048067e-11
24611,2,Inactive Minimal Buyers,287.3577,0.0,0.10294761225463797,3078.6579905713734,3078.6579905713616,1.1823431123048067e-11
24612,2,Inactive Minimal Buyers,287.3577,0.0,0.10294761225463797,3078.6579905713734,3078.6579905713616,1.1823431123048067e-11
19173,2,Inactive Minimal Buyers,287.3577,0.0,0.10294761225463797,3078.6579905713734,3078.6579905713616,1.1823431123048067e-11
14006,2,Inactive Minimal Buyers,287.3577,0.0,0.10294761225463797,3078.6579905713734,3078.6579905713616,1.1823431123048067e-11
13999,2,Inactive Minimal Buyers,287.3577,0.0,0.10294761225463797,3078.6579905713734,3078.6579905713616,1.1823431123048067e-11
17080,2,Inactive Minimal Buyers,287.3577,0.0,0.10294761225463797,3078.6579905713734,3078.6579905713616,1.1823431123048067e-11
19186,2,Inactive Minimal Buyers,287.3577,0.0,0.10294761225463797,3078.6579905713734,3078.6579905713616,1.1823431123048067e-11
19193,2,Inactive Minimal Buyers,287.3577,0.0,0.10294761225463797,3078.6579905713734,3078.6579905713616,1.1823431123048067e-11
19195,2,Inactive Minimal Buyers,287.3577,0.0,0.10294761225463797,3078.6579905713734,3078.6579905713616,1.1823431123048067e-11
14017,2,Inactive Minimal Buyers,287.3577,0.0,0.10294761225463797,3078.6579905713734,3078.6579905713616,1.1823431123048067e-11
14026,2,Inactive Minimal Buyers,287.3577,0.0,0.10294761225463797,3078.6579905713734,3078.6579905713616,1.1823431123048067e-11
14025,2,Inactive Minimal Buyers,287.3577,0.0,0.10294761225463797,3078.6579905713734,3078.6579905713616,1.1823431123048067e-11
14023,2,Inactive Minimal Buyers,287.3577,0.0,0.10294761225463797,3078.6579905713734,3078.6579905713616,1.1823431123048067e-11
14022,2,Inactive Minimal Buyers,287.3577,0.0,0.10294761225463797,3078.6579905713734,3078.6579905713616,1.1823431123048067e-11
14256,2,Inactive Minimal Buyers,287.3577,0.0,0.10294761225463797,3078.6579905713734,3078.6579905713616,1.1823431123048067e-11
14242,2,Inactive Minimal Buyers,287.3577,0.0,0.10294761225463797,3078.6579905713734,3078.6579905713616,1.1823431123048067e-11
14284,2,Inactive Minimal Buyers,287.3577,0.0,0.10294761225463797,3078.6579905713734,3078.6579905713616,1.1823431123048067e-11
18176,2,Inactive Minimal Buyers,287.3577,0.0,0.10294761225463797,3078.6579905713734,3078.6579905713616,1.1823431123048067e-11
18133,2,Inactive Minimal Buyers,287.3577,0.0,0.10294761225463797,3078.6579905713734,3078.6579905713616,1.1823431123048067e-11
18134,2,Inactive Minimal Buyers,287.3577,0.0,0.10294761225463797,3078.6579905713734,3078.6579905713616,1.1823431123048067e-11
26316,2,Inactive Minimal Buyers,287.3577,0.0,0.10294761225463797,3078.6579905713734,3078.6579905713616,1.1823431123048067e-11
19253,2,Inactive Minimal Buyers,287.3577,0.0,0.10294761225463797,3078.6579905713734,3078.6579905713616,1.1823431123048067e-11
19260,2,Inactive Minimal Buyers,287.3577,0.0,0.10294761225463797,3078.6579905713734,3078.6579905713616,1.1823431123048067e-11
14003,2,Inactive Minimal Buyers,287.3577,0.0,0.10294761225463797,3078.6579905713734,3078.657990571361,1.2278178473934531e-11
13990,2,Inactive Minimal Buyers,287.3577,0.0,0.10294761225463797,3078.6579905713734,3078.6579905713606,1.2732925824820995e-11
24916,2,Inactive Minimal Buyers,287.3577,0.0,0.10294761225463797,3078.6579905713734,3078.6579905713606,1.2732925824820995e-11
14283,2,Inactive Minimal Buyers,287.3577,0.0,0.10294761225463797,3078.6579905713734,3078.6579905713606,1.2732925824820995e-11
24919,2,Inactive Minimal Buyers,287.3577,0.0,0.10294761225463797,3078.6579905713734,3078.6579905713606,1.2732925824820995e-11
14270,2,Inactive Minimal Buyers,287.3577,0.0,0.10294761225463797,3078.6579905713734,3078.6579905713606,1.2732925824820995e-11
17646,2,Inactive Minimal Buyers,287.3577,0.0,0.10294761225463797,3078.6579905713734,3078.6579905713606,1.2732925824820995e-11
18183,2,Inactive Minimal Buyers,287.3577,0.0,0.10294761225463797,3078.6579905713734,3078.6579905713606,1.2732925824820995e-11
18185,2,Inactive Minimal Buyers,287.3577,0.0,0.10294761225463797,3078.6579905713734,3078.6579905713606,1.2732925824820995e-11
24608,2,Inactive Minimal Buyers,287.3577,0.0,0.10294761225463797,3078.6579905713734,3078.6579905713606,1.2732925824820995e-11
18626,2,Inactive Minimal Buyers,287.3577,0.0,0.10294761225463797,3078.6579905713734,3078.6579905713606,1.2732925824820995e-11
13986,2,Inactive Minimal Buyers,287.3577,0.0,0.10294761225463797,3078.6579905713734,3078.65799057136,1.318767317570746e-11
18130,2,Inactive Minimal Buyers,287.3577,0.0,0.10294761225463797,3078.6579905713734,3078.65799057136,1.318767317570746e-11
13992,2,Inactive Minimal Buyers,287.3577,0.0,0.10294761225463797,3078.6579905713734,3078.6579905713593,1.4097167877480388e-11
13993,2,Inactive Minimal Buyers,287.3577,0.0,0.10294761225463797,3078.6579905713734,3078.6579905713593,1.4097167877480388e-11
24914,2,Inactive Minimal Buyers,287.3577,0.0,0.10294761225463797,3078.6579905713734,3078.6579905713593,1.4097167877480388e-11
18171,2,Inactive Minimal Buyers,287.3577,0.0,0.10294761225463797,3078.6579905713734,3078.6579905713593,1.4097167877480388e-11
17648,2,Inactive Minimal Buyers,287.3577,0.0,0.10294761225463797,3078.6579905713734,3078.6579905713593,1.4097167877480388e-11
24922,2,Inactive Minimal Buyers,287.3577,0.0,0.10294761225463797,3078.6579905713734,3078.657990571359,1.4551915228366852e-11
24924,2,Inactive Minimal Buyers,287.3577,0.0,0.10294761225463797,3078.6579905713734,3078.657990571359,1.4551915228366852e-11
14268,2,Inactive Minimal Buyers,287.3577,0.0,0.10294761225463797,3078.6579905713734,3078.657990571359,1.4551915228366852e-11
14335,2,Inactive Minimal Buyers,287.3577,0.0,0.10294761225463797,3078.6579905713734,3078.657990571359,1.4551915228366852e-11
24923,2,Inactive Minimal Buyers,287.3577,0.0,0.10294761225463797,3078.6579905713734,3078.657990571359,1.4551915228366852e-11
24921,2,Inactive Minimal Buyers,287.3577,0.0,0.10294761225463797,3078.6579905713734,3078.657990571359,1.4551915228366852e-11
17716,2,Inactive Minimal Buyers,287.3577,0.0,0.10294761225463797,3078.6579905713734,3078.657990571359,1.4551915228366852e-11
24915,2,Inactive Minimal Buyers,287.3577,0.0,0.10294761225463797,3078.6579905713734,3078.657990571359,1.4551915228366852e-11
14336,2,Inactive Minimal Buyers,287.3577,0.0,0.10294761225463797,3078.6579905713734,3078.657990571359,1.4551915228366852e-11
16942,2,Inactive Minimal Buyers,287.3577,0.0,0.10294761225463797,3078.6579905713734,3075.6260644085864,3.031926162786931
17095,2,Inactive Minimal Buyers,287.3577,0.0,0.10294761225463797,3078.6579905713734,3075.6260644085864,3.031926162786931
19172,2,Inactive Minimal Buyers,287.3577,0.0,0.10294761225463797,3078.6579905713734,3075.6260644085864,3.031926162786931
14298,2,Inactive Minimal Buyers,287.3577,0.0,0.10294761225463797,3078.6579905713734,3074.204802477462,4.453188093911194
29613,3,Inactive Low-Value Customers,677.4009900000005,0.23809523809523808,0.10790077545642739,2169.0801417395105,3053.4879652278455,-884.407823488335
25722,8,Recent Low-Value Customers,302.80890000000005,0.0,0.11380022563025272,2963.6902675278084,3019.27694766377,-55.586680135961615
27766,8,Recent Low-Value Customers,314.30660000000006,0.0,0.11380022563025272,3076.222037858716,3009.745733171253,66.47630468746274
25723,8,Recent Low-Value Customers,302.80890000000005,0.0,0.11380022563025272,2963.6902675278084,3007.0882324952236,-43.39796496741519
27767,8,Recent Low-Value Customers,302.17660000000006,0.0,0.11380022563025272,2957.5017395282757,2933.994873618227,23.506865910048873
26591,8,Recent Low-Value Customers,296.28340000000003,0.0,0.11380022563025272,2899.823053450703,2911.716407504818,-11.893354054115207
20836,8,Recent Low-Value Customers,296.28340000000003,0.0,0.11380022563025272,2899.823053450703,2904.1687020474055,-4.345648596702631
15500,8,Recent Low-Value Customers,296.28340000000003,0.0,0.11380022563025272,2899.823053450703,2902.8037408036053,-2.9806873529023505
20842,8,Recent Low-Value Customers,296.28340000000003,0.0,0.11380022563025272,2899.823053450703,2902.8037408036053,-2.9806873529023505
26651,8,Recent Low-Value Customers,296.28340000000003,0.0,0.11380022563025272,2899.823053450703,2902.8037408036053,-2.9806873529023505
15484,8,Recent Low-Value Customers,296.28340000000003,0.0,0.11380022563025272,2899.823053450703,2902.8037408036053,-2.9806873529023505
15949,8,Recent Low-Value Customers,296.28340000000003,0.0,0.11380022563025272,2899.823053450703,2900.029048758133,-0.2059953074299301
21668,8,Recent Low-Value Customers,296.28340000000003,0.0,0.11380022563025272,2899.823053450703,2900.029048758133,-0.2059953074299301
27486,8,Recent Low-Value Customers,296.28340000000003,0.0,0.11380022563025272,2899.823053450703,2900.029048758133,-0.2059953074299301
15901,8,Recent Low-Value Customers,296.28340000000003,0.0,0.11380022563025272,2899.823053450703,2899.823053450713,-1.000444171950221e-11
15903,8,Recent Low-Value Customers,296.28340000000003,0.0,0.11380022563025272,2899.823053450703,2899.823053450713,-1.000444171950221e-11
15937,8,Recent Low-Value Customers,296.28340000000003,0.0,0.11380022563025272,2899.823053450703,2899.823053450713,-1.000444171950221e-11
15902,8,Recent Low-Value Customers,296.28340000000003,0.0,0.11380022563025272,2899.823053450703,2899.823053450713,-1.000444171950221e-11
15897,8,Recent Low-Value Customers,296.28340000000003,0.0,0.11380022563025272,2899.823053450703,2899.823053450713,-1.000444171950221e-11
15994,8,Recent Low-Value Customers,296.28340000000003,0.0,0.11380022563025272,2899.823053450703,2899.823053450713,-1.000444171950221e-11
19386,8,Recent Low-Value Customers,296.28340000000003,0.0,0.11380022563025272,2899.823053450703,2899.823053450713,-1.000444171950221e-11
15965,8,Recent Low-Value Customers,296.28340000000003,0.0,0.11380022563025272,2899.823053450703,2899.823053450713,-1.000444171950221e-11
15899,8,Recent Low-Value Customers,296.28340000000003,0.0,0.11380022563025272,2899.823053450703,2899.823053450713,-1.000444171950221e-11
15771,8,Recent Low-Value Customers,296.28340000000003,0.0,0.11380022563025272,2899.823053450703,2899.823053450713,-1.000444171950221e-11
15770,8,Recent Low-Value Customers,296.28340000000003,0.0,0.11380022563025272,2899.823053450703,2899.823053450713,-1.000444171950221e-11
15964,8,Recent Low-Value Customers,296.28340000000003,0.0,0.11380022563025272,2899.823053450703,2899.823053450713,-1.000444171950221e-11
20874,8,Recent Low-Value Customers,296.28340000000003,0.0,0.11380022563025272,2899.823053450703,2899.823053450713,-1.000444171950221e-11
15968,8,Recent Low-Value Customers,296.28340000000003,0.0,0.11380022563025272,2899.823053450703,2899.823053450713,-1.000444171950221e-11
15991,8,Recent Low-Value Customers,296.28340000000003,0.0,0.11380022563025272,2899.823053450703,2899.823053450713,-1.000444171950221e-11
19381,8,Recent Low-Value Customers,296.28340000000003,0.0,0.11380022563025272,2899.823053450703,2899.823053450713,-1.000444171950221e-11
19380,8,Recent Low-Value Customers,296.28340000000003,0.0,0.11380022563025272,2899.823053450703,2899.823053450713,-1.000444171950221e-11
15984,8,Recent Low-Value Customers,296.28340000000003,0.0,0.11380022563025272,2899.823053450703,2899.823053450713,-1.000444171950221e-11
15904,8,Recent Low-Value Customers,296.28340000000003,0.0,0.11380022563025272,2899.823053450703,2899.823053450713,-1.000444171950221e-11
15862,8,Recent Low-Value Customers,296.28340000000003,0.0,0.11380022563025272,2899.823053450703,2899.823053450713,-1.000444171950221e-11
19434,8,Recent Low-Value Customers,296.28340000000003,0.0,0.11380022563025272,2899.823053450703,2899.823053450713,-1.000444171950221e-11
19446,8,Recent Low-Value Customers,296.28340000000003,0.0,0.11380022563025272,2899.823053450703,2899.823053450713,-1.000444171950221e-11
15990,8,Recent Low-Value Customers,296.28340000000003,0.0,0.11380022563025272,2899.823053450703,2899.823053450713,-1.000444171950221e-11
15525,8,Recent Low-Value Customers,296.28340000000003,0.0,0.11380022563025272,2899.823053450703,2899.823053450713,-1.000444171950221e-11
15989,8,Recent Low-Value Customers,296.28340000000003,0.0,0.11380022563025272,2899.823053450703,2899.823053450713,-1.000444171950221e-11
15987,8,Recent Low-Value Customers,296.28340000000003,0.0,0.11380022563025272,2899.823053450703,2899.823053450713,-1.000444171950221e-11
15986,8,Recent Low-Value Customers,296.28340000000003,0.0,0.11380022563025272,2899.823053450703,2899.823053450713,-1.000444171950221e-11
15980,8,Recent Low-Value Customers,296.28340000000003,0.0,0.11380022563025272,2899.823053450703,2899.823053450713,-1.000444171950221e-11
15983,8,Recent Low-Value Customers,296.28340000000003,0.0,0.11380022563025272,2899.823053450703,2899.823053450713,-1.000444171950221e-11
15976,8,Recent Low-Value Customers,296.28340000000003,0.0,0.11380022563025272,2899.823053450703,2899.823053450713,-1.000444171950221e-11
15851,8,Recent Low-Value Customers,296.28340000000003,0.0,0.11380022563025272,2899.823053450703,2899.823053450713,-1.000444171950221e-11
15941,8,Recent Low-Value Customers,296.28340000000003,0.0,0.11380022563025272,2899.823053450703,2899.823053450713,-1.000444171950221e-11
15882,8,Recent Low-Value Customers,296.28340000000003,0.0,0.11380022563025272,2899.823053450703,2899.823053450713,-1.000444171950221e-11
19343,8,Recent Low-Value Customers,296.28340000000003,0.0,0.11380022563025272,2899.823053450703,2899.823053450713,-1.000444171950221e-11
19338,8,Recent Low-Value Customers,296.28340000000003,0.0,0.11380022563025272,2899.823053450703,2899.823053450713,-1.000444171950221e-11
15934,8,Recent Low-Value Customers,296.28340000000003,0.0,0.11380022563025272,2899.823053450703,2899.823053450713,-1.000444171950221e-11
15865,8,Recent Low-Value Customers,296.28340000000003,0.0,0.11380022563025272,2899.823053450703,2899.823053450713,-1.000444171950221e-11
15860,8,Recent Low-Value Customers,296.28340000000003,0.0,0.11380022563025272,2899.823053450703,2899.823053450713,-1.000444171950221e-11
19336,8,Recent Low-Value Customers,296.28340000000003,0.0,0.11380022563025272,2899.823053450703,2899.823053450713,-1.000444171950221e-11
15852,8,Recent Low-Value Customers,296.28340000000003,0.0,0.11380022563025272,2899.823053450703,2899.823053450713,-1.000444171950221e-11
15944,8,Recent Low-Value Customers,296.28340000000003,0.0,0.11380022563025272,2899.823053450703,2899.823053450713,-1.000444171950221e-11
15948,8,Recent Low-Value Customers,296.28340000000003,0.0,0.11380022563025272,2899.823053450703,2899.823053450713,-1.000444171950221e-11
15845,8,Recent Low-Value Customers,296.28340000000003,0.0,0.11380022563025272,2899.823053450703,2899.823053450713,-1.000444171950221e-11
15918,8,Recent Low-Value Customers,296.28340000000003,0.0,0.11380022563025272,2899.823053450703,2899.823053450713,-1.000444171950221e-11
15952,8,Recent Low-Value Customers,296.28340000000003,0.0,0.11380022563025272,2899.823053450703,2899.823053450713,-1.000444171950221e-11
15953,8,Recent Low-Value Customers,296.28340000000003,0.0,0.11380022563025272,2899.823053450703,2899.823053450713,-1.000444171950221e-11
15501,8,Recent Low-Value Customers,296.28340000000003,0.0,0.11380022563025272,2899.823053450703,2899.823053450713,-1.000444171950221e-11
15827,8,Recent Low-Value Customers,296.28340000000003,0.0,0.11380022563025272,2899.823053450703,2899.823053450713,-1.000444171950221e-11
15834,8,Recent Low-Value Customers,296.28340000000003,0.0,0.11380022563025272,2899.823053450703,2899.823053450713,-1.000444171950221e-11
15840,8,Recent Low-Value Customers,296.28340000000003,0.0,0.11380022563025272,2899.823053450703,2899.823053450713,-1.000444171950221e-11
15841,8,Recent Low-Value Customers,296.28340000000003,0.0,0.11380022563025272,2899.823053450703,2899.823053450713,-1.000444171950221e-11
15842,8,Recent Low-Value Customers,296.28340000000003,0.0,0.11380022563025272,2899.823053450703,2899.823053450713,-1.000444171950221e-11
15954,8,Recent Low-Value Customers,296.28340000000003,0.0,0.11380022563025272,2899.823053450703,2899.823053450713,-1.000444171950221e-11
15506,8,Recent Low-Value Customers,296.28340000000003,0.0,0.11380022563025272,2899.823053450703,2899.823053450713,-1.000444171950221e-11
19319,8,Recent Low-Value Customers,296.28340000000003,0.0,0.11380022563025272,2899.823053450703,2899.823053450713,-1.000444171950221e-11
15843,8,Recent Low-Value Customers,296.28340000000003,0.0,0.11380022563025272,2899.823053450703,2899.823053450713,-1.000444171950221e-11
15844,8,Recent Low-Value Customers,296.28340000000003,0.0,0.11380022563025272,2899.823053450703,2899.823053450713,-1.000444171950221e-11
15521,8,Recent Low-Value Customers,296.28340000000003,0.0,0.11380022563025272,2899.823053450703,2899.823053450713,-1.000444171950221e-11
15873,8,Recent Low-Value Customers,296.28340000000003,0.0,0.11380022563025272,2899.823053450703,2899.823053450713,-1.000444171950221e-11
15885,8,Recent Low-Value Customers,296.28340000000003,0.0,0.11380022563025272,2899.823053450703,2899.823053450713,-1.000444171950221e-11
19419,8,Recent Low-Value Customers,296.28340000000003,0.0,0.11380022563025272,2899.823053450703,2899.823053450713,-1.000444171950221e-11
19323,8,Recent Low-Value Customers,296.28340000000003,0.0,0.11380022563025272,2899.823053450703,2899.823053450713,-1.000444171950221e-11
19421,8,Recent Low-Value Customers,296.28340000000003,0.0,0.11380022563025272,2899.823053450703,2899.823053450713,-1.000444171950221e-11
15778,8,Recent Low-Value Customers,296.28340000000003,0.0,0.11380022563025272,2899.823053450703,2899.823053450713,-1.000444171950221e-11
19423,8,Recent Low-Value Customers,296.28340000000003,0.0,0.11380022563025272,2899.823053450703,2899.823053450713,-1.000444171950221e-11
19426,8,Recent Low-Value Customers,296.28340000000003,0.0,0.11380022563025272,2899.823053450703,2899.823053450713,-1.000444171950221e-11
19427,8,Recent Low-Value Customers,296.28340000000003,0.0,0.11380022563025272,2899.823053450703,2899.823053450713,-1.000444171950221e-11
15780,8,Recent Low-Value Customers,296.28340000000003,0.0,0.11380022563025272,2899.823053450703,2899.823053450713,-1.000444171950221e-11
15523,8,Recent Low-Value Customers,296.28340000000003,0.0,0.11380022563025272,2899.823053450703,2899.823053450713,-1.000444171950221e-11
15781,8,Recent Low-Value Customers,296.28340000000003,0.0,0.11380022563025272,2899.823053450703,2899.823053450713,-1.000444171950221e-11
15908,8,Recent Low-Value Customers,296.28340000000003,0.0,0.11380022563025272,2899.823053450703,2899.823053450713,-1.000444171950221e-11
15972,8,Recent Low-Value Customers,296.28340000000003,0.0,0.11380022563025272,2899.823053450703,2899.823053450713,-1.000444171950221e-11
15969,8,Recent Low-Value Customers,296.28340000000003,0.0,0.11380022563025272,2899.823053450703,2899.823053450713,-1.000444171950221e-11
15909,8,Recent Low-Value Customers,296.28340000000003,0.0,0.11380022563025272,2899.823053450703,2899.823053450713,-1.000444171950221e-11
15914,8,Recent Low-Value Customers,296.28340000000003,0.0,0.11380022563025272,2899.823053450703,2899.823053450713,-1.000444171950221e-11
15915,8,Recent Low-Value Customers,296.28340000000003,0.0,0.11380022563025272,2899.823053450703,2899.823053450713,-1.000444171950221e-11
15750,8,Recent Low-Value Customers,296.28340000000003,0.0,0.11380022563025272,2899.823053450703,2899.823053450713,-1.000444171950221e-11
15739,8,Recent Low-Value Customers,296.28340000000003,0.0,0.11380022563025272,2899.823053450703,2899.823053450713,-1.000444171950221e-11
15769,8,Recent Low-Value Customers,296.28340000000003,0.0,0.11380022563025272,2899.823053450703,2899.823053450713,-1.000444171950221e-11
15768,8,Recent Low-Value Customers,296.28340000000003,0.0,0.11380022563025272,2899.823053450703,2899.823053450713,-1.000444171950221e-11
15763,8,Recent Low-Value Customers,296.28340000000003,0.0,0.11380022563025272,2899.823053450703,2899.823053450713,-1.000444171950221e-11
15893,8,Recent Low-Value Customers,296.28340000000003,0.0,0.11380022563025272,2899.823053450703,2899.823053450713,-1.000444171950221e-11
19366,8,Recent Low-Value Customers,296.28340000000003,0.0,0.11380022563025272,2899.823053450703,2899.823053450713,-1.000444171950221e-11
15737,8,Recent Low-Value Customers,296.28340000000003,0.0,0.11380022563025272,2899.823053450703,2899.823053450713,-1.000444171950221e-11
15890,8,Recent Low-Value Customers,296.28340000000003,0.0,0.11380022563025272,2899.823053450703,2899.823053450713,-1.000444171950221e-11
15888,8,Recent Low-Value Customers,296.28340000000003,0.0,0.11380022563025272,2899.823053450703,2899.823053450713,-1.000444171950221e-11
15886,8,Recent Low-Value Customers,296.28340000000003,0.0,0.11380022563025272,2899.823053450703,2899.823053450713,-1.000444171950221e-11
15892,8,Recent Low-Value Customers,296.28340000000003,0.0,0.11380022563025272,2899.823053450703,2899.823053450713,-1.000444171950221e-11
15961,8,Recent Low-Value Customers,296.28340000000003,0.0,0.11380022563025272,2899.823053450703,2899.823053450713,-1.000444171950221e-11
19473,8,Recent Low-Value Customers,296.28340000000003,0.0,0.11380022563025272,2899.823053450703,2899.823053450713,-1.000444171950221e-11
21008,8,Recent Low-Value Customers,296.28340000000003,0.0,0.11380022563025272,2899.823053450703,2899.823053450713,-1.000444171950221e-11
21020,8,Recent Low-Value Customers,296.28340000000003,0.0,0.11380022563025272,2899.823053450703,2899.823053450713,-1.000444171950221e-11
21018,8,Recent Low-Value Customers,296.28340000000003,0.0,0.11380022563025272,2899.823053450703,2899.823053450713,-1.000444171950221e-11
21016,8,Recent Low-Value Customers,296.28340000000003,0.0,0.11380022563025272,2899.823053450703,2899.823053450713,-1.000444171950221e-11
21015,8,Recent Low-Value Customers,296.28340000000003,0.0,0.11380022563025272,2899.823053450703,2899.823053450713,-1.000444171950221e-11
27298,8,Recent Low-Value Customers,296.28340000000003,0.0,0.11380022563025272,2899.823053450703,2899.823053450713,-1.000444171950221e-11
27299,8,Recent Low-Value Customers,296.28340000000003,0.0,0.11380022563025272,2899.823053450703,2899.823053450713,-1.000444171950221e-11
21012,8,Recent Low-Value Customers,296.28340000000003,0.0,0.11380022563025272,2899.823053450703,2899.823053450713,-1.000444171950221e-11
27338,8,Recent Low-Value Customers,296.28340000000003,0.0,0.11380022563025272,2899.823053450703,2899.823053450713,-1.000444171950221e-11
21011,8,Recent Low-Value Customers,296.28340000000003,0.0,0.11380022563025272,2899.823053450703,2899.823053450713,-1.000444171950221e-11
27339,8,Recent Low-Value Customers,296.28340000000003,0.0,0.11380022563025272,2899.823053450703,2899.823053450713,-1.000444171950221e-11
21006,8,Recent Low-Value Customers,296.28340000000003,0.0,0.11380022563025272,2899.823053450703,2899.823053450713,-1.000444171950221e-11
20923,8,Recent Low-Value Customers,296.28340000000003,0.0,0.11380022563025272,2899.823053450703,2899.823053450713,-1.000444171950221e-11
27340,8,Recent Low-Value Customers,296.28340000000003,0.0,0.11380022563025272,2899.823053450703,2899.823053450713,-1.000444171950221e-11
27341,8,Recent Low-Value Customers,296.28340000000003,0.0,0.11380022563025272,2899.823053450703,2899.823053450713,-1.000444171950221e-11
21035,8,Recent Low-Value Customers,296.28340000000003,0.0,0.11380022563025272,2899.823053450703,2899.823053450713,-1.000444171950221e-11
21037,8,Recent Low-Value Customers,296.28340000000003,0.0,0.11380022563025272,2899.823053450703,2899.823053450713,-1.000444171950221e-11
21130,8,Recent Low-Value Customers,296.28340000000003,0.0,0.11380022563025272,2899.823053450703,2899.823053450713,-1.000444171950221e-11
21106,8,Recent Low-Value Customers,296.28340000000003,0.0,0.11380022563025272,2899.823053450703,2899.823053450713,-1.000444171950221e-11
27342,8,Recent Low-Value Customers,296.28340000000003,0.0,0.11380022563025272,2899.823053450703,2899.823053450713,-1.000444171950221e-11
21105,8,Recent Low-Value Customers,296.28340000000003,0.0,0.11380022563025272,2899.823053450703,2899.823053450713,-1.000444171950221e-11
21104,8,Recent Low-Value Customers,296.28340000000003,0.0,0.11380022563025272,2899.823053450703,2899.823053450713,-1.000444171950221e-11
21103,8,Recent Low-Value Customers,296.28340000000003,0.0,0.11380022563025272,2899.823053450703,2899.823053450713,-1.000444171950221e-11
21027,8,Recent Low-Value Customers,296.28340000000003,0.0,0.11380022563025272,2899.823053450703,2899.823053450713,-1.000444171950221e-11
21029,8,Recent Low-Value Customers,296.28340000000003,0.0,0.11380022563025272,2899.823053450703,2899.823053450713,-1.000444171950221e-11
27297,8,Recent Low-Value Customers,296.28340000000003,0.0,0.11380022563025272,2899.823053450703,2899.823053450713,-1.000444171950221e-11
21034,8,Recent Low-Value Customers,296.28340000000003,0.0,0.11380022563025272,2899.823053450703,2899.823053450713,-1.000444171950221e-11
20917,8,Recent Low-Value Customers,296.28340000000003,0.0,0.11380022563025272,2899.823053450703,2899.823053450713,-1.000444171950221e-11
20914,8,Recent Low-Value Customers,296.28340000000003,0.0,0.11380022563025272,2899.823053450703,2899.823053450713,-1.000444171950221e-11
27365,8,Recent Low-Value Customers,296.28340000000003,0.0,0.11380022563025272,2899.823053450703,2899.823053450713,-1.000444171950221e-11
20913,8,Recent Low-Value Customers,296.28340000000003,0.0,0.11380022563025272,2899.823053450703,2899.823053450713,-1.000444171950221e-11
20912,8,Recent Low-Value Customers,296.28340000000003,0.0,0.11380022563025272,2899.823053450703,2899.823053450713,-1.000444171950221e-11
20896,8,Recent Low-Value Customers,296.28340000000003,0.0,0.11380022563025272,2899.823053450703,2899.823053450713,-1.000444171950221e-11
20890,8,Recent Low-Value Customers,296.28340000000003,0.0,0.11380022563025272,2899.823053450703,2899.823053450713,-1.000444171950221e-11
15529,8,Recent Low-Value Customers,296.28340000000003,0.0,0.11380022563025272,2899.823053450703,2899.823053450713,-1.000444171950221e-11
20975,8,Recent Low-Value Customers,296.28340000000003,0.0,0.11380022563025272,2899.823053450703,2899.823053450713,-1.000444171950221e-11
27362,8,Recent Low-Value Customers,296.28340000000003,0.0,0.11380022563025272,2899.823053450703,2899.823053450713,-1.000444171950221e-11
20979,8,Recent Low-Value Customers,296.28340000000003,0.0,0.11380022563025272,2899.823053450703,2899.823053450713,-1.000444171950221e-11
20980,8,Recent Low-Value Customers,296.28340000000003,0.0,0.11380022563025272,2899.823053450703,2899.823053450713,-1.000444171950221e-11
20876,8,Recent Low-Value Customers,296.28340000000003,0.0,0.11380022563025272,2899.823053450703,2899.823053450713,-1.000444171950221e-11
20847,8,Recent Low-Value Customers,296.28340000000003,0.0,0.11380022563025272,2899.823053450703,2899.823053450713,-1.000444171950221e-11
20870,8,Recent Low-Value Customers,296.28340000000003,0.0,0.11380022563025272,2899.823053450703,2899.823053450713,-1.000444171950221e-11
20861,8,Recent Low-Value Customers,296.28340000000003,0.0,0.11380022563025272,2899.823053450703,2899.823053450713,-1.000444171950221e-11
27356,8,Recent Low-Value Customers,296.28340000000003,0.0,0.11380022563025272,2899.823053450703,2899.823053450713,-1.000444171950221e-11
20860,8,Recent Low-Value Customers,296.28340000000003,0.0,0.11380022563025272,2899.823053450703,2899.823053450713,-1.000444171950221e-11
20854,8,Recent Low-Value Customers,296.28340000000003,0.0,0.11380022563025272,2899.823053450703,2899.823053450713,-1.000444171950221e-11
21036,8,Recent Low-Value Customers,296.28340000000003,0.0,0.11380022563025272,2899.823053450703,2899.823053450713,-1.000444171950221e-11
15547,8,Recent Low-Value Customers,296.28340000000003,0.0,0.11380022563025272,2899.823053450703,2899.823053450713,-1.000444171950221e-11
27346,8,Recent Low-Value Customers,296.28340000000003,0.0,0.11380022563025272,2899.823053450703,2899.823053450713,-1.000444171950221e-11
27348,8,Recent Low-Value Customers,296.28340000000003,0.0,0.11380022563025272,2899.823053450703,2899.823053450713,-1.000444171950221e-11
27352,8,Recent Low-Value Customers,296.28340000000003,0.0,0.11380022563025272,2899.823053450703,2899.823053450713,-1.000444171950221e-11
15534,8,Recent Low-Value Customers,296.28340000000003,0.0,0.11380022563025272,2899.823053450703,2899.823053450713,-1.000444171950221e-11
27560,8,Recent Low-Value Customers,296.28340000000003,0.0,0.11380022563025272,2899.823053450703,2899.823053450713,-1.000444171950221e-11
15537,8,Recent Low-Value Customers,296.28340000000003,0.0,0.11380022563025272,2899.823053450703,2899.823053450713,-1.000444171950221e-11
15538,8,Recent Low-Value Customers,296.28340000000003,0.0,0.11380022563025272,2899.823053450703,2899.823053450713,-1.000444171950221e-11
15540,8,Recent Low-Value Customers,296.28340000000003,0.0,0.11380022563025272,2899.823053450703,2899.823053450713,-1.000444171950221e-11
15542,8,Recent Low-Value Customers,296.28340000000003,0.0,0.11380022563025272,2899.823053450703,2899.823053450713,-1.000444171950221e-11
27267,8,Recent Low-Value Customers,296.28340000000003,0.0,0.11380022563025272,2899.823053450703,2899.823053450713,-1.000444171950221e-11
27270,8,Recent Low-Value Customers,296.28340000000003,0.0,0.11380022563025272,2899.823053450703,2899.823053450713,-1.000444171950221e-11
27285,8,Recent Low-Value Customers,296.28340000000003,0.0,0.11380022563025272,2899.823053450703,2899.823053450713,-1.000444171950221e-11
27473,8,Recent Low-Value Customers,296.28340000000003,0.0,0.11380022563025272,2899.823053450703,2899.823053450713,-1.000444171950221e-11
27472,8,Recent Low-Value Customers,296.28340000000003,0.0,0.11380022563025272,2899.823053450703,2899.823053450713,-1.000444171950221e-11
27471,8,Recent Low-Value Customers,296.28340000000003,0.0,0.11380022563025272,2899.823053450703,2899.823053450713,-1.000444171950221e-11
27470,8,Recent Low-Value Customers,296.28340000000003,0.0,0.11380022563025272,2899.823053450703,2899.823053450713,-1.000444171950221e-11
27469,8,Recent Low-Value Customers,296.28340000000003,0.0,0.11380022563025272,2899.823053450703,2899.823053450713,-1.000444171950221e-11
27483,8,Recent Low-Value Customers,296.28340000000003,0.0,0.11380022563025272,2899.823053450703,2899.823053450713,-1.000444171950221e-11
27490,8,Recent Low-Value Customers,296.28340000000003,0.0,0.11380022563025272,2899.823053450703,2899.823053450713,-1.000444171950221e-11
27484,8,Recent Low-Value Customers,296.28340000000003,0.0,0.11380022563025272,2899.823053450703,2899.823053450713,-1.000444171950221e-11
27485,8,Recent Low-Value Customers,296.28340000000003,0.0,0.11380022563025272,2899.823053450703,2899.823053450713,-1.000444171950221e-11
27492,8,Recent Low-Value Customers,296.28340000000003,0.0,0.11380022563025272,2899.823053450703,2899.823053450713,-1.000444171950221e-11
27499,8,Recent Low-Value Customers,296.28340000000003,0.0,0.11380022563025272,2899.823053450703,2899.823053450713,-1.000444171950221e-11
27498,8,Recent Low-Value Customers,296.28340000000003,0.0,0.11380022563025272,2899.823053450703,2899.823053450713,-1.000444171950221e-11
19436,8,Recent Low-Value Customers,296.28340000000003,0.0,0.11380022563025272,2899.823053450703,2899.823053450713,-1.000444171950221e-11
15535,8,Recent Low-Value Customers,296.28340000000003,0.0,0.11380022563025272,2899.823053450703,2899.823053450713,-1.000444171950221e-11
15532,8,Recent Low-Value Customers,296.28340000000003,0.0,0.11380022563025272,2899.823053450703,2899.823053450713,-1.000444171950221e-11
21093,8,Recent Low-Value Customers,296.28340000000003,0.0,0.11380022563025272,2899.823053450703,2899.823053450713,-1.000444171950221e-11
15531,8,Recent Low-Value Customers,296.28340000000003,0.0,0.11380022563025272,2899.823053450703,2899.823053450713,-1.000444171950221e-11
21092,8,Recent Low-Value Customers,296.28340000000003,0.0,0.11380022563025272,2899.823053450703,2899.823053450713,-1.000444171950221e-11
21071,8,Recent Low-Value Customers,296.28340000000003,0.0,0.11380022563025272,2899.823053450703,2899.823053450713,-1.000444171950221e-11
27353,8,Recent Low-Value Customers,296.28340000000003,0.0,0.11380022563025272,2899.823053450703,2899.823053450713,-1.000444171950221e-11
21067,8,Recent Low-Value Customers,296.28340000000003,0.0,0.11380022563025272,2899.823053450703,2899.823053450713,-1.000444171950221e-11
21060,8,Recent Low-Value Customers,296.28340000000003,0.0,0.11380022563025272,2899.823053450703,2899.823053450713,-1.000444171950221e-11
21053,8,Recent Low-Value Customers,296.28340000000003,0.0,0.11380022563025272,2899.823053450703,2899.823053450713,-1.000444171950221e-11
21044,8,Recent Low-Value Customers,296.28340000000003,0.0,0.11380022563025272,2899.823053450703,2899.823053450713,-1.000444171950221e-11
27354,8,Recent Low-Value Customers,296.28340000000003,0.0,0.11380022563025272,2899.823053450703,2899.823053450713,-1.000444171950221e-11
27355,8,Recent Low-Value Customers,296.28340000000003,0.0,0.11380022563025272,2899.823053450703,2899.823053450713,-1.000444171950221e-11
27359,8,Recent Low-Value Customers,296.28340000000003,0.0,0.11380022563025272,2899.823053450703,2899.823053450713,-1.000444171950221e-11
27487,8,Recent Low-Value Customers,296.28340000000003,0.0,0.11380022563025272,2899.823053450703,2899.823053450713,-1.000444171950221e-11
27488,8,Recent Low-Value Customers,296.28340000000003,0.0,0.11380022563025272,2899.823053450703,2899.823053450713,-1.000444171950221e-11
27557,8,Recent Low-Value Customers,296.28340000000003,0.0,0.11380022563025272,2899.823053450703,2899.823053450713,-1.000444171950221e-11
27489,8,Recent Low-Value Customers,296.28340000000003,0.0,0.11380022563025272,2899.823053450703,2899.823053450713,-1.000444171950221e-11
26667,8,Recent Low-Value Customers,296.28340000000003,0.0,0.11380022563025272,2899.823053450703,2899.823053450713,-1.000444171950221e-11
26673,8,Recent Low-Value Customers,296.28340000000003,0.0,0.11380022563025272,2899.823053450703,2899.823053450713,-1.000444171950221e-11
26750,8,Recent Low-Value Customers,296.28340000000003,0.0,0.11380022563025272,2899.823053450703,2899.823053450713,-1.000444171950221e-11
15570,8,Recent Low-Value Customers,296.28340000000003,0.0,0.11380022563025272,2899.823053450703,2899.823053450713,-1.000444171950221e-11
15569,8,Recent Low-Value Customers,296.28340000000003,0.0,0.11380022563025272,2899.823053450703,2899.823053450713,-1.000444171950221e-11
15568,8,Recent Low-Value Customers,296.28340000000003,0.0,0.11380022563025272,2899.823053450703,2899.823053450713,-1.000444171950221e-11
15565,8,Recent Low-Value Customers,296.28340000000003,0.0,0.11380022563025272,2899.823053450703,2899.823053450713,-1.000444171950221e-11
20922,8,Recent Low-Value Customers,296.28340000000003,0.0,0.11380022563025272,2899.823053450703,2899.823053450713,-1.000444171950221e-11
20845,8,Recent Low-Value Customers,296.28340000000003,0.0,0.11380022563025272,2899.823053450703,2899.823053450713,-1.000444171950221e-11
20930,8,Recent Low-Value Customers,296.28340000000003,0.0,0.11380022563025272,2899.823053450703,2899.823053450713,-1.000444171950221e-11
26924,8,Recent Low-Value Customers,296.28340000000003,0.0,0.11380022563025272,2899.823053450703,2899.823053450713,-1.000444171950221e-11
26761,8,Recent Low-Value Customers,296.28340000000003,0.0,0.11380022563025272,2899.823053450703,2899.823053450713,-1.000444171950221e-11
26763,8,Recent Low-Value Customers,296.28340000000003,0.0,0.11380022563025272,2899.823053450703,2899.823053450713,-1.000444171950221e-11
26764,8,Recent Low-Value Customers,296.28340000000003,0.0,0.11380022563025272,2899.823053450703,2899.823053450713,-1.000444171950221e-11
26767,8,Recent Low-Value Customers,296.28340000000003,0.0,0.11380022563025272,2899.823053450703,2899.823053450713,-1.000444171950221e-11
26768,8,Recent Low-Value Customers,296.28340000000003,0.0,0.11380022563025272,2899.823053450703,2899.823053450713,-1.000444171950221e-11
26774,8,Recent Low-Value Customers,296.28340000000003,0.0,0.11380022563025272,2899.823053450703,2899.823053450713,-1.000444171950221e-11
26795,8,Recent Low-Value Customers,296.28340000000003,0.0,0.11380022563025272,2899.823053450703,2899.823053450713,-1.000444171950221e-11
19480,8,Recent Low-Value Customers,296.28340000000003,0.0,0.11380022563025272,2899.823053450703,2899.823053450713,-1.000444171950221e-11
20931,8,Recent Low-Value Customers,296.28340000000003,0.0,0.11380022563025272,2899.823053450703,2899.823053450713,-1.000444171950221e-11
19945,8,Recent Low-Value Customers,296.28340000000003,0.0,0.11380022563025272,2899.823053450703,2899.823053450713,-1.000444171950221e-11
19503,8,Recent Low-Value Customers,296.28340000000003,0.0,0.11380022563025272,2899.823053450703,2899.823053450713,-1.000444171950221e-11
26967,8,Recent Low-Value Customers,296.28340000000003,0.0,0.11380022563025272,2899.823053450703,2899.823053450713,-1.000444171950221e-11
26752,8,Recent Low-Value Customers,296.28340000000003,0.0,0.11380022563025272,2899.823053450703,2899.823053450713,-1.000444171950221e-11
19922,8,Recent Low-Value Customers,296.28340000000003,0.0,0.11380022563025272,2899.823053450703,2899.823053450713,-1.000444171950221e-11
26751,8,Recent Low-Value Customers,296.28340000000003,0.0,0.11380022563025272,2899.823053450703,2899.823053450713,-1.000444171950221e-11
26749,8,Recent Low-Value Customers,296.28340000000003,0.0,0.11380022563025272,2899.823053450703,2899.823053450713,-1.000444171950221e-11
26660,8,Recent Low-Value Customers,296.28340000000003,0.0,0.11380022563025272,2899.823053450703,2899.823053450713,-1.000444171950221e-11
26661,8,Recent Low-Value Customers,296.28340000000003,0.0,0.11380022563025272,2899.823053450703,2899.823053450713,-1.000444171950221e-11
26662,8,Recent Low-Value Customers,296.28340000000003,0.0,0.11380022563025272,2899.823053450703,2899.823053450713,-1.000444171950221e-11
19903,8,Recent Low-Value Customers,296.28340000000003,0.0,0.11380022563025272,2899.823053450703,2899.823053450713,-1.000444171950221e-11
26760,8,Recent Low-Value Customers,296.28340000000003,0.0,0.11380022563025272,2899.823053450703,2899.823053450713,-1.000444171950221e-11
26758,8,Recent Low-Value Customers,296.28340000000003,0.0,0.11380022563025272,2899.823053450703,2899.823053450713,-1.000444171950221e-11
19899,8,Recent Low-Value Customers,296.28340000000003,0.0,0.11380022563025272,2899.823053450703,2899.823053450713,-1.000444171950221e-11
26918,8,Recent Low-Value Customers,296.28340000000003,0.0,0.11380022563025272,2899.823053450703,2899.823053450713,-1.000444171950221e-11
19458,8,Recent Low-Value Customers,296.28340000000003,0.0,0.11380022563025272,2899.823053450703,2899.823053450713,-1.000444171950221e-11
26589,8,Recent Low-Value Customers,296.28340000000003,0.0,0.11380022563025272,2899.823053450703,2899.823053450713,-1.000444171950221e-11
19452,8,Recent Low-Value Customers,296.28340000000003,0.0,0.11380022563025272,2899.823053450703,2899.823053450713,-1.000444171950221e-11
26916,8,Recent Low-Value Customers,296.28340000000003,0.0,0.11380022563025272,2899.823053450703,2899.823053450713,-1.000444171950221e-11
19447,8,Recent Low-Value Customers,296.28340000000003,0.0,0.11380022563025272,2899.823053450703,2899.823053450713,-1.000444171950221e-11
19442,8,Recent Low-Value Customers,296.28340000000003,0.0,0.11380022563025272,2899.823053450703,2899.823053450713,-1.000444171950221e-11
19441,8,Recent Low-Value Customers,296.28340000000003,0.0,0.11380022563025272,2899.823053450703,2899.823053450713,-1.000444171950221e-11
26917,8,Recent Low-Value Customers,296.28340000000003,0.0,0.11380022563025272,2899.823053450703,2899.823053450713,-1.000444171950221e-11
19474,8,Recent Low-Value Customers,296.28340000000003,0.0,0.11380022563025272,2899.823053450703,2899.823053450713,-1.000444171950221e-11
26919,8,Recent Low-Value Customers,296.28340000000003,0.0,0.11380022563025272,2899.823053450703,2899.823053450713,-1.000444171950221e-11
26757,8,Recent Low-Value Customers,296.28340000000003,0.0,0.11380022563025272,2899.823053450703,2899.823053450713,-1.000444171950221e-11
19517,8,Recent Low-Value Customers,296.28340000000003,0.0,0.11380022563025272,2899.823053450703,2899.823053450713,-1.000444171950221e-11
26920,8,Recent Low-Value Customers,296.28340000000003,0.0,0.11380022563025272,2899.823053450703,2899.823053450713,-1.000444171950221e-11
26921,8,Recent Low-Value Customers,296.28340000000003,0.0,0.11380022563025272,2899.823053450703,2899.823053450713,-1.000444171950221e-11
26922,8,Recent Low-Value Customers,296.28340000000003,0.0,0.11380022563025272,2899.823053450703,2899.823053450713,-1.000444171950221e-11
26923,8,Recent Low-Value Customers,296.28340000000003,0.0,0.11380022563025272,2899.823053450703,2899.823053450713,-1.000444171950221e-11
26796,8,Recent Low-Value Customers,296.28340000000003,0.0,0.11380022563025272,2899.823053450703,2899.823053450713,-1.000444171950221e-11
19504,8,Recent Low-Value Customers,296.28340000000003,0.0,0.11380022563025272,2899.823053450703,2899.823053450713,-1.000444171950221e-11
26753,8,Recent Low-Value Customers,296.28340000000003,0.0,0.11380022563025272,2899.823053450703,2899.823053450713,-1.000444171950221e-11
26754,8,Recent Low-Value Customers,296.28340000000003,0.0,0.11380022563025272,2899.823053450703,2899.823053450713,-1.000444171950221e-11
19902,8,Recent Low-Value Customers,296.28340000000003,0.0,0.11380022563025272,2899.823053450703,2899.823053450713,-1.000444171950221e-11
26797,8,Recent Low-Value Customers,296.28340000000003,0.0,0.11380022563025272,2899.823053450703,2899.823053450713,-1.000444171950221e-11
27493,8,Recent Low-Value Customers,296.28340000000003,0.0,0.11380022563025272,2899.823053450703,2899.823053450713,-1.000444171950221e-11
20933,8,Recent Low-Value Customers,296.28340000000003,0.0,0.11380022563025272,2899.823053450703,2899.823053450713,-1.000444171950221e-11
15562,8,Recent Low-Value Customers,296.28340000000003,0.0,0.11380022563025272,2899.823053450703,2899.823053450713,-1.000444171950221e-11
20970,8,Recent Low-Value Customers,296.28340000000003,0.0,0.11380022563025272,2899.823053450703,2899.823053450713,-1.000444171950221e-11
26740,8,Recent Low-Value Customers,296.28340000000003,0.0,0.11380022563025272,2899.823053450703,2899.823053450713,-1.000444171950221e-11
20945,8,Recent Low-Value Customers,296.28340000000003,0.0,0.11380022563025272,2899.823053450703,2899.823053450713,-1.000444171950221e-11
15558,8,Recent Low-Value Customers,296.28340000000003,0.0,0.11380022563025272,2899.823053450703,2899.823053450713,-1.000444171950221e-11
20921,8,Recent Low-Value Customers,296.28340000000003,0.0,0.11380022563025272,2899.823053450703,2899.823053450713,-1.000444171950221e-11
21508,8,Recent Low-Value Customers,296.28340000000003,0.0,0.11380022563025272,2899.823053450703,2899.823053450713,-1.000444171950221e-11
27429,8,Recent Low-Value Customers,296.28340000000003,0.0,0.11380022563025272,2899.823053450703,2899.823053450713,-1.000444171950221e-11
27366,8,Recent Low-Value Customers,296.28340000000003,0.0,0.11380022563025272,2899.823053450703,2899.823053450713,-1.000444171950221e-11
21509,8,Recent Low-Value Customers,296.28340000000003,0.0,0.11380022563025272,2899.823053450703,2899.823053450713,-1.000444171950221e-11
21516,8,Recent Low-Value Customers,296.28340000000003,0.0,0.11380022563025272,2899.823053450703,2899.823053450713,-1.000444171950221e-11
21517,8,Recent Low-Value Customers,296.28340000000003,0.0,0.11380022563025272,2899.823053450703,2899.823053450713,-1.000444171950221e-11
15561,8,Recent Low-Value Customers,296.28340000000003,0.0,0.11380022563025272,2899.823053450703,2899.823053450713,-1.000444171950221e-11
27370,8,Recent Low-Value Customers,296.28340000000003,0.0,0.11380022563025272,2899.823053450703,2899.823053450713,-1.000444171950221e-11
27371,8,Recent Low-Value Customers,296.28340000000003,0.0,0.11380022563025272,2899.823053450703,2899.823053450713,-1.000444171950221e-11
26663,8,Recent Low-Value Customers,296.28340000000003,0.0,0.11380022563025272,2899.823053450703,2899.823053450713,-1.000444171950221e-11
26743,8,Recent Low-Value Customers,296.28340000000003,0.0,0.11380022563025272,2899.823053450703,2899.823053450713,-1.000444171950221e-11
27406,8,Recent Low-Value Customers,296.28340000000003,0.0,0.11380022563025272,2899.823053450703,2899.823053450713,-1.000444171950221e-11
21545,8,Recent Low-Value Customers,296.28340000000003,0.0,0.11380022563025272,2899.823053450703,2899.823053450713,-1.000444171950221e-11
26744,8,Recent Low-Value Customers,296.28340000000003,0.0,0.11380022563025272,2899.823053450703,2899.823053450713,-1.000444171950221e-11
15527,8,Recent Low-Value Customers,296.28340000000003,0.0,0.11380022563025272,2899.823053450703,2899.823053450713,-1.000444171950221e-11
15528,8,Recent Low-Value Customers,296.28340000000003,0.0,0.11380022563025272,2899.823053450703,2899.823053450713,-1.000444171950221e-11
21540,8,Recent Low-Value Customers,296.28340000000003,0.0,0.11380022563025272,2899.823053450703,2899.823053450713,-1.000444171950221e-11
21669,8,Recent Low-Value Customers,296.28340000000003,0.0,0.11380022563025272,2899.823053450703,2899.823053450713,-1.000444171950221e-11
26745,8,Recent Low-Value Customers,296.28340000000003,0.0,0.11380022563025272,2899.823053450703,2899.823053450713,-1.000444171950221e-11
26746,8,Recent Low-Value Customers,296.28340000000003,0.0,0.11380022563025272,2899.823053450703,2899.823053450713,-1.000444171950221e-11
26747,8,Recent Low-Value Customers,296.28340000000003,0.0,0.11380022563025272,2899.823053450703,2899.823053450713,-1.000444171950221e-11
27404,8,Recent Low-Value Customers,296.28340000000003,0.0,0.11380022563025272,2899.823053450703,2899.823053450713,-1.000444171950221e-11
26748,8,Recent Low-Value Customers,296.28340000000003,0.0,0.11380022563025272,2899.823053450703,2899.736726822286,0.08632662841682759
20843,8,Recent Low-Value Customers,296.28340000000003,0.0,0.11380022563025272,2899.823053450703,2899.736726822286,0.08632662841682759
19324,8,Recent Low-Value Customers,296.28340000000003,0.0,0.11380022563025272,2899.823053450703,2899.736726822286,0.08632662841682759
27536,8,Recent Low-Value Customers,296.28340000000003,0.0,0.11380022563025272,2899.823053450703,2899.714955666572,0.10809778413067761
27545,8,Recent Low-Value Customers,296.28340000000003,0.0,0.11380022563025272,2899.823053450703,2899.714955666572,0.10809778413067761
27550,8,Recent Low-Value Customers,296.28340000000003,0.0,0.11380022563025272,2899.823053450703,2899.714955666572,0.10809778413067761
27613,8,Recent Low-Value Customers,296.28340000000003,0.0,0.11380022563025272,2899.823053450703,2899.6068578824315,0.21619556827135966
27602,8,Recent Low-Value Customers,296.28340000000003,0.0,0.11380022563025272,2899.823053450703,2899.6068578824315,0.21619556827135966
15985,8,Recent Low-Value Customers,296.28340000000003,0.0,0.11380022563025272,2899.823053450703,2897.840598846168,1.9824546045347233
19943,8,Recent Low-Value Customers,296.28340000000003,0.0,0.11380022563025272,2899.823053450703,2897.840598846168,1.9824546045347233
27494,8,Recent Low-Value Customers,296.28340000000003,0.0,0.11380022563025272,2899.823053450703,2897.840598846168,1.9824546045347233
27500,8,Recent Low-Value Customers,296.28340000000003,0.0,0.11380022563025272,2899.823053450703,2897.840598846168,1.9824546045347233
15959,8,Recent Low-Value Customers,296.28340000000003,0.0,0.11380022563025272,2899.823053450703,2887.1186830912275,12.704370359475433
15992,8,Recent Low-Value Customers,296.28340000000003,0.0,0.11380022563025272,2899.823053450703,2885.4976042452345,14.32544920546843
14297,8,Recent Low-Value Customers,287.3577,0.0,0.11380022563025272,2812.464292790521,2841.5087060266906,-29.044413236169476
25010,8,Recent Low-Value Customers,287.3577,0.0,0.11380022563025272,2812.464292790521,2816.5915686860044,-4.127275895483308
26582,8,Recent Low-Value Customers,287.3577,0.0,0.11380022563025272,2812.464292790521,2813.0290718397446,-0.564779049223489
26615,8,Recent Low-Value Customers,287.3577,0.0,0.11380022563025272,2812.464292790521,2812.9540715391586,-0.48977874863749093
26572,8,Recent Low-Value Customers,287.3577,0.0,0.11380022563025272,2812.464292790521,2812.9540715391586,-0.48977874863749093
26533,8,Recent Low-Value Customers,287.3577,0.0,0.11380022563025272,2812.464292790521,2812.9540715391586,-0.48977874863749093
25119,8,Recent Low-Value Customers,287.3577,0.0,0.11380022563025272,2812.464292790521,2812.4642927905106,1.0459189070388675e-11
25231,8,Recent Low-Value Customers,287.3577,0.0,0.11380022563025272,2812.464292790521,2812.4642927905106,1.0459189070388675e-11
25029,8,Recent Low-Value Customers,287.3577,0.0,0.11380022563025272,2812.464292790521,2812.4642927905106,1.0459189070388675e-11
25229,8,Recent Low-Value Customers,287.3577,0.0,0.11380022563025272,2812.464292790521,2812.4642927905106,1.0459189070388675e-11
25120,8,Recent Low-Value Customers,287.3577,0.0,0.11380022563025272,2812.464292790521,2812.4642927905106,1.0459189070388675e-11
25030,8,Recent Low-Value Customers,287.3577,0.0,0.11380022563025272,2812.464292790521,2812.4642927905106,1.0459189070388675e-11
25053,8,Recent Low-Value Customers,287.3577,0.0,0.11380022563025272,2812.464292790521,2812.4642927905106,1.0459189070388675e-11
25243,8,Recent Low-Value Customers,287.3577,0.0,0.11380022563025272,2812.464292790521,2812.4642927905106,1.0459189070388675e-11
25242,8,Recent Low-Value Customers,287.3577,0.0,0.11380022563025272,2812.464292790521,2812.4642927905106,1.0459189070388675e-11
25057,8,Recent Low-Value Customers,287.3577,0.0,0.11380022563025272,2812.464292790521,2812.4642927905106,1.0459189070388675e-11
25121,8,Recent Low-Value Customers,287.3577,0.0,0.11380022563025272,2812.464292790521,2812.4642927905106,1.0459189070388675e-11
25052,8,Recent Low-Value Customers,287.3577,0.0,0.11380022563025272,2812.464292790521,2812.4642927905106,1.0459189070388675e-11
19471,8,Recent Low-Value Customers,287.3577,0.0,0.11380022563025272,2812.464292790521,2812.4642927905106,1.0459189070388675e-11
25126,8,Recent Low-Value Customers,287.3577,0.0,0.11380022563025272,2812.464292790521,2812.4642927905106,1.0459189070388675e-11
25051,8,Recent Low-Value Customers,287.3577,0.0,0.11380022563025272,2812.464292790521,2812.4642927905106,1.0459189070388675e-11
25127,8,Recent Low-Value Customers,287.3577,0.0,0.11380022563025272,2812.464292790521,2812.4642927905106,1.0459189070388675e-11
25037,8,Recent Low-Value Customers,287.3577,0.0,0.11380022563025272,2812.464292790521,2812.4642927905106,1.0459189070388675e-11
25036,8,Recent Low-Value Customers,287.3577,0.0,0.11380022563025272,2812.464292790521,2812.4642927905106,1.0459189070388675e-11
25035,8,Recent Low-Value Customers,287.3577,0.0,0.11380022563025272,2812.464292790521,2812.4642927905106,1.0459189070388675e-11
25034,8,Recent Low-Value Customers,287.3577,0.0,0.11380022563025272,2812.464292790521,2812.4642927905106,1.0459189070388675e-11
25033,8,Recent Low-Value Customers,287.3577,0.0,0.11380022563025272,2812.464292790521,2812.4642927905106,1.0459189070388675e-11
25032,8,Recent Low-Value Customers,287.3577,0.0,0.11380022563025272,2812.464292790521,2812.4642927905106,1.0459189070388675e-11
25222,8,Recent Low-Value Customers,287.3577,0.0,0.11380022563025272,2812.464292790521,2812.4642927905106,1.0459189070388675e-11
25218,8,Recent Low-Value Customers,287.3577,0.0,0.11380022563025272,2812.464292790521,2812.4642927905106,1.0459189070388675e-11
25215,8,Recent Low-Value Customers,287.3577,0.0,0.11380022563025272,2812.464292790521,2812.4642927905106,1.0459189070388675e-11
25214,8,Recent Low-Value Customers,287.3577,0.0,0.11380022563025272,2812.464292790521,2812.4642927905106,1.0459189070388675e-11
25213,8,Recent Low-Value Customers,287.3577,0.0,0.11380022563025272,2812.464292790521,2812.4642927905106,1.0459189070388675e-11
25138,8,Recent Low-Value Customers,287.3577,0.0,0.11380022563025272,2812.464292790521,2812.4642927905106,1.0459189070388675e-11
25133,8,Recent Low-Value Customers,287.3577,0.0,0.11380022563025272,2812.464292790521,2812.4642927905106,1.0459189070388675e-11
25115,8,Recent Low-Value Customers,287.3577,0.0,0.11380022563025272,2812.464292790521,2812.4642927905106,1.0459189070388675e-11
25221,8,Recent Low-Value Customers,287.3577,0.0,0.11380022563025272,2812.464292790521,2812.4642927905106,1.0459189070388675e-11
14498,8,Recent Low-Value Customers,287.3577,0.0,0.11380022563025272,2812.464292790521,2812.4642927905106,1.0459189070388675e-11
25114,8,Recent Low-Value Customers,287.3577,0.0,0.11380022563025272,2812.464292790521,2812.4642927905106,1.0459189070388675e-11
25113,8,Recent Low-Value Customers,287.3577,0.0,0.11380022563025272,2812.464292790521,2812.4642927905106,1.0459189070388675e-11
14421,8,Recent Low-Value Customers,287.3577,0.0,0.11380022563025272,2812.464292790521,2812.4642927905106,1.0459189070388675e-11
14382,8,Recent Low-Value Customers,287.3577,0.0,0.11380022563025272,2812.464292790521,2812.4642927905106,1.0459189070388675e-11
14381,8,Recent Low-Value Customers,287.3577,0.0,0.11380022563025272,2812.464292790521,2812.4642927905106,1.0459189070388675e-11
14379,8,Recent Low-Value Customers,287.3577,0.0,0.11380022563025272,2812.464292790521,2812.4642927905106,1.0459189070388675e-11
14337,8,Recent Low-Value Customers,287.3577,0.0,0.11380022563025272,2812.464292790521,2812.4642927905106,1.0459189070388675e-11
14342,8,Recent Low-Value Customers,287.3577,0.0,0.11380022563025272,2812.464292790521,2812.4642927905106,1.0459189070388675e-11
14343,8,Recent Low-Value Customers,287.3577,0.0,0.11380022563025272,2812.464292790521,2812.4642927905106,1.0459189070388675e-11
14354,8,Recent Low-Value Customers,287.3577,0.0,0.11380022563025272,2812.464292790521,2812.4642927905106,1.0459189070388675e-11
14355,8,Recent Low-Value Customers,287.3577,0.0,0.11380022563025272,2812.464292790521,2812.4642927905106,1.0459189070388675e-11
14356,8,Recent Low-Value Customers,287.3577,0.0,0.11380022563025272,2812.464292790521,2812.4642927905106,1.0459189070388675e-11
14357,8,Recent Low-Value Customers,287.3577,0.0,0.11380022563025272,2812.464292790521,2812.4642927905106,1.0459189070388675e-11
14362,8,Recent Low-Value Customers,287.3577,0.0,0.11380022563025272,2812.464292790521,2812.4642927905106,1.0459189070388675e-11
14364,8,Recent Low-Value Customers,287.3577,0.0,0.11380022563025272,2812.464292790521,2812.4642927905106,1.0459189070388675e-11
14365,8,Recent Low-Value Customers,287.3577,0.0,0.11380022563025272,2812.464292790521,2812.4642927905106,1.0459189070388675e-11
14366,8,Recent Low-Value Customers,287.3577,0.0,0.11380022563025272,2812.464292790521,2812.4642927905106,1.0459189070388675e-11
14420,8,Recent Low-Value Customers,287.3577,0.0,0.11380022563025272,2812.464292790521,2812.4642927905106,1.0459189070388675e-11
14419,8,Recent Low-Value Customers,287.3577,0.0,0.11380022563025272,2812.464292790521,2812.4642927905106,1.0459189070388675e-11
14418,8,Recent Low-Value Customers,287.3577,0.0,0.11380022563025272,2812.464292790521,2812.4642927905106,1.0459189070388675e-11
14398,8,Recent Low-Value Customers,287.3577,0.0,0.11380022563025272,2812.464292790521,2812.4642927905106,1.0459189070388675e-11
14290,8,Recent Low-Value Customers,287.3577,0.0,0.11380022563025272,2812.464292790521,2812.4642927905106,1.0459189070388675e-11
14334,8,Recent Low-Value Customers,287.3577,0.0,0.11380022563025272,2812.464292790521,2812.4642927905106,1.0459189070388675e-11
14385,8,Recent Low-Value Customers,287.3577,0.0,0.11380022563025272,2812.464292790521,2812.4642927905106,1.0459189070388675e-11
14386,8,Recent Low-Value Customers,287.3577,0.0,0.11380022563025272,2812.464292790521,2812.4642927905106,1.0459189070388675e-11
14392,8,Recent Low-Value Customers,287.3577,0.0,0.11380022563025272,2812.464292790521,2812.4642927905106,1.0459189070388675e-11
14394,8,Recent Low-Value Customers,287.3577,0.0,0.11380022563025272,2812.464292790521,2812.4642927905106,1.0459189070388675e-11
14400,8,Recent Low-Value Customers,287.3577,0.0,0.11380022563025272,2812.464292790521,2812.4642927905106,1.0459189070388675e-11
14417,8,Recent Low-Value Customers,287.3577,0.0,0.11380022563025272,2812.464292790521,2812.4642927905106,1.0459189070388675e-11
14406,8,Recent Low-Value Customers,287.3577,0.0,0.11380022563025272,2812.464292790521,2812.4642927905106,1.0459189070388675e-11
14411,8,Recent Low-Value Customers,287.3577,0.0,0.11380022563025272,2812.464292790521,2812.4642927905106,1.0459189070388675e-11
14412,8,Recent Low-Value Customers,287.3577,0.0,0.11380022563025272,2812.464292790521,2812.4642927905106,1.0459189070388675e-11
14413,8,Recent Low-Value Customers,287.3577,0.0,0.11380022563025272,2812.464292790521,2812.4642927905106,1.0459189070388675e-11
14414,8,Recent Low-Value Customers,287.3577,0.0,0.11380022563025272,2812.464292790521,2812.4642927905106,1.0459189070388675e-11
14415,8,Recent Low-Value Customers,287.3577,0.0,0.11380022563025272,2812.464292790521,2812.4642927905106,1.0459189070388675e-11
14367,8,Recent Low-Value Customers,287.3577,0.0,0.11380022563025272,2812.464292790521,2812.4642927905106,1.0459189070388675e-11
14374,8,Recent Low-Value Customers,287.3577,0.0,0.11380022563025272,2812.464292790521,2812.4642927905106,1.0459189070388675e-11
14377,8,Recent Low-Value Customers,287.3577,0.0,0.11380022563025272,2812.464292790521,2812.4642927905106,1.0459189070388675e-11
14471,8,Recent Low-Value Customers,287.3577,0.0,0.11380022563025272,2812.464292790521,2812.4642927905106,1.0459189070388675e-11
14451,8,Recent Low-Value Customers,287.3577,0.0,0.11380022563025272,2812.464292790521,2812.4642927905106,1.0459189070388675e-11
14453,8,Recent Low-Value Customers,287.3577,0.0,0.11380022563025272,2812.464292790521,2812.4642927905106,1.0459189070388675e-11
14456,8,Recent Low-Value Customers,287.3577,0.0,0.11380022563025272,2812.464292790521,2812.4642927905106,1.0459189070388675e-11
14457,8,Recent Low-Value Customers,287.3577,0.0,0.11380022563025272,2812.464292790521,2812.4642927905106,1.0459189070388675e-11
14464,8,Recent Low-Value Customers,287.3577,0.0,0.11380022563025272,2812.464292790521,2812.4642927905106,1.0459189070388675e-11
14470,8,Recent Low-Value Customers,287.3577,0.0,0.11380022563025272,2812.464292790521,2812.4642927905106,1.0459189070388675e-11
14473,8,Recent Low-Value Customers,287.3577,0.0,0.11380022563025272,2812.464292790521,2812.4642927905106,1.0459189070388675e-11
14448,8,Recent Low-Value Customers,287.3577,0.0,0.11380022563025272,2812.464292790521,2812.4642927905106,1.0459189070388675e-11
14452,8,Recent Low-Value Customers,287.3577,0.0,0.11380022563025272,2812.464292790521,2812.4642927905106,1.0459189070388675e-11
25106,8,Recent Low-Value Customers,287.3577,0.0,0.11380022563025272,2812.464292790521,2812.4642927905106,1.0459189070388675e-11
25107,8,Recent Low-Value Customers,287.3577,0.0,0.11380022563025272,2812.464292790521,2812.4642927905106,1.0459189070388675e-11
25108,8,Recent Low-Value Customers,287.3577,0.0,0.11380022563025272,2812.464292790521,2812.4642927905106,1.0459189070388675e-11
25111,8,Recent Low-Value Customers,287.3577,0.0,0.11380022563025272,2812.464292790521,2812.4642927905106,1.0459189070388675e-11
25112,8,Recent Low-Value Customers,287.3577,0.0,0.11380022563025272,2812.464292790521,2812.4642927905106,1.0459189070388675e-11
14449,8,Recent Low-Value Customers,287.3577,0.0,0.11380022563025272,2812.464292790521,2812.4642927905106,1.0459189070388675e-11
14447,8,Recent Low-Value Customers,287.3577,0.0,0.11380022563025272,2812.464292790521,2812.4642927905106,1.0459189070388675e-11
14378,8,Recent Low-Value Customers,287.3577,0.0,0.11380022563025272,2812.464292790521,2812.4642927905106,1.0459189070388675e-11
14484,8,Recent Low-Value Customers,287.3577,0.0,0.11380022563025272,2812.464292790521,2812.4642927905106,1.0459189070388675e-11
14380,8,Recent Low-Value Customers,287.3577,0.0,0.11380022563025272,2812.464292790521,2812.4642927905106,1.0459189070388675e-11
14486,8,Recent Low-Value Customers,287.3577,0.0,0.11380022563025272,2812.464292790521,2812.4642927905106,1.0459189070388675e-11
14494,8,Recent Low-Value Customers,287.3577,0.0,0.11380022563025272,2812.464292790521,2812.4642927905106,1.0459189070388675e-11
14495,8,Recent Low-Value Customers,287.3577,0.0,0.11380022563025272,2812.464292790521,2812.4642927905106,1.0459189070388675e-11
25225,8,Recent Low-Value Customers,287.3577,0.0,0.11380022563025272,2812.464292790521,2812.4642927905106,1.0459189070388675e-11
14485,8,Recent Low-Value Customers,287.3577,0.0,0.11380022563025272,2812.464292790521,2812.4642927905106,1.0459189070388675e-11
14481,8,Recent Low-Value Customers,287.3577,0.0,0.11380022563025272,2812.464292790521,2812.4642927905106,1.0459189070388675e-11
14442,8,Recent Low-Value Customers,287.3577,0.0,0.11380022563025272,2812.464292790521,2812.4642927905106,1.0459189070388675e-11
14477,8,Recent Low-Value Customers,287.3577,0.0,0.11380022563025272,2812.464292790521,2812.4642927905106,1.0459189070388675e-11
14433,8,Recent Low-Value Customers,287.3577,0.0,0.11380022563025272,2812.464292790521,2812.4642927905106,1.0459189070388675e-11
14434,8,Recent Low-Value Customers,287.3577,0.0,0.11380022563025272,2812.464292790521,2812.4642927905106,1.0459189070388675e-11
14438,8,Recent Low-Value Customers,287.3577,0.0,0.11380022563025272,2812.464292790521,2812.4642927905106,1.0459189070388675e-11
14439,8,Recent Low-Value Customers,287.3577,0.0,0.11380022563025272,2812.464292790521,2812.4642927905106,1.0459189070388675e-11
14440,8,Recent Low-Value Customers,287.3577,0.0,0.11380022563025272,2812.464292790521,2812.4642927905106,1.0459189070388675e-11
25235,8,Recent Low-Value Customers,287.3577,0.0,0.11380022563025272,2812.464292790521,2812.4642927905106,1.0459189070388675e-11
19197,8,Recent Low-Value Customers,287.3577,0.0,0.11380022563025272,2812.464292790521,2812.4642927905106,1.0459189070388675e-11
17900,8,Recent Low-Value Customers,287.3577,0.0,0.11380022563025272,2812.464292790521,2812.4642927905106,1.0459189070388675e-11
19196,8,Recent Low-Value Customers,287.3577,0.0,0.11380022563025272,2812.464292790521,2812.4642927905106,1.0459189070388675e-11
17932,8,Recent Low-Value Customers,287.3577,0.0,0.11380022563025272,2812.464292790521,2812.4642927905106,1.0459189070388675e-11
17944,8,Recent Low-Value Customers,287.3577,0.0,0.11380022563025272,2812.464292790521,2812.4642927905106,1.0459189070388675e-11
17754,8,Recent Low-Value Customers,287.3577,0.0,0.11380022563025272,2812.464292790521,2812.4642927905106,1.0459189070388675e-11
17894,8,Recent Low-Value Customers,287.3577,0.0,0.11380022563025272,2812.464292790521,2812.4642927905106,1.0459189070388675e-11
17897,8,Recent Low-Value Customers,287.3577,0.0,0.11380022563025272,2812.464292790521,2812.4642927905106,1.0459189070388675e-11
17773,8,Recent Low-Value Customers,287.3577,0.0,0.11380022563025272,2812.464292790521,2812.4642927905106,1.0459189070388675e-11
19911,8,Recent Low-Value Customers,287.3577,0.0,0.11380022563025272,2812.464292790521,2812.4642927905106,1.0459189070388675e-11
19912,8,Recent Low-Value Customers,287.3577,0.0,0.11380022563025272,2812.464292790521,2812.4642927905106,1.0459189070388675e-11
19916,8,Recent Low-Value Customers,287.3577,0.0,0.11380022563025272,2812.464292790521,2812.4642927905106,1.0459189070388675e-11
19917,8,Recent Low-Value Customers,287.3577,0.0,0.11380022563025272,2812.464292790521,2812.4642927905106,1.0459189070388675e-11
19918,8,Recent Low-Value Customers,287.3577,0.0,0.11380022563025272,2812.464292790521,2812.4642927905106,1.0459189070388675e-11
19940,8,Recent Low-Value Customers,287.3577,0.0,0.11380022563025272,2812.464292790521,2812.4642927905106,1.0459189070388675e-11
19440,8,Recent Low-Value Customers,287.3577,0.0,0.11380022563025272,2812.464292790521,2812.4642927905106,1.0459189070388675e-11
19479,8,Recent Low-Value Customers,287.3577,0.0,0.11380022563025272,2812.464292790521,2812.4642927905106,1.0459189070388675e-11
19493,8,Recent Low-Value Customers,287.3577,0.0,0.11380022563025272,2812.464292790521,2812.4642927905106,1.0459189070388675e-11
17752,8,Recent Low-Value Customers,287.3577,0.0,0.11380022563025272,2812.464292790521,2812.4642927905106,1.0459189070388675e-11
17739,8,Recent Low-Value Customers,287.3577,0.0,0.11380022563025272,2812.464292790521,2812.4642927905106,1.0459189070388675e-11
17885,8,Recent Low-Value Customers,287.3577,0.0,0.11380022563025272,2812.464292790521,2812.4642927905106,1.0459189070388675e-11
17779,8,Recent Low-Value Customers,287.3577,0.0,0.11380022563025272,2812.464292790521,2812.4642927905106,1.0459189070388675e-11
19283,8,Recent Low-Value Customers,287.3577,0.0,0.11380022563025272,2812.464292790521,2812.4642927905106,1.0459189070388675e-11
19284,8,Recent Low-Value Customers,287.3577,0.0,0.11380022563025272,2812.464292790521,2812.4642927905106,1.0459189070388675e-11
19285,8,Recent Low-Value Customers,287.3577,0.0,0.11380022563025272,2812.464292790521,2812.4642927905106,1.0459189070388675e-11
25020,8,Recent Low-Value Customers,287.3577,0.0,0.11380022563025272,2812.464292790521,2812.4642927905106,1.0459189070388675e-11
17830,8,Recent Low-Value Customers,287.3577,0.0,0.11380022563025272,2812.464292790521,2812.4642927905106,1.0459189070388675e-11
19314,8,Recent Low-Value Customers,287.3577,0.0,0.11380022563025272,2812.464292790521,2812.4642927905106,1.0459189070388675e-11
19311,8,Recent Low-Value Customers,287.3577,0.0,0.11380022563025272,2812.464292790521,2812.4642927905106,1.0459189070388675e-11
17950,8,Recent Low-Value Customers,287.3577,0.0,0.11380022563025272,2812.464292790521,2812.4642927905106,1.0459189070388675e-11
17827,8,Recent Low-Value Customers,287.3577,0.0,0.11380022563025272,2812.464292790521,2812.4642927905106,1.0459189070388675e-11
17778,8,Recent Low-Value Customers,287.3577,0.0,0.11380022563025272,2812.464292790521,2812.4642927905106,1.0459189070388675e-11
17775,8,Recent Low-Value Customers,287.3577,0.0,0.11380022563025272,2812.464292790521,2812.4642927905106,1.0459189070388675e-11
19294,8,Recent Low-Value Customers,287.3577,0.0,0.11380022563025272,2812.464292790521,2812.4642927905106,1.0459189070388675e-11
17787,8,Recent Low-Value Customers,287.3577,0.0,0.11380022563025272,2812.464292790521,2812.4642927905106,1.0459189070388675e-11
17756,8,Recent Low-Value Customers,287.3577,0.0,0.11380022563025272,2812.464292790521,2812.4642927905106,1.0459189070388675e-11
17770,8,Recent Low-Value Customers,287.3577,0.0,0.11380022563025272,2812.464292790521,2812.4642927905106,1.0459189070388675e-11
19188,8,Recent Low-Value Customers,287.3577,0.0,0.11380022563025272,2812.464292790521,2812.4642927905106,1.0459189070388675e-11
19499,8,Recent Low-Value Customers,287.3577,0.0,0.11380022563025272,2812.464292790521,2812.4642927905106,1.0459189070388675e-11
19065,8,Recent Low-Value Customers,287.3577,0.0,0.11380022563025272,2812.464292790521,2812.4642927905106,1.0459189070388675e-11
19467,8,Recent Low-Value Customers,287.3577,0.0,0.11380022563025272,2812.464292790521,2812.4642927905106,1.0459189070388675e-11
25021,8,Recent Low-Value Customers,287.3577,0.0,0.11380022563025272,2812.464292790521,2812.4642927905106,1.0459189070388675e-11
19254,8,Recent Low-Value Customers,287.3577,0.0,0.11380022563025272,2812.464292790521,2812.4642927905106,1.0459189070388675e-11
19257,8,Recent Low-Value Customers,287.3577,0.0,0.11380022563025272,2812.464292790521,2812.4642927905106,1.0459189070388675e-11
19459,8,Recent Low-Value Customers,287.3577,0.0,0.11380022563025272,2812.464292790521,2812.4642927905106,1.0459189070388675e-11
19455,8,Recent Low-Value Customers,287.3577,0.0,0.11380022563025272,2812.464292790521,2812.4642927905106,1.0459189070388675e-11
19274,8,Recent Low-Value Customers,287.3577,0.0,0.11380022563025272,2812.464292790521,2812.4642927905106,1.0459189070388675e-11
17766,8,Recent Low-Value Customers,287.3577,0.0,0.11380022563025272,2812.464292790521,2812.4642927905106,1.0459189070388675e-11
19500,8,Recent Low-Value Customers,287.3577,0.0,0.11380022563025272,2812.464292790521,2812.4642927905106,1.0459189070388675e-11
17831,8,Recent Low-Value Customers,287.3577,0.0,0.11380022563025272,2812.464292790521,2812.4642927905106,1.0459189070388675e-11
17834,8,Recent Low-Value Customers,287.3577,0.0,0.11380022563025272,2812.464292790521,2812.4642927905106,1.0459189070388675e-11
25022,8,Recent Low-Value Customers,287.3577,0.0,0.11380022563025272,2812.464292790521,2812.4642927905106,1.0459189070388675e-11
19477,8,Recent Low-Value Customers,287.3577,0.0,0.11380022563025272,2812.464292790521,2812.4642927905106,1.0459189070388675e-11
19067,8,Recent Low-Value Customers,287.3577,0.0,0.11380022563025272,2812.464292790521,2812.4642927905106,1.0459189070388675e-11
19448,8,Recent Low-Value Customers,287.3577,0.0,0.11380022563025272,2812.464292790521,2812.4642927905106,1.0459189070388675e-11
17767,8,Recent Low-Value Customers,287.3577,0.0,0.11380022563025272,2812.464292790521,2812.4642927905106,1.0459189070388675e-11
19510,8,Recent Low-Value Customers,287.3577,0.0,0.11380022563025272,2812.464292790521,2812.4642927905106,1.0459189070388675e-11
19502,8,Recent Low-Value Customers,287.3577,0.0,0.11380022563025272,2812.464292790521,2812.4642927905106,1.0459189070388675e-11
19035,8,Recent Low-Value Customers,287.3577,0.0,0.11380022563025272,2812.464292790521,2812.4642927905106,1.0459189070388675e-11
19038,8,Recent Low-Value Customers,287.3577,0.0,0.11380022563025272,2812.464292790521,2812.4642927905106,1.0459189070388675e-11
19040,8,Recent Low-Value Customers,287.3577,0.0,0.11380022563025272,2812.464292790521,2812.4642927905106,1.0459189070388675e-11
19046,8,Recent Low-Value Customers,287.3577,0.0,0.11380022563025272,2812.464292790521,2812.4642927905106,1.0459189070388675e-11
19057,8,Recent Low-Value Customers,287.3577,0.0,0.11380022563025272,2812.464292790521,2812.4642927905106,1.0459189070388675e-11
19506,8,Recent Low-Value Customers,287.3577,0.0,0.11380022563025272,2812.464292790521,2812.4642927905106,1.0459189070388675e-11
17780,8,Recent Low-Value Customers,287.3577,0.0,0.11380022563025272,2812.464292790521,2812.4642927905106,1.0459189070388675e-11
19511,8,Recent Low-Value Customers,287.3577,0.0,0.11380022563025272,2812.464292790521,2812.4642927905106,1.0459189070388675e-11
19286,8,Recent Low-Value Customers,287.3577,0.0,0.11380022563025272,2812.464292790521,2812.3064109428237,0.1578818476973538
26529,8,Recent Low-Value Customers,287.3577,0.0,0.11380022563025272,2812.464292790521,2811.8817646207403,0.5825281697807441
19321,8,Recent Low-Value Customers,287.3577,0.0,0.11380022563025272,2812.464292790521,2811.832765399763,0.6315273907580377
19298,8,Recent Low-Value Customers,287.3577,0.0,0.11380022563025272,2812.464292790521,2811.832765399763,0.6315273907580377
19288,8,Recent Low-Value Customers,287.3577,0.0,0.11380022563025272,2812.464292790521,2811.832765399763,0.6315273907580377
19316,8,Recent Low-Value Customers,287.3577,0.0,0.11380022563025272,2812.464292790521,2811.832765399763,0.6315273907580377
19289,8,Recent Low-Value Customers,287.3577,0.0,0.11380022563025272,2812.464292790521,2811.832765399763,0.6315273907580377
14292,8,Recent Low-Value Customers,287.3577,0.0,0.11380022563025272,2812.464292790521,2811.391985872093,1.0723069184282394
19030,8,Recent Low-Value Customers,287.3577,0.0,0.11380022563025272,2812.464292790521,2811.391985872093,1.0723069184282394
25011,8,Recent Low-Value Customers,287.3577,0.0,0.11380022563025272,2812.464292790521,2811.391985872093,1.0723069184282394
25234,8,Recent Low-Value Customers,287.3577,0.0,0.11380022563025272,2812.464292790521,2807.0264746077673,5.437818182753745
14461,8,Recent Low-Value Customers,287.3577,0.0,0.11380022563025272,2812.464292790521,2807.0264746077673,5.437818182753745
17891,8,Recent Low-Value Customers,287.3577,0.0,0.11380022563025272,2812.464292790521,2804.2060554628306,8.258237327690495
25226,8,Recent Low-Value Customers,287.3577,0.0,0.11380022563025272,2812.464292790521,2797.4989323484774,14.965360442043675
25228,8,Recent Low-Value Customers,287.3577,0.0,0.11380022563025272,2812.464292790521,2797.4989323484774,14.965360442043675
25240,8,Recent Low-Value Customers,287.3577,0.0,0.11380022563025272,2812.464292790521,2796.7350655913765,15.729227199144589
14472,8,Recent Low-Value Customers,287.3577,0.0,0.11380022563025272,2812.464292790521,2783.5402056782914,28.9240871122297
16098,8,Recent Low-Value Customers,289.6566,0.0,0.11380022563025272,2834.9643829662714,2778.3532778078347,56.61110515843666
27765,8,Recent Low-Value Customers,280.90520000000004,0.0,0.11380022563025272,2749.3115537157346,2709.834015050039,39.47753866569565
18957,8,Recent Low-Value Customers,271.9651,0.0,0.11380022563025272,2661.8118555208484,2647.1595289063725,14.652326614475896
30054,4,Frequent Low-Spend Customers,115.58020000000005,0.0,0.07773582937909708,1602.413246269385,2612.169740584299,-1009.7564943149139
29484,3,Inactive Low-Value Customers,1156.146305000003,0.23809523809523808,0.10790077545642739,3702.052444772801,2607.003728877371,1095.0487158954302
29688,1,High Value but Cooling,223.74570000000003,0.0,0.12413778410416021,2026.1437499946887,2591.076003447653,-564.9322534529642
18958,8,Recent Low-Value Customers,261.1979,0.0,0.11380022563025272,2556.4297288775256,2490.383228933487,66.04649994403871
15549,8,Recent Low-Value Customers,263.0258,0.0,0.11380022563025272,2574.319987189002,2488.068059543878,86.25192764512394
29356,8,Recent Low-Value Customers,252.0418,0.0,0.11380022563025272,2466.8159676620808,2482.9596843541603,-16.14371669207958
27745,8,Recent Low-Value Customers,244.84279999999998,0.0,0.11380022563025272,2396.3569876389283,2424.09905223022,-27.742064591291637
29745,1,High Value but Cooling,215.59969999999998,0.0,0.12413778410416021,1952.3771167701987,2414.4233205447117,-462.04620377451306
21488,8,Recent Low-Value Customers,238.4932,0.0,0.11380022563025272,2334.2113646975467,2382.696438815052,-48.485074117505064
27744,8,Recent Low-Value Customers,240.0392,0.0,0.11380022563025272,2349.342575020619,2381.1019105379823,-31.759335517363525
22441,8,Recent Low-Value Customers,229.0632,0.0,0.11380022563025272,2241.916854124089,2299.0558718768198,-57.13901775273098
19027,2,Inactive Minimal Buyers,212.39160000000004,0.0,0.10294761225463797,2275.495302440961,2293.3816700016937,-17.88636756073265
25946,2,Inactive Minimal Buyers,212.39160000000004,0.0,0.10294761225463797,2275.495302440961,2286.952735461444,-11.457433020482767
25940,2,Inactive Minimal Buyers,212.39160000000004,0.0,0.10294761225463797,2275.495302440961,2276.5871198286554,-1.091817387694391
15005,2,Inactive Minimal Buyers,212.39160000000004,0.0,0.10294761225463797,2275.495302440961,2276.1649809826877,-0.6696785417266256
14913,2,Inactive Minimal Buyers,212.39160000000004,0.0,0.10294761225463797,2275.495302440961,2276.1649809826877,-0.6696785417266256
15023,2,Inactive Minimal Buyers,212.39160000000004,0.0,0.10294761225463797,2275.495302440961,2275.969260775166,-0.47395833420478084
19051,2,Inactive Minimal Buyers,212.39160000000004,0.0,0.10294761225463797,2275.495302440961,2275.969260775166,-0.47395833420478084
19028,2,Inactive Minimal Buyers,212.39160000000004,0.0,0.10294761225463797,2275.495302440961,2275.969260775166,-0.47395833420478084
25941,2,Inactive Minimal Buyers,212.39160000000004,0.0,0.10294761225463797,2275.495302440961,2275.969260775166,-0.47395833420478084
14657,2,Inactive Minimal Buyers,212.39160000000004,0.0,0.10294761225463797,2275.495302440961,2275.4953024409515,9.549694368615746e-12
19443,2,Inactive Minimal Buyers,212.39160000000004,0.0,0.10294761225463797,2275.495302440961,2275.4953024409515,9.549694368615746e-12
14660,2,Inactive Minimal Buyers,212.39160000000004,0.0,0.10294761225463797,2275.495302440961,2275.4953024409515,9.549694368615746e-12
14577,2,Inactive Minimal Buyers,212.39160000000004,0.0,0.10294761225463797,2275.495302440961,2275.4953024409515,9.549694368615746e-12
19429,2,Inactive Minimal Buyers,212.39160000000004,0.0,0.10294761225463797,2275.495302440961,2275.4953024409515,9.549694368615746e-12
19450,2,Inactive Minimal Buyers,212.39160000000004,0.0,0.10294761225463797,2275.495302440961,2275.4953024409515,9.549694368615746e-12
26630,2,Inactive Minimal Buyers,212.39160000000004,0.0,0.10294761225463797,2275.495302440961,2275.4953024409515,9.549694368615746e-12
19438,2,Inactive Minimal Buyers,212.39160000000004,0.0,0.10294761225463797,2275.495302440961,2275.4953024409515,9.549694368615746e-12
14645,2,Inactive Minimal Buyers,212.39160000000004,0.0,0.10294761225463797,2275.495302440961,2275.4953024409515,9.549694368615746e-12
14639,2,Inactive Minimal Buyers,212.39160000000004,0.0,0.10294761225463797,2275.495302440961,2275.4953024409515,9.549694368615746e-12
19453,2,Inactive Minimal Buyers,212.39160000000004,0.0,0.10294761225463797,2275.495302440961,2275.4953024409515,9.549694368615746e-12
14647,2,Inactive Minimal Buyers,212.39160000000004,0.0,0.10294761225463797,2275.495302440961,2275.4953024409515,9.549694368615746e-12
14750,2,Inactive Minimal Buyers,212.39160000000004,0.0,0.10294761225463797,2275.495302440961,2275.4953024409515,9.549694368615746e-12
14648,2,Inactive Minimal Buyers,212.39160000000004,0.0,0.10294761225463797,2275.495302440961,2275.4953024409515,9.549694368615746e-12
25944,2,Inactive Minimal Buyers,212.39160000000004,0.0,0.10294761225463797,2275.495302440961,2275.4953024409515,9.549694368615746e-12
14650,2,Inactive Minimal Buyers,212.39160000000004,0.0,0.10294761225463797,2275.495302440961,2275.4953024409515,9.549694368615746e-12
14643,2,Inactive Minimal Buyers,212.39160000000004,0.0,0.10294761225463797,2275.495302440961,2275.4953024409515,9.549694368615746e-12
19451,2,Inactive Minimal Buyers,212.39160000000004,0.0,0.10294761225463797,2275.495302440961,2275.4953024409515,9.549694368615746e-12
14746,2,Inactive Minimal Buyers,212.39160000000004,0.0,0.10294761225463797,2275.495302440961,2275.4953024409515,9.549694368615746e-12
14558,2,Inactive Minimal Buyers,212.39160000000004,0.0,0.10294761225463797,2275.495302440961,2275.4953024409515,9.549694368615746e-12
14636,2,Inactive Minimal Buyers,212.39160000000004,0.0,0.10294761225463797,2275.495302440961,2275.4953024409515,9.549694368615746e-12
26620,2,Inactive Minimal Buyers,212.39160000000004,0.0,0.10294761225463797,2275.495302440961,2275.4953024409515,9.549694368615746e-12
14651,2,Inactive Minimal Buyers,212.39160000000004,0.0,0.10294761225463797,2275.495302440961,2275.4953024409515,9.549694368615746e-12
26629,2,Inactive Minimal Buyers,212.39160000000004,0.0,0.10294761225463797,2275.495302440961,2275.4953024409515,9.549694368615746e-12
14747,2,Inactive Minimal Buyers,212.39160000000004,0.0,0.10294761225463797,2275.495302440961,2275.4953024409515,9.549694368615746e-12
14727,2,Inactive Minimal Buyers,212.39160000000004,0.0,0.10294761225463797,2275.495302440961,2275.4953024409515,9.549694368615746e-12
14652,2,Inactive Minimal Buyers,212.39160000000004,0.0,0.10294761225463797,2275.495302440961,2275.4953024409515,9.549694368615746e-12
14653,2,Inactive Minimal Buyers,212.39160000000004,0.0,0.10294761225463797,2275.495302440961,2275.4953024409515,9.549694368615746e-12
14656,2,Inactive Minimal Buyers,212.39160000000004,0.0,0.10294761225463797,2275.495302440961,2275.4953024409515,9.549694368615746e-12
14649,2,Inactive Minimal Buyers,212.39160000000004,0.0,0.10294761225463797,2275.495302440961,2275.4953024409515,9.549694368615746e-12
14737,2,Inactive Minimal Buyers,212.39160000000004,0.0,0.10294761225463797,2275.495302440961,2275.4953024409515,9.549694368615746e-12
19472,2,Inactive Minimal Buyers,212.39160000000004,0.0,0.10294761225463797,2275.495302440961,2275.4953024409515,9.549694368615746e-12
14613,2,Inactive Minimal Buyers,212.39160000000004,0.0,0.10294761225463797,2275.495302440961,2275.4953024409515,9.549694368615746e-12
19454,2,Inactive Minimal Buyers,212.39160000000004,0.0,0.10294761225463797,2275.495302440961,2275.4953024409515,9.549694368615746e-12
14757,2,Inactive Minimal Buyers,212.39160000000004,0.0,0.10294761225463797,2275.495302440961,2275.4953024409515,9.549694368615746e-12
14596,2,Inactive Minimal Buyers,212.39160000000004,0.0,0.10294761225463797,2275.495302440961,2275.4953024409515,9.549694368615746e-12
19420,2,Inactive Minimal Buyers,212.39160000000004,0.0,0.10294761225463797,2275.495302440961,2275.4953024409515,9.549694368615746e-12
14882,2,Inactive Minimal Buyers,212.39160000000004,0.0,0.10294761225463797,2275.495302440961,2275.4953024409515,9.549694368615746e-12
14610,2,Inactive Minimal Buyers,212.39160000000004,0.0,0.10294761225463797,2275.495302440961,2275.4953024409515,9.549694368615746e-12
14852,2,Inactive Minimal Buyers,212.39160000000004,0.0,0.10294761225463797,2275.495302440961,2275.4953024409515,9.549694368615746e-12
14603,2,Inactive Minimal Buyers,212.39160000000004,0.0,0.10294761225463797,2275.495302440961,2275.4953024409515,9.549694368615746e-12
14868,2,Inactive Minimal Buyers,212.39160000000004,0.0,0.10294761225463797,2275.495302440961,2275.4953024409515,9.549694368615746e-12
14755,2,Inactive Minimal Buyers,212.39160000000004,0.0,0.10294761225463797,2275.495302440961,2275.4953024409515,9.549694368615746e-12
26683,2,Inactive Minimal Buyers,212.39160000000004,0.0,0.10294761225463797,2275.495302440961,2275.4953024409515,9.549694368615746e-12
14754,2,Inactive Minimal Buyers,212.39160000000004,0.0,0.10294761225463797,2275.495302440961,2275.4953024409515,9.549694368615746e-12
14590,2,Inactive Minimal Buyers,212.39160000000004,0.0,0.10294761225463797,2275.495302440961,2275.4953024409515,9.549694368615746e-12
26692,2,Inactive Minimal Buyers,212.39160000000004,0.0,0.10294761225463797,2275.495302440961,2275.4953024409515,9.549694368615746e-12
14616,2,Inactive Minimal Buyers,212.39160000000004,0.0,0.10294761225463797,2275.495302440961,2275.4953024409515,9.549694368615746e-12
14879,2,Inactive Minimal Buyers,212.39160000000004,0.0,0.10294761225463797,2275.495302440961,2275.4953024409515,9.549694368615746e-12
26640,2,Inactive Minimal Buyers,212.39160000000004,0.0,0.10294761225463797,2275.495302440961,2275.4953024409515,9.549694368615746e-12
14580,2,Inactive Minimal Buyers,212.39160000000004,0.0,0.10294761225463797,2275.495302440961,2275.4953024409515,9.549694368615746e-12
14634,2,Inactive Minimal Buyers,212.39160000000004,0.0,0.10294761225463797,2275.495302440961,2275.4953024409515,9.549694368615746e-12
14591,2,Inactive Minimal Buyers,212.39160000000004,0.0,0.10294761225463797,2275.495302440961,2275.4953024409515,9.549694368615746e-12
14601,2,Inactive Minimal Buyers,212.39160000000004,0.0,0.10294761225463797,2275.495302440961,2275.4953024409515,9.549694368615746e-12
14753,2,Inactive Minimal Buyers,212.39160000000004,0.0,0.10294761225463797,2275.495302440961,2275.4953024409515,9.549694368615746e-12
14581,2,Inactive Minimal Buyers,212.39160000000004,0.0,0.10294761225463797,2275.495302440961,2275.4953024409515,9.549694368615746e-12
14602,2,Inactive Minimal Buyers,212.39160000000004,0.0,0.10294761225463797,2275.495302440961,2275.4953024409515,9.549694368615746e-12
14617,2,Inactive Minimal Buyers,212.39160000000004,0.0,0.10294761225463797,2275.495302440961,2275.4953024409515,9.549694368615746e-12
14881,2,Inactive Minimal Buyers,212.39160000000004,0.0,0.10294761225463797,2275.495302440961,2275.4953024409515,9.549694368615746e-12
14599,2,Inactive Minimal Buyers,212.39160000000004,0.0,0.10294761225463797,2275.495302440961,2275.4953024409515,9.549694368615746e-12
14883,2,Inactive Minimal Buyers,212.39160000000004,0.0,0.10294761225463797,2275.495302440961,2275.4953024409515,9.549694368615746e-12
14880,2,Inactive Minimal Buyers,212.39160000000004,0.0,0.10294761225463797,2275.495302440961,2275.4953024409515,9.549694368615746e-12
14520,2,Inactive Minimal Buyers,212.39160000000004,0.0,0.10294761225463797,2275.495302440961,2275.4953024409515,9.549694368615746e-12
14731,2,Inactive Minimal Buyers,212.39160000000004,0.0,0.10294761225463797,2275.495302440961,2275.4953024409515,9.549694368615746e-12
14738,2,Inactive Minimal Buyers,212.39160000000004,0.0,0.10294761225463797,2275.495302440961,2275.4953024409515,9.549694368615746e-12
14559,2,Inactive Minimal Buyers,212.39160000000004,0.0,0.10294761225463797,2275.495302440961,2275.4953024409515,9.549694368615746e-12
14510,2,Inactive Minimal Buyers,212.39160000000004,0.0,0.10294761225463797,2275.495302440961,2275.4953024409515,9.549694368615746e-12
14739,2,Inactive Minimal Buyers,212.39160000000004,0.0,0.10294761225463797,2275.495302440961,2275.4953024409515,9.549694368615746e-12
14560,2,Inactive Minimal Buyers,212.39160000000004,0.0,0.10294761225463797,2275.495302440961,2275.4953024409515,9.549694368615746e-12
14565,2,Inactive Minimal Buyers,212.39160000000004,0.0,0.10294761225463797,2275.495302440961,2275.4953024409515,9.549694368615746e-12
14735,2,Inactive Minimal Buyers,212.39160000000004,0.0,0.10294761225463797,2275.495302440961,2275.4953024409515,9.549694368615746e-12
14572,2,Inactive Minimal Buyers,212.39160000000004,0.0,0.10294761225463797,2275.495302440961,2275.4953024409515,9.549694368615746e-12
14734,2,Inactive Minimal Buyers,212.39160000000004,0.0,0.10294761225463797,2275.495302440961,2275.4953024409515,9.549694368615746e-12
14733,2,Inactive Minimal Buyers,212.39160000000004,0.0,0.10294761225463797,2275.495302440961,2275.4953024409515,9.549694368615746e-12
14740,2,Inactive Minimal Buyers,212.39160000000004,0.0,0.10294761225463797,2275.495302440961,2275.4953024409515,9.549694368615746e-12
14732,2,Inactive Minimal Buyers,212.39160000000004,0.0,0.10294761225463797,2275.495302440961,2275.4953024409515,9.549694368615746e-12
19432,2,Inactive Minimal Buyers,212.39160000000004,0.0,0.10294761225463797,2275.495302440961,2275.4953024409515,9.549694368615746e-12
14501,2,Inactive Minimal Buyers,212.39160000000004,0.0,0.10294761225463797,2275.495302440961,2275.4953024409515,9.549694368615746e-12
14756,2,Inactive Minimal Buyers,212.39160000000004,0.0,0.10294761225463797,2275.495302440961,2275.4953024409515,9.549694368615746e-12
14730,2,Inactive Minimal Buyers,212.39160000000004,0.0,0.10294761225463797,2275.495302440961,2275.4953024409515,9.549694368615746e-12
14662,2,Inactive Minimal Buyers,212.39160000000004,0.0,0.10294761225463797,2275.495302440961,2275.4953024409515,9.549694368615746e-12
14728,2,Inactive Minimal Buyers,212.39160000000004,0.0,0.10294761225463797,2275.495302440961,2275.4953024409515,9.549694368615746e-12
14744,2,Inactive Minimal Buyers,212.39160000000004,0.0,0.10294761225463797,2275.495302440961,2275.4953024409515,9.549694368615746e-12
14576,2,Inactive Minimal Buyers,212.39160000000004,0.0,0.10294761225463797,2275.495302440961,2275.4953024409515,9.549694368615746e-12
14726,2,Inactive Minimal Buyers,212.39160000000004,0.0,0.10294761225463797,2275.495302440961,2275.4953024409515,9.549694368615746e-12
14752,2,Inactive Minimal Buyers,212.39160000000004,0.0,0.10294761225463797,2275.495302440961,2275.4953024409515,9.549694368615746e-12
14646,2,Inactive Minimal Buyers,212.39160000000004,0.0,0.10294761225463797,2275.495302440961,2275.4953024409515,9.549694368615746e-12
14584,2,Inactive Minimal Buyers,212.39160000000004,0.0,0.10294761225463797,2275.495302440961,2275.4953024409515,9.549694368615746e-12
14585,2,Inactive Minimal Buyers,212.39160000000004,0.0,0.10294761225463797,2275.495302440961,2275.4953024409515,9.549694368615746e-12
19415,2,Inactive Minimal Buyers,212.39160000000004,0.0,0.10294761225463797,2275.495302440961,2275.4953024409515,9.549694368615746e-12
14614,2,Inactive Minimal Buyers,212.39160000000004,0.0,0.10294761225463797,2275.495302440961,2275.4953024409515,9.549694368615746e-12
26643,2,Inactive Minimal Buyers,212.39160000000004,0.0,0.10294761225463797,2275.495302440961,2275.4953024409515,9.549694368615746e-12
14741,2,Inactive Minimal Buyers,212.39160000000004,0.0,0.10294761225463797,2275.495302440961,2275.4953024409515,9.549694368615746e-12
19353,2,Inactive Minimal Buyers,212.39160000000004,0.0,0.10294761225463797,2275.495302440961,2275.4953024409515,9.549694368615746e-12
19365,2,Inactive Minimal Buyers,212.39160000000004,0.0,0.10294761225463797,2275.495302440961,2275.4953024409515,9.549694368615746e-12
25920,2,Inactive Minimal Buyers,212.39160000000004,0.0,0.10294761225463797,2275.495302440961,2275.4953024409515,9.549694368615746e-12
25921,2,Inactive Minimal Buyers,212.39160000000004,0.0,0.10294761225463797,2275.495302440961,2275.4953024409515,9.549694368615746e-12
25252,2,Inactive Minimal Buyers,212.39160000000004,0.0,0.10294761225463797,2275.495302440961,2275.4953024409515,9.549694368615746e-12
17987,2,Inactive Minimal Buyers,212.39160000000004,0.0,0.10294761225463797,2275.495302440961,2275.4953024409515,9.549694368615746e-12
17996,2,Inactive Minimal Buyers,212.39160000000004,0.0,0.10294761225463797,2275.495302440961,2275.4953024409515,9.549694368615746e-12
25270,2,Inactive Minimal Buyers,212.39160000000004,0.0,0.10294761225463797,2275.495302440961,2275.4953024409515,9.549694368615746e-12
25271,2,Inactive Minimal Buyers,212.39160000000004,0.0,0.10294761225463797,2275.495302440961,2275.4953024409515,9.549694368615746e-12
25272,2,Inactive Minimal Buyers,212.39160000000004,0.0,0.10294761225463797,2275.495302440961,2275.4953024409515,9.549694368615746e-12
25273,2,Inactive Minimal Buyers,212.39160000000004,0.0,0.10294761225463797,2275.495302440961,2275.4953024409515,9.549694368615746e-12
25559,2,Inactive Minimal Buyers,212.39160000000004,0.0,0.10294761225463797,2275.495302440961,2275.4953024409515,9.549694368615746e-12
18004,2,Inactive Minimal Buyers,212.39160000000004,0.0,0.10294761225463797,2275.495302440961,2275.4953024409515,9.549694368615746e-12
18008,2,Inactive Minimal Buyers,212.39160000000004,0.0,0.10294761225463797,2275.495302440961,2275.4953024409515,9.549694368615746e-12
25294,2,Inactive Minimal Buyers,212.39160000000004,0.0,0.10294761225463797,2275.495302440961,2275.4953024409515,9.549694368615746e-12
18009,2,Inactive Minimal Buyers,212.39160000000004,0.0,0.10294761225463797,2275.495302440961,2275.4953024409515,9.549694368615746e-12
18010,2,Inactive Minimal Buyers,212.39160000000004,0.0,0.10294761225463797,2275.495302440961,2275.4953024409515,9.549694368615746e-12
25555,2,Inactive Minimal Buyers,212.39160000000004,0.0,0.10294761225463797,2275.495302440961,2275.4953024409515,9.549694368615746e-12
20048,2,Inactive Minimal Buyers,212.39160000000004,0.0,0.10294761225463797,2275.495302440961,2275.4953024409515,9.549694368615746e-12
25922,2,Inactive Minimal Buyers,212.39160000000004,0.0,0.10294761225463797,2275.495302440961,2275.4953024409515,9.549694368615746e-12
19476,2,Inactive Minimal Buyers,212.39160000000004,0.0,0.10294761225463797,2275.495302440961,2275.4953024409515,9.549694368615746e-12
17999,2,Inactive Minimal Buyers,212.39160000000004,0.0,0.10294761225463797,2275.495302440961,2275.4953024409515,9.549694368615746e-12
25708,2,Inactive Minimal Buyers,212.39160000000004,0.0,0.10294761225463797,2275.495302440961,2275.4953024409515,9.549694368615746e-12
25709,2,Inactive Minimal Buyers,212.39160000000004,0.0,0.10294761225463797,2275.495302440961,2275.4953024409515,9.549694368615746e-12
18132,2,Inactive Minimal Buyers,212.39160000000004,0.0,0.10294761225463797,2275.495302440961,2275.4953024409515,9.549694368615746e-12
25560,2,Inactive Minimal Buyers,212.39160000000004,0.0,0.10294761225463797,2275.495302440961,2275.4953024409515,9.549694368615746e-12
18131,2,Inactive Minimal Buyers,212.39160000000004,0.0,0.10294761225463797,2275.495302440961,2275.4953024409515,9.549694368615746e-12
20042,2,Inactive Minimal Buyers,212.39160000000004,0.0,0.10294761225463797,2275.495302440961,2275.4953024409515,9.549694368615746e-12
17957,2,Inactive Minimal Buyers,212.39160000000004,0.0,0.10294761225463797,2275.495302440961,2275.4953024409515,9.549694368615746e-12
17982,2,Inactive Minimal Buyers,212.39160000000004,0.0,0.10294761225463797,2275.495302440961,2275.4953024409515,9.549694368615746e-12
17956,2,Inactive Minimal Buyers,212.39160000000004,0.0,0.10294761225463797,2275.495302440961,2275.4953024409515,9.549694368615746e-12
17973,2,Inactive Minimal Buyers,212.39160000000004,0.0,0.10294761225463797,2275.495302440961,2275.4953024409515,9.549694368615746e-12
25249,2,Inactive Minimal Buyers,212.39160000000004,0.0,0.10294761225463797,2275.495302440961,2275.4953024409515,9.549694368615746e-12
17975,2,Inactive Minimal Buyers,212.39160000000004,0.0,0.10294761225463797,2275.495302440961,2275.4953024409515,9.549694368615746e-12
25830,2,Inactive Minimal Buyers,212.39160000000004,0.0,0.10294761225463797,2275.495302440961,2275.4953024409515,9.549694368615746e-12
25250,2,Inactive Minimal Buyers,212.39160000000004,0.0,0.10294761225463797,2275.495302440961,2275.4953024409515,9.549694368615746e-12
25829,2,Inactive Minimal Buyers,212.39160000000004,0.0,0.10294761225463797,2275.495302440961,2275.4953024409515,9.549694368615746e-12
25556,2,Inactive Minimal Buyers,212.39160000000004,0.0,0.10294761225463797,2275.495302440961,2275.4953024409515,9.549694368615746e-12
20049,2,Inactive Minimal Buyers,212.39160000000004,0.0,0.10294761225463797,2275.495302440961,2275.4953024409515,9.549694368615746e-12
20054,2,Inactive Minimal Buyers,212.39160000000004,0.0,0.10294761225463797,2275.495302440961,2275.4953024409515,9.549694368615746e-12
25711,2,Inactive Minimal Buyers,212.39160000000004,0.0,0.10294761225463797,2275.495302440961,2275.4953024409515,9.549694368615746e-12
14888,2,Inactive Minimal Buyers,212.39160000000004,0.0,0.10294761225463797,2275.495302440961,2275.4953024409515,9.549694368615746e-12
20170,2,Inactive Minimal Buyers,212.39160000000004,0.0,0.10294761225463797,2275.495302440961,2275.4953024409515,9.549694368615746e-12
19339,2,Inactive Minimal Buyers,212.39160000000004,0.0,0.10294761225463797,2275.495302440961,2275.4953024409515,9.549694368615746e-12
20149,2,Inactive Minimal Buyers,212.39160000000004,0.0,0.10294761225463797,2275.495302440961,2275.4953024409515,9.549694368615746e-12
19340,2,Inactive Minimal Buyers,212.39160000000004,0.0,0.10294761225463797,2275.495302440961,2275.4953024409515,9.549694368615746e-12
25715,2,Inactive Minimal Buyers,212.39160000000004,0.0,0.10294761225463797,2275.495302440961,2275.4953024409515,9.549694368615746e-12
20150,2,Inactive Minimal Buyers,212.39160000000004,0.0,0.10294761225463797,2275.495302440961,2275.4953024409515,9.549694368615746e-12
20060,2,Inactive Minimal Buyers,212.39160000000004,0.0,0.10294761225463797,2275.495302440961,2275.4953024409515,9.549694368615746e-12
25714,2,Inactive Minimal Buyers,212.39160000000004,0.0,0.10294761225463797,2275.495302440961,2275.4953024409515,9.549694368615746e-12
25831,2,Inactive Minimal Buyers,212.39160000000004,0.0,0.10294761225463797,2275.495302440961,2275.4953024409515,9.549694368615746e-12
25832,2,Inactive Minimal Buyers,212.39160000000004,0.0,0.10294761225463797,2275.495302440961,2275.4953024409515,9.549694368615746e-12
25918,2,Inactive Minimal Buyers,212.39160000000004,0.0,0.10294761225463797,2275.495302440961,2275.4953024409515,9.549694368615746e-12
25919,2,Inactive Minimal Buyers,212.39160000000004,0.0,0.10294761225463797,2275.495302440961,2275.4953024409515,9.549694368615746e-12
25716,2,Inactive Minimal Buyers,212.39160000000004,0.0,0.10294761225463797,2275.495302440961,2275.4953024409515,9.549694368615746e-12
25710,2,Inactive Minimal Buyers,212.39160000000004,0.0,0.10294761225463797,2275.495302440961,2275.4953024409515,9.549694368615746e-12
25828,2,Inactive Minimal Buyers,212.39160000000004,0.0,0.10294761225463797,2275.495302440961,2275.4953024409515,9.549694368615746e-12
25819,2,Inactive Minimal Buyers,212.39160000000004,0.0,0.10294761225463797,2275.495302440961,2275.4953024409515,9.549694368615746e-12
25717,2,Inactive Minimal Buyers,212.39160000000004,0.0,0.10294761225463797,2275.495302440961,2275.4953024409515,9.549694368615746e-12
20167,2,Inactive Minimal Buyers,212.39160000000004,0.0,0.10294761225463797,2275.495302440961,2275.4953024409515,9.549694368615746e-12
18011,2,Inactive Minimal Buyers,212.39160000000004,0.0,0.10294761225463797,2275.495302440961,2275.4953024409515,9.549694368615746e-12
25557,2,Inactive Minimal Buyers,212.39160000000004,0.0,0.10294761225463797,2275.495302440961,2275.4953024409515,9.549694368615746e-12
25558,2,Inactive Minimal Buyers,212.39160000000004,0.0,0.10294761225463797,2275.495302440961,2275.4953024409515,9.549694368615746e-12
25712,2,Inactive Minimal Buyers,212.39160000000004,0.0,0.10294761225463797,2275.495302440961,2275.4953024409515,9.549694368615746e-12
17971,2,Inactive Minimal Buyers,212.39160000000004,0.0,0.10294761225463797,2275.495302440961,2275.4953024409515,9.549694368615746e-12
18046,2,Inactive Minimal Buyers,212.39160000000004,0.0,0.10294761225463797,2275.495302440961,2275.4953024409515,9.549694368615746e-12
18038,2,Inactive Minimal Buyers,212.39160000000004,0.0,0.10294761225463797,2275.495302440961,2275.4953024409515,9.549694368615746e-12
25718,2,Inactive Minimal Buyers,212.39160000000004,0.0,0.10294761225463797,2275.495302440961,2275.4953024409515,9.549694368615746e-12
20052,2,Inactive Minimal Buyers,212.39160000000004,0.0,0.10294761225463797,2275.495302440961,2275.4953024409515,9.549694368615746e-12
20165,2,Inactive Minimal Buyers,212.39160000000004,0.0,0.10294761225463797,2275.495302440961,2275.4953024409515,9.549694368615746e-12
20164,2,Inactive Minimal Buyers,212.39160000000004,0.0,0.10294761225463797,2275.495302440961,2275.4953024409515,9.549694368615746e-12
18039,2,Inactive Minimal Buyers,212.39160000000004,0.0,0.10294761225463797,2275.495302440961,2275.4953024409515,9.549694368615746e-12
20173,2,Inactive Minimal Buyers,212.39160000000004,0.0,0.10294761225463797,2275.495302440961,2275.4953024409515,9.549694368615746e-12
25707,2,Inactive Minimal Buyers,212.39160000000004,0.0,0.10294761225463797,2275.495302440961,2275.4953024409515,9.549694368615746e-12
18634,2,Inactive Minimal Buyers,212.39160000000004,0.0,0.10294761225463797,2275.495302440961,2275.4953024409515,9.549694368615746e-12
25928,2,Inactive Minimal Buyers,212.39160000000004,0.0,0.10294761225463797,2275.495302440961,2275.4953024409515,9.549694368615746e-12
25937,2,Inactive Minimal Buyers,212.39160000000004,0.0,0.10294761225463797,2275.495302440961,2275.4953024409515,9.549694368615746e-12
25939,2,Inactive Minimal Buyers,212.39160000000004,0.0,0.10294761225463797,2275.495302440961,2275.4953024409515,9.549694368615746e-12
25936,2,Inactive Minimal Buyers,212.39160000000004,0.0,0.10294761225463797,2275.495302440961,2275.4953024409515,9.549694368615746e-12
25935,2,Inactive Minimal Buyers,212.39160000000004,0.0,0.10294761225463797,2275.495302440961,2275.4953024409515,9.549694368615746e-12
19439,2,Inactive Minimal Buyers,212.39160000000004,0.0,0.10294761225463797,2275.495302440961,2275.4953024409515,9.549694368615746e-12
26782,2,Inactive Minimal Buyers,212.39160000000004,0.0,0.10294761225463797,2275.495302440961,2275.4953024409515,9.549694368615746e-12
19329,2,Inactive Minimal Buyers,212.39160000000004,0.0,0.10294761225463797,2275.495302440961,2275.4953024409515,9.549694368615746e-12
20172,2,Inactive Minimal Buyers,212.39160000000004,0.0,0.10294761225463797,2275.495302440961,2275.4953024409515,9.549694368615746e-12
19325,2,Inactive Minimal Buyers,212.39160000000004,0.0,0.10294761225463797,2275.495302440961,2275.4953024409515,9.549694368615746e-12
14722,2,Inactive Minimal Buyers,212.39160000000004,0.0,0.10294761225463797,2275.495302440961,2275.4953024409515,9.549694368615746e-12
25827,2,Inactive Minimal Buyers,212.39160000000004,0.0,0.10294761225463797,2275.495302440961,2275.4953024409515,9.549694368615746e-12
14589,2,Inactive Minimal Buyers,212.39160000000004,0.0,0.10294761225463797,2275.495302440961,2275.4953024409515,9.549694368615746e-12
25826,2,Inactive Minimal Buyers,212.39160000000004,0.0,0.10294761225463797,2275.495302440961,2275.4953024409515,9.549694368615746e-12
19501,2,Inactive Minimal Buyers,212.39160000000004,0.0,0.10294761225463797,2275.495302440961,2275.4953024409515,9.549694368615746e-12
25938,2,Inactive Minimal Buyers,212.39160000000004,0.0,0.10294761225463797,2275.495302440961,2275.4953024409515,9.549694368615746e-12
14912,2,Inactive Minimal Buyers,212.39160000000004,0.0,0.10294761225463797,2275.495302440961,2275.4953024409515,9.549694368615746e-12
14902,2,Inactive Minimal Buyers,212.39160000000004,0.0,0.10294761225463797,2275.495302440961,2275.4953024409515,9.549694368615746e-12
27014,2,Inactive Minimal Buyers,212.39160000000004,0.0,0.10294761225463797,2275.495302440961,2275.4953024409515,9.549694368615746e-12
25949,2,Inactive Minimal Buyers,212.39160000000004,0.0,0.10294761225463797,2275.495302440961,2275.4953024409515,9.549694368615746e-12
27026,2,Inactive Minimal Buyers,212.39160000000004,0.0,0.10294761225463797,2275.495302440961,2275.4953024409515,9.549694368615746e-12
20575,2,Inactive Minimal Buyers,212.39160000000004,0.0,0.10294761225463797,2275.495302440961,2275.4953024409515,9.549694368615746e-12
14896,2,Inactive Minimal Buyers,212.39160000000004,0.0,0.10294761225463797,2275.495302440961,2275.4953024409515,9.549694368615746e-12
19364,2,Inactive Minimal Buyers,212.39160000000004,0.0,0.10294761225463797,2275.495302440961,2275.4953024409515,9.549694368615746e-12
19033,2,Inactive Minimal Buyers,212.39160000000004,0.0,0.10294761225463797,2275.495302440961,2275.4953024409515,9.549694368615746e-12
15016,2,Inactive Minimal Buyers,212.39160000000004,0.0,0.10294761225463797,2275.495302440961,2275.4953024409515,9.549694368615746e-12
25947,2,Inactive Minimal Buyers,212.39160000000004,0.0,0.10294761225463797,2275.495302440961,2275.4953024409515,9.549694368615746e-12
15006,2,Inactive Minimal Buyers,212.39160000000004,0.0,0.10294761225463797,2275.495302440961,2275.4953024409515,9.549694368615746e-12
14895,2,Inactive Minimal Buyers,212.39160000000004,0.0,0.10294761225463797,2275.495302440961,2275.4953024409515,9.549694368615746e-12
14664,2,Inactive Minimal Buyers,212.39160000000004,0.0,0.10294761225463797,2275.495302440961,2275.4953024409515,9.549694368615746e-12
14915,2,Inactive Minimal Buyers,212.39160000000004,0.0,0.10294761225463797,2275.495302440961,2275.4953024409515,9.549694368615746e-12
14892,2,Inactive Minimal Buyers,212.39160000000004,0.0,0.10294761225463797,2275.495302440961,2275.4953024409515,9.549694368615746e-12
20552,2,Inactive Minimal Buyers,212.39160000000004,0.0,0.10294761225463797,2275.495302440961,2275.4953024409515,9.549694368615746e-12
19387,2,Inactive Minimal Buyers,212.39160000000004,0.0,0.10294761225463797,2275.495302440961,2275.4953024409515,9.549694368615746e-12
25561,2,Inactive Minimal Buyers,212.39160000000004,0.0,0.10294761225463797,2275.495302440961,2275.4953024409515,9.549694368615746e-12
20564,2,Inactive Minimal Buyers,212.39160000000004,0.0,0.10294761225463797,2275.495302440961,2275.4953024409515,9.549694368615746e-12
19942,2,Inactive Minimal Buyers,212.39160000000004,0.0,0.10294761225463797,2275.495302440961,2275.4953024409515,9.549694368615746e-12
25565,2,Inactive Minimal Buyers,212.39160000000004,0.0,0.10294761225463797,2275.495302440961,2275.4953024409515,9.549694368615746e-12
25566,2,Inactive Minimal Buyers,212.39160000000004,0.0,0.10294761225463797,2275.495302440961,2275.4953024409515,9.549694368615746e-12
26789,2,Inactive Minimal Buyers,212.39160000000004,0.0,0.10294761225463797,2275.495302440961,2275.4953024409515,9.549694368615746e-12
25567,2,Inactive Minimal Buyers,212.39160000000004,0.0,0.10294761225463797,2275.495302440961,2275.4953024409515,9.549694368615746e-12
25568,2,Inactive Minimal Buyers,212.39160000000004,0.0,0.10294761225463797,2275.495302440961,2275.4953024409515,9.549694368615746e-12
25821,2,Inactive Minimal Buyers,212.39160000000004,0.0,0.10294761225463797,2275.495302440961,2275.4953024409515,9.549694368615746e-12
19941,2,Inactive Minimal Buyers,212.39160000000004,0.0,0.10294761225463797,2275.495302440961,2275.4953024409515,9.549694368615746e-12
20562,2,Inactive Minimal Buyers,212.39160000000004,0.0,0.10294761225463797,2275.495302440961,2275.4953024409515,9.549694368615746e-12
25704,2,Inactive Minimal Buyers,212.39160000000004,0.0,0.10294761225463797,2275.495302440961,2275.4953024409515,9.549694368615746e-12
20561,2,Inactive Minimal Buyers,212.39160000000004,0.0,0.10294761225463797,2275.495302440961,2275.4953024409515,9.549694368615746e-12
25705,2,Inactive Minimal Buyers,212.39160000000004,0.0,0.10294761225463797,2275.495302440961,2275.4953024409515,9.549694368615746e-12
25706,2,Inactive Minimal Buyers,212.39160000000004,0.0,0.10294761225463797,2275.495302440961,2275.4953024409515,9.549694368615746e-12
20558,2,Inactive Minimal Buyers,212.39160000000004,0.0,0.10294761225463797,2275.495302440961,2275.4953024409515,9.549694368615746e-12
18137,2,Inactive Minimal Buyers,212.39160000000004,0.0,0.10294761225463797,2275.495302440961,2275.4953024409515,9.549694368615746e-12
25822,2,Inactive Minimal Buyers,212.39160000000004,0.0,0.10294761225463797,2275.495302440961,2275.4953024409515,9.549694368615746e-12
25823,2,Inactive Minimal Buyers,212.39160000000004,0.0,0.10294761225463797,2275.495302440961,2275.4953024409515,9.549694368615746e-12
25927,2,Inactive Minimal Buyers,212.39160000000004,0.0,0.10294761225463797,2275.495302440961,2275.4953024409515,9.549694368615746e-12
18143,2,Inactive Minimal Buyers,212.39160000000004,0.0,0.10294761225463797,2275.495302440961,2275.4953024409515,9.549694368615746e-12
25562,2,Inactive Minimal Buyers,212.39160000000004,0.0,0.10294761225463797,2275.495302440961,2275.4953024409515,9.549694368615746e-12
25563,2,Inactive Minimal Buyers,212.39160000000004,0.0,0.10294761225463797,2275.495302440961,2275.4953024409515,9.549694368615746e-12
25564,2,Inactive Minimal Buyers,212.39160000000004,0.0,0.10294761225463797,2275.495302440961,2275.4953024409515,9.549694368615746e-12
18148,2,Inactive Minimal Buyers,212.39160000000004,0.0,0.10294761225463797,2275.495302440961,2275.4953024409515,9.549694368615746e-12
25926,2,Inactive Minimal Buyers,212.39160000000004,0.0,0.10294761225463797,2275.495302440961,2275.4953024409515,9.549694368615746e-12
19357,2,Inactive Minimal Buyers,212.39160000000004,0.0,0.10294761225463797,2275.495302440961,2275.4953024409515,9.549694368615746e-12
18163,2,Inactive Minimal Buyers,212.39160000000004,0.0,0.10294761225463797,2275.495302440961,2275.4953024409515,9.549694368615746e-12
18175,2,Inactive Minimal Buyers,212.39160000000004,0.0,0.10294761225463797,2275.495302440961,2275.4953024409515,9.549694368615746e-12
20569,2,Inactive Minimal Buyers,212.39160000000004,0.0,0.10294761225463797,2275.495302440961,2275.4953024409515,9.549694368615746e-12
20567,2,Inactive Minimal Buyers,212.39160000000004,0.0,0.10294761225463797,2275.495302440961,2275.4953024409515,9.549694368615746e-12
14891,2,Inactive Minimal Buyers,212.39160000000004,0.0,0.10294761225463797,2275.495302440961,2275.4953024409515,9.549694368615746e-12
25713,2,Inactive Minimal Buyers,212.39160000000004,0.0,0.10294761225463797,2275.495302440961,2275.4953024409515,9.549694368615746e-12
19496,2,Inactive Minimal Buyers,212.39160000000004,0.0,0.10294761225463797,2275.495302440961,2275.1037793891855,0.3915230517754935
19482,2,Inactive Minimal Buyers,212.39160000000004,0.0,0.10294761225463797,2275.495302440961,2275.1037793891855,0.3915230517754935
19041,2,Inactive Minimal Buyers,212.39160000000004,0.0,0.10294761225463797,2275.495302440961,2274.922962558713,0.5723398822478885
14914,2,Inactive Minimal Buyers,212.39160000000004,0.0,0.10294761225463797,2275.495302440961,2274.7158540343225,0.7794484066384939
25945,2,Inactive Minimal Buyers,212.39160000000004,0.0,0.10294761225463797,2275.495302440961,2274.6693972591997,0.8259051817612999
14884,2,Inactive Minimal Buyers,212.39160000000004,0.0,0.10294761225463797,2275.495302440961,2274.418241822049,1.0770606189121281
14894,2,Inactive Minimal Buyers,212.39160000000004,0.0,0.10294761225463797,2275.495302440961,2274.418241822049,1.0770606189121281
25948,2,Inactive Minimal Buyers,212.39160000000004,0.0,0.10294761225463797,2275.495302440961,2274.2685209763545,1.2267814646065744
19904,2,Inactive Minimal Buyers,212.39160000000004,0.0,0.10294761225463797,2275.495302440961,2273.9715215621795,1.5237808787815084
19518,2,Inactive Minimal Buyers,212.39160000000004,0.0,0.10294761225463797,2275.495302440961,2273.9715215621795,1.5237808787815084
19901,2,Inactive Minimal Buyers,212.39160000000004,0.0,0.10294761225463797,2275.495302440961,2273.9715215621795,1.5237808787815084
25605,8,Recent Low-Value Customers,234.19449999999998,0.0,0.11380022563025272,2292.138574389792,2255.644791673226,36.49378271656633
22415,8,Recent Low-Value Customers,222.21079999999998,0.0,0.11380022563025272,2174.850162262629,2233.7073473565256,-58.85718509389653
30085,1,High Value but Cooling,286.5796999999999,0.0,0.12413778410416021,2595.1411268701595,2195.5719671364814,399.56915973367813
22393,8,Recent Low-Value Customers,226.9955,0.0,0.11380022563025272,2221.6795943666402,2190.5714443349993,31.10815003164089
21469,8,Recent Low-Value Customers,226.9955,0.0,0.11380022563025272,2221.6795943666402,2190.2560827424013,31.423511624238927
22330,8,Recent Low-Value Customers,239.5155,0.0,0.11380022563025272,2344.216950928644,2189.8600629015828,154.35688802706136
21014,8,Recent Low-Value Customers,217.5095,0.0,0.11380022563025272,2128.836993380445,2173.4931896339926,-44.65619625354748
22436,8,Recent Low-Value Customers,217.5095,0.0,0.11380022563025272,2128.836993380445,2171.8787527865957,-43.041759406150504
22432,8,Recent Low-Value Customers,220.42249999999999,0.0,0.11380022563025272,2157.347482171588,2160.8400483029827,-3.4925661313945966
21017,8,Recent Low-Value Customers,220.42249999999999,0.0,0.11380022563025272,2157.347482171588,2154.0600661588533,3.287416012734866
16015,8,Recent Low-Value Customers,218.2441,0.0,0.11380022563025272,2136.0267651161034,2142.0748840112965,-6.048118895193056
22274,8,Recent Low-Value Customers,218.2441,0.0,0.11380022563025272,2136.0267651161034,2141.145904490448,-5.119139374344741
21465,8,Recent Low-Value Customers,218.2441,0.0,0.11380022563025272,2136.0267651161034,2139.9391628692483,-3.9123977531448872
22414,8,Recent Low-Value Customers,218.2441,0.0,0.11380022563025272,2136.0267651161034,2139.146822853767,-3.120057737663501
16218,8,Recent Low-Value Customers,218.2441,0.0,0.11380022563025272,2136.0267651161034,2139.062659073657,-3.035893957553526
22273,8,Recent Low-Value Customers,218.2441,0.0,0.11380022563025272,2136.0267651161034,2137.9257322485632,-1.898967132459802
20977,8,Recent Low-Value Customers,218.2441,0.0,0.11380022563025272,2136.0267651161034,2136.7696308418963,-0.7428657257928535
29355,8,Recent Low-Value Customers,213.7243,0.0,0.11380022563025272,2091.7899964109165,2113.1400328255854,-21.35003641466892
22284,8,Recent Low-Value Customers,234.19449999999998,0.0,0.11380022563025272,2292.138574389792,2111.56349239198,180.57508199781205
25609,8,Recent Low-Value Customers,212.2908,0.0,0.11380022563025272,2077.7598605777184,2083.0221371576986,-5.262276579980153
29604,1,High Value but Cooling,261.04180000000014,0.0,0.12413778410416021,2363.8810111540192,2075.323528321558,288.5574828324611
25611,8,Recent Low-Value Customers,211.6711,0.0,0.11380022563025272,2071.6946529210513,2067.5989839945923,4.095668926458984
21600,8,Recent Low-Value Customers,211.2266,0.0,0.11380022563025272,2067.3441852699484,2066.5384144665745,0.8057708033738891
22260,8,Recent Low-Value Customers,211.2266,0.0,0.11380022563025272,2067.3441852699484,2065.486328289635,1.8578569803134997
21448,8,Recent Low-Value Customers,211.6711,0.0,0.11380022563025272,2071.6946529210513,2065.3993508884932,6.295302032558084
25641,8,Recent Low-Value Customers,209.79309999999998,0.0,0.11380022563025272,2053.314049436751,2055.019806160055,-1.7057567233041482
21004,8,Recent Low-Value Customers,209.79309999999998,0.0,0.11380022563025272,2053.314049436751,2054.551215935441,-1.2371664986903852
21438,8,Recent Low-Value Customers,209.79309999999998,0.0,0.11380022563025272,2053.314049436751,2053.6755654453923,-0.3615160086415017
21597,8,Recent Low-Value Customers,209.79309999999998,0.0,0.11380022563025272,2053.314049436751,2052.7816462944324,0.5324031423183442
22261,8,Recent Low-Value Customers,209.79309999999998,0.0,0.11380022563025272,2053.314049436751,2052.334508592806,0.9795408439449602
21470,8,Recent Low-Value Customers,207.15949999999998,0.0,0.11380022563025272,2027.538140312015,2027.6909780547992,-0.15283774278418605
21440,8,Recent Low-Value Customers,207.15949999999998,0.0,0.11380022563025272,2027.538140312015,2027.5326940294588,0.005446282556249571
22259,8,Recent Low-Value Customers,207.15949999999998,0.0,0.11380022563025272,2027.538140312015,2027.2311534434175,0.30698686859750524
21466,8,Recent Low-Value Customers,206.5253,0.0,0.11380022563025272,2021.331016387764,2018.4872584304173,2.8437579573467247
27949,8,Recent Low-Value Customers,205.09179999999998,0.0,0.11380022563025272,2007.3008805545664,2014.102820822526,-6.8019402679594805
22254,8,Recent Low-Value Customers,205.09179999999998,0.0,0.11380022563025272,2007.3008805545664,2013.3080682056552,-6.0071876510887705
21487,8,Recent Low-Value Customers,201.9681,0.0,0.11380022563025272,1976.7282015854987,1972.7215262752509,4.006675310247829
21575,8,Recent Low-Value Customers,201.9681,0.0,0.11380022563025272,1976.7282015854987,1972.6045682479266,4.123633337572073
29915,1,High Value but Cooling,295.7682999999995,0.0,0.12413778410416021,2678.3490922576525,1971.5384373738655,706.810654883787
21576,8,Recent Low-Value Customers,201.9681,0.0,0.11380022563025272,1976.7282015854987,1961.780228316656,14.947973268842816
29584,1,High Value but Cooling,207.49440000000004,0.0,0.12413778410416021,1878.979045044879,1956.2613024977866,-77.28225745290752
22459,8,Recent Low-Value Customers,196.3404,0.0,0.11380022563025272,1921.6480513040297,1908.0311144732884,13.616936830741224
22262,8,Recent Low-Value Customers,196.3404,0.0,0.11380022563025272,1921.6480513040297,1907.6554159025611,13.992635401468533
25608,8,Recent Low-Value Customers,196.3404,0.0,0.11380022563025272,1921.6480513040297,1907.5177155268577,14.130335777171922
21439,8,Recent Low-Value Customers,196.3404,0.0,0.11380022563025272,1921.6480513040297,1893.2981932224711,28.349858081558523
21013,8,Recent Low-Value Customers,201.9681,0.0,0.11380022563025272,1976.7282015854987,1893.125951735567,83.6022498499317
22398,8,Recent Low-Value Customers,196.3404,0.0,0.11380022563025272,1921.6480513040297,1884.2889470852772,37.359104218752464
30110,1,High Value but Cooling,223.45979999999997,0.0,0.12413778410416021,2023.55476393541,1854.5131157205144,169.04164821489553
29635,1,High Value but Cooling,249.1890000000013,0.0,0.12413778410416021,2256.547209253313,1824.7753462692917,431.7718629840215
29536,1,High Value but Cooling,219.90649999999994,0.0,0.12413778410416021,1991.3776245005236,1770.8121078006027,220.56551669992086
29490,1,High Value but Cooling,181.47189999999995,0.0,0.12413778410416021,1643.330602486041,1741.7420919117053,-98.41148942566429
29855,1,High Value but Cooling,155.17739999999986,0.0,0.12413778410416021,1405.2190462226781,1734.461749875074,-329.2427036523959
30099,8,Recent Low-Value Customers,99.11720000000014,0.0,0.11380022563025272,970.0926260245576,1722.939581874734,-752.8469558501763
30021,8,Recent Low-Value Customers,144.31330000000003,0.0,0.11380022563025272,1412.4417171517114,1599.7545670384154,-187.31284988670404
29882,1,High Value but Cooling,185.15789999999993,0.0,0.12413778410416021,1676.7094154083918,1571.584353700226,105.12506170816573
29683,3,Inactive Low-Value Customers,297.4263900000006,0.23809523809523808,0.10790077545642739,952.3778171305474,1436.4929713103377,-484.11515417979024
29541,1,High Value but Cooling,179.16609999999986,0.0,0.12413778410416021,1622.4502805011361,1365.5781579948673,256.87212250626885
29951,1,High Value but Cooling,128.60299999999964,0.0,0.12413778410416021,1164.5728372905767,1350.184881796925,-185.6120445063484
30019,1,High Value but Cooling,171.40580000000156,0.0,0.12413778410416021,1552.1763787319387,1303.9444667384048,248.2319119935339
29583,1,High Value but Cooling,111.01520000000016,0.0,0.12413778410416021,1005.3053695977652,1281.0215111270272,-275.716141529262
30102,1,High Value but Cooling,81.41020000000029,0.0,0.12413778410416021,737.2153651034106,1246.5878307652251,-509.37246566181454
19344,8,Recent Low-Value Customers,116.6112,0.0,0.11380022563025272,1141.3121560321995,1174.8268273721087,-33.51467133990923
27688,8,Recent Low-Value Customers,104.09119999999999,0.0,0.11380022563025272,1018.7747994701956,1108.1860742853517,-89.41127481515605
29630,1,High Value but Cooling,130.08120000000014,0.0,0.12413778410416021,1177.9587736068643,1099.609304855687,78.34946875117726
30037,3,Inactive Low-Value Customers,199.05030000000113,0.23809523809523808,0.10790077545642739,637.3714525237027,1032.4001697908527,-395.02871726715
29650,8,Recent Low-Value Customers,71.49980000000005,0.0,0.11380022563025272,699.7920516543104,978.0456146068226,-278.2535629525122
29920,1,High Value but Cooling,115.57430000000002,0.0,0.12413778410416021,1046.5905964003384,922.1688487769076,124.42174762343086
29782,1,High Value but Cooling,91.24627999999998,0.0,0.12413778410416021,826.2866277754849,919.086654827662,-92.80002705217703
29503,1,High Value but Cooling,104.42269999999984,0.0,0.12413778410416021,945.6065567408448,874.1078656109677,71.4986911298771
29838,1,High Value but Cooling,60.259199999999986,0.0,0.12413778410416021,545.6811078813131,759.8156019033142,-214.13449402200115
29837,1,High Value but Cooling,64.40330000000013,0.0,0.12413778410416021,583.2082751714701,742.9989071977801,-159.79063202631005
29588,1,High Value but Cooling,125.40550000000046,0.0,0.12413778410416021,1135.6176679147793,735.3605730836923,400.257094831087
29576,1,High Value but Cooling,84.8021,0.0,0.12413778410416021,767.930936332741,710.1543782432633,57.7765580894777
13571,5,Champions,70.6421,0.0,0.12297395295233766,645.0897639486373,686.2718582779821,-41.182094329344864
29864,1,High Value but Cooling,56.347499999999926,0.0,0.12413778410416021,510.2584539181113,607.8794815898409,-97.62102767172962
29079,5,Champions,64.1524,0.0,0.12297395295233766,585.8270998843262,605.1300435455491,-19.302943661222912
30077,2,Inactive Minimal Buyers,42.9601,0.0,0.10294761225463797,460.2606964794931,591.9271054859444,-131.66640900645126
14567,5,Champions,60.139700000000005,0.0,0.12297395295233766,549.1839126659862,589.3849129448558,-40.20100027886963
14329,5,Champions,57.56060000000001,0.0,0.12297395295233766,525.6320787001226,569.5594714522305,-43.927392752107835
29726,1,High Value but Cooling,52.2410000000001,0.0,0.12413778410416021,473.07177587534744,557.4101614572712,-84.33838558192377
30086,8,Recent Low-Value Customers,38.50710000000002,0.0,0.11380022563025272,376.88164879143295,550.445210183428,-173.56356139199505
29505,8,Recent Low-Value Customers,38.74810000000001,0.0,0.11380022563025272,379.2403950319634,542.1348344931101,-162.89443946114676
29723,1,High Value but Cooling,58.34090000000003,0.0,0.12413778410416021,528.3098173688486,510.06168145937636,18.24813590947224
29753,1,High Value but Cooling,48.80559999999982,0.0,0.12413778410416021,441.96228756458964,473.4036612557512,-31.441373691161573
29949,1,High Value but Cooling,47.02850000000031,0.0,0.12413778410416021,425.86964284286057,448.11885696713017,-22.2492141242696
15703,5,Champions,46.9374,0.0,0.12297395295233766,428.62310557532646,422.56222894807956,6.060876627246898
14204,5,Champions,44.809000000000005,0.0,0.12297395295233766,409.1869753698502,416.65350045966494,-7.466525089814752
16982,5,Champions,36.5251,0.0,0.12297395295233766,333.5400297726196,413.5104831501049,-79.97045337748528
29678,1,High Value but Cooling,67.15340000000074,0.0,0.12413778410416021,608.1119847259403,410.65606981573205,197.4559149102082
29986,3,Inactive Low-Value Customers,123.46929999999946,0.23809523809523808,0.10790077545642739,395.3563852105926,381.04804630106077,14.308338909531813
29657,8,Recent Low-Value Customers,27.67240000000004,0.0,0.11380022563025272,270.83887745418525,371.2909156126656,-100.45203815848032
16338,5,Champions,36.6021,0.0,0.12297395295233766,334.24317862895384,351.38064244845884,-17.137463819505
29763,5,Champions,28.492400000000004,0.0,0.12297395295233766,260.1869931716378,347.9972119925338,-87.81021882089595
14870,5,Champions,30.448600000000003,0.0,0.12297395295233766,278.0506268438577,328.4243340658064,-50.373707221948735
29832,1,High Value but Cooling,34.57679999999999,0.0,0.12413778410416021,313.11246300964143,321.03738929095744,-7.924926281316004
29876,3,Inactive Low-Value Customers,78.51980000000074,0.23809523809523808,0.10790077545642739,251.4252878687991,305.1120657942692,-53.686777925470096
11530,5,Champions,27.748400000000004,0.0,0.12297395295233766,253.39293149485036,287.2543548309054,-33.861423336055054
29848,4,Frequent Low-Spend Customers,16.27740000000003,0.0,0.07773582937909708,225.67119086855118,281.01944095680966,-55.34825008825848
27659,5,Champions,25.870400000000004,0.0,0.12297395295233766,236.2434048429595,269.3331251915947,-33.08972034863521
21407,5,Champions,26.4672,0.0,0.12297395295233766,241.6932650697158,255.27168912137108,-13.578424051655276
11746,5,Champions,26.467200000000002,0.0,0.12297395295233766,241.69326506971584,254.9093334578987,-13.216068388182862
29508,1,High Value but Cooling,16.36160000000013,0.0,0.12413778410416021,148.16353377925637,248.65696725324437,-100.493433473988
23941,5,Champions,24.401400000000002,0.0,0.12297395295233766,222.8287857526359,224.58619818642714,-1.7574124337912451
15856,5,Champions,23.3309,0.0,0.12297395295233766,213.0531902889249,217.55680539569872,-4.503615106773822
14079,5,Champions,23.3435,0.0,0.12297395295233766,213.16825101087048,216.07574614489283,-2.907495134022355
15507,5,Champions,21.795100000000005,0.0,0.12297395295233766,199.02856673622313,215.91611130984768,-16.887544573624552
30008,5,Champions,21.369300000000003,0.0,0.12297395295233766,195.14024487872837,214.48440670144637,-19.344161822718007
29884,5,Champions,17.5601,0.0,0.12297395295233766,160.35537963784296,203.46506989034384,-43.10969025250088
15571,5,Champions,21.8411,0.0,0.12297395295233766,199.4486296893578,198.96160682400517,0.4870228653526283
24293,5,Champions,21.8411,0.0,0.12297395295233766,199.4486296893578,198.8681718884428,0.5804578009150134
24940,5,Champions,21.8411,0.0,0.12297395295233766,199.4486296893578,198.8681718884428,0.5804578009150134
24994,5,Champions,21.8411,0.0,0.12297395295233766,199.4486296893578,198.8681718884428,0.5804578009150134
13015,5,Champions,21.91,0.0,0.12297395295233766,200.07781093872694,196.50373644190603,3.574074496820913
15138,5,Champions,21.9037,0.0,0.12297395295233766,200.02028057775416,196.19337612511362,3.826904452640548
23556,5,Champions,18.773699999999998,0.0,0.12297395295233766,171.437736157936,181.78325942077862,-10.345523262842619
16192,5,Champions,18.4544,0.0,0.12297395295233766,168.5219513549814,179.67064290812488,-11.148691553143465
23962,5,Champions,18.1477,0.0,0.12297395295233766,165.7212272739724,178.50933226694949,-12.788104992977082
29856,3,Inactive Low-Value Customers,70.15170000000252,0.23809523809523808,0.10790077545642739,224.63011071075195,172.2357272374698,52.39438347328215
29934,2,Inactive Minimal Buyers,15.17489999999998,0.0,0.10294761225463797,162.57899872222484,164.37739188506947,-1.7983931628446328
11566,5,Champions,14.621400000000001,0.0,0.12297395295233766,133.51974919486548,162.76742883303123,-29.24767963816575
12392,5,Champions,15.950399999999998,0.0,0.12297395295233766,145.65591581912688,153.57858812770613,-7.922672308579251
29502,8,Recent Low-Value Customers,13.088999999999999,0.0,0.11380022563025272,128.10634664856772,146.84062814294379,-18.734281494376063
29556,8,Recent Low-Value Customers,10.144599999999961,0.0,0.11380022563025272,99.28853573313891,143.67163485621163,-44.38309912307271
30098,5,Champions,10.800700000000003,0.0,0.12297395295233766,98.62986821569643,142.53927650418206,-43.90940828848562
12204,5,Champions,14.379100000000001,0.0,0.12297395295233766,131.30711324824506,141.9909026034004,-10.68378935515534
13199,5,Champions,14.3541,0.0,0.12297395295233766,131.07881816501967,139.4561587188246,-8.377340553804942
29976,3,Inactive Low-Value Customers,16.80160000000061,0.23809523809523808,0.10790077545642739,53.799769187600184,115.9904647514596,-62.190695563859414
29908,5,Champions,11.069400000000002,0.0,0.12297395295233766,101.08358377020285,115.64319452981503,-14.559610759612184
29758,1,High Value but Cooling,4.571600000000068,0.0,0.12413778410416021,41.39842136620214,106.95198858192529,-65.55356721572315
29519,4,Frequent Low-Spend Customers,13.14350000000016,0.0,0.07773582937909708,182.22254765385338,105.47368355974626,76.74886409410712
29766,5,Champions,7.123100000000001,0.0,0.12297395295233766,65.04674829290946,78.76976909341832,-13.723020800508863
29900,1,High Value but Cooling,4.227599999999917,0.0,0.12413778410416021,38.28330697518378,64.2937167673724,-26.010409792188625
30029,3,Inactive Low-Value Customers,64.51960000000031,0.23809523809523808,0.10790077545642739,206.5957758830218,61.82272555065794,144.77305033236385
28788,5,Champions,2.0677000000000003,0.0,0.12297395295233766,18.881829743405103,26.05570617523842,-7.1738764318333175
29860,8,Recent Low-Value Customers,0.20009999999999195,0.0,0.11380022563025272,1.9584444926562283,22.007660403214796,-20.04921591055857
29790,8,Recent Low-Value Customers,0.20009999999999195,0.0,0.11380022563025272,1.9584444926562283,21.85982282326946,-19.901378330613234
15640,5,Champions,1.4335,0.0,0.12297395295233766,13.090440072143545,20.017215901376215,-6.926775829232669
18293,5,Champions,1.4335,0.0,0.12297395295233766,13.090440072143545,20.017215901376215,-6.926775829232669
30078,5,Champions,0.5175000000000001,0.0,0.12297395295233766,4.725708222765459,15.567955886346917,-10.842247663581457
29989,1,High Value but Cooling,-3.475400000000036,0.0,0.12413778410416021,-31.471710914362212,-19.980407882039454,-11.491303032322758
29677,3,Inactive Low-Value Customers,28.605100000000554,0.23809523809523808,0.10790077545642739,91.59531101729571,-42.45236127119993,134.04767228849565
29492,1,High Value but Cooling,-3.4473000000002543,0.0,0.12413778410416021,-31.217249535330534,-49.176443769495236,17.959194234164702
29575,8,Recent Low-Value Customers,-4.044799999999952,0.0,0.11380022563025272,-39.58778752571782,-52.87465795134741,13.286870425629587
29926,8,Recent Low-Value Customers,-4.044799999999952,0.0,0.11380022563025272,-39.58778752571782,-55.79167604741409,16.20388852169627
29547,8,Recent Low-Value Customers,-4.044799999999952,0.0,0.11380022563025272,-39.58778752571782,-55.93951362735943,16.35172610164161
29709,3,Inactive Low-Value Customers,-14.012099999999677,0.23809523809523808,0.10790077545642739,-44.86761652661221,-96.30265987051735,51.435043343905136
29991,1,High Value but Cooling,-24.51429999999993,0.0,0.12413778410416021,-221.99083928984848,-234.29056746327262,12.299728173424143
29857,1,High Value but Cooling,-20.474700000000077,0.0,0.12413778410416021,-185.40997855161643,-242.90378367250494,57.49380512088851
29545,8,Recent Low-Value Customers,-8.485000000000014,0.0,0.11380022563025272,-83.0454848585147,-291.1483803072415,208.1028954487268
29574,1,High Value but Cooling,-30.51989999999965,0.0,0.12413778410416021,-276.3749409953451,-292.23290493089274,15.857963935547616
29743,1,High Value but Cooling,-32.58649999999967,0.0,0.12413778410416021,-295.08917181068165,-341.0891698908571,45.99999808017543
29862,2,Inactive Minimal Buyers,-20.68690000000001,0.0,0.10294761225463797,-221.63279419744438,-358.6098007627817,136.9770065653373
29697,2,Inactive Minimal Buyers,-24.605299999999943,0.0,0.10294761225463797,-263.6132717355603,-363.52639933569276,99.91312760013244
30040,1,High Value but Cooling,-33.825199999999995,0.0,0.12413778410416021,-306.3063002878729,-364.77204143589034,58.46574114801746
29728,1,High Value but Cooling,-29.480500000000053,0.0,0.12413778410416021,-266.9625866406305,-371.4956822739137,104.53309563328321
29535,1,High Value but Cooling,-49.102699999999544,0.0,0.12413778410416021,-444.6526959528754,-389.70256140526493,-54.950134547610446
29886,5,Champions,-19.303800000000003,0.0,0.12297395295233766,-176.2785051026471,-408.5697248249937,232.29121972234663
29777,4,Frequent Low-Spend Customers,-19.468399999999974,0.0,0.07773582937909708,-269.91147310413754,-463.79565201566663,193.8841789115291
30032,1,High Value but Cooling,-45.29009999999994,0.0,0.12413778410416021,-410.1274484901132,-512.8631163468652,102.73566785675206
29733,1,High Value but Cooling,-44.06600000000013,0.0,0.12413778410416021,-399.0425312632431,-513.3742691841787,114.33173792093561
30062,8,Recent Low-Value Customers,-40.785799999999995,0.0,0.11380022563025272,-399.1840349254453,-525.1393797136354,125.95534478819013
29902,1,High Value but Cooling,-53.40269999999998,0.0,0.12413778410416021,-483.59162584059186,-528.4114718074228,44.81984596683094
29567,4,Frequent Low-Spend Customers,-22.823399999999896,0.0,0.07773582937909708,-316.42546461162465,-585.4126236954039,268.98715908377926
29852,1,High Value but Cooling,-60.77829999999997,0.0,0.12413778410416021,-550.381851719618,-604.9531744719691,54.57132275235108
30002,8,Recent Low-Value Customers,-56.93509999999992,0.0,0.11380022563025272,-557.2425438972311,-671.7340992888843,114.49155539165315
30010,1,High Value but Cooling,-77.16199999999998,0.0,0.12413778410416021,-698.7455134873658,-723.5635636655148,24.818050178149065
29850,4,Frequent Low-Spend Customers,-50.69349999999989,0.0,0.07773582937909708,-702.8187864336352,-736.7290361624567,33.910249728821555
29893,8,Recent Low-Value Customers,-61.91599999999994,0.0,0.11380022563025272,-605.9922499115831,-740.1504566256268,134.15820671404367
29585,2,Inactive Minimal Buyers,-67.24769999999995,0.0,0.10294761225463797,-720.470232579626,-749.1597057327781,28.689473153152107
29768,2,Inactive Minimal Buyers,-67.24769999999995,0.0,0.10294761225463797,-720.470232579626,-753.9459386748599,33.47570609523393
29867,1,High Value but Cooling,-74.67709999999992,0.0,0.12413778410416021,-676.2433397948126,-755.3077341619459,79.06439436713322
29668,2,Inactive Minimal Buyers,-67.24769999999995,0.0,0.10294761225463797,-720.470232579626,-759.2039775585763,38.73374497895031
29719,1,High Value but Cooling,-78.90209999999993,0.0,0.12413778410416021,-714.5031023007627,-765.162077289757,50.65897498899426
29679,4,Frequent Low-Spend Customers,-46.19919999999996,0.0,0.07773582937909708,-640.5094475268988,-778.5732955230905,138.0638479961916
29662,1,High Value but Cooling,-83.3838999999997,0.0,0.12413778410416021,-755.0883339218653,-792.0662658543991,36.97793193253381
29845,1,High Value but Cooling,-86.03449999999985,0.0,0.12413778410416021,-779.0910147498599,-833.2241773774529,54.133162627592924
29809,3,Inactive Low-Value Customers,-130.4767750000007,0.23809523809523808,0.10790077545642739,-417.79475641261695,-837.3293625049068,419.5346060922899
29999,1,High Value but Cooling,-99.85719999999996,0.0,0.12413778410416021,-904.2633743216943,-873.8120892426982,-30.45128507899608
29952,1,High Value but Cooling,-96.96209999999985,0.0,0.12413778410416021,-878.0466078291547,-903.1790526479693,25.132444818814633
29674,1,High Value but Cooling,-84.75960000000009,0.0,0.12413778410416021,-767.5460748164097,-908.5239484051598,140.97787358875007
29842,1,High Value but Cooling,-113.02099999999987,0.0,0.12413778410416021,-1023.4690220556168,-964.2594836808311,-59.20953837478578
29672,1,High Value but Cooling,-99.66959999999997,0.0,0.12413778410416021,-902.5645503107794,-986.5210353037786,83.95648499299921
29573,1,High Value but Cooling,-106.49300000000025,0.0,0.12413778410416021,-964.3542931470186,-1031.11208674045,66.75779359343142
29993,1,High Value but Cooling,-127.49229999999997,0.0,0.12413778410416021,-1154.5148211449327,-1054.848281123947,-99.66654002098585
29788,1,High Value but Cooling,-172.28899999999982,0.0,0.12413778410416021,-1560.1742538195572,-1055.7377696250605,-504.43648419449664
29623,7,Lost Customers,-62.43540000000007,0.0,0.15000000000000002,-478.67140000000046,-1086.3194346786568,607.6480346786564
30068,1,High Value but Cooling,-137.71429999999992,0.0,0.12413778410416021,-1247.0808074966062,-1120.6927979833395,-126.38800951326675
29930,1,High Value but Cooling,-123.92089999999996,0.0,0.12413778410416021,-1122.1737759819148,-1124.9995212816827,2.8257452997679593
29644,1,High Value but Cooling,-120.06699999999998,0.0,0.12413778410416021,-1087.2745336809255,-1179.4979202598427,92.22338657891714
29990,1,High Value but Cooling,-152.22939999999994,0.0,0.12413778410416021,-1378.5232403368705,-1305.6659698204523,-72.85727051641811
29528,1,High Value but Cooling,-167.32939999999994,0.0,0.12413778410416021,-1515.2622731983724,-1341.6483878444185,-173.61388535395395
29565,1,High Value but Cooling,-223.89889999999986,0.0,0.12413778410416021,-2027.5310625665004,-1348.6834081376885,-678.8476544288119
29750,2,Inactive Minimal Buyers,-87.81599999999992,0.0,0.10294761225463797,-940.8323845159375,-1365.8992817170301,425.0668972010926
29751,4,Frequent Low-Spend Customers,-81.57159999999999,0.0,0.07773582937909708,-1130.9152636817353,-1396.2613341677702,265.34607048603493
29847,1,High Value but Cooling,-160.79619999999989,0.0,0.12413778410416021,-1456.1004553513014,-1462.6276761063689,6.527220755067447
29498,1,High Value but Cooling,-181.29689999999994,0.0,0.12413778410416021,-1641.7458785952622,-1546.3052435176496,-95.44063507761257
29640,1,High Value but Cooling,-193.53749999999997,0.0,0.12413778410416021,-1752.5914286379445,-1592.8755036763866,-159.7159249615579
29599,1,High Value but Cooling,-176.74799999999982,0.0,0.12413778410416021,-1600.553018556606,-1610.2300584089057,9.677039852299686
29927,1,High Value but Cooling,-189.69979999999993,0.0,0.12413778410416021,-1717.8388864914152,-1652.8703616577163,-64.9685248336989
29873,3,Inactive Low-Value Customers,-344.62839999999994,0.23809523809523808,0.10790077545642739,-1103.521591722888,-1684.746186487404,581.224594764516
29914,1,High Value but Cooling,-184.59300000000013,0.0,0.12413778410416021,-1671.5939266889588,-1724.7837849648217,53.18985827586289
30115,1,High Value but Cooling,-257.0907999999998,0.0,0.12413778410416021,-2328.1024734827706,-1735.0423348974418,-593.0601385853288
30057,1,High Value but Cooling,-197.66439999999983,0.0,0.12413778410416021,-1789.9628402085482,-1767.7071605003064,-22.255679708241814
30064,1,High Value but Cooling,-215.67329999999987,0.0,0.12413778410416021,-1953.0436063608338,-1785.9552769326247,-167.08832942820914
29971,1,High Value but Cooling,-205.32979999999975,0.0,0.12413778410416021,-1859.3773688507038,-1912.1661113775303,52.78874252682658
29493,1,High Value but Cooling,-245.41449999999952,0.0,0.12413778410416021,-2222.3669788204666,-1976.132134799122,-246.23484402134454
29785,1,High Value but Cooling,-255.92309999999983,0.0,0.12413778410416021,-2317.528290126985,-2010.8429798632787,-306.68531026370647
29730,1,High Value but Cooling,-208.49509999999992,0.0,0.12413778410416021,-1888.0409490306067,-2026.9671334258028,138.92618439519606
30007,1,High Value but Cooling,-340.7173999999998,0.0,0.12413778410416021,-3085.3885930520223,-2112.2038467444095,-973.1847463076128
29548,1,High Value but Cooling,-279.60179999999974,0.0,0.12413778410416021,-2531.952299227491,-2250.211076172275,-281.74122305521587
30012,1,High Value but Cooling,-488.4436999999993,0.0,0.12413778410416021,-4423.133718231364,-2458.470618249521,-1964.6630999818426
29849,1,High Value but Cooling,-495.6834999999996,0.0,0.12413778410416021,-4488.694198371148,-2514.702218560915,-1973.9919798102328
29775,1,High Value but Cooling,-312.23209999999983,0.0,0.12413778410416021,-2827.4381047891256,-2555.687665989965,-271.75043879916075
29829,8,Recent Low-Value Customers,-177.495925,0.0,0.11380022563025272,-1737.2109784367162,-2562.515748018633,825.3047695819168
30041,1,High Value but Cooling,-237.99949999999987,0.0,0.12413778410416021,-2155.2199636768914,-2610.4315988907924,455.211635213901
30047,1,High Value but Cooling,-307.77899999999966,0.0,0.12413778410416021,-2787.1127678861067,-2650.5281823878654,-136.58458549824127
29815,3,Inactive Low-Value Customers,-656.9327999999994,0.23809523809523808,0.10790077545642739,-2103.5397231074776,-2711.228006596562,607.6882834890844
29765,1,High Value but Cooling,-265.99969999999985,0.0,0.12413778410416021,-2408.7775973145485,-2725.6147926800895,316.837195365541
29962,1,High Value but Cooling,-317.52309999999983,0.0,0.12413778410416021,-2875.351099681192,-2741.5282877759605,-133.82281190523145
29600,3,Inactive Low-Value Customers,-294.8204999999996,0.23809523809523808,0.10790077545642739,-944.0335951202433,-2828.984509521792,1884.9509144015487
29959,1,High Value but Cooling,-330.5387999999998,0.0,0.12413778410416021,-2993.215618225262,-2860.1131780117594,-133.10244021350263
29975,3,Inactive Low-Value Customers,-855.4340999999989,0.23809523809523808,0.10790077545642739,-2739.15324345305,-2963.6772608870815,224.52401743403152
29890,1,High Value but Cooling,-537.2755999999995,0.0,0.12413778410416021,-4865.334167157828,-3000.6142133756225,-1864.7199537822057
29897,3,Inactive Low-Value Customers,-725.3786999999988,0.23809523809523808,0.10790077545642739,-2322.7077560232356,-3083.2927972256775,760.585041202442
29781,3,Inactive Low-Value Customers,-742.9480999999995,0.23809523809523808,0.10790077545642739,-2378.966068610407,-3111.02038023336,732.0543116229528
29696,1,High Value but Cooling,-362.59289999999976,0.0,0.12413778410416021,-3283.483607181942,-3312.259579690518,28.77597250857616
29903,1,High Value but Cooling,-340.4070999999998,0.0,0.12413778410416021,-3082.578651204544,-3330.6742276437594,248.09557643921562
29663,3,Inactive Low-Value Customers,-935.4029999999993,0.23809523809523808,0.10790077545642739,-2995.2186397359123,-3331.139171753809,335.9205320178967
29669,3,Inactive Low-Value Customers,-890.5961999999993,0.23809523809523808,0.10790077545642739,-2851.7444766779367,-3353.8265071017004,502.0820304237636
30039,3,Inactive Low-Value Customers,-484.1659249999992,0.23809523809523808,0.10790077545642739,-1550.3294337146435,-3388.7004336421883,1838.3709999275447
29833,1,High Value but Cooling,-500.66629999999964,0.0,0.12413778410416021,-4533.816268102426,-3449.2265608823827,-1084.5897072200432
29858,1,High Value but Cooling,-306.60139999999967,0.0,0.12413778410416021,-2776.4489344359276,-3548.9370686327034,772.4881341967757
29520,3,Inactive Low-Value Customers,-1017.2194699999993,0.23809523809523808,0.10790077545642739,-3257.2000701796833,-3580.7564601028034,323.55638992312015
29851,1,High Value but Cooling,-363.0424999999998,0.0,0.12413778410416021,-3287.5549892464805,-3657.027765903907,369.4727766574265
29819,1,High Value but Cooling,-440.6633999999998,0.0,0.12413778410416021,-3990.456101553724,-3729.0047837117727,-261.4513178419511
29905,1,High Value but Cooling,-201.74309999999986,0.0,0.12413778410416021,-1826.8977735418073,-3731.275170659434,1904.3773971176267
29875,1,High Value but Cooling,-416.2676999999997,0.0,0.12413778410416021,-3769.5392522835673,-3866.136765609449,96.59751332588166
29982,3,Inactive Low-Value Customers,-988.2879999999996,0.23809523809523808,0.10790077545642739,-3164.559702104148,-3893.043142864714,728.4834407605658
29859,1,High Value but Cooling,-434.9648999999995,0.0,0.12413778410416021,-3938.8529638874115,-3894.3832217029644,-44.469742184447114
29944,1,High Value but Cooling,-390.0005999999994,0.0,0.12413778410416021,-3531.6758185036733,-3940.9691394278607,409.29332092418736
29713,4,Frequent Low-Spend Customers,-224.3609249999999,0.0,0.07773582937909708,-3110.5580208829165,-3982.033005063112,871.4749841801954
29936,4,Frequent Low-Spend Customers,-228.7917249999999,0.0,0.07773582937909708,-3171.9869906508384,-4007.492954685372,835.5059640345335
29798,3,Inactive Low-Value Customers,-1005.3024999999993,0.23809523809523808,0.10790077545642739,-3219.0411903458853,-4187.791299318245,968.7501089723601
30084,1,High Value but Cooling,-443.4566999999996,0.0,0.12413778410416021,-4015.7510115200816,-4309.89050624875,294.1394947286685
30104,1,High Value but Cooling,-549.2492999999997,0.0,0.12413778410416021,-4973.762786877947,-4320.396570239455,-653.366216638492
29530,1,High Value but Cooling,-1019.1774999999996,0.0,0.12413778410416021,-9229.228189682352,-4458.947384088157,-4770.280805594194
29516,8,Recent Low-Value Customers,-354.99185,0.0,0.11380022563025272,-3474.4219568734325,-4464.642214770396,990.2202578969636
29805,3,Inactive Low-Value Customers,-1339.6989569999994,0.23809523809523808,0.10790077545642739,-4289.799463590733,-4491.89923579365,202.09977220291785
29800,1,High Value but Cooling,-527.6822999999997,0.0,0.12413778410416021,-4778.4614145783435,-4503.607143086532,-274.85427149181123
29611,1,High Value but Cooling,-562.9093999999996,0.0,0.12413778410416021,-5097.462711566118,-4510.013992524387,-587.4487190417312
29778,3,Inactive Low-Value Customers,-1389.2418999999986,0.23809523809523808,0.10790077545642739,-4448.439051384413,-4567.578677048016,119.13962566360351
29598,3,Inactive Low-Value Customers,-1306.3934999999988,0.23809523809523808,0.10790077545642739,-4183.1533168375945,-4576.849279337001,393.69596249940605
29555,3,Inactive Low-Value Customers,-1171.9277999999993,0.23809523809523808,0.10790077545642739,-3752.5857742435087,-4582.08817051489,829.5023962713817
29721,3,Inactive Low-Value Customers,-1510.3660999999986,0.23809523809523808,0.10790077545642739,-4836.286280400249,-4982.774512957117,146.48823255686784
30030,3,Inactive Low-Value Customers,-1518.213799999999,0.23809523809523808,0.10790077545642739,-4861.415104360678,-5130.776309502125,269.3612051414466
30052,3,Inactive Low-Value Customers,-1312.8539999999985,0.23809523809523808,0.10790077545642739,-4203.840240037555,-5135.117705775966,931.2774657384107
29756,1,High Value but Cooling,-665.2644999999998,0.0,0.12413778410416021,-6024.345981926539,-5320.628000442468,-703.7179814840711
29988,3,Inactive Low-Value Customers,-1651.1403999999989,0.23809523809523808,0.10790077545642739,-5287.054352937729,-5543.543468445372,256.48911550764296
29681,3,Inactive Low-Value Customers,-1231.6523999999993,0.23809523809523808,0.10790077545642739,-3943.827661612666,-5634.727505421244,1690.8998438085782
30022,3,Inactive Low-Value Customers,-1330.632925,0.23809523809523808,0.10790077545642739,-4260.769464718758,-5744.92885076334,1484.1593860445819
29610,3,Inactive Low-Value Customers,-1410.743599999999,0.23809523809523808,0.10790077545642739,-4517.288833377854,-5903.531585664864,1386.2427522870103
29810,3,Inactive Low-Value Customers,-1398.8488249999994,0.23809523809523808,0.10790077545642739,-4479.201023315812,-5904.937846104179,1425.7368227883671
30042,1,High Value but Cooling,-820.7997999999991,0.0,0.12413778410416021,-7432.8060148949835,-5922.310465397951,-1510.4955494970327
29969,3,Inactive Low-Value Customers,-1754.3308999999995,0.23809523809523808,0.10790077545642739,-5617.476758086816,-5948.029633270617,330.552875183801
29606,1,High Value but Cooling,-1143.895999999999,0.0,0.12413778410416021,-10358.62468438018,-6063.485041499488,-4295.139642880692
29981,3,Inactive Low-Value Customers,-1723.334044999998,0.23809523809523808,0.10790077545642739,-5518.222898660241,-6142.597497870727,624.3745992104859
29554,1,High Value but Cooling,-835.3392999999995,0.0,0.12413778410416021,-7564.4694035234525,-6152.364940653766,-1412.1044628696864
30013,3,Inactive Low-Value Customers,-1370.1441999999997,0.23809523809523808,0.10790077545642739,-4387.287027052566,-6314.246670858792,1926.9596438062254
29569,1,High Value but Cooling,-710.1142999999995,0.0,0.12413778410416021,-6430.486265107452,-6374.467368795039,-56.018896312412835
29872,1,High Value but Cooling,-868.7495999999995,0.0,0.12413778410416021,-7867.018549855415,-6607.63022643855,-1259.3883234168643
29636,3,Inactive Low-Value Customers,-1607.5723999999993,0.23809523809523808,0.10790077545642739,-5147.546904601544,-6751.30485633182,1603.7579517302756
29577,3,Inactive Low-Value Customers,-2662.428123999998,0.23809523809523808,0.10790077545642739,-8525.260603143155,-6992.122666977382,-1533.1379361657728
29539,3,Inactive Low-Value Customers,-2317.946399999998,0.23809523809523808,0.10790077545642739,-7422.208677103616,-7109.757696013445,-312.4509810901709
29973,3,Inactive Low-Value Customers,-2386.554099999999,0.23809523809523808,0.10790077545642739,-7641.894803692277,-7123.8679678980425,-518.0268357942341
29764,1,High Value but Cooling,-932.3526999999995,0.0,0.12413778410416021,-8442.980561841732,-7200.1885302491355,-1242.7920315925967
30036,8,Recent Low-Value Customers,-719.0355,0.0,0.11380022563025272,-7037.436856568585,-7562.7283073575245,525.2914507889391
29495,8,Recent Low-Value Customers,-719.0355,0.0,0.11380022563025272,-7037.436856568585,-7604.252795734467,566.8159391658819
29570,3,Inactive Low-Value Customers,-2513.209934999999,0.23809523809523808,0.10790077545642739,-8047.454672351365,-7757.876857980284,-289.57781437108133
29686,3,Inactive Low-Value Customers,-2274.523799999998,0.23809523809523808,0.10790077545642739,-7283.166808619341,-7808.407750373853,525.2409417545114
29865,3,Inactive Low-Value Customers,-2800.6148999999978,0.23809523809523808,0.10790077545642739,-8967.743262745713,-7961.176217693212,-1006.5670450525013
29517,7,Lost Customers,-670.8734999999999,0.0,0.15000000000000002,-5143.363499999998,-8196.192085980143,3052.8285859801454
29675,3,Inactive Low-Value Customers,-3028.474699999998,0.23809523809523808,0.10790077545642739,-9697.364527811676,-8262.336455609271,-1435.0280722024054
29673,3,Inactive Low-Value Customers,-2308.0078999999987,0.23809523809523808,0.10790077545642739,-7390.384981379942,-8291.163060388806,900.7780790088646
29684,3,Inactive Low-Value Customers,-2109.3119999999985,0.23809523809523808,0.10790077545642739,-6754.148339719498,-8855.786125175313,2101.637785455815
29632,3,Inactive Low-Value Customers,-2744.962899999999,0.23809523809523808,0.10790077545642739,-8789.54209411724,-9245.194374069008,455.6522799517679
29808,1,High Value but Cooling,-1180.737399999999,0.0,0.12413778410416021,-10692.24438009301,-9316.424189418944,-1375.820190674067
30026,3,Inactive Low-Value Customers,-2734.5724999999998,0.23809523809523808,0.10790077545642739,-8756.271386460423,-9695.52931774931,939.2579312888865
29648,8,Recent Low-Value Customers,-923.098825,0.0,0.11380022563025272,-9034.671714136723,-10021.982055570601,987.3103414338784
29592,3,Inactive Low-Value Customers,-3153.9405999999976,0.23809523809523808,0.10790077545642739,-10099.114150521078,-10453.297643658358,354.1834931372796
30035,4,Frequent Low-Spend Customers,-722.3475,0.0,0.07773582937909708,-10014.684196857022,-10687.123230016921,672.4390331598988
29667,3,Inactive Low-Value Customers,-2233.033149999998,0.23809523809523808,0.10790077545642739,-7150.3111643090715,-10883.967130058812,3733.655965749741
29659,3,Inactive Low-Value Customers,-3040.6374999999975,0.23809523809523808,0.10790077545642739,-9736.31057060968,-11051.35287320299,1315.0423025933105
29731,3,Inactive Low-Value Customers,-3460.260599999998,0.23809523809523808,0.10790077545642739,-11079.969860545427,-11192.670742096352,112.70088155092526
29596,3,Inactive Low-Value Customers,-3454.211599999998,0.23809523809523808,0.10790077545642739,-11060.600585963493,-11246.461551081018,185.86096511752476
29911,7,Lost Customers,-1254.6000499999986,0.0,0.15000000000000002,-9618.60038333332,-11363.7055756578,1745.1051923244795
29759,3,Inactive Low-Value Customers,-3592.024399999998,0.23809523809523808,0.10790077545642739,-11501.88575113209,-11460.692829592006,-41.19292154008326
29761,3,Inactive Low-Value Customers,-3915.1447589999984,0.23809523809523808,0.10790077545642739,-12536.537256584777,-11735.772274202378,-800.7649823823995
29591,4,Frequent Low-Spend Customers,-643.7602749999998,0.0,0.07773582937909708,-8925.144549689488,-11921.701329248575,2996.556779559087
30061,4,Frequent Low-Spend Customers,-869.0923999999997,0.0,0.07773582937909708,-12049.167365967956,-12084.689550567859,35.522184599902175
30011,3,Inactive Low-Value Customers,-3780.317107999998,0.23809523809523808,0.10790077545642739,-12104.810724355342,-12156.612419642594,51.80169528725128
29814,7,Lost Customers,-1373.6190749999996,0.0,0.15000000000000002,-10531.079574999994,-12396.708178702778,1865.628603702784
29533,3,Inactive Low-Value Customers,-4173.7557499999975,0.23809523809523808,0.10790077545642739,-13364.625749655437,-12594.556352386984,-770.069397268453
29656,7,Lost Customers,-1394.3028,0.0,0.15000000000000002,-10689.654799999997,-12636.044676689637,1946.38987668964
29866,3,Inactive Low-Value Customers,-4514.645199999997,0.23809523809523808,0.10790077545642739,-14456.174990709105,-13106.117377889204,-1350.057612819901
29682,1,High Value but Cooling,-1973.8052999999995,0.0,0.12413778410416021,-17873.92236946404,-13547.257615874838,-4326.664753589201
29633,1,High Value but Cooling,-1868.565175,0.0,0.12413778410416021,-16920.91356742937,-13900.712050218965,-3020.201517210404
29531,3,Inactive Low-Value Customers,-4227.356399999998,0.23809523809523808,0.10790077545642739,-13536.258367876633,-13926.506302501715,390.24793462508205
29740,3,Inactive Low-Value Customers,-4425.151199999997,0.23809523809523808,0.10790077545642739,-14169.609631238876,-13995.944746704348,-173.66488453452803
29769,3,Inactive Low-Value Customers,-4583.448475000001,0.23809523809523808,0.10790077545642739,-14676.487360623341,-14075.313571985294,-601.173788638047
29685,3,Inactive Low-Value Customers,-4447.0570499999985,0.23809523809523808,0.10790077545642739,-14239.753526692777,-14227.450780420828,-12.302746271949218
29912,3,Inactive Low-Value Customers,-4348.552899999995,0.23809523809523808,0.10790077545642739,-13924.337105993516,-14262.051569047775,337.7144630542589
29883,3,Inactive Low-Value Customers,-4482.7162999999955,0.23809523809523808,0.10790077545642739,-14353.936665167845,-14298.64315164867,-55.29351351917467
30009,3,Inactive Low-Value Customers,-3767.925191999997,0.23809523809523808,0.10790077545642739,-12065.131037861667,-14351.238065809674,2286.1070279480064
29791,3,Inactive Low-Value Customers,-4498.396899999997,0.23809523809523808,0.10790077545642739,-14404.146922567328,-14361.134833203036,-43.01208936429248
29892,3,Inactive Low-Value Customers,-4300.136799999994,0.23809523809523808,0.10790077545642739,-13769.305739637708,-14362.730229299723,593.4244896620148
29708,3,Inactive Low-Value Customers,-4604.811099999997,0.23809523809523808,0.10790077545642739,-14744.891815808622,-14580.46926186528,-164.42255394334097
29773,3,Inactive Low-Value Customers,-4524.201799999995,0.23809523809523808,0.10790077545642739,-14486.775818857499,-14747.277512930077,260.5016940725782
30091,3,Inactive Low-Value Customers,-4480.085699999994,0.23809523809523808,0.10790077545642739,-14345.513320199214,-14753.101958395857,407.58863819664293
29824,3,Inactive Low-Value Customers,-4635.227399999994,0.23809523809523808,0.10790077545642739,-14842.286701982592,-14958.322978699358,116.03627671676622
29694,4,Frequent Low-Spend Customers,-1437.8709,0.0,0.07773582937909708,-19934.758519065384,-15066.955268084166,-4867.803250981218
29899,7,Lost Customers,-1714.9705999999985,0.0,0.15000000000000002,-13148.107933333318,-15102.396355615369,1954.2884222820503
29784,3,Inactive Low-Value Customers,-5035.133299999999,0.23809523809523808,0.10790077545642739,-16122.810290019384,-15182.882510062034,-939.9277799573501
30100,3,Inactive Low-Value Customers,-4506.794799999995,0.23809523809523808,0.10790077545642739,-14431.037521180582,-15264.311680280614,833.2741591000322
29906,3,Inactive Low-Value Customers,-4655.277799999994,0.23809523809523808,0.10790077545642739,-14906.489331025006,-15314.033838315816,407.54450729080963
29718,3,Inactive Low-Value Customers,-4845.620299999995,0.23809523809523808,0.10790077545642739,-15515.977865842553,-15383.13827799747,-132.83958784508286
29817,7,Lost Customers,-1753.9049999999997,0.0,0.15000000000000002,-13446.604999999994,-15484.368608921925,2037.7636089219304
29581,3,Inactive Low-Value Customers,-5230.076099999995,0.23809523809523808,0.10790077545642739,-16747.029271829684,-15580.115350653012,-1166.9139211766724
29794,3,Inactive Low-Value Customers,-4737.760899999997,0.23809523809523808,0.10790077545642739,-15170.605352229992,-15771.875648381187,601.270296151195
29597,4,Frequent Low-Spend Customers,-1464.3118,0.0,0.07773582937909708,-20301.33729642763,-15792.208701459807,-4509.128594967824
29661,3,Inactive Low-Value Customers,-5636.157399999996,0.23809523809523808,0.10790077545642739,-18047.326875117462,-16010.014566426371,-2037.312308691091
30090,3,Inactive Low-Value Customers,-4860.9927999999945,0.23809523809523808,0.10790077545642739,-15565.201567861188,-16017.351057378872,452.14948951768383
29863,4,Frequent Low-Spend Customers,-1273.9169749999999,0.0,0.07773582937909708,-17661.688034692997,-16207.720290164862,-1453.9677445281359
29846,3,Inactive Low-Value Customers,-5364.379399999995,0.23809523809523808,0.10790077545642739,-17177.07679951352,-16402.742338472566,-774.3344610409549
29779,7,Lost Customers,-1809.0124499999997,0.0,0.15000000000000002,-13869.095449999993,-16535.910582248198,2666.8151322482045
29506,7,Lost Customers,-1677.2349000000004,0.0,0.15000000000000002,-12858.8009,-16575.37154135138,3716.570641351378
29961,3,Inactive Low-Value Customers,-5780.933499999997,0.23809523809523808,0.10790077545642739,-18510.908960387955,-16962.72690131718,-1548.1820590707757
29634,4,Frequent Low-Spend Customers,-1290.7071999999998,0.0,0.07773582937909708,-17894.46907286254,-17116.210462048155,-778.2586108143842
30106,3,Inactive Low-Value Customers,-7475.891699999995,0.23809523809523808,0.10790077545642739,-23938.270636813224,-17294.262653298167,-6644.007983515057
29795,3,Inactive Low-Value Customers,-5301.701321999997,0.23809523809523808,0.10790077545642739,-16976.3776917189,-17995.24935172261,1018.8716600037114
29649,3,Inactive Low-Value Customers,-4339.304158,0.23809523809523808,0.10790077545642739,-13894.722058326903,-18733.130763417386,4838.408705090484
29894,7,Lost Customers,-1876.1032000000002,0.0,0.15000000000000002,-14383.457866666666,-19922.796101974935,5539.338235308269
29950,3,Inactive Low-Value Customers,-6278.61185,0.23809523809523808,0.10790077545642739,-20104.506020171833,-20884.26694528736,779.7609251155263
29979,7,Lost Customers,-2631.7162249999997,0.0,0.15000000000000002,-20176.491058333326,-22764.21003954515,2587.718981211823
29702,3,Inactive Low-Value Customers,-8602.718900000002,0.23809523809523808,0.10790077545642739,-27546.441482108192,-23312.241459531055,-4234.200022577137
29666,7,Lost Customers,-2598.868949999999,0.0,0.15000000000000002,-19924.661949999987,-24106.954507657112,4182.292557657125
30095,3,Inactive Low-Value Customers,-6493.761099999995,0.23809523809523808,0.10790077545642739,-20793.427312839474,-24210.265548689174,3416.8382358497
29874,7,Lost Customers,-2685.1283249999997,0.0,0.15000000000000002,-20585.983824999992,-25546.76869221191,4960.784867211918
29487,3,Inactive Low-Value Customers,-11945.553974999999,0.23809523809523808,0.10790077545642739,-38250.40750124967,-25697.019498861457,-12553.388002388212
29489,3,Inactive Low-Value Customers,-8927.515448999995,0.23809523809523808,0.10790077545642739,-28586.460252292465,-25998.84837617204,-2587.6118761204234
29755,3,Inactive Low-Value Customers,-8178.206474999999,0.23809523809523808,0.10790077545642739,-26187.126269136344,-26545.2445582928,358.11828915645674
30015,7,Lost Customers,-2870.7098579999997,0.0,0.15000000000000002,-22008.775577999993,-27673.565353257418,5664.7897752574245
29602,4,Frequent Low-Spend Customers,-2157.1065,0.0,0.07773582937909708,-29906.29908248808,-27775.01012430614,-2131.28895818194
29510,3,Inactive Low-Value Customers,-7948.643043999996,0.23809523809523808,0.10790077545642739,-25452.049871548417,-28376.70609760982,2924.656226061401
30105,3,Inactive Low-Value Customers,-7751.990899999998,0.23809523809523808,0.10790077545642739,-24822.357463834498,-28414.460673446523,3592.1032096120252
30014,7,Lost Customers,-3895.5854749999994,0.0,0.15000000000000002,-29866.155308333324,-28703.269733443456,-1162.8855748898677
29670,4,Frequent Low-Spend Customers,-2267.116025,0.0,0.07773582937909708,-31431.480039743765,-29002.151573652845,-2429.3284660909194
29921,3,Inactive Low-Value Customers,-8645.829499999989,0.23809523809523808,0.10790077545642739,-27684.48430716879,-29877.89345733895,2193.4091501701587
29671,7,Lost Customers,-3789.4725249999997,0.0,0.15000000000000002,-29052.622691666656,-30421.793884699116,1369.17119303246
29938,3,Inactive Low-Value Customers,-10484.593775000003,0.23809523809523808,0.10790077545642739,-33572.321988425465,-30756.03355407316,-2816.2884343523037
29526,7,Lost Customers,-3751.2050249999993,0.0,0.15000000000000002,-28759.23852499999,-31330.732370681308,2571.493845681318
29631,4,Frequent Low-Spend Customers,-2506.90375,0.0,0.07773582937909708,-34755.91646425939,-31678.170795994876,-3077.7456682645134
29803,3,Inactive Low-Value Customers,-12382.143257999998,0.23809523809523808,0.10790077545642739,-39648.393565385166,-32229.00280703824,-7419.390758346926
29970,4,Frequent Low-Spend Customers,-2421.1501249999997,0.0,0.07773582937909708,-33567.02126754214,-32530.17760652546,-1036.8436610166827
29967,3,Inactive Low-Value Customers,-9309.364963999993,0.23809523809523808,0.10790077545642739,-29809.1661714547,-33016.95330808145,3207.78713662675
29871,4,Frequent Low-Spend Customers,-2420.980225,0.0,0.07773582937909708,-33564.66576019278,-33230.48669476805,-334.17906542473065
29699,3,Inactive Low-Value Customers,-9242.383208,0.23809523809523808,0.10790077545642739,-29594.686418777594,-34534.82198363665,4940.135564859054
29963,3,Inactive Low-Value Customers,-11416.968299999993,0.23809523809523808,0.10790077545642739,-36557.84326267292,-35261.87196658368,-1295.9712960892357
29637,3,Inactive Low-Value Customers,-12546.240551999996,0.23809523809523808,0.10790077545642739,-40173.84331668917,-37922.09108409556,-2251.752232593608
30005,7,Lost Customers,-4995.280175,0.0,0.15000000000000002,-38297.14800833332,-38134.58158669395,-162.56642163937067
29776,7,Lost Customers,-4810.469574999999,0.0,0.15000000000000002,-36880.26674166665,-39244.15926946772,2363.8925278010647
29946,3,Inactive Low-Value Customers,-12479.571699999993,0.23809523809523808,0.10790077545642739,-39960.36550209995,-39696.617313098934,-263.7481890010167
29622,3,Inactive Low-Value Customers,-13571.93445,0.23809523809523808,0.10790077545642739,-43458.1790329024,-41536.3651708613,-1921.8138620410973
29746,3,Inactive Low-Value Customers,-14130.94280799999,0.23809523809523808,0.10790077545642739,-45248.15859641645,-43540.17979985396,-1707.9787965624855
29789,3,Inactive Low-Value Customers,-18287.034739999992,0.23809523809523808,0.10790077545642739,-58556.22370117072,-45808.55495779322,-12747.6687433775
29698,3,Inactive Low-Value Customers,-16345.871699999992,0.23809523809523808,0.10790077545642739,-52340.498799524656,-45811.84490212995,-6528.653897394703
29820,7,Lost Customers,-5083.681074999999,0.0,0.15000000000000002,-38974.88824166665,-45830.53184568854,6855.6436040218905
29954,3,Inactive Low-Value Customers,-13063.232502999997,0.23809523809523808,0.10790077545642739,-41829.28372924786,-45914.60345202824,4085.319722780383
29947,3,Inactive Low-Value Customers,-13618.198115,0.23809523809523808,0.10790077545642739,-43606.31816838784,-47110.52874741627,3504.210579028426
29749,3,Inactive Low-Value Customers,-10871.338799999994,0.23809523809523808,0.10790077545642739,-34810.70363537882,-47330.02953240505,12519.325897026232
29543,3,Inactive Low-Value Customers,-14040.162400000001,0.23809523809523808,0.10790077545642739,-44957.474078444626,-47339.49911664989,2382.025038205262
29538,7,Lost Customers,-5838.124575,0.0,0.15000000000000002,-44758.95507499999,-48074.55341874732,3315.598343747326
29783,3,Inactive Low-Value Customers,-14585.254417999999,0.23809523809523808,0.10790077545642739,-46702.89265491365,-48348.751970668345,1645.859315754693
29601,3,Inactive Low-Value Customers,-14627.482183999997,0.23809523809523808,0.10790077545642739,-46838.10859054525,-48680.431377752684,1842.3227872074349
29692,3,Inactive Low-Value Customers,-15950.132839999998,0.23809523809523808,0.10790077545642739,-51073.318332987954,-50239.09870628277,-834.219626705184
29627,3,Inactive Low-Value Customers,-15949.041258999998,0.23809523809523808,0.10790077545642739,-51069.82302266932,-50609.909928519635,-459.9130941496842
30049,3,Inactive Low-Value Customers,-14827.217699999997,0.23809523809523808,0.10790077545642739,-47477.67414735923,-52074.15069228687,4596.476544927646
29895,3,Inactive Low-Value Customers,-17337.644179999992,0.23809523809523808,0.10790077545642739,-55516.216023515924,-53928.76832037352,-1587.447703142403
30063,7,Lost Customers,-7286.989524999999,0.0,0.15000000000000002,-55866.91969166664,-54007.8689034585,-1859.0507882081438
29928,7,Lost Customers,-7555.718449999999,0.0,0.15000000000000002,-57927.174783333314,-54278.05054260407,-3649.124240729245
30088,3,Inactive Low-Value Customers,-16378.848774999997,0.23809523809523808,0.10790077545642739,-52446.093446670304,-55146.93956230262,2700.8461156323174
30093,7,Lost Customers,-7342.316849999999,0.0,0.15000000000000002,-56291.09584999999,-55727.30365153725,-563.7921984627392
29907,7,Lost Customers,-5833.002799999999,0.0,0.15000000000000002,-44719.688133333315,-55999.06755226046,11279.379418927143
29655,3,Inactive Low-Value Customers,-19029.237999999998,0.23809523809523808,0.10790077545642739,-60932.80474573095,-56567.16562137514,-4365.63912435581
30043,3,Inactive Low-Value Customers,-15492.258849999997,0.23809523809523808,0.10790077545642739,-49607.17731195396,-58190.73117972161,8583.553867767652
29595,7,Lost Customers,-7431.064724999999,0.0,0.15000000000000002,-56971.49622499998,-58717.918684314565,1746.4224593145846
29618,3,Inactive Low-Value Customers,-19271.863299999994,0.23809523809523808,0.10790077545642739,-61709.706061026605,-60422.97299773123,-1286.7330632953744
29642,3,Inactive Low-Value Customers,-19458.375475,0.23809523809523808,0.10790077545642739,-62306.92965673638,-60472.60649952285,-1834.3231572135264
29560,3,Inactive Low-Value Customers,-18958.112875999992,0.23809523809523808,0.10790077545642739,-60705.05767077145,-60526.103363415634,-178.95430735581613
30094,3,Inactive Low-Value Customers,-20581.050099999993,0.23809523809523808,0.10790077545642739,-65901.80369836176,-60647.63594346243,-5254.167754899332
29513,3,Inactive Low-Value Customers,-19356.313199999993,0.23809523809523808,0.10790077545642739,-61980.11989827519,-61768.6883242212,-211.4315740539896
29704,3,Inactive Low-Value Customers,-20222.375265999995,0.23809523809523808,0.10790077545642739,-64753.3045505068,-61932.49059898909,-2820.81395151771
29748,3,Inactive Low-Value Customers,-19929.113100000002,0.23809523809523808,0.10790077545642739,-63814.26083786902,-62534.610492299646,-1279.6503455693746
29509,3,Inactive Low-Value Customers,-21264.33279999999,0.23809523809523808,0.10790077545642739,-68089.71744168852,-62607.959896533685,-5481.75754515484
30083,3,Inactive Low-Value Customers,-18878.855899999995,0.23809523809523808,0.10790077545642739,-60451.27189945759,-62934.370080030196,2483.098180572604
29504,3,Inactive Low-Value Customers,-19696.469325,0.23809523809523808,0.10790077545642739,-63069.32098702555,-63537.615474258855,468.2944872333028
29651,3,Inactive Low-Value Customers,-21795.90369999999,0.23809523809523808,0.10790077545642739,-69791.84055656115,-64794.33626140861,-4997.504295152539
30109,3,Inactive Low-Value Customers,-17866.006814999997,0.23809523809523808,0.10790077545642739,-57208.06607412727,-66414.96238275222,9206.896308624942
30076,3,Inactive Low-Value Customers,-22178.562399999988,0.23809523809523808,0.10790077545642739,-71017.13753646938,-67311.07527643454,-3706.0622600348433
29587,3,Inactive Low-Value Customers,-20561.865254999997,0.23809523809523808,0.10790077545642739,-65840.37263031468,-68042.5763707856,2202.2037404709117
29690,3,Inactive Low-Value Customers,-20620.543491000004,0.23809523809523808,0.10790077545642739,-66028.26399501423,-68348.4000354583,2320.136040444064
30073,7,Lost Customers,-9187.629449999999,0.0,0.15000000000000002,-70438.49244999998,-68523.5839544351,-1914.9084955648723
29546,3,Inactive Low-Value Customers,-20610.401399999995,0.23809523809523808,0.10790077545642739,-65995.78838823392,-70348.33675525612,4352.548367022202
29992,3,Inactive Low-Value Customers,-22311.60907899999,0.23809523809523808,0.10790077545642739,-71443.16128547999,-70380.0732978551,-1063.0879876248946
30070,7,Lost Customers,-9515.92585,0.0,0.15000000000000002,-72955.43151666665,-71298.16086167192,-1657.2706549947325
29714,3,Inactive Low-Value Customers,-22553.563399999988,0.23809523809523808,0.10790077545642739,-72217.9140842457,-72474.48306286181,256.56897861610923
29889,3,Inactive Low-Value Customers,-23077.91058999999,0.23809523809523808,0.10790077545642739,-73896.90642998453,-72918.52549975786,-978.3809302266745
29844,3,Inactive Low-Value Customers,-23873.24378199999,0.23809523809523808,0.10790077545642739,-76443.61282442529,-73376.86856174289,-3066.744262682405
29888,3,Inactive Low-Value Customers,-25771.34969999999,0.23809523809523808,0.10790077545642739,-82521.46614089601,-74300.13830560628,-8221.327835289732
29853,3,Inactive Low-Value Customers,-24110.094899999993,0.23809523809523808,0.10790077545642739,-77202.0248494839,-74779.42207628803,-2422.6027731958748
29724,3,Inactive Low-Value Customers,-25032.48102399999,0.23809523809523808,0.10790077545642739,-80155.5626418991,-75765.27039047568,-4390.292251423423
29705,3,Inactive Low-Value Customers,-23994.558173999987,0.23809523809523808,0.10790077545642739,-76832.06906006557,-77602.48825622752,770.4191961619508
29942,7,Lost Customers,-6802.9008699999995,0.0,0.15000000000000002,-52155.573336666646,-78969.52414431756,26813.950807650916
29834,3,Inactive Low-Value Customers,-33271.018692,0.23809523809523808,0.10790077545642739,-106535.87314695421,-79147.67611119212,-27388.19703576209
29707,3,Inactive Low-Value Customers,-18349.555080999995,0.23809523809523808,0.10790077545642739,-58756.41772527141,-79933.52794399975,21177.110218728347
29966,3,Inactive Low-Value Customers,-27167.50792299999,0.23809523809523808,0.10790077545642739,-86992.05168910374,-85373.89845384666,-1618.1532352570794
29885,3,Inactive Low-Value Customers,-26679.514799999986,0.23809523809523808,0.10790077545642739,-85429.46732912997,-85901.77780013872,472.31047100875
29608,7,Lost Customers,-9620.365736999998,0.0,0.15000000000000002,-73756.13731699997,-87568.67184149363,13812.534524493662
29737,7,Lost Customers,-12650.108925,0.0,0.15000000000000002,-96984.16842499998,-88092.74407709893,-8891.424347901047
29486,3,Inactive Low-Value Customers,-30667.245999999985,0.23809523809523808,0.10790077545642739,-98198.43088868287,-92587.7748155473,-5610.656073135571
29919,3,Inactive Low-Value Customers,-23912.081591999995,0.23809523809523808,0.10790077545642739,-76567.97390990239,-92972.45209573099,16404.4781858286
30059,7,Lost Customers,-13564.94495,0.0,0.15000000000000002,-103997.9112833333,-93467.6481271793,-10530.263156154004
30116,7,Lost Customers,-14052.70945,0.0,0.15000000000000002,-107737.43911666665,-94532.78630557843,-13204.652811088221
29561,7,Lost Customers,-13871.483849999999,0.0,0.15000000000000002,-106348.04284999997,-96077.73173108084,-10270.311118919126
30051,7,Lost Customers,-13462.179975,0.0,0.15000000000000002,-103210.04647499997,-97357.85619878791,-5852.190276212059
29957,3,Inactive Low-Value Customers,-26081.976939999993,0.23809523809523808,0.10790077545642739,-83516.11390154861,-97777.69716691125,14261.583265362642
29609,7,Lost Customers,-11633.955230999998,0.0,0.15000000000000002,-89193.65677099997,-99503.15881228767,10309.502041287706
29524,7,Lost Customers,-12477.150900000002,0.0,0.15000000000000002,-95658.15689999999,-101798.96628750378,6140.8093875037885
29998,3,Inactive Low-Value Customers,-28130.010754,0.23809523809523808,0.10790077545642739,-90074.0456748081,-104842.03203820882,14767.98636340072
29643,7,Lost Customers,-13857.605652999999,0.0,0.15000000000000002,-106241.64333966664,-105016.07115703703,-1225.5721826296067
29703,3,Inactive Low-Value Customers,-35191.96367199999,0.23809523809523808,0.10790077545642739,-112686.85856180015,-105638.45883963634,-7048.399722163813
29617,3,Inactive Low-Value Customers,-34125.615607999986,0.23809523809523808,0.10790077545642739,-109272.34567512016,-106996.31711203876,-2276.0285630814033
29689,3,Inactive Low-Value Customers,-34267.845528,0.23809523809523808,0.10790077545642739,-109727.77473351762,-110332.74787254434,604.9731390267116
29525,3,Inactive Low-Value Customers,-34704.3298,0.23809523809523808,0.10790077545642739,-111125.42454589365,-117340.49156227586,6215.067016382207
30112,3,Inactive Low-Value Customers,-37013.5462,0.23809523809523808,0.10790077545642739,-118519.67921950905,-118357.63749283367,-162.04172667537932
29594,3,Inactive Low-Value Customers,-35839.272401999995,0.23809523809523808,0.10790077545642739,-114759.58141361887,-120401.30409955585,5641.722685936984
29924,3,Inactive Low-Value Customers,-38181.760075,0.23809523809523808,0.10790077545642739,-122260.37277469128,-120891.08144201404,-1369.2913326772396
29710,3,Inactive Low-Value Customers,-41157.6618,0.23809523809523808,0.10790077545642739,-131789.39536360992,-123513.0125503709,-8276.382813239019
29564,7,Lost Customers,-14270.945896999998,0.0,0.15000000000000002,-109410.58521033329,-123556.42763263271,14145.842422299422
29772,3,Inactive Low-Value Customers,-39152.9416,0.23809523809523808,0.10790077545642739,-125370.15647887776,-124974.85303712505,-395.30344175270875
29616,3,Inactive Low-Value Customers,-38397.87039999999,0.23809523809523808,0.10790077545642739,-122952.37148934086,-127588.68822889052,4636.316739549657
29693,7,Lost Customers,-16583.028626,0.0,0.15000000000000002,-127136.5527993333,-127963.04259683423,826.4897975009371
29827,3,Inactive Low-Value Customers,-45032.758385999994,0.23809523809523808,0.10790077545642739,-144197.69587704015,-128635.27574191005,-15562.420135130102
30074,3,Inactive Low-Value Customers,-41675.63499999999,0.23809523809523808,0.10790077545642739,-133447.97779655445,-130017.50396373936,-3430.473832815085
30103,3,Inactive Low-Value Customers,-42692.998965999985,0.23809523809523808,0.10790077545642739,-136705.64055192177,-130802.22064381979,-5903.419908101976
29701,3,Inactive Low-Value Customers,-45656.951527,0.23809523809523808,0.10790077545642739,-146196.4011738144,-142511.84141422165,-3684.559759592754
29639,3,Inactive Low-Value Customers,-42798.39622399999,0.23809523809523808,0.10790077545642739,-137043.12913356913,-144280.87583825333,7237.746704684192
29727,7,Lost Customers,-19698.953756,0.0,0.15000000000000002,-151025.3121293333,-146989.5155446791,-4035.796584654192
29995,7,Lost Customers,-18434.160607,0.0,0.15000000000000002,-141328.56465366663,-154746.26908380064,13417.704430134007
29994,3,Inactive Low-Value Customers,-48443.42898699999,0.23809523809523808,0.10790077545642739,-155118.87547355043,-160443.109509627,5324.234036076552
29706,7,Lost Customers,-21645.697527999997,0.0,0.15000000000000002,-165950.34771466663,-160595.22199188915,-5355.125722777477
29589,7,Lost Customers,-22428.498408,0.0,0.15000000000000002,-171951.82112799995,-160892.15405599223,-11059.667072007724
30117,3,Inactive Low-Value Customers,-48653.34032399999,0.23809523809523808,0.10790077545642739,-155791.02464270455,-161827.7951257732,6036.770483068656
29716,3,Inactive Low-Value Customers,-49439.40147599998,0.23809523809523808,0.10790077545642739,-158308.04138783223,-162203.93928626296,3895.8978984307323
29715,3,Inactive Low-Value Customers,-48612.24039999999,0.23809523809523808,0.10790077545642739,-155659.420127371,-166223.08904062014,10563.66891324913
29722,3,Inactive Low-Value Customers,-54249.847503,0.23809523809523808,0.10790077545642739,-173711.38904174612,-169875.95136301042,-3835.4376787357032
29562,3,Inactive Low-Value Customers,-55256.663983,0.23809523809523808,0.10790077545642739,-176935.2780903052,-170237.2190654515,-6698.05902485369
29646,3,Inactive Low-Value Customers,-55770.42045699998,0.23809523809523808,0.10790077545642739,-178580.35830408445,-170474.81003164622,-8105.548272438231
29614,3,Inactive Low-Value Customers,-55895.311874,0.23809523809523808,0.10790077545642739,-178980.26839646333,-171058.0586294089,-7922.209767054446
29923,7,Lost Customers,-24803.417307000003,0.0,0.15000000000000002,-190159.53268699997,-185550.22417123427,-4609.308515765704
29987,7,Lost Customers,-31600.408601000003,0.0,0.15000000000000002,-242269.79927433332,-238978.15003781643,-3291.6492365168815
29615,7,Lost Customers,-33924.488933,0.0,0.15000000000000002,-260087.74848633326,-244659.76592586943,-15427.982560463832
29641,7,Lost Customers,-42393.443408,0.0,0.15000000000000002,-325016.39946133323,-260155.57488422826,-64860.82457710497
29940,7,Lost Customers,-36051.103864,0.0,0.15000000000000002,-276391.79629066656,-266394.03237420734,-9997.763916459226
